signal_date,execution_date,next_execution_date,currency,pair,currency_direction,trade_direction,weight,vol_63d,entry_ts,exit_ts,entry_px,exit_px,gross_pips,spread_rt_pips,carry_pips,net_pips,gated_flat,variant
2005-05-31 21:00:00+00:00,2005-06-01 21:00:00+00:00,2005-07-02 21:00:00+00:00,EUR,EUR_USD,-1,-1,0.16877426920331084,0.004356844087769406,2005-06-01 21:00:00+00:00,2005-07-02 21:00:00+00:00,1.218,1.1957,222.99999999999986,1.8999999999991246,10.558266273972604,231.65826627397334,False,momentum
2005-05-31 21:00:00+00:00,2005-06-01 21:00:00+00:00,2005-07-02 21:00:00+00:00,GBP,GBP_USD,-1,-1,0.19579991077874526,0.0037554826967054413,2005-06-01 21:00:00+00:00,2005-07-02 21:00:00+00:00,1.8096,1.7673,423.0,2.900000000001235,-29.408671144109586,390.6913288558892,False,momentum
2005-05-31 21:00:00+00:00,2005-06-01 21:00:00+00:00,2005-07-02 21:00:00+00:00,AUD,AUD_USD,1,1,0.17229579491269292,0.004267795260578796,2005-06-01 21:00:00+00:00,2005-07-02 21:00:00+00:00,0.7497,0.7519,21.999999999999797,1.80000000000069,7.422244479452052,27.62224447945116,False,momentum
2005-05-31 21:00:00+00:00,2005-06-01 21:00:00+00:00,2005-07-02 21:00:00+00:00,NZD,NZD_USD,1,1,0.13593290490894813,0.00540945680104893,2005-06-01 21:00:00+00:00,2005-07-02 21:00:00+00:00,0.6974,0.6832,-141.9999999999999,2.20000000000109,11.643769561643833,-132.55623043835715,False,momentum
2005-05-31 21:00:00+00:00,2005-06-01 21:00:00+00:00,2005-07-02 21:00:00+00:00,CAD,CAD_JPY,1,1,0.14366316837522164,0.005118383405171177,2005-06-01 21:00:00+00:00,2005-07-02 21:00:00+00:00,87.12,89.99,286.99999999999903,3.700000000000614,10.024549496491934,293.32454949649036,False,momentum
2005-05-31 21:00:00+00:00,2005-06-01 21:00:00+00:00,2005-07-02 21:00:00+00:00,CHF,CHF_JPY,-1,-1,0.18353395182108126,0.004006469482348854,2005-06-01 21:00:00+00:00,2005-07-02 21:00:00+00:00,86.485,86.225,26.00000000000051,5.299999999999727,-25.25318662891514,-4.553186628914357,False,momentum
2005-06-30 21:00:00+00:00,2005-07-02 21:00:00+00:00,2005-08-01 21:00:00+00:00,GBP,GBP_USD,-1,-1,0.19342823450868066,0.004075741931448738,2005-07-02 21:00:00+00:00,2005-08-01 21:00:00+00:00,1.7673,1.76805,-7.499999999998064,2.900000000001235,-26.05319103671232,-36.453191036711615,False,momentum
2005-06-30 21:00:00+00:00,2005-07-02 21:00:00+00:00,2005-08-01 21:00:00+00:00,JPY,USD_JPY,-1,1,0.17551559612960588,0.004491700928565794,2005-07-02 21:00:00+00:00,2005-08-01 21:00:00+00:00,111.74,112.226,48.60000000000042,2.600000000001046,27.52032552602739,73.52032552602677,False,momentum
2005-06-30 21:00:00+00:00,2005-07-02 21:00:00+00:00,2005-08-01 21:00:00+00:00,AUD,AUD_USD,1,1,0.15174933031337362,0.005195169985166329,2005-07-02 21:00:00+00:00,2005-08-01 21:00:00+00:00,0.7519,0.7618,99.0000000000002,1.80000000000069,6.182979410958904,103.38297941095841,False,momentum
2005-06-30 21:00:00+00:00,2005-07-02 21:00:00+00:00,2005-08-01 21:00:00+00:00,NZD,NZD_USD,1,1,0.12531137018463342,0.006291237299149765,2005-07-02 21:00:00+00:00,2005-08-01 21:00:00+00:00,0.6832,0.6839,6.999999999999229,2.20000000000109,10.771776082191781,15.57177608218992,False,momentum
2005-06-30 21:00:00+00:00,2005-07-02 21:00:00+00:00,2005-08-01 21:00:00+00:00,CAD,CAD_JPY,1,1,0.148695404336719,0.005301869076786594,2005-07-02 21:00:00+00:00,2005-08-01 21:00:00+00:00,89.99,92.59,260.00000000000085,3.700000000000614,9.69234008323038,265.9923400832306,False,momentum
2005-06-30 21:00:00+00:00,2005-07-02 21:00:00+00:00,2005-08-01 21:00:00+00:00,CHF,CHF_JPY,-1,-1,0.20530006452698749,0.0038400551306670247,2005-07-02 21:00:00+00:00,2005-08-01 21:00:00+00:00,86.225,87.735,-151.0000000000005,5.299999999999727,-24.325098767661814,-180.62509876766205,False,momentum
2005-07-31 21:00:00+00:00,2005-08-01 21:00:00+00:00,2005-09-01 21:00:00+00:00,EUR,EUR_USD,-1,-1,0.15911721583093433,0.005640760608546182,2005-08-01 21:00:00+00:00,2005-09-01 21:00:00+00:00,1.21796,1.25036,-323.99999999999983,1.8999999999991246,16.271708849315072,-309.6282911506839,False,momentum
2005-07-31 21:00:00+00:00,2005-08-01 21:00:00+00:00,2005-09-01 21:00:00+00:00,GBP,GBP_USD,-1,-1,0.18994851049466727,0.004725186424801543,2005-08-01 21:00:00+00:00,2005-09-01 21:00:00+00:00,1.76805,1.8344,-663.5000000000013,2.900000000001235,-24.285618596164376,-690.6856185961668,False,momentum
2005-07-31 21:00:00+00:00,2005-08-01 21:00:00+00:00,2005-09-01 21:00:00+00:00,AUD,AUD_USD,1,1,0.15582179115808975,0.005760055230593965,2005-08-01 21:00:00+00:00,2005-09-01 21:00:00+00:00,0.7618,0.7626,7.999999999999119,1.80000000000069,5.332652917808218,11.532652917806647,False,momentum
2005-07-31 21:00:00+00:00,2005-08-01 21:00:00+00:00,2005-09-01 21:00:00+00:00,NZD,NZD_USD,1,1,0.14139490281048528,0.006347768592504858,2005-08-01 21:00:00+00:00,2005-09-01 21:00:00+00:00,0.6839,0.70585,219.50000000000023,2.20000000000109,11.057752438356165,228.3577524383553,False,momentum
2005-07-31 21:00:00+00:00,2005-08-01 21:00:00+00:00,2005-09-01 21:00:00+00:00,CAD,CAD_JPY,1,1,0.170511525629849,0.0052638208466275985,2005-08-01 21:00:00+00:00,2005-09-01 21:00:00+00:00,92.59,92.79,20.000000000000284,3.700000000000614,11.068795777078813,27.368795777078482,False,momentum
2005-07-31 21:00:00+00:00,2005-08-01 21:00:00+00:00,2005-09-01 21:00:00+00:00,CHF,CHF_JPY,-1,-1,0.18320605407597448,0.004899085500899822,2005-08-01 21:00:00+00:00,2005-09-01 21:00:00+00:00,87.735,88.95,-121.50000000000034,5.299999999999727,-27.848550429777706,-154.64855042977777,False,momentum
2005-08-31 21:00:00+00:00,2005-09-01 21:00:00+00:00,2005-10-01 21:00:00+00:00,GBP,GBP_USD,-1,-1,0.17912056392148643,0.005042453516967138,2005-09-01 21:00:00+00:00,2005-10-01 21:00:00+00:00,1.8344,1.7645,699.0000000000007,2.900000000001235,-19.651045712876705,676.4489542871228,False,momentum
2005-08-31 21:00:00+00:00,2005-09-01 21:00:00+00:00,2005-10-01 21:00:00+00:00,JPY,USD_JPY,-1,1,0.1724438202374378,0.005237689099344999,2005-09-01 21:00:00+00:00,2005-10-01 21:00:00+00:00,109.82,113.48,366.0000000000011,2.600000000001046,32.7053015260274,396.10530152602746,False,momentum
2005-08-31 21:00:00+00:00,2005-09-01 21:00:00+00:00,2005-10-01 21:00:00+00:00,AUD,AUD_USD,1,1,0.15549695862409854,0.005808519507384496,2005-09-01 21:00:00+00:00,2005-10-01 21:00:00+00:00,0.7626,0.7615,-10.999999999999899,1.80000000000069,3.9561154109589047,-8.843884589041684,False,momentum
2005-08-31 21:00:00+00:00,2005-09-01 21:00:00+00:00,2005-10-01 21:00:00+00:00,NZD,NZD_USD,1,1,0.1480247908379651,0.006101728719858346,2005-09-01 21:00:00+00:00,2005-10-01 21:00:00+00:00,0.70585,0.6913,-145.49999999999952,2.20000000000109,9.301263780821916,-138.3987362191787,False,momentum
2005-08-31 21:00:00+00:00,2005-09-01 21:00:00+00:00,2005-10-01 21:00:00+00:00,CAD,CAD_JPY,1,1,0.16901680199290717,0.0053438895237465185,2005-09-01 21:00:00+00:00,2005-10-01 21:00:00+00:00,92.79,97.57,477.9999999999987,3.700000000000614,11.622584909432495,485.92258490943055,False,momentum
2005-08-31 21:00:00+00:00,2005-09-01 21:00:00+00:00,2005-10-01 21:00:00+00:00,CHF,CHF_JPY,-1,-1,0.17589706438610492,0.005134861804881751,2005-09-01 21:00:00+00:00,2005-10-01 21:00:00+00:00,88.95,87.755,119.50000000000074,5.299999999999727,-24.458055506614066,89.74194449338694,False,momentum
2005-09-29 21:00:00+00:00,2005-10-01 21:00:00+00:00,2005-11-01 22:00:00+00:00,EUR,EUR_USD,-1,-1,0.17347094335549984,0.00441832734982975,2005-10-01 21:00:00+00:00,2005-11-01 22:00:00+00:00,1.2029,1.20184,10.600000000000609,1.8999999999991246,16.999216356164382,25.699216356165866,False,momentum
2005-09-29 21:00:00+00:00,2005-10-01 21:00:00+00:00,2005-11-01 22:00:00+00:00,GBP,GBP_USD,-1,-1,0.17111045041189687,0.00447927880257092,2005-10-01 21:00:00+00:00,2005-11-01 22:00:00+00:00,1.7645,1.76545,-9.500000000000064,2.900000000001235,-17.86412645260274,-30.26412645260404,False,momentum
2005-09-29 21:00:00+00:00,2005-10-01 21:00:00+00:00,2005-11-01 22:00:00+00:00,AUD,AUD_USD,1,1,0.15570143373325704,0.004922571328029218,2005-10-01 21:00:00+00:00,2005-11-01 22:00:00+00:00,0.7615,0.7444,-171.00000000000003,1.80000000000069,3.506166863013699,-169.29383313698702,False,momentum
2005-09-29 21:00:00+00:00,2005-10-01 21:00:00+00:00,2005-11-01 22:00:00+00:00,NZD,NZD_USD,1,1,0.1521711691213521,0.00503677153730185,2005-10-01 21:00:00+00:00,2005-11-01 22:00:00+00:00,0.6913,0.69745,61.499999999999886,2.20000000000109,10.915545616438356,70.21554561643715,False,momentum
2005-09-29 21:00:00+00:00,2005-10-01 21:00:00+00:00,2005-11-01 22:00:00+00:00,CAD,CAD_JPY,1,1,0.1544362487471598,0.004962898410483879,2005-10-01 21:00:00+00:00,2005-11-01 22:00:00+00:00,97.57,99.325,175.50000000000097,3.700000000000614,13.53257402918395,185.33257402918431,False,momentum
2005-09-29 21:00:00+00:00,2005-10-01 21:00:00+00:00,2005-11-01 22:00:00+00:00,CHF,CHF_JPY,-1,-1,0.19310975463083432,0.0039689937719282415,2005-10-01 21:00:00+00:00,2005-11-01 22:00:00+00:00,87.755,90.645,-289.00000000000006,5.299999999999727,-26.16213484705373,-320.4621348470535,False,momentum
2005-10-31 22:00:00+00:00,2005-11-01 22:00:00+00:00,2005-12-01 22:00:00+00:00,EUR,EUR_USD,-1,-1,0.14923530922418193,0.004967005751780471,2005-11-01 22:00:00+00:00,2005-12-01 22:00:00+00:00,1.20184,1.1737,281.40000000000055,1.8999999999991246,20.774729452054792,300.2747294520562,False,momentum
2005-10-31 22:00:00+00:00,2005-11-01 22:00:00+00:00,2005-12-01 22:00:00+00:00,JPY,USD_JPY,-1,1,0.1786511368857894,0.0041491627324998625,2005-11-01 22:00:00+00:00,2005-12-01 22:00:00+00:00,116.745,120.64,389.4999999999996,2.600000000001046,41.2853714,428.18537139999853,False,momentum
2005-10-31 22:00:00+00:00,2005-11-01 22:00:00+00:00,2005-12-01 22:00:00+00:00,AUD,AUD_USD,1,1,0.1636702349495173,0.004528939788678632,2005-11-01 22:00:00+00:00,2005-12-01 22:00:00+00:00,0.7444,0.742,-23.999999999999577,1.80000000000069,2.1334424794520546,-23.666557520548213,False,momentum
2005-10-31 22:00:00+00:00,2005-11-01 22:00:00+00:00,2005-12-01 22:00:00+00:00,NZD,NZD_USD,1,1,0.14560404515219236,0.005090879436147918,2005-11-01 22:00:00+00:00,2005-12-01 22:00:00+00:00,0.69745,0.70465,71.99999999999984,2.20000000000109,9.65756219178082,79.45756219177957,False,momentum
2005-10-31 22:00:00+00:00,2005-11-01 22:00:00+00:00,2005-12-01 22:00:00+00:00,CAD,CAD_JPY,1,1,0.13921674999990447,0.005324450105937378,2005-11-01 22:00:00+00:00,2005-12-01 22:00:00+00:00,99.325,103.445,411.99999999999903,3.700000000000614,15.689143345661488,423.9891433456599,False,momentum
2005-10-31 22:00:00+00:00,2005-11-01 22:00:00+00:00,2005-12-01 22:00:00+00:00,CHF,CHF_JPY,-1,-1,0.22362252378841446,0.003314749456931279,2005-11-01 22:00:00+00:00,2005-12-01 22:00:00+00:00,90.645,91.545,-90.00000000000057,5.299999999999727,-30.390175977576565,-125.69017597757686,False,momentum
2005-11-30 22:00:00+00:00,2005-12-01 22:00:00+00:00,2006-01-01 22:00:00+00:00,EUR,EUR_USD,-1,-1,0.14065593445129776,0.004955029758417732,2005-12-01 22:00:00+00:00,2006-01-01 22:00:00+00:00,1.1737,1.1845,-108.00000000000142,1.8999999999991246,18.128107315068497,-91.77189268493206,False,momentum
2005-11-30 22:00:00+00:00,2005-12-01 22:00:00+00:00,2006-01-01 22:00:00+00:00,JPY,USD_JPY,-1,1,0.1932641293874513,0.0036062271002550964,2005-12-01 22:00:00+00:00,2006-01-01 22:00:00+00:00,120.64,117.8,-284.00000000000034,2.600000000001046,39.42179869041097,-247.1782013095904,False,momentum
2005-11-30 22:00:00+00:00,2005-12-01 22:00:00+00:00,2006-01-01 22:00:00+00:00,AUD,AUD_USD,1,1,0.1611482325520301,0.0043249269934078115,2005-12-01 22:00:00+00:00,2006-01-01 22:00:00+00:00,0.742,0.7315,-104.99999999999953,1.80000000000069,1.071487643835616,-105.72851235616461,False,momentum
2005-11-30 22:00:00+00:00,2005-12-01 22:00:00+00:00,2006-01-01 22:00:00+00:00,NZD,NZD_USD,1,1,0.14505375264621698,0.004804800483887453,2005-12-01 22:00:00+00:00,2006-01-01 22:00:00+00:00,0.70465,0.68305,-215.99999999999952,2.20000000000109,9.373148547945204,-208.82685145205542,False,momentum
2005-11-30 22:00:00+00:00,2005-12-01 22:00:00+00:00,2006-01-01 22:00:00+00:00,CAD,CAD_JPY,1,1,0.1461537996873896,0.004768636480166508,2005-12-01 22:00:00+00:00,2006-01-01 22:00:00+00:00,103.445,101.33,-211.4999999999995,3.700000000000614,16.075570722616433,-199.12442927738368,False,momentum
2005-11-30 22:00:00+00:00,2005-12-01 22:00:00+00:00,2006-01-01 22:00:00+00:00,CHF,CHF_JPY,-1,-1,0.21372415127561428,0.003260999455346795,2005-12-01 22:00:00+00:00,2006-01-01 22:00:00+00:00,91.545,89.745,179.99999999999972,5.299999999999727,-28.587420310361914,146.11257968963807,False,momentum
2005-12-29 22:00:00+00:00,2006-01-01 22:00:00+00:00,2006-02-01 22:00:00+00:00,EUR,EUR_USD,-1,-1,0.17529073026923936,0.004709067759375901,2006-01-01 22:00:00+00:00,2006-02-01 22:00:00+00:00,1.1845,1.2065,-219.99999999999795,1.8999999999991246,21.944385917808216,-199.95561408218887,False,momentum
2005-12-29 22:00:00+00:00,2006-01-01 22:00:00+00:00,2006-02-01 22:00:00+00:00,JPY,USD_JPY,-1,1,0.1687135416211231,0.004892647729973233,2006-01-01 22:00:00+00:00,2006-02-01 22:00:00+00:00,117.8,118.02,21.999999999999886,2.600000000001046,46.97463958630137,66.37463958630022,False,momentum
2005-12-29 22:00:00+00:00,2006-01-01 22:00:00+00:00,2006-02-01 22:00:00+00:00,AUD,AUD_USD,1,1,0.176213414005161,0.004684410270855748,2006-01-01 22:00:00+00:00,2006-02-01 22:00:00+00:00,0.7315,0.753,214.99999999999963,1.80000000000069,0.31076954794520606,213.51076954794414,False,momentum
2005-12-29 22:00:00+00:00,2006-01-01 22:00:00+00:00,2006-02-01 22:00:00+00:00,NZD,NZD_USD,1,1,0.1286119554047612,0.006418189691856392,2006-01-01 22:00:00+00:00,2006-02-01 22:00:00+00:00,0.68305,0.68415,10.999999999999899,2.20000000000109,10.107623342465748,18.907623342464557,False,momentum
2005-12-29 22:00:00+00:00,2006-01-01 22:00:00+00:00,2006-02-01 22:00:00+00:00,CAD,CAD_JPY,1,1,0.15804718819438449,0.0052228447456660375,2006-01-01 22:00:00+00:00,2006-02-01 22:00:00+00:00,101.33,103.405,207.50000000000028,3.700000000000614,19.54342190279646,223.34342190279614,False,momentum
2005-12-29 22:00:00+00:00,2006-01-01 22:00:00+00:00,2006-02-01 22:00:00+00:00,CHF,CHF_JPY,-1,-1,0.19312317050533082,0.0042742459346976555,2006-01-01 22:00:00+00:00,2006-02-01 22:00:00+00:00,89.745,91.565,-181.99999999999932,5.299999999999727,-32.49382437503708,-219.79382437503614,False,momentum
2006-01-31 22:00:00+00:00,2006-02-01 22:00:00+00:00,2006-03-01 22:00:00+00:00,EUR,EUR_USD,-1,-1,0.17366211319759603,0.005216891810601214,2006-02-01 22:00:00+00:00,2006-03-01 22:00:00+00:00,1.2065,1.19222,142.79999999999848,1.8999999999991246,20.3169014520548,161.21690145205415,False,momentum
2006-01-31 22:00:00+00:00,2006-02-01 22:00:00+00:00,2006-03-01 22:00:00+00:00,JPY,USD_JPY,-1,1,0.16347623524024416,0.0055419459276195085,2006-02-01 22:00:00+00:00,2006-03-01 22:00:00+00:00,118.02,116.07,-195.00000000000028,2.600000000001046,42.25888615753426,-155.34111384246705,False,momentum
2006-01-31 22:00:00+00:00,2006-02-01 22:00:00+00:00,2006-03-01 22:00:00+00:00,AUD,AUD_USD,1,1,0.1784621663029074,0.005076574351420277,2006-02-01 22:00:00+00:00,2006-03-01 22:00:00+00:00,0.753,0.7448,-81.99999999999984,1.80000000000069,-0.7683443424657538,-84.56834434246629,False,momentum
2006-01-31 22:00:00+00:00,2006-02-01 22:00:00+00:00,2006-03-01 22:00:00+00:00,NZD,NZD_USD,1,1,0.13751766937889057,0.006588073083583761,2006-02-01 22:00:00+00:00,2006-03-01 22:00:00+00:00,0.68415,0.66465,-195.0000000000007,2.20000000000109,7.063459726027398,-190.13654027397442,False,momentum
2006-01-31 22:00:00+00:00,2006-02-01 22:00:00+00:00,2006-03-01 22:00:00+00:00,CAD,CAD_JPY,1,1,0.14409857884730343,0.006287199106330352,2006-02-01 22:00:00+00:00,2006-03-01 22:00:00+00:00,103.405,102.275,-112.99999999999955,3.700000000000614,18.127426638198326,-98.57257336180183,False,momentum
2006-01-31 22:00:00+00:00,2006-02-01 22:00:00+00:00,2006-03-01 22:00:00+00:00,CHF,CHF_JPY,-1,-1,0.20278323703305837,0.004467708817590996,2006-02-01 22:00:00+00:00,2006-03-01 22:00:00+00:00,91.565,88.415,314.99999999999915,5.299999999999727,-28.77622684145186,280.92377315854753,False,momentum
2006-02-28 22:00:00+00:00,2006-03-01 22:00:00+00:00,2006-04-01 22:00:00+00:00,EUR,EUR_USD,-1,-1,0.18779881057542977,0.004300153453008262,2006-03-01 22:00:00+00:00,2006-04-01 22:00:00+00:00,1.19222,1.2117,-194.79999999999941,1.8999999999991246,20.611667424657536,-176.088332575341,False,momentum
2006-02-28 22:00:00+00:00,2006-03-01 22:00:00+00:00,2006-04-01 22:00:00+00:00,JPY,USD_JPY,-1,1,0.17115246234876325,0.004718387878762612,2006-03-01 22:00:00+00:00,2006-04-01 22:00:00+00:00,116.07,117.705,163.5000000000005,2.600000000001046,46.51385147945206,207.41385147945152,False,momentum
2006-02-28 22:00:00+00:00,2006-03-01 22:00:00+00:00,2006-04-01 22:00:00+00:00,AUD,AUD_USD,1,1,0.17785834538135464,0.004540488117300555,2006-03-01 22:00:00+00:00,2006-04-01 22:00:00+00:00,0.7448,0.7167,-281.0000000000001,1.80000000000069,-1.359378452054794,-284.1593784520556,False,momentum
2006-02-28 22:00:00+00:00,2006-03-01 22:00:00+00:00,2006-04-01 22:00:00+00:00,NZD,NZD_USD,1,1,0.1564517802590049,0.005161741863402656,2006-03-01 22:00:00+00:00,2006-04-01 22:00:00+00:00,0.66465,0.6153,-493.5,2.20000000000109,6.732164712328769,-488.9678352876723,False,momentum
2006-02-28 22:00:00+00:00,2006-03-01 22:00:00+00:00,2006-04-01 22:00:00+00:00,CAD,CAD_JPY,1,1,0.1336722780923603,0.006041370097761004,2006-03-01 22:00:00+00:00,2006-04-01 22:00:00+00:00,102.275,100.82,-145.50000000000125,3.700000000000614,20.905362447051846,-128.29463755295,False,momentum
2006-02-28 22:00:00+00:00,2006-03-01 22:00:00+00:00,2006-04-01 22:00:00+00:00,CHF,CHF_JPY,-1,-1,0.17306632334308725,0.004666209393989736,2006-03-01 22:00:00+00:00,2006-04-01 22:00:00+00:00,88.415,90.285,-186.99999999999903,5.299999999999727,-32.53720139756642,-224.8372013975652,False,momentum
2006-03-30 22:00:00+00:00,2006-04-01 22:00:00+00:00,2006-05-01 21:00:00+00:00,EUR,EUR_USD,-1,-1,0.19166595099581543,0.0044880234668942965,2006-04-01 22:00:00+00:00,2006-05-01 21:00:00+00:00,1.2117,1.2587,-469.99999999999926,1.8999999999991246,21.229421643835614,-450.67057835616276,False,momentum
2006-03-30 22:00:00+00:00,2006-04-01 22:00:00+00:00,2006-05-01 21:00:00+00:00,JPY,USD_JPY,-1,1,0.17505451579375755,0.004913905145339339,2006-04-01 22:00:00+00:00,2006-05-01 21:00:00+00:00,117.705,113.348,-435.69999999999993,2.600000000001046,47.23166879041097,-391.06833120959,False,momentum
2006-03-30 22:00:00+00:00,2006-04-01 22:00:00+00:00,2006-05-01 21:00:00+00:00,AUD,AUD_USD,1,1,0.18302447530482274,0.004699924884041809,2006-04-01 22:00:00+00:00,2006-05-01 21:00:00+00:00,0.7167,0.75965,429.5000000000004,1.80000000000069,-2.2481677540202494,425.45183224597946,False,momentum
2006-03-30 22:00:00+00:00,2006-04-01 22:00:00+00:00,2006-05-01 21:00:00+00:00,NZD,NZD_USD,1,1,0.1265355109877653,0.006798101806828003,2006-04-01 22:00:00+00:00,2006-05-01 21:00:00+00:00,0.6153,0.63685,215.50000000000068,2.20000000000109,5.853920383561645,219.15392038356123,False,momentum
2006-03-30 22:00:00+00:00,2006-04-01 22:00:00+00:00,2006-05-01 21:00:00+00:00,CAD,CAD_JPY,1,1,0.14951757292034693,0.005753178499841556,2006-04-01 22:00:00+00:00,2006-05-01 21:00:00+00:00,100.82,101.81,99.00000000000091,3.700000000000614,21.498690521571742,116.79869052157204,False,momentum
2006-03-30 22:00:00+00:00,2006-04-01 22:00:00+00:00,2006-05-01 21:00:00+00:00,CHF,CHF_JPY,-1,-1,0.17420197399749213,0.004937953721960784,2006-04-01 22:00:00+00:00,2006-05-01 21:00:00+00:00,90.285,91.4,-111.50000000000091,5.299999999999727,-32.5090408957409,-149.30904089574153,False,momentum
2006-04-30 21:00:00+00:00,2006-05-01 21:00:00+00:00,2006-06-01 21:00:00+00:00,EUR,EUR_USD,1,1,0.18876618646299276,0.004618410413798985,2006-05-01 21:00:00+00:00,2006-06-01 21:00:00+00:00,1.2587,1.2804,217.0000000000005,1.8999999999991246,-46.933641616438365,168.16635838356302,False,momentum
2006-04-30 21:00:00+00:00,2006-05-01 21:00:00+00:00,2006-06-01 21:00:00+00:00,JPY,USD_JPY,-1,1,0.1919667691530889,0.0045414095636446715,2006-05-01 21:00:00+00:00,2006-06-01 21:00:00+00:00,113.348,112.718,-62.999999999999545,2.600000000001046,55.98930633561645,-9.610693664384144,False,momentum
2006-04-30 21:00:00+00:00,2006-05-01 21:00:00+00:00,2006-06-01 21:00:00+00:00,AUD,AUD_USD,-1,-1,0.1600756003048767,0.00544617493030415,2006-05-01 21:00:00+00:00,2006-06-01 21:00:00+00:00,0.75965,0.7465,131.49999999999994,1.80000000000069,-10.717611939845163,118.98238806015408,False,momentum
2006-04-30 21:00:00+00:00,2006-05-01 21:00:00+00:00,2006-06-01 21:00:00+00:00,NZD,NZD_USD,-1,-1,0.11399465243937312,0.007647724719345625,2006-05-01 21:00:00+00:00,2006-06-01 21:00:00+00:00,0.63685,0.62835,85.00000000000063,2.20000000000109,-17.071069479452056,65.72893052054746,False,momentum
2006-04-30 21:00:00+00:00,2006-05-01 21:00:00+00:00,2006-06-01 21:00:00+00:00,CAD,CAD_JPY,1,1,0.17228347610777375,0.00506026312580577,2006-05-01 21:00:00+00:00,2006-06-01 21:00:00+00:00,101.81,102.195,38.49999999999909,3.700000000000614,26.72220737207968,61.52220737207816,False,momentum
2006-04-30 21:00:00+00:00,2006-05-01 21:00:00+00:00,2006-06-01 21:00:00+00:00,CHF,CHF_JPY,1,1,0.1729133155318947,0.005041831039165976,2006-05-01 21:00:00+00:00,2006-06-01 21:00:00+00:00,91.4,92.255,85.49999999999898,5.299999999999727,-4.390752288173026,75.80924771182623,False,momentum
2006-05-31 21:00:00+00:00,2006-06-01 21:00:00+00:00,2006-07-01 21:00:00+00:00,EUR,EUR_USD,1,1,0.18317522480623225,0.004801055292950346,2006-06-01 21:00:00+00:00,2006-07-01 21:00:00+00:00,1.2804,1.2789,-15.000000000000568,1.8999999999991246,-40.530321232876716,-57.43032123287641,False,momentum
2006-05-31 21:00:00+00:00,2006-06-01 21:00:00+00:00,2006-07-01 21:00:00+00:00,GBP,GBP_USD,-1,-1,0.1738714889965173,0.005057956239225317,2006-06-01 21:00:00+00:00,2006-07-01 21:00:00+00:00,1.8657,1.84905,166.4999999999983,2.900000000001235,-5.395229628493148,158.2047703715039,False,momentum
2006-05-31 21:00:00+00:00,2006-06-01 21:00:00+00:00,2006-07-01 21:00:00+00:00,JPY,USD_JPY,-1,1,0.1782686113237497,0.004933198144435026,2006-06-01 21:00:00+00:00,2006-07-01 21:00:00+00:00,112.718,114.405,168.69999999999976,2.600000000001046,49.76733513561645,215.86733513561518,False,momentum
2006-05-31 21:00:00+00:00,2006-06-01 21:00:00+00:00,2006-07-01 21:00:00+00:00,NZD,NZD_USD,-1,-1,0.11170589830586974,0.007872765860449821,2006-06-01 21:00:00+00:00,2006-07-01 21:00:00+00:00,0.62835,0.6095,188.4999999999992,2.20000000000109,-14.6066721369863,171.6933278630118,False,momentum
2006-05-31 21:00:00+00:00,2006-06-01 21:00:00+00:00,2006-07-01 21:00:00+00:00,CAD,CAD_JPY,1,1,0.16612285952362424,0.005293879392127048,2006-06-01 21:00:00+00:00,2006-07-01 21:00:00+00:00,102.195,102.48,28.50000000000108,3.700000000000614,25.164289051681205,49.964289051681675,False,momentum
2006-05-31 21:00:00+00:00,2006-06-01 21:00:00+00:00,2006-07-01 21:00:00+00:00,CHF,CHF_JPY,1,1,0.18685591704400673,0.004706483993151867,2006-06-01 21:00:00+00:00,2006-07-01 21:00:00+00:00,92.255,93.495,124.00000000000091,5.299999999999727,-3.0098594266559955,115.69014057334519,False,momentum
2006-06-29 21:00:00+00:00,2006-07-01 21:00:00+00:00,2006-08-01 21:00:00+00:00,EUR,EUR_USD,1,1,0.1842183660402928,0.004866176704379014,2006-07-01 21:00:00+00:00,2006-08-01 21:00:00+00:00,1.2789,1.2825,36.000000000000476,1.8999999999991246,-43.27415342465754,-9.17415342465619,False,momentum
2006-06-29 21:00:00+00:00,2006-07-01 21:00:00+00:00,2006-08-01 21:00:00+00:00,JPY,USD_JPY,-1,1,0.16804854247937567,0.005334405809881139,2006-07-01 21:00:00+00:00,2006-08-01 21:00:00+00:00,114.405,114.565,15.999999999999659,2.600000000001046,53.25476419863014,66.65476419862875,False,momentum
2006-06-29 21:00:00+00:00,2006-07-01 21:00:00+00:00,2006-08-01 21:00:00+00:00,AUD,AUD_USD,-1,-1,0.14626524769494217,0.006128859284562902,2006-07-01 21:00:00+00:00,2006-08-01 21:00:00+00:00,0.7431,0.76595,-228.50000000000037,1.80000000000069,-8.110347444907683,-238.41034744490875,False,momentum
2006-06-29 21:00:00+00:00,2006-07-01 21:00:00+00:00,2006-08-01 21:00:00+00:00,NZD,NZD_USD,-1,-1,0.12112783700357921,0.0074007688366263,2006-07-01 21:00:00+00:00,2006-08-01 21:00:00+00:00,0.6095,0.62045,-109.49999999999903,2.20000000000109,-15.330207945205478,-127.0302079452056,False,momentum
2006-06-29 21:00:00+00:00,2006-07-01 21:00:00+00:00,2006-08-01 21:00:00+00:00,CAD,CAD_JPY,1,1,0.1675925423760184,0.005348920116819677,2006-07-01 21:00:00+00:00,2006-08-01 21:00:00+00:00,102.48,101.34,-114.00000000000006,3.700000000000614,24.955936838226638,-92.74406316177404,False,momentum
2006-06-29 21:00:00+00:00,2006-07-01 21:00:00+00:00,2006-08-01 21:00:00+00:00,CHF,CHF_JPY,1,1,0.21274746440579176,0.00421363010763871,2006-07-01 21:00:00+00:00,2006-08-01 21:00:00+00:00,93.495,93.455,-4.000000000000625,5.299999999999727,-4.172656042571503,-13.472656042571856,False,momentum
2006-07-31 21:00:00+00:00,2006-08-01 21:00:00+00:00,2006-09-02 21:00:00+00:00,EUR,EUR_USD,1,1,0.169812210039749,0.004661990964216445,2006-08-01 21:00:00+00:00,2006-09-02 21:00:00+00:00,1.2825,1.28425,17.499999999999183,1.8999999999991246,-45.47862660273973,-29.878626602739672,False,momentum
2006-07-31 21:00:00+00:00,2006-08-01 21:00:00+00:00,2006-09-02 21:00:00+00:00,JPY,USD_JPY,-1,1,0.15096882363321312,0.005243883934224213,2006-08-01 21:00:00+00:00,2006-09-02 21:00:00+00:00,114.565,117.1,253.49999999999966,2.600000000001046,57.11020226027396,308.0102022602726,False,momentum
2006-07-31 21:00:00+00:00,2006-08-01 21:00:00+00:00,2006-09-02 21:00:00+00:00,AUD,AUD_USD,-1,-1,0.14733566400687495,0.005373193205835042,2006-08-01 21:00:00+00:00,2006-09-02 21:00:00+00:00,0.76595,0.7669,-9.500000000000064,1.80000000000069,-10.429306661703404,-21.729306661704157,False,momentum
2006-07-31 21:00:00+00:00,2006-08-01 21:00:00+00:00,2006-09-02 21:00:00+00:00,NZD,NZD_USD,-1,-1,0.12026582995264806,0.006582609450503391,2006-08-01 21:00:00+00:00,2006-09-02 21:00:00+00:00,0.62045,0.6553,-348.50000000000045,2.20000000000109,-14.01596687671233,-364.7159668767139,False,momentum
2006-07-31 21:00:00+00:00,2006-08-01 21:00:00+00:00,2006-09-02 21:00:00+00:00,CAD,CAD_JPY,1,1,0.15763253274754782,0.00502220560071062,2006-08-01 21:00:00+00:00,2006-09-02 21:00:00+00:00,101.34,106.05,470.9999999999994,3.700000000000614,26.313162756650026,493.61316275664876,False,momentum
2006-07-31 21:00:00+00:00,2006-08-01 21:00:00+00:00,2006-09-02 21:00:00+00:00,CHF,CHF_JPY,1,1,0.253984939619967,0.003116968234429513,2006-08-01 21:00:00+00:00,2006-09-02 21:00:00+00:00,93.455,95.185,173.0000000000004,5.299999999999727,-4.5227243553590935,163.17727564464158,False,momentum
2006-08-31 21:00:00+00:00,2006-09-02 21:00:00+00:00,2006-10-01 21:00:00+00:00,EUR,EUR_USD,1,1,0.19187678727888619,0.004046828445724109,2006-09-02 21:00:00+00:00,2006-10-01 21:00:00+00:00,1.28425,1.26845,-157.99999999999812,1.8999999999991246,-38.20982315068493,-198.1098231506822,False,momentum
2006-08-31 21:00:00+00:00,2006-09-02 21:00:00+00:00,2006-10-01 21:00:00+00:00,GBP,GBP_USD,1,1,0.1829189807616973,0.004245007475992594,2006-09-02 21:00:00+00:00,2006-10-01 21:00:00+00:00,1.90558,1.8763,-292.7999999999997,2.900000000001235,-16.16072524712329,-311.86072524712426,False,momentum
2006-08-31 21:00:00+00:00,2006-09-02 21:00:00+00:00,2006-10-01 21:00:00+00:00,JPY,USD_JPY,-1,1,0.1703813620116663,0.004557378997716797,2006-09-02 21:00:00+00:00,2006-10-01 21:00:00+00:00,117.1,118.155,105.50000000000068,2.600000000001046,48.448451257534245,151.3484512575339,False,momentum
2006-08-31 21:00:00+00:00,2006-09-02 21:00:00+00:00,2006-10-01 21:00:00+00:00,AUD,AUD_USD,-1,-1,0.17571974952201908,0.004418925265637542,2006-09-02 21:00:00+00:00,2006-10-01 21:00:00+00:00,0.7669,0.7452,217.0000000000005,1.80000000000069,-8.852165712328766,206.34783428767105,False,momentum
2006-08-31 21:00:00+00:00,2006-09-02 21:00:00+00:00,2006-10-01 21:00:00+00:00,NZD,NZD_USD,-1,-1,0.12966926295882011,0.005988253677981852,2006-09-02 21:00:00+00:00,2006-10-01 21:00:00+00:00,0.6553,0.653,22.999999999999687,2.20000000000109,-13.372129397260274,7.427870602738324,False,momentum
2006-08-31 21:00:00+00:00,2006-09-02 21:00:00+00:00,2006-10-01 21:00:00+00:00,CAD,CAD_JPY,1,1,0.149433857466911,0.00519622831128674,2006-09-02 21:00:00+00:00,2006-10-01 21:00:00+00:00,106.05,105.71,-34.00000000000034,3.700000000000614,22.398213818630133,-15.301786181370822,False,momentum
2006-09-30 21:00:00+00:00,2006-10-01 21:00:00+00:00,2006-11-01 22:00:00+00:00,EUR,EUR_USD,1,1,0.2265519624392043,0.002977765688358385,2006-10-01 21:00:00+00:00,2006-11-01 22:00:00+00:00,1.26845,1.2757,72.49999999999979,1.8999999999991246,-43.07659750684931,27.52340249315135,False,momentum
2006-09-30 21:00:00+00:00,2006-10-01 21:00:00+00:00,2006-11-01 22:00:00+00:00,GBP,GBP_USD,1,1,0.19957176331538262,0.0033803312110622713,2006-10-01 21:00:00+00:00,2006-11-01 22:00:00+00:00,1.8763,1.90885,325.4999999999986,2.900000000001235,-18.330432532602746,304.2695674673946,False,momentum
2006-09-30 21:00:00+00:00,2006-10-01 21:00:00+00:00,2006-11-01 22:00:00+00:00,JPY,USD_JPY,-1,1,0.1738330280764794,0.0038808428285844253,2006-10-01 21:00:00+00:00,2006-11-01 22:00:00+00:00,118.155,117.04,-111.49999999999949,2.600000000001046,57.092445493150684,-57.00755450684985,False,momentum
2006-09-30 21:00:00+00:00,2006-10-01 21:00:00+00:00,2006-11-01 22:00:00+00:00,AUD,AUD_USD,-1,-1,0.1595947295102234,0.0042270735534440385,2006-10-01 21:00:00+00:00,2006-11-01 22:00:00+00:00,0.7452,0.7749,-297.00000000000057,1.80000000000069,-10.588956707970109,-309.3889567079714,False,momentum
2006-09-30 21:00:00+00:00,2006-10-01 21:00:00+00:00,2006-11-01 22:00:00+00:00,NZD,NZD_USD,-1,-1,0.10422401620438654,0.00647277551710128,2006-10-01 21:00:00+00:00,2006-11-01 22:00:00+00:00,0.653,0.67285,-198.49999999999923,2.20000000000109,-16.711645643835613,-217.41164564383595,False,momentum
2006-09-30 21:00:00+00:00,2006-10-01 21:00:00+00:00,2006-11-01 22:00:00+00:00,CAD,CAD_JPY,1,1,0.1362245004543237,0.004952256445292828,2006-10-01 21:00:00+00:00,2006-11-01 22:00:00+00:00,105.71,103.385,-232.49999999999886,3.700000000000614,26.424429851859124,-209.77557014814036,False,momentum
2006-10-31 22:00:00+00:00,2006-11-01 22:00:00+00:00,2006-12-02 22:00:00+00:00,EUR,EUR_USD,1,1,0.21893184268079088,0.002989361034069712,2006-11-01 22:00:00+00:00,2006-12-02 22:00:00+00:00,1.2757,1.33335,576.4999999999998,1.8999999999991246,-38.61120660273972,535.9887933972609,False,momentum
2006-10-31 22:00:00+00:00,2006-11-01 22:00:00+00:00,2006-12-02 22:00:00+00:00,GBP,GBP_USD,1,1,0.19903076478677859,0.0032882671195489073,2006-11-01 22:00:00+00:00,2006-12-02 22:00:00+00:00,1.90885,1.9805,716.4999999999999,2.900000000001235,-15.024586012054794,698.5754139879439,False,momentum
2006-10-31 22:00:00+00:00,2006-11-01 22:00:00+00:00,2006-12-02 22:00:00+00:00,JPY,USD_JPY,-1,1,0.1731258937048423,0.0037802913568944145,2006-11-01 22:00:00+00:00,2006-12-02 22:00:00+00:00,117.04,115.385,-165.5000000000001,2.600000000001046,51.9971411671233,-116.10285883287786,False,momentum
2006-10-31 22:00:00+00:00,2006-11-01 22:00:00+00:00,2006-12-02 22:00:00+00:00,AUD,AUD_USD,-1,-1,0.16396435757677422,0.003991515773911968,2006-11-01 22:00:00+00:00,2006-12-02 22:00:00+00:00,0.7749,0.7889,-140.0000000000001,1.80000000000069,-10.58566355603986,-152.38566355604067,False,momentum
2006-10-31 22:00:00+00:00,2006-11-01 22:00:00+00:00,2006-12-02 22:00:00+00:00,NZD,NZD_USD,-1,-1,0.10038341225504718,0.006519665997846478,2006-11-01 22:00:00+00:00,2006-12-02 22:00:00+00:00,0.67285,0.6878,-149.50000000000017,2.20000000000109,-14.048783835616437,-165.7487838356177,False,momentum
2006-10-31 22:00:00+00:00,2006-11-01 22:00:00+00:00,2006-12-02 22:00:00+00:00,CAD,CAD_JPY,1,1,0.14456372899576678,0.004527182054401772,2006-11-01 22:00:00+00:00,2006-12-02 22:00:00+00:00,103.385,100.79,-259.4999999999999,3.700000000000614,24.092686001396647,-239.10731399860384,False,momentum
2006-11-30 22:00:00+00:00,2006-12-02 22:00:00+00:00,2007-01-01 22:00:00+00:00,EUR,EUR_USD,1,1,0.17521507802545064,0.003442217913420714,2006-12-02 22:00:00+00:00,2007-01-01 22:00:00+00:00,1.33335,1.31985,-135.00000000000068,1.8999999999991246,-35.52557131506849,-172.42557131506828,False,momentum
2006-11-30 22:00:00+00:00,2006-12-02 22:00:00+00:00,2007-01-01 22:00:00+00:00,GBP,GBP_USD,1,1,0.16018812790001766,0.003765125968992287,2006-12-02 22:00:00+00:00,2007-01-01 22:00:00+00:00,1.9805,1.9591,-213.99999999999864,2.900000000001235,-13.3012506071233,-230.20125060712317,False,momentum
2006-11-30 22:00:00+00:00,2006-12-02 22:00:00+00:00,2007-01-01 22:00:00+00:00,JPY,USD_JPY,-1,1,0.16307786679513414,0.003698407957704597,2006-12-02 22:00:00+00:00,2007-01-01 22:00:00+00:00,115.385,119.04,365.5000000000001,2.600000000001046,49.956888624657545,412.8568886246566,False,momentum
2006-11-30 22:00:00+00:00,2006-12-02 22:00:00+00:00,2007-01-01 22:00:00+00:00,NZD,NZD_USD,-1,-1,0.10234506510114527,0.0058930880515299525,2006-12-02 22:00:00+00:00,2007-01-01 22:00:00+00:00,0.6878,0.7046,-168.00000000000037,2.20000000000109,-14.373827999999996,-184.57382800000147,False,momentum
2006-11-30 22:00:00+00:00,2006-12-02 22:00:00+00:00,2007-01-01 22:00:00+00:00,CAD,CAD_JPY,-1,-1,0.14870469264746267,0.004055880615082294,2006-12-02 22:00:00+00:00,2007-01-01 22:00:00+00:00,100.79,102.08,-128.9999999999992,3.700000000000614,-43.72511756263026,-176.42511756263008,False,momentum
2006-11-30 22:00:00+00:00,2006-12-02 22:00:00+00:00,2007-01-01 22:00:00+00:00,CHF,CHF_JPY,1,1,0.2504691695307896,0.002407994889792107,2006-12-02 22:00:00+00:00,2007-01-01 22:00:00+00:00,96.715,97.675,95.99999999999937,5.299999999999727,2.1277039335493484,92.827703933549,False,momentum
2006-12-31 22:00:00+00:00,2007-01-01 22:00:00+00:00,2007-02-01 22:00:00+00:00,EUR,EUR_USD,1,1,0.16817754739715884,0.0035770693233775,2007-01-01 22:00:00+00:00,2007-02-01 22:00:00+00:00,1.31985,1.30231,-175.39999999999887,1.8999999999991246,-39.9878264109589,-217.28782641095688,False,momentum
2006-12-31 22:00:00+00:00,2007-01-01 22:00:00+00:00,2007-02-01 22:00:00+00:00,GBP,GBP_USD,1,1,0.15542146430764447,0.003870654213400391,2007-01-01 22:00:00+00:00,2007-02-01 22:00:00+00:00,1.9591,1.9669,78.00000000000028,2.900000000001235,-13.905958035068496,61.19404196493056,False,momentum
2006-12-31 22:00:00+00:00,2007-01-01 22:00:00+00:00,2007-02-01 22:00:00+00:00,JPY,USD_JPY,-1,1,0.17256521857649534,0.0034861181797684834,2007-01-01 22:00:00+00:00,2007-02-01 22:00:00+00:00,119.04,120.803,176.2999999999991,2.600000000001046,57.1545941780822,230.85459417808025,False,momentum
2006-12-31 22:00:00+00:00,2007-01-01 22:00:00+00:00,2007-02-01 22:00:00+00:00,NZD,NZD_USD,-1,-1,0.12610668692638752,0.004770427011744472,2007-01-01 22:00:00+00:00,2007-02-01 22:00:00+00:00,0.7046,0.68215,224.4999999999997,2.20000000000109,-16.402228602739722,205.89777139725888,False,momentum
2006-12-31 22:00:00+00:00,2007-01-01 22:00:00+00:00,2007-02-01 22:00:00+00:00,CAD,CAD_JPY,-1,-1,0.15595782792108473,0.003857342421950412,2007-01-01 22:00:00+00:00,2007-02-01 22:00:00+00:00,102.08,102.485,-40.500000000000114,3.700000000000614,-49.50728087720178,-93.7072808772025,False,momentum
2006-12-31 22:00:00+00:00,2007-01-01 22:00:00+00:00,2007-02-01 22:00:00+00:00,CHF,CHF_JPY,1,1,0.22177125487122906,0.002712627233969299,2007-01-01 22:00:00+00:00,2007-02-01 22:00:00+00:00,97.675,97.155,-51.9999999999996,5.299999999999727,4.690839983431339,-52.60916001656799,False,momentum
2007-01-31 22:00:00+00:00,2007-02-01 22:00:00+00:00,2007-03-01 22:00:00+00:00,EUR,EUR_USD,1,1,0.16452337134773573,0.0038245909668836106,2007-02-01 22:00:00+00:00,2007-03-01 22:00:00+00:00,1.30231,1.31869,163.7999999999984,1.8999999999991246,-33.995296904109594,127.90470309588967,False,momentum
2007-01-31 22:00:00+00:00,2007-02-01 22:00:00+00:00,2007-03-01 22:00:00+00:00,GBP,GBP_USD,1,1,0.14243630928120762,0.004417655884747121,2007-02-01 22:00:00+00:00,2007-03-01 22:00:00+00:00,1.9669,1.9584,-85.00000000000173,2.900000000001235,-10.933155819178086,-98.83315581918104,False,momentum
2007-01-31 22:00:00+00:00,2007-02-01 22:00:00+00:00,2007-03-01 22:00:00+00:00,JPY,USD_JPY,-1,1,0.20549123203714367,0.003062099504975717,2007-02-01 22:00:00+00:00,2007-03-01 22:00:00+00:00,120.803,117.614,-318.8999999999993,2.600000000001046,47.436315531506864,-274.0636844684935,False,momentum
2007-01-31 22:00:00+00:00,2007-02-01 22:00:00+00:00,2007-03-01 22:00:00+00:00,NZD,NZD_USD,-1,-1,0.11681577948187645,0.005386554818952447,2007-02-01 22:00:00+00:00,2007-03-01 22:00:00+00:00,0.68215,0.69315,-110.0000000000001,2.20000000000109,-14.123794027397256,-126.32379402739843,False,momentum
2007-01-31 22:00:00+00:00,2007-02-01 22:00:00+00:00,2007-03-01 22:00:00+00:00,CAD,CAD_JPY,-1,-1,0.1795206818028904,0.003505081384375941,2007-02-01 22:00:00+00:00,2007-03-01 22:00:00+00:00,102.485,100.295,218.99999999999977,3.700000000000614,-41.12232892930387,174.17767107069528,False,momentum
2007-01-31 22:00:00+00:00,2007-02-01 22:00:00+00:00,2007-03-01 22:00:00+00:00,CHF,CHF_JPY,1,1,0.1912126260491461,0.0032907586329370317,2007-02-01 22:00:00+00:00,2007-03-01 22:00:00+00:00,97.155,96.285,-87.00000000000045,5.299999999999727,3.486530312444535,-88.81346968755565,False,momentum
2007-02-28 22:00:00+00:00,2007-03-01 22:00:00+00:00,2007-04-01 21:00:00+00:00,EUR,EUR_USD,1,1,0.23836131967001972,0.003040704920491769,2007-03-01 22:00:00+00:00,2007-04-01 21:00:00+00:00,1.31869,1.33735,186.6000000000012,1.8999999999991246,-33.60332087671233,151.09667912328973,False,momentum
2007-02-28 22:00:00+00:00,2007-03-01 22:00:00+00:00,2007-04-01 21:00:00+00:00,GBP,GBP_USD,1,1,0.1911496000381705,0.003791723537118616,2007-03-01 22:00:00+00:00,2007-04-01 21:00:00+00:00,1.9584,1.969,106.00000000000165,2.900000000001235,-11.342155664657534,91.75784433534288,False,momentum
2007-02-28 22:00:00+00:00,2007-03-01 22:00:00+00:00,2007-04-01 21:00:00+00:00,JPY,USD_JPY,-1,1,0.15526131420936423,0.004668171471215247,2007-03-01 22:00:00+00:00,2007-04-01 21:00:00+00:00,117.614,117.535,-7.900000000000773,2.600000000001046,47.07851667397261,36.57851667397079,False,momentum
2007-02-28 22:00:00+00:00,2007-03-01 22:00:00+00:00,2007-04-01 21:00:00+00:00,AUD,AUD_USD,-1,-1,0.1527573185903864,0.004744692066237631,2007-03-01 22:00:00+00:00,2007-04-01 21:00:00+00:00,0.7845,0.81,-255.00000000000077,1.80000000000069,-10.510874342465753,-267.3108743424672,False,momentum
2007-02-28 22:00:00+00:00,2007-03-01 22:00:00+00:00,2007-04-01 21:00:00+00:00,NZD,NZD_USD,1,1,0.1294842049283101,0.005597489191649468,2007-03-01 22:00:00+00:00,2007-04-01 21:00:00+00:00,0.69315,0.71575,225.99999999999952,2.20000000000109,5.478869424657532,229.27886942465597,False,momentum
2007-02-28 22:00:00+00:00,2007-03-01 22:00:00+00:00,2007-04-01 21:00:00+00:00,CAD,CAD_JPY,-1,-1,0.13298624256374914,0.0054500858404816,2007-03-01 22:00:00+00:00,2007-04-01 21:00:00+00:00,100.295,102.025,-173.0000000000004,3.700000000000614,-41.21868115270236,-217.91868115270336,False,momentum
2007-03-31 21:00:00+00:00,2007-04-01 21:00:00+00:00,2007-05-01 21:00:00+00:00,GBP,GBP_USD,1,1,0.24910653291095664,0.0033830118584862214,2007-04-01 21:00:00+00:00,2007-05-01 21:00:00+00:00,1.969,1.99885,298.4999999999993,2.900000000001235,-11.522444529315072,284.077555470683,False,momentum
2007-03-31 21:00:00+00:00,2007-04-01 21:00:00+00:00,2007-05-01 21:00:00+00:00,JPY,USD_JPY,-1,1,0.14099356713842798,0.00597708372068322,2007-04-01 21:00:00+00:00,2007-05-01 21:00:00+00:00,117.535,119.852,231.70000000000073,2.600000000001046,48.3427984931507,277.4427984931504,False,momentum
2007-03-31 21:00:00+00:00,2007-04-01 21:00:00+00:00,2007-05-01 21:00:00+00:00,AUD,AUD_USD,1,1,0.17649136306159058,0.004774909889330194,2007-04-01 21:00:00+00:00,2007-05-01 21:00:00+00:00,0.81,0.82738,173.7999999999995,1.80000000000069,-0.768344342465754,171.23165565753305,False,momentum
2007-03-31 21:00:00+00:00,2007-04-01 21:00:00+00:00,2007-05-01 21:00:00+00:00,NZD,NZD_USD,1,1,0.13324551873689738,0.006324643131362524,2007-04-01 21:00:00+00:00,2007-05-01 21:00:00+00:00,0.71575,0.7407,249.50000000000026,2.20000000000109,6.911876630136987,254.21187663013615,False,momentum
2007-03-31 21:00:00+00:00,2007-04-01 21:00:00+00:00,2007-05-01 21:00:00+00:00,CAD,CAD_JPY,-1,-1,0.11479621098072754,0.007341099045556788,2007-04-01 21:00:00+00:00,2007-05-01 21:00:00+00:00,102.025,107.902,-587.6999999999995,3.700000000000614,-42.80895983982067,-634.2089598398207,False,momentum
2007-03-31 21:00:00+00:00,2007-04-01 21:00:00+00:00,2007-05-01 21:00:00+00:00,CHF,CHF_JPY,-1,-1,0.18536680717139983,0.004546285107478395,2007-04-01 21:00:00+00:00,2007-05-01 21:00:00+00:00,96.84,98.709,-186.89999999999998,5.299999999999727,-42.538887044155715,-234.73888704415543,False,momentum
2007-04-30 21:00:00+00:00,2007-05-01 21:00:00+00:00,2007-06-02 21:00:00+00:00,GBP,GBP_USD,1,1,0.2517664273848437,0.0032367436623696234,2007-05-01 21:00:00+00:00,2007-06-02 21:00:00+00:00,1.99885,1.9824,-164.50000000000074,2.900000000001235,-10.575735255890415,-177.97573525589237,False,momentum
2007-04-30 21:00:00+00:00,2007-05-01 21:00:00+00:00,2007-06-02 21:00:00+00:00,JPY,USD_JPY,-1,1,0.14348456108313004,0.005679380290700459,2007-05-01 21:00:00+00:00,2007-06-02 21:00:00+00:00,119.852,122.086,223.39999999999947,2.600000000001046,53.19883038219179,273.9988303821902,False,momentum
2007-04-30 21:00:00+00:00,2007-05-01 21:00:00+00:00,2007-06-02 21:00:00+00:00,AUD,AUD_USD,1,1,0.17325549272703147,0.004703477941211574,2007-05-01 21:00:00+00:00,2007-06-02 21:00:00+00:00,0.82738,0.83305,56.69999999999953,1.80000000000069,-0.9132430273972603,53.98675697260158,False,momentum
2007-04-30 21:00:00+00:00,2007-05-01 21:00:00+00:00,2007-06-02 21:00:00+00:00,NZD,NZD_USD,1,1,0.13135740783988512,0.006203710941286549,2007-05-01 21:00:00+00:00,2007-06-02 21:00:00+00:00,0.7407,0.74505,43.499999999999645,2.20000000000109,6.685283342465752,47.98528334246431,False,momentum
2007-04-30 21:00:00+00:00,2007-05-01 21:00:00+00:00,2007-06-02 21:00:00+00:00,CAD,CAD_JPY,-1,-1,0.11000097704372869,0.007408146819563123,2007-05-01 21:00:00+00:00,2007-06-02 21:00:00+00:00,107.902,115.087,-718.5000000000002,3.700000000000614,-46.85796691742389,-769.0579669174248,False,momentum
2007-04-30 21:00:00+00:00,2007-05-01 21:00:00+00:00,2007-06-02 21:00:00+00:00,CHF,CHF_JPY,-1,-1,0.19013513392138104,0.0042859169235512735,2007-05-01 21:00:00+00:00,2007-06-02 21:00:00+00:00,98.709,99.241,-53.19999999999965,5.299999999999727,-48.32872796291173,-106.8287279629111,False,momentum
2007-05-31 21:00:00+00:00,2007-06-02 21:00:00+00:00,2007-07-01 21:00:00+00:00,GBP,GBP_USD,1,1,0.21774691992864847,0.002656991971818619,2007-06-02 21:00:00+00:00,2007-07-01 21:00:00+00:00,1.9824,2.00895,265.50000000000074,2.8999999999990145,-7.778522866849316,254.8214771331524,False,momentum
2007-05-31 21:00:00+00:00,2007-06-02 21:00:00+00:00,2007-07-01 21:00:00+00:00,JPY,USD_JPY,-1,1,0.19519755694067586,0.0029639296065292627,2007-06-02 21:00:00+00:00,2007-07-01 21:00:00+00:00,122.086,123.135,104.90000000000066,2.600000000001046,45.411156241095895,147.71115624109552,False,momentum
2007-05-31 21:00:00+00:00,2007-06-02 21:00:00+00:00,2007-07-01 21:00:00+00:00,AUD,AUD_USD,1,1,0.13546508151057926,0.004270855719327701,2007-06-02 21:00:00+00:00,2007-07-01 21:00:00+00:00,0.83305,0.8491,160.50000000000009,1.80000000000069,-0.8350739999999996,157.8649259999994,False,momentum
2007-05-31 21:00:00+00:00,2007-06-02 21:00:00+00:00,2007-07-01 21:00:00+00:00,NZD,NZD_USD,1,1,0.11741140730638083,0.004927560544683197,2007-06-02 21:00:00+00:00,2007-07-01 21:00:00+00:00,0.74505,0.77229,272.40000000000043,2.20000000000109,7.254110630136983,277.45411063013637,False,momentum
2007-05-31 21:00:00+00:00,2007-06-02 21:00:00+00:00,2007-07-01 21:00:00+00:00,CAD,CAD_JPY,-1,-1,0.13229260639515886,0.004373274016618228,2007-06-02 21:00:00+00:00,2007-07-01 21:00:00+00:00,115.087,115.815,-72.79999999999944,3.700000000000614,-39.9678608241096,-116.46786082410966,False,momentum
2007-05-31 21:00:00+00:00,2007-06-02 21:00:00+00:00,2007-07-01 21:00:00+00:00,CHF,CHF_JPY,-1,-1,0.20188642791855674,0.002865729133471246,2007-06-02 21:00:00+00:00,2007-07-01 21:00:00+00:00,99.241,100.85,-160.89999999999947,5.299999999999727,-43.07109436190144,-209.27109436190062,False,momentum
2007-06-30 21:00:00+00:00,2007-07-01 21:00:00+00:00,2007-08-01 21:00:00+00:00,GBP,GBP_USD,1,1,0.22519351187553385,0.002501015898419181,2007-07-01 21:00:00+00:00,2007-08-01 21:00:00+00:00,2.00895,2.03262,236.70000000000078,2.899999999996794,-6.371858556712334,227.42814144329165,False,momentum
2007-06-30 21:00:00+00:00,2007-07-01 21:00:00+00:00,2007-08-01 21:00:00+00:00,JPY,USD_JPY,-1,1,0.23756593388956496,0.002370763114897501,2007-07-01 21:00:00+00:00,2007-08-01 21:00:00+00:00,123.135,118.934,-420.10000000000076,2.600000000001046,53.841181432876716,-368.85881856712507,False,momentum
2007-06-30 21:00:00+00:00,2007-07-01 21:00:00+00:00,2007-08-01 21:00:00+00:00,AUD,AUD_USD,1,1,0.1354993182572648,0.004156571122758119,2007-07-01 21:00:00+00:00,2007-08-01 21:00:00+00:00,0.8491,0.85584,67.40000000000079,1.80000000000069,-0.9278022254047347,64.67219777459536,False,momentum
2007-06-30 21:00:00+00:00,2007-07-01 21:00:00+00:00,2007-08-01 21:00:00+00:00,NZD,NZD_USD,1,1,0.10812531101304831,0.005208887245222274,2007-07-01 21:00:00+00:00,2007-08-01 21:00:00+00:00,0.77229,0.76651,-57.80000000000007,2.20000000000109,9.387212958904101,-50.61278704109706,False,momentum
2007-06-30 21:00:00+00:00,2007-07-01 21:00:00+00:00,2007-08-01 21:00:00+00:00,CAD,CAD_JPY,-1,-1,0.11706261894238813,0.004811207527304181,2007-07-01 21:00:00+00:00,2007-08-01 21:00:00+00:00,115.815,112.62,319.4999999999993,3.700000000000614,-49.25360024881513,266.54639975118357,False,momentum
2007-06-30 21:00:00+00:00,2007-07-01 21:00:00+00:00,2007-08-01 21:00:00+00:00,CHF,CHF_JPY,-1,-1,0.17655330602219993,0.0031900425209298554,2007-07-01 21:00:00+00:00,2007-08-01 21:00:00+00:00,100.85,98.751,209.89999999999895,5.299999999999727,-54.03555617227849,150.56444382772074,False,momentum
2007-07-31 21:00:00+00:00,2007-08-01 21:00:00+00:00,2007-09-01 21:00:00+00:00,EUR,EUR_USD,-1,-1,0.21974782877349092,0.002923605580568385,2007-08-01 21:00:00+00:00,2007-09-01 21:00:00+00:00,1.36676,1.36335,34.09999999999913,1.8999999999991246,10.069080191780824,42.26908019178083,False,momentum
2007-07-31 21:00:00+00:00,2007-08-01 21:00:00+00:00,2007-09-01 21:00:00+00:00,GBP,GBP_USD,1,1,0.2285809580003221,0.00281062772743764,2007-08-01 21:00:00+00:00,2007-09-01 21:00:00+00:00,2.03262,2.0177,-149.20000000000044,2.899999999996794,-2.172203649315073,-154.2722036493123,False,momentum
2007-07-31 21:00:00+00:00,2007-08-01 21:00:00+00:00,2007-09-01 21:00:00+00:00,JPY,USD_JPY,-1,1,0.16700613654005608,0.0038469004303076744,2007-08-01 21:00:00+00:00,2007-09-01 21:00:00+00:00,118.934,115.833,-310.0999999999999,2.600000000001046,45.577182013698625,-267.1228179863023,False,momentum
2007-07-31 21:00:00+00:00,2007-08-01 21:00:00+00:00,2007-09-01 21:00:00+00:00,AUD,AUD_USD,1,1,0.12450885953693479,0.005159921799214484,2007-08-01 21:00:00+00:00,2007-09-01 21:00:00+00:00,0.85584,0.81691,-389.3000000000002,1.80000000000069,1.739997485678681,-389.3600025143222,False,momentum
2007-07-31 21:00:00+00:00,2007-08-01 21:00:00+00:00,2007-09-01 21:00:00+00:00,NZD,NZD_USD,1,1,0.09095960855495375,0.007063090845777119,2007-08-01 21:00:00+00:00,2007-09-01 21:00:00+00:00,0.76651,0.7012,-653.0999999999998,2.20000000000109,10.426416657534244,-644.8735833424666,False,momentum
2007-07-31 21:00:00+00:00,2007-08-01 21:00:00+00:00,2007-09-01 21:00:00+00:00,CHF,CHF_JPY,-1,-1,0.16919660859424243,0.003797097257786442,2007-08-01 21:00:00+00:00,2007-09-01 21:00:00+00:00,98.751,95.895,285.6000000000009,5.299999999999727,-49.258518708519354,231.0414812914818,False,momentum
2007-08-30 21:00:00+00:00,2007-09-01 21:00:00+00:00,2007-10-01 21:00:00+00:00,EUR,EUR_USD,1,1,0.303425145806927,0.0036360153622482655,2007-09-01 21:00:00+00:00,2007-10-01 21:00:00+00:00,1.36335,1.42318,598.2999999999982,1.8999999999991246,-27.940051232876716,568.4599487671225,False,momentum
2007-08-30 21:00:00+00:00,2007-09-01 21:00:00+00:00,2007-10-01 21:00:00+00:00,JPY,USD_JPY,-1,1,0.17423250113505595,0.006332104999119642,2007-09-01 21:00:00+00:00,2007-10-01 21:00:00+00:00,115.833,115.749,-8.400000000000318,2.600000000001046,43.37845032465754,32.37845032465618,False,momentum
2007-08-30 21:00:00+00:00,2007-09-01 21:00:00+00:00,2007-10-01 21:00:00+00:00,AUD,AUD_USD,1,1,0.13152504588486855,0.008388200772133942,2007-09-01 21:00:00+00:00,2007-10-01 21:00:00+00:00,0.81691,0.89432,774.0999999999998,1.80000000000069,2.0876850000000013,774.3876849999991,False,momentum
2007-08-30 21:00:00+00:00,2007-09-01 21:00:00+00:00,2007-10-01 21:00:00+00:00,NZD,NZD_USD,1,1,0.10690473967264504,0.010320014761035988,2007-09-01 21:00:00+00:00,2007-10-01 21:00:00+00:00,0.7012,0.7668,655.9999999999999,2.20000000000109,10.88429136986302,664.6842913698619,False,momentum
2007-08-30 21:00:00+00:00,2007-09-01 21:00:00+00:00,2007-10-01 21:00:00+00:00,CAD,CAD_JPY,-1,-1,0.11005829326261181,0.010024310378990741,2007-09-01 21:00:00+00:00,2007-10-01 21:00:00+00:00,109.7,116.726,-702.5999999999996,3.700000000000614,-43.17491590543551,-749.4749159054356,False,momentum
2007-08-30 21:00:00+00:00,2007-09-01 21:00:00+00:00,2007-10-01 21:00:00+00:00,CHF,CHF_JPY,-1,-1,0.1738542742378916,0.006345880745714509,2007-09-01 21:00:00+00:00,2007-10-01 21:00:00+00:00,95.895,99.051,-315.6000000000006,5.299999999999727,-45.386840874306664,-366.28684087430696,False,momentum
2007-09-30 21:00:00+00:00,2007-10-01 21:00:00+00:00,2007-11-01 21:00:00+00:00,GBP,GBP_USD,1,1,0.2880863993484836,0.004208520835505918,2007-10-01 21:00:00+00:00,2007-11-01 21:00:00+00:00,2.04351,2.08015,366.40000000000225,2.899999999996794,-0.5192436778082181,362.98075632219724,False,momentum
2007-09-30 21:00:00+00:00,2007-10-01 21:00:00+00:00,2007-11-01 21:00:00+00:00,JPY,USD_JPY,-1,1,0.17942842163516087,0.006757110178170269,2007-10-01 21:00:00+00:00,2007-11-01 21:00:00+00:00,115.749,114.669,-107.99999999999983,2.600000000001046,45.55898132739726,-65.04101867260361,False,momentum
2007-09-30 21:00:00+00:00,2007-10-01 21:00:00+00:00,2007-11-01 21:00:00+00:00,AUD,AUD_USD,1,1,0.13217073555673342,0.00917311694587301,2007-10-01 21:00:00+00:00,2007-11-01 21:00:00+00:00,0.89432,0.91223,179.0999999999998,1.80000000000069,4.073195092985239,181.37319509298433,False,momentum
2007-09-30 21:00:00+00:00,2007-10-01 21:00:00+00:00,2007-11-01 21:00:00+00:00,NZD,NZD_USD,1,1,0.1046211322926121,0.011588649324622035,2007-10-01 21:00:00+00:00,2007-11-01 21:00:00+00:00,0.7668,0.75825,-85.50000000000057,2.20000000000109,12.945508931506849,-74.75449106849481,False,momentum
2007-09-30 21:00:00+00:00,2007-10-01 21:00:00+00:00,2007-11-01 21:00:00+00:00,CAD,CAD_JPY,-1,-1,0.11267361069400929,0.010760439881318497,2007-10-01 21:00:00+00:00,2007-11-01 21:00:00+00:00,116.726,120.575,-384.9000000000004,3.700000000000614,-49.79828381631026,-438.3982838163113,False,momentum
2007-09-30 21:00:00+00:00,2007-10-01 21:00:00+00:00,2007-11-01 21:00:00+00:00,CHF,CHF_JPY,-1,-1,0.18301970047300067,0.006624519715367087,2007-10-01 21:00:00+00:00,2007-11-01 21:00:00+00:00,99.051,98.998,5.299999999999727,5.299999999999727,-50.985627455834894,-50.985627455834894,False,momentum
2007-10-31 21:00:00+00:00,2007-11-01 21:00:00+00:00,2007-12-01 22:00:00+00:00,GBP,GBP_USD,-1,-1,0.2584067207189222,0.003913615237546578,2007-11-01 21:00:00+00:00,2007-12-01 22:00:00+00:00,2.08015,2.05671,234.40000000000347,2.899999999996794,-23.67815782575342,207.82184217425325,False,momentum
2007-10-31 21:00:00+00:00,2007-11-01 21:00:00+00:00,2007-12-01 22:00:00+00:00,JPY,USD_JPY,-1,1,0.18023751116930653,0.005610954529548767,2007-11-01 21:00:00+00:00,2007-12-01 22:00:00+00:00,114.669,111.2,-346.8999999999994,2.600000000001046,37.36600897671233,-312.1339910232881,False,momentum
2007-10-31 21:00:00+00:00,2007-11-01 21:00:00+00:00,2007-12-01 22:00:00+00:00,AUD,AUD_USD,1,1,0.13043456378022064,0.0077533473519644895,2007-11-01 21:00:00+00:00,2007-12-01 22:00:00+00:00,0.91223,0.88424,-279.8999999999996,1.80000000000069,5.852868737667794,-275.8471312623325,False,momentum
2007-10-31 21:00:00+00:00,2007-11-01 21:00:00+00:00,2007-12-01 22:00:00+00:00,NZD,NZD_USD,1,1,0.1058558544833671,0.009553599889450811,2007-11-01 21:00:00+00:00,2007-12-01 22:00:00+00:00,0.75825,0.76435,60.99999999999994,2.20000000000109,12.914254684931509,71.71425468493037,False,momentum
2007-10-31 21:00:00+00:00,2007-11-01 21:00:00+00:00,2007-12-01 22:00:00+00:00,CAD,CAD_JPY,1,1,0.11568620743800506,0.008741789553711177,2007-11-01 21:00:00+00:00,2007-12-01 22:00:00+00:00,120.575,111.346,-922.8999999999999,3.700000000000614,23.404419964853183,-903.1955800351473,False,momentum
2007-10-31 21:00:00+00:00,2007-11-01 21:00:00+00:00,2007-12-01 22:00:00+00:00,CHF,CHF_JPY,-1,-1,0.20937914241017852,0.00483001538763039,2007-11-01 21:00:00+00:00,2007-12-01 22:00:00+00:00,98.998,98.277,72.10000000000036,5.299999999999727,-42.39115215243857,24.408847847562065,False,momentum
2007-11-29 22:00:00+00:00,2007-12-01 22:00:00+00:00,2008-01-01 22:00:00+00:00,GBP,GBP_USD,-1,-1,0.25316283246628146,0.004741786579049058,2007-12-01 22:00:00+00:00,2008-01-01 22:00:00+00:00,2.05671,1.98665,700.5999999999979,2.8999999999990145,-25.922719315068488,671.7772806849304,False,momentum
2007-11-29 22:00:00+00:00,2007-12-01 22:00:00+00:00,2008-01-01 22:00:00+00:00,JPY,USD_JPY,-1,1,0.1873075568115139,0.006408946556868797,2007-12-01 22:00:00+00:00,2008-01-01 22:00:00+00:00,111.2,111.655,45.49999999999983,2.600000000001046,34.357124787671225,77.25712478767001,False,momentum
2007-11-29 22:00:00+00:00,2007-12-01 22:00:00+00:00,2008-01-01 22:00:00+00:00,AUD,AUD_USD,1,1,0.12268031334810739,0.009785140651673907,2007-12-01 22:00:00+00:00,2008-01-01 22:00:00+00:00,0.88424,0.87615,-80.90000000000042,1.80000000000069,8.173159754826491,-74.52684024517463,False,momentum
2007-11-29 22:00:00+00:00,2007-12-01 22:00:00+00:00,2008-01-01 22:00:00+00:00,NZD,NZD_USD,1,1,0.12357760462995043,0.009714091197165974,2007-12-01 22:00:00+00:00,2008-01-01 22:00:00+00:00,0.76435,0.76775,34.000000000000696,2.20000000000109,17.51487978082192,49.31487978082153,False,momentum
2007-11-29 22:00:00+00:00,2007-12-01 22:00:00+00:00,2008-01-01 22:00:00+00:00,CAD,CAD_JPY,1,1,0.09946008913551314,0.012069606328897095,2007-12-01 22:00:00+00:00,2008-01-01 22:00:00+00:00,111.346,112.494,114.79999999999961,3.700000000000614,22.042192410031422,133.14219241003042,False,momentum
2007-11-29 22:00:00+00:00,2007-12-01 22:00:00+00:00,2008-01-01 22:00:00+00:00,CHF,CHF_JPY,-1,-1,0.2138116036086336,0.005614494728265465,2007-12-01 22:00:00+00:00,2008-01-01 22:00:00+00:00,98.277,98.532,-25.499999999999545,5.299999999999727,-44.68378706143391,-75.48378706143319,False,momentum
2007-12-31 22:00:00+00:00,2008-01-01 22:00:00+00:00,2008-02-02 22:00:00+00:00,EUR,EUR_USD,1,1,0.2453247705819622,0.004609759454549588,2008-01-01 22:00:00+00:00,2008-02-02 22:00:00+00:00,1.45905,1.48085,218.0000000000004,1.8999999999991246,-20.605395808219185,195.4946041917821,False,momentum
2007-12-31 22:00:00+00:00,2008-01-01 22:00:00+00:00,2008-02-02 22:00:00+00:00,GBP,GBP_USD,-1,-1,0.2054423533329695,0.0055046496609807045,2008-01-01 22:00:00+00:00,2008-02-02 22:00:00+00:00,1.98665,1.9662,204.5000000000008,2.900000000001235,-30.75747855123288,170.8425214487667,False,momentum
2007-12-31 22:00:00+00:00,2008-01-01 22:00:00+00:00,2008-02-02 22:00:00+00:00,JPY,USD_JPY,-1,1,0.1641555654154111,0.006889124823539122,2008-01-01 22:00:00+00:00,2008-02-02 22:00:00+00:00,111.655,106.45,-520.4999999999998,2.600000000001046,33.63708788082192,-489.4629121191789,False,momentum
2007-12-31 22:00:00+00:00,2008-01-01 22:00:00+00:00,2008-02-02 22:00:00+00:00,AUD,AUD_USD,1,1,0.11482327151821586,0.009848945824941086,2008-01-01 22:00:00+00:00,2008-02-02 22:00:00+00:00,0.87615,0.90395,278.00000000000045,1.80000000000069,10.790917573819987,286.99091757381973,False,momentum
2007-12-31 22:00:00+00:00,2008-01-01 22:00:00+00:00,2008-02-02 22:00:00+00:00,CAD,CAD_JPY,1,1,0.08642509304232329,0.013085183258889879,2008-01-01 22:00:00+00:00,2008-02-02 22:00:00+00:00,112.494,107.001,-549.2999999999995,3.700000000000614,22.995587631541742,-530.0044123684584,False,momentum
2007-12-31 22:00:00+00:00,2008-01-01 22:00:00+00:00,2008-02-02 22:00:00+00:00,CHF,CHF_JPY,-1,-1,0.1838289461091181,0.0061518504270493424,2008-01-01 22:00:00+00:00,2008-02-02 22:00:00+00:00,98.532,97.796,73.599999999999,5.299999999999727,-48.135126260225505,20.164873739773768,False,momentum
2008-01-31 22:00:00+00:00,2008-02-02 22:00:00+00:00,2008-03-01 22:00:00+00:00,GBP,GBP_USD,-1,-1,0.23405559506893306,0.004985064484517703,2008-02-02 22:00:00+00:00,2008-03-01 22:00:00+00:00,1.9662,1.98826,-220.59999999999968,2.900000000001235,-33.94790495561644,-257.44790495561733,False,momentum
2008-01-31 22:00:00+00:00,2008-02-02 22:00:00+00:00,2008-03-01 22:00:00+00:00,JPY,USD_JPY,-1,1,0.180249358304747,0.006473156106376367,2008-02-02 22:00:00+00:00,2008-03-01 22:00:00+00:00,106.45,103.741,-270.9000000000003,2.600000000001046,16.94173151232877,-256.5582684876726,False,momentum
2008-01-31 22:00:00+00:00,2008-02-02 22:00:00+00:00,2008-03-01 22:00:00+00:00,AUD,AUD_USD,1,1,0.15003996168325956,0.0077764764886032135,2008-02-02 22:00:00+00:00,2008-03-01 22:00:00+00:00,0.90395,0.93064,266.8999999999999,1.80000000000069,15.237157381819346,280.3371573818186,False,momentum
2008-01-31 22:00:00+00:00,2008-02-02 22:00:00+00:00,2008-03-01 22:00:00+00:00,NZD,NZD_USD,1,1,0.12511166340981192,0.009325926956617298,2008-02-02 22:00:00+00:00,2008-03-01 22:00:00+00:00,0.7949,0.79639,14.899999999999913,2.20000000000109,19.690175342465746,32.39017534246457,False,momentum
2008-01-31 22:00:00+00:00,2008-02-02 22:00:00+00:00,2008-03-01 22:00:00+00:00,CAD,CAD_JPY,1,1,0.11384646241981479,0.010248735090935232,2008-02-02 22:00:00+00:00,2008-03-01 22:00:00+00:00,107.001,105.052,-194.8999999999998,3.700000000000614,18.146434039232872,-180.45356596076755,False,momentum
2008-01-31 22:00:00+00:00,2008-02-02 22:00:00+00:00,2008-03-01 22:00:00+00:00,CHF,CHF_JPY,-1,-1,0.19669695911343368,0.005931877338825153,2008-02-02 22:00:00+00:00,2008-03-01 22:00:00+00:00,97.796,99.584,-178.79999999999967,5.299999999999727,-42.75817468033242,-226.8581746803318,False,momentum
2008-02-28 22:00:00+00:00,2008-03-01 22:00:00+00:00,2008-04-01 21:00:00+00:00,GBP,GBP_USD,-1,-1,0.24553849302041741,0.004312210539896112,2008-03-01 22:00:00+00:00,2008-04-01 21:00:00+00:00,1.98826,1.97587,123.89999999999901,2.900000000001235,-40.132058978630134,80.86794102136764,False,momentum
2008-02-28 22:00:00+00:00,2008-03-01 22:00:00+00:00,2008-04-01 21:00:00+00:00,JPY,USD_JPY,-1,1,0.17866367097658278,0.0059262953221846035,2008-03-01 22:00:00+00:00,2008-04-01 21:00:00+00:00,103.741,101.84,-190.09999999999962,2.600000000001046,13.088956965753427,-179.61104303424725,False,momentum
2008-02-28 22:00:00+00:00,2008-03-01 22:00:00+00:00,2008-04-01 21:00:00+00:00,AUD,AUD_USD,1,1,0.14951565508900405,0.007081624174555893,2008-03-01 22:00:00+00:00,2008-04-01 21:00:00+00:00,0.93064,0.90721,-234.3000000000006,1.80000000000069,19.9498237586944,-216.1501762413069,False,momentum
2008-02-28 22:00:00+00:00,2008-03-01 22:00:00+00:00,2008-04-01 21:00:00+00:00,NZD,NZD_USD,1,1,0.13493947867328054,0.007846581948908242,2008-03-01 22:00:00+00:00,2008-04-01 21:00:00+00:00,0.79639,0.78686,-95.30000000000038,2.20000000000109,25.315939726027395,-72.18406027397408,False,momentum
2008-02-28 22:00:00+00:00,2008-03-01 22:00:00+00:00,2008-04-01 21:00:00+00:00,CAD,CAD_JPY,1,1,0.10327087101303771,0.010252781516863346,2008-03-01 22:00:00+00:00,2008-04-01 21:00:00+00:00,105.052,99.715,-533.7000000000003,3.700000000000614,14.726711758240347,-522.6732882417606,False,momentum
2008-02-28 22:00:00+00:00,2008-03-01 22:00:00+00:00,2008-04-01 21:00:00+00:00,CHF,CHF_JPY,-1,-1,0.18807183122767746,0.005629836592972101,2008-03-01 22:00:00+00:00,2008-04-01 21:00:00+00:00,99.584,100.602,-101.80000000000007,5.299999999999727,-43.50027611133506,-150.60027611133486,False,momentum
2008-03-31 21:00:00+00:00,2008-04-01 21:00:00+00:00,2008-05-01 21:00:00+00:00,GBP,GBP_USD,-1,-1,0.22467203673011601,0.0050188012601467555,2008-04-01 21:00:00+00:00,2008-05-01 21:00:00+00:00,1.97587,1.97483,10.399999999999299,2.900000000001235,-44.073376940273945,-36.57337694027588,False,momentum
2008-03-31 21:00:00+00:00,2008-04-01 21:00:00+00:00,2008-05-01 21:00:00+00:00,JPY,USD_JPY,-1,1,0.1409846025987319,0.007997925165417932,2008-04-01 21:00:00+00:00,2008-05-01 21:00:00+00:00,101.84,104.435,259.4999999999999,2.600000000001046,9.350269647945208,266.25026964794404,False,momentum
2008-03-31 21:00:00+00:00,2008-04-01 21:00:00+00:00,2008-05-01 21:00:00+00:00,AUD,AUD_USD,1,1,0.14007730120428685,0.008049728909442585,2008-04-01 21:00:00+00:00,2008-05-01 21:00:00+00:00,0.90721,0.9335,262.9000000000003,1.80000000000069,23.44328303441013,284.54328303440974,False,momentum
2008-03-31 21:00:00+00:00,2008-04-01 21:00:00+00:00,2008-05-01 21:00:00+00:00,NZD,NZD_USD,-1,-1,0.14341634104836654,0.007862313965188748,2008-04-01 21:00:00+00:00,2008-05-01 21:00:00+00:00,0.78686,0.77793,89.29999999999993,2.20000000000109,-33.44985739726026,53.65014260273857,False,momentum
2008-03-31 21:00:00+00:00,2008-04-01 21:00:00+00:00,2008-05-01 21:00:00+00:00,CAD,CAD_JPY,1,1,0.09146908884072208,0.01232749025219155,2008-04-01 21:00:00+00:00,2008-05-01 21:00:00+00:00,99.715,102.37,265.5000000000001,3.700000000000614,13.972057398857821,275.7720573988573,False,momentum
2008-03-31 21:00:00+00:00,2008-04-01 21:00:00+00:00,2008-05-01 21:00:00+00:00,CHF,CHF_JPY,1,1,0.2593806295777766,0.004347218614190049,2008-04-01 21:00:00+00:00,2008-05-01 21:00:00+00:00,100.602,99.628,-97.40000000000038,5.299999999999727,2.5779622332378946,-100.1220377667622,False,momentum
2008-04-30 21:00:00+00:00,2008-05-01 21:00:00+00:00,2008-06-01 21:00:00+00:00,EUR,EUR_USD,1,1,0.18476050208297984,0.005810808069240114,2008-05-01 21:00:00+00:00,2008-06-01 21:00:00+00:00,1.54763,1.5566,89.69999999999922,1.8999999999991246,-0.9062485753424652,86.89375142465764,False,momentum
2008-04-30 21:00:00+00:00,2008-05-01 21:00:00+00:00,2008-06-01 21:00:00+00:00,GBP,GBP_USD,-1,-1,0.19714924333049924,0.005445660344639758,2008-05-01 21:00:00+00:00,2008-06-01 21:00:00+00:00,1.97483,1.97322,16.100000000001113,2.900000000001235,-42.182014222465746,-28.982014222465867,False,momentum
2008-04-30 21:00:00+00:00,2008-05-01 21:00:00+00:00,2008-06-01 21:00:00+00:00,JPY,USD_JPY,1,-1,0.12889633230807881,0.008329234797888378,2008-05-01 21:00:00+00:00,2008-06-01 21:00:00+00:00,104.435,105.145,-70.99999999999937,2.600000000001046,-31.561765723287674,-105.1617657232881,False,momentum
2008-04-30 21:00:00+00:00,2008-05-01 21:00:00+00:00,2008-06-01 21:00:00+00:00,NZD,NZD_USD,-1,-1,0.14923235179497532,0.007194202888765188,2008-05-01 21:00:00+00:00,2008-06-01 21:00:00+00:00,0.77793,0.78286,-49.2999999999999,2.20000000000109,-33.79521682191781,-85.2952168219188,False,momentum
2008-04-30 21:00:00+00:00,2008-05-01 21:00:00+00:00,2008-06-01 21:00:00+00:00,CAD,CAD_JPY,-1,-1,0.08935400321448433,0.012015217872259827,2008-05-01 21:00:00+00:00,2008-06-01 21:00:00+00:00,102.37,105.641,-327.1000000000001,3.700000000000614,-30.103629087201604,-360.9036290872023,False,momentum
2008-04-30 21:00:00+00:00,2008-05-01 21:00:00+00:00,2008-06-01 21:00:00+00:00,CHF,CHF_JPY,1,1,0.2506075672689825,0.004284019944331161,2008-05-01 21:00:00+00:00,2008-06-01 21:00:00+00:00,99.628,100.965,133.70000000000033,5.299999999999727,0.2069932463460251,128.60699324634663,False,momentum
2008-05-31 21:00:00+00:00,2008-06-01 21:00:00+00:00,2008-07-01 21:00:00+00:00,EUR,EUR_USD,1,1,0.1669107685300997,0.0056221286884867985,2008-06-01 21:00:00+00:00,2008-07-01 21:00:00+00:00,1.5566,1.5792,225.99999999999952,1.8999999999991246,-0.8215817534246573,223.27841824657574,False,momentum
2008-05-31 21:00:00+00:00,2008-06-01 21:00:00+00:00,2008-07-01 21:00:00+00:00,GBP,GBP_USD,-1,-1,0.19327809892343886,0.004855148231472251,2008-06-01 21:00:00+00:00,2008-07-01 21:00:00+00:00,1.97322,1.99488,-216.6000000000001,2.900000000001235,-43.777154002191786,-263.27715400219313,False,momentum
2008-05-31 21:00:00+00:00,2008-06-01 21:00:00+00:00,2008-07-01 21:00:00+00:00,JPY,USD_JPY,1,-1,0.15208933834944588,0.006170017112010613,2008-06-01 21:00:00+00:00,2008-07-01 21:00:00+00:00,105.145,106.115,-96.99999999999989,2.600000000001046,-32.43539866575342,-132.03539866575434,False,momentum
2008-05-31 21:00:00+00:00,2008-06-01 21:00:00+00:00,2008-07-01 21:00:00+00:00,NZD,NZD_USD,-1,-1,0.15028825158967032,0.0062439599253076355,2008-06-01 21:00:00+00:00,2008-07-01 21:00:00+00:00,0.78286,0.75772,251.4000000000005,2.20000000000109,-38.186438465753426,211.01356153424598,False,momentum
2008-05-31 21:00:00+00:00,2008-06-01 21:00:00+00:00,2008-07-01 21:00:00+00:00,CAD,CAD_JPY,-1,-1,0.1124605211600127,0.008344206575703788,2008-06-01 21:00:00+00:00,2008-07-01 21:00:00+00:00,105.641,103.82,182.10000000000122,3.700000000000614,-31.064470500135243,147.33552949986534,False,momentum
2008-05-31 21:00:00+00:00,2008-06-01 21:00:00+00:00,2008-07-01 21:00:00+00:00,CHF,CHF_JPY,1,1,0.2249730214473325,0.004171139339879189,2008-06-01 21:00:00+00:00,2008-07-01 21:00:00+00:00,100.965,104.086,312.0999999999995,5.299999999999727,1.8558983687305877,308.6558983687304,False,momentum
2008-06-30 21:00:00+00:00,2008-07-01 21:00:00+00:00,2008-08-02 21:00:00+00:00,EUR,EUR_USD,1,1,0.16224694238454435,0.005340979097776735,2008-07-01 21:00:00+00:00,2008-08-02 21:00:00+00:00,1.5792,1.55611,-230.89999999999833,1.8999999999991246,0.9438782739726047,-231.85612172602484,False,momentum
2008-06-30 21:00:00+00:00,2008-07-01 21:00:00+00:00,2008-08-02 21:00:00+00:00,GBP,GBP_USD,-1,-1,0.19675648675504612,0.004404213259981952,2008-07-01 21:00:00+00:00,2008-08-02 21:00:00+00:00,1.99488,1.9754,194.79999999999941,2.900000000001235,-47.661092306849305,144.2389076931489,False,momentum
2008-06-30 21:00:00+00:00,2008-07-01 21:00:00+00:00,2008-08-02 21:00:00+00:00,JPY,USD_JPY,1,-1,0.15794428482517642,0.0054864759995159225,2008-07-01 21:00:00+00:00,2008-08-02 21:00:00+00:00,106.115,107.715,-160.00000000000085,2.600000000001046,-36.033363604109596,-198.63336360411148,False,momentum
2008-06-30 21:00:00+00:00,2008-07-01 21:00:00+00:00,2008-08-02 21:00:00+00:00,NZD,NZD_USD,-1,-1,0.14291991417098432,0.006063238513544856,2008-07-01 21:00:00+00:00,2008-08-02 21:00:00+00:00,0.75772,0.7275,302.19999999999914,2.20000000000109,-33.618630328767125,266.3813696712309,False,momentum
2008-06-30 21:00:00+00:00,2008-07-01 21:00:00+00:00,2008-08-02 21:00:00+00:00,CAD,CAD_JPY,-1,-1,0.13033927668386427,0.006648475808683963,2008-07-01 21:00:00+00:00,2008-08-02 21:00:00+00:00,103.82,104.899,-107.90000000000077,3.700000000000614,-34.26566463608589,-145.86566463608727,False,momentum
2008-06-30 21:00:00+00:00,2008-07-01 21:00:00+00:00,2008-08-02 21:00:00+00:00,CHF,CHF_JPY,1,1,0.20979309518038458,0.0041305340731493225,2008-07-01 21:00:00+00:00,2008-08-02 21:00:00+00:00,104.086,102.566,-151.9999999999996,5.299999999999727,3.2450074940724996,-154.05499250592683,False,momentum
2008-07-31 21:00:00+00:00,2008-08-02 21:00:00+00:00,2008-09-01 21:00:00+00:00,EUR,EUR_USD,1,1,0.15944298444657187,0.004918164181608139,2008-08-02 21:00:00+00:00,2008-09-01 21:00:00+00:00,1.55611,1.46181,-943.0000000000005,1.8999999999991246,1.5177311780821947,-943.3822688219175,False,momentum
2008-07-31 21:00:00+00:00,2008-08-02 21:00:00+00:00,2008-09-01 21:00:00+00:00,GBP,GBP_USD,-1,-1,0.20436834253041827,0.003837026642211562,2008-08-02 21:00:00+00:00,2008-09-01 21:00:00+00:00,1.9754,1.80143,1739.6999999999996,2.900000000001235,-41.95363364273972,1694.8463663572586,False,momentum
2008-07-31 21:00:00+00:00,2008-08-02 21:00:00+00:00,2008-09-01 21:00:00+00:00,JPY,USD_JPY,1,-1,0.14423368055004696,0.0054367798985878275,2008-08-02 21:00:00+00:00,2008-09-01 21:00:00+00:00,107.715,108.144,-42.900000000000205,2.600000000001046,-31.365553446575355,-76.8655534465766,False,momentum
2008-07-31 21:00:00+00:00,2008-08-02 21:00:00+00:00,2008-09-01 21:00:00+00:00,NZD,NZD_USD,-1,-1,0.15110818356910535,0.005189439490252461,2008-08-02 21:00:00+00:00,2008-09-01 21:00:00+00:00,0.7275,0.69634,311.60000000000076,2.20000000000109,-31.602731424657527,277.7972685753422,False,momentum
2008-07-31 21:00:00+00:00,2008-08-02 21:00:00+00:00,2008-09-01 21:00:00+00:00,CAD,CAD_JPY,-1,-1,0.13754975760113441,0.005700968062682839,2008-08-02 21:00:00+00:00,2008-09-01 21:00:00+00:00,104.899,101.372,352.7000000000001,3.700000000000614,-30.114838356892363,318.88516164310715,False,momentum
2008-07-31 21:00:00+00:00,2008-08-02 21:00:00+00:00,2008-09-01 21:00:00+00:00,CHF,CHF_JPY,1,1,0.20329705130272316,0.0038572461828093887,2008-08-02 21:00:00+00:00,2008-09-01 21:00:00+00:00,102.566,98.196,-437.00000000000045,5.299999999999727,2.4440701635572597,-439.8559298364429,False,momentum
2008-08-31 21:00:00+00:00,2008-09-01 21:00:00+00:00,2008-10-01 21:00:00+00:00,EUR,EUR_USD,1,1,0.16113919108091027,0.005151147418027337,2008-09-01 21:00:00+00:00,2008-10-01 21:00:00+00:00,1.46181,1.4009,-609.1000000000001,1.8999999999991246,3.123264986301373,-607.876735013698,False,momentum
2008-08-31 21:00:00+00:00,2008-09-01 21:00:00+00:00,2008-10-01 21:00:00+00:00,GBP,GBP_USD,-1,-1,0.19278843299081602,0.004305505860504537,2008-09-01 21:00:00+00:00,2008-10-01 21:00:00+00:00,1.80143,1.7697,317.30000000000035,2.900000000001235,-46.274435618630136,268.125564381369,False,momentum
2008-08-31 21:00:00+00:00,2008-09-01 21:00:00+00:00,2008-10-01 21:00:00+00:00,AUD,AUD_USD,1,1,0.14224594390846976,0.005835327920587693,2008-09-01 21:00:00+00:00,2008-10-01 21:00:00+00:00,0.85036,0.7874,-629.6000000000001,1.80000000000069,24.13031078331256,-607.2696892166882,False,momentum
2008-08-31 21:00:00+00:00,2008-09-01 21:00:00+00:00,2008-10-01 21:00:00+00:00,NZD,NZD_USD,-1,-1,0.13999878019652054,0.0059289925734658236,2008-09-01 21:00:00+00:00,2008-10-01 21:00:00+00:00,0.69634,0.67065,256.8999999999999,2.20000000000109,-35.18603079452056,219.51396920547825,False,momentum
2008-08-31 21:00:00+00:00,2008-09-01 21:00:00+00:00,2008-10-01 21:00:00+00:00,CAD,CAD_JPY,-1,-1,0.14807514503336447,0.005605611447433777,2008-09-01 21:00:00+00:00,2008-10-01 21:00:00+00:00,101.372,99.478,189.40000000000055,3.700000000000614,-32.820321500857524,152.87967849914241,False,momentum
2008-08-31 21:00:00+00:00,2008-09-01 21:00:00+00:00,2008-10-01 21:00:00+00:00,CHF,CHF_JPY,1,1,0.215752506789919,0.003847240249623966,2008-09-01 21:00:00+00:00,2008-10-01 21:00:00+00:00,98.196,93.929,-426.6999999999996,5.299999999999727,0.6813651449544151,-431.3186348550449,False,momentum
2008-09-30 21:00:00+00:00,2008-10-01 21:00:00+00:00,2008-11-01 21:00:00+00:00,EUR,EUR_USD,1,1,0.17429438277024534,0.0073146079215971535,2008-10-01 21:00:00+00:00,2008-11-01 21:00:00+00:00,1.4009,1.27242,-1284.7999999999993,1.8999999999991246,10.059672767123288,-1276.6403272328753,False,momentum
2008-09-30 21:00:00+00:00,2008-10-01 21:00:00+00:00,2008-11-01 21:00:00+00:00,GBP,GBP_USD,-1,-1,0.19041743006261047,0.006695264569435315,2008-10-01 21:00:00+00:00,2008-11-01 21:00:00+00:00,1.7697,1.60779,1619.1,2.900000000001235,-47.48120726575342,1568.7187927342452,False,momentum
2008-09-30 21:00:00+00:00,2008-10-01 21:00:00+00:00,2008-11-01 21:00:00+00:00,JPY,USD_JPY,1,-1,0.1651079148624043,0.007721586660237216,2008-10-01 21:00:00+00:00,2008-11-01 21:00:00+00:00,105.715,98.487,722.8000000000009,2.600000000001046,-19.98524139726028,700.2147586027395,False,momentum
2008-09-30 21:00:00+00:00,2008-10-01 21:00:00+00:00,2008-11-01 21:00:00+00:00,NZD,NZD_USD,-1,-1,0.15338191459515818,0.008311899589114711,2008-10-01 21:00:00+00:00,2008-11-01 21:00:00+00:00,0.67065,0.5819,887.4999999999999,2.20000000000109,-31.693368739726022,853.6066312602728,False,momentum
2008-09-30 21:00:00+00:00,2008-10-01 21:00:00+00:00,2008-11-01 21:00:00+00:00,CAD,CAD_JPY,-1,-1,0.12450512934555837,0.010239699196349648,2008-10-01 21:00:00+00:00,2008-11-01 21:00:00+00:00,99.478,81.387,1809.0999999999995,3.700000000000614,-26.76987770211706,1778.6301222978816,False,momentum
2008-09-30 21:00:00+00:00,2008-10-01 21:00:00+00:00,2008-11-01 21:00:00+00:00,CHF,CHF_JPY,1,1,0.19229322836402335,0.006629953034475375,2008-10-01 21:00:00+00:00,2008-11-01 21:00:00+00:00,93.929,85.082,-884.7000000000008,5.299999999999727,-9.946265683853087,-899.9462656838537,False,momentum
2008-10-30 21:00:00+00:00,2008-11-01 21:00:00+00:00,2008-12-01 22:00:00+00:00,EUR,EUR_USD,1,1,0.2367605381553037,0.009416606432578191,2008-11-01 21:00:00+00:00,2008-12-01 22:00:00+00:00,1.27242,1.26112,-113.00000000000087,1.8999999999991246,12.875628547945208,-102.02437145205478,False,momentum
2008-10-30 21:00:00+00:00,2008-11-01 21:00:00+00:00,2008-12-01 22:00:00+00:00,GBP,GBP_USD,-1,-1,0.21558540278937013,0.010341520240830685,2008-11-01 21:00:00+00:00,2008-12-01 22:00:00+00:00,1.60779,1.48863,1191.6000000000015,2.900000000001235,-34.99054068054795,1153.7094593194524,False,momentum
2008-10-30 21:00:00+00:00,2008-11-01 21:00:00+00:00,2008-12-01 22:00:00+00:00,JPY,USD_JPY,1,-1,0.17205519222446017,0.012957939703821121,2008-11-01 21:00:00+00:00,2008-12-01 22:00:00+00:00,98.487,93.192,529.5000000000001,2.600000000001046,-13.496918690410961,513.4030813095881,False,momentum
2008-10-30 21:00:00+00:00,2008-11-01 21:00:00+00:00,2008-12-01 22:00:00+00:00,AUD,AUD_USD,-1,-1,0.0861618384510749,0.02587550180744888,2008-11-01 21:00:00+00:00,2008-12-01 22:00:00+00:00,0.66765,0.64015,274.99999999999966,1.80000000000069,-32.13506474098179,241.06493525901718,False,momentum
2008-10-30 21:00:00+00:00,2008-11-01 21:00:00+00:00,2008-12-01 22:00:00+00:00,NZD,NZD_USD,-1,-1,0.12416461645028364,0.017955846603582164,2008-11-01 21:00:00+00:00,2008-12-01 22:00:00+00:00,0.5819,0.53006,518.4,2.20000000000109,-29.77123257534247,486.4287674246564,False,momentum
2008-10-30 21:00:00+00:00,2008-11-01 21:00:00+00:00,2008-12-01 22:00:00+00:00,CHF,CHF_JPY,1,1,0.16527241192950745,0.013489733589202009,2008-11-01 21:00:00+00:00,2008-12-01 22:00:00+00:00,85.082,77.283,-779.8999999999992,5.299999999999727,-18.281337305304802,-803.4813373053037,False,momentum
2008-11-30 22:00:00+00:00,2008-12-01 22:00:00+00:00,2009-01-01 22:00:00+00:00,EUR,EUR_USD,1,1,0.234522151136978,0.011081391952825318,2008-12-01 22:00:00+00:00,2009-01-01 22:00:00+00:00,1.26112,1.4044,1432.8000000000006,1.8999999999991246,9.573622493150685,1440.473622493152,False,momentum
2008-11-30 22:00:00+00:00,2008-12-01 22:00:00+00:00,2009-01-01 22:00:00+00:00,GBP,GBP_USD,-1,-1,0.21020888810597224,0.012363092264007629,2008-12-01 22:00:00+00:00,2009-01-01 22:00:00+00:00,1.48863,1.46769,209.39999999999958,2.900000000001235,-29.273243406027394,177.22675659397095,False,momentum
2008-11-30 22:00:00+00:00,2008-12-01 22:00:00+00:00,2009-01-01 22:00:00+00:00,JPY,USD_JPY,1,-1,0.17694606854742148,0.014687141114254848,2008-12-01 22:00:00+00:00,2009-01-01 22:00:00+00:00,93.192,90.775,241.69999999999874,2.600000000001046,-13.263861121917817,225.83613887807988,False,momentum
2008-11-30 22:00:00+00:00,2008-12-01 22:00:00+00:00,2009-01-01 22:00:00+00:00,AUD,AUD_USD,-1,-1,0.09157000150165498,0.02838082162007632,2008-12-01 22:00:00+00:00,2009-01-01 22:00:00+00:00,0.64015,0.70545,-653.0000000000002,1.80000000000069,-32.060427795768526,-686.8604277957694,False,momentum
2008-11-30 22:00:00+00:00,2008-12-01 22:00:00+00:00,2009-01-01 22:00:00+00:00,NZD,NZD_USD,-1,-1,0.1290826399327942,0.020133085903121063,2008-12-01 22:00:00+00:00,2009-01-01 22:00:00+00:00,0.53006,0.5815,-514.4000000000004,2.20000000000109,-29.896249561643835,-546.4962495616453,False,momentum
2008-11-30 22:00:00+00:00,2008-12-01 22:00:00+00:00,2009-01-01 22:00:00+00:00,CHF,CHF_JPY,1,1,0.15767025077517907,0.016482702764735544,2008-12-01 22:00:00+00:00,2009-01-01 22:00:00+00:00,77.283,85.468,818.5000000000002,5.299999999999727,-29.596369073591358,783.6036309264091,False,momentum
2008-12-31 22:00:00+00:00,2009-01-01 22:00:00+00:00,2009-02-01 22:00:00+00:00,EUR,EUR_USD,1,1,0.20882277073634575,0.011916490247305405,2009-01-01 22:00:00+00:00,2009-02-01 22:00:00+00:00,1.4044,1.277,-1274.0000000000018,1.8999999999991246,2.9507955342465757,-1272.9492044657545,False,momentum
2008-12-31 22:00:00+00:00,2009-01-01 22:00:00+00:00,2009-02-01 22:00:00+00:00,GBP,GBP_USD,-1,-1,0.1902473261423362,0.013079997292751434,2009-01-01 22:00:00+00:00,2009-02-01 22:00:00+00:00,1.46769,1.44733,203.59999999999934,2.900000000001235,-22.300458678356154,178.39954132164195,False,momentum
2008-12-31 22:00:00+00:00,2009-01-01 22:00:00+00:00,2009-02-01 22:00:00+00:00,JPY,USD_JPY,1,-1,0.18997339418628376,0.013098857982475441,2009-01-01 22:00:00+00:00,2009-02-01 22:00:00+00:00,90.775,90.009,76.60000000000053,2.600000000001046,-12.857231154794523,61.14276884520497,False,momentum
2008-12-31 22:00:00+00:00,2009-01-01 22:00:00+00:00,2009-02-01 22:00:00+00:00,AUD,AUD_USD,-1,-1,0.11358910028586972,0.021907335339678834,2009-01-01 22:00:00+00:00,2009-02-01 22:00:00+00:00,0.70545,0.63655,689.0000000000007,1.80000000000069,-27.63561403121585,659.5643859687842,False,momentum
2008-12-31 22:00:00+00:00,2009-01-01 22:00:00+00:00,2009-02-01 22:00:00+00:00,NZD,NZD_USD,-1,-1,0.13356341737245317,0.018631108426611614,2009-01-01 22:00:00+00:00,2009-02-01 22:00:00+00:00,0.5815,0.50815,733.5000000000002,2.20000000000109,-22.52806093150684,708.7719390684923,False,momentum
2008-12-31 22:00:00+00:00,2009-01-01 22:00:00+00:00,2009-02-01 22:00:00+00:00,CHF,CHF_JPY,1,1,0.1638039912767114,0.015191537712236112,2009-01-01 22:00:00+00:00,2009-02-01 22:00:00+00:00,85.468,77.396,-807.2000000000003,5.299999999999727,-24.809234516746983,-837.309234516747,False,momentum
2009-01-31 22:00:00+00:00,2009-02-01 22:00:00+00:00,2009-03-01 22:00:00+00:00,EUR,EUR_USD,1,1,0.17233066040636957,0.01090858564644177,2009-02-01 22:00:00+00:00,2009-03-01 22:00:00+00:00,1.277,1.2633,-136.99999999999824,1.8999999999991246,-2.8441780547945195,-141.7441780547919,False,momentum
2009-01-31 22:00:00+00:00,2009-02-01 22:00:00+00:00,2009-03-01 22:00:00+00:00,GBP,GBP_USD,-1,-1,0.14971065336592684,0.012556780204251005,2009-02-01 22:00:00+00:00,2009-03-01 22:00:00+00:00,1.44733,1.42935,179.80000000000106,2.900000000001235,-16.485399390684922,160.4146006093149,False,momentum
2009-01-31 22:00:00+00:00,2009-02-01 22:00:00+00:00,2009-03-01 22:00:00+00:00,JPY,USD_JPY,1,-1,0.21298599391297676,0.008826325778580772,2009-02-01 22:00:00+00:00,2009-03-01 22:00:00+00:00,90.009,97.742,-773.3000000000004,2.600000000001046,-13.298930736986303,-789.1989307369878,False,momentum
2009-01-31 22:00:00+00:00,2009-02-01 22:00:00+00:00,2009-03-01 22:00:00+00:00,AUD,AUD_USD,-1,-1,0.14457819837491198,0.01300253973061655,2009-02-01 22:00:00+00:00,2009-03-01 22:00:00+00:00,0.63655,0.63936,-28.1000000000009,1.80000000000069,-21.546053136986295,-51.446053136987885,False,momentum
2009-01-31 22:00:00+00:00,2009-02-01 22:00:00+00:00,2009-03-01 22:00:00+00:00,NZD,NZD_USD,-1,-1,0.1378451047373661,0.013637653452637757,2009-02-01 22:00:00+00:00,2009-03-01 22:00:00+00:00,0.50815,0.49985,82.99999999999973,2.200000000000535,-17.114825424657536,63.68517457534166,False,momentum
2009-01-31 22:00:00+00:00,2009-02-01 22:00:00+00:00,2009-03-01 22:00:00+00:00,CHF,CHF_JPY,1,1,0.18254938920244865,0.010297946088803118,2009-02-01 22:00:00+00:00,2009-03-01 22:00:00+00:00,77.396,83.457,606.0999999999992,5.299999999999727,-23.565676718256015,577.2343232817435,False,momentum
2009-02-28 22:00:00+00:00,2009-03-01 22:00:00+00:00,2009-04-01 21:00:00+00:00,EUR,EUR_USD,1,1,0.19929063883049436,0.008534532212678043,2009-03-01 22:00:00+00:00,2009-04-01 21:00:00+00:00,1.2633,1.3249,615.9999999999987,1.8999999999991246,-6.679271506849314,607.4207284931504,False,momentum
2009-02-28 22:00:00+00:00,2009-03-01 22:00:00+00:00,2009-04-01 21:00:00+00:00,GBP,GBP_USD,-1,-1,0.15145741944720495,0.011229904635849967,2009-03-01 22:00:00+00:00,2009-04-01 21:00:00+00:00,1.42935,1.44689,-175.4000000000011,2.900000000001235,-15.27367172712328,-193.57367172712563,False,momentum
2009-02-28 22:00:00+00:00,2009-03-01 22:00:00+00:00,2009-04-01 21:00:00+00:00,JPY,USD_JPY,1,-1,0.21767760912715983,0.007813630366504346,2009-03-01 22:00:00+00:00,2009-04-01 21:00:00+00:00,97.742,98.518,-77.59999999999962,2.600000000001046,-15.21266631369863,-95.4126663136993,False,momentum
2009-02-28 22:00:00+00:00,2009-03-01 22:00:00+00:00,2009-04-01 21:00:00+00:00,AUD,AUD_USD,-1,-1,0.13297138352038024,0.012791115890911624,2009-03-01 22:00:00+00:00,2009-04-01 21:00:00+00:00,0.63936,0.69926,-598.9999999999995,1.80000000000069,-24.922015093465077,-625.7220150934653,False,momentum
2009-02-28 22:00:00+00:00,2009-03-01 22:00:00+00:00,2009-04-01 21:00:00+00:00,NZD,NZD_USD,-1,-1,0.13170559024362108,0.012914048474616038,2009-03-01 22:00:00+00:00,2009-04-01 21:00:00+00:00,0.49985,0.5677,-678.4999999999997,2.200000000000535,-20.14961276712329,-700.8496127671234,False,momentum
2009-02-28 22:00:00+00:00,2009-03-01 22:00:00+00:00,2009-04-01 21:00:00+00:00,CHF,CHF_JPY,1,1,0.16689735883113954,0.010191008346063152,2009-03-01 22:00:00+00:00,2009-04-01 21:00:00+00:00,83.457,86.016,255.90000000000117,5.299999999999727,-27.563113921867696,223.03688607813376,False,momentum
2009-03-31 21:00:00+00:00,2009-04-01 21:00:00+00:00,2009-05-02 21:00:00+00:00,EUR,EUR_USD,1,1,0.19095993576446593,0.00894135930173494,2009-04-01 21:00:00+00:00,2009-05-02 21:00:00+00:00,1.3249,1.32775,28.500000000000192,1.8999999999991246,-9.153424191780823,17.446575808220246,False,momentum
2009-03-31 21:00:00+00:00,2009-04-01 21:00:00+00:00,2009-05-02 21:00:00+00:00,GBP,GBP_USD,-1,-1,0.1854815201177497,0.009205452903461081,2009-04-01 21:00:00+00:00,2009-05-02 21:00:00+00:00,1.44689,1.4916,-447.10000000000025,2.900000000001235,-13.040710987397256,-463.0407109873987,False,momentum
2009-03-31 21:00:00+00:00,2009-04-01 21:00:00+00:00,2009-05-02 21:00:00+00:00,JPY,USD_JPY,1,-1,0.19459859184134648,0.008774171394304678,2009-04-01 21:00:00+00:00,2009-05-02 21:00:00+00:00,98.518,99.205,-68.69999999999976,2.600000000001046,-13.442760550684937,-84.74276055068574,False,momentum
2009-03-31 21:00:00+00:00,2009-04-01 21:00:00+00:00,2009-05-02 21:00:00+00:00,AUD,AUD_USD,-1,-1,0.13276713896902875,0.012860421721557299,2009-04-01 21:00:00+00:00,2009-05-02 21:00:00+00:00,0.69926,0.72987,-306.10000000000025,1.80000000000069,-21.815746326571386,-329.71574632657234,False,momentum
2009-03-31 21:00:00+00:00,2009-04-01 21:00:00+00:00,2009-05-02 21:00:00+00:00,NZD,NZD_USD,-1,-1,0.12883677330759688,0.013252748839260432,2009-04-01 21:00:00+00:00,2009-05-02 21:00:00+00:00,0.5677,0.57022,-25.199999999999665,2.20000000000109,-16.75227616438356,-44.15227616438432,False,momentum
2009-03-31 21:00:00+00:00,2009-04-01 21:00:00+00:00,2009-05-02 21:00:00+00:00,CHF,CHF_JPY,1,1,0.1673560399998122,0.010202448611404943,2009-04-01 21:00:00+00:00,2009-05-02 21:00:00+00:00,86.016,87.264,124.79999999999905,5.299999999999727,-25.45835598372385,94.04164401627547,False,momentum
2009-04-30 21:00:00+00:00,2009-05-02 21:00:00+00:00,2009-06-01 21:00:00+00:00,EUR,EUR_USD,1,1,0.19360994848720295,0.008545343047918662,2009-05-02 21:00:00+00:00,2009-06-01 21:00:00+00:00,1.32775,1.41594,881.8999999999999,1.8999999999991246,-9.281992328767126,870.7180076712335,False,momentum
2009-04-30 21:00:00+00:00,2009-05-02 21:00:00+00:00,2009-06-01 21:00:00+00:00,GBP,GBP_USD,-1,-1,0.19733002200932012,0.008384245896627266,2009-05-02 21:00:00+00:00,2009-06-01 21:00:00+00:00,1.4916,1.64446,-1528.6,2.900000000001235,-12.48908800219178,-1543.9890880021928,False,momentum
2009-04-30 21:00:00+00:00,2009-05-02 21:00:00+00:00,2009-06-01 21:00:00+00:00,JPY,USD_JPY,1,-1,0.19153162667083443,0.00863806910676097,2009-05-02 21:00:00+00:00,2009-06-01 21:00:00+00:00,99.205,96.552,265.29999999999916,2.600000000001046,-13.203488113698635,249.4965118862995,False,momentum
2009-04-30 21:00:00+00:00,2009-05-02 21:00:00+00:00,2009-06-01 21:00:00+00:00,AUD,AUD_USD,-1,-1,0.13739612085897934,0.012041558502303852,2009-05-02 21:00:00+00:00,2009-06-01 21:00:00+00:00,0.72987,0.81008,-802.1,1.80000000000069,-20.674766299676644,-824.5747662996773,False,momentum
2009-04-30 21:00:00+00:00,2009-05-02 21:00:00+00:00,2009-06-01 21:00:00+00:00,NZD,NZD_USD,-1,-1,0.12865492964810235,0.012859697112565429,2009-05-02 21:00:00+00:00,2009-06-01 21:00:00+00:00,0.57022,0.6496,-793.8000000000001,2.20000000000109,-15.33958421917808,-811.3395842191792,False,momentum
2009-04-30 21:00:00+00:00,2009-05-02 21:00:00+00:00,2009-06-01 21:00:00+00:00,CHF,CHF_JPY,1,1,0.15147735232556084,0.010922183428168027,2009-05-02 21:00:00+00:00,2009-06-01 21:00:00+00:00,87.264,90.21,294.5999999999998,5.299999999999727,-24.566254668605325,264.73374533139474,False,momentum
2009-05-31 21:00:00+00:00,2009-06-01 21:00:00+00:00,2009-07-01 21:00:00+00:00,EUR,EUR_USD,1,1,0.2017069598230933,0.007613599407477929,2009-06-01 21:00:00+00:00,2009-07-01 21:00:00+00:00,1.41594,1.41415,-17.899999999999583,1.8999999999991246,-10.61157501369863,-30.411575013697338,False,momentum
2009-05-31 21:00:00+00:00,2009-06-01 21:00:00+00:00,2009-07-01 21:00:00+00:00,GBP,GBP_USD,-1,-1,0.20236625196595073,0.007588794944186991,2009-06-01 21:00:00+00:00,2009-07-01 21:00:00+00:00,1.64446,1.64796,-35.00000000000058,2.900000000001235,-13.378637886027395,-51.278637886029216,False,momentum
2009-05-31 21:00:00+00:00,2009-06-01 21:00:00+00:00,2009-07-01 21:00:00+00:00,JPY,USD_JPY,1,-1,0.20225684399106067,0.00759289999532057,2009-06-01 21:00:00+00:00,2009-07-01 21:00:00+00:00,96.552,96.659,-10.699999999999932,2.600000000001046,-15.067504742465756,-28.367504742466735,False,momentum
2009-05-31 21:00:00+00:00,2009-06-01 21:00:00+00:00,2009-07-01 21:00:00+00:00,AUD,AUD_USD,-1,-1,0.12927686176805456,0.01187927962351548,2009-06-01 21:00:00+00:00,2009-07-01 21:00:00+00:00,0.81008,0.80847,16.1,1.80000000000069,-22.58928553993799,-8.289285539938678,False,momentum
2009-05-31 21:00:00+00:00,2009-06-01 21:00:00+00:00,2009-07-01 21:00:00+00:00,NZD,NZD_USD,-1,-1,0.12076802383062123,0.012716246743816394,2009-06-01 21:00:00+00:00,2009-07-01 21:00:00+00:00,0.6496,0.63925,103.4999999999997,2.20000000000109,-17.07106947945205,84.22893052054657,False,momentum
2009-05-31 21:00:00+00:00,2009-06-01 21:00:00+00:00,2009-07-01 21:00:00+00:00,CHF,CHF_JPY,1,1,0.14362505862121952,0.010692535164378254,2009-06-01 21:00:00+00:00,2009-07-01 21:00:00+00:00,90.21,89.888,-32.19999999999885,5.299999999999727,-27.234439825169982,-64.73443982516856,False,momentum
2009-06-30 21:00:00+00:00,2009-07-01 21:00:00+00:00,2009-08-01 21:00:00+00:00,GBP,GBP_USD,-1,-1,0.21447344305216695,0.007259783126337303,2009-07-01 21:00:00+00:00,2009-08-01 21:00:00+00:00,1.64796,1.67137,-234.09999999999928,2.900000000001235,-13.142988482191779,-250.1429884821923,False,momentum
2009-06-30 21:00:00+00:00,2009-07-01 21:00:00+00:00,2009-08-01 21:00:00+00:00,JPY,USD_JPY,1,-1,0.2059393302373894,0.007560628079749377,2009-07-01 21:00:00+00:00,2009-08-01 21:00:00+00:00,96.659,94.781,187.8,2.600000000001046,-13.44187271232877,171.7581272876702,False,momentum
2009-06-30 21:00:00+00:00,2009-07-01 21:00:00+00:00,2009-08-01 21:00:00+00:00,AUD,AUD_USD,-1,-1,0.14346515685599495,0.010853023249962193,2009-07-01 21:00:00+00:00,2009-08-01 21:00:00+00:00,0.80847,0.83601,-275.4000000000001,1.80000000000069,-21.481230041095884,-298.6812300410967,False,momentum
2009-06-30 21:00:00+00:00,2009-07-01 21:00:00+00:00,2009-08-01 21:00:00+00:00,NZD,NZD_USD,-1,-1,0.125821032528619,0.012374963482861474,2009-07-01 21:00:00+00:00,2009-08-01 21:00:00+00:00,0.63925,0.661,-217.50000000000045,2.20000000000109,-15.30676726027397,-235.00676726027552,False,momentum
2009-06-30 21:00:00+00:00,2009-07-01 21:00:00+00:00,2009-08-01 21:00:00+00:00,CAD,CAD_JPY,1,1,0.14213780913928797,0.010954373733112584,2009-07-01 21:00:00+00:00,2009-08-01 21:00:00+00:00,84.08,87.877,379.6999999999997,3.700000000000614,-12.0364387139477,363.9635612860514,False,momentum
2009-06-30 21:00:00+00:00,2009-07-01 21:00:00+00:00,2009-08-01 21:00:00+00:00,CHF,CHF_JPY,1,1,0.16816322818654167,0.00925904372619672,2009-07-01 21:00:00+00:00,2009-08-01 21:00:00+00:00,89.888,88.7,-118.80000000000024,5.299999999999727,-25.73242226608695,-149.83242226608692,False,momentum
2009-07-30 21:00:00+00:00,2009-08-01 21:00:00+00:00,2009-09-01 21:00:00+00:00,EUR,EUR_USD,1,1,0.2037121800914082,0.006657811721424629,2009-08-01 21:00:00+00:00,2009-09-01 21:00:00+00:00,1.42708,1.42234,-47.399999999999665,1.8999999999991246,-9.50149890410959,-58.80149890410838,False,momentum
2009-07-30 21:00:00+00:00,2009-08-01 21:00:00+00:00,2009-09-01 21:00:00+00:00,GBP,GBP_USD,-1,-1,0.1905541726116313,0.007117542071218629,2009-08-01 21:00:00+00:00,2009-09-01 21:00:00+00:00,1.67137,1.61585,555.2000000000002,2.900000000001235,-13.135352545753422,539.1646474542455,False,momentum
2009-07-30 21:00:00+00:00,2009-08-01 21:00:00+00:00,2009-09-01 21:00:00+00:00,JPY,USD_JPY,1,-1,0.18316985226145882,0.00740447908683999,2009-08-01 21:00:00+00:00,2009-09-01 21:00:00+00:00,94.781,92.925,185.60000000000088,2.600000000001046,-13.465844347945206,169.53415565205464,False,momentum
2009-07-30 21:00:00+00:00,2009-08-01 21:00:00+00:00,2009-09-01 21:00:00+00:00,AUD,AUD_USD,-1,-1,0.14037298983720664,0.009661953784573829,2009-08-01 21:00:00+00:00,2009-09-01 21:00:00+00:00,0.83601,0.82595,100.60000000000069,1.80000000000069,-21.44881849315069,77.35118150684931,False,momentum
2009-07-30 21:00:00+00:00,2009-08-01 21:00:00+00:00,2009-09-01 21:00:00+00:00,NZD,NZD_USD,-1,-1,0.12445381709367023,0.010897836419020717,2009-08-01 21:00:00+00:00,2009-09-01 21:00:00+00:00,0.661,0.6754,-143.9999999999997,2.20000000000109,-17.22890342465753,-163.4289034246583,False,momentum
2009-07-30 21:00:00+00:00,2009-08-01 21:00:00+00:00,2009-09-01 21:00:00+00:00,CHF,CHF_JPY,1,1,0.15773698810462486,0.008598346885576017,2009-08-01 21:00:00+00:00,2009-09-01 21:00:00+00:00,88.7,87.222,-147.80000000000086,5.299999999999727,-25.762686633204513,-178.8626866332051,False,momentum
2009-08-31 21:00:00+00:00,2009-09-01 21:00:00+00:00,2009-10-01 21:00:00+00:00,EUR,EUR_USD,-1,-1,0.22945774619086065,0.004953388010046004,2009-09-01 21:00:00+00:00,2009-10-01 21:00:00+00:00,1.42234,1.45456,-322.20000000000135,1.8999999999991246,-10.404611671232878,-334.50461167123336,False,momentum
2009-08-31 21:00:00+00:00,2009-09-01 21:00:00+00:00,2009-10-01 21:00:00+00:00,GBP,GBP_USD,-1,-1,0.18639061282202696,0.006097910359247823,2009-09-01 21:00:00+00:00,2009-10-01 21:00:00+00:00,1.61585,1.59552,203.29999999999959,2.900000000001235,-14.30864354849315,186.09135645150522,False,momentum
2009-08-31 21:00:00+00:00,2009-09-01 21:00:00+00:00,2009-10-01 21:00:00+00:00,JPY,USD_JPY,1,-1,0.1839883026542924,0.006177529942920379,2009-09-01 21:00:00+00:00,2009-10-01 21:00:00+00:00,92.925,89.607,331.7999999999998,2.600000000001046,-14.17700287123288,315.02299712876584,False,momentum
2009-08-31 21:00:00+00:00,2009-09-01 21:00:00+00:00,2009-10-01 21:00:00+00:00,NZD,NZD_USD,-1,-1,0.14326192854070174,0.0079336726817207,2009-09-01 21:00:00+00:00,2009-10-01 21:00:00+00:00,0.6754,0.71488,-394.79999999999956,2.20000000000109,-15.250509616438356,-412.250509616439,False,momentum
2009-08-31 21:00:00+00:00,2009-09-01 21:00:00+00:00,2009-10-01 21:00:00+00:00,CAD,CAD_JPY,1,1,0.11243483209316041,0.01010890688974604,2009-09-01 21:00:00+00:00,2009-10-01 21:00:00+00:00,84.158,82.678,-148.0000000000004,3.700000000000614,-12.85659421514678,-164.55659421514778,False,momentum
2009-08-31 21:00:00+00:00,2009-09-01 21:00:00+00:00,2009-10-01 21:00:00+00:00,CHF,CHF_JPY,1,1,0.14446657769895788,0.00786751695026958,2009-09-01 21:00:00+00:00,2009-10-01 21:00:00+00:00,87.222,86.11,-111.19999999999948,5.299999999999727,-27.415203752251667,-143.91520375225087,False,momentum
2009-09-30 21:00:00+00:00,2009-10-01 21:00:00+00:00,2009-11-01 22:00:00+00:00,GBP,GBP_USD,-1,-1,0.18319499837284103,0.005794025526368546,2009-10-01 21:00:00+00:00,2009-11-01 22:00:00+00:00,1.59552,1.64023,-447.10000000000025,2.900000000001235,-13.410760214794518,-463.41076021479597,False,momentum
2009-09-30 21:00:00+00:00,2009-10-01 21:00:00+00:00,2009-11-01 22:00:00+00:00,JPY,USD_JPY,1,-1,0.18795752072812066,0.005647214821537502,2009-10-01 21:00:00+00:00,2009-11-01 22:00:00+00:00,89.607,89.65,-4.300000000000637,2.600000000001046,-12.473684984931507,-19.373684984933192,False,momentum
2009-09-30 21:00:00+00:00,2009-10-01 21:00:00+00:00,2009-11-01 22:00:00+00:00,AUD,AUD_USD,1,1,0.14929518852921406,0.007109649730390229,2009-10-01 21:00:00+00:00,2009-11-01 22:00:00+00:00,0.86966,0.89678,271.20000000000033,1.80000000000069,10.761451015655553,280.1614510156552,False,momentum
2009-09-30 21:00:00+00:00,2009-10-01 21:00:00+00:00,2009-11-01 22:00:00+00:00,NZD,NZD_USD,-1,-1,0.1504346052987177,0.0070558000585542995,2009-10-01 21:00:00+00:00,2009-11-01 22:00:00+00:00,0.71488,0.71578,-9.000000000000119,2.20000000000109,-15.463038493150686,-26.663038493151895,False,momentum
2009-09-30 21:00:00+00:00,2009-10-01 21:00:00+00:00,2009-11-01 22:00:00+00:00,CAD,CAD_JPY,-1,-1,0.12326062115012719,0.008611318740496142,2009-10-01 21:00:00+00:00,2009-11-01 22:00:00+00:00,82.678,82.695,-1.6999999999995907,3.700000000000614,-8.721642819178077,-14.121642819178282,False,momentum
2009-09-30 21:00:00+00:00,2009-10-01 21:00:00+00:00,2009-11-01 22:00:00+00:00,CHF,CHF_JPY,1,1,0.20585706592097935,0.005156181995145749,2009-10-01 21:00:00+00:00,2009-11-01 22:00:00+00:00,86.11,87.422,131.19999999999976,5.299999999999727,-24.727214713203214,101.17278528679682,False,momentum
2009-10-31 21:00:00+00:00,2009-11-01 22:00:00+00:00,2009-12-01 22:00:00+00:00,EUR,EUR_USD,1,1,0.2583771266612961,0.003979706102784256,2009-11-01 22:00:00+00:00,2009-12-01 22:00:00+00:00,1.472,1.50805,360.49999999999915,1.8999999999991246,-9.128337726027397,349.47166227397264,False,momentum
2009-10-31 21:00:00+00:00,2009-11-01 22:00:00+00:00,2009-12-01 22:00:00+00:00,GBP,GBP_USD,-1,-1,0.16360213416619857,0.0062851565661682434,2009-11-01 22:00:00+00:00,2009-12-01 22:00:00+00:00,1.64023,1.66062,-203.89999999999907,2.900000000001235,-13.8868681939726,-220.68686819397288,False,momentum
2009-10-31 21:00:00+00:00,2009-11-01 22:00:00+00:00,2009-12-01 22:00:00+00:00,JPY,USD_JPY,-1,1,0.17929152681619442,0.005735156847919393,2009-11-01 22:00:00+00:00,2009-12-01 22:00:00+00:00,89.65,86.687,-296.3000000000008,2.600000000001046,-14.350131350684928,-313.2501313506868,False,momentum
2009-10-31 21:00:00+00:00,2009-11-01 22:00:00+00:00,2009-12-01 22:00:00+00:00,AUD,AUD_USD,1,1,0.12463305569961594,0.008250339542922636,2009-11-01 22:00:00+00:00,2009-12-01 22:00:00+00:00,0.89678,0.9247,279.1999999999994,1.80000000000069,12.66674161839532,290.0667416183941,False,momentum
2009-10-31 21:00:00+00:00,2009-11-01 22:00:00+00:00,2009-12-01 22:00:00+00:00,NZD,NZD_USD,1,1,0.11163214013534535,0.009211191566757825,2009-11-01 22:00:00+00:00,2009-12-01 22:00:00+00:00,0.71578,0.72555,97.70000000000056,2.20000000000109,6.472754465753423,101.97275446575289,False,momentum
2009-10-31 21:00:00+00:00,2009-11-01 22:00:00+00:00,2009-12-01 22:00:00+00:00,CHF,CHF_JPY,-1,-1,0.16246401652134962,0.006329186301132074,2009-11-01 22:00:00+00:00,2009-12-01 22:00:00+00:00,87.422,86.726,69.5999999999998,5.299999999999727,-14.374518386857009,49.92548161314306,False,momentum
2009-11-30 22:00:00+00:00,2009-12-01 22:00:00+00:00,2010-01-02 22:00:00+00:00,GBP,GBP_USD,-1,-1,0.20291004778617636,0.006013399412535682,2009-12-01 22:00:00+00:00,2010-01-02 22:00:00+00:00,1.66062,1.61592,446.9999999999996,2.900000000001235,-15.298341675616433,428.80165832438195,False,momentum
2009-11-30 22:00:00+00:00,2009-12-01 22:00:00+00:00,2010-01-02 22:00:00+00:00,JPY,USD_JPY,-1,1,0.23065991132064795,0.005289948977994571,2009-12-01 22:00:00+00:00,2010-01-02 22:00:00+00:00,86.687,92.943,625.6,2.600000000001046,-15.775555831506852,607.2244441684921,False,momentum
2009-11-30 22:00:00+00:00,2009-12-01 22:00:00+00:00,2010-01-02 22:00:00+00:00,AUD,AUD_USD,1,1,0.1461955477460095,0.008346212870140469,2009-12-01 22:00:00+00:00,2010-01-02 22:00:00+00:00,0.9247,0.8977,-269.9999999999991,1.80000000000069,15.549735189823881,-256.2502648101759,False,momentum
2009-11-30 22:00:00+00:00,2009-12-01 22:00:00+00:00,2010-01-02 22:00:00+00:00,NZD,NZD_USD,1,1,0.12138489417040561,0.010052149985335384,2009-12-01 22:00:00+00:00,2010-01-02 22:00:00+00:00,0.72555,0.72325,-23.000000000000796,2.20000000000109,5.817977999999998,-19.38202200000189,False,momentum
2009-11-30 22:00:00+00:00,2009-12-01 22:00:00+00:00,2010-01-02 22:00:00+00:00,CAD,CAD_JPY,-1,-1,0.12020519745826606,0.010150802028161992,2009-12-01 22:00:00+00:00,2010-01-02 22:00:00+00:00,82.876,88.302,-542.6000000000001,3.700000000000614,-9.996282193093927,-556.2962821930947,False,momentum
2009-11-30 22:00:00+00:00,2009-12-01 22:00:00+00:00,2010-01-02 22:00:00+00:00,CHF,CHF_JPY,1,1,0.17864440151849456,0.006830212152092873,2009-12-01 22:00:00+00:00,2010-01-02 22:00:00+00:00,86.726,89.758,303.19999999999965,5.299999999999727,-27.50074937398212,270.3992506260178,False,momentum
2009-12-30 22:00:00+00:00,2010-01-02 22:00:00+00:00,2010-02-01 22:00:00+00:00,EUR,EUR_USD,-1,-1,0.2473991571972605,0.004791152412547031,2010-01-02 22:00:00+00:00,2010-02-01 22:00:00+00:00,1.4312,1.39309,381.1000000000009,1.8999999999991246,-9.652017698630136,369.54798230137163,False,momentum
2009-12-30 22:00:00+00:00,2010-01-02 22:00:00+00:00,2010-02-01 22:00:00+00:00,JPY,USD_JPY,-1,1,0.18172341555271063,0.00652269860360368,2010-01-02 22:00:00+00:00,2010-02-01 22:00:00+00:00,92.943,90.619,-232.3999999999998,2.600000000001046,-13.781914802739731,-248.78191480274057,False,momentum
2009-12-30 22:00:00+00:00,2010-01-02 22:00:00+00:00,2010-02-01 22:00:00+00:00,AUD,AUD_USD,1,1,0.15101839853354096,0.007848891793171131,2010-01-02 22:00:00+00:00,2010-02-01 22:00:00+00:00,0.8977,0.8913,-64.00000000000072,1.80000000000069,13.7196175890411,-52.08038241096032,False,momentum
2009-12-30 22:00:00+00:00,2010-01-02 22:00:00+00:00,2010-02-01 22:00:00+00:00,NZD,NZD_USD,1,1,0.12573791608906876,0.00942696607146017,2010-01-02 22:00:00+00:00,2010-02-01 22:00:00+00:00,0.72325,0.70843,-148.19999999999945,2.20000000000109,5.613262684931506,-144.78673731506905,False,momentum
2009-12-30 22:00:00+00:00,2010-01-02 22:00:00+00:00,2010-02-01 22:00:00+00:00,CAD,CAD_JPY,1,1,0.12289192928196357,0.009645280009789245,2010-01-02 22:00:00+00:00,2010-02-01 22:00:00+00:00,88.302,85.434,-286.8000000000009,3.700000000000614,-11.553447495460713,-302.05344749546225,False,momentum
2009-12-30 22:00:00+00:00,2010-01-02 22:00:00+00:00,2010-02-01 22:00:00+00:00,CHF,CHF_JPY,-1,-1,0.17122918334545562,0.006922459394531798,2010-01-02 22:00:00+00:00,2010-02-01 22:00:00+00:00,89.758,85.768,398.9999999999995,5.299999999999727,-13.589917513576784,380.110082486423,False,momentum
2010-01-31 22:00:00+00:00,2010-02-01 22:00:00+00:00,2010-03-01 22:00:00+00:00,EUR,EUR_USD,-1,-1,0.22233056645830274,0.004453205277022458,2010-02-01 22:00:00+00:00,2010-03-01 22:00:00+00:00,1.39309,1.35611,369.8000000000001,1.8999999999991246,-9.269449095890408,358.6305509041106,False,momentum
2010-01-31 22:00:00+00:00,2010-02-01 22:00:00+00:00,2010-03-01 22:00:00+00:00,GBP,GBP_USD,-1,-1,0.2241977697920795,0.004416117308899671,2010-02-01 22:00:00+00:00,2010-03-01 22:00:00+00:00,1.5958,1.49906,967.4000000000004,2.900000000001235,-13.090087595616433,951.4099124043828,False,momentum
2010-01-31 22:00:00+00:00,2010-02-01 22:00:00+00:00,2010-03-01 22:00:00+00:00,JPY,USD_JPY,-1,1,0.15619103080344462,0.006338927700921934,2010-02-01 22:00:00+00:00,2010-03-01 22:00:00+00:00,90.619,89.13,-148.90000000000043,2.600000000001046,-13.294491545205483,-164.79449154520697,False,momentum
2010-01-31 22:00:00+00:00,2010-02-01 22:00:00+00:00,2010-03-01 22:00:00+00:00,AUD,AUD_USD,1,1,0.1481791155555448,0.006681667980562174,2010-02-01 22:00:00+00:00,2010-03-01 22:00:00+00:00,0.8913,0.9009,96.00000000000053,1.80000000000069,13.259659592465756,107.45965959246558,False,momentum
2010-01-31 22:00:00+00:00,2010-02-01 22:00:00+00:00,2010-03-01 22:00:00+00:00,NZD,NZD_USD,1,1,0.13101196855818334,0.007557200022956704,2010-02-01 22:00:00+00:00,2010-03-01 22:00:00+00:00,0.70843,0.69962,-88.09999999999984,2.20000000000109,5.163201534246574,-85.13679846575435,False,momentum
2010-01-31 22:00:00+00:00,2010-02-01 22:00:00+00:00,2010-03-01 22:00:00+00:00,CAD,CAD_JPY,1,1,0.11808954883244498,0.008384176767415015,2010-02-01 22:00:00+00:00,2010-03-01 22:00:00+00:00,85.434,85.596,16.200000000000614,3.700000000000614,-11.19673270365945,1.3032672963405503,False,momentum
2010-02-28 22:00:00+00:00,2010-03-01 22:00:00+00:00,2010-04-01 21:00:00+00:00,EUR,EUR_USD,-1,-1,0.22684779609618244,0.004873657845120835,2010-03-01 22:00:00+00:00,2010-04-01 21:00:00+00:00,1.35611,1.35888,-27.700000000001612,1.8999999999991246,-10.577081123287671,-40.17708112328841,False,momentum
2010-02-28 22:00:00+00:00,2010-03-01 22:00:00+00:00,2010-04-01 21:00:00+00:00,JPY,USD_JPY,-1,1,0.1945584370717847,0.005682501143266352,2010-03-01 22:00:00+00:00,2010-04-01 21:00:00+00:00,89.13,93.826,469.5999999999998,2.600000000001046,-15.118111528767125,451.8818884712316,False,momentum
2010-02-28 22:00:00+00:00,2010-03-01 22:00:00+00:00,2010-04-01 21:00:00+00:00,AUD,AUD_USD,1,1,0.1534145005558105,0.00720648007252961,2010-03-01 22:00:00+00:00,2010-04-01 21:00:00+00:00,0.9009,0.9212,202.99999999999983,1.80000000000069,16.843042202054793,218.04304220205393,False,momentum
2010-02-28 22:00:00+00:00,2010-03-01 22:00:00+00:00,2010-04-01 21:00:00+00:00,NZD,NZD_USD,1,1,0.1476946539710976,0.0074855691209302815,2010-03-01 22:00:00+00:00,2010-04-01 21:00:00+00:00,0.69962,0.70805,84.29999999999937,2.20000000000109,5.61013726027397,87.71013726027226,False,momentum
2010-02-28 22:00:00+00:00,2010-03-01 22:00:00+00:00,2010-04-01 21:00:00+00:00,CAD,CAD_JPY,1,1,0.12014793516770339,0.009201810580842329,2010-03-01 22:00:00+00:00,2010-04-01 21:00:00+00:00,85.596,93.026,742.9999999999992,3.700000000000614,-13.151832829634984,726.1481671703636,False,momentum
2010-02-28 22:00:00+00:00,2010-03-01 22:00:00+00:00,2010-04-01 21:00:00+00:00,CHF,CHF_JPY,-1,-1,0.15733667713742147,0.0070268329114825095,2010-03-01 22:00:00+00:00,2010-04-01 21:00:00+00:00,82.564,89.016,-645.2000000000012,5.299999999999727,-15.540572283469677,-666.0405722834706,False,momentum
2010-03-31 21:00:00+00:00,2010-04-01 21:00:00+00:00,2010-05-01 21:00:00+00:00,EUR,EUR_USD,-1,-1,0.20036398075883993,0.005452566225149745,2010-04-01 21:00:00+00:00,2010-05-01 21:00:00+00:00,1.35888,1.3294,294.8000000000017,1.8999999999991246,-8.924510191780824,283.97548980822177,False,momentum
2010-03-31 21:00:00+00:00,2010-04-01 21:00:00+00:00,2010-05-01 21:00:00+00:00,GBP,GBP_USD,-1,-1,0.18769012877389604,0.005820752968518123,2010-04-01 21:00:00+00:00,2010-05-01 21:00:00+00:00,1.52906,1.52904,0.20000000000131024,2.900000000001235,-12.822132306849307,-15.522132306849231,False,momentum
2010-03-31 21:00:00+00:00,2010-04-01 21:00:00+00:00,2010-05-01 21:00:00+00:00,AUD,AUD_USD,1,1,0.16581231538702268,0.00658876194854528,2010-04-01 21:00:00+00:00,2010-05-01 21:00:00+00:00,0.9212,0.92325,20.49999999999996,1.80000000000069,15.889761380136973,34.589761380136245,False,momentum
2010-03-31 21:00:00+00:00,2010-04-01 21:00:00+00:00,2010-05-01 21:00:00+00:00,NZD,NZD_USD,1,1,0.15877509051308786,0.006880788861097511,2010-04-01 21:00:00+00:00,2010-05-01 21:00:00+00:00,0.70805,0.7258,177.50000000000043,2.20000000000109,4.852221780821916,180.15222178082124,False,momentum
2010-03-31 21:00:00+00:00,2010-04-01 21:00:00+00:00,2010-05-01 21:00:00+00:00,CAD,CAD_JPY,1,1,0.1322921231881879,0.008258223149598305,2010-04-01 21:00:00+00:00,2010-05-01 21:00:00+00:00,93.026,92.395,-63.10000000000002,3.700000000000614,-11.498421584227014,-78.29842158422765,False,momentum
2010-03-31 21:00:00+00:00,2010-04-01 21:00:00+00:00,2010-05-01 21:00:00+00:00,CHF,CHF_JPY,-1,-1,0.15506636137896562,0.007045356997526084,2010-04-01 21:00:00+00:00,2010-05-01 21:00:00+00:00,89.016,87.132,188.40000000000003,5.299999999999727,-13.597394126354109,169.5026058736462,False,momentum
2010-04-29 21:00:00+00:00,2010-05-01 21:00:00+00:00,2010-06-01 21:00:00+00:00,EUR,EUR_USD,-1,-1,0.17731780035809516,0.005388693039334492,2010-05-01 21:00:00+00:00,2010-06-01 21:00:00+00:00,1.3294,1.22279,1066.0999999999988,1.8999999999991246,-9.200461315068493,1054.9995386849312,False,momentum
2010-04-29 21:00:00+00:00,2010-05-01 21:00:00+00:00,2010-06-01 21:00:00+00:00,GBP,GBP_USD,-1,-1,0.1665212962756512,0.0057380720539075315,2010-05-01 21:00:00+00:00,2010-06-01 21:00:00+00:00,1.52904,1.46488,641.5999999999999,2.900000000001235,-13.355840210410955,625.3441597895877,False,momentum
2010-04-29 21:00:00+00:00,2010-05-01 21:00:00+00:00,2010-06-01 21:00:00+00:00,JPY,USD_JPY,-1,1,0.18859231125184361,0.005066543753545678,2010-05-01 21:00:00+00:00,2010-06-01 21:00:00+00:00,93.834,90.949,-288.5000000000005,2.600000000001046,-13.079634663013701,-304.17963466301524,False,momentum
2010-04-29 21:00:00+00:00,2010-05-01 21:00:00+00:00,2010-06-01 21:00:00+00:00,AUD,AUD_USD,1,1,0.18072872635756254,0.00528699125920547,2010-05-01 21:00:00+00:00,2010-06-01 21:00:00+00:00,0.92325,0.83106,-921.8999999999999,1.80000000000069,17.867342445205473,-905.832657554795,False,momentum
2010-04-29 21:00:00+00:00,2010-05-01 21:00:00+00:00,2010-06-01 21:00:00+00:00,NZD,NZD_USD,1,1,0.16217871953157978,0.005891717478714655,2010-05-01 21:00:00+00:00,2010-06-01 21:00:00+00:00,0.7258,0.67498,-508.19999999999976,2.20000000000109,6.641527397260274,-503.75847260274054,False,momentum
2010-04-29 21:00:00+00:00,2010-05-01 21:00:00+00:00,2010-06-01 21:00:00+00:00,CAD,CAD_JPY,1,1,0.12466114622526779,0.007664867727215685,2010-05-01 21:00:00+00:00,2010-06-01 21:00:00+00:00,92.395,86.16,-623.4999999999999,3.700000000000614,-11.815301112851813,-639.0153011128523,False,momentum
2010-05-31 21:00:00+00:00,2010-06-01 21:00:00+00:00,2010-07-01 21:00:00+00:00,EUR,EUR_USD,-1,-1,0.18875523847365822,0.007736613743703162,2010-06-01 21:00:00+00:00,2010-07-01 21:00:00+00:00,1.22279,1.25279,-300.0000000000002,1.8999999999991246,-10.112981506849316,-312.0129815068487,False,momentum
2010-05-31 21:00:00+00:00,2010-06-01 21:00:00+00:00,2010-07-01 21:00:00+00:00,GBP,GBP_USD,-1,-1,0.2461323160455873,0.005933094831402789,2010-06-01 21:00:00+00:00,2010-07-01 21:00:00+00:00,1.46488,1.51758,-526.9999999999997,2.900000000001235,-14.629352878904108,-544.529352878905,False,momentum
2010-05-31 21:00:00+00:00,2010-06-01 21:00:00+00:00,2010-07-01 21:00:00+00:00,AUD,AUD_USD,1,1,0.1426853912378074,0.010234589256144736,2010-06-01 21:00:00+00:00,2010-07-01 21:00:00+00:00,0.83106,0.8433,122.40000000000028,1.80000000000069,19.387825356164377,139.98782535616397,False,momentum
2010-05-31 21:00:00+00:00,2010-06-01 21:00:00+00:00,2010-07-01 21:00:00+00:00,NZD,NZD_USD,1,1,0.1703978858833419,0.008570096774387467,2010-06-01 21:00:00+00:00,2010-07-01 21:00:00+00:00,0.67498,0.69087,158.89999999999958,2.20000000000109,6.682157917808218,163.3821579178067,False,momentum
2010-05-31 21:00:00+00:00,2010-06-01 21:00:00+00:00,2010-07-01 21:00:00+00:00,CAD,CAD_JPY,1,1,0.10443826059667305,0.013982676117240809,2010-06-01 21:00:00+00:00,2010-07-01 21:00:00+00:00,86.16,82.67,-348.9999999999995,3.700000000000614,-10.227456574178973,-362.9274565741791,False,momentum
2010-05-31 21:00:00+00:00,2010-06-01 21:00:00+00:00,2010-07-01 21:00:00+00:00,CHF,CHF_JPY,-1,-1,0.14759090776293204,0.009894419610975777,2010-06-01 21:00:00+00:00,2010-07-01 21:00:00+00:00,78.59,82.71,-411.99999999999903,5.299999999999727,-15.53111757074424,-432.831117570743,False,momentum
2010-06-30 21:00:00+00:00,2010-07-01 21:00:00+00:00,2010-08-01 21:00:00+00:00,EUR,EUR_USD,-1,-1,0.17605549206641702,0.008441773362234527,2010-07-01 21:00:00+00:00,2010-08-01 21:00:00+00:00,1.25279,1.30629,-534.9999999999987,1.8999999999991246,-9.071893178082192,-545.97189317808,False,momentum
2010-06-30 21:00:00+00:00,2010-07-01 21:00:00+00:00,2010-08-01 21:00:00+00:00,GBP,GBP_USD,-1,-1,0.2237393141995001,0.006642643777285216,2010-07-01 21:00:00+00:00,2010-08-01 21:00:00+00:00,1.51758,1.57106,-534.7999999999997,2.900000000001235,-13.179919982465751,-550.8799199824667,False,momentum
2010-06-30 21:00:00+00:00,2010-07-01 21:00:00+00:00,2010-08-01 21:00:00+00:00,JPY,USD_JPY,1,-1,0.20225750083454777,0.007348160424552761,2010-07-01 21:00:00+00:00,2010-08-01 21:00:00+00:00,87.596,86.346,125.0,2.600000000001046,-13.458297721917816,108.94170227808114,False,momentum
2010-06-30 21:00:00+00:00,2010-07-01 21:00:00+00:00,2010-08-01 21:00:00+00:00,NZD,NZD_USD,1,1,0.13719252085591924,0.010833101935361423,2010-07-01 21:00:00+00:00,2010-08-01 21:00:00+00:00,0.69087,0.72615,352.7999999999998,2.20000000000109,7.380690328767123,357.98069032876583,False,momentum
2010-06-30 21:00:00+00:00,2010-07-01 21:00:00+00:00,2010-08-01 21:00:00+00:00,CAD,CAD_JPY,1,1,0.10165483043518288,0.014620265036485548,2010-07-01 21:00:00+00:00,2010-08-01 21:00:00+00:00,82.67,83.955,128.49999999999966,3.700000000000614,-8.307290339060671,116.49270966093837,False,momentum
2010-06-30 21:00:00+00:00,2010-07-01 21:00:00+00:00,2010-08-01 21:00:00+00:00,CHF,CHF_JPY,-1,-1,0.159100341608433,0.009341403972966674,2010-07-01 21:00:00+00:00,2010-08-01 21:00:00+00:00,82.71,82.995,-28.50000000000108,5.299999999999727,-15.099508225277223,-48.899508225278026,False,momentum
2010-07-31 21:00:00+00:00,2010-08-01 21:00:00+00:00,2010-09-01 21:00:00+00:00,EUR,EUR_USD,-1,-1,0.16766384295015652,0.006769908222754972,2010-08-01 21:00:00+00:00,2010-09-01 21:00:00+00:00,1.30629,1.28093,253.60000000000048,1.8999999999991246,-10.260364493150684,241.43963550685066,False,momentum
2010-07-31 21:00:00+00:00,2010-08-01 21:00:00+00:00,2010-09-01 21:00:00+00:00,GBP,GBP_USD,-1,-1,0.19409258325452688,0.005848079354781267,2010-08-01 21:00:00+00:00,2010-09-01 21:00:00+00:00,1.57106,1.5455,255.59999999999803,2.900000000001235,-14.947419000547942,237.75258099944887,False,momentum
2010-07-31 21:00:00+00:00,2010-08-01 21:00:00+00:00,2010-09-01 21:00:00+00:00,JPY,USD_JPY,1,-1,0.21778528074007222,0.005211871184268293,2010-08-01 21:00:00+00:00,2010-09-01 21:00:00+00:00,86.346,84.427,191.8999999999997,2.600000000001046,-15.394229257534247,173.9057707424644,False,momentum
2010-07-31 21:00:00+00:00,2010-08-01 21:00:00+00:00,2010-09-01 21:00:00+00:00,NZD,NZD_USD,1,1,0.11149703406330218,0.010180260296453539,2010-08-01 21:00:00+00:00,2010-09-01 21:00:00+00:00,0.72615,0.71196,-141.89999999999924,2.20000000000109,8.693368684931508,-135.40663131506884,False,momentum
2010-07-31 21:00:00+00:00,2010-08-01 21:00:00+00:00,2010-09-01 21:00:00+00:00,CAD,CAD_JPY,1,1,0.10968719548218386,0.010348234577948787,2010-08-01 21:00:00+00:00,2010-09-01 21:00:00+00:00,83.955,80.444,-351.09999999999957,3.700000000000614,-7.739967832720165,-362.5399678327203,False,momentum
2010-07-31 21:00:00+00:00,2010-08-01 21:00:00+00:00,2010-09-01 21:00:00+00:00,CHF,CHF_JPY,-1,-1,0.19927406350975835,0.005696018885023535,2010-08-01 21:00:00+00:00,2010-09-01 21:00:00+00:00,82.995,83.11,-11.499999999999488,5.299999999999727,-17.614317233391873,-34.41431723339109,False,momentum
2010-08-31 21:00:00+00:00,2010-09-01 21:00:00+00:00,2010-10-02 21:00:00+00:00,EUR,EUR_USD,-1,-1,0.16352226062409608,0.006606294238387226,2010-09-01 21:00:00+00:00,2010-10-02 21:00:00+00:00,1.28093,1.3787,-977.7000000000013,1.8999999999991246,-9.260041671232878,-988.8600416712333,False,momentum
2010-08-31 21:00:00+00:00,2010-09-01 21:00:00+00:00,2010-10-02 21:00:00+00:00,GBP,GBP_USD,-1,-1,0.2002306115188932,0.005395159910936437,2010-09-01 21:00:00+00:00,2010-10-02 21:00:00+00:00,1.5455,1.58205,-365.4999999999986,2.900000000001235,-13.61226817205479,-382.0122681720546,False,momentum
2010-08-31 21:00:00+00:00,2010-09-01 21:00:00+00:00,2010-10-02 21:00:00+00:00,JPY,USD_JPY,1,-1,0.20207331791186062,0.005345961452863411,2010-09-01 21:00:00+00:00,2010-10-02 21:00:00+00:00,84.427,83.224,120.3000000000003,2.600000000001046,-14.138825821917811,103.56117417808144,False,momentum
2010-08-31 21:00:00+00:00,2010-09-01 21:00:00+00:00,2010-10-02 21:00:00+00:00,AUD,AUD_USD,1,1,0.12388718668950963,0.00871983775785018,2010-09-01 21:00:00+00:00,2010-10-02 21:00:00+00:00,0.91158,0.97239,608.1000000000003,1.80000000000069,18.041792835616437,624.341792835616,False,momentum
2010-08-31 21:00:00+00:00,2010-09-01 21:00:00+00:00,2010-10-02 21:00:00+00:00,NZD,NZD_USD,1,1,0.1287551495619919,0.00839015893254738,2010-09-01 21:00:00+00:00,2010-10-02 21:00:00+00:00,0.71196,0.74503,330.6999999999993,2.20000000000109,7.088463123287672,335.5884631232859,False,momentum
2010-08-31 21:00:00+00:00,2010-09-01 21:00:00+00:00,2010-10-02 21:00:00+00:00,CHF,CHF_JPY,-1,-1,0.18153147369364853,0.005950902872259431,2010-09-01 21:00:00+00:00,2010-10-02 21:00:00+00:00,83.11,85.483,-237.30000000000047,5.299999999999727,-16.200951248767037,-258.8009512487672,False,momentum
2010-09-30 21:00:00+00:00,2010-10-02 21:00:00+00:00,2010-11-01 21:00:00+00:00,EUR,EUR_USD,-1,-1,0.15296416947511016,0.006425105787848849,2010-10-02 21:00:00+00:00,2010-11-01 21:00:00+00:00,1.3787,1.38931,-106.10000000000008,1.8999999999991246,-9.00917701369863,-117.00917701369784,False,momentum
2010-09-30 21:00:00+00:00,2010-10-02 21:00:00+00:00,2010-11-01 21:00:00+00:00,GBP,GBP_USD,-1,-1,0.22530885705563605,0.004362060965873768,2010-10-02 21:00:00+00:00,2010-11-01 21:00:00+00:00,1.58205,1.6036,-215.49999999999957,2.900000000001235,-13.301434163287668,-231.70143416328847,False,momentum
2010-09-30 21:00:00+00:00,2010-10-02 21:00:00+00:00,2010-11-01 21:00:00+00:00,JPY,USD_JPY,1,-1,0.15568422508892915,0.006312848781349724,2010-10-02 21:00:00+00:00,2010-11-01 21:00:00+00:00,83.224,80.513,271.09999999999985,2.600000000001046,-13.585702526027399,254.9142974739714,False,momentum
2010-09-30 21:00:00+00:00,2010-10-02 21:00:00+00:00,2010-11-01 21:00:00+00:00,AUD,AUD_USD,1,1,0.15009358073953227,0.00654798803376916,2010-10-02 21:00:00+00:00,2010-11-01 21:00:00+00:00,0.97239,0.9871,147.1,1.80000000000069,17.518918304794514,162.8189183047938,False,momentum
2010-09-30 21:00:00+00:00,2010-10-02 21:00:00+00:00,2010-11-01 21:00:00+00:00,NZD,NZD_USD,-1,-1,0.15379336935434512,0.006390463872103567,2010-10-02 21:00:00+00:00,2010-11-01 21:00:00+00:00,0.74503,0.7673,-222.7000000000001,2.20000000000109,-16.900733835616435,-241.80073383561762,False,momentum
2010-09-30 21:00:00+00:00,2010-10-02 21:00:00+00:00,2010-11-01 21:00:00+00:00,CHF,CHF_JPY,1,1,0.16215579828644722,0.006060905505777185,2010-10-02 21:00:00+00:00,2010-11-01 21:00:00+00:00,85.483,81.174,-430.89999999999975,5.299999999999727,-21.915510467452812,-458.1155104674523,False,momentum
2010-10-31 21:00:00+00:00,2010-11-01 21:00:00+00:00,2010-12-01 22:00:00+00:00,EUR,EUR_USD,-1,-1,0.15753276854032522,0.006641663938569484,2010-11-01 21:00:00+00:00,2010-12-01 22:00:00+00:00,1.38931,1.31387,754.3999999999995,1.8999999999991246,-9.893474931506852,742.6065250684936,False,momentum
2010-10-31 21:00:00+00:00,2010-11-01 21:00:00+00:00,2010-12-01 22:00:00+00:00,GBP,GBP_USD,-1,-1,0.22028666772863212,0.004749627922313427,2010-11-01 21:00:00+00:00,2010-12-01 22:00:00+00:00,1.6036,1.56228,413.2000000000002,2.900000000001235,-14.634602585205469,395.6653974147935,False,momentum
2010-10-31 21:00:00+00:00,2010-11-01 21:00:00+00:00,2010-12-01 22:00:00+00:00,JPY,USD_JPY,1,-1,0.18702995098722275,0.005594182655957439,2010-11-01 21:00:00+00:00,2010-12-01 22:00:00+00:00,80.513,84.197,-368.39999999999975,2.600000000001046,-15.0639533890411,-386.0639533890419,False,momentum
2010-10-31 21:00:00+00:00,2010-11-01 21:00:00+00:00,2010-12-01 22:00:00+00:00,AUD,AUD_USD,1,1,0.1526218965119457,0.006855370899387292,2010-11-01 21:00:00+00:00,2010-12-01 22:00:00+00:00,0.9871,0.96826,-188.39999999999966,1.80000000000069,20.6552122089041,-169.54478779109627,False,momentum
2010-10-31 21:00:00+00:00,2010-11-01 21:00:00+00:00,2010-12-01 22:00:00+00:00,NZD,NZD_USD,-1,-1,0.15118147708309754,0.0069206871644877455,2010-11-01 21:00:00+00:00,2010-12-01 22:00:00+00:00,0.7673,0.74885,184.49999999999966,2.20000000000109,-19.155727726027393,163.14427227397118,False,momentum
2010-10-31 21:00:00+00:00,2010-11-01 21:00:00+00:00,2010-12-01 22:00:00+00:00,CAD,CAD_JPY,1,1,0.13134723914877672,0.007965753332448599,2010-11-01 21:00:00+00:00,2010-12-01 22:00:00+00:00,79.3,82.776,347.5999999999999,3.700000000000614,-5.151321811859102,338.7486781881402,False,momentum
2010-11-30 22:00:00+00:00,2010-12-01 22:00:00+00:00,2011-01-01 22:00:00+00:00,EUR,EUR_USD,-1,-1,0.13175599462776436,0.0072864155200590055,2010-12-01 22:00:00+00:00,2011-01-01 22:00:00+00:00,1.31387,1.33821,-243.39999999999804,1.8999999999991246,-9.376066575342465,-254.67606657533963,False,momentum
2010-11-30 22:00:00+00:00,2010-12-01 22:00:00+00:00,2011-01-01 22:00:00+00:00,GBP,GBP_USD,-1,-1,0.18053929393804521,0.0053175621947762885,2010-12-01 22:00:00+00:00,2011-01-01 22:00:00+00:00,1.56228,1.56161,6.699999999999484,2.900000000001235,-13.924937742465746,-10.124937742467496,False,momentum
2010-11-30 22:00:00+00:00,2010-12-01 22:00:00+00:00,2011-01-01 22:00:00+00:00,JPY,USD_JPY,1,-1,0.24891040274062726,0.0038569256790642634,2010-12-01 22:00:00+00:00,2011-01-01 22:00:00+00:00,84.197,81.21,298.7000000000009,2.600000000001046,-14.027846027397265,282.07215397260256,False,momentum
2010-11-30 22:00:00+00:00,2010-12-01 22:00:00+00:00,2011-01-01 22:00:00+00:00,AUD,AUD_USD,1,1,0.13284478837424404,0.007226696175780755,2010-12-01 22:00:00+00:00,2011-01-01 22:00:00+00:00,0.96826,1.02314,548.7999999999993,1.7999999999995797,19.542256849315073,566.5422568493148,False,momentum
2010-11-30 22:00:00+00:00,2010-12-01 22:00:00+00:00,2011-01-01 22:00:00+00:00,NZD,NZD_USD,1,1,0.12382112550612992,0.007753353235906628,2010-12-01 22:00:00+00:00,2011-01-01 22:00:00+00:00,0.74885,0.77967,308.1999999999996,2.20000000000109,7.100964821917807,313.1009648219163,False,momentum
2010-11-30 22:00:00+00:00,2010-12-01 22:00:00+00:00,2011-01-01 22:00:00+00:00,CHF,CHF_JPY,-1,-1,0.18212839481318924,0.005271165570317926,2010-12-01 22:00:00+00:00,2011-01-01 22:00:00+00:00,83.994,86.892,-289.7999999999996,5.299999999999727,-15.876942809415526,-310.9769428094149,False,momentum
2010-12-30 22:00:00+00:00,2011-01-01 22:00:00+00:00,2011-02-01 22:00:00+00:00,EUR,EUR_USD,-1,-1,0.1492417355964264,0.00674509095382534,2011-01-01 22:00:00+00:00,2011-02-01 22:00:00+00:00,1.33821,1.38289,-446.8000000000005,1.8999999999991246,-9.476412438356164,-458.1764124383558,False,momentum
2010-12-30 22:00:00+00:00,2011-01-01 22:00:00+00:00,2011-02-01 22:00:00+00:00,GBP,GBP_USD,-1,-1,0.18201459748973578,0.0055305953181113195,2011-01-01 22:00:00+00:00,2011-02-01 22:00:00+00:00,1.56161,1.61415,-525.4000000000003,2.900000000001235,-13.917779052054792,-542.2177790520564,False,momentum
2010-12-30 22:00:00+00:00,2011-01-01 22:00:00+00:00,2011-02-01 22:00:00+00:00,JPY,USD_JPY,1,-1,0.2160745644985825,0.004658804163463918,2011-01-01 22:00:00+00:00,2011-02-01 22:00:00+00:00,81.21,81.358,-14.800000000001035,2.600000000001046,-13.908875687671234,-31.308875687673314,False,momentum
2010-12-30 22:00:00+00:00,2011-01-01 22:00:00+00:00,2011-02-01 22:00:00+00:00,AUD,AUD_USD,1,1,0.14619690064023175,0.0068855705989407994,2011-01-01 22:00:00+00:00,2011-02-01 22:00:00+00:00,1.02314,1.01104,-120.99999999999999,1.7999999999984695,19.603266821917806,-103.19673317808065,False,momentum
2010-12-30 22:00:00+00:00,2011-01-01 22:00:00+00:00,2011-02-01 22:00:00+00:00,NZD,NZD_USD,1,1,0.12846861758595451,0.007835758643788085,2011-01-01 22:00:00+00:00,2011-02-01 22:00:00+00:00,0.77967,0.78132,16.5000000000004,2.20000000000109,8.185487178082191,22.485487178081502,False,momentum
2010-12-30 22:00:00+00:00,2011-01-01 22:00:00+00:00,2011-02-01 22:00:00+00:00,CHF,CHF_JPY,-1,-1,0.17800358418906903,0.0056552180412020375,2011-01-01 22:00:00+00:00,2011-02-01 22:00:00+00:00,86.892,86.982,-9.000000000000341,5.299999999999727,-15.228289026933053,-29.528289026933123,False,momentum
2011-01-31 22:00:00+00:00,2011-02-01 22:00:00+00:00,2011-03-01 22:00:00+00:00,EUR,EUR_USD,-1,-1,0.14769954293369236,0.006336453066171119,2011-02-01 22:00:00+00:00,2011-03-01 22:00:00+00:00,1.38289,1.37767,52.200000000000024,1.8999999999991246,-8.987226356164387,41.312773643836515,False,momentum
2011-01-31 22:00:00+00:00,2011-02-01 22:00:00+00:00,2011-03-01 22:00:00+00:00,GBP,GBP_USD,-1,-1,0.18050647878963016,0.0051848068167403265,2011-02-01 22:00:00+00:00,2011-03-01 22:00:00+00:00,1.61415,1.62666,-125.10000000000021,2.900000000001235,-13.184251907945205,-141.18425190794665,False,momentum
2011-01-31 22:00:00+00:00,2011-02-01 22:00:00+00:00,2011-03-01 22:00:00+00:00,JPY,USD_JPY,1,-1,0.17963622652065586,0.005209924745255391,2011-02-01 22:00:00+00:00,2011-03-01 22:00:00+00:00,81.358,81.85,-49.19999999999902,2.600000000001046,-12.687210109589047,-64.48721010958911,False,momentum
2011-01-31 22:00:00+00:00,2011-02-01 22:00:00+00:00,2011-03-01 22:00:00+00:00,AUD,AUD_USD,1,1,0.14545430959089392,0.00643426258270768,2011-02-01 22:00:00+00:00,2011-03-01 22:00:00+00:00,1.01104,1.01336,23.200000000000998,1.7999999999984695,18.38306736986301,39.783067369865535,False,momentum
2011-01-31 22:00:00+00:00,2011-02-01 22:00:00+00:00,2011-03-01 22:00:00+00:00,CAD,CAD_JPY,-1,-1,0.14667505947771356,0.006380711383563278,2011-02-01 22:00:00+00:00,2011-03-01 22:00:00+00:00,82.124,83.98,-185.60000000000088,3.700000000000614,-15.120075832950695,-204.4200758329522,False,momentum
2011-01-31 22:00:00+00:00,2011-02-01 22:00:00+00:00,2011-03-01 22:00:00+00:00,CHF,CHF_JPY,1,1,0.2000283826874142,0.004678792124999539,2011-02-01 22:00:00+00:00,2011-03-01 22:00:00+00:00,86.982,88.175,119.29999999999978,5.299999999999727,-22.818461675191557,91.1815383248085,False,momentum
2011-02-28 22:00:00+00:00,2011-03-01 22:00:00+00:00,2011-04-01 21:00:00+00:00,EUR,EUR_USD,-1,-1,0.1509116111377279,0.005735213131379366,2011-03-01 22:00:00+00:00,2011-04-01 21:00:00+00:00,1.37767,1.42366,-459.89999999999975,1.8999999999991246,-10.780908657534246,-472.58090865753314,False,momentum
2011-02-28 22:00:00+00:00,2011-03-01 22:00:00+00:00,2011-04-01 21:00:00+00:00,GBP,GBP_USD,-1,-1,0.19092012869372266,0.004533363034042262,2011-03-01 22:00:00+00:00,2011-04-01 21:00:00+00:00,1.62666,1.61119,154.70000000000093,2.900000000001235,-15.844568109589039,135.95543189041067,False,momentum
2011-02-28 22:00:00+00:00,2011-03-01 22:00:00+00:00,2011-04-01 21:00:00+00:00,AUD,AUD_USD,1,1,0.15637799477070458,0.005534731757775782,2011-03-01 22:00:00+00:00,2011-04-01 21:00:00+00:00,1.01336,1.03865,252.90000000000035,1.7999999999984695,21.78056021917808,272.8805602191799,False,momentum
2011-02-28 22:00:00+00:00,2011-03-01 22:00:00+00:00,2011-04-01 21:00:00+00:00,NZD,NZD_USD,1,1,0.1317849691544488,0.006567594615895511,2011-03-01 22:00:00+00:00,2011-04-01 21:00:00+00:00,0.7472,0.768,208.0000000000004,2.20000000000109,5.30228293150685,211.10228293150615,False,momentum
2011-02-28 22:00:00+00:00,2011-03-01 22:00:00+00:00,2011-04-01 21:00:00+00:00,CAD,CAD_JPY,-1,-1,0.151665234663116,0.005706714896114556,2011-03-01 22:00:00+00:00,2011-04-01 21:00:00+00:00,83.98,87.26,-328.0000000000001,3.700000000000614,-17.912911765029186,-349.61291176502993,False,momentum
2011-02-28 22:00:00+00:00,2011-03-01 22:00:00+00:00,2011-04-01 21:00:00+00:00,CHF,CHF_JPY,1,1,0.21834006158028016,0.003964046944067016,2011-03-01 22:00:00+00:00,2011-04-01 21:00:00+00:00,88.175,91.009,283.4000000000003,5.299999999999727,-26.47524584305344,251.62475415694715,False,momentum
2011-03-31 21:00:00+00:00,2011-04-01 21:00:00+00:00,2011-05-01 21:00:00+00:00,EUR,EUR_USD,-1,-1,0.19457356565405143,0.004779717174571784,2011-04-01 21:00:00+00:00,2011-05-01 21:00:00+00:00,1.42366,1.4817,-580.4000000000009,1.8999999999991246,-11.02236589041096,-593.3223658904109,False,momentum
2011-03-31 21:00:00+00:00,2011-04-01 21:00:00+00:00,2011-05-01 21:00:00+00:00,JPY,USD_JPY,1,-1,0.17211712615694438,0.005403335706560178,2011-04-01 21:00:00+00:00,2011-05-01 21:00:00+00:00,84.061,81.121,294.0000000000012,2.600000000001046,-12.296561232876714,279.1034387671234,False,momentum
2011-03-31 21:00:00+00:00,2011-04-01 21:00:00+00:00,2011-05-01 21:00:00+00:00,AUD,AUD_USD,1,1,0.15858414735663928,0.005864436193504589,2011-04-01 21:00:00+00:00,2011-05-01 21:00:00+00:00,1.03865,1.09639,577.399999999999,1.7999999999984695,18.714809095890406,594.3148090958908,False,momentum
2011-03-31 21:00:00+00:00,2011-04-01 21:00:00+00:00,2011-05-01 21:00:00+00:00,NZD,NZD_USD,-1,-1,0.14602331772731594,0.006368891132928752,2011-04-01 21:00:00+00:00,2011-05-01 21:00:00+00:00,0.768,0.8094,-413.9999999999999,2.20000000000109,-14.422272082191775,-430.62227208219275,False,momentum
2011-03-31 21:00:00+00:00,2011-04-01 21:00:00+00:00,2011-05-01 21:00:00+00:00,CAD,CAD_JPY,-1,-1,0.13093824830010523,0.007102635215821755,2011-04-01 21:00:00+00:00,2011-05-01 21:00:00+00:00,87.26,85.767,149.30000000000092,3.700000000000614,-15.413653317041094,130.18634668295923,False,momentum
2011-03-31 21:00:00+00:00,2011-04-01 21:00:00+00:00,2011-05-01 21:00:00+00:00,CHF,CHF_JPY,1,1,0.19776359480494377,0.004702617862461568,2011-04-01 21:00:00+00:00,2011-05-01 21:00:00+00:00,91.009,93.764,275.49999999999955,5.299999999999727,-22.354071311953735,247.8459286880461,False,momentum
2011-04-30 21:00:00+00:00,2011-05-01 21:00:00+00:00,2011-06-01 21:00:00+00:00,GBP,GBP_USD,-1,-1,0.23532399876259824,0.0039393336899597895,2011-05-01 21:00:00+00:00,2011-06-01 21:00:00+00:00,1.67144,1.63332,381.1999999999993,2.900000000001235,-16.464070164383564,361.83592983561454,False,momentum
2011-04-30 21:00:00+00:00,2011-05-01 21:00:00+00:00,2011-06-01 21:00:00+00:00,JPY,USD_JPY,1,-1,0.159708965945745,0.005804431522626467,2011-05-01 21:00:00+00:00,2011-06-01 21:00:00+00:00,81.121,80.953,16.799999999999216,2.600000000001046,-14.384757046575348,-0.18475704657717884,False,momentum
2011-04-30 21:00:00+00:00,2011-05-01 21:00:00+00:00,2011-06-01 21:00:00+00:00,AUD,AUD_USD,1,1,0.15996329178127,0.005795203049766841,2011-05-01 21:00:00+00:00,2011-06-01 21:00:00+00:00,1.09639,1.0614,-349.9000000000008,1.7999999999984695,22.05891821917808,-329.6410817808212,False,momentum
2011-04-30 21:00:00+00:00,2011-05-01 21:00:00+00:00,2011-06-01 21:00:00+00:00,NZD,NZD_USD,-1,-1,0.15721891880127595,0.005896362622575391,2011-05-01 21:00:00+00:00,2011-06-01 21:00:00+00:00,0.8094,0.81458,-51.79999999999962,2.20000000000109,-17.561761150684937,-71.56176115068564,False,momentum
2011-04-30 21:00:00+00:00,2011-05-01 21:00:00+00:00,2011-06-01 21:00:00+00:00,CAD,CAD_JPY,-1,-1,0.11859052560292974,0.007816979911915134,2011-05-01 21:00:00+00:00,2011-06-01 21:00:00+00:00,85.767,82.825,294.1999999999993,3.700000000000614,-18.095639099327524,272.4043609006712,False,momentum
2011-04-30 21:00:00+00:00,2011-05-01 21:00:00+00:00,2011-06-01 21:00:00+00:00,CHF,CHF_JPY,1,1,0.16919429910618097,0.005479024773759019,2011-05-01 21:00:00+00:00,2011-06-01 21:00:00+00:00,93.764,96.154,239.00000000000006,5.299999999999727,-26.86617545005055,206.83382454994978,False,momentum
2011-05-31 21:00:00+00:00,2011-06-01 21:00:00+00:00,2011-07-01 21:00:00+00:00,EUR,EUR_USD,1,1,0.1469147116836499,0.006049567924202196,2011-06-01 21:00:00+00:00,2011-07-01 21:00:00+00:00,1.43276,1.45253,197.70000000000064,1.8999999999991246,-6.484851397260274,189.31514860274123,False,momentum
2011-05-31 21:00:00+00:00,2011-06-01 21:00:00+00:00,2011-07-01 21:00:00+00:00,GBP,GBP_USD,-1,-1,0.22828090856015315,0.0038933195640432922,2011-06-01 21:00:00+00:00,2011-07-01 21:00:00+00:00,1.63332,1.60759,257.3000000000003,2.900000000001235,-15.109131981369856,239.29086801862923,False,momentum
2011-05-31 21:00:00+00:00,2011-06-01 21:00:00+00:00,2011-07-01 21:00:00+00:00,JPY,USD_JPY,-1,1,0.1963044114383878,0.004527511739968065,2011-06-01 21:00:00+00:00,2011-07-01 21:00:00+00:00,80.953,80.83,-12.300000000000466,2.600000000001046,-14.287094827397258,-29.18709482739877,False,momentum
2011-05-31 21:00:00+00:00,2011-06-01 21:00:00+00:00,2011-07-01 21:00:00+00:00,AUD,AUD_USD,1,1,0.14787732428360512,0.006010188050808263,2011-06-01 21:00:00+00:00,2011-07-01 21:00:00+00:00,1.0614,1.07697,155.70000000000084,1.7999999999984695,20.079907232876707,173.97990723287907,False,momentum
2011-05-31 21:00:00+00:00,2011-06-01 21:00:00+00:00,2011-07-01 21:00:00+00:00,CAD,CAD_JPY,-1,-1,0.12535037941551605,0.00709028988614939,2011-06-01 21:00:00+00:00,2011-07-01 21:00:00+00:00,82.825,84.322,-149.7,3.700000000000614,-16.458540272663754,-169.85854027266436,False,momentum
2011-05-31 21:00:00+00:00,2011-06-01 21:00:00+00:00,2011-07-01 21:00:00+00:00,CHF,CHF_JPY,1,1,0.15527226461868793,0.005723949023204066,2011-06-01 21:00:00+00:00,2011-07-01 21:00:00+00:00,96.154,95.436,-71.79999999999893,5.299999999999727,-24.693726638828412,-101.79372663882707,False,momentum
2011-06-30 21:00:00+00:00,2011-07-01 21:00:00+00:00,2011-08-01 21:00:00+00:00,GBP,GBP_USD,-1,-1,0.20580869704861554,0.004071588424416334,2011-07-01 21:00:00+00:00,2011-08-01 21:00:00+00:00,1.60759,1.62944,-218.49999999999923,2.900000000001235,-14.724141282191777,-236.12414128219223,False,momentum
2011-06-30 21:00:00+00:00,2011-07-01 21:00:00+00:00,2011-08-01 21:00:00+00:00,JPY,USD_JPY,-1,1,0.2325609449573372,0.0036032202599670144,2011-07-01 21:00:00+00:00,2011-08-01 21:00:00+00:00,80.83,77.208,-362.2,2.600000000001046,-14.1042001260274,-378.90420012602846,False,momentum
2011-06-30 21:00:00+00:00,2011-07-01 21:00:00+00:00,2011-08-01 21:00:00+00:00,AUD,AUD_USD,1,1,0.14169758874630767,0.0059137795918858685,2011-07-01 21:00:00+00:00,2011-08-01 21:00:00+00:00,1.07697,1.0971,201.2999999999998,1.7999999999984695,19.51365842465754,219.01365842465887,False,momentum
2011-06-30 21:00:00+00:00,2011-07-01 21:00:00+00:00,2011-08-01 21:00:00+00:00,NZD,NZD_USD,1,1,0.13245079460865097,0.006326638590755721,2011-07-01 21:00:00+00:00,2011-08-01 21:00:00+00:00,0.82725,0.87656,493.0999999999996,2.20000000000109,5.557005041095889,496.4570050410944,False,momentum
2011-06-30 21:00:00+00:00,2011-07-01 21:00:00+00:00,2011-08-01 21:00:00+00:00,CAD,CAD_JPY,-1,-1,0.12772503860310427,0.006560720730343822,2011-07-01 21:00:00+00:00,2011-08-01 21:00:00+00:00,84.322,80.666,365.6000000000006,3.700000000000614,-15.880594981621414,346.01940501837856,False,momentum
2011-06-30 21:00:00+00:00,2011-07-01 21:00:00+00:00,2011-08-01 21:00:00+00:00,CHF,CHF_JPY,1,1,0.1597569360359842,0.00524527027958651,2011-07-01 21:00:00+00:00,2011-08-01 21:00:00+00:00,95.436,98.533,309.6999999999994,5.299999999999727,-24.196015956691618,280.2039840433081,False,momentum
2011-07-31 21:00:00+00:00,2011-08-01 21:00:00+00:00,2011-09-01 21:00:00+00:00,GBP,GBP_USD,-1,-1,0.19474185433399638,0.004345373112894378,2011-08-01 21:00:00+00:00,2011-09-01 21:00:00+00:00,1.62944,1.61804,114.00000000000077,2.900000000001235,-16.655078709041092,94.44492129095845,False,momentum
2011-07-31 21:00:00+00:00,2011-08-01 21:00:00+00:00,2011-09-01 21:00:00+00:00,JPY,USD_JPY,-1,1,0.21402000397524126,0.003953957583684731,2011-08-01 21:00:00+00:00,2011-09-01 21:00:00+00:00,77.208,76.925,-28.300000000000125,2.600000000001046,-15.821723426027397,-46.72172342602857,False,momentum
2011-07-31 21:00:00+00:00,2011-08-01 21:00:00+00:00,2011-09-01 21:00:00+00:00,AUD,AUD_USD,1,1,0.16217376668026645,0.005218020368525555,2011-08-01 21:00:00+00:00,2011-09-01 21:00:00+00:00,1.0971,1.07212,-249.8,1.7999999999984695,22.05891821917807,-229.5410817808204,False,momentum
2011-07-31 21:00:00+00:00,2011-08-01 21:00:00+00:00,2011-09-01 21:00:00+00:00,NZD,NZD_USD,1,1,0.13261621479152033,0.0063810147130835635,2011-08-01 21:00:00+00:00,2011-09-01 21:00:00+00:00,0.87656,0.85088,-256.80000000000035,2.20000000000109,7.1228427945205475,-251.87715720548087,False,momentum
2011-07-31 21:00:00+00:00,2011-08-01 21:00:00+00:00,2011-09-01 21:00:00+00:00,CAD,CAD_JPY,-1,-1,0.12493307944198928,0.006773434398301798,2011-08-01 21:00:00+00:00,2011-09-01 21:00:00+00:00,80.666,78.744,192.1999999999997,3.700000000000614,-18.009115770695587,170.4908842293035,False,momentum
2011-07-31 21:00:00+00:00,2011-08-01 21:00:00+00:00,2011-09-01 21:00:00+00:00,CHF,CHF_JPY,1,1,0.17151508077698624,0.004933828640284133,2011-08-01 21:00:00+00:00,2011-09-01 21:00:00+00:00,98.533,96.698,-183.5000000000008,5.299999999999727,-30.45628369268599,-219.2562836926865,False,momentum
2011-08-31 21:00:00+00:00,2011-09-01 21:00:00+00:00,2011-10-01 21:00:00+00:00,GBP,GBP_USD,-1,-1,0.2378145006698194,0.004805825118940587,2011-09-01 21:00:00+00:00,2011-10-01 21:00:00+00:00,1.61804,1.55838,596.5999999999982,2.900000000001235,-14.85740305753424,578.8425969424627,False,momentum
2011-08-31 21:00:00+00:00,2011-09-01 21:00:00+00:00,2011-10-01 21:00:00+00:00,JPY,USD_JPY,-1,1,0.23376953859278032,0.004888981292632059,2011-09-01 21:00:00+00:00,2011-10-01 21:00:00+00:00,76.925,77.053,12.800000000000011,2.600000000001046,-14.026514269863013,-3.826514269864047,False,momentum
2011-08-31 21:00:00+00:00,2011-09-01 21:00:00+00:00,2011-10-01 21:00:00+00:00,AUD,AUD_USD,1,1,0.13846549490589968,0.008254005098844558,2011-09-01 21:00:00+00:00,2011-10-01 21:00:00+00:00,1.07212,0.96617,-1059.4999999999998,1.7999999999995797,19.443115643835608,-1041.8568843561636,False,momentum
2011-08-31 21:00:00+00:00,2011-09-01 21:00:00+00:00,2011-10-01 21:00:00+00:00,NZD,NZD_USD,1,1,0.11238051868702145,0.010169866755556463,2011-09-01 21:00:00+00:00,2011-10-01 21:00:00+00:00,0.85088,0.76142,-894.5999999999998,2.20000000000109,6.230534054794519,-890.5694659452064,False,momentum
2011-08-31 21:00:00+00:00,2011-09-01 21:00:00+00:00,2011-10-01 21:00:00+00:00,CAD,CAD_JPY,-1,-1,0.18283341139926781,0.006251017755564933,2011-09-01 21:00:00+00:00,2011-10-01 21:00:00+00:00,78.744,73.368,537.6000000000005,3.700000000000614,-15.817725747084152,518.0822742529157,False,momentum
2011-08-31 21:00:00+00:00,2011-09-01 21:00:00+00:00,2011-10-01 21:00:00+00:00,CHF,CHF_JPY,1,1,0.09473653574521126,0.012063929633664086,2011-09-01 21:00:00+00:00,2011-10-01 21:00:00+00:00,96.698,84.855,-1184.2999999999988,5.299999999999727,-26.647869514291155,-1216.2478695142897,False,momentum
2011-09-30 21:00:00+00:00,2011-10-01 21:00:00+00:00,2011-11-01 21:00:00+00:00,EUR,EUR_USD,-1,-1,0.19158686726164742,0.00708195833856479,2011-10-01 21:00:00+00:00,2011-11-01 21:00:00+00:00,1.33866,1.37033,-316.70000000000084,1.8999999999991246,-15.124003041095895,-333.72400304109584,False,momentum
2011-09-30 21:00:00+00:00,2011-10-01 21:00:00+00:00,2011-11-01 21:00:00+00:00,GBP,GBP_USD,-1,-1,0.2695912223662875,0.0050328426877328455,2011-10-01 21:00:00+00:00,2011-11-01 21:00:00+00:00,1.55838,1.59488,-364.9999999999998,2.900000000001235,-15.350765316164374,-383.25076531616537,False,momentum
2011-09-30 21:00:00+00:00,2011-10-01 21:00:00+00:00,2011-11-01 21:00:00+00:00,AUD,AUD_USD,1,1,0.1396890378225933,0.009713075795441404,2011-10-01 21:00:00+00:00,2011-11-01 21:00:00+00:00,0.96617,1.033,668.2999999999994,1.7999999999995797,20.13186103767122,686.631861037671,False,momentum
2011-09-30 21:00:00+00:00,2011-10-01 21:00:00+00:00,2011-11-01 21:00:00+00:00,NZD,NZD_USD,1,1,0.1229639441639223,0.011034211869085592,2011-10-01 21:00:00+00:00,2011-11-01 21:00:00+00:00,0.76142,0.79516,337.3999999999999,2.20000000000109,6.4930697260273975,341.69306972602624,False,momentum
2011-09-30 21:00:00+00:00,2011-10-01 21:00:00+00:00,2011-11-01 21:00:00+00:00,CAD,CAD_JPY,-1,-1,0.19174171146908872,0.007076239185347342,2011-10-01 21:00:00+00:00,2011-11-01 21:00:00+00:00,73.368,76.802,-343.40000000000117,3.700000000000614,-16.374960625029345,-363.47496062503114,False,momentum
2011-09-30 21:00:00+00:00,2011-10-01 21:00:00+00:00,2011-11-01 21:00:00+00:00,CHF,CHF_JPY,1,1,0.08442721691646084,0.01607076795514494,2011-10-01 21:00:00+00:00,2011-11-01 21:00:00+00:00,84.855,88.353,349.79999999999905,5.299999999999727,-28.09993914918802,316.4000608508113,False,momentum
2011-10-31 21:00:00+00:00,2011-11-01 21:00:00+00:00,2011-12-01 22:00:00+00:00,EUR,EUR_USD,-1,-1,0.1607440996623432,0.007525378467974687,2011-11-01 21:00:00+00:00,2011-12-01 22:00:00+00:00,1.37033,1.34623,241.00000000000009,1.8999999999991246,-14.060964054794516,225.03903594520645,False,momentum
2011-10-31 21:00:00+00:00,2011-11-01 21:00:00+00:00,2011-12-01 22:00:00+00:00,GBP,GBP_USD,-1,-1,0.2543981782334163,0.004754987613720579,2011-11-01 21:00:00+00:00,2011-12-01 22:00:00+00:00,1.59488,1.56898,259.00000000000034,2.900000000001235,-16.225850974246566,239.87414902575256,False,momentum
2011-10-31 21:00:00+00:00,2011-11-01 21:00:00+00:00,2011-12-01 22:00:00+00:00,JPY,USD_JPY,1,-1,0.23591580044136762,0.005127508137182244,2011-11-01 21:00:00+00:00,2011-12-01 22:00:00+00:00,78.368,77.706,66.19999999999919,2.600000000001046,-13.685584341095892,49.91441565890226,False,momentum
2011-10-31 21:00:00+00:00,2011-11-01 21:00:00+00:00,2011-12-01 22:00:00+00:00,NZD,NZD_USD,1,1,0.12368938125735807,0.009779822440344,2011-11-01 21:00:00+00:00,2011-12-01 22:00:00+00:00,0.79516,0.77949,-156.69999999999962,2.20000000000109,5.383543972602739,-153.51645602739796,False,momentum
2011-10-31 21:00:00+00:00,2011-11-01 21:00:00+00:00,2011-12-01 22:00:00+00:00,CAD,CAD_JPY,-1,-1,0.13659890032644834,0.008855563138225058,2011-11-01 21:00:00+00:00,2011-12-01 22:00:00+00:00,76.802,76.634,16.800000000000637,3.700000000000614,-17.498856810923673,-4.39885681092365,False,momentum
2011-10-31 21:00:00+00:00,2011-11-01 21:00:00+00:00,2011-12-01 22:00:00+00:00,CHF,CHF_JPY,1,1,0.08865364007906648,0.013644788700995576,2011-11-01 21:00:00+00:00,2011-12-01 22:00:00+00:00,88.353,84.862,-349.09999999999997,5.299999999999727,-29.346978431952454,-383.74697843195213,False,momentum
2011-11-30 22:00:00+00:00,2011-12-01 22:00:00+00:00,2012-01-01 22:00:00+00:00,EUR,EUR_USD,-1,-1,0.16588675936952052,0.007678599048456466,2011-12-01 22:00:00+00:00,2012-01-01 22:00:00+00:00,1.34623,1.29409,521.4000000000008,1.8999999999991246,-10.862439671232877,508.6375603287687,False,momentum
2011-11-30 22:00:00+00:00,2011-12-01 22:00:00+00:00,2012-01-01 22:00:00+00:00,GBP,GBP_USD,-1,-1,0.2716855094687133,0.004688427863293947,2011-12-01 22:00:00+00:00,2012-01-01 22:00:00+00:00,1.56898,1.55033,186.50000000000054,2.900000000001235,-14.678802909589038,168.92119709041026,False,momentum
2011-11-30 22:00:00+00:00,2011-12-01 22:00:00+00:00,2012-01-01 22:00:00+00:00,AUD,AUD_USD,1,1,0.1203907567222612,0.010580363038874356,2011-12-01 22:00:00+00:00,2012-01-01 22:00:00+00:00,1.0243,1.02222,-20.800000000000818,1.7999999999984695,17.019875794520548,-5.580124205478739,False,momentum
2011-11-30 22:00:00+00:00,2011-12-01 22:00:00+00:00,2012-01-01 22:00:00+00:00,NZD,NZD_USD,1,1,0.13136272726728362,0.00969664637104079,2011-12-01 22:00:00+00:00,2012-01-01 22:00:00+00:00,0.77949,0.77692,-25.699999999999612,2.20000000000109,5.4288626301369876,-22.471137369863715,False,momentum
2011-11-30 22:00:00+00:00,2011-12-01 22:00:00+00:00,2012-01-01 22:00:00+00:00,CAD,CAD_JPY,-1,-1,0.1557954740716219,0.008175962236622798,2011-12-01 22:00:00+00:00,2012-01-01 22:00:00+00:00,76.634,75.371,126.30000000000052,3.700000000000614,-15.843693447041087,106.75630655295882,False,momentum
2011-11-30 22:00:00+00:00,2011-12-01 22:00:00+00:00,2012-01-01 22:00:00+00:00,CHF,CHF_JPY,1,1,0.15487877310059953,0.00822435435886983,2011-12-01 22:00:00+00:00,2012-01-01 22:00:00+00:00,84.862,81.965,-289.69999999999914,5.299999999999727,-24.359368192294532,-319.3593681922934,False,momentum
2011-12-31 22:00:00+00:00,2012-01-01 22:00:00+00:00,2012-02-01 22:00:00+00:00,EUR,EUR_USD,1,1,0.1832462216513896,0.006154988799722246,2012-01-01 22:00:00+00:00,2012-02-01 22:00:00+00:00,1.29409,1.31609,220.0000000000002,1.8999999999991246,-9.670832547945205,208.42916745205588,False,momentum
2011-12-31 22:00:00+00:00,2012-01-01 22:00:00+00:00,2012-02-01 22:00:00+00:00,JPY,USD_JPY,1,-1,0.2291626860784891,0.004921736872421806,2012-01-01 22:00:00+00:00,2012-02-01 22:00:00+00:00,76.967,76.203,76.39999999999958,2.600000000001046,-14.079340652054803,59.72065934794373,False,momentum
2011-12-31 22:00:00+00:00,2012-01-01 22:00:00+00:00,2012-02-01 22:00:00+00:00,AUD,AUD_USD,-1,-1,0.11904407178635523,0.009474461222058098,2012-01-01 22:00:00+00:00,2012-02-01 22:00:00+00:00,1.02222,1.07048,-482.6000000000019,1.7999999999984695,-31.933000972602738,-516.3330009726031,False,momentum
2011-12-31 22:00:00+00:00,2012-01-01 22:00:00+00:00,2012-02-01 22:00:00+00:00,NZD,NZD_USD,-1,-1,0.12772011404644357,0.008830859964982387,2012-01-01 22:00:00+00:00,2012-02-01 22:00:00+00:00,0.77692,0.83246,-555.3999999999992,2.20000000000109,-18.035262986301372,-575.6352629863017,False,momentum
2011-12-31 22:00:00+00:00,2012-01-01 22:00:00+00:00,2012-02-01 22:00:00+00:00,CAD,CAD_JPY,-1,-1,0.16310926349621963,0.006914864414686441,2012-01-01 22:00:00+00:00,2012-02-01 22:00:00+00:00,75.371,76.302,-93.10000000000116,3.700000000000614,-17.996566793982378,-114.79656679398416,False,momentum
2011-12-31 22:00:00+00:00,2012-01-01 22:00:00+00:00,2012-02-01 22:00:00+00:00,CHF,CHF_JPY,1,1,0.1777176429411029,0.006346462980209068,2012-01-01 22:00:00+00:00,2012-02-01 22:00:00+00:00,81.965,83.256,129.09999999999968,5.299999999999727,-28.523791359373107,95.27620864062685,False,momentum
2012-01-31 22:00:00+00:00,2012-02-01 22:00:00+00:00,2012-03-01 22:00:00+00:00,EUR,EUR_USD,-1,-1,0.14261204202795583,0.005574577416305388,2012-02-01 22:00:00+00:00,2012-03-01 22:00:00+00:00,1.31609,1.33113,-150.3999999999994,1.8999999999991246,-9.786857452054795,-162.08685745205332,False,momentum
2012-01-31 22:00:00+00:00,2012-02-01 22:00:00+00:00,2012-03-01 22:00:00+00:00,GBP,GBP_USD,-1,-1,0.18169126514762993,0.004375564604805152,2012-02-01 22:00:00+00:00,2012-03-01 22:00:00+00:00,1.58326,1.59568,-124.20000000000097,2.900000000001235,-14.112532142465747,-141.21253214246795,False,momentum
2012-01-31 22:00:00+00:00,2012-02-01 22:00:00+00:00,2012-03-01 22:00:00+00:00,JPY,USD_JPY,1,-1,0.2615677045031507,0.003039373191320954,2012-02-01 22:00:00+00:00,2012-03-01 22:00:00+00:00,76.203,81.115,-491.1999999999992,2.600000000001046,-12.562468820547954,-506.3624688205482,False,momentum
2012-01-31 22:00:00+00:00,2012-02-01 22:00:00+00:00,2012-03-01 22:00:00+00:00,AUD,AUD_USD,1,1,0.11714473589088104,0.006786492476476045,2012-02-01 22:00:00+00:00,2012-03-01 22:00:00+00:00,1.07048,1.08086,103.79999999999833,1.7999999999984695,16.56611412328767,118.56611412328752,False,momentum
2012-01-31 22:00:00+00:00,2012-02-01 22:00:00+00:00,2012-03-01 22:00:00+00:00,CAD,CAD_JPY,-1,-1,0.1540159477863731,0.005161815254904252,2012-02-01 22:00:00+00:00,2012-03-01 22:00:00+00:00,76.302,82.298,-599.5999999999995,3.700000000000614,-15.77595862139477,-619.0759586213949,False,momentum
2012-01-31 22:00:00+00:00,2012-02-01 22:00:00+00:00,2012-03-01 22:00:00+00:00,CHF,CHF_JPY,1,1,0.1429683046440094,0.005560686130830114,2012-02-01 22:00:00+00:00,2012-03-01 22:00:00+00:00,83.256,89.524,626.8000000000001,5.299999999999727,-25.446056480690068,596.0539435193102,False,momentum
2012-02-29 22:00:00+00:00,2012-03-01 22:00:00+00:00,2012-04-01 21:00:00+00:00,EUR,EUR_USD,-1,-1,0.14814689953268834,0.005301441757670753,2012-03-01 22:00:00+00:00,2012-04-01 21:00:00+00:00,1.33113,1.33618,-50.499999999999986,1.8999999999991246,-9.561079260273976,-61.96107926027309,False,momentum
2012-02-29 22:00:00+00:00,2012-03-01 22:00:00+00:00,2012-04-01 21:00:00+00:00,GBP,GBP_USD,-1,-1,0.18667280648024384,0.004207319610503462,2012-03-01 22:00:00+00:00,2012-04-01 21:00:00+00:00,1.59568,1.60253,-68.50000000000023,2.900000000001235,-13.75261521534246,-85.15261521534391,False,momentum
2012-02-29 22:00:00+00:00,2012-03-01 22:00:00+00:00,2012-04-01 21:00:00+00:00,JPY,USD_JPY,1,-1,0.18300855896313703,0.004291559716670122,2012-03-01 22:00:00+00:00,2012-04-01 21:00:00+00:00,81.115,83.026,-191.10000000000014,2.600000000001046,-12.894520365753431,-206.59452036575462,False,momentum
2012-02-29 22:00:00+00:00,2012-03-01 22:00:00+00:00,2012-04-01 21:00:00+00:00,AUD,AUD_USD,1,1,0.16870997018261139,0.0046552800560745785,2012-03-01 22:00:00+00:00,2012-04-01 21:00:00+00:00,1.08086,1.04504,-358.1999999999996,1.7999999999984695,16.428841684931513,-343.57115831506655,False,momentum
2012-02-29 22:00:00+00:00,2012-03-01 22:00:00+00:00,2012-04-01 21:00:00+00:00,NZD,NZD_USD,1,1,0.16813269487284346,0.004671263730388842,2012-03-01 22:00:00+00:00,2012-04-01 21:00:00+00:00,0.83948,0.82378,-157.00000000000045,2.20000000000109,5.399171095890409,-153.80082890411114,False,momentum
2012-02-29 22:00:00+00:00,2012-03-01 22:00:00+00:00,2012-04-01 21:00:00+00:00,CAD,CAD_JPY,-1,-1,0.1453290699684759,0.00540423302524685,2012-03-01 22:00:00+00:00,2012-04-01 21:00:00+00:00,82.298,83.368,-106.99999999999932,3.700000000000614,-15.794036356064751,-126.49403635606468,False,momentum
2012-03-31 21:00:00+00:00,2012-04-01 21:00:00+00:00,2012-05-01 21:00:00+00:00,EUR,EUR_USD,-1,-1,0.18172803569343177,0.00458167169854196,2012-04-01 21:00:00+00:00,2012-05-01 21:00:00+00:00,1.33618,1.32371,124.6999999999998,1.8999999999991246,-9.711598054794523,113.08840194520616,False,momentum
2012-03-31 21:00:00+00:00,2012-04-01 21:00:00+00:00,2012-05-01 21:00:00+00:00,GBP,GBP_USD,-1,-1,0.2200648895162825,0.003783512216775563,2012-04-01 21:00:00+00:00,2012-05-01 21:00:00+00:00,1.60253,1.62208,-195.49999999999955,2.900000000001235,-13.973653548493143,-212.3736535484939,False,momentum
2012-03-31 21:00:00+00:00,2012-04-01 21:00:00+00:00,2012-05-01 21:00:00+00:00,JPY,USD_JPY,1,-1,0.16463522893861138,0.005057351353875077,2012-04-01 21:00:00+00:00,2012-05-01 21:00:00+00:00,83.026,80.095,293.09999999999974,2.600000000001046,-13.708668138356167,276.7913318616425,False,momentum
2012-03-31 21:00:00+00:00,2012-04-01 21:00:00+00:00,2012-05-01 21:00:00+00:00,AUD,AUD_USD,1,1,0.162596356969131,0.005120767854142589,2012-04-01 21:00:00+00:00,2012-05-01 21:00:00+00:00,1.04504,1.03334,-117.00000000000043,1.7999999999984695,16.795378160958908,-102.00462183904,False,momentum
2012-03-31 21:00:00+00:00,2012-04-01 21:00:00+00:00,2012-05-01 21:00:00+00:00,NZD,NZD_USD,1,1,0.14217126441599268,0.005856445051596229,2012-04-01 21:00:00+00:00,2012-05-01 21:00:00+00:00,0.82378,0.8153,-84.79999999999932,2.20000000000109,5.9445576986301365,-81.05544230137026,False,momentum
2012-03-31 21:00:00+00:00,2012-04-01 21:00:00+00:00,2012-05-01 21:00:00+00:00,CAD,CAD_JPY,-1,-1,0.12880422446655068,0.006464214985312404,2012-04-01 21:00:00+00:00,2012-05-01 21:00:00+00:00,83.368,81.28,208.7999999999994,3.700000000000614,-16.47784776490909,188.6221522350897,False,momentum
2012-04-30 21:00:00+00:00,2012-05-01 21:00:00+00:00,2012-06-01 21:00:00+00:00,EUR,EUR_USD,-1,-1,0.21579498899165603,0.004195224228394768,2012-05-01 21:00:00+00:00,2012-06-01 21:00:00+00:00,1.32371,1.24344,802.6999999999983,1.8999999999991246,-10.602167589041098,790.1978324109582,False,momentum
2012-04-30 21:00:00+00:00,2012-05-01 21:00:00+00:00,2012-06-01 21:00:00+00:00,JPY,USD_JPY,1,-1,0.1791637081607766,0.005052967341865791,2012-05-01 21:00:00+00:00,2012-06-01 21:00:00+00:00,80.095,78.015,207.99999999999983,2.600000000001046,-15.069724338356178,190.33027566164262,False,momentum
2012-04-30 21:00:00+00:00,2012-05-01 21:00:00+00:00,2012-06-01 21:00:00+00:00,AUD,AUD_USD,-1,-1,0.17115125926161923,0.005289522087594676,2012-05-01 21:00:00+00:00,2012-06-01 21:00:00+00:00,1.03334,0.96992,634.1999999999991,1.7999999999995797,-28.437796839041088,603.9622031609584,False,momentum
2012-04-30 21:00:00+00:00,2012-05-01 21:00:00+00:00,2012-06-01 21:00:00+00:00,NZD,NZD_USD,1,1,0.1513893402757218,0.005980000735422727,2012-05-01 21:00:00+00:00,2012-06-01 21:00:00+00:00,0.8153,0.75455,-607.4999999999997,2.20000000000109,4.74752005479452,-604.9524799452062,False,momentum
2012-04-30 21:00:00+00:00,2012-05-01 21:00:00+00:00,2012-06-01 21:00:00+00:00,CAD,CAD_JPY,-1,-1,0.12831170326350666,0.007055540088379904,2012-05-01 21:00:00+00:00,2012-06-01 21:00:00+00:00,81.28,74.937,634.3000000000003,3.700000000000614,-17.986645740284622,612.613354259715,False,momentum
2012-04-30 21:00:00+00:00,2012-05-01 21:00:00+00:00,2012-06-01 21:00:00+00:00,CHF,CHF_JPY,1,1,0.1541890000467197,0.005871419919123068,2012-05-01 21:00:00+00:00,2012-06-01 21:00:00+00:00,88.232,80.757,-747.4999999999994,5.299999999999727,-29.58539304751191,-782.3853930475111,False,momentum
2012-05-31 21:00:00+00:00,2012-06-01 21:00:00+00:00,2012-07-01 21:00:00+00:00,EUR,EUR_USD,-1,-1,0.18614860944031242,0.003982191571389094,2012-06-01 21:00:00+00:00,2012-07-01 21:00:00+00:00,1.24344,1.26784,-243.99999999999977,1.8999999999991246,-8.94332504109589,-254.8433250410948,False,momentum
2012-05-31 21:00:00+00:00,2012-06-01 21:00:00+00:00,2012-07-01 21:00:00+00:00,GBP,GBP_USD,1,1,0.23115832054677724,0.003206803985189048,2012-06-01 21:00:00+00:00,2012-07-01 21:00:00+00:00,1.53624,1.5699,336.6000000000002,2.900000000001235,-8.070450590684933,325.62954940931405,False,momentum
2012-05-31 21:00:00+00:00,2012-06-01 21:00:00+00:00,2012-07-01 21:00:00+00:00,JPY,USD_JPY,1,-1,0.16852983831414634,0.004398505516615035,2012-06-01 21:00:00+00:00,2012-07-01 21:00:00+00:00,78.015,79.865,-184.99999999999943,2.600000000001046,-12.957112969863013,-200.55711296986348,False,momentum
2012-05-31 21:00:00+00:00,2012-06-01 21:00:00+00:00,2012-07-01 21:00:00+00:00,AUD,AUD_USD,-1,-1,0.147388183538252,0.005029435913677751,2012-06-01 21:00:00+00:00,2012-07-01 21:00:00+00:00,0.96992,1.02646,-565.3999999999992,1.7999999999995797,-22.880646287671233,-590.08064628767,False,momentum
2012-05-31 21:00:00+00:00,2012-06-01 21:00:00+00:00,2012-07-01 21:00:00+00:00,NZD,NZD_USD,1,1,0.13704145374658533,0.0054091619964114915,2012-06-01 21:00:00+00:00,2012-07-01 21:00:00+00:00,0.75455,0.80071,461.59999999999974,2.20000000000109,4.492797945205479,463.89279794520417,False,momentum
2012-05-31 21:00:00+00:00,2012-06-01 21:00:00+00:00,2012-07-01 21:00:00+00:00,CHF,CHF_JPY,-1,-1,0.1297335944139266,0.005713858672364341,2012-06-01 21:00:00+00:00,2012-07-01 21:00:00+00:00,80.757,84.281,-352.4000000000001,5.299999999999727,-11.14774592441289,-368.8477459244127,False,momentum
2012-06-30 21:00:00+00:00,2012-07-01 21:00:00+00:00,2012-08-01 21:00:00+00:00,EUR,EUR_USD,-1,-1,0.16006561316729412,0.005476672724375963,2012-07-01 21:00:00+00:00,2012-08-01 21:00:00+00:00,1.26784,1.22249,453.5,1.8999999999991246,-8.692460383561643,442.90753961643924,False,momentum
2012-06-30 21:00:00+00:00,2012-07-01 21:00:00+00:00,2012-08-01 21:00:00+00:00,GBP,GBP_USD,1,1,0.2326200918298561,0.003768492097342217,2012-07-01 21:00:00+00:00,2012-08-01 21:00:00+00:00,1.5699,1.55364,-162.60000000000161,2.900000000001235,-9.74639179397261,-175.24639179397545,False,momentum
2012-06-30 21:00:00+00:00,2012-07-01 21:00:00+00:00,2012-08-01 21:00:00+00:00,JPY,USD_JPY,1,-1,0.21554207303198808,0.004067080572310055,2012-07-01 21:00:00+00:00,2012-08-01 21:00:00+00:00,79.865,78.431,143.39999999999975,2.600000000001046,-15.103462195890422,125.69653780410829,False,momentum
2012-06-30 21:00:00+00:00,2012-07-01 21:00:00+00:00,2012-08-01 21:00:00+00:00,AUD,AUD_USD,-1,-1,0.13833529491588814,0.006336972630714731,2012-07-01 21:00:00+00:00,2012-08-01 21:00:00+00:00,1.02646,1.04608,-196.1999999999997,1.7999999999984695,-26.750966424657545,-224.75096642465573,False,momentum
2012-06-30 21:00:00+00:00,2012-07-01 21:00:00+00:00,2012-08-01 21:00:00+00:00,CAD,CAD_JPY,1,1,0.12579342860029769,0.006968781974528034,2012-07-01 21:00:00+00:00,2012-08-01 21:00:00+00:00,78.574,77.994,-57.99999999999983,3.700000000000614,-5.237392192602743,-66.93739219260318,False,momentum
2012-06-30 21:00:00+00:00,2012-07-01 21:00:00+00:00,2012-08-01 21:00:00+00:00,CHF,CHF_JPY,-1,-1,0.12764349845467576,0.006867776176278264,2012-07-01 21:00:00+00:00,2012-08-01 21:00:00+00:00,84.281,79.794,448.7000000000009,5.299999999999727,-10.82054708502602,432.57945291497515,False,momentum
2012-07-31 21:00:00+00:00,2012-08-01 21:00:00+00:00,2012-09-01 21:00:00+00:00,EUR,EUR_USD,-1,-1,0.15238070661568143,0.005837513308438518,2012-08-01 21:00:00+00:00,2012-09-01 21:00:00+00:00,1.22249,1.25759,-350.9999999999991,1.8999999999991246,-7.513396493150685,-360.4133964931489,False,momentum
2012-07-31 21:00:00+00:00,2012-08-01 21:00:00+00:00,2012-09-01 21:00:00+00:00,GBP,GBP_USD,1,1,0.198924129047602,0.004471676749709157,2012-08-01 21:00:00+00:00,2012-09-01 21:00:00+00:00,1.55364,1.5864,327.6000000000012,2.900000000001235,-8.710841336986308,315.98915866301365,False,momentum
2012-07-31 21:00:00+00:00,2012-08-01 21:00:00+00:00,2012-09-01 21:00:00+00:00,JPY,USD_JPY,1,-1,0.24691525191438912,0.003602549441241982,2012-08-01 21:00:00+00:00,2012-09-01 21:00:00+00:00,78.431,78.386,4.5000000000001705,2.600000000001046,-13.348649684931507,-11.448649684932382,False,momentum
2012-07-31 21:00:00+00:00,2012-08-01 21:00:00+00:00,2012-09-01 21:00:00+00:00,NZD,NZD_USD,-1,-1,0.13979456684001634,0.006363082793026534,2012-08-01 21:00:00+00:00,2012-09-01 21:00:00+00:00,0.80761,0.80148,61.30000000000079,2.20000000000109,-14.725438273972603,44.374561726027096,False,momentum
2012-07-31 21:00:00+00:00,2012-08-01 21:00:00+00:00,2012-09-01 21:00:00+00:00,CAD,CAD_JPY,1,1,0.13802925561401616,0.00644446279784167,2012-08-01 21:00:00+00:00,2012-09-01 21:00:00+00:00,77.994,79.4,140.6000000000006,3.700000000000614,-4.752458309589045,132.14754169041095,False,momentum
2012-07-31 21:00:00+00:00,2012-08-01 21:00:00+00:00,2012-09-01 21:00:00+00:00,CHF,CHF_JPY,-1,-1,0.12395608996829485,0.007176125054007639,2012-08-01 21:00:00+00:00,2012-09-01 21:00:00+00:00,79.794,82.072,-227.80000000000058,5.299999999999727,-9.297788688589037,-242.39778868858934,False,momentum
2012-08-30 21:00:00+00:00,2012-09-01 21:00:00+00:00,2012-10-01 21:00:00+00:00,EUR,EUR_USD,-1,-1,0.15258109295598135,0.005223936420326844,2012-09-01 21:00:00+00:00,2012-10-01 21:00:00+00:00,1.25759,1.28882,-312.3000000000009,1.8999999999991246,-7.096333999999999,-321.29633400000006,False,momentum
2012-08-30 21:00:00+00:00,2012-09-01 21:00:00+00:00,2012-10-01 21:00:00+00:00,JPY,USD_JPY,1,-1,0.26006723818319666,0.0030648763531858306,2012-09-01 21:00:00+00:00,2012-10-01 21:00:00+00:00,78.386,77.995,39.09999999999911,2.600000000001046,-13.152437408219178,23.34756259177889,False,momentum
2012-08-30 21:00:00+00:00,2012-09-01 21:00:00+00:00,2012-10-01 21:00:00+00:00,AUD,AUD_USD,1,1,0.15846618907736096,0.005029930568702617,2012-09-01 21:00:00+00:00,2012-10-01 21:00:00+00:00,1.03229,1.03616,38.7000000000004,1.7999999999984695,12.122395571917806,49.02239557191974,False,momentum
2012-08-30 21:00:00+00:00,2012-09-01 21:00:00+00:00,2012-10-01 21:00:00+00:00,NZD,NZD_USD,-1,-1,0.15982704915433893,0.004987102826232639,2012-09-01 21:00:00+00:00,2012-10-01 21:00:00+00:00,0.80148,0.82769,-262.10000000000065,2.20000000000109,-14.645739945205479,-278.9457399452072,False,momentum
2012-08-30 21:00:00+00:00,2012-09-01 21:00:00+00:00,2012-10-01 21:00:00+00:00,CAD,CAD_JPY,1,1,0.14521842216663838,0.005488793478498085,2012-09-01 21:00:00+00:00,2012-10-01 21:00:00+00:00,79.4,79.396,-0.40000000000048885,3.700000000000614,-4.597664351396699,-8.697664351397801,False,momentum
2012-08-30 21:00:00+00:00,2012-09-01 21:00:00+00:00,2012-10-01 21:00:00+00:00,CHF,CHF_JPY,-1,-1,0.12384000846248376,0.006436320042625749,2012-09-01 21:00:00+00:00,2012-10-01 21:00:00+00:00,82.072,83.124,-105.19999999999925,5.299999999999727,-9.956903922770774,-120.45690392276975,False,momentum
2012-09-30 21:00:00+00:00,2012-10-01 21:00:00+00:00,2012-11-01 21:00:00+00:00,EUR,EUR_USD,-1,-1,0.15519448324148777,0.004725320323998981,2012-10-01 21:00:00+00:00,2012-11-01 21:00:00+00:00,1.28882,1.29428,-54.6000000000002,1.8999999999991246,-7.958681260273971,-64.4586812602733,False,momentum
2012-09-30 21:00:00+00:00,2012-10-01 21:00:00+00:00,2012-11-01 21:00:00+00:00,JPY,USD_JPY,-1,1,0.2172949541566815,0.003374876552838593,2012-10-01 21:00:00+00:00,2012-11-01 21:00:00+00:00,77.995,80.126,213.10000000000002,2.600000000001046,-14.900147212328767,195.59985278767022,False,momentum
2012-09-30 21:00:00+00:00,2012-10-01 21:00:00+00:00,2012-11-01 21:00:00+00:00,AUD,AUD_USD,1,1,0.16787426015863968,0.004368410291968037,2012-10-01 21:00:00+00:00,2012-11-01 21:00:00+00:00,1.03616,1.04002,38.599999999999746,1.7999999999984695,12.33736039726027,49.137360397261546,False,momentum
2012-09-30 21:00:00+00:00,2012-10-01 21:00:00+00:00,2012-11-01 21:00:00+00:00,NZD,NZD_USD,1,1,0.14907440265637456,0.004919312992478812,2012-10-01 21:00:00+00:00,2012-11-01 21:00:00+00:00,0.82769,0.82694,-7.500000000000284,2.20000000000109,5.517937232876712,-4.182062767124663,False,momentum
2012-09-30 21:00:00+00:00,2012-10-01 21:00:00+00:00,2012-11-01 21:00:00+00:00,CAD,CAD_JPY,1,1,0.1695259572569067,0.004325848723698294,2012-10-01 21:00:00+00:00,2012-11-01 21:00:00+00:00,79.396,80.402,100.60000000000002,3.700000000000614,-5.227795595975765,91.67220440402365,False,momentum
2012-09-30 21:00:00+00:00,2012-10-01 21:00:00+00:00,2012-11-01 21:00:00+00:00,CHF,CHF_JPY,-1,-1,0.14103594252990986,0.0051996933028472464,2012-10-01 21:00:00+00:00,2012-11-01 21:00:00+00:00,83.124,85.98,-285.6000000000009,5.299999999999727,-12.818253491432369,-303.71825349143296,False,momentum
2012-10-31 21:00:00+00:00,2012-11-01 21:00:00+00:00,2012-12-01 22:00:00+00:00,EUR,EUR_USD,-1,-1,0.16480743581641852,0.004065003105123249,2012-11-01 21:00:00+00:00,2012-12-01 22:00:00+00:00,1.29428,1.29851,-42.29999999999956,1.8999999999991246,-6.999123945205477,-51.19912394520416,False,momentum
2012-10-31 21:00:00+00:00,2012-11-01 21:00:00+00:00,2012-12-01 22:00:00+00:00,GBP,GBP_USD,1,1,0.24072900529131647,0.0027829747293244347,2012-11-01 21:00:00+00:00,2012-12-01 22:00:00+00:00,1.61302,1.60111,-119.09999999999864,2.900000000001235,-8.989112482191782,-130.98911248219167,False,momentum
2012-10-31 21:00:00+00:00,2012-11-01 21:00:00+00:00,2012-12-01 22:00:00+00:00,AUD,AUD_USD,-1,-1,0.1574285971067171,0.0042555339414414245,2012-11-01 21:00:00+00:00,2012-12-01 22:00:00+00:00,1.04002,1.04264,-26.200000000000667,1.7999999999984695,-22.11420850684931,-50.11420850684844,False,momentum
2012-10-31 21:00:00+00:00,2012-11-01 21:00:00+00:00,2012-12-01 22:00:00+00:00,NZD,NZD_USD,1,1,0.13794543085211722,0.0048565779540704485,2012-11-01 21:00:00+00:00,2012-12-01 22:00:00+00:00,0.82694,0.82045,-64.89999999999995,2.20000000000109,4.802214986301368,-62.29778501369968,False,momentum
2012-10-31 21:00:00+00:00,2012-11-01 21:00:00+00:00,2012-12-01 22:00:00+00:00,CAD,CAD_JPY,1,1,0.15670974168284277,0.004275054831607128,2012-11-01 21:00:00+00:00,2012-12-01 22:00:00+00:00,80.402,82.944,254.20000000000016,3.700000000000614,-4.612514323248582,245.88748567675097,False,momentum
2012-10-31 21:00:00+00:00,2012-11-01 21:00:00+00:00,2012-12-01 22:00:00+00:00,CHF,CHF_JPY,-1,-1,0.1423797892505879,0.004705321884990609,2012-11-01 21:00:00+00:00,2012-12-01 22:00:00+00:00,85.98,88.86,-287.99999999999955,5.299999999999727,-9.983484114125085,-303.28348411412435,False,momentum
2012-11-30 22:00:00+00:00,2012-12-01 22:00:00+00:00,2013-01-01 22:00:00+00:00,EUR,EUR_USD,-1,-1,0.19302703359867426,0.00320501799979418,2012-12-01 22:00:00+00:00,2013-01-01 22:00:00+00:00,1.29851,1.32074,-222.2999999999997,1.8999999999991246,-7.221766328767122,-231.42176632876595,False,momentum
2012-11-30 22:00:00+00:00,2012-12-01 22:00:00+00:00,2013-01-01 22:00:00+00:00,GBP,GBP_USD,1,1,0.22243618900558368,0.002781270079731033,2012-12-01 22:00:00+00:00,2013-01-01 22:00:00+00:00,1.60111,1.62566,245.5000000000007,2.900000000001235,-9.270393948493156,233.32960605150632,False,momentum
2012-11-30 22:00:00+00:00,2012-12-01 22:00:00+00:00,2013-01-01 22:00:00+00:00,JPY,USD_JPY,-1,1,0.17781638330752436,0.003479179508789662,2012-12-01 22:00:00+00:00,2013-01-01 22:00:00+00:00,82.481,86.758,427.7000000000001,2.600000000001046,-13.48670854931507,411.61329145068396,False,momentum
2012-11-30 22:00:00+00:00,2012-12-01 22:00:00+00:00,2013-01-01 22:00:00+00:00,NZD,NZD_USD,1,1,0.14761251872984027,0.004191074865830902,2012-12-01 22:00:00+00:00,2013-01-01 22:00:00+00:00,0.82045,0.82884,83.90000000000008,2.20000000000109,5.535127068493149,87.23512706849215,False,momentum
2012-11-30 22:00:00+00:00,2012-12-01 22:00:00+00:00,2013-01-01 22:00:00+00:00,CAD,CAD_JPY,1,1,0.13150551404228214,0.004704404386661038,2012-12-01 22:00:00+00:00,2013-01-01 22:00:00+00:00,82.944,87.375,443.09999999999974,3.700000000000614,-4.731073643058898,434.66892635694023,False,momentum
2012-11-30 22:00:00+00:00,2012-12-01 22:00:00+00:00,2013-01-01 22:00:00+00:00,CHF,CHF_JPY,-1,-1,0.12760236131609523,0.004848304614035322,2012-12-01 22:00:00+00:00,2013-01-01 22:00:00+00:00,88.86,94.862,-600.1999999999995,5.299999999999727,-11.911635637524116,-617.4116356375233,False,momentum
2012-12-30 22:00:00+00:00,2013-01-01 22:00:00+00:00,2013-02-02 22:00:00+00:00,EUR,EUR_USD,-1,-1,0.21138895477556072,0.0030115554401769057,2013-01-01 22:00:00+00:00,2013-02-02 22:00:00+00:00,1.32074,1.36404,-432.9999999999989,1.8999999999991246,-8.146829753424658,-443.0468297534227,False,momentum
2012-12-30 22:00:00+00:00,2013-01-01 22:00:00+00:00,2013-02-02 22:00:00+00:00,GBP,GBP_USD,1,1,0.24655652483429052,0.0025820024725588266,2013-01-01 22:00:00+00:00,2013-02-02 22:00:00+00:00,1.62566,1.56925,-564.1000000000007,2.900000000001235,-10.202161750136991,-577.2021617501389,False,momentum
2012-12-30 22:00:00+00:00,2013-01-01 22:00:00+00:00,2013-02-02 22:00:00+00:00,JPY,USD_JPY,-1,1,0.15037605046508443,0.004233450438276161,2013-01-01 22:00:00+00:00,2013-02-02 22:00:00+00:00,86.758,92.828,607.0000000000007,2.600000000001046,-15.135424376712326,589.2645756232873,False,momentum
2012-12-30 22:00:00+00:00,2013-01-01 22:00:00+00:00,2013-02-02 22:00:00+00:00,NZD,NZD_USD,1,1,0.14501163644937518,0.004390058427965508,2013-01-01 22:00:00+00:00,2013-02-02 22:00:00+00:00,0.82884,0.84526,164.1999999999999,2.20000000000109,5.150699835616437,167.15069983561526,False,momentum
2012-12-30 22:00:00+00:00,2013-01-01 22:00:00+00:00,2013-02-02 22:00:00+00:00,CAD,CAD_JPY,1,1,0.13060219949941992,0.0048744168106485625,2013-01-01 22:00:00+00:00,2013-02-02 22:00:00+00:00,87.375,93.14,576.5,3.700000000000614,-5.197098180019713,567.6029018199797,False,momentum
2012-12-30 22:00:00+00:00,2013-01-01 22:00:00+00:00,2013-02-02 22:00:00+00:00,CHF,CHF_JPY,-1,-1,0.11606463397626922,0.005484957259916161,2013-01-01 22:00:00+00:00,2013-02-02 22:00:00+00:00,94.862,102.206,-734.4000000000008,5.299999999999727,-12.113095015746211,-751.8130950157467,False,momentum
2013-01-31 22:00:00+00:00,2013-02-02 22:00:00+00:00,2013-03-01 22:00:00+00:00,EUR,EUR_USD,1,1,0.1857925823440764,0.0038155715470306207,2013-02-02 22:00:00+00:00,2013-03-01 22:00:00+00:00,1.36404,1.302,-620.3999999999987,1.8999999999991246,-10.90634098630137,-633.2063409862993,False,momentum
2013-01-31 22:00:00+00:00,2013-02-02 22:00:00+00:00,2013-03-01 22:00:00+00:00,GBP,GBP_USD,1,1,0.21453781263672117,0.0033043354088903507,2013-02-02 22:00:00+00:00,2013-03-01 22:00:00+00:00,1.56925,1.50386,-653.9000000000005,2.900000000001235,-8.483525383013703,-665.2835253830154,False,momentum
2013-01-31 22:00:00+00:00,2013-02-02 22:00:00+00:00,2013-03-01 22:00:00+00:00,JPY,USD_JPY,-1,1,0.12462830256924456,0.005688153302477404,2013-02-02 22:00:00+00:00,2013-03-01 22:00:00+00:00,92.828,93.588,75.99999999999909,2.600000000001046,-12.813283156164383,60.58671684383366,False,momentum
2013-01-31 22:00:00+00:00,2013-02-02 22:00:00+00:00,2013-03-01 22:00:00+00:00,AUD,AUD_USD,-1,-1,0.20845407077744926,0.0034007725932022983,2013-02-02 22:00:00+00:00,2013-03-01 22:00:00+00:00,1.04067,1.02055,201.19999999999914,1.7999999999984695,-20.11422534246575,179.28577465753492,False,momentum
2013-01-31 22:00:00+00:00,2013-02-02 22:00:00+00:00,2013-03-01 22:00:00+00:00,NZD,NZD_USD,-1,-1,0.1549821507722689,0.00457410667814946,2013-02-02 22:00:00+00:00,2013-03-01 22:00:00+00:00,0.84526,0.8249,203.60000000000045,2.20000000000109,-14.25818728767123,187.14181271232812,False,momentum
2013-01-31 22:00:00+00:00,2013-02-02 22:00:00+00:00,2013-03-01 22:00:00+00:00,CAD,CAD_JPY,1,1,0.11160508090023967,0.006351905174237271,2013-02-02 22:00:00+00:00,2013-03-01 22:00:00+00:00,93.14,91.157,-198.3000000000004,3.700000000000614,-4.361098015263171,-206.3610980152642,False,momentum
2013-02-28 22:00:00+00:00,2013-03-01 22:00:00+00:00,2013-04-01 21:00:00+00:00,EUR,EUR_USD,1,1,0.18823344227401811,0.0045626330656785225,2013-03-01 22:00:00+00:00,2013-04-01 21:00:00+00:00,1.302,1.28484,-171.60000000000062,1.8999999999991246,-11.323403479452056,-184.8234034794518,False,momentum
2013-02-28 22:00:00+00:00,2013-03-01 22:00:00+00:00,2013-04-01 21:00:00+00:00,GBP,GBP_USD,1,1,0.2101098457479574,0.004087576785031616,2013-03-01 22:00:00+00:00,2013-04-01 21:00:00+00:00,1.50386,1.52292,190.60000000000076,2.900000000001235,-8.722735776438363,178.97726422356118,False,momentum
2013-02-28 22:00:00+00:00,2013-03-01 22:00:00+00:00,2013-04-01 21:00:00+00:00,JPY,USD_JPY,-1,1,0.12271646889464458,0.0069985726897280765,2013-03-01 22:00:00+00:00,2013-04-01 21:00:00+00:00,93.588,93.234,-35.39999999999992,2.600000000001046,-13.227459749315068,-51.22745974931603,False,momentum
2013-02-28 22:00:00+00:00,2013-03-01 22:00:00+00:00,2013-04-01 21:00:00+00:00,AUD,AUD_USD,-1,-1,0.21410123929241193,0.004011373921161432,2013-03-01 22:00:00+00:00,2013-04-01 21:00:00+00:00,1.02055,1.04234,-217.89999999999975,1.7999999999984695,-20.815840027397257,-240.51584002739548,False,momentum
2013-02-28 22:00:00+00:00,2013-03-01 22:00:00+00:00,2013-04-01 21:00:00+00:00,NZD,NZD_USD,1,1,0.16341851329760895,0.005255464086996382,2013-03-01 22:00:00+00:00,2013-04-01 21:00:00+00:00,0.8249,0.83696,120.6000000000007,2.20000000000109,4.864723479452054,123.26472347945166,False,momentum
2013-02-28 22:00:00+00:00,2013-03-01 22:00:00+00:00,2013-04-01 21:00:00+00:00,CHF,CHF_JPY,-1,-1,0.10142049049335902,0.008468112544201914,2013-03-01 22:00:00+00:00,2013-04-01 21:00:00+00:00,99.258,98.496,76.20000000000005,5.299999999999727,-11.447343632217859,59.45265636778246,False,momentum
2013-03-31 21:00:00+00:00,2013-04-01 21:00:00+00:00,2013-05-01 21:00:00+00:00,EUR,EUR_USD,1,1,0.17448630737898613,0.0047953085175447,2013-04-01 21:00:00+00:00,2013-05-01 21:00:00+00:00,1.28484,1.31796,331.2000000000004,1.8999999999991246,-12.47738090410959,316.8226190958917,False,momentum
2013-03-31 21:00:00+00:00,2013-04-01 21:00:00+00:00,2013-05-01 21:00:00+00:00,GBP,GBP_USD,-1,-1,0.20195947585347562,0.004142987955546208,2013-04-01 21:00:00+00:00,2013-05-01 21:00:00+00:00,1.52292,1.55554,-326.1999999999987,2.900000000001235,-14.402550882191772,-343.50255088219166,False,momentum
2013-03-31 21:00:00+00:00,2013-04-01 21:00:00+00:00,2013-05-01 21:00:00+00:00,JPY,USD_JPY,-1,1,0.11930616424396788,0.007013180595248909,2013-04-01 21:00:00+00:00,2013-05-01 21:00:00+00:00,93.234,97.392,415.8000000000001,2.600000000001046,-14.483307104109585,398.7166928958895,False,momentum
2013-03-31 21:00:00+00:00,2013-04-01 21:00:00+00:00,2013-05-01 21:00:00+00:00,AUD,AUD_USD,1,1,0.21855866992109335,0.0038283344068274923,2013-04-01 21:00:00+00:00,2013-05-01 21:00:00+00:00,1.04234,1.02784,-144.99999999999957,1.7999999999984695,10.297339438356165,-136.50266056164187,False,momentum
2013-03-31 21:00:00+00:00,2013-04-01 21:00:00+00:00,2013-05-01 21:00:00+00:00,NZD,NZD_USD,1,1,0.1747610300131958,0.004787770339338217,2013-04-01 21:00:00+00:00,2013-05-01 21:00:00+00:00,0.83696,0.84996,130.0000000000001,2.20000000000109,5.592947424657532,133.39294742465654,False,momentum
2013-03-31 21:00:00+00:00,2013-04-01 21:00:00+00:00,2013-05-01 21:00:00+00:00,CHF,CHF_JPY,-1,-1,0.11092835258928124,0.007542847761089212,2013-04-01 21:00:00+00:00,2013-05-01 21:00:00+00:00,98.496,105.019,-652.300000000001,5.299999999999727,-12.725103928115182,-670.3251039281159,False,momentum
2013-04-30 21:00:00+00:00,2013-05-01 21:00:00+00:00,2013-06-02 21:00:00+00:00,GBP,GBP_USD,-1,-1,0.237781187382912,0.004379518467795821,2013-05-01 21:00:00+00:00,2013-06-02 21:00:00+00:00,1.55554,1.52076,347.8000000000003,2.900000000001235,-13.869503780821912,331.03049621917717,False,momentum
2013-04-30 21:00:00+00:00,2013-05-01 21:00:00+00:00,2013-06-02 21:00:00+00:00,JPY,USD_JPY,-1,1,0.12908661191649626,0.008067196791186393,2013-05-01 21:00:00+00:00,2013-06-02 21:00:00+00:00,97.392,100.452,306.0000000000002,2.600000000001046,-14.094433904109586,289.3055660958896,False,momentum
2013-04-30 21:00:00+00:00,2013-05-01 21:00:00+00:00,2013-06-02 21:00:00+00:00,AUD,AUD_USD,1,1,0.2256514700941831,0.004614936038321545,2013-05-01 21:00:00+00:00,2013-06-02 21:00:00+00:00,1.02784,0.96225,-655.9000000000003,1.7999999999995797,8.838819780821915,-648.861180219178,False,momentum
2013-04-30 21:00:00+00:00,2013-05-01 21:00:00+00:00,2013-06-02 21:00:00+00:00,NZD,NZD_USD,1,1,0.17970273709450088,0.0057949429055733,2013-05-01 21:00:00+00:00,2013-06-02 21:00:00+00:00,0.84996,0.79731,-526.5000000000008,2.20000000000109,5.055374383561643,-523.6446256164402,False,momentum
2013-04-30 21:00:00+00:00,2013-05-01 21:00:00+00:00,2013-06-02 21:00:00+00:00,CAD,CAD_JPY,1,1,0.11464236628430982,0.009083614855395787,2013-05-01 21:00:00+00:00,2013-06-02 21:00:00+00:00,96.579,96.824,24.500000000000455,3.700000000000614,-4.58144004171855,16.21855995828129,False,momentum
2013-04-30 21:00:00+00:00,2013-05-01 21:00:00+00:00,2013-06-02 21:00:00+00:00,CHF,CHF_JPY,-1,-1,0.11313562722759792,0.00920459033954827,2013-05-01 21:00:00+00:00,2013-06-02 21:00:00+00:00,105.019,105.065,-4.599999999999227,5.299999999999727,-12.01846453969521,-21.918464539694163,False,momentum
2013-05-30 21:00:00+00:00,2013-06-02 21:00:00+00:00,2013-07-01 21:00:00+00:00,EUR,EUR_USD,1,1,0.20860918770570142,0.004722336271157068,2013-06-02 21:00:00+00:00,2013-07-01 21:00:00+00:00,1.29939,1.30638,69.90000000000052,1.8999999999991246,-10.8593038630137,57.14069613698769,False,momentum
2013-05-30 21:00:00+00:00,2013-06-02 21:00:00+00:00,2013-07-01 21:00:00+00:00,GBP,GBP_USD,-1,-1,0.22820595075547612,0.004316814396548367,2013-06-02 21:00:00+00:00,2013-07-01 21:00:00+00:00,1.52076,1.52169,-9.300000000000974,2.900000000001235,-13.431648906301367,-25.631648906303575,False,momentum
2013-05-30 21:00:00+00:00,2013-06-02 21:00:00+00:00,2013-07-01 21:00:00+00:00,JPY,USD_JPY,-1,1,0.1159429518081051,0.008496615949796622,2013-06-02 21:00:00+00:00,2013-07-01 21:00:00+00:00,100.452,99.658,-79.3999999999997,2.600000000001046,-13.760162763013694,-95.76016276301443,False,momentum
2013-05-30 21:00:00+00:00,2013-06-02 21:00:00+00:00,2013-07-01 21:00:00+00:00,AUD,AUD_USD,1,1,0.18496654130687973,0.005325950988967354,2013-06-02 21:00:00+00:00,2013-07-01 21:00:00+00:00,0.96225,0.92388,-383.70000000000016,1.80000000000069,8.325954698630134,-377.1740453013707,False,momentum
2013-05-30 21:00:00+00:00,2013-06-02 21:00:00+00:00,2013-07-01 21:00:00+00:00,NZD,NZD_USD,1,1,0.14965008437462668,0.006582841150514417,2013-06-02 21:00:00+00:00,2013-07-01 21:00:00+00:00,0.79731,0.78221,-151.00000000000003,2.20000000000109,5.081940493150684,-148.11805950685044,False,momentum
2013-05-30 21:00:00+00:00,2013-06-02 21:00:00+00:00,2013-07-01 21:00:00+00:00,CAD,CAD_JPY,-1,-1,0.11262528404921097,0.00874690565192096,2013-06-02 21:00:00+00:00,2013-07-01 21:00:00+00:00,96.824,94.939,188.5000000000005,3.700000000000614,-16.013990082881687,168.7860099171182,False,momentum
2013-06-30 21:00:00+00:00,2013-07-01 21:00:00+00:00,2013-08-01 21:00:00+00:00,EUR,EUR_USD,1,1,0.23215659702792918,0.004605533896943987,2013-07-01 21:00:00+00:00,2013-08-01 21:00:00+00:00,1.30638,1.32068,142.9999999999998,1.8999999999991246,-12.3331337260274,128.76686627397328,False,momentum
2013-06-30 21:00:00+00:00,2013-07-01 21:00:00+00:00,2013-08-01 21:00:00+00:00,GBP,GBP_USD,-1,-1,0.22982157907413453,0.004652326736761283,2013-07-01 21:00:00+00:00,2013-08-01 21:00:00+00:00,1.52169,1.512,96.89999999999976,2.900000000001235,-15.368570264109584,78.63142973588894,False,momentum
2013-06-30 21:00:00+00:00,2013-07-01 21:00:00+00:00,2013-08-01 21:00:00+00:00,JPY,USD_JPY,-1,1,0.11913037021806883,0.008975083977780875,2013-07-01 21:00:00+00:00,2013-08-01 21:00:00+00:00,99.658,99.542,-11.599999999999966,2.600000000001046,-15.69209902602739,-29.892099026028404,False,momentum
2013-06-30 21:00:00+00:00,2013-07-01 21:00:00+00:00,2013-08-01 21:00:00+00:00,AUD,AUD_USD,-1,-1,0.14093193166138787,0.007586677230680656,2013-07-01 21:00:00+00:00,2013-08-01 21:00:00+00:00,0.92388,0.89256,313.2000000000001,1.80000000000069,-22.411632123287657,288.9883678767118,False,momentum
2013-06-30 21:00:00+00:00,2013-07-01 21:00:00+00:00,2013-08-01 21:00:00+00:00,NZD,NZD_USD,1,1,0.12981474039668361,0.008236391905449657,2013-07-01 21:00:00+00:00,2013-08-01 21:00:00+00:00,0.78221,0.7892,69.90000000000052,2.20000000000109,5.8117271506849315,73.51172715068435,False,momentum
2013-06-30 21:00:00+00:00,2013-07-01 21:00:00+00:00,2013-08-01 21:00:00+00:00,CHF,CHF_JPY,1,1,0.14814478162179606,0.007217298276093883,2013-07-01 21:00:00+00:00,2013-08-01 21:00:00+00:00,105.428,106.247,81.90000000000026,5.299999999999727,-30.04826733300801,46.55173266699252,False,momentum
2013-07-31 21:00:00+00:00,2013-08-01 21:00:00+00:00,2013-09-01 21:00:00+00:00,EUR,EUR_USD,1,1,0.2165499545861481,0.004963255592863111,2013-08-01 21:00:00+00:00,2013-09-01 21:00:00+00:00,1.32068,1.32143,7.500000000000284,1.8999999999991246,-10.755822191780823,-5.155822191779663,False,momentum
2013-07-31 21:00:00+00:00,2013-08-01 21:00:00+00:00,2013-09-01 21:00:00+00:00,GBP,GBP_USD,1,1,0.1945127553908126,0.005525564485858482,2013-08-01 21:00:00+00:00,2013-09-01 21:00:00+00:00,1.512,1.55338,413.7999999999997,2.900000000001235,-8.148204981917813,402.7517950180807,False,momentum
2013-07-31 21:00:00+00:00,2013-08-01 21:00:00+00:00,2013-09-01 21:00:00+00:00,JPY,USD_JPY,-1,1,0.12039597317313688,0.008927148848145721,2013-08-01 21:00:00+00:00,2013-09-01 21:00:00+00:00,99.542,98.441,-110.09999999999991,2.600000000001046,-13.90665609178082,-126.60665609178177,False,momentum
2013-07-31 21:00:00+00:00,2013-08-01 21:00:00+00:00,2013-09-01 21:00:00+00:00,AUD,AUD_USD,-1,-1,0.12778954987627436,0.008410646835164258,2013-08-01 21:00:00+00:00,2013-09-01 21:00:00+00:00,0.89256,0.8945,-19.399999999999416,1.80000000000069,-18.67286473972602,-39.872864739726126,False,momentum
2013-07-31 21:00:00+00:00,2013-08-01 21:00:00+00:00,2013-09-01 21:00:00+00:00,CAD,CAD_JPY,-1,-1,0.15242153705270514,0.007051449513084916,2013-08-01 21:00:00+00:00,2013-09-01 21:00:00+00:00,96.2,93.478,272.20000000000084,3.700000000000614,-15.911161130841482,252.58883886915874,False,momentum
2013-07-31 21:00:00+00:00,2013-08-01 21:00:00+00:00,2013-09-01 21:00:00+00:00,CHF,CHF_JPY,1,1,0.1883302299209229,0.005706958323606581,2013-08-01 21:00:00+00:00,2013-09-01 21:00:00+00:00,106.247,105.648,-59.900000000000375,5.299999999999727,-26.481197726841714,-91.68119772684182,False,momentum
2013-08-29 21:00:00+00:00,2013-09-01 21:00:00+00:00,2013-10-01 21:00:00+00:00,EUR,EUR_USD,1,1,0.24236305029449323,0.004733262121286893,2013-09-01 21:00:00+00:00,2013-10-01 21:00:00+00:00,1.32143,1.35262,311.8999999999983,1.8999999999991246,-11.10389690410959,298.89610309588954,False,momentum
2013-08-29 21:00:00+00:00,2013-09-01 21:00:00+00:00,2013-10-01 21:00:00+00:00,JPY,USD_JPY,-1,1,0.1308189395242589,0.008769126624403996,2013-09-01 21:00:00+00:00,2013-10-01 21:00:00+00:00,98.441,97.995,-44.599999999999795,2.600000000001046,-14.418494904109586,-61.61849490411043,False,momentum
2013-08-29 21:00:00+00:00,2013-09-01 21:00:00+00:00,2013-10-01 21:00:00+00:00,AUD,AUD_USD,-1,-1,0.14471512701336886,0.007927076244437798,2013-09-01 21:00:00+00:00,2013-10-01 21:00:00+00:00,0.8945,0.93986,-453.60000000000065,1.80000000000069,-19.044644260273973,-474.4446442602753,False,momentum
2013-08-29 21:00:00+00:00,2013-09-01 21:00:00+00:00,2013-10-01 21:00:00+00:00,NZD,NZD_USD,1,1,0.14380742583274758,0.00797711132728755,2013-09-01 21:00:00+00:00,2013-10-01 21:00:00+00:00,0.77639,0.82762,512.3,2.20000000000109,5.933618712328766,516.0336187123277,False,momentum
2013-08-29 21:00:00+00:00,2013-09-01 21:00:00+00:00,2013-10-01 21:00:00+00:00,CAD,CAD_JPY,-1,-1,0.150248481689721,0.007635137690958488,2013-09-01 21:00:00+00:00,2013-10-01 21:00:00+00:00,93.478,94.932,-145.40000000000077,3.700000000000614,-16.452783552582815,-165.5527835525842,False,momentum
2013-08-29 21:00:00+00:00,2013-09-01 21:00:00+00:00,2013-10-01 21:00:00+00:00,CHF,CHF_JPY,1,1,0.18804697564541034,0.006100432307518868,2013-09-01 21:00:00+00:00,2013-10-01 21:00:00+00:00,105.648,108.227,257.9000000000008,5.299999999999727,-27.199454545292273,225.40054545470878,False,momentum
2013-09-30 21:00:00+00:00,2013-10-01 21:00:00+00:00,2013-11-03 22:00:00+00:00,EUR,EUR_USD,1,1,0.21428371442801747,0.0043648881618697675,2013-10-01 21:00:00+00:00,2013-11-03 22:00:00+00:00,1.35262,1.34868,-39.39999999999832,1.8999999999991246,-12.273553369863015,-53.57355336986046,False,momentum
2013-09-30 21:00:00+00:00,2013-10-01 21:00:00+00:00,2013-11-03 22:00:00+00:00,GBP,GBP_USD,1,1,0.19482312259215884,0.004800890345784756,2013-10-01 21:00:00+00:00,2013-11-03 22:00:00+00:00,1.61953,1.59255,-269.8,2.900000000001235,-9.260481915616444,-281.96048191561766,False,momentum
2013-09-30 21:00:00+00:00,2013-10-01 21:00:00+00:00,2013-11-03 22:00:00+00:00,JPY,USD_JPY,-1,1,0.1282086932522078,0.007295327833568952,2013-10-01 21:00:00+00:00,2013-11-03 22:00:00+00:00,97.995,98.812,81.6999999999993,2.600000000001046,-15.776443669863008,63.323556330135254,False,momentum
2013-09-30 21:00:00+00:00,2013-10-01 21:00:00+00:00,2013-11-03 22:00:00+00:00,AUD,AUD_USD,-1,-1,0.12661832346223115,0.007386959665970718,2013-10-01 21:00:00+00:00,2013-11-03 22:00:00+00:00,0.93986,0.94592,-60.59999999999954,1.80000000000069,-20.913074671232877,-83.31307467123311,False,momentum
2013-09-30 21:00:00+00:00,2013-10-01 21:00:00+00:00,2013-11-03 22:00:00+00:00,CAD,CAD_JPY,-1,-1,0.14830081652598198,0.006306940651432412,2013-10-01 21:00:00+00:00,2013-11-03 22:00:00+00:00,94.932,94.854,7.800000000000296,3.700000000000614,-18.11198917873225,-14.01198917873257,False,momentum
2013-09-30 21:00:00+00:00,2013-10-01 21:00:00+00:00,2013-11-03 22:00:00+00:00,CHF,CHF_JPY,1,1,0.18776532973940288,0.004981347992659029,2013-10-01 21:00:00+00:00,2013-11-03 22:00:00+00:00,108.227,108.34,11.299999999999955,5.299999999999727,-28.758015993102454,-22.758015993102227,False,momentum
2013-10-31 21:00:00+00:00,2013-11-03 22:00:00+00:00,2013-12-01 22:00:00+00:00,EUR,EUR_USD,1,1,0.21725204498332412,0.003965726184728735,2013-11-03 22:00:00+00:00,2013-12-01 22:00:00+00:00,1.34868,1.35892,102.39999999999804,1.8999999999991246,-10.40461167123288,90.09538832876603,False,momentum
2013-10-31 21:00:00+00:00,2013-11-03 22:00:00+00:00,2013-12-01 22:00:00+00:00,GBP,GBP_USD,1,1,0.1929185273975604,0.004465937694520928,2013-11-03 22:00:00+00:00,2013-12-01 22:00:00+00:00,1.59255,1.63721,446.60000000000144,2.900000000001235,-7.859434424109591,435.84056557589065,False,momentum
2013-10-31 21:00:00+00:00,2013-11-03 22:00:00+00:00,2013-12-01 22:00:00+00:00,JPY,USD_JPY,-1,1,0.13783920200441213,0.006250486878534421,2013-11-03 22:00:00+00:00,2013-12-01 22:00:00+00:00,98.812,102.512,370.0000000000003,2.600000000001046,-13.399256471232874,354.00074352876635,False,momentum
2013-10-31 21:00:00+00:00,2013-11-03 22:00:00+00:00,2013-12-01 22:00:00+00:00,AUD,AUD_USD,-1,-1,0.14678051978686196,0.005869730702189203,2013-11-03 22:00:00+00:00,2013-12-01 22:00:00+00:00,0.94592,0.9129,330.19999999999936,1.80000000000069,-17.75008890410959,310.6499110958891,False,momentum
2013-10-31 21:00:00+00:00,2013-11-03 22:00:00+00:00,2013-12-01 22:00:00+00:00,CAD,CAD_JPY,-1,-1,0.13253473074545633,0.006500651705634301,2013-11-03 22:00:00+00:00,2013-12-01 22:00:00+00:00,94.854,96.488,-163.40000000000003,3.700000000000614,-15.392039585424648,-182.4920395854253,False,momentum
2013-10-31 21:00:00+00:00,2013-11-03 22:00:00+00:00,2013-12-01 22:00:00+00:00,CHF,CHF_JPY,1,1,0.17267497508238513,0.004989501941813935,2013-11-03 22:00:00+00:00,2013-12-01 22:00:00+00:00,108.34,113.124,478.3999999999992,5.299999999999727,-24.893202749220407,448.20679725077906,False,momentum
2013-11-28 22:00:00+00:00,2013-12-01 22:00:00+00:00,2014-01-01 22:00:00+00:00,EUR,EUR_USD,1,1,0.2179851349432527,0.00396901624392085,2013-12-01 22:00:00+00:00,2014-01-01 22:00:00+00:00,1.35892,1.37525,163.30000000000177,1.8999999999991246,-12.254738520547946,149.1452614794547,False,momentum
2013-11-28 22:00:00+00:00,2013-12-01 22:00:00+00:00,2014-01-01 22:00:00+00:00,JPY,USD_JPY,-1,1,0.1635496954870419,0.0052900529037768675,2013-12-01 22:00:00+00:00,2014-01-01 22:00:00+00:00,102.512,105.246,273.39999999999947,2.600000000001046,-15.803078820547942,254.99692117945048,False,momentum
2013-11-28 22:00:00+00:00,2013-12-01 22:00:00+00:00,2014-01-01 22:00:00+00:00,AUD,AUD_USD,-1,-1,0.1506999329826764,0.005741120944111537,2013-12-01 22:00:00+00:00,2014-01-01 22:00:00+00:00,0.9129,0.8887,241.99999999999997,1.80000000000069,-20.92451404109589,219.2754859589034,False,momentum
2013-11-28 22:00:00+00:00,2013-12-01 22:00:00+00:00,2014-01-01 22:00:00+00:00,NZD,NZD_USD,1,1,0.14126727134325895,0.006124465584252497,2013-12-01 22:00:00+00:00,2014-01-01 22:00:00+00:00,0.81524,0.81954,43.00000000000081,2.20000000000109,6.5352629589041085,47.335262958903826,False,momentum
2013-11-28 22:00:00+00:00,2013-12-01 22:00:00+00:00,2014-01-01 22:00:00+00:00,CAD,CAD_JPY,-1,-1,0.15797604003754337,0.005476694702041113,2013-12-01 22:00:00+00:00,2014-01-01 22:00:00+00:00,96.488,98.882,-239.40000000000055,3.700000000000614,-18.13218521592777,-261.23218521592895,False,momentum
2013-11-28 22:00:00+00:00,2013-12-01 22:00:00+00:00,2014-01-01 22:00:00+00:00,CHF,CHF_JPY,1,1,0.16852192520622666,0.005133970196841075,2013-12-01 22:00:00+00:00,2014-01-01 22:00:00+00:00,113.124,118.049,492.50000000000114,5.299999999999727,-28.813011252129176,458.38698874787224,False,momentum
2013-12-30 22:00:00+00:00,2014-01-01 22:00:00+00:00,2014-02-02 22:00:00+00:00,EUR,EUR_USD,1,1,0.20777650656398458,0.00364262570879026,2014-01-01 22:00:00+00:00,2014-02-02 22:00:00+00:00,1.37525,1.3483,-269.5000000000003,1.8999999999991246,-11.016094273972605,-282.416094273972,False,momentum
2013-12-30 22:00:00+00:00,2014-01-01 22:00:00+00:00,2014-02-02 22:00:00+00:00,GBP,GBP_USD,1,1,0.18695376255265606,0.004048338124670954,2014-01-01 22:00:00+00:00,2014-02-02 22:00:00+00:00,1.65661,1.64244,-141.70000000000016,2.900000000001235,-8.280952800000005,-152.88095280000138,False,momentum
2013-12-30 22:00:00+00:00,2014-01-01 22:00:00+00:00,2014-02-02 22:00:00+00:00,JPY,USD_JPY,-1,1,0.15503073445336196,0.004881948390177324,2014-01-01 22:00:00+00:00,2014-02-02 22:00:00+00:00,105.246,102.008,-323.79999999999995,2.600000000001046,-14.542792273972601,-340.9427922739736,False,momentum
2013-12-30 22:00:00+00:00,2014-01-01 22:00:00+00:00,2014-02-02 22:00:00+00:00,AUD,AUD_USD,-1,-1,0.14767483990952066,0.005125125207220922,2014-01-01 22:00:00+00:00,2014-02-02 22:00:00+00:00,0.8887,0.87681,118.90000000000066,1.80000000000069,-19.098027986301364,98.0019720136986,False,momentum
2013-12-30 22:00:00+00:00,2014-01-01 22:00:00+00:00,2014-02-02 22:00:00+00:00,CAD,CAD_JPY,-1,-1,0.14804527084594485,0.005112301393809296,2014-01-01 22:00:00+00:00,2014-02-02 22:00:00+00:00,98.882,91.758,712.4000000000009,3.700000000000614,-16.47042717160646,692.2295728283938,False,momentum
2013-12-30 22:00:00+00:00,2014-01-01 22:00:00+00:00,2014-02-02 22:00:00+00:00,CHF,CHF_JPY,1,1,0.15451888567453198,0.004898120001245543,2014-01-01 22:00:00+00:00,2014-02-02 22:00:00+00:00,118.049,112.502,-554.7000000000011,5.299999999999727,-27.10764452920273,-587.1076445292035,False,momentum
2014-01-30 22:00:00+00:00,2014-02-02 22:00:00+00:00,2014-03-02 22:00:00+00:00,EUR,EUR_USD,1,1,0.21157270831206365,0.003695410085511278,2014-02-02 22:00:00+00:00,2014-03-02 22:00:00+00:00,1.3483,1.37608,277.79999999999916,1.8999999999991246,-10.25409287671233,265.6459071232877,False,momentum
2014-01-30 22:00:00+00:00,2014-02-02 22:00:00+00:00,2014-03-02 22:00:00+00:00,GBP,GBP_USD,1,1,0.21414173500009678,0.0036510767978739983,2014-02-02 22:00:00+00:00,2014-03-02 22:00:00+00:00,1.64244,1.67156,291.20000000000033,2.900000000001235,-7.78909570191781,280.5109042980813,False,momentum
2014-01-30 22:00:00+00:00,2014-02-02 22:00:00+00:00,2014-03-02 22:00:00+00:00,JPY,USD_JPY,-1,1,0.14374133621844182,0.005439269876600922,2014-02-02 22:00:00+00:00,2014-03-02 22:00:00+00:00,102.008,101.492,-51.59999999999911,2.600000000001046,-13.736635046575337,-67.9366350465755,False,momentum
2014-01-30 22:00:00+00:00,2014-02-02 22:00:00+00:00,2014-03-02 22:00:00+00:00,AUD,AUD_USD,-1,-1,0.13641040425960166,0.005731585683357455,2014-02-02 22:00:00+00:00,2014-03-02 22:00:00+00:00,0.87681,0.88958,-127.70000000000059,1.80000000000069,-17.84160386301369,-147.34160386301497,False,momentum
2014-01-30 22:00:00+00:00,2014-02-02 22:00:00+00:00,2014-03-02 22:00:00+00:00,CAD,CAD_JPY,-1,-1,0.1525389906003833,0.005125561123998752,2014-02-02 22:00:00+00:00,2014-03-02 22:00:00+00:00,91.758,91.6,15.800000000000125,3.700000000000614,-15.271001767267485,-3.171001767267974,False,momentum
2014-01-30 22:00:00+00:00,2014-02-02 22:00:00+00:00,2014-03-02 22:00:00+00:00,CHF,CHF_JPY,1,1,0.14159482560941278,0.005521726636198216,2014-02-02 22:00:00+00:00,2014-03-02 22:00:00+00:00,112.502,115.242,274.0000000000009,5.299999999999727,-25.526605723672617,243.17339427632857,False,momentum
2014-02-27 22:00:00+00:00,2014-03-02 22:00:00+00:00,2014-04-01 21:00:00+00:00,EUR,EUR_USD,1,1,0.21770299645751334,0.0035191633714527167,2014-03-02 22:00:00+00:00,2014-04-01 21:00:00+00:00,1.37608,1.37926,31.799999999999606,1.8999999999991246,-11.094489479452056,18.805510520548424,False,momentum
2014-02-27 22:00:00+00:00,2014-03-02 22:00:00+00:00,2014-04-01 21:00:00+00:00,GBP,GBP_USD,1,1,0.21312554091929764,0.003594747056988754,2014-03-02 22:00:00+00:00,2014-04-01 21:00:00+00:00,1.67156,1.66298,-85.80000000000031,2.900000000001235,-8.511462631232883,-97.21146263123444,False,momentum
2014-02-27 22:00:00+00:00,2014-03-02 22:00:00+00:00,2014-04-01 21:00:00+00:00,JPY,USD_JPY,-1,1,0.1478672660580057,0.005181217124067481,2014-03-02 22:00:00+00:00,2014-04-01 21:00:00+00:00,101.492,103.666,217.39999999999924,2.600000000001046,-14.42737328767123,200.37262671232696,False,momentum
2014-02-27 22:00:00+00:00,2014-03-02 22:00:00+00:00,2014-04-01 21:00:00+00:00,AUD,AUD_USD,-1,-1,0.12998920123180377,0.005893815822612624,2014-03-02 22:00:00+00:00,2014-04-01 21:00:00+00:00,0.88958,0.92454,-349.5999999999999,1.80000000000069,-19.05036394520548,-370.4503639452061,False,momentum
2014-02-27 22:00:00+00:00,2014-03-02 22:00:00+00:00,2014-04-01 21:00:00+00:00,CAD,CAD_JPY,-1,-1,0.13976846416279293,0.005481439719452321,2014-03-02 22:00:00+00:00,2014-04-01 21:00:00+00:00,91.6,94.024,-242.40000000000066,3.700000000000614,-16.443474201761237,-262.54347420176254,False,momentum
2014-02-27 22:00:00+00:00,2014-03-02 22:00:00+00:00,2014-04-01 21:00:00+00:00,CHF,CHF_JPY,1,1,0.15154653117058656,0.005055426904667277,2014-03-02 22:00:00+00:00,2014-04-01 21:00:00+00:00,115.242,117.345,210.29999999999944,5.299999999999727,-27.041261088711387,177.95873891128832,False,momentum
2014-03-31 21:00:00+00:00,2014-04-01 21:00:00+00:00,2014-05-01 21:00:00+00:00,EUR,EUR_USD,1,1,0.20878921704011766,0.0035517913676032203,2014-04-01 21:00:00+00:00,2014-05-01 21:00:00+00:00,1.37926,1.38686,76.00000000000051,1.8999999999991246,-11.947429315068497,62.15257068493289,False,momentum
2014-03-31 21:00:00+00:00,2014-04-01 21:00:00+00:00,2014-05-01 21:00:00+00:00,GBP,GBP_USD,1,1,0.22290216916247055,0.0033269112701689325,2014-04-01 21:00:00+00:00,2014-05-01 21:00:00+00:00,1.66298,1.68918,262.0,2.900000000001235,-9.141794499726029,249.95820550027275,False,momentum
2014-03-31 21:00:00+00:00,2014-04-01 21:00:00+00:00,2014-05-01 21:00:00+00:00,JPY,USD_JPY,-1,1,0.15436656611479688,0.0048039919355350675,2014-04-01 21:00:00+00:00,2014-05-01 21:00:00+00:00,103.666,102.322,-134.3999999999994,2.600000000001046,-15.095915569863006,-152.09591556986345,False,momentum
2014-03-31 21:00:00+00:00,2014-04-01 21:00:00+00:00,2014-05-01 21:00:00+00:00,AUD,AUD_USD,-1,-1,0.12999962903300002,0.005704445037635286,2014-04-01 21:00:00+00:00,2014-05-01 21:00:00+00:00,0.92454,0.92726,-27.199999999999445,1.80000000000069,-20.25149778082192,-49.251497780822056,False,momentum
2014-03-31 21:00:00+00:00,2014-04-01 21:00:00+00:00,2014-05-01 21:00:00+00:00,CAD,CAD_JPY,-1,-1,0.1272116969233717,0.005829461886499533,2014-04-01 21:00:00+00:00,2014-05-01 21:00:00+00:00,94.024,93.361,66.29999999999967,3.700000000000614,-17.649376251076323,44.95062374892274,False,momentum
2014-03-31 21:00:00+00:00,2014-04-01 21:00:00+00:00,2014-05-01 21:00:00+00:00,CHF,CHF_JPY,1,1,0.1567307217262432,0.00473152761988178,2014-04-01 21:00:00+00:00,2014-05-01 21:00:00+00:00,117.345,116.375,-96.99999999999989,5.299999999999727,-28.496017966950063,-130.79601796694968,False,momentum
2014-04-30 21:00:00+00:00,2014-05-01 21:00:00+00:00,2014-06-01 21:00:00+00:00,EUR,EUR_USD,1,1,0.21188710987154644,0.0028959274292336247,2014-05-01 21:00:00+00:00,2014-06-01 21:00:00+00:00,1.38686,1.36384,-230.2000000000004,1.8999999999991246,-10.790316082191783,-242.8903160821913,False,momentum
2014-04-30 21:00:00+00:00,2014-05-01 21:00:00+00:00,2014-06-01 21:00:00+00:00,GBP,GBP_USD,1,1,0.2350636968945005,0.002610397528349287,2014-05-01 21:00:00+00:00,2014-06-01 21:00:00+00:00,1.68918,1.67675,-124.2999999999994,2.900000000001235,-8.227978490958908,-135.42797849095956,False,momentum
2014-04-30 21:00:00+00:00,2014-05-01 21:00:00+00:00,2014-06-01 21:00:00+00:00,JPY,USD_JPY,-1,1,0.1618899665534498,0.0037902885919459364,2014-05-01 21:00:00+00:00,2014-06-01 21:00:00+00:00,102.322,101.868,-45.40000000000077,2.600000000001046,-13.857824982191778,-61.8578249821936,False,momentum
2014-04-30 21:00:00+00:00,2014-05-01 21:00:00+00:00,2014-06-01 21:00:00+00:00,AUD,AUD_USD,-1,-1,0.12508754361271016,0.004905442026089168,2014-05-01 21:00:00+00:00,2014-06-01 21:00:00+00:00,0.92726,0.93106,-38.000000000000256,1.80000000000069,-18.375441123287672,-58.17544112328862,False,momentum
2014-04-30 21:00:00+00:00,2014-05-01 21:00:00+00:00,2014-06-01 21:00:00+00:00,CAD,CAD_JPY,-1,-1,0.11984521200414551,0.005120018423070793,2014-05-01 21:00:00+00:00,2014-06-01 21:00:00+00:00,93.361,93.948,-58.69999999999891,3.700000000000614,-15.900803397769087,-78.3008033977686,False,momentum
2014-04-30 21:00:00+00:00,2014-05-01 21:00:00+00:00,2014-06-01 21:00:00+00:00,CHF,CHF_JPY,1,1,0.1462264710636476,0.004196296942097205,2014-05-01 21:00:00+00:00,2014-06-01 21:00:00+00:00,116.375,113.846,-252.89999999999964,5.299999999999727,-26.016557824477466,-284.2165578244768,False,momentum
2014-05-29 21:00:00+00:00,2014-06-01 21:00:00+00:00,2014-07-01 21:00:00+00:00,GBP,GBP_USD,1,1,0.2425123386133321,0.0024897269474527715,2014-06-01 21:00:00+00:00,2014-07-01 21:00:00+00:00,1.67675,1.71501,382.59999999999957,2.900000000001235,-8.591089295342467,371.1089107046559,False,momentum
2014-05-29 21:00:00+00:00,2014-06-01 21:00:00+00:00,2014-07-01 21:00:00+00:00,JPY,USD_JPY,-1,1,0.17530641010308406,0.0034441952475118423,2014-06-01 21:00:00+00:00,2014-07-01 21:00:00+00:00,101.868,101.524,-34.39999999999941,2.600000000001046,-14.214292082191776,-51.21429208219223,False,momentum
2014-05-29 21:00:00+00:00,2014-06-01 21:00:00+00:00,2014-07-01 21:00:00+00:00,AUD,AUD_USD,-1,-1,0.14220251932539935,0.0042459831752612205,2014-06-01 21:00:00+00:00,2014-07-01 21:00:00+00:00,0.93106,0.94972,-186.60000000000008,1.80000000000069,-18.956942424657537,-207.3569424246583,False,momentum
2014-05-29 21:00:00+00:00,2014-06-01 21:00:00+00:00,2014-07-01 21:00:00+00:00,NZD,NZD_USD,1,1,0.14411513241033716,0.004189632930539467,2014-06-01 21:00:00+00:00,2014-07-01 21:00:00+00:00,0.84924,0.87745,282.09999999999957,2.20000000000109,10.423291232876712,290.3232912328752,False,momentum
2014-05-29 21:00:00+00:00,2014-06-01 21:00:00+00:00,2014-07-01 21:00:00+00:00,CAD,CAD_JPY,-1,-1,0.13648581209980382,0.0044238261490057995,2014-06-01 21:00:00+00:00,2014-07-01 21:00:00+00:00,93.948,95.48,-153.20000000000107,3.700000000000614,-16.471688201256,-173.37168820125768,False,momentum
2014-05-29 21:00:00+00:00,2014-06-01 21:00:00+00:00,2014-07-01 21:00:00+00:00,CHF,CHF_JPY,1,1,0.15937778744804354,0.003788416906792843,2014-06-01 21:00:00+00:00,2014-07-01 21:00:00+00:00,113.846,114.409,56.30000000000024,5.299999999999727,-26.571362209558462,24.42863779044205,False,momentum
2014-06-30 21:00:00+00:00,2014-07-01 21:00:00+00:00,2014-08-03 21:00:00+00:00,GBP,GBP_USD,1,1,0.20048523393773976,0.0026627265872889157,2014-07-01 21:00:00+00:00,2014-08-03 21:00:00+00:00,1.71501,1.68344,-315.69999999999874,2.900000000001235,-9.36077700383562,-327.9607770038356,False,momentum
2014-06-30 21:00:00+00:00,2014-07-01 21:00:00+00:00,2014-08-03 21:00:00+00:00,JPY,USD_JPY,-1,1,0.1896664161369626,0.0028146119573396753,2014-07-01 21:00:00+00:00,2014-08-03 21:00:00+00:00,101.524,102.558,103.4000000000006,2.600000000001046,-15.700977409589035,85.09902259041053,False,momentum
2014-06-30 21:00:00+00:00,2014-07-01 21:00:00+00:00,2014-08-03 21:00:00+00:00,AUD,AUD_USD,-1,-1,0.13435010970516972,0.0039734791727104625,2014-07-01 21:00:00+00:00,2014-08-03 21:00:00+00:00,0.94972,0.931,187.1999999999996,1.80000000000069,-20.880663123287672,164.51933687671124,False,momentum
2014-06-30 21:00:00+00:00,2014-07-01 21:00:00+00:00,2014-08-03 21:00:00+00:00,NZD,NZD_USD,1,1,0.11776863154559827,0.004532933394561554,2014-07-01 21:00:00+00:00,2014-08-03 21:00:00+00:00,0.87745,0.85073,-267.19999999999965,2.20000000000109,10.12481317808219,-259.2751868219185,False,momentum
2014-06-30 21:00:00+00:00,2014-07-01 21:00:00+00:00,2014-08-03 21:00:00+00:00,CAD,CAD_JPY,-1,-1,0.16256096418308957,0.0032839209920261423,2014-07-01 21:00:00+00:00,2014-08-03 21:00:00+00:00,95.48,93.93,154.99999999999972,3.700000000000614,-18.121424091362357,133.17857590863673,False,momentum
2014-06-30 21:00:00+00:00,2014-07-01 21:00:00+00:00,2014-08-03 21:00:00+00:00,CHF,CHF_JPY,1,1,0.19516864449144,0.0027352619277338456,2014-07-01 21:00:00+00:00,2014-08-03 21:00:00+00:00,114.409,113.259,-115.00000000000057,5.299999999999727,-28.420515423573068,-148.72051542357337,False,momentum
2014-07-31 21:00:00+00:00,2014-08-03 21:00:00+00:00,2014-09-01 21:00:00+00:00,EUR,EUR_USD,-1,-1,0.21747649751269266,0.002183809262586066,2014-08-03 21:00:00+00:00,2014-09-01 21:00:00+00:00,1.34312,1.31284,302.8000000000008,1.8999999999991246,-6.741987671232875,294.1580123287688,False,momentum
2014-07-31 21:00:00+00:00,2014-08-03 21:00:00+00:00,2014-09-01 21:00:00+00:00,GBP,GBP_USD,1,1,0.19982643300795672,0.0023766985303895357,2014-08-03 21:00:00+00:00,2014-09-01 21:00:00+00:00,1.68344,1.6607,-227.3999999999998,2.900000000001235,-8.251987637260282,-238.5519876372613,False,momentum
2014-07-31 21:00:00+00:00,2014-08-03 21:00:00+00:00,2014-09-01 21:00:00+00:00,JPY,USD_JPY,-1,1,0.20301081997633105,0.0023394181143564924,2014-08-03 21:00:00+00:00,2014-09-01 21:00:00+00:00,102.558,104.34,178.19999999999965,2.600000000001046,-13.831189831506846,161.76881016849177,False,momentum
2014-07-31 21:00:00+00:00,2014-08-03 21:00:00+00:00,2014-09-01 21:00:00+00:00,AUD,AUD_USD,1,1,0.1252323967287202,0.0037923668481070947,2014-08-03 21:00:00+00:00,2014-09-01 21:00:00+00:00,0.931,0.93315,21.49999999999985,1.80000000000069,6.974202493150684,26.674202493149846,False,momentum
2014-07-31 21:00:00+00:00,2014-08-03 21:00:00+00:00,2014-09-01 21:00:00+00:00,NZD,NZD_USD,1,1,0.10465502159555373,0.004538025814933003,2014-08-03 21:00:00+00:00,2014-09-01 21:00:00+00:00,0.85073,0.83754,-131.90000000000035,2.20000000000109,9.888843616438358,-124.2111563835631,False,momentum
2014-07-31 21:00:00+00:00,2014-08-03 21:00:00+00:00,2014-09-01 21:00:00+00:00,CAD,CAD_JPY,-1,-1,0.1497988311787457,0.003170433213169016,2014-08-03 21:00:00+00:00,2014-09-01 21:00:00+00:00,93.93,95.982,-205.19999999999925,3.700000000000614,-15.92508662673972,-224.8250866267396,False,momentum
2014-08-31 21:00:00+00:00,2014-09-01 21:00:00+00:00,2014-10-01 21:00:00+00:00,EUR,EUR_USD,-1,-1,0.2188722150877063,0.002198355411222894,2014-09-01 21:00:00+00:00,2014-10-01 21:00:00+00:00,1.31284,1.26194,508.99999999999943,1.8999999999991246,-6.682407315068493,500.41759268493183,False,momentum
2014-08-31 21:00:00+00:00,2014-09-01 21:00:00+00:00,2014-10-01 21:00:00+00:00,GBP,GBP_USD,1,1,0.19495479486613954,0.0024680537800302635,2014-09-01 21:00:00+00:00,2014-10-01 21:00:00+00:00,1.6607,1.61832,-423.8000000000008,2.900000000001235,-9.008826414246581,-435.7088264142486,False,momentum
2014-08-31 21:00:00+00:00,2014-09-01 21:00:00+00:00,2014-10-01 21:00:00+00:00,JPY,USD_JPY,-1,1,0.19926467330661304,0.002414672457591267,2014-09-01 21:00:00+00:00,2014-10-01 21:00:00+00:00,104.34,108.916,457.59999999999934,2.600000000001046,-15.242408898630131,439.7575911013682,False,momentum
2014-08-31 21:00:00+00:00,2014-09-01 21:00:00+00:00,2014-10-01 21:00:00+00:00,AUD,AUD_USD,1,1,0.13478283557997398,0.0035698827401424013,2014-09-01 21:00:00+00:00,2014-10-01 21:00:00+00:00,0.93315,0.87268,-604.7000000000002,1.80000000000069,7.6929762328767115,-598.8070237671241,False,momentum
2014-08-31 21:00:00+00:00,2014-09-01 21:00:00+00:00,2014-10-01 21:00:00+00:00,NZD,NZD_USD,1,1,0.10654848470003978,0.004515868243072449,2014-09-01 21:00:00+00:00,2014-10-01 21:00:00+00:00,0.83754,0.7785,-590.3999999999997,2.20000000000109,11.354667780821918,-581.2453322191789,False,momentum
2014-08-31 21:00:00+00:00,2014-09-01 21:00:00+00:00,2014-10-01 21:00:00+00:00,CAD,CAD_JPY,-1,-1,0.14557699645952746,0.0033051850917817883,2014-09-01 21:00:00+00:00,2014-10-01 21:00:00+00:00,95.982,97.514,-153.19999999999965,3.700000000000614,-17.574965490361137,-174.4749654903614,False,momentum
2014-09-30 21:00:00+00:00,2014-10-01 21:00:00+00:00,2014-11-02 22:00:00+00:00,EUR,EUR_USD,-1,-1,0.19935218095429674,0.0031727035058075497,2014-10-01 21:00:00+00:00,2014-11-02 22:00:00+00:00,1.26194,1.25078,111.60000000000058,1.8999999999991246,-6.030159205479452,103.669840794522,False,momentum
2014-09-30 21:00:00+00:00,2014-10-01 21:00:00+00:00,2014-11-02 22:00:00+00:00,GBP,GBP_USD,1,1,0.1875606484821646,0.003372164515971069,2014-10-01 21:00:00+00:00,2014-11-02 22:00:00+00:00,1.61832,1.59664,-216.79999999999922,2.900000000001235,-8.456065380821919,-228.15606538082235,False,momentum
2014-09-30 21:00:00+00:00,2014-10-01 21:00:00+00:00,2014-11-02 22:00:00+00:00,JPY,USD_JPY,-1,1,0.1951452727709069,0.0032411001015976034,2014-10-01 21:00:00+00:00,2014-11-02 22:00:00+00:00,108.916,112.732,381.60000000000025,2.600000000001046,-14.169900164383556,364.83009983561567,False,momentum
2014-09-30 21:00:00+00:00,2014-10-01 21:00:00+00:00,2014-11-02 22:00:00+00:00,AUD,AUD_USD,1,1,0.14109000498467808,0.004482850244939492,2014-10-01 21:00:00+00:00,2014-11-02 22:00:00+00:00,0.87268,0.87532,26.399999999999757,1.80000000000069,7.212522698630136,31.812522698629202,False,momentum
2014-09-30 21:00:00+00:00,2014-10-01 21:00:00+00:00,2014-11-02 22:00:00+00:00,NZD,NZD_USD,1,1,0.12523500236699778,0.0050503880820044,2014-10-01 21:00:00+00:00,2014-11-02 22:00:00+00:00,0.7785,0.77709,-14.100000000000223,2.20000000000109,9.83727410958904,-6.462725890412271,False,momentum
2014-09-30 21:00:00+00:00,2014-10-01 21:00:00+00:00,2014-11-02 22:00:00+00:00,CAD,CAD_JPY,-1,-1,0.15161689044095591,0.0041716022638677375,2014-10-01 21:00:00+00:00,2014-11-02 22:00:00+00:00,97.514,99.876,-236.2000000000009,3.700000000000614,-16.572876191282703,-256.47287619128423,False,momentum
2014-10-30 21:00:00+00:00,2014-11-02 22:00:00+00:00,2014-12-01 22:00:00+00:00,EUR,EUR_USD,-1,-1,0.18057091132764436,0.004898790613699177,2014-11-02 22:00:00+00:00,2014-12-01 22:00:00+00:00,1.25078,1.24703,37.4999999999992,1.8999999999991246,-5.763615506849314,29.83638449315076,False,momentum
2014-10-30 21:00:00+00:00,2014-11-02 22:00:00+00:00,2014-12-01 22:00:00+00:00,GBP,GBP_USD,1,1,0.2032971119036604,0.004351164053615085,2014-11-02 22:00:00+00:00,2014-12-01 22:00:00+00:00,1.59664,1.57318,-234.60000000000036,2.900000000001235,-8.234476379178087,-245.73447637917968,False,momentum
2014-10-30 21:00:00+00:00,2014-11-02 22:00:00+00:00,2014-12-01 22:00:00+00:00,JPY,USD_JPY,-1,1,0.1568027830280117,0.005641348121741861,2014-11-02 22:00:00+00:00,2014-12-01 22:00:00+00:00,112.732,118.388,565.6000000000006,2.600000000001046,-13.609230242465747,549.3907697575338,False,momentum
2014-10-30 21:00:00+00:00,2014-11-02 22:00:00+00:00,2014-12-01 22:00:00+00:00,AUD,AUD_USD,-1,-1,0.1479005809858463,0.005980903385387123,2014-11-02 22:00:00+00:00,2014-12-01 22:00:00+00:00,0.87532,0.84929,260.29999999999995,1.80000000000069,-18.322057397260277,240.177942602739,False,momentum
2014-10-30 21:00:00+00:00,2014-11-02 22:00:00+00:00,2014-12-01 22:00:00+00:00,NZD,NZD_USD,1,1,0.1252537372894903,0.007062296939487753,2014-11-02 22:00:00+00:00,2014-12-01 22:00:00+00:00,0.77709,0.78678,96.90000000000087,2.20000000000109,9.751324931506849,104.45132493150663,False,momentum
2014-10-30 21:00:00+00:00,2014-11-02 22:00:00+00:00,2014-12-01 22:00:00+00:00,CHF,CHF_JPY,1,1,0.18617487546534692,0.0047513343747804405,2014-11-02 22:00:00+00:00,2014-12-01 22:00:00+00:00,116.85,122.714,586.4000000000004,5.299999999999727,-24.69459589248715,556.4054041075135,False,momentum
2014-11-30 22:00:00+00:00,2014-12-01 22:00:00+00:00,2015-01-01 22:00:00+00:00,EUR,EUR_USD,-1,-1,0.18001738712756876,0.00554124741499883,2014-12-01 22:00:00+00:00,2015-01-01 22:00:00+00:00,1.24703,1.21057,364.60000000000156,1.8999999999991246,-6.346875835616436,356.353124164386,False,momentum
2014-11-30 22:00:00+00:00,2014-12-01 22:00:00+00:00,2015-01-01 22:00:00+00:00,GBP,GBP_USD,1,1,0.2148114363166737,0.0046437047215910085,2014-12-01 22:00:00+00:00,2015-01-01 22:00:00+00:00,1.57318,1.55829,-148.9000000000007,2.900000000001235,-9.668013311780825,-161.46801331178273,False,momentum
2014-11-30 22:00:00+00:00,2014-12-01 22:00:00+00:00,2015-01-01 22:00:00+00:00,JPY,USD_JPY,-1,1,0.1619302618897157,0.006160188154051501,2014-12-01 22:00:00+00:00,2015-01-01 22:00:00+00:00,118.388,119.744,135.59999999999945,2.600000000001046,-15.328085299999993,117.67191469999841,False,momentum
2014-11-30 22:00:00+00:00,2014-12-01 22:00:00+00:00,2015-01-01 22:00:00+00:00,AUD,AUD_USD,1,1,0.1455867669716674,0.006851727679821416,2014-12-01 22:00:00+00:00,2015-01-01 22:00:00+00:00,0.84929,0.81827,-310.19999999999936,1.80000000000069,7.759705890410956,-304.2402941095891,False,momentum
2014-11-30 22:00:00+00:00,2014-12-01 22:00:00+00:00,2015-01-01 22:00:00+00:00,NZD,NZD_USD,1,1,0.1299148720944039,0.007678265505666094,2014-12-01 22:00:00+00:00,2015-01-01 22:00:00+00:00,0.78678,0.77995,-68.30000000000003,2.20000000000109,10.973365972602737,-59.52663402739837,False,momentum
2014-11-30 22:00:00+00:00,2014-12-01 22:00:00+00:00,2015-01-01 22:00:00+00:00,CHF,CHF_JPY,-1,-1,0.16773927559997057,0.005946853397974606,2014-12-01 22:00:00+00:00,2015-01-01 22:00:00+00:00,122.714,120.542,217.1999999999997,5.299999999999727,-14.771128004052509,197.12887199594746,False,momentum
2014-12-30 22:00:00+00:00,2015-01-01 22:00:00+00:00,2015-02-01 22:00:00+00:00,EUR,EUR_USD,-1,-1,0.17935797794494518,0.0056420464450535135,2015-01-01 22:00:00+00:00,2015-02-01 22:00:00+00:00,1.21057,1.13121,793.5999999999987,1.8999999999991246,-5.566059589041095,786.1339404109585,False,momentum
2014-12-30 22:00:00+00:00,2015-01-01 22:00:00+00:00,2015-02-01 22:00:00+00:00,GBP,GBP_USD,1,1,0.2234796424996326,0.004528135227609952,2015-01-01 22:00:00+00:00,2015-02-01 22:00:00+00:00,1.55829,1.5096,-486.89999999999895,2.900000000001235,-8.432166368219182,-498.23216636821934,False,momentum
2014-12-30 22:00:00+00:00,2015-01-01 22:00:00+00:00,2015-02-01 22:00:00+00:00,JPY,USD_JPY,-1,1,0.13537965516875503,0.007474875309697323,2015-01-01 22:00:00+00:00,2015-02-01 22:00:00+00:00,119.744,116.974,-276.9999999999996,2.600000000001046,-13.453858530136982,-293.05385853013763,False,momentum
2014-12-30 22:00:00+00:00,2015-01-01 22:00:00+00:00,2015-02-01 22:00:00+00:00,AUD,AUD_USD,1,1,0.16058744139215456,0.006301526651670675,2015-01-01 22:00:00+00:00,2015-02-01 22:00:00+00:00,0.81827,0.77574,-425.30000000000064,1.80000000000069,6.812144753424659,-420.28785524657667,False,momentum
2014-12-30 22:00:00+00:00,2015-01-01 22:00:00+00:00,2015-02-01 22:00:00+00:00,NZD,NZD_USD,1,1,0.13681713554767036,0.007396339923398544,2015-01-01 22:00:00+00:00,2015-02-01 22:00:00+00:00,0.77995,0.72556,-543.9000000000004,2.20000000000109,9.665375753424653,-536.4346242465768,False,momentum
2014-12-30 22:00:00+00:00,2015-01-01 22:00:00+00:00,2015-02-01 22:00:00+00:00,CHF,CHF_JPY,-1,-1,0.16437814744684234,0.006156207851068002,2015-01-01 22:00:00+00:00,2015-02-01 22:00:00+00:00,120.542,126.175,-563.2999999999995,5.299999999999727,-5.893728773002278,-574.4937287730015,False,momentum
2015-01-29 22:00:00+00:00,2015-02-01 22:00:00+00:00,2015-03-01 22:00:00+00:00,EUR,EUR_USD,-1,-1,0.20063843354463234,0.006069894343769218,2015-02-01 22:00:00+00:00,2015-03-01 22:00:00+00:00,1.13121,1.11826,129.50000000000017,1.8999999999991246,-5.406133369863013,122.19386663013803,False,momentum
2015-01-29 22:00:00+00:00,2015-02-01 22:00:00+00:00,2015-03-01 22:00:00+00:00,GBP,GBP_USD,1,1,0.2635389183292562,0.0046211546311112055,2015-02-01 22:00:00+00:00,2015-03-01 22:00:00+00:00,1.5096,1.54224,326.40000000000003,2.900000000001235,-7.943576569863015,315.5564234301358,False,momentum
2015-01-29 22:00:00+00:00,2015-02-01 22:00:00+00:00,2015-03-01 22:00:00+00:00,JPY,USD_JPY,-1,1,0.17186488263010438,0.007086113662535716,2015-02-01 22:00:00+00:00,2015-03-01 22:00:00+00:00,116.974,119.726,275.19999999999953,2.600000000001046,-13.15954011506849,259.44045988493,False,momentum
2015-01-29 22:00:00+00:00,2015-02-01 22:00:00+00:00,2015-03-01 22:00:00+00:00,NZD,NZD_USD,1,1,0.16909757780779303,0.007202078874835036,2015-02-01 22:00:00+00:00,2015-03-01 22:00:00+00:00,0.72556,0.75552,299.59999999999985,2.20000000000109,9.166870520547944,306.56687052054673,False,momentum
2015-01-29 22:00:00+00:00,2015-02-01 22:00:00+00:00,2015-03-01 22:00:00+00:00,CAD,CAD_JPY,1,1,0.14552429857510174,0.008368733639947926,2015-02-01 22:00:00+00:00,2015-03-01 22:00:00+00:00,92.064,95.752,368.80000000000024,3.700000000000614,-6.515391003720263,358.58460899627937,False,momentum
2015-01-29 22:00:00+00:00,2015-02-01 22:00:00+00:00,2015-03-01 22:00:00+00:00,CHF,CHF_JPY,-1,-1,0.04933588911311233,0.024684952775921552,2015-02-01 22:00:00+00:00,2015-03-01 22:00:00+00:00,126.175,125.541,63.400000000000034,5.299999999999727,-1.5463376321917786,56.55366236780853,False,momentum
2015-02-26 22:00:00+00:00,2015-03-01 22:00:00+00:00,2015-04-01 21:00:00+00:00,EUR,EUR_USD,-1,-1,0.18031183756673602,0.006621925620772604,2015-03-01 22:00:00+00:00,2015-04-01 21:00:00+00:00,1.11826,1.07616,421.0000000000002,1.8999999999991246,-6.3750981095890396,412.72490189041207,False,momentum
2015-02-26 22:00:00+00:00,2015-03-01 22:00:00+00:00,2015-04-01 21:00:00+00:00,GBP,GBP_USD,1,1,0.24340807172544185,0.00490539022986293,2015-03-01 22:00:00+00:00,2015-04-01 21:00:00+00:00,1.54224,1.48244,-598.0000000000007,2.900000000001235,-9.288162185205483,-610.1881621852074,False,momentum
2015-02-26 22:00:00+00:00,2015-03-01 22:00:00+00:00,2015-04-01 21:00:00+00:00,JPY,USD_JPY,-1,1,0.1709028580594469,0.006986492739029748,2015-03-01 22:00:00+00:00,2015-04-01 21:00:00+00:00,119.726,119.728,0.19999999999953388,2.600000000001046,-15.354720450684924,-17.754720450686435,False,momentum
2015-02-26 22:00:00+00:00,2015-03-01 22:00:00+00:00,2015-04-01 21:00:00+00:00,AUD,AUD_USD,-1,-1,0.22217053882696897,0.005374302025894075,2015-03-01 22:00:00+00:00,2015-04-01 21:00:00+00:00,0.7807,0.75998,207.1999999999996,1.80000000000069,-19.16475764383561,186.2352423561633,False,momentum
2015-02-26 22:00:00+00:00,2015-03-01 22:00:00+00:00,2015-04-01 21:00:00+00:00,CAD,CAD_JPY,1,1,0.13488091912877365,0.008852338674915238,2015-03-01 22:00:00+00:00,2015-04-01 21:00:00+00:00,95.752,94.876,-87.59999999999906,3.700000000000614,-7.586767544458291,-98.88676754445797,False,momentum
2015-02-26 22:00:00+00:00,2015-03-01 22:00:00+00:00,2015-04-01 21:00:00+00:00,CHF,CHF_JPY,1,1,0.04832577469263264,0.024707551705193606,2015-03-01 22:00:00+00:00,2015-04-01 21:00:00+00:00,125.541,123.802,-173.899999999999,5.299999999999727,-43.200599380183235,-222.40059938018197,False,momentum
2015-03-31 21:00:00+00:00,2015-04-01 21:00:00+00:00,2015-05-03 21:00:00+00:00,EUR,EUR_USD,-1,-1,0.14823198416550287,0.008717820754854961,2015-04-01 21:00:00+00:00,2015-05-03 21:00:00+00:00,1.07616,1.11954,-433.7999999999997,1.8999999999991246,-5.685220301369862,-441.3852203013687,False,momentum
2015-03-31 21:00:00+00:00,2015-04-01 21:00:00+00:00,2015-05-03 21:00:00+00:00,GBP,GBP_USD,1,1,0.22438205969064448,0.00575919425052516,2015-04-01 21:00:00+00:00,2015-05-03 21:00:00+00:00,1.48244,1.51466,322.19999999999914,2.900000000001235,-8.565244587397263,310.73475541260063,False,momentum
2015-03-31 21:00:00+00:00,2015-04-01 21:00:00+00:00,2015-05-03 21:00:00+00:00,JPY,USD_JPY,-1,1,0.23331257376916098,0.00553874935763176,2015-04-01 21:00:00+00:00,2015-05-03 21:00:00+00:00,119.728,120.23,50.200000000000955,2.600000000001046,-13.686028260273975,33.91397173972594,False,momentum
2015-03-31 21:00:00+00:00,2015-04-01 21:00:00+00:00,2015-05-03 21:00:00+00:00,AUD,AUD_USD,-1,-1,0.17448536332493766,0.007406121885907558,2015-04-01 21:00:00+00:00,2015-05-03 21:00:00+00:00,0.75998,0.78329,-233.1000000000005,1.80000000000069,-17.315392849315064,-252.21539284931626,False,momentum
2015-03-31 21:00:00+00:00,2015-04-01 21:00:00+00:00,2015-05-03 21:00:00+00:00,CAD,CAD_JPY,1,1,0.16760095448778445,0.007710337163894487,2015-04-01 21:00:00+00:00,2015-05-03 21:00:00+00:00,94.876,98.907,403.09999999999917,3.700000000000614,-6.875668359082196,392.5243316409164,False,momentum
2015-03-31 21:00:00+00:00,2015-04-01 21:00:00+00:00,2015-05-03 21:00:00+00:00,CHF,CHF_JPY,1,1,0.05198706456196955,0.024857334780865634,2015-04-01 21:00:00+00:00,2015-05-03 21:00:00+00:00,123.802,128.698,489.6000000000001,5.299999999999727,-37.644234208635744,446.6557657913646,False,momentum
2015-04-30 21:00:00+00:00,2015-05-03 21:00:00+00:00,2015-06-01 21:00:00+00:00,EUR,EUR_USD,-1,-1,0.13086197492235588,0.008543604979064912,2015-05-03 21:00:00+00:00,2015-06-01 21:00:00+00:00,1.11954,1.09288,266.59999999999906,1.8999999999991246,-5.506479232876711,259.19352076712323,False,momentum
2015-04-30 21:00:00+00:00,2015-05-03 21:00:00+00:00,2015-06-01 21:00:00+00:00,GBP,GBP_USD,1,1,0.1777760456533926,0.006288997015361226,2015-05-03 21:00:00+00:00,2015-06-01 21:00:00+00:00,1.51466,1.51986,52.00000000000093,2.900000000001235,-8.221774292602744,40.87822570739695,False,momentum
2015-04-30 21:00:00+00:00,2015-05-03 21:00:00+00:00,2015-06-01 21:00:00+00:00,JPY,USD_JPY,-1,1,0.2542225061032958,0.004397852250196242,2015-05-03 21:00:00+00:00,2015-06-01 21:00:00+00:00,120.23,124.771,454.0999999999997,2.600000000001046,-13.369513886301364,438.13048611369726,False,momentum
2015-04-30 21:00:00+00:00,2015-05-03 21:00:00+00:00,2015-06-01 21:00:00+00:00,AUD,AUD_USD,-1,-1,0.1410216038338324,0.00792809746962104,2015-05-03 21:00:00+00:00,2015-06-01 21:00:00+00:00,0.78329,0.7607,225.89999999999998,1.80000000000069,-15.6147398630137,208.48526013698557,False,momentum
2015-04-30 21:00:00+00:00,2015-05-03 21:00:00+00:00,2015-06-01 21:00:00+00:00,NZD,NZD_USD,1,1,0.14083647027560642,0.007938519179932588,2015-05-03 21:00:00+00:00,2015-06-01 21:00:00+00:00,0.75281,0.70929,-435.2,2.20000000000109,8.966843342465749,-428.43315665753533,False,momentum
2015-04-30 21:00:00+00:00,2015-05-03 21:00:00+00:00,2015-06-01 21:00:00+00:00,CHF,CHF_JPY,1,1,0.1552813992115169,0.007200044732943037,2015-05-03 21:00:00+00:00,2015-06-01 21:00:00+00:00,128.698,131.917,321.8999999999994,5.299999999999727,-38.52778387023539,278.0722161297643,False,momentum
2015-05-31 21:00:00+00:00,2015-06-01 21:00:00+00:00,2015-07-01 21:00:00+00:00,EUR,EUR_USD,-1,-1,0.11304853968252432,0.008867821301257286,2015-06-01 21:00:00+00:00,2015-07-01 21:00:00+00:00,1.09288,1.10526,-123.79999999999835,1.8999999999991246,-6.020751780821916,-131.7207517808194,False,momentum
2015-05-31 21:00:00+00:00,2015-06-01 21:00:00+00:00,2015-07-01 21:00:00+00:00,GBP,GBP_USD,1,1,0.15065628875751078,0.00665418122628977,2015-06-01 21:00:00+00:00,2015-07-01 21:00:00+00:00,1.51986,1.56171,418.49999999999943,2.900000000001235,-9.20023878246576,406.39976121753244,False,momentum
2015-05-31 21:00:00+00:00,2015-06-01 21:00:00+00:00,2015-07-01 21:00:00+00:00,JPY,USD_JPY,-1,1,0.25059534250800053,0.004000450440297841,2015-06-01 21:00:00+00:00,2015-07-01 21:00:00+00:00,124.771,123.164,-160.69999999999993,2.600000000001046,-14.674192350684924,-177.9741923506859,False,momentum
2015-05-31 21:00:00+00:00,2015-06-01 21:00:00+00:00,2015-07-01 21:00:00+00:00,AUD,AUD_USD,-1,-1,0.11612203000687157,0.008633109912162195,2015-06-01 21:00:00+00:00,2015-07-01 21:00:00+00:00,0.7607,0.76432,-36.19999999999956,1.80000000000069,-16.96077238356164,-54.960772383561896,False,momentum
2015-05-31 21:00:00+00:00,2015-06-01 21:00:00+00:00,2015-07-01 21:00:00+00:00,CAD,CAD_JPY,1,1,0.22132022348983688,0.0045296097774759105,2015-06-01 21:00:00+00:00,2015-07-01 21:00:00+00:00,99.626,97.829,-179.70000000000113,3.700000000000614,-7.614485032976339,-191.0144850329781,False,momentum
2015-05-31 21:00:00+00:00,2015-06-01 21:00:00+00:00,2015-07-01 21:00:00+00:00,CHF,CHF_JPY,1,1,0.14825757555525595,0.006761841642952584,2015-06-01 21:00:00+00:00,2015-07-01 21:00:00+00:00,131.917,129.864,-205.29999999999973,5.299999999999727,-41.65961858844886,-252.25961858844832,False,momentum
2015-06-30 21:00:00+00:00,2015-07-01 21:00:00+00:00,2015-08-02 21:00:00+00:00,EUR,EUR_USD,-1,-1,0.14559743245017986,0.007611858380821405,2015-07-01 21:00:00+00:00,2015-08-02 21:00:00+00:00,1.10526,1.09729,79.6999999999981,1.8999999999991246,-5.635047369863012,72.16495263013596,False,momentum
2015-06-30 21:00:00+00:00,2015-07-01 21:00:00+00:00,2015-08-02 21:00:00+00:00,GBP,GBP_USD,1,1,0.1959695291797227,0.005655302847646246,2015-07-01 21:00:00+00:00,2015-08-02 21:00:00+00:00,1.56171,1.56376,20.500000000001073,2.900000000001235,-8.653204701369868,8.94679529862997,False,momentum
2015-06-30 21:00:00+00:00,2015-07-01 21:00:00+00:00,2015-08-02 21:00:00+00:00,AUD,AUD_USD,-1,-1,0.14086552514410233,0.007867553365440176,2015-07-01 21:00:00+00:00,2015-08-02 21:00:00+00:00,0.76432,0.7321,322.2000000000003,1.80000000000069,-15.895004424657527,304.50499557534204,False,momentum
2015-06-30 21:00:00+00:00,2015-07-01 21:00:00+00:00,2015-08-02 21:00:00+00:00,NZD,NZD_USD,-1,-1,0.13744171063369864,0.008063542219549831,2015-07-01 21:00:00+00:00,2015-08-02 21:00:00+00:00,0.6734,0.66068,127.19999999999953,2.20000000000109,-16.946052493150685,108.05394750684775,False,momentum
2015-06-30 21:00:00+00:00,2015-07-01 21:00:00+00:00,2015-08-02 21:00:00+00:00,CAD,CAD_JPY,1,1,0.21058769438525915,0.0052627340816717594,2015-07-01 21:00:00+00:00,2015-08-02 21:00:00+00:00,97.829,94.652,-317.69999999999925,3.700000000000614,-8.324238545080952,-329.7242385450808,False,momentum
2015-06-30 21:00:00+00:00,2015-07-01 21:00:00+00:00,2015-08-02 21:00:00+00:00,CHF,CHF_JPY,1,1,0.16953810820703732,0.006536978901926765,2015-07-01 21:00:00+00:00,2015-08-02 21:00:00+00:00,129.864,128.174,-168.99999999999977,5.300000000000438,-38.70693243059588,-213.0069324305961,False,momentum
2015-07-30 21:00:00+00:00,2015-08-02 21:00:00+00:00,2015-09-01 21:00:00+00:00,EUR,EUR_USD,-1,-1,0.14465038035149927,0.007480124556127564,2015-08-02 21:00:00+00:00,2015-09-01 21:00:00+00:00,1.09729,1.13125,-339.5999999999999,1.8999999999991246,-5.525294082191779,-347.02529408219084,False,momentum
2015-07-30 21:00:00+00:00,2015-08-02 21:00:00+00:00,2015-09-01 21:00:00+00:00,GBP,GBP_USD,1,1,0.21206462111260516,0.005102231840670417,2015-08-02 21:00:00+00:00,2015-09-01 21:00:00+00:00,1.56376,1.53038,-333.7999999999996,2.900000000001235,-8.738227916712331,-345.4382279167132,False,momentum
2015-07-30 21:00:00+00:00,2015-08-02 21:00:00+00:00,2015-09-01 21:00:00+00:00,AUD,AUD_USD,-1,-1,0.15664687307975506,0.0069072739266844594,2015-08-02 21:00:00+00:00,2015-09-01 21:00:00+00:00,0.7321,0.70172,303.7999999999996,1.80000000000069,-15.82827476712328,286.17172523287564,False,momentum
2015-07-30 21:00:00+00:00,2015-08-02 21:00:00+00:00,2015-09-01 21:00:00+00:00,NZD,NZD_USD,-1,-1,0.13104053590140283,0.008257008830722118,2015-08-02 21:00:00+00:00,2015-09-01 21:00:00+00:00,0.66068,0.63314,275.4000000000001,2.20000000000109,-18.227476602739724,254.9725233972593,False,momentum
2015-07-30 21:00:00+00:00,2015-08-02 21:00:00+00:00,2015-09-01 21:00:00+00:00,CAD,CAD_JPY,1,1,0.1793565383740804,0.006032692601725674,2015-08-02 21:00:00+00:00,2015-09-01 21:00:00+00:00,94.652,90.012,-464.00000000000006,3.700000000000614,-9.334033518641881,-477.03403351864256,False,momentum
2015-07-30 21:00:00+00:00,2015-08-02 21:00:00+00:00,2015-09-01 21:00:00+00:00,CHF,CHF_JPY,1,1,0.17624105118065733,0.0061393350463583305,2015-08-02 21:00:00+00:00,2015-09-01 21:00:00+00:00,128.174,124.447,-372.7000000000004,5.300000000000438,-39.464387547715305,-417.4643875477161,False,momentum
2015-08-31 21:00:00+00:00,2015-09-01 21:00:00+00:00,2015-10-01 21:00:00+00:00,GBP,GBP_USD,1,1,0.24298974224150902,0.004523793218944127,2015-09-01 21:00:00+00:00,2015-10-01 21:00:00+00:00,1.53038,1.51319,-171.90000000000038,2.900000000001235,-9.247045604383567,-184.04704560438518,False,momentum
2015-08-31 21:00:00+00:00,2015-09-01 21:00:00+00:00,2015-10-01 21:00:00+00:00,JPY,USD_JPY,1,-1,0.16506270293764713,0.006659501684280299,2015-09-01 21:00:00+00:00,2015-10-01 21:00:00+00:00,119.322,119.936,-61.40000000000043,2.600000000001046,-14.473540882191779,-78.47354088219326,False,momentum
2015-08-31 21:00:00+00:00,2015-09-01 21:00:00+00:00,2015-10-01 21:00:00+00:00,AUD,AUD_USD,-1,-1,0.1672957740102825,0.006570610373921085,2015-09-01 21:00:00+00:00,2015-10-01 21:00:00+00:00,0.70172,0.70292,-11.999999999999789,1.80000000000069,-16.94742645205479,-30.747426452055265,False,momentum
2015-08-31 21:00:00+00:00,2015-09-01 21:00:00+00:00,2015-10-01 21:00:00+00:00,NZD,NZD_USD,-1,-1,0.1253885053312505,0.008766635708123062,2015-09-01 21:00:00+00:00,2015-10-01 21:00:00+00:00,0.63314,0.63997,-68.30000000000003,2.20000000000109,-15.655252109589037,-86.15525210959015,False,momentum
2015-08-31 21:00:00+00:00,2015-09-01 21:00:00+00:00,2015-10-01 21:00:00+00:00,CAD,CAD_JPY,-1,-1,0.12082399147291434,0.009097823493701914,2015-09-01 21:00:00+00:00,2015-10-01 21:00:00+00:00,90.012,90.387,-37.5,3.700000000000614,-12.575418966731894,-53.77541896673251,False,momentum
2015-08-31 21:00:00+00:00,2015-09-01 21:00:00+00:00,2015-10-01 21:00:00+00:00,CHF,CHF_JPY,1,1,0.17843928400639658,0.006160276613672778,2015-09-01 21:00:00+00:00,2015-10-01 21:00:00+00:00,124.447,122.714,-173.3000000000004,5.299999999999727,-41.551424871639966,-220.1514248716401,False,momentum
2015-09-30 21:00:00+00:00,2015-10-01 21:00:00+00:00,2015-11-01 22:00:00+00:00,GBP,GBP_USD,1,1,0.23398144098070028,0.004652416196048705,2015-10-01 21:00:00+00:00,2015-11-01 22:00:00+00:00,1.51319,1.54556,323.7000000000001,2.900000000001235,-8.225004881095897,312.57499511890296,False,momentum
2015-09-30 21:00:00+00:00,2015-10-01 21:00:00+00:00,2015-11-01 22:00:00+00:00,JPY,USD_JPY,1,-1,0.17245654664439994,0.006312193226494559,2015-10-01 21:00:00+00:00,2015-11-01 22:00:00+00:00,119.936,120.391,-45.49999999999983,2.600000000001046,-12.90162307260274,-61.001623072603614,False,momentum
2015-09-30 21:00:00+00:00,2015-10-01 21:00:00+00:00,2015-11-01 22:00:00+00:00,AUD,AUD_USD,-1,-1,0.1606763246211268,0.006774980994619356,2015-10-01 21:00:00+00:00,2015-11-01 22:00:00+00:00,0.70292,0.71162,-87.00000000000041,1.80000000000069,-15.39739183561644,-104.19739183561755,False,momentum
2015-09-30 21:00:00+00:00,2015-10-01 21:00:00+00:00,2015-11-01 22:00:00+00:00,NZD,NZD_USD,-1,-1,0.1225243688269466,0.008884592151059625,2015-10-01 21:00:00+00:00,2015-11-01 22:00:00+00:00,0.63997,0.67378,-338.1,2.20000000000109,-15.745889424657534,-356.04588942465864,False,momentum
2015-09-30 21:00:00+00:00,2015-10-01 21:00:00+00:00,2015-11-01 22:00:00+00:00,CAD,CAD_JPY,-1,-1,0.11998294512128929,0.009072781506513222,2015-10-01 21:00:00+00:00,2015-11-01 22:00:00+00:00,90.387,92.033,-164.60000000000008,3.700000000000614,-11.302487800273969,-179.60248780027467,False,momentum
2015-09-30 21:00:00+00:00,2015-10-01 21:00:00+00:00,2015-11-01 22:00:00+00:00,CHF,CHF_JPY,1,1,0.19037837380553704,0.005717976384782858,2015-10-01 21:00:00+00:00,2015-11-01 22:00:00+00:00,122.714,122.152,-56.19999999999976,5.299999999999727,-39.18733129777398,-100.68733129777347,False,momentum
2015-10-29 21:00:00+00:00,2015-11-01 22:00:00+00:00,2015-12-01 22:00:00+00:00,GBP,GBP_USD,1,1,0.22555086849479006,0.004822608501879824,2015-11-01 22:00:00+00:00,2015-12-01 22:00:00+00:00,1.54556,1.508,-375.60000000000036,2.900000000001235,-8.434809576986304,-386.9348095769879,False,momentum
2015-10-29 21:00:00+00:00,2015-11-01 22:00:00+00:00,2015-12-01 22:00:00+00:00,JPY,USD_JPY,1,-1,0.18073518495286076,0.006018438171256234,2015-11-01 22:00:00+00:00,2015-12-01 22:00:00+00:00,120.391,122.858,-246.69999999999987,2.600000000001046,-13.277622616438354,-262.57762261643927,False,momentum
2015-10-29 21:00:00+00:00,2015-11-01 22:00:00+00:00,2015-12-01 22:00:00+00:00,AUD,AUD_USD,-1,-1,0.14822126398671076,0.007338647011584503,2015-11-01 22:00:00+00:00,2015-12-01 22:00:00+00:00,0.71162,0.73224,-206.1999999999997,1.80000000000069,-15.95982752054795,-223.95982752054834,False,momentum
2015-10-29 21:00:00+00:00,2015-11-01 22:00:00+00:00,2015-12-01 22:00:00+00:00,NZD,NZD_USD,-1,-1,0.11712739995681173,0.009286840964713937,2015-11-01 22:00:00+00:00,2015-12-01 22:00:00+00:00,0.67378,0.66776,60.20000000000025,2.20000000000109,-18.03057484931507,39.96942515068409,False,momentum
2015-10-29 21:00:00+00:00,2015-11-01 22:00:00+00:00,2015-12-01 22:00:00+00:00,CAD,CAD_JPY,-1,-1,0.11945541228640572,0.009105853934867212,2015-11-01 22:00:00+00:00,2015-12-01 22:00:00+00:00,92.033,91.958,7.500000000000284,3.700000000000614,-11.69074065327397,-7.8907406532743,False,momentum
2015-10-29 21:00:00+00:00,2015-11-01 22:00:00+00:00,2015-12-01 22:00:00+00:00,CHF,CHF_JPY,1,1,0.20890987032242098,0.0052067599023951526,2015-11-01 22:00:00+00:00,2015-12-01 22:00:00+00:00,122.152,119.72,-243.20000000000022,5.299999999999727,-37.84934843550801,-286.349348435508,False,momentum
2015-11-30 22:00:00+00:00,2015-12-01 22:00:00+00:00,2016-01-03 22:00:00+00:00,GBP,GBP_USD,1,1,0.17928446496303296,0.004819936588639352,2015-12-01 22:00:00+00:00,2016-01-03 22:00:00+00:00,1.508,1.47364,-343.59999999999945,2.900000000001235,-10.756721633972608,-357.2567216339733,False,momentum
2015-11-30 22:00:00+00:00,2015-12-01 22:00:00+00:00,2016-01-03 22:00:00+00:00,JPY,USD_JPY,1,-1,0.24044068863794524,0.00359398302069901,2015-12-01 22:00:00+00:00,2016-01-03 22:00:00+00:00,122.858,120.195,266.3000000000011,2.600000000001046,-16.45208865890412,247.24791134109591,False,momentum
2015-11-30 22:00:00+00:00,2015-12-01 22:00:00+00:00,2016-01-03 22:00:00+00:00,AUD,AUD_USD,-1,-1,0.12507175293254405,0.006909152004258036,2015-12-01 22:00:00+00:00,2016-01-03 22:00:00+00:00,0.73224,0.72866,35.800000000000274,1.80000000000069,-16.82349994520548,17.176500054794108,False,momentum
2015-11-30 22:00:00+00:00,2015-12-01 22:00:00+00:00,2016-01-03 22:00:00+00:00,NZD,NZD_USD,-1,-1,0.10396228524100184,0.008312050379103663,2015-12-01 22:00:00+00:00,2016-01-03 22:00:00+00:00,0.66776,0.68298,-152.2000000000001,2.20000000000109,-15.394279150684932,-169.79427915068612,False,momentum
2015-11-30 22:00:00+00:00,2015-12-01 22:00:00+00:00,2016-01-03 22:00:00+00:00,CAD,CAD_JPY,-1,-1,0.15110137816914054,0.0057189402434347615,2015-12-01 22:00:00+00:00,2016-01-03 22:00:00+00:00,91.958,86.998,495.9999999999994,3.700000000000614,-13.098262524835613,479.20173747516316,False,momentum
2015-11-30 22:00:00+00:00,2015-12-01 22:00:00+00:00,2016-01-03 22:00:00+00:00,CHF,CHF_JPY,1,1,0.20013943005633536,0.0043176886843672635,2015-12-01 22:00:00+00:00,2016-01-03 22:00:00+00:00,119.72,120.086,36.599999999999966,5.299999999999727,-42.506270847044746,-11.206270847044507,False,momentum
2015-12-30 22:00:00+00:00,2016-01-03 22:00:00+00:00,2016-02-01 22:00:00+00:00,EUR,EUR_USD,-1,-1,0.1319217421026185,0.006932257720225205,2016-01-03 22:00:00+00:00,2016-02-01 22:00:00+00:00,1.08743,1.08862,-11.900000000000244,1.8999999999991246,-2.414572328767123,-16.21457232876649,False,momentum
2015-12-30 22:00:00+00:00,2016-01-03 22:00:00+00:00,2016-02-01 22:00:00+00:00,GBP,GBP_USD,1,1,0.18343562173804165,0.00498548486107254,2016-01-03 22:00:00+00:00,2016-02-01 22:00:00+00:00,1.47364,1.44338,-302.5999999999995,2.900000000001235,-10.733446712328773,-316.2334467123295,False,momentum
2015-12-30 22:00:00+00:00,2016-01-03 22:00:00+00:00,2016-02-01 22:00:00+00:00,JPY,USD_JPY,1,-1,0.22623863918900933,0.004042260501719207,2016-01-03 22:00:00+00:00,2016-02-01 22:00:00+00:00,120.195,121.023,-82.8000000000003,2.600000000001046,-16.12891549726028,-101.52891549726162,False,momentum
2015-12-30 22:00:00+00:00,2016-01-03 22:00:00+00:00,2016-02-01 22:00:00+00:00,NZD,NZD_USD,-1,-1,0.11834799249662467,0.007727342862892396,2016-01-03 22:00:00+00:00,2016-02-01 22:00:00+00:00,0.68298,0.65472,282.6000000000006,2.20000000000109,-14.061285534246574,266.33871446575296,False,momentum
2015-12-30 22:00:00+00:00,2016-01-03 22:00:00+00:00,2016-02-01 22:00:00+00:00,CAD,CAD_JPY,-1,-1,0.1588521488937208,0.005757023254172579,2016-01-03 22:00:00+00:00,2016-02-01 22:00:00+00:00,86.998,86.778,21.999999999999886,3.700000000000614,-11.527633442260274,6.772366557738998,False,momentum
2015-12-30 22:00:00+00:00,2016-01-03 22:00:00+00:00,2016-02-01 22:00:00+00:00,CHF,CHF_JPY,1,1,0.1812038555799851,0.005046887728902432,2016-01-03 22:00:00+00:00,2016-02-01 22:00:00+00:00,120.086,118.663,-142.30000000000018,5.299999999999727,-37.498456140211786,-185.09845614021168,False,momentum
2016-01-31 22:00:00+00:00,2016-02-01 22:00:00+00:00,2016-03-01 22:00:00+00:00,EUR,EUR_USD,1,1,0.15277816055521065,0.006511399915227677,2016-02-01 22:00:00+00:00,2016-03-01 22:00:00+00:00,1.08862,1.08676,-18.599999999999728,1.8999999999991246,-16.136869095890408,-36.63686909588926,False,momentum
2016-01-31 22:00:00+00:00,2016-02-01 22:00:00+00:00,2016-03-01 22:00:00+00:00,GBP,GBP_USD,1,1,0.1876643067089849,0.0053009531707619625,2016-02-01 22:00:00+00:00,2016-03-01 22:00:00+00:00,1.44338,1.3949,-484.80000000000075,2.900000000001235,-10.842368940273973,-498.54236894027594,False,momentum
2016-01-31 22:00:00+00:00,2016-02-01 22:00:00+00:00,2016-03-01 22:00:00+00:00,JPY,USD_JPY,1,-1,0.1998867183652805,0.004976817418503538,2016-02-01 22:00:00+00:00,2016-03-01 22:00:00+00:00,121.023,114.042,698.0999999999995,2.600000000001046,-16.769490871232883,678.7305091287656,False,momentum
2016-01-31 22:00:00+00:00,2016-02-01 22:00:00+00:00,2016-03-01 22:00:00+00:00,AUD,AUD_USD,-1,-1,0.14090196218465442,0.007060226034213328,2016-02-01 22:00:00+00:00,2016-03-01 22:00:00+00:00,0.71159,0.71759,-60.00000000000005,1.80000000000069,-14.018947767123285,-75.81894776712402,False,momentum
2016-01-31 22:00:00+00:00,2016-02-01 22:00:00+00:00,2016-03-01 22:00:00+00:00,CAD,CAD_JPY,-1,-1,0.12400830284709599,0.008022041096025976,2016-02-01 22:00:00+00:00,2016-03-01 22:00:00+00:00,86.778,85.026,175.20000000000095,3.700000000000614,-11.779888867681189,159.72011113231915,False,momentum
2016-01-31 22:00:00+00:00,2016-02-01 22:00:00+00:00,2016-03-01 22:00:00+00:00,CHF,CHF_JPY,-1,-1,0.19476054933877354,0.005107809076659814,2016-02-01 22:00:00+00:00,2016-03-01 22:00:00+00:00,118.663,114.32,434.30000000000035,5.299999999999727,0.9345655381079463,429.9345655381086,False,momentum
2016-02-29 22:00:00+00:00,2016-03-01 22:00:00+00:00,2016-04-03 21:00:00+00:00,EUR,EUR_USD,1,1,0.18453659268805428,0.006735312752291249,2016-03-01 22:00:00+00:00,2016-04-03 21:00:00+00:00,1.08676,1.1401,533.3999999999994,1.8999999999991246,-18.84620739726028,512.6537926027399,False,momentum
2016-02-29 22:00:00+00:00,2016-03-01 22:00:00+00:00,2016-04-03 21:00:00+00:00,JPY,USD_JPY,1,-1,0.18356345637988186,0.006771019082491238,2016-03-01 22:00:00+00:00,2016-04-03 21:00:00+00:00,114.042,111.625,241.70000000000016,2.600000000001046,-19.405039031506853,219.69496096849227,False,momentum
2016-02-29 22:00:00+00:00,2016-03-01 22:00:00+00:00,2016-04-03 21:00:00+00:00,AUD,AUD_USD,-1,-1,0.16309877216996962,0.0076206071294084065,2016-03-01 22:00:00+00:00,2016-04-03 21:00:00+00:00,0.71759,0.76704,-494.500000000001,1.80000000000069,-16.02083749315069,-512.3208374931525,False,momentum
2016-02-29 22:00:00+00:00,2016-03-01 22:00:00+00:00,2016-04-03 21:00:00+00:00,NZD,NZD_USD,-1,-1,0.1544601307977268,0.008046812206988756,2016-03-01 22:00:00+00:00,2016-04-03 21:00:00+00:00,0.66271,0.68887,-261.5999999999996,2.20000000000109,-13.126783561643832,-276.9267835616445,False,momentum
2016-02-29 22:00:00+00:00,2016-03-01 22:00:00+00:00,2016-04-03 21:00:00+00:00,CAD,CAD_JPY,-1,-1,0.11693478888986632,0.010629100867209416,2016-03-01 22:00:00+00:00,2016-04-03 21:00:00+00:00,85.026,85.626,-60.00000000000085,3.700000000000614,-13.713828127888277,-77.41382812788974,False,momentum
2016-02-29 22:00:00+00:00,2016-03-01 22:00:00+00:00,2016-04-03 21:00:00+00:00,CHF,CHF_JPY,1,1,0.19740625907450113,0.0062962120442551575,2016-03-01 22:00:00+00:00,2016-04-03 21:00:00+00:00,114.32,116.514,219.40000000000026,5.299999999999727,-41.75916573973425,172.3408342602663,False,momentum
2016-03-31 21:00:00+00:00,2016-04-03 21:00:00+00:00,2016-05-01 21:00:00+00:00,EUR,EUR_USD,1,1,0.20910603794990693,0.005605611844480974,2016-04-03 21:00:00+00:00,2016-05-01 21:00:00+00:00,1.1401,1.14612,60.20000000000136,1.8999999999991246,-16.397141178082197,41.902858821920034,False,momentum
2016-03-31 21:00:00+00:00,2016-04-03 21:00:00+00:00,2016-05-01 21:00:00+00:00,GBP,GBP_USD,-1,-1,0.1753705705254363,0.006683945199998488,2016-04-03 21:00:00+00:00,2016-05-01 21:00:00+00:00,1.42246,1.45873,-362.7000000000002,2.900000000001235,-10.579296245479444,-376.1792962454809,False,momentum
2016-03-31 21:00:00+00:00,2016-04-03 21:00:00+00:00,2016-05-01 21:00:00+00:00,JPY,USD_JPY,1,-1,0.17284422557788165,0.006781639821437489,2016-04-03 21:00:00+00:00,2016-05-01 21:00:00+00:00,111.625,106.221,540.3999999999996,2.600000000001046,-16.910657169863022,520.8893428301355,False,momentum
2016-03-31 21:00:00+00:00,2016-04-03 21:00:00+00:00,2016-05-01 21:00:00+00:00,NZD,NZD_USD,-1,-1,0.12962264344477886,0.0090429206806282,2016-04-03 21:00:00+00:00,2016-05-01 21:00:00+00:00,0.68887,0.69768,-88.09999999999984,2.20000000000109,-11.868800136986298,-102.16880013698722,False,momentum
2016-03-31 21:00:00+00:00,2016-04-03 21:00:00+00:00,2016-05-01 21:00:00+00:00,CAD,CAD_JPY,-1,-1,0.10512920197750794,0.011149778187560749,2016-04-03 21:00:00+00:00,2016-05-01 21:00:00+00:00,85.626,84.591,103.50000000000108,3.700000000000614,-11.947805822465746,87.85219417753473,False,momentum
2016-03-31 21:00:00+00:00,2016-04-03 21:00:00+00:00,2016-05-01 21:00:00+00:00,CHF,CHF_JPY,1,1,0.20792732052448834,0.005637389449966177,2016-04-03 21:00:00+00:00,2016-05-01 21:00:00+00:00,116.514,110.886,-562.8,5.299999999999727,-34.529082258904104,-602.6290822589037,False,momentum
2016-04-28 21:00:00+00:00,2016-05-01 21:00:00+00:00,2016-06-01 21:00:00+00:00,EUR,EUR_USD,1,1,0.2334012328842066,0.00532239074794136,2016-05-01 21:00:00+00:00,2016-06-01 21:00:00+00:00,1.14612,1.11878,-273.3999999999992,1.8999999999991246,-19.325986054794527,-294.62598605479286,False,momentum
2016-04-28 21:00:00+00:00,2016-05-01 21:00:00+00:00,2016-06-01 21:00:00+00:00,GBP,GBP_USD,-1,-1,0.19411970075437646,0.0063994151939933954,2016-05-01 21:00:00+00:00,2016-06-01 21:00:00+00:00,1.45873,1.44134,173.90000000000015,2.900000000001235,-12.42733970849315,158.57266029150577,False,momentum
2016-04-28 21:00:00+00:00,2016-05-01 21:00:00+00:00,2016-06-01 21:00:00+00:00,JPY,USD_JPY,1,-1,0.15423204874548962,0.00805443857204378,2016-05-01 21:00:00+00:00,2016-06-01 21:00:00+00:00,106.221,109.557,-333.59999999999985,2.600000000001046,-20.26313480273973,-356.4631348027406,False,momentum
2016-04-28 21:00:00+00:00,2016-05-01 21:00:00+00:00,2016-06-01 21:00:00+00:00,NZD,NZD_USD,-1,-1,0.13210594456550148,0.009403456949244758,2016-05-01 21:00:00+00:00,2016-06-01 21:00:00+00:00,0.69768,0.68184,158.39999999999964,2.20000000000109,-14.659804356164386,141.54019564383415,False,momentum
2016-04-28 21:00:00+00:00,2016-05-01 21:00:00+00:00,2016-06-01 21:00:00+00:00,CAD,CAD_JPY,-1,-1,0.1100575606659155,0.011287298709371903,2016-05-01 21:00:00+00:00,2016-06-01 21:00:00+00:00,84.591,83.772,81.89999999999884,3.700000000000614,-14.296033381643829,63.903966618354396,False,momentum
2016-04-28 21:00:00+00:00,2016-05-01 21:00:00+00:00,2016-06-01 21:00:00+00:00,CHF,CHF_JPY,1,1,0.17608351238451034,0.007054905627667875,2016-05-01 21:00:00+00:00,2016-06-01 21:00:00+00:00,110.886,110.926,4.000000000000625,5.299999999999727,-40.542374802657534,-41.842374802656636,False,momentum
2016-05-31 21:00:00+00:00,2016-06-01 21:00:00+00:00,2016-07-03 21:00:00+00:00,EUR,EUR_USD,1,1,0.2346833801861329,0.0046445062884867975,2016-06-01 21:00:00+00:00,2016-07-03 21:00:00+00:00,1.11878,1.11322,-55.600000000000094,1.8999999999991246,-17.682822547945204,-75.18282254794443,False,momentum
2016-05-31 21:00:00+00:00,2016-06-01 21:00:00+00:00,2016-07-03 21:00:00+00:00,GBP,GBP_USD,-1,-1,0.186494164801127,0.005844624877352974,2016-06-01 21:00:00+00:00,2016-07-03 21:00:00+00:00,1.44134,1.3247,1166.4000000000008,2.900000000001235,-11.128606423013697,1152.3713935769858,False,momentum
2016-05-31 21:00:00+00:00,2016-06-01 21:00:00+00:00,2016-07-03 21:00:00+00:00,JPY,USD_JPY,1,-1,0.14714126538267364,0.007407768529399787,2016-06-01 21:00:00+00:00,2016-07-03 21:00:00+00:00,109.557,102.628,692.9000000000002,2.600000000001046,-18.52829865479452,671.7717013452046,False,momentum
2016-05-31 21:00:00+00:00,2016-06-01 21:00:00+00:00,2016-07-03 21:00:00+00:00,AUD,AUD_USD,1,1,0.14020195712200473,0.007774416687559621,2016-06-01 21:00:00+00:00,2016-07-03 21:00:00+00:00,0.72584,0.74498,191.39999999999935,1.80000000000069,1.2602372465753433,190.860237246574,False,momentum
2016-05-31 21:00:00+00:00,2016-06-01 21:00:00+00:00,2016-07-03 21:00:00+00:00,NZD,NZD_USD,-1,-1,0.1291645319572987,0.008438759608080167,2016-06-01 21:00:00+00:00,2016-07-03 21:00:00+00:00,0.68184,0.71645,-346.1000000000003,2.20000000000109,-12.357929095890412,-360.6579290958918,False,momentum
2016-05-31 21:00:00+00:00,2016-06-01 21:00:00+00:00,2016-07-03 21:00:00+00:00,CHF,CHF_JPY,-1,-1,0.16231470055076302,0.006715278600023936,2016-06-01 21:00:00+00:00,2016-07-03 21:00:00+00:00,110.926,105.37,555.5999999999997,5.299999999999727,-3.133516559184931,547.166483440815,False,momentum
2016-06-30 21:00:00+00:00,2016-07-03 21:00:00+00:00,2016-08-01 21:00:00+00:00,EUR,EUR_USD,1,1,0.2459507318075663,0.005901019321077518,2016-07-03 21:00:00+00:00,2016-08-01 21:00:00+00:00,1.11322,1.11619,29.69999999999917,1.8999999999991246,-17.25008101369863,10.549918986301417,False,momentum
2016-06-30 21:00:00+00:00,2016-07-03 21:00:00+00:00,2016-08-01 21:00:00+00:00,GBP,GBP_USD,-1,-1,0.11036699579275722,0.013150308296466729,2016-07-03 21:00:00+00:00,2016-08-01 21:00:00+00:00,1.3247,1.31802,66.8000000000002,2.900000000001235,-10.475550301369864,53.4244496986291,False,momentum
2016-06-30 21:00:00+00:00,2016-07-03 21:00:00+00:00,2016-08-01 21:00:00+00:00,JPY,USD_JPY,1,-1,0.15211103527444084,0.009541451202478768,2016-07-03 21:00:00+00:00,2016-08-01 21:00:00+00:00,102.628,102.422,20.600000000000307,2.600000000001046,-17.983165904109597,0.01683409588966356,False,momentum
2016-06-30 21:00:00+00:00,2016-07-03 21:00:00+00:00,2016-08-01 21:00:00+00:00,AUD,AUD_USD,-1,-1,0.17165565217747433,0.00845506688547049,2016-07-03 21:00:00+00:00,2016-08-01 21:00:00+00:00,0.74498,0.75336,-83.80000000000054,1.80000000000069,-12.468913150684928,-98.06891315068616,False,momentum
2016-06-30 21:00:00+00:00,2016-07-03 21:00:00+00:00,2016-08-01 21:00:00+00:00,NZD,NZD_USD,1,1,0.17492395152944903,0.008297091437391078,2016-07-03 21:00:00+00:00,2016-08-01 21:00:00+00:00,0.71645,0.71715,6.999999999999229,2.20000000000109,2.486275315068493,7.286275315066632,False,momentum
2016-06-30 21:00:00+00:00,2016-07-03 21:00:00+00:00,2016-08-01 21:00:00+00:00,CHF,CHF_JPY,-1,-1,0.1449916334183123,0.0100099570313986,2016-07-03 21:00:00+00:00,2016-08-01 21:00:00+00:00,105.37,105.763,-39.30000000000007,5.299999999999727,-2.0604735214041083,-46.6604735214039,False,momentum
2016-07-31 21:00:00+00:00,2016-08-01 21:00:00+00:00,2016-09-01 21:00:00+00:00,GBP,GBP_USD,-1,-1,0.12091137039125172,0.013781791582588254,2016-08-01 21:00:00+00:00,2016-09-01 21:00:00+00:00,1.31802,1.32688,-88.60000000000089,2.900000000001235,-9.52502305972602,-101.02502305972816,False,momentum
2016-07-31 21:00:00+00:00,2016-08-01 21:00:00+00:00,2016-09-01 21:00:00+00:00,JPY,USD_JPY,1,-1,0.16814383013967188,0.00991041601296436,2016-08-01 21:00:00+00:00,2016-09-01 21:00:00+00:00,102.422,103.246,-82.3999999999998,2.600000000001046,-20.379885546575352,-105.3798855465762,False,momentum
2016-07-31 21:00:00+00:00,2016-08-01 21:00:00+00:00,2016-09-01 21:00:00+00:00,AUD,AUD_USD,1,1,0.21487266528772644,0.00775517585946074,2016-08-01 21:00:00+00:00,2016-09-01 21:00:00+00:00,0.75336,0.75526,19.000000000000128,1.80000000000069,-0.13536587671232875,17.06463412328711,False,momentum
2016-07-31 21:00:00+00:00,2016-08-01 21:00:00+00:00,2016-09-01 21:00:00+00:00,NZD,NZD_USD,1,1,0.2030371967940535,0.008207241495693109,2016-08-01 21:00:00+00:00,2016-09-01 21:00:00+00:00,0.71715,0.72845,113.00000000000087,2.20000000000109,2.1815464109589056,112.98154641095869,False,momentum
2016-07-31 21:00:00+00:00,2016-08-01 21:00:00+00:00,2016-09-01 21:00:00+00:00,CAD,CAD_JPY,-1,-1,0.13753715633514976,0.012115819107359977,2016-08-01 21:00:00+00:00,2016-09-01 21:00:00+00:00,78.049,78.79,-74.09999999999997,3.700000000000614,-14.123776136246216,-91.9237761362468,False,momentum
2016-07-31 21:00:00+00:00,2016-08-01 21:00:00+00:00,2016-09-01 21:00:00+00:00,CHF,CHF_JPY,-1,-1,0.1554977810521467,0.010716392834818261,2016-08-01 21:00:00+00:00,2016-09-01 21:00:00+00:00,105.763,105.334,42.900000000000205,5.299999999999727,-2.7011266905821922,34.898873309418285,False,momentum
2016-08-31 21:00:00+00:00,2016-09-01 21:00:00+00:00,2016-10-02 21:00:00+00:00,EUR,EUR_USD,-1,-1,0.25560363635312705,0.005330294786769653,2016-09-01 21:00:00+00:00,2016-10-02 21:00:00+00:00,1.11982,1.12305,-32.30000000000066,1.8999999999991246,-1.216693589041095,-35.416693589040875,False,momentum
2016-08-31 21:00:00+00:00,2016-09-01 21:00:00+00:00,2016-10-02 21:00:00+00:00,GBP,GBP_USD,-1,-1,0.0969754466142602,0.014049357625047458,2016-09-01 21:00:00+00:00,2016-10-02 21:00:00+00:00,1.32688,1.29193,349.50000000000034,2.900000000001235,-7.954810207123283,338.64518979287584,False,momentum
2016-08-31 21:00:00+00:00,2016-09-01 21:00:00+00:00,2016-10-02 21:00:00+00:00,JPY,USD_JPY,1,-1,0.14335341450922728,0.009504082863995839,2016-09-01 21:00:00+00:00,2016-10-02 21:00:00+00:00,103.246,101.233,201.2999999999991,2.600000000001046,-18.090150426027407,180.60984957397065,False,momentum
2016-08-31 21:00:00+00:00,2016-09-01 21:00:00+00:00,2016-10-02 21:00:00+00:00,AUD,AUD_USD,1,1,0.19272228609074174,0.007069461233408907,2016-09-01 21:00:00+00:00,2016-10-02 21:00:00+00:00,0.75526,0.76623,109.69999999999924,1.80000000000069,-0.25547926027397283,107.64452073972457,False,momentum
2016-08-31 21:00:00+00:00,2016-09-01 21:00:00+00:00,2016-10-02 21:00:00+00:00,NZD,NZD_USD,1,1,0.17779634669316222,0.007662939962898781,2016-09-01 21:00:00+00:00,2016-10-02 21:00:00+00:00,0.72845,0.7278,-6.500000000000394,2.20000000000109,1.875254794520548,-6.824745205480936,False,momentum
2016-08-31 21:00:00+00:00,2016-09-01 21:00:00+00:00,2016-10-02 21:00:00+00:00,CHF,CHF_JPY,-1,-1,0.1335488697394815,0.010201828985825225,2016-09-01 21:00:00+00:00,2016-10-02 21:00:00+00:00,105.334,104.15,118.39999999999975,5.299999999999727,-2.5133157529109575,110.58668424708907,False,momentum
2016-09-29 21:00:00+00:00,2016-10-02 21:00:00+00:00,2016-11-01 21:00:00+00:00,EUR,EUR_USD,-1,-1,0.26893167727513356,0.003769256116039385,2016-10-02 21:00:00+00:00,2016-11-01 21:00:00+00:00,1.12305,1.1055,175.50000000000176,1.8999999999991246,-1.1853355068493148,172.4146644931533,False,momentum
2016-09-29 21:00:00+00:00,2016-10-02 21:00:00+00:00,2016-11-01 21:00:00+00:00,GBP,GBP_USD,-1,-1,0.14378261162078446,0.00705003447871367,2016-10-02 21:00:00+00:00,2016-11-01 21:00:00+00:00,1.29193,1.2241,678.3000000000005,2.900000000001235,-8.131831772054795,667.2681682279444,False,momentum
2016-09-29 21:00:00+00:00,2016-10-02 21:00:00+00:00,2016-11-01 21:00:00+00:00,JPY,USD_JPY,1,-1,0.1252176119652625,0.008095285906324723,2016-10-02 21:00:00+00:00,2016-11-01 21:00:00+00:00,101.233,104.14,-290.69999999999965,2.600000000001046,-18.62329735890411,-311.9232973589048,False,momentum
2016-09-29 21:00:00+00:00,2016-10-02 21:00:00+00:00,2016-11-01 21:00:00+00:00,AUD,AUD_USD,1,1,0.16904239334469368,0.005996557131672006,2016-10-02 21:00:00+00:00,2016-11-01 21:00:00+00:00,0.76623,0.76516,-10.700000000000154,1.80000000000069,-0.3088629863013698,-12.808862986302213,False,momentum
2016-09-29 21:00:00+00:00,2016-10-02 21:00:00+00:00,2016-11-01 21:00:00+00:00,NZD,NZD_USD,1,1,0.14734989792199626,0.006879355762449478,2016-10-02 21:00:00+00:00,2016-11-01 21:00:00+00:00,0.7278,0.71822,-95.80000000000032,2.20000000000109,1.628346246575342,-96.37165375342607,False,momentum
2016-09-29 21:00:00+00:00,2016-10-02 21:00:00+00:00,2016-11-01 21:00:00+00:00,CHF,CHF_JPY,-1,-1,0.14567580787212953,0.006958412547509624,2016-10-02 21:00:00+00:00,2016-11-01 21:00:00+00:00,104.15,106.78,-262.99999999999955,5.299999999999727,-2.352876673630137,-270.6528766736294,False,momentum
2016-10-31 21:00:00+00:00,2016-11-01 21:00:00+00:00,2016-12-01 22:00:00+00:00,GBP,GBP_USD,-1,-1,0.14340937970719808,0.006363576664330237,2016-11-01 21:00:00+00:00,2016-12-01 22:00:00+00:00,1.2241,1.25927,-351.6999999999992,2.900000000001235,-8.700598903013695,-363.30059890301413,False,momentum
2016-10-31 21:00:00+00:00,2016-11-01 21:00:00+00:00,2016-12-01 22:00:00+00:00,JPY,USD_JPY,1,-1,0.159310181767649,0.005728425967662289,2016-11-01 21:00:00+00:00,2016-12-01 22:00:00+00:00,104.14,114.122,-998.1999999999999,2.600000000001046,-19.97947044794521,-1020.7794704479462,False,momentum
2016-10-31 21:00:00+00:00,2016-11-01 21:00:00+00:00,2016-12-01 22:00:00+00:00,AUD,AUD_USD,1,1,0.17032200473453316,0.005358066232094842,2016-11-01 21:00:00+00:00,2016-12-01 22:00:00+00:00,0.76516,0.74156,-235.99999999999955,1.80000000000069,-0.30886298630136977,-238.1088629863016,False,momentum
2016-10-31 21:00:00+00:00,2016-11-01 21:00:00+00:00,2016-12-01 22:00:00+00:00,NZD,NZD_USD,1,1,0.16533237595697128,0.0055197693547228074,2016-11-01 21:00:00+00:00,2016-12-01 22:00:00+00:00,0.71822,0.70896,-92.59999999999934,2.20000000000109,1.1032749041095886,-93.69672509589086,False,momentum
2016-10-31 21:00:00+00:00,2016-11-01 21:00:00+00:00,2016-12-01 22:00:00+00:00,CAD,CAD_JPY,-1,-1,0.14560467165196872,0.006267632568356956,2016-11-01 21:00:00+00:00,2016-12-01 22:00:00+00:00,77.786,85.687,-790.0999999999996,3.700000000000614,-13.675996934001956,-807.4759969340022,False,momentum
2016-10-31 21:00:00+00:00,2016-11-01 21:00:00+00:00,2016-12-01 22:00:00+00:00,CHF,CHF_JPY,-1,-1,0.21602138618167982,0.004224565901930106,2016-11-01 21:00:00+00:00,2016-12-01 22:00:00+00:00,106.78,112.924,-614.4000000000005,5.299999999999727,-2.5190383328767125,-622.219038332877,False,momentum
2016-11-30 22:00:00+00:00,2016-12-01 22:00:00+00:00,2017-01-02 22:00:00+00:00,EUR,EUR_USD,-1,-1,0.23631360978760907,0.004352855670070094,2016-12-01 22:00:00+00:00,2017-01-02 22:00:00+00:00,1.06602,1.04688,191.39999999999935,1.8999999999991246,0.13483975342465834,189.6348397534249,False,momentum
2016-11-30 22:00:00+00:00,2016-12-01 22:00:00+00:00,2017-01-02 22:00:00+00:00,GBP,GBP_USD,-1,-1,0.15155289736641273,0.006787326762825016,2016-12-01 22:00:00+00:00,2017-01-02 22:00:00+00:00,1.25927,1.22822,310.499999999998,2.900000000001235,-6.592603199999997,301.0073967999968,False,momentum
2016-11-30 22:00:00+00:00,2016-12-01 22:00:00+00:00,2017-01-02 22:00:00+00:00,JPY,USD_JPY,1,-1,0.15361814851990024,0.006696077554570138,2016-12-01 22:00:00+00:00,2017-01-02 22:00:00+00:00,114.122,117.282,-315.99999999999966,2.600000000001046,-20.580537015068497,-339.1805370150692,False,momentum
2016-11-30 22:00:00+00:00,2016-12-01 22:00:00+00:00,2017-01-02 22:00:00+00:00,AUD,AUD_USD,1,1,0.16298384376358138,0.006311294497206934,2016-12-01 22:00:00+00:00,2017-01-02 22:00:00+00:00,0.74156,0.7198,-217.6,1.80000000000069,-1.1115254383561641,-220.51152543835684,False,momentum
2016-11-30 22:00:00+00:00,2016-12-01 22:00:00+00:00,2017-01-02 22:00:00+00:00,NZD,NZD_USD,1,1,0.15733612138969613,0.006537844121191684,2016-12-01 22:00:00+00:00,2017-01-02 22:00:00+00:00,0.70896,0.69296,-160.00000000000014,2.20000000000109,0.3391085753424646,-161.86089142465877,False,momentum
2016-11-30 22:00:00+00:00,2016-12-01 22:00:00+00:00,2017-01-02 22:00:00+00:00,CAD,CAD_JPY,-1,-1,0.13819537917280042,0.007443367806042985,2016-12-01 22:00:00+00:00,2017-01-02 22:00:00+00:00,85.687,87.218,-153.1000000000006,3.700000000000614,-12.809947583864965,-169.60994758386616,False,momentum
2016-12-29 22:00:00+00:00,2017-01-02 22:00:00+00:00,2017-02-01 22:00:00+00:00,EUR,EUR_USD,-1,-1,0.19511543984486773,0.005104705620011011,2017-01-02 22:00:00+00:00,2017-02-01 22:00:00+00:00,1.04688,1.07687,-299.8999999999996,1.8999999999991246,1.2731381369863026,-300.5268618630124,False,momentum
2016-12-29 22:00:00+00:00,2017-01-02 22:00:00+00:00,2017-02-01 22:00:00+00:00,GBP,GBP_USD,-1,-1,0.15404339832919112,0.006465755060781945,2017-01-02 22:00:00+00:00,2017-02-01 22:00:00+00:00,1.22822,1.26592,-376.9999999999984,2.900000000001235,-5.718178344109585,-385.6181783441092,False,momentum
2016-12-29 22:00:00+00:00,2017-01-02 22:00:00+00:00,2017-02-01 22:00:00+00:00,JPY,USD_JPY,1,-1,0.1533282938944014,0.006495910552640568,2017-01-02 22:00:00+00:00,2017-02-01 22:00:00+00:00,117.282,113.215,406.6999999999993,2.600000000001046,-23.555683346575357,380.5443166534229,False,momentum
2016-12-29 22:00:00+00:00,2017-01-02 22:00:00+00:00,2017-02-01 22:00:00+00:00,NZD,NZD_USD,1,1,0.15994081064620996,0.006227346718469432,2017-01-02 22:00:00+00:00,2017-02-01 22:00:00+00:00,0.69296,0.72796,350.0000000000003,2.20000000000109,-0.4469357260273988,347.3530642739718,False,momentum
2016-12-29 22:00:00+00:00,2017-01-02 22:00:00+00:00,2017-02-01 22:00:00+00:00,CAD,CAD_JPY,1,1,0.13714028845314702,0.0072626862139588905,2017-01-02 22:00:00+00:00,2017-02-01 22:00:00+00:00,87.218,86.77,-44.80000000000075,3.700000000000614,-8.875105119693067,-57.37510511969443,False,momentum
2016-12-29 22:00:00+00:00,2017-01-02 22:00:00+00:00,2017-02-01 22:00:00+00:00,CHF,CHF_JPY,-1,-1,0.20043176883218275,0.004969306453414338,2017-01-02 22:00:00+00:00,2017-02-01 22:00:00+00:00,114.562,114.009,55.29999999999973,5.299999999999727,0.3300257371102755,50.330025737110276,False,momentum
2017-01-31 22:00:00+00:00,2017-02-01 22:00:00+00:00,2017-03-01 22:00:00+00:00,EUR,EUR_USD,-1,-1,0.19211439403528044,0.005757145935741779,2017-02-01 22:00:00+00:00,2017-03-01 22:00:00+00:00,1.07687,1.05457,222.99999999999986,1.8999999999991246,1.1132119178082203,222.21321191780896,False,momentum
2017-01-31 22:00:00+00:00,2017-02-01 22:00:00+00:00,2017-03-01 22:00:00+00:00,GBP,GBP_USD,-1,-1,0.1464434453179675,0.007552612548934669,2017-02-01 22:00:00+00:00,2017-03-01 22:00:00+00:00,1.26592,1.22936,365.5999999999992,2.900000000001235,-4.976097482739723,357.7239025172583,False,momentum
2017-01-31 22:00:00+00:00,2017-02-01 22:00:00+00:00,2017-03-01 22:00:00+00:00,JPY,USD_JPY,1,-1,0.13750126368726912,0.0080437850035564,2017-02-01 22:00:00+00:00,2017-03-01 22:00:00+00:00,113.215,113.738,-52.29999999999961,2.600000000001046,-20.53658901643836,-75.43658901643902,False,momentum
2017-01-31 22:00:00+00:00,2017-02-01 22:00:00+00:00,2017-03-01 22:00:00+00:00,NZD,NZD_USD,1,1,0.16316667561318296,0.006778532434158071,2017-02-01 22:00:00+00:00,2017-03-01 22:00:00+00:00,0.72796,0.7145,-134.60000000000028,2.20000000000109,-0.2125288767123295,-137.0125288767137,False,momentum
2017-01-31 22:00:00+00:00,2017-02-01 22:00:00+00:00,2017-03-01 22:00:00+00:00,CAD,CAD_JPY,1,1,0.15549682279910418,0.007112882327162773,2017-02-01 22:00:00+00:00,2017-03-01 22:00:00+00:00,86.77,85.315,-145.49999999999983,3.700000000000614,-7.8119915613209665,-157.01199156132142,False,momentum
2017-01-31 22:00:00+00:00,2017-02-01 22:00:00+00:00,2017-03-01 22:00:00+00:00,CHF,CHF_JPY,-1,-1,0.20527739854719582,0.005387980414041633,2017-02-01 22:00:00+00:00,2017-03-01 22:00:00+00:00,114.009,112.728,128.1000000000006,5.299999999999727,-1.3679287325285336,121.43207126747232,False,momentum
2017-02-28 22:00:00+00:00,2017-03-01 22:00:00+00:00,2017-04-02 21:00:00+00:00,EUR,EUR_USD,-1,-1,0.18726938698567988,0.005398623388699438,2017-03-01 22:00:00+00:00,2017-04-02 21:00:00+00:00,1.05457,1.0663,-117.30000000000018,1.8999999999991246,2.4490662191780834,-116.75093378082123,False,momentum
2017-02-28 22:00:00+00:00,2017-03-01 22:00:00+00:00,2017-04-02 21:00:00+00:00,GBP,GBP_USD,-1,-1,0.14114934653173455,0.007162604131086044,2017-03-01 22:00:00+00:00,2017-04-02 21:00:00+00:00,1.22936,1.25456,-251.9999999999989,2.900000000001235,-3.8499069917808177,-258.74990699178096,False,momentum
2017-02-28 22:00:00+00:00,2017-03-01 22:00:00+00:00,2017-04-02 21:00:00+00:00,JPY,USD_JPY,-1,1,0.14055506371906032,0.0071928884368695906,2017-03-01 22:00:00+00:00,2017-04-02 21:00:00+00:00,113.738,111.444,-229.3999999999997,2.600000000001046,-3.4714479726027383,-235.47144797260347,False,momentum
2017-02-28 22:00:00+00:00,2017-03-01 22:00:00+00:00,2017-04-02 21:00:00+00:00,AUD,AUD_USD,1,1,0.20145039949485244,0.00501858966327903,2017-03-01 22:00:00+00:00,2017-04-02 21:00:00+00:00,0.76768,0.76329,-43.90000000000005,1.80000000000069,-2.51856793150685,-48.21856793150759,False,momentum
2017-02-28 22:00:00+00:00,2017-03-01 22:00:00+00:00,2017-04-02 21:00:00+00:00,NZD,NZD_USD,1,1,0.16558135922730147,0.006105740992139421,2017-03-01 22:00:00+00:00,2017-04-02 21:00:00+00:00,0.7145,0.70028,-142.2000000000001,2.20000000000109,-1.025139287671234,-145.42513928767244,False,momentum
2017-02-28 22:00:00+00:00,2017-03-01 22:00:00+00:00,2017-04-02 21:00:00+00:00,CAD,CAD_JPY,1,1,0.16399444404137134,0.006164824049241878,2017-03-01 22:00:00+00:00,2017-04-02 21:00:00+00:00,85.315,83.699,-161.59999999999997,3.700000000000614,-8.306315710541988,-173.60631571054256,False,momentum
2017-03-30 21:00:00+00:00,2017-04-02 21:00:00+00:00,2017-05-01 21:00:00+00:00,EUR,EUR_USD,-1,-1,0.18943845792703223,0.005031189111711207,2017-04-02 21:00:00+00:00,2017-05-01 21:00:00+00:00,1.0663,1.08982,-235.19999999999985,1.8999999999991246,3.4305741917808223,-233.66942580821814,False,momentum
2017-03-30 21:00:00+00:00,2017-04-02 21:00:00+00:00,2017-05-01 21:00:00+00:00,GBP,GBP_USD,-1,-1,0.1368514266965439,0.006964492295540797,2017-04-02 21:00:00+00:00,2017-05-01 21:00:00+00:00,1.25456,1.28838,-338.2000000000018,2.900000000001235,-2.497612017534242,-343.5976120175373,False,momentum
2017-03-30 21:00:00+00:00,2017-04-02 21:00:00+00:00,2017-05-01 21:00:00+00:00,JPY,USD_JPY,1,-1,0.13904597222930196,0.006854572567482064,2017-04-02 21:00:00+00:00,2017-05-01 21:00:00+00:00,111.444,111.828,-38.400000000000034,2.600000000001046,-24.694336038356163,-65.69433603835725,False,momentum
2017-03-30 21:00:00+00:00,2017-04-02 21:00:00+00:00,2017-05-01 21:00:00+00:00,AUD,AUD_USD,1,1,0.1740815983729331,0.005475022723654161,2017-04-02 21:00:00+00:00,2017-05-01 21:00:00+00:00,0.76329,0.75226,-110.29999999999984,1.80000000000069,-3.0810036164383563,-115.18100361643889,False,momentum
2017-03-30 21:00:00+00:00,2017-04-02 21:00:00+00:00,2017-05-01 21:00:00+00:00,NZD,NZD_USD,1,1,0.15397985785215704,0.00618977520928069,2017-04-02 21:00:00+00:00,2017-05-01 21:00:00+00:00,0.70028,0.69082,-94.60000000000024,2.20000000000109,-1.6174072602739733,-98.4174072602753,False,momentum
2017-03-30 21:00:00+00:00,2017-04-02 21:00:00+00:00,2017-05-01 21:00:00+00:00,CHF,CHF_JPY,-1,-1,0.2066026869220318,0.004613205767365114,2017-04-02 21:00:00+00:00,2017-05-01 21:00:00+00:00,111.156,112.284,-112.80000000000001,5.299999999999727,-1.843681204911712,-119.94368120491146,False,momentum
2017-04-30 21:00:00+00:00,2017-05-01 21:00:00+00:00,2017-06-01 21:00:00+00:00,EUR,EUR_USD,-1,-1,0.1759140192521869,0.004550033528898228,2017-05-01 21:00:00+00:00,2017-06-01 21:00:00+00:00,1.08982,1.12142,-316.0000000000007,1.8999999999991246,3.857044109589041,-314.0429558904108,False,momentum
2017-04-30 21:00:00+00:00,2017-05-01 21:00:00+00:00,2017-06-01 21:00:00+00:00,GBP,GBP_USD,-1,-1,0.14898840500932453,0.0053723287107517136,2017-05-01 21:00:00+00:00,2017-06-01 21:00:00+00:00,1.28838,1.28843,-0.4999999999988347,2.900000000001235,-2.910650098630133,-6.3106500986302025,False,momentum
2017-04-30 21:00:00+00:00,2017-05-01 21:00:00+00:00,2017-06-01 21:00:00+00:00,AUD,AUD_USD,1,1,0.1585574203956882,0.0050481061296483165,2017-05-01 21:00:00+00:00,2017-06-01 21:00:00+00:00,0.75226,0.73742,-148.40000000000074,1.80000000000069,-3.4775684383561645,-153.6775684383576,False,momentum
2017-04-30 21:00:00+00:00,2017-05-01 21:00:00+00:00,2017-06-01 21:00:00+00:00,NZD,NZD_USD,1,1,0.16232238520611836,0.0049310185085336515,2017-05-01 21:00:00+00:00,2017-06-01 21:00:00+00:00,0.69082,0.7062,153.8000000000006,2.20000000000109,-1.7924310410958921,149.80756895890363,False,momentum
2017-04-30 21:00:00+00:00,2017-05-01 21:00:00+00:00,2017-06-01 21:00:00+00:00,CAD,CAD_JPY,-1,-1,0.1645214327508913,0.00486510889442982,2017-05-01 21:00:00+00:00,2017-06-01 21:00:00+00:00,81.766,82.365,-59.899999999998954,3.700000000000614,-14.146196718493139,-77.74619671849271,False,momentum
2017-04-30 21:00:00+00:00,2017-05-01 21:00:00+00:00,2017-06-01 21:00:00+00:00,CHF,CHF_JPY,1,1,0.18969633738579075,0.004219452504098026,2017-05-01 21:00:00+00:00,2017-06-01 21:00:00+00:00,112.284,114.626,234.19999999999987,5.299999999999727,-43.06167733946714,185.838322660533,False,momentum
2017-05-31 21:00:00+00:00,2017-06-01 21:00:00+00:00,2017-07-02 21:00:00+00:00,EUR,EUR_USD,-1,-1,0.17547100226873624,0.0047623935192279915,2017-06-01 21:00:00+00:00,2017-07-02 21:00:00+00:00,1.12142,1.14186,-204.40000000000012,1.8999999999991246,4.678625863013699,-201.62137413698554,False,momentum
2017-05-31 21:00:00+00:00,2017-06-01 21:00:00+00:00,2017-07-02 21:00:00+00:00,GBP,GBP_USD,-1,-1,0.1641233134097719,0.005091671296756274,2017-06-01 21:00:00+00:00,2017-07-02 21:00:00+00:00,1.28843,1.30056,-121.29999999999974,2.900000000001235,-1.0435167945205448,-125.24351679452153,False,momentum
2017-05-31 21:00:00+00:00,2017-06-01 21:00:00+00:00,2017-07-02 21:00:00+00:00,AUD,AUD_USD,1,1,0.168855960495614,0.00494896337425279,2017-06-01 21:00:00+00:00,2017-07-02 21:00:00+00:00,0.73742,0.76847,310.5000000000002,1.80000000000069,-3.8398151506849314,304.8601848493146,False,momentum
2017-05-31 21:00:00+00:00,2017-06-01 21:00:00+00:00,2017-07-02 21:00:00+00:00,NZD,NZD_USD,1,1,0.15873274555020972,0.00526458457655,2017-06-01 21:00:00+00:00,2017-07-02 21:00:00+00:00,0.7062,0.73304,268.39999999999975,2.20000000000109,-2.2924989863013696,263.9075010136973,False,momentum
2017-05-31 21:00:00+00:00,2017-06-01 21:00:00+00:00,2017-07-02 21:00:00+00:00,CAD,CAD_JPY,-1,-1,0.15320510079473448,0.005454530950224019,2017-06-01 21:00:00+00:00,2017-07-02 21:00:00+00:00,82.365,86.432,-406.7000000000007,3.700000000000614,-12.480721132789528,-422.8807211327909,False,momentum
2017-05-31 21:00:00+00:00,2017-06-01 21:00:00+00:00,2017-07-02 21:00:00+00:00,CHF,CHF_JPY,1,1,0.17961187748093366,0.004652598568297788,2017-06-01 21:00:00+00:00,2017-07-02 21:00:00+00:00,114.626,116.94,231.3999999999993,5.299999999999727,-35.89222838544519,190.20777161455436,False,momentum
2017-06-29 21:00:00+00:00,2017-07-02 21:00:00+00:00,2017-08-01 21:00:00+00:00,EUR,EUR_USD,1,1,0.181378099432525,0.0046043841977475575,2017-07-02 21:00:00+00:00,2017-08-01 21:00:00+00:00,1.14186,1.18024,383.7999999999986,1.8999999999991246,-24.995527315068486,356.90447268493097,False,momentum
2017-06-29 21:00:00+00:00,2017-07-02 21:00:00+00:00,2017-08-01 21:00:00+00:00,GBP,GBP_USD,-1,-1,0.15892568870027085,0.005254873907890638,2017-07-02 21:00:00+00:00,2017-08-01 21:00:00+00:00,1.30056,1.3209,-203.40000000000023,2.900000000001235,0.1560961621917831,-206.1439038378097,False,momentum
2017-06-29 21:00:00+00:00,2017-07-02 21:00:00+00:00,2017-08-01 21:00:00+00:00,JPY,USD_JPY,-1,1,0.15900784491665082,0.005252158818216588,2017-07-02 21:00:00+00:00,2017-08-01 21:00:00+00:00,112.114,110.362,-175.20000000000095,2.600000000001046,1.5692542945205499,-176.23074570548144,False,momentum
2017-06-29 21:00:00+00:00,2017-07-02 21:00:00+00:00,2017-08-01 21:00:00+00:00,AUD,AUD_USD,1,1,0.18868286139461288,0.004426127782204851,2017-07-02 21:00:00+00:00,2017-08-01 21:00:00+00:00,0.76847,0.7968,283.29999999999967,1.80000000000069,-4.615785739726025,276.8842142602729,False,momentum
2017-06-29 21:00:00+00:00,2017-07-02 21:00:00+00:00,2017-08-01 21:00:00+00:00,CAD,CAD_JPY,-1,-1,0.13917413859689898,0.006000643964921305,2017-07-02 21:00:00+00:00,2017-08-01 21:00:00+00:00,86.432,87.98,-154.80000000000018,3.700000000000614,-14.556273068850553,-173.05627306885134,False,momentum
2017-06-29 21:00:00+00:00,2017-07-02 21:00:00+00:00,2017-08-01 21:00:00+00:00,CHF,CHF_JPY,1,1,0.17283136695904155,0.0048320768940195765,2017-07-02 21:00:00+00:00,2017-08-01 21:00:00+00:00,116.94,114.282,-265.8000000000001,5.299999999999727,-37.681005760844734,-308.7810057608446,False,momentum
2017-07-31 21:00:00+00:00,2017-08-01 21:00:00+00:00,2017-09-03 21:00:00+00:00,EUR,EUR_USD,1,1,0.1724280355852155,0.004659431885620645,2017-08-01 21:00:00+00:00,2017-09-03 21:00:00+00:00,1.18024,1.18842,81.80000000000075,1.8999999999991246,-27.497902273972596,52.40209772602903,False,momentum
2017-07-31 21:00:00+00:00,2017-08-01 21:00:00+00:00,2017-09-03 21:00:00+00:00,GBP,GBP_USD,-1,-1,0.16903987165239884,0.004752823574267563,2017-08-01 21:00:00+00:00,2017-09-03 21:00:00+00:00,1.3209,1.29636,245.40000000000006,2.900000000001235,0.16597148383561972,242.66597148383445,False,momentum
2017-07-31 21:00:00+00:00,2017-08-01 21:00:00+00:00,2017-09-03 21:00:00+00:00,JPY,USD_JPY,-1,1,0.15786961528482985,0.005089115378732964,2017-08-01 21:00:00+00:00,2017-09-03 21:00:00+00:00,110.362,109.521,-84.0999999999994,2.600000000001046,1.6633651602739745,-85.03663483972647,False,momentum
2017-07-31 21:00:00+00:00,2017-08-01 21:00:00+00:00,2017-09-03 21:00:00+00:00,AUD,AUD_USD,1,1,0.17483327976136065,0.004595330408931932,2017-08-01 21:00:00+00:00,2017-09-03 21:00:00+00:00,0.7968,0.79466,-21.399999999999196,1.80000000000069,-5.0790802191780795,-28.279080219177963,False,momentum
2017-07-31 21:00:00+00:00,2017-08-01 21:00:00+00:00,2017-09-03 21:00:00+00:00,NZD,NZD_USD,1,1,0.1585680931198636,0.005066698294551424,2017-08-01 21:00:00+00:00,2017-09-03 21:00:00+00:00,0.74669,0.71495,-317.39999999999986,2.20000000000109,-2.953526301369862,-322.55352630137077,False,momentum
2017-07-31 21:00:00+00:00,2017-08-01 21:00:00+00:00,2017-09-03 21:00:00+00:00,CHF,CHF_JPY,-1,-1,0.16726110459633148,0.004803368296052169,2017-08-01 21:00:00+00:00,2017-09-03 21:00:00+00:00,114.282,114.074,20.79999999999984,5.299999999999727,-1.610527053253426,13.889472946746688,False,momentum
2017-08-31 21:00:00+00:00,2017-09-03 21:00:00+00:00,2017-10-01 21:00:00+00:00,EUR,EUR_USD,1,1,0.17290655726622758,0.004586249978854099,2017-09-03 21:00:00+00:00,2017-10-01 21:00:00+00:00,1.18842,1.17901,-94.1000000000014,1.8999999999991246,-23.32414153424657,-119.3241415342471,False,momentum
2017-08-31 21:00:00+00:00,2017-09-03 21:00:00+00:00,2017-10-01 21:00:00+00:00,GBP,GBP_USD,-1,-1,0.1653590404267238,0.004795581133995351,2017-09-03 21:00:00+00:00,2017-10-01 21:00:00+00:00,1.29636,1.33754,-411.7999999999999,2.900000000001235,0.14111797917808525,-414.55888202082303,False,momentum
2017-08-31 21:00:00+00:00,2017-09-03 21:00:00+00:00,2017-10-01 21:00:00+00:00,JPY,USD_JPY,-1,1,0.180967616556795,0.004381959102373976,2017-09-03 21:00:00+00:00,2017-10-01 21:00:00+00:00,109.521,112.661,314.00000000000006,2.600000000001046,1.5093252054794533,312.90932520547847,False,momentum
2017-08-31 21:00:00+00:00,2017-09-03 21:00:00+00:00,2017-10-01 21:00:00+00:00,AUD,AUD_USD,1,1,0.16838246990521985,0.004709472993550551,2017-09-03 21:00:00+00:00,2017-10-01 21:00:00+00:00,0.79466,0.78344,-112.20000000000007,1.80000000000069,-4.305016191780821,-118.30501619178159,False,momentum
2017-08-31 21:00:00+00:00,2017-09-03 21:00:00+00:00,2017-10-01 21:00:00+00:00,CAD,CAD_JPY,1,1,0.14348186809876554,0.005526779830188132,2017-09-03 21:00:00+00:00,2017-10-01 21:00:00+00:00,88.156,90.208,205.19999999999925,3.700000000000614,-3.454784364164389,198.04521563583424,False,momentum
2017-08-31 21:00:00+00:00,2017-09-03 21:00:00+00:00,2017-10-01 21:00:00+00:00,CHF,CHF_JPY,-1,-1,0.16890244774626814,0.004694974555947443,2017-09-03 21:00:00+00:00,2017-10-01 21:00:00+00:00,114.074,116.294,-221.9999999999999,5.299999999999727,-1.0482663349315078,-228.3482663349311,False,momentum
2017-09-28 21:00:00+00:00,2017-10-01 21:00:00+00:00,2017-11-01 21:00:00+00:00,EUR,EUR_USD,1,1,0.18334052599620276,0.004649099112301168,2017-10-01 21:00:00+00:00,2017-11-01 21:00:00+00:00,1.17901,1.16194,-170.69999999999916,1.8999999999991246,-27.497902273972596,-200.09790227397087,False,momentum
2017-09-28 21:00:00+00:00,2017-10-01 21:00:00+00:00,2017-11-01 21:00:00+00:00,GBP,GBP_USD,-1,-1,0.17022249859487698,0.005007377307311058,2017-10-01 21:00:00+00:00,2017-11-01 21:00:00+00:00,1.33754,1.32451,130.29999999999873,2.900000000001235,-0.0701551660273945,127.32984483397011,False,momentum
2017-09-28 21:00:00+00:00,2017-10-01 21:00:00+00:00,2017-11-01 21:00:00+00:00,JPY,USD_JPY,-1,1,0.17541230245011633,0.004859227458690769,2017-10-01 21:00:00+00:00,2017-11-01 21:00:00+00:00,112.661,114.198,153.6999999999992,2.600000000001046,1.4982272260273986,152.59822722602556,False,momentum
2017-09-28 21:00:00+00:00,2017-10-01 21:00:00+00:00,2017-11-01 21:00:00+00:00,AUD,AUD_USD,1,1,0.17190364528926746,0.004958407224136926,2017-10-01 21:00:00+00:00,2017-11-01 21:00:00+00:00,0.78344,0.76778,-156.60000000000005,1.80000000000069,-5.0790802191780795,-163.47908021917883,False,momentum
2017-09-28 21:00:00+00:00,2017-10-01 21:00:00+00:00,2017-11-01 21:00:00+00:00,NZD,NZD_USD,-1,-1,0.15458528719419268,0.005513902986039129,2017-10-01 21:00:00+00:00,2017-11-01 21:00:00+00:00,0.72153,0.68872,328.1,2.20000000000109,-8.130792246575341,317.7692077534236,False,momentum
2017-09-28 21:00:00+00:00,2017-10-01 21:00:00+00:00,2017-11-01 21:00:00+00:00,CAD,CAD_JPY,1,1,0.1445357404753437,0.005897283771159567,2017-10-01 21:00:00+00:00,2017-11-01 21:00:00+00:00,90.208,88.77,-143.80000000000024,3.700000000000614,-4.043676849628187,-151.54367684962904,False,momentum
2017-10-31 21:00:00+00:00,2017-11-01 21:00:00+00:00,2017-12-03 22:00:00+00:00,EUR,EUR_USD,1,1,0.17746814337415004,0.004463946388955826,2017-11-01 21:00:00+00:00,2017-12-03 22:00:00+00:00,1.16194,1.18624,242.99999999999986,1.8999999999991246,-24.99552731506849,216.10447268493223,False,momentum
2017-10-31 21:00:00+00:00,2017-11-01 21:00:00+00:00,2017-12-03 22:00:00+00:00,GBP,GBP_USD,1,1,0.1548406332796422,0.0051162815663444335,2017-11-01 21:00:00+00:00,2017-12-03 22:00:00+00:00,1.32451,1.3434,188.8999999999985,2.900000000001235,-20.00997143671233,165.99002856328494,False,momentum
2017-10-31 21:00:00+00:00,2017-11-01 21:00:00+00:00,2017-12-03 22:00:00+00:00,JPY,USD_JPY,-1,1,0.1737851145621838,0.0045585508273567575,2017-11-01 21:00:00+00:00,2017-12-03 22:00:00+00:00,114.198,112.818,-137.99999999999955,2.600000000001046,1.488904923287671,-139.11109507671293,False,momentum
2017-10-31 21:00:00+00:00,2017-11-01 21:00:00+00:00,2017-12-03 22:00:00+00:00,NZD,NZD_USD,-1,-1,0.13894124688222823,0.005701750168121329,2017-11-01 21:00:00+00:00,2017-12-03 22:00:00+00:00,0.68872,0.6862,25.199999999999665,2.20000000000109,-6.8353037260273934,16.16469627397118,False,momentum
2017-10-31 21:00:00+00:00,2017-11-01 21:00:00+00:00,2017-12-03 22:00:00+00:00,CAD,CAD_JPY,1,1,0.1363306935314699,0.005810931179535608,2017-11-01 21:00:00+00:00,2017-12-03 22:00:00+00:00,88.77,88.822,5.200000000000671,3.700000000000614,-3.595400443940677,-2.09540044394062,False,momentum
2017-10-31 21:00:00+00:00,2017-11-01 21:00:00+00:00,2017-12-03 22:00:00+00:00,CHF,CHF_JPY,-1,-1,0.21863416837032587,0.003623442226230062,2017-11-01 21:00:00+00:00,2017-12-03 22:00:00+00:00,113.841,114.956,-111.50000000000091,5.299999999999727,0.03815699877770773,-116.76184300122293,False,momentum
2017-11-30 22:00:00+00:00,2017-12-03 22:00:00+00:00,2018-01-01 22:00:00+00:00,EUR,EUR_USD,1,1,0.1673546603204223,0.0044797093284852105,2017-12-03 22:00:00+00:00,2018-01-01 22:00:00+00:00,1.18624,1.20052,142.8000000000007,1.8999999999991246,-25.525478904109576,115.37452109589199,False,momentum
2017-11-30 22:00:00+00:00,2017-12-03 22:00:00+00:00,2018-01-01 22:00:00+00:00,GBP,GBP_USD,1,1,0.1368747013082135,0.005477273928910352,2017-12-03 22:00:00+00:00,2018-01-01 22:00:00+00:00,1.3434,1.35038,69.79999999999986,2.900000000001235,-20.80869773041096,46.09130226958766,False,momentum
2017-11-30 22:00:00+00:00,2017-12-03 22:00:00+00:00,2018-01-01 22:00:00+00:00,JPY,USD_JPY,-1,1,0.17269133213992646,0.004341273089464678,2017-12-03 22:00:00+00:00,2018-01-01 22:00:00+00:00,112.818,112.666,-15.200000000000102,2.600000000001046,3.2934363821917825,-14.506563617809366,False,momentum
2017-11-30 22:00:00+00:00,2017-12-03 22:00:00+00:00,2018-01-01 22:00:00+00:00,NZD,NZD_USD,-1,-1,0.13618274737318933,0.005505104335635286,2017-12-03 22:00:00+00:00,2018-01-01 22:00:00+00:00,0.6862,0.71046,-242.59999999999948,2.20000000000109,-5.988313643835614,-250.7883136438362,False,momentum
2017-11-30 22:00:00+00:00,2017-12-03 22:00:00+00:00,2018-01-01 22:00:00+00:00,CAD,CAD_JPY,1,1,0.13788664103590587,0.00543707662591945,2017-12-03 22:00:00+00:00,2018-01-01 22:00:00+00:00,88.822,89.571,74.89999999999952,3.700000000000614,-3.4508794317211815,67.74912056827773,False,momentum
2017-11-30 22:00:00+00:00,2017-12-03 22:00:00+00:00,2018-01-01 22:00:00+00:00,CHF,CHF_JPY,-1,-1,0.24900991782234247,0.003010724390253995,2017-12-03 22:00:00+00:00,2018-01-01 22:00:00+00:00,114.956,115.598,-64.19999999999959,5.299999999999727,-0.5198706007411726,-70.01987060074049,False,momentum
2017-12-28 22:00:00+00:00,2018-01-01 22:00:00+00:00,2018-02-01 22:00:00+00:00,EUR,EUR_USD,1,1,0.17231882003387705,0.003961666182867916,2018-01-01 22:00:00+00:00,2018-02-01 22:00:00+00:00,1.20052,1.25147,509.5000000000005,1.8999999999991246,-30.141388602739713,477.4586113972617,False,momentum
2017-12-28 22:00:00+00:00,2018-01-01 22:00:00+00:00,2018-02-01 22:00:00+00:00,GBP,GBP_USD,1,1,0.14941978371080894,0.004568803575041778,2018-01-01 22:00:00+00:00,2018-02-01 22:00:00+00:00,1.35038,1.42674,763.5999999999998,2.900000000001235,-24.946824611506845,735.7531753884917,False,momentum
2017-12-28 22:00:00+00:00,2018-01-01 22:00:00+00:00,2018-02-01 22:00:00+00:00,JPY,USD_JPY,-1,1,0.18671237467621835,0.0036562635078887734,2018-01-01 22:00:00+00:00,2018-02-01 22:00:00+00:00,112.666,109.404,-326.20000000000005,2.600000000001046,5.270652401369863,-323.5293475986312,False,momentum
2017-12-28 22:00:00+00:00,2018-01-01 22:00:00+00:00,2018-02-01 22:00:00+00:00,NZD,NZD_USD,-1,-1,0.12673282498764835,0.0053866836951393425,2018-01-01 22:00:00+00:00,2018-02-01 22:00:00+00:00,0.71046,0.73997,-295.10000000000036,2.20000000000109,-6.200842520547944,-303.5008425205494,False,momentum
2017-12-28 22:00:00+00:00,2018-01-01 22:00:00+00:00,2018-02-01 22:00:00+00:00,CAD,CAD_JPY,1,1,0.14860822818928532,0.004593753995440837,2018-01-01 22:00:00+00:00,2018-02-01 22:00:00+00:00,89.571,89.18,-39.09999999999911,3.700000000000614,-2.6888117095260813,-45.488811709525805,False,momentum
2017-12-28 22:00:00+00:00,2018-01-01 22:00:00+00:00,2018-02-01 22:00:00+00:00,CHF,CHF_JPY,-1,-1,0.21620796840216194,0.0031574675394484067,2018-01-01 22:00:00+00:00,2018-02-01 22:00:00+00:00,115.598,118.055,-245.70000000000078,5.299999999999727,-0.43025202304232635,-251.43025202304284,False,momentum
2018-01-31 22:00:00+00:00,2018-02-01 22:00:00+00:00,2018-03-01 22:00:00+00:00,EUR,EUR_USD,1,1,0.17465608425973228,0.004195595426675729,2018-02-01 22:00:00+00:00,2018-03-01 22:00:00+00:00,1.25147,1.2262,-252.70000000000124,1.8999999999991246,-25.572516027397256,-280.1725160273976,False,momentum
2018-01-31 22:00:00+00:00,2018-02-01 22:00:00+00:00,2018-03-01 22:00:00+00:00,GBP,GBP_USD,1,1,0.155820469603545,0.0047027599790044035,2018-02-01 22:00:00+00:00,2018-03-01 22:00:00+00:00,1.42674,1.37724,-494.99999999999875,2.900000000001235,-21.16156610082191,-519.0615661008219,False,momentum
2018-01-31 22:00:00+00:00,2018-02-01 22:00:00+00:00,2018-03-01 22:00:00+00:00,JPY,USD_JPY,-1,1,0.18078764242334197,0.004053298436434567,2018-02-01 22:00:00+00:00,2018-03-01 22:00:00+00:00,109.404,106.232,-317.1999999999997,2.600000000001046,4.502228304109591,-315.2977716958912,False,momentum
2018-01-31 22:00:00+00:00,2018-02-01 22:00:00+00:00,2018-03-01 22:00:00+00:00,NZD,NZD_USD,-1,-1,0.15609171802321434,0.004694587756745952,2018-02-01 22:00:00+00:00,2018-03-01 22:00:00+00:00,0.73997,0.72528,146.8999999999998,2.20000000000109,-5.392920246575342,139.30707975342338,False,momentum
2018-01-31 22:00:00+00:00,2018-02-01 22:00:00+00:00,2018-03-01 22:00:00+00:00,CAD,CAD_JPY,1,1,0.14554794926917544,0.0050346725738197335,2018-02-01 22:00:00+00:00,2018-03-01 22:00:00+00:00,89.18,82.782,-639.800000000001,3.700000000000614,-1.2450775272675094,-644.7450775272691,False,momentum
2018-01-31 22:00:00+00:00,2018-02-01 22:00:00+00:00,2018-03-01 22:00:00+00:00,CHF,CHF_JPY,-1,-1,0.1870961364209909,0.003916629612876442,2018-02-01 22:00:00+00:00,2018-03-01 22:00:00+00:00,118.055,112.786,526.9000000000005,5.299999999999727,-0.4479176411859598,521.1520823588148,False,momentum
2018-02-28 22:00:00+00:00,2018-03-01 22:00:00+00:00,2018-04-01 21:00:00+00:00,EUR,EUR_USD,1,1,0.18627734426377157,0.004571808191041332,2018-03-01 22:00:00+00:00,2018-04-01 21:00:00+00:00,1.2262,1.23213,59.299999999999905,1.8999999999991246,-27.319161205479446,30.080838794521334,False,momentum
2018-02-28 22:00:00+00:00,2018-03-01 22:00:00+00:00,2018-04-01 21:00:00+00:00,GBP,GBP_USD,1,1,0.15717062623310935,0.00541846977849055,2018-03-01 22:00:00+00:00,2018-04-01 21:00:00+00:00,1.37724,1.40265,254.0999999999993,2.900000000001235,-22.88985752219179,228.3101424778063,False,momentum
2018-02-28 22:00:00+00:00,2018-03-01 22:00:00+00:00,2018-04-01 21:00:00+00:00,JPY,USD_JPY,-1,1,0.18967223323420668,0.00448997870583911,2018-03-01 22:00:00+00:00,2018-04-01 21:00:00+00:00,106.232,106.239,0.7000000000005002,2.600000000001046,6.091015042465756,4.19101504246521,False,momentum
2018-02-28 22:00:00+00:00,2018-03-01 22:00:00+00:00,2018-04-01 21:00:00+00:00,AUD,AUD_USD,-1,-1,0.17249611287476244,0.004937063648088365,2018-03-01 22:00:00+00:00,2018-04-01 21:00:00+00:00,0.77562,0.76917,64.49999999999956,1.80000000000069,-5.008537438356166,57.6914625616427,False,momentum
2018-02-28 22:00:00+00:00,2018-03-01 22:00:00+00:00,2018-04-01 21:00:00+00:00,NZD,NZD_USD,-1,-1,0.15310455475461413,0.005562370692860603,2018-03-01 22:00:00+00:00,2018-04-01 21:00:00+00:00,0.72528,0.72374,15.399999999999858,2.20000000000109,-5.32259819178082,7.877401808217948,False,momentum
2018-02-28 22:00:00+00:00,2018-03-01 22:00:00+00:00,2018-04-01 21:00:00+00:00,CAD,CAD_JPY,1,1,0.14127912863953587,0.006027955413594026,2018-03-01 22:00:00+00:00,2018-04-01 21:00:00+00:00,82.782,82.38,-40.2000000000001,3.700000000000614,-1.1020627989041125,-45.00206279890483,False,momentum
2018-03-29 21:00:00+00:00,2018-04-01 21:00:00+00:00,2018-05-01 21:00:00+00:00,EUR,EUR_USD,1,1,0.17866615021844184,0.004999888409488743,2018-04-01 21:00:00+00:00,2018-05-01 21:00:00+00:00,1.23213,1.19942,-327.10000000000014,1.8999999999991246,-30.034771123287676,-359.03477112328693,False,momentum
2018-03-29 21:00:00+00:00,2018-04-01 21:00:00+00:00,2018-05-01 21:00:00+00:00,GBP,GBP_USD,1,1,0.16310272897920103,0.0054769826307386775,2018-04-01 21:00:00+00:00,2018-05-01 21:00:00+00:00,1.40265,1.3615,-411.50000000000017,2.900000000001235,-25.780756977534253,-440.1807569775357,False,momentum
2018-03-29 21:00:00+00:00,2018-04-01 21:00:00+00:00,2018-05-01 21:00:00+00:00,AUD,AUD_USD,-1,-1,0.1615679316386477,0.005529010643294505,2018-04-01 21:00:00+00:00,2018-05-01 21:00:00+00:00,0.76917,0.74884,203.3000000000007,1.80000000000069,-4.102920657534247,197.39707934246576,False,momentum
2018-03-29 21:00:00+00:00,2018-04-01 21:00:00+00:00,2018-05-01 21:00:00+00:00,NZD,NZD_USD,-1,-1,0.1601488837471036,0.005578002123672736,2018-04-01 21:00:00+00:00,2018-05-01 21:00:00+00:00,0.72374,0.70074,230.0000000000002,2.20000000000109,-5.449177890410956,222.35082210958814,False,momentum
2018-03-29 21:00:00+00:00,2018-04-01 21:00:00+00:00,2018-05-01 21:00:00+00:00,CAD,CAD_JPY,-1,-1,0.1376824228235888,0.006488197950945073,2018-04-01 21:00:00+00:00,2018-05-01 21:00:00+00:00,82.38,85.515,-313.5000000000005,3.700000000000614,-20.02041294278062,-337.22041294278176,False,momentum
2018-03-29 21:00:00+00:00,2018-04-01 21:00:00+00:00,2018-05-01 21:00:00+00:00,CHF,CHF_JPY,1,1,0.19883188259301693,0.004492794626270544,2018-04-01 21:00:00+00:00,2018-05-01 21:00:00+00:00,111.467,110.287,-117.99999999999926,5.299999999999727,-37.42498177110363,-160.72498177110262,False,momentum
2018-04-30 21:00:00+00:00,2018-05-01 21:00:00+00:00,2018-06-03 21:00:00+00:00,EUR,EUR_USD,1,1,0.1887085953039004,0.004443644597327015,2018-05-01 21:00:00+00:00,2018-06-03 21:00:00+00:00,1.19942,1.16592,-334.99999999999864,1.8999999999991246,-33.11413479452055,-370.0141347945183,False,momentum
2018-04-30 21:00:00+00:00,2018-05-01 21:00:00+00:00,2018-06-03 21:00:00+00:00,GBP,GBP_USD,1,1,0.1674336481319546,0.005008276050525293,2018-05-01 21:00:00+00:00,2018-06-03 21:00:00+00:00,1.3615,1.33494,-265.59999999999917,2.900000000001235,-28.551537278904107,-297.0515372789045,False,momentum
2018-04-30 21:00:00+00:00,2018-05-01 21:00:00+00:00,2018-06-03 21:00:00+00:00,AUD,AUD_USD,-1,-1,0.1515053435009875,0.005534814222482401,2018-05-01 21:00:00+00:00,2018-06-03 21:00:00+00:00,0.74884,0.75687,-80.30000000000092,1.80000000000069,-4.467073931506848,-86.56707393150846,False,momentum
2018-04-30 21:00:00+00:00,2018-05-01 21:00:00+00:00,2018-06-03 21:00:00+00:00,NZD,NZD_USD,-1,-1,0.14666150341629633,0.005717614441815213,2018-05-01 21:00:00+00:00,2018-06-03 21:00:00+00:00,0.70074,0.69846,22.800000000000598,2.20000000000109,-4.922543835616436,15.677456164383072,False,momentum
2018-04-30 21:00:00+00:00,2018-05-01 21:00:00+00:00,2018-06-03 21:00:00+00:00,CAD,CAD_JPY,1,1,0.12890256123701416,0.006505331794373671,2018-05-01 21:00:00+00:00,2018-06-03 21:00:00+00:00,85.515,84.559,-95.6000000000003,3.700000000000614,-1.198400674894115,-100.49840067489504,False,momentum
2018-04-30 21:00:00+00:00,2018-05-01 21:00:00+00:00,2018-06-03 21:00:00+00:00,CHF,CHF_JPY,-1,-1,0.21678834840984706,0.0038680765647332084,2018-05-01 21:00:00+00:00,2018-06-03 21:00:00+00:00,110.287,110.854,-56.69999999999931,5.299999999999727,-2.3684409091927607,-64.36844090919179,False,momentum
2018-05-31 21:00:00+00:00,2018-06-03 21:00:00+00:00,2018-07-01 21:00:00+00:00,EUR,EUR_USD,1,1,0.17953122543053004,0.0041933210671550635,2018-06-03 21:00:00+00:00,2018-07-01 21:00:00+00:00,1.16592,1.16805,21.299999999999653,1.8999999999991246,-29.163016438356166,-9.763016438355638,False,momentum
2018-05-31 21:00:00+00:00,2018-06-03 21:00:00+00:00,2018-07-01 21:00:00+00:00,GBP,GBP_USD,1,1,0.1775265035412852,0.004240674236198931,2018-06-03 21:00:00+00:00,2018-07-01 21:00:00+00:00,1.33494,1.3187,-162.40000000000032,2.900000000001235,-25.495657543013706,-190.79565754301524,False,momentum
2018-05-31 21:00:00+00:00,2018-06-03 21:00:00+00:00,2018-07-01 21:00:00+00:00,JPY,USD_JPY,-1,1,0.1769129931454253,0.004255380322411744,2018-06-03 21:00:00+00:00,2018-07-01 21:00:00+00:00,109.519,110.675,115.59999999999917,2.600000000001046,9.936686882191783,122.9366868821899,False,momentum
2018-05-31 21:00:00+00:00,2018-06-03 21:00:00+00:00,2018-07-01 21:00:00+00:00,NZD,NZD_USD,-1,-1,0.15119734871634738,0.004979135389618182,2018-06-03 21:00:00+00:00,2018-07-01 21:00:00+00:00,0.69846,0.67924,192.20000000000013,2.20000000000109,-4.094306301369861,185.90569369862916,False,momentum
2018-05-31 21:00:00+00:00,2018-06-03 21:00:00+00:00,2018-07-01 21:00:00+00:00,CAD,CAD_JPY,1,1,0.11816421412280728,0.006371066531425437,2018-06-03 21:00:00+00:00,2018-07-01 21:00:00+00:00,84.559,84.151,-40.800000000000125,3.700000000000614,-0.9091768076712371,-45.409176807671976,False,momentum
2018-05-31 21:00:00+00:00,2018-06-03 21:00:00+00:00,2018-07-01 21:00:00+00:00,CHF,CHF_JPY,-1,-1,0.19666771504360483,0.0038279392712885782,2018-06-03 21:00:00+00:00,2018-07-01 21:00:00+00:00,110.854,111.611,-75.7000000000005,5.299999999999727,-2.0949551683013676,-83.0949551683016,False,momentum
2018-06-28 21:00:00+00:00,2018-07-01 21:00:00+00:00,2018-08-01 21:00:00+00:00,EUR,EUR_USD,1,1,0.1490767578253985,0.004731107644809264,2018-07-01 21:00:00+00:00,2018-08-01 21:00:00+00:00,1.16805,1.16584,-22.100000000000453,1.8999999999991246,-35.28724989041096,-59.287249890410536,False,momentum
2018-06-28 21:00:00+00:00,2018-07-01 21:00:00+00:00,2018-08-01 21:00:00+00:00,GBP,GBP_USD,1,1,0.16817036354732434,0.004193950549513121,2018-07-01 21:00:00+00:00,2018-08-01 21:00:00+00:00,1.3187,1.312,-66.99999999999928,2.900000000001235,-30.81485820821919,-100.71485820821971,False,momentum
2018-06-28 21:00:00+00:00,2018-07-01 21:00:00+00:00,2018-08-01 21:00:00+00:00,JPY,USD_JPY,1,-1,0.20253188092578492,0.003482405759464453,2018-07-01 21:00:00+00:00,2018-08-01 21:00:00+00:00,110.675,111.725,-104.99999999999972,2.600000000001046,-43.010441326027404,-150.61044132602817,False,momentum
2018-06-28 21:00:00+00:00,2018-07-01 21:00:00+00:00,2018-08-01 21:00:00+00:00,AUD,AUD_USD,-1,-1,0.13809402289202108,0.00510737665425687,2018-07-01 21:00:00+00:00,2018-08-01 21:00:00+00:00,0.74127,0.7404,8.700000000000374,1.80000000000069,-3.1458267123287667,3.7541732876709175,False,momentum
2018-06-28 21:00:00+00:00,2018-07-01 21:00:00+00:00,2018-08-01 21:00:00+00:00,NZD,NZD_USD,-1,-1,0.15022643800199376,0.004694900564717921,2018-07-01 21:00:00+00:00,2018-08-01 21:00:00+00:00,0.67924,0.67918,0.5999999999994898,2.20000000000109,-4.084930027397261,-5.684930027398861,False,momentum
2018-06-28 21:00:00+00:00,2018-07-01 21:00:00+00:00,2018-08-01 21:00:00+00:00,CHF,CHF_JPY,-1,-1,0.19190053680747732,0.003675332025353879,2018-07-01 21:00:00+00:00,2018-08-01 21:00:00+00:00,111.611,112.608,-99.69999999999999,5.299999999999727,-2.620641016500003,-107.62064101649972,False,momentum
2018-07-31 21:00:00+00:00,2018-08-01 21:00:00+00:00,2018-09-02 21:00:00+00:00,EUR,EUR_USD,1,1,0.16079396988740297,0.004710513016434959,2018-08-01 21:00:00+00:00,2018-09-02 21:00:00+00:00,1.16584,1.15982,-60.19999999999914,1.8999999999991246,-32.12635520547944,-94.22635520547772,False,momentum
2018-07-31 21:00:00+00:00,2018-08-01 21:00:00+00:00,2018-09-02 21:00:00+00:00,GBP,GBP_USD,1,1,0.1941173302805855,0.0039018777304635917,2018-08-01 21:00:00+00:00,2018-09-02 21:00:00+00:00,1.312,1.29145,-205.50000000000068,2.900000000001235,-25.699698575342474,-234.09969857534438,False,momentum
2018-07-31 21:00:00+00:00,2018-08-01 21:00:00+00:00,2018-09-02 21:00:00+00:00,JPY,USD_JPY,1,-1,0.21586264273617414,0.0035088150432985234,2018-08-01 21:00:00+00:00,2018-09-02 21:00:00+00:00,111.725,111.106,61.89999999999998,2.600000000001046,-39.033813328767124,20.266186671231807,False,momentum
2018-07-31 21:00:00+00:00,2018-08-01 21:00:00+00:00,2018-09-02 21:00:00+00:00,AUD,AUD_USD,-1,-1,0.13795860900666573,0.005490212561379668,2018-08-01 21:00:00+00:00,2018-09-02 21:00:00+00:00,0.7404,0.71943,209.69999999999933,1.80000000000069,-2.8312440410958915,205.06875595890276,False,momentum
2018-07-31 21:00:00+00:00,2018-08-01 21:00:00+00:00,2018-09-02 21:00:00+00:00,NZD,NZD_USD,-1,-1,0.15533950998851456,0.004875913978194373,2018-08-01 21:00:00+00:00,2018-09-02 21:00:00+00:00,0.67918,0.66202,171.5999999999995,2.20000000000109,-3.2863840273972595,166.11361597260117,False,momentum
2018-07-31 21:00:00+00:00,2018-08-01 21:00:00+00:00,2018-09-02 21:00:00+00:00,CAD,CAD_JPY,-1,-1,0.1359279381006571,0.005572232601350709,2018-08-01 21:00:00+00:00,2018-09-02 21:00:00+00:00,85.897,84.969,92.80000000000115,3.700000000000614,-22.327025102988824,66.77297489701171,False,momentum
2018-08-30 21:00:00+00:00,2018-09-02 21:00:00+00:00,2018-10-01 21:00:00+00:00,EUR,EUR_USD,1,1,0.15896422276831668,0.004845078159973926,2018-09-02 21:00:00+00:00,2018-10-01 21:00:00+00:00,1.15982,1.15787,-19.500000000001183,1.8999999999991246,-31.35808219178081,-52.758082191781114,False,momentum
2018-08-30 21:00:00+00:00,2018-09-02 21:00:00+00:00,2018-10-01 21:00:00+00:00,GBP,GBP_USD,1,1,0.17369458905444668,0.004434185820898395,2018-09-02 21:00:00+00:00,2018-10-01 21:00:00+00:00,1.29145,1.30462,131.69999999999902,2.900000000001235,-25.08981486356165,103.71018513643614,False,momentum
2018-08-30 21:00:00+00:00,2018-09-02 21:00:00+00:00,2018-10-01 21:00:00+00:00,JPY,USD_JPY,1,-1,0.2341184054033277,0.0032897630693543654,2018-09-02 21:00:00+00:00,2018-10-01 21:00:00+00:00,111.106,113.907,-280.1000000000002,2.600000000001046,-38.14908240684931,-320.8490824068505,False,momentum
2018-08-30 21:00:00+00:00,2018-09-02 21:00:00+00:00,2018-10-01 21:00:00+00:00,AUD,AUD_USD,-1,-1,0.13346857439704188,0.005770602461526487,2018-09-02 21:00:00+00:00,2018-10-01 21:00:00+00:00,0.71943,0.72231,-28.799999999999937,1.80000000000069,-2.5528860410958907,-33.152886041096515,False,momentum
2018-08-30 21:00:00+00:00,2018-09-02 21:00:00+00:00,2018-10-01 21:00:00+00:00,NZD,NZD_USD,-1,-1,0.14260524902811025,0.005400881729116303,2018-09-02 21:00:00+00:00,2018-10-01 21:00:00+00:00,0.66202,0.66122,8.00000000000023,2.20000000000109,-3.17230602739726,2.6276939726018793,False,momentum
2018-08-30 21:00:00+00:00,2018-09-02 21:00:00+00:00,2018-10-01 21:00:00+00:00,CAD,CAD_JPY,-1,-1,0.15714895934875683,0.004901044761249281,2018-09-02 21:00:00+00:00,2018-10-01 21:00:00+00:00,84.969,88.918,-394.9000000000012,3.700000000000614,-21.60552383713118,-420.205523837133,False,momentum
2018-09-30 21:00:00+00:00,2018-10-01 21:00:00+00:00,2018-11-01 21:00:00+00:00,EUR,EUR_USD,1,1,0.1756687149754741,0.00421712872065666,2018-10-01 21:00:00+00:00,2018-11-01 21:00:00+00:00,1.15787,1.14072,-171.49999999999997,1.8999999999991246,-38.17532926027396,-211.57532926027307,False,momentum
2018-09-30 21:00:00+00:00,2018-10-01 21:00:00+00:00,2018-11-01 21:00:00+00:00,JPY,USD_JPY,1,-1,0.21552645382393595,0.00343724665858928,2018-10-01 21:00:00+00:00,2018-11-01 21:00:00+00:00,113.907,112.707,120.00000000000028,2.600000000001046,-46.97197607123287,70.42802392876636,False,momentum
2018-09-30 21:00:00+00:00,2018-10-01 21:00:00+00:00,2018-11-01 21:00:00+00:00,AUD,AUD_USD,-1,-1,0.13342051261699006,0.0055525014011195105,2018-10-01 21:00:00+00:00,2018-11-01 21:00:00+00:00,0.72231,0.72077,15.399999999999858,1.80000000000069,-1.3898834383561636,12.210116561643005,False,momentum
2018-09-30 21:00:00+00:00,2018-10-01 21:00:00+00:00,2018-11-01 21:00:00+00:00,NZD,NZD_USD,-1,-1,0.1353499790147839,0.0054733483421006155,2018-10-01 21:00:00+00:00,2018-11-01 21:00:00+00:00,0.66122,0.66507,-38.5000000000002,2.20000000000109,-2.278434575342464,-42.978434575343755,False,momentum
2018-09-30 21:00:00+00:00,2018-10-01 21:00:00+00:00,2018-11-01 21:00:00+00:00,CAD,CAD_JPY,-1,-1,0.1462689245027699,0.005064764000708104,2018-10-01 21:00:00+00:00,2018-11-01 21:00:00+00:00,88.918,86.136,278.20000000000107,3.700000000000614,-25.355696603689715,249.14430339631073,False,momentum
2018-09-30 21:00:00+00:00,2018-10-01 21:00:00+00:00,2018-11-01 21:00:00+00:00,CHF,CHF_JPY,1,1,0.19376541506604614,0.003823270437561875,2018-10-01 21:00:00+00:00,2018-11-01 21:00:00+00:00,115.773,112.472,-330.1000000000002,5.299999999999727,-41.77583800861157,-377.1758380086115,False,momentum
2018-10-31 21:00:00+00:00,2018-11-01 21:00:00+00:00,2018-12-02 22:00:00+00:00,GBP,GBP_USD,-1,-1,0.14665061542573155,0.005542009564910928,2018-11-01 21:00:00+00:00,2018-12-02 22:00:00+00:00,1.30052,1.27684,236.79999999999922,2.900000000001235,6.034996283835621,239.9349962838336,False,momentum
2018-10-31 21:00:00+00:00,2018-11-01 21:00:00+00:00,2018-12-02 22:00:00+00:00,JPY,USD_JPY,1,-1,0.2336024720744824,0.0034791545918672583,2018-11-01 21:00:00+00:00,2018-12-02 22:00:00+00:00,112.707,113.655,-94.80000000000075,2.600000000001046,-41.542844523287684,-138.94284452328947,False,momentum
2018-10-31 21:00:00+00:00,2018-11-01 21:00:00+00:00,2018-12-02 22:00:00+00:00,AUD,AUD_USD,-1,-1,0.13828737012319703,0.005877175281194717,2018-11-01 21:00:00+00:00,2018-12-02 22:00:00+00:00,0.72077,0.73786,-170.89999999999938,1.80000000000069,-1.1668157260273961,-173.86681572602748,False,momentum
2018-10-31 21:00:00+00:00,2018-11-01 21:00:00+00:00,2018-12-02 22:00:00+00:00,NZD,NZD_USD,-1,-1,0.1315126788027644,0.006179929728360111,2018-11-01 21:00:00+00:00,2018-12-02 22:00:00+00:00,0.66507,0.6918,-267.2999999999992,2.20000000000109,-2.3612583287671205,-271.8612583287674,False,momentum
2018-10-31 21:00:00+00:00,2018-11-01 21:00:00+00:00,2018-12-02 22:00:00+00:00,CAD,CAD_JPY,1,1,0.1428281270251972,0.005690329561250201,2018-11-01 21:00:00+00:00,2018-12-02 22:00:00+00:00,86.136,85.891,-24.499999999999034,3.700000000000614,3.5801072792563606,-24.619892720743287,False,momentum
2018-10-31 21:00:00+00:00,2018-11-01 21:00:00+00:00,2018-12-02 22:00:00+00:00,CHF,CHF_JPY,1,1,0.2071187365486275,0.00392402506375208,2018-11-01 21:00:00+00:00,2018-12-02 22:00:00+00:00,112.472,113.862,139.00000000000006,5.299999999999727,-36.29211951558217,97.40788048441816,False,momentum
2018-11-29 22:00:00+00:00,2018-12-02 22:00:00+00:00,2019-01-01 22:00:00+00:00,EUR,EUR_USD,-1,-1,0.17131052260149346,0.004349511080626414,2018-12-02 22:00:00+00:00,2019-01-01 22:00:00+00:00,1.13519,1.14657,-113.80000000000167,1.8999999999991246,16.375190520547953,-99.32480947945285,False,momentum
2018-11-29 22:00:00+00:00,2018-12-02 22:00:00+00:00,2019-01-01 22:00:00+00:00,GBP,GBP_USD,-1,-1,0.1237834398350964,0.006019521006006443,2018-12-02 22:00:00+00:00,2019-01-01 22:00:00+00:00,1.27684,1.27571,11.300000000000754,2.900000000001235,7.0218676460274025,15.421867646026922,False,momentum
2018-11-29 22:00:00+00:00,2018-12-02 22:00:00+00:00,2019-01-01 22:00:00+00:00,JPY,USD_JPY,1,-1,0.2212868638118418,0.003367199495929698,2018-12-02 22:00:00+00:00,2019-01-01 22:00:00+00:00,113.655,109.59,406.4999999999998,2.600000000001046,-43.888513460273984,360.01148653972473,False,momentum
2018-11-29 22:00:00+00:00,2018-12-02 22:00:00+00:00,2019-01-01 22:00:00+00:00,AUD,AUD_USD,-1,-1,0.1345161523731044,0.0055392382486259585,2018-12-02 22:00:00+00:00,2019-01-01 22:00:00+00:00,0.73786,0.70504,328.1999999999996,1.80000000000069,-0.7969427671232872,325.6030572328756,False,momentum
2018-11-29 22:00:00+00:00,2018-12-02 22:00:00+00:00,2019-01-01 22:00:00+00:00,CAD,CAD_JPY,1,1,0.14181416067829486,0.005254179221025704,2018-12-02 22:00:00+00:00,2019-01-01 22:00:00+00:00,85.891,80.368,-552.300000000001,3.700000000000614,3.7012749799285856,-552.298725020073,False,momentum
2018-11-29 22:00:00+00:00,2018-12-02 22:00:00+00:00,2019-01-01 22:00:00+00:00,CHF,CHF_JPY,1,1,0.2072888607001691,0.003594583007337111,2018-12-02 22:00:00+00:00,2019-01-01 22:00:00+00:00,113.862,111.648,-221.39999999999986,5.299999999999727,-36.97076430327519,-263.6707643032748,False,momentum
2018-12-30 22:00:00+00:00,2019-01-01 22:00:00+00:00,2019-02-03 22:00:00+00:00,EUR,EUR_USD,-1,-1,0.18135890505753555,0.004191903078957198,2019-01-01 22:00:00+00:00,2019-02-03 22:00:00+00:00,1.14657,1.14521,13.600000000000279,1.8999999999991246,19.35107252054795,31.051072520549106,False,momentum
2018-12-30 22:00:00+00:00,2019-01-01 22:00:00+00:00,2019-02-03 22:00:00+00:00,GBP,GBP_USD,-1,-1,0.12733178605736398,0.005970535528061278,2019-01-01 22:00:00+00:00,2019-02-03 22:00:00+00:00,1.27571,1.30718,-314.70000000000107,2.900000000001235,9.258976755068499,-308.3410232449338,False,momentum
2018-12-30 22:00:00+00:00,2019-01-01 22:00:00+00:00,2019-02-03 22:00:00+00:00,JPY,USD_JPY,1,-1,0.19262941529478347,0.003946639984052203,2019-01-01 22:00:00+00:00,2019-02-03 22:00:00+00:00,109.59,109.522,6.799999999999784,2.600000000001046,-50.11137249863013,-45.911372498631394,False,momentum
2018-12-30 22:00:00+00:00,2019-01-01 22:00:00+00:00,2019-02-03 22:00:00+00:00,AUD,AUD_USD,-1,-1,0.1366098671326169,0.005565036907392431,2019-01-01 22:00:00+00:00,2019-02-03 22:00:00+00:00,0.70504,0.72476,-197.1999999999996,1.80000000000069,-0.06291653424657494,-199.06291653424685,False,momentum
2018-12-30 22:00:00+00:00,2019-01-01 22:00:00+00:00,2019-02-03 22:00:00+00:00,NZD,NZD_USD,1,1,0.12551756221466337,0.006056833315538818,2019-01-01 22:00:00+00:00,2019-02-03 22:00:00+00:00,0.67178,0.68964,178.59999999999985,2.20000000000109,-8.955904356164385,167.44409564383437,False,momentum
2018-12-30 22:00:00+00:00,2019-01-01 22:00:00+00:00,2019-02-03 22:00:00+00:00,CHF,CHF_JPY,1,1,0.23655246424303672,0.003213828082238497,2019-01-01 22:00:00+00:00,2019-02-03 22:00:00+00:00,111.648,110.084,-156.3999999999993,5.299999999999727,-41.37831072315288,-203.0783107231519,False,momentum
2019-01-31 22:00:00+00:00,2019-02-03 22:00:00+00:00,2019-03-03 22:00:00+00:00,EUR,EUR_USD,1,1,0.1830938122732552,0.004385574901144516,2019-02-03 22:00:00+00:00,2019-03-03 22:00:00+00:00,1.14521,1.13828,-69.30000000000102,1.8999999999991246,-34.243025753424654,-105.44302575342479,False,momentum
2019-01-31 22:00:00+00:00,2019-02-03 22:00:00+00:00,2019-03-03 22:00:00+00:00,GBP,GBP_USD,-1,-1,0.138275996516529,0.005807021087455838,2019-02-03 22:00:00+00:00,2019-03-03 22:00:00+00:00,1.30718,1.32488,-177.00000000000048,2.900000000001235,7.84842105424658,-172.05157894575513,False,momentum
2019-01-31 22:00:00+00:00,2019-02-03 22:00:00+00:00,2019-03-03 22:00:00+00:00,JPY,USD_JPY,1,-1,0.19760867068293692,0.0040634432936843224,2019-02-03 22:00:00+00:00,2019-03-03 22:00:00+00:00,109.522,111.866,-234.3999999999994,2.600000000001046,-42.40404772876712,-279.4040477287676,False,momentum
2019-01-31 22:00:00+00:00,2019-02-03 22:00:00+00:00,2019-03-03 22:00:00+00:00,AUD,AUD_USD,-1,-1,0.14297325969569233,0.005616236416302724,2019-02-03 22:00:00+00:00,2019-03-03 22:00:00+00:00,0.72476,0.71108,136.79999999999913,1.80000000000069,-0.05338372602739692,134.94661627397105,False,momentum
2019-01-31 22:00:00+00:00,2019-02-03 22:00:00+00:00,2019-03-03 22:00:00+00:00,CAD,CAD_JPY,-1,-1,0.14202287465049332,0.005653819003709799,2019-02-03 22:00:00+00:00,2019-03-03 22:00:00+00:00,83.629,84.256,-62.699999999999534,3.700000000000614,-23.001952717130514,-89.40195271713065,False,momentum
2019-01-31 22:00:00+00:00,2019-02-03 22:00:00+00:00,2019-03-03 22:00:00+00:00,CHF,CHF_JPY,1,1,0.19602538618109328,0.004096263465175108,2019-02-03 22:00:00+00:00,2019-03-03 22:00:00+00:00,110.084,112.087,200.3,5.299999999999727,-34.57251851663346,160.42748148336682,False,momentum
2019-02-28 22:00:00+00:00,2019-03-03 22:00:00+00:00,2019-04-01 21:00:00+00:00,EUR,EUR_USD,-1,-1,0.21935161881984078,0.0037375615638038065,2019-03-03 22:00:00+00:00,2019-04-01 21:00:00+00:00,1.13828,1.12126,170.20000000000033,1.8999999999991246,17.046253479452055,185.34625347945325,False,momentum
2019-02-28 22:00:00+00:00,2019-03-03 22:00:00+00:00,2019-04-01 21:00:00+00:00,GBP,GBP_USD,1,1,0.1528947621718723,0.0053621207673391754,2019-03-03 22:00:00+00:00,2019-04-01 21:00:00+00:00,1.32488,1.30968,-152.00000000000102,2.900000000001235,-29.901996691506852,-184.8019966915091,False,momentum
2019-02-28 22:00:00+00:00,2019-03-03 22:00:00+00:00,2019-04-01 21:00:00+00:00,JPY,USD_JPY,1,-1,0.19686294719792985,0.004164522532698331,2019-03-03 22:00:00+00:00,2019-04-01 21:00:00+00:00,111.866,111.352,51.39999999999958,2.600000000001046,-43.81393503835618,4.986064961642356,False,momentum
2019-02-28 22:00:00+00:00,2019-03-03 22:00:00+00:00,2019-04-01 21:00:00+00:00,AUD,AUD_USD,-1,-1,0.1430423150923235,0.005731452115620702,2019-03-03 22:00:00+00:00,2019-04-01 21:00:00+00:00,0.71108,0.711,0.8000000000008001,1.80000000000069,-0.0305049863013696,-1.0305049863012594,False,momentum
2019-02-28 22:00:00+00:00,2019-03-03 22:00:00+00:00,2019-04-01 21:00:00+00:00,NZD,NZD_USD,-1,-1,0.14749516281567968,0.005558420790271682,2019-03-03 22:00:00+00:00,2019-04-01 21:00:00+00:00,0.6827,0.68004,26.599999999999955,2.20000000000109,-0.9751324931506828,23.424867506848184,False,momentum
2019-02-28 22:00:00+00:00,2019-03-03 22:00:00+00:00,2019-04-01 21:00:00+00:00,CAD,CAD_JPY,1,1,0.1403531939023539,0.005841264859491244,2019-03-03 22:00:00+00:00,2019-04-01 21:00:00+00:00,84.256,83.692,-56.400000000000716,3.700000000000614,3.31551333283754,-56.78448666716379,False,momentum
2019-03-31 21:00:00+00:00,2019-04-01 21:00:00+00:00,2019-05-01 21:00:00+00:00,EUR,EUR_USD,-1,-1,0.19997016990892838,0.003521096233244722,2019-04-01 21:00:00+00:00,2019-05-01 21:00:00+00:00,1.12126,1.11964,16.199999999999548,1.8999999999991246,19.01867684931507,33.318676849315494,False,momentum
2019-03-31 21:00:00+00:00,2019-04-01 21:00:00+00:00,2019-05-01 21:00:00+00:00,JPY,USD_JPY,1,-1,0.20163037613173407,0.003492103846335166,2019-04-01 21:00:00+00:00,2019-05-01 21:00:00+00:00,111.352,111.382,-3.0000000000001137,2.600000000001046,-48.974939402739736,-54.574939402740895,False,momentum
2019-03-31 21:00:00+00:00,2019-04-01 21:00:00+00:00,2019-05-01 21:00:00+00:00,AUD,AUD_USD,-1,-1,0.13257336866749297,0.005311128615835526,2019-04-01 21:00:00+00:00,2019-05-01 21:00:00+00:00,0.711,0.7014,95.99999999999942,1.80000000000069,0.09342152054794503,94.29342152054667,False,momentum
2019-03-31 21:00:00+00:00,2019-04-01 21:00:00+00:00,2019-05-01 21:00:00+00:00,NZD,NZD_USD,-1,-1,0.13090995839429306,0.005378614588715126,2019-04-01 21:00:00+00:00,2019-05-01 21:00:00+00:00,0.68004,0.66217,178.69999999999942,2.20000000000109,-0.6313357808219179,175.8686642191764,False,momentum
2019-03-31 21:00:00+00:00,2019-04-01 21:00:00+00:00,2019-05-01 21:00:00+00:00,CAD,CAD_JPY,1,1,0.13582048302013827,0.005184153349853976,2019-04-01 21:00:00+00:00,2019-05-01 21:00:00+00:00,83.692,82.904,-78.79999999999967,3.700000000000614,3.8906512195872374,-78.60934878041304,False,momentum
2019-03-31 21:00:00+00:00,2019-04-01 21:00:00+00:00,2019-05-01 21:00:00+00:00,CHF,CHF_JPY,1,1,0.19909564387741321,0.003536562620431669,2019-04-01 21:00:00+00:00,2019-05-01 21:00:00+00:00,111.514,109.45,-206.3999999999993,5.299999999999727,-39.00140260628426,-250.7014026062833,False,momentum
2019-04-30 21:00:00+00:00,2019-05-01 21:00:00+00:00,2019-06-02 21:00:00+00:00,EUR,EUR_USD,-1,-1,0.20546370684814075,0.0030227363986774143,2019-05-01 21:00:00+00:00,2019-06-02 21:00:00+00:00,1.11964,1.11664,29.999999999998916,1.8999999999991246,17.494674054794526,45.59467405479432,False,momentum
2019-04-30 21:00:00+00:00,2019-05-01 21:00:00+00:00,2019-06-02 21:00:00+00:00,GBP,GBP_USD,-1,-1,0.11933940320482671,0.005204170698181789,2019-05-01 21:00:00+00:00,2019-06-02 21:00:00+00:00,1.30525,1.26315,421.0000000000002,2.900000000001235,8.25855894794521,426.35855894794423,False,momentum
2019-04-30 21:00:00+00:00,2019-05-01 21:00:00+00:00,2019-06-02 21:00:00+00:00,JPY,USD_JPY,1,-1,0.21856330715122463,0.0028415685752199286,2019-05-01 21:00:00+00:00,2019-06-02 21:00:00+00:00,111.382,108.312,307.00000000000074,2.600000000001046,-45.222046671232896,259.1779533287668,False,momentum
2019-04-30 21:00:00+00:00,2019-05-01 21:00:00+00:00,2019-06-02 21:00:00+00:00,AUD,AUD_USD,-1,-1,0.13084400668994173,0.0047465882542773235,2019-05-01 21:00:00+00:00,2019-06-02 21:00:00+00:00,0.7014,0.69302,83.80000000000054,1.80000000000069,-0.11630026027397253,81.88369973972587,False,momentum
2019-04-30 21:00:00+00:00,2019-05-01 21:00:00+00:00,2019-06-02 21:00:00+00:00,NZD,NZD_USD,1,1,0.12108987947068998,0.005128939164956311,2019-05-01 21:00:00+00:00,2019-06-02 21:00:00+00:00,0.66217,0.65294,-92.30000000000071,2.20000000000109,-9.470036712328767,-103.97003671233055,False,momentum
2019-04-30 21:00:00+00:00,2019-05-01 21:00:00+00:00,2019-06-02 21:00:00+00:00,CHF,CHF_JPY,1,1,0.20469969663517626,0.003034018298541707,2019-05-01 21:00:00+00:00,2019-06-02 21:00:00+00:00,109.45,108.162,-128.79999999999967,5.299999999999727,-37.25006561249999,-171.35006561249938,False,momentum
2019-05-30 21:00:00+00:00,2019-06-02 21:00:00+00:00,2019-07-01 21:00:00+00:00,EUR,EUR_USD,-1,-1,0.20933443844885238,0.002833234728747469,2019-06-02 21:00:00+00:00,2019-07-01 21:00:00+00:00,1.11664,1.12857,-119.29999999999995,1.8999999999991246,16.78598139726028,-104.41401860273879,False,momentum
2019-05-30 21:00:00+00:00,2019-06-02 21:00:00+00:00,2019-07-01 21:00:00+00:00,GBP,GBP_USD,1,1,0.12133523176450604,0.004888057593092549,2019-06-02 21:00:00+00:00,2019-07-01 21:00:00+00:00,1.26315,1.26405,8.999999999999009,2.900000000001235,-29.564069792876726,-23.464069792878952,False,momentum
2019-05-30 21:00:00+00:00,2019-06-02 21:00:00+00:00,2019-07-01 21:00:00+00:00,JPY,USD_JPY,1,-1,0.1833669726205854,0.0032344625232120744,2019-06-02 21:00:00+00:00,2019-07-01 21:00:00+00:00,108.312,108.442,-12.999999999999545,2.600000000001046,-43.7082822739726,-59.30828227397319,False,momentum
2019-05-30 21:00:00+00:00,2019-06-02 21:00:00+00:00,2019-07-01 21:00:00+00:00,AUD,AUD_USD,-1,-1,0.14996489891956058,0.003954882810638685,2019-06-02 21:00:00+00:00,2019-07-01 21:00:00+00:00,0.69302,0.69658,-35.60000000000007,1.80000000000069,1.0772073287671229,-36.322792671233636,False,momentum
2019-05-30 21:00:00+00:00,2019-06-02 21:00:00+00:00,2019-07-01 21:00:00+00:00,NZD,NZD_USD,-1,-1,0.13948095345516703,0.004252147596100098,2019-06-02 21:00:00+00:00,2019-07-01 21:00:00+00:00,0.65294,0.6671,-141.60000000000062,2.20000000000109,0.17189835616438412,-143.62810164383734,False,momentum
2019-05-30 21:00:00+00:00,2019-06-02 21:00:00+00:00,2019-07-01 21:00:00+00:00,CHF,CHF_JPY,1,1,0.1965175047913285,0.0030180191915519824,2019-06-02 21:00:00+00:00,2019-07-01 21:00:00+00:00,108.162,109.799,163.70000000000005,5.299999999999727,-35.9129344723767,122.48706552762363,False,momentum
2019-06-30 21:00:00+00:00,2019-07-01 21:00:00+00:00,2019-08-01 21:00:00+00:00,EUR,EUR_USD,-1,-1,0.18938566124802142,0.002988360686281967,2019-07-01 21:00:00+00:00,2019-08-01 21:00:00+00:00,1.12857,1.10831,202.60000000000167,1.8999999999991246,19.31344282191781,220.01344282192036,False,momentum
2019-06-30 21:00:00+00:00,2019-07-01 21:00:00+00:00,2019-08-01 21:00:00+00:00,GBP,GBP_USD,-1,-1,0.1617207993810143,0.0034995663315126,2019-07-01 21:00:00+00:00,2019-08-01 21:00:00+00:00,1.26405,1.21307,509.799999999998,2.900000000001235,9.16998872657535,516.0699887265721,False,momentum
2019-06-30 21:00:00+00:00,2019-07-01 21:00:00+00:00,2019-08-01 21:00:00+00:00,JPY,USD_JPY,1,-1,0.1841259074883591,0.003073726410037557,2019-07-01 21:00:00+00:00,2019-08-01 21:00:00+00:00,108.442,107.358,108.3999999999989,2.600000000001046,-50.15310090136989,55.64689909862796,False,momentum
2019-06-30 21:00:00+00:00,2019-07-01 21:00:00+00:00,2019-08-01 21:00:00+00:00,AUD,AUD_USD,-1,-1,0.1429089067015894,0.003960233673894638,2019-07-01 21:00:00+00:00,2019-08-01 21:00:00+00:00,0.69658,0.68001,165.69999999999973,1.80000000000069,2.938011493150684,166.83801149314974,False,momentum
2019-06-30 21:00:00+00:00,2019-07-01 21:00:00+00:00,2019-08-01 21:00:00+00:00,CAD,CAD_JPY,1,1,0.13553702622568337,0.004175631415114058,2019-07-01 21:00:00+00:00,2019-08-01 21:00:00+00:00,82.561,81.25,-131.1000000000007,3.700000000000614,4.061524186970311,-130.73847581303102,False,momentum
2019-06-30 21:00:00+00:00,2019-07-01 21:00:00+00:00,2019-08-01 21:00:00+00:00,CHF,CHF_JPY,1,1,0.18632169895533238,0.003037502705225865,2019-07-01 21:00:00+00:00,2019-08-01 21:00:00+00:00,109.799,108.406,-139.30000000000007,5.299999999999727,-41.749392400513685,-186.34939240051347,False,momentum
2019-07-31 21:00:00+00:00,2019-08-01 21:00:00+00:00,2019-09-01 21:00:00+00:00,EUR,EUR_USD,-1,-1,0.19411623649543847,0.0030647529968267817,2019-08-01 21:00:00+00:00,2019-09-01 21:00:00+00:00,1.10831,1.09899,93.19999999999995,1.8999999999991246,14.487433972602744,105.78743397260357,False,momentum
2019-07-31 21:00:00+00:00,2019-08-01 21:00:00+00:00,2019-09-01 21:00:00+00:00,GBP,GBP_USD,-1,-1,0.1547337699143588,0.003844786550869946,2019-08-01 21:00:00+00:00,2019-09-01 21:00:00+00:00,1.21307,1.21525,-21.799999999998487,2.900000000001235,5.137920597260277,-19.562079402739446,False,momentum
2019-07-31 21:00:00+00:00,2019-08-01 21:00:00+00:00,2019-09-01 21:00:00+00:00,JPY,USD_JPY,1,-1,0.1612004888925976,0.0036905490896402,2019-08-01 21:00:00+00:00,2019-09-01 21:00:00+00:00,107.358,106.059,129.90000000000066,2.600000000001046,-40.23150727123288,87.06849272876673,False,momentum
2019-07-31 21:00:00+00:00,2019-08-01 21:00:00+00:00,2019-09-01 21:00:00+00:00,AUD,AUD_USD,-1,-1,0.14604807589225238,0.0040734416656816146,2019-08-01 21:00:00+00:00,2019-09-01 21:00:00+00:00,0.68001,0.67274,72.69999999999999,1.80000000000069,1.17825509589041,72.0782550958897,False,momentum
2019-07-31 21:00:00+00:00,2019-08-01 21:00:00+00:00,2019-09-01 21:00:00+00:00,CAD,CAD_JPY,1,1,0.13948727501915487,0.004265036487740083,2019-08-01 21:00:00+00:00,2019-09-01 21:00:00+00:00,81.25,79.666,-158.40000000000032,3.700000000000614,3.3515897933463377,-158.7484102066546,False,momentum
2019-07-31 21:00:00+00:00,2019-08-01 21:00:00+00:00,2019-09-01 21:00:00+00:00,CHF,CHF_JPY,1,1,0.20441415378619787,0.0029103577541620333,2019-08-01 21:00:00+00:00,2019-09-01 21:00:00+00:00,108.406,107.2,-120.6000000000003,5.299999999999727,-36.58803895188356,-162.4880389518836,False,momentum
2019-08-29 21:00:00+00:00,2019-09-01 21:00:00+00:00,2019-10-01 21:00:00+00:00,EUR,EUR_USD,-1,-1,0.21026244680487058,0.003323062936229726,2019-09-01 21:00:00+00:00,2019-10-01 21:00:00+00:00,1.09899,1.09336,56.299999999998015,1.8999999999991246,14.857459342465758,69.25745934246464,False,momentum
2019-08-29 21:00:00+00:00,2019-09-01 21:00:00+00:00,2019-10-01 21:00:00+00:00,GBP,GBP_USD,-1,-1,0.15896134849709437,0.00439550463344875,2019-09-01 21:00:00+00:00,2019-10-01 21:00:00+00:00,1.21525,1.23044,-151.90000000000035,2.900000000001235,4.652414542465757,-150.14758545753583,False,momentum
2019-08-29 21:00:00+00:00,2019-09-01 21:00:00+00:00,2019-10-01 21:00:00+00:00,JPY,USD_JPY,1,-1,0.16317052982056499,0.004282117270971673,2019-09-01 21:00:00+00:00,2019-10-01 21:00:00+00:00,106.059,107.744,-168.50000000000023,2.600000000001046,-40.98350635890412,-212.0835063589054,False,momentum
2019-08-29 21:00:00+00:00,2019-09-01 21:00:00+00:00,2019-10-01 21:00:00+00:00,AUD,AUD_USD,-1,-1,0.16974507044113932,0.004116262946796596,2019-09-01 21:00:00+00:00,2019-10-01 21:00:00+00:00,0.67274,0.67043,23.100000000000342,1.80000000000069,0.9189627123287667,22.21896271232842,False,momentum
2019-08-29 21:00:00+00:00,2019-09-01 21:00:00+00:00,2019-10-01 21:00:00+00:00,NZD,NZD_USD,1,1,0.1529907562414211,0.004567042879085186,2019-09-01 21:00:00+00:00,2019-10-01 21:00:00+00:00,0.63027,0.62432,-59.50000000000011,2.20000000000109,-12.092268,-73.7922680000012,False,momentum
2019-08-29 21:00:00+00:00,2019-09-01 21:00:00+00:00,2019-10-01 21:00:00+00:00,CAD,CAD_JPY,1,1,0.14486984819490964,0.004823055677660266,2019-09-01 21:00:00+00:00,2019-10-01 21:00:00+00:00,79.666,81.466,179.99999999999972,3.700000000000614,3.5754741959850493,179.87547419598414,False,momentum
2019-09-30 21:00:00+00:00,2019-10-01 21:00:00+00:00,2019-11-03 22:00:00+00:00,EUR,EUR_USD,-1,-1,0.20136207488776586,0.003271186952948542,2019-10-01 21:00:00+00:00,2019-11-03 22:00:00+00:00,1.09336,1.11692,-235.59999999999803,1.8999999999991246,14.443532657534254,-223.0564673424629,False,momentum
2019-09-30 21:00:00+00:00,2019-10-01 21:00:00+00:00,2019-11-03 22:00:00+00:00,GBP,GBP_USD,-1,-1,0.12285382496052381,0.005361599383683515,2019-10-01 21:00:00+00:00,2019-11-03 22:00:00+00:00,1.23044,1.29306,-626.2000000000012,2.900000000001235,2.2359710608219237,-626.8640289391805,False,momentum
2019-09-30 21:00:00+00:00,2019-10-01 21:00:00+00:00,2019-11-03 22:00:00+00:00,JPY,USD_JPY,1,-1,0.15682698686481558,0.004200125280474198,2019-10-01 21:00:00+00:00,2019-11-03 22:00:00+00:00,107.744,108.239,-49.500000000000455,2.600000000001046,-41.08294425479453,-93.18294425479604,False,momentum
2019-09-30 21:00:00+00:00,2019-10-01 21:00:00+00:00,2019-11-03 22:00:00+00:00,AUD,AUD_USD,-1,-1,0.1617558999771828,0.00407214198854213,2019-10-01 21:00:00+00:00,2019-11-03 22:00:00+00:00,0.67043,0.69136,-209.30000000000004,1.80000000000069,0.9818792465753432,-210.1181207534254,False,momentum
2019-09-30 21:00:00+00:00,2019-10-01 21:00:00+00:00,2019-11-03 22:00:00+00:00,CAD,CAD_JPY,1,1,0.13026273917318437,0.005056649325604725,2019-10-01 21:00:00+00:00,2019-11-03 22:00:00+00:00,81.466,82.384,91.80000000000064,3.700000000000614,3.575802055576537,91.67580205557655,False,momentum
2019-09-30 21:00:00+00:00,2019-10-01 21:00:00+00:00,2019-11-03 22:00:00+00:00,CHF,CHF_JPY,1,1,0.22693847413652757,0.002902517938827919,2019-10-01 21:00:00+00:00,2019-11-03 22:00:00+00:00,108.456,109.764,130.79999999999927,5.299999999999727,-41.104631342388736,84.39536865761082,False,momentum
2019-10-31 21:00:00+00:00,2019-11-03 22:00:00+00:00,2019-12-01 22:00:00+00:00,GBP,GBP_USD,-1,-1,0.11172393282838544,0.00602447733726583,2019-11-03 22:00:00+00:00,2019-12-01 22:00:00+00:00,1.29306,1.29098,20.800000000000818,2.900000000001235,-0.9233609293150646,16.97663907068452,False,momentum
2019-10-31 21:00:00+00:00,2019-11-03 22:00:00+00:00,2019-12-01 22:00:00+00:00,JPY,USD_JPY,1,-1,0.21455486607364088,0.0031370917550003256,2019-11-03 22:00:00+00:00,2019-12-01 22:00:00+00:00,108.239,109.538,-129.89999999999924,2.600000000001046,-31.70914689041096,-164.20914689041123,False,momentum
2019-10-31 21:00:00+00:00,2019-11-03 22:00:00+00:00,2019-12-01 22:00:00+00:00,AUD,AUD_USD,-1,-1,0.1742384431900287,0.0038629724246373245,2019-11-03 22:00:00+00:00,2019-12-01 22:00:00+00:00,0.69136,0.67691,144.49999999999963,1.80000000000069,-0.5815013013698628,142.11849869862908,False,momentum
2019-10-31 21:00:00+00:00,2019-11-03 22:00:00+00:00,2019-12-01 22:00:00+00:00,NZD,NZD_USD,-1,-1,0.168337209122212,0.003998392897592631,2019-11-03 22:00:00+00:00,2019-12-01 22:00:00+00:00,0.64343,0.64325,1.7999999999995797,2.20000000000109,-1.609593698630136,-2.0095936986316465,False,momentum
2019-10-31 21:00:00+00:00,2019-11-03 22:00:00+00:00,2019-12-01 22:00:00+00:00,CAD,CAD_JPY,1,1,0.12471782673518388,0.00539680909276891,2019-11-03 22:00:00+00:00,2019-12-01 22:00:00+00:00,82.384,82.518,13.400000000000034,3.700000000000614,3.22420872526027,12.92420872525969,False,momentum
2019-10-31 21:00:00+00:00,2019-11-03 22:00:00+00:00,2019-12-01 22:00:00+00:00,CHF,CHF_JPY,1,1,0.2064277220505491,0.0032606003431554483,2019-11-03 22:00:00+00:00,2019-12-01 22:00:00+00:00,109.764,109.518,-24.59999999999951,5.299999999999727,-33.78418896322375,-63.68418896322299,False,momentum
2019-11-28 22:00:00+00:00,2019-12-01 22:00:00+00:00,2020-01-01 22:00:00+00:00,EUR,EUR_USD,-1,-1,0.22248030701111887,0.0026642602125711633,2019-12-01 22:00:00+00:00,2020-01-01 22:00:00+00:00,1.10242,1.12121,-187.90000000000083,1.8999999999991246,11.596218794520546,-178.2037812054794,False,momentum
2019-11-28 22:00:00+00:00,2019-12-01 22:00:00+00:00,2020-01-01 22:00:00+00:00,GBP,GBP_USD,1,1,0.11059143720273487,0.005359776896322702,2019-12-01 22:00:00+00:00,2020-01-01 22:00:00+00:00,1.29098,1.32604,350.6000000000009,2.900000000001235,-23.62364164493151,324.0763583550681,False,momentum
2019-11-28 22:00:00+00:00,2019-12-01 22:00:00+00:00,2020-01-01 22:00:00+00:00,JPY,USD_JPY,1,-1,0.22367557485315073,0.0026500230543254227,2019-12-01 22:00:00+00:00,2020-01-01 22:00:00+00:00,109.538,108.651,88.70000000000005,2.600000000001046,-37.28344000958904,48.81655999040996,False,momentum
2019-11-28 22:00:00+00:00,2019-12-01 22:00:00+00:00,2020-01-01 22:00:00+00:00,AUD,AUD_USD,-1,-1,0.16419780813637597,0.0036099472750454205,2019-12-01 22:00:00+00:00,2020-01-01 22:00:00+00:00,0.67691,0.70164,-247.3000000000003,1.80000000000069,-0.6882687534246574,-249.78826875342565,False,momentum
2019-11-28 22:00:00+00:00,2019-12-01 22:00:00+00:00,2020-01-01 22:00:00+00:00,NZD,NZD_USD,-1,-1,0.1409956791087823,0.004203997128117811,2019-12-01 22:00:00+00:00,2020-01-01 22:00:00+00:00,0.64325,0.67303,-297.8000000000003,2.20000000000109,-2.1831091232876707,-302.18310912328906,False,momentum
2019-11-28 22:00:00+00:00,2019-12-01 22:00:00+00:00,2020-01-01 22:00:00+00:00,CAD,CAD_JPY,1,1,0.1380591936878372,0.004293415123013001,2019-12-01 22:00:00+00:00,2020-01-01 22:00:00+00:00,82.518,83.64,112.19999999999999,3.700000000000614,3.7390440280572763,112.23904402805665,False,momentum
2019-12-30 22:00:00+00:00,2020-01-01 22:00:00+00:00,2020-02-02 22:00:00+00:00,EUR,EUR_USD,-1,-1,0.23810120268997773,0.0023960312311622797,2020-01-01 22:00:00+00:00,2020-02-02 22:00:00+00:00,1.12121,1.10956,116.49999999999937,1.8999999999991246,10.542587232876711,125.14258723287696,False,momentum
2019-12-30 22:00:00+00:00,2020-01-01 22:00:00+00:00,2020-02-02 22:00:00+00:00,GBP,GBP_USD,1,1,0.10114239884529014,0.0056405416950327065,2020-01-01 22:00:00+00:00,2020-02-02 22:00:00+00:00,1.32604,1.31766,-83.80000000000054,2.900000000001235,-21.464690750684937,-108.16469075068672,False,momentum
2019-12-30 22:00:00+00:00,2020-01-01 22:00:00+00:00,2020-02-02 22:00:00+00:00,JPY,USD_JPY,1,-1,0.21997041010510632,0.002593521181098364,2020-01-01 22:00:00+00:00,2020-02-02 22:00:00+00:00,108.651,108.432,21.89999999999941,2.600000000001046,-33.82220217808219,-14.52220217808383,False,momentum
2019-12-30 22:00:00+00:00,2020-01-01 22:00:00+00:00,2020-02-02 22:00:00+00:00,AUD,AUD_USD,-1,-1,0.15316926625827468,0.0037246239520434257,2020-01-01 22:00:00+00:00,2020-02-02 22:00:00+00:00,0.70164,0.66846,331.79999999999984,1.80000000000069,-0.6253522191780819,329.3746477808211,False,momentum
2019-12-30 22:00:00+00:00,2020-01-01 22:00:00+00:00,2020-02-02 22:00:00+00:00,NZD,NZD_USD,-1,-1,0.14274842846240024,0.0039965267846907,2020-01-01 22:00:00+00:00,2020-02-02 22:00:00+00:00,0.67303,0.64701,260.20000000000044,2.20000000000109,-2.0893463835616433,255.91065361643774,False,momentum
2019-12-30 22:00:00+00:00,2020-01-01 22:00:00+00:00,2020-02-02 22:00:00+00:00,CAD,CAD_JPY,1,1,0.14486829363895093,0.003938045403118466,2020-01-01 22:00:00+00:00,2020-02-02 22:00:00+00:00,83.64,81.91,-173.0000000000004,3.700000000000614,3.3525631983810333,-173.34743680161998,False,momentum
2020-01-30 22:00:00+00:00,2020-02-02 22:00:00+00:00,2020-03-01 22:00:00+00:00,EUR,EUR_USD,-1,-1,0.22965426452708915,0.002514545806618665,2020-02-02 22:00:00+00:00,2020-03-01 22:00:00+00:00,1.10956,1.10446,51.000000000001044,1.8999999999991246,10.131796356164386,59.231796356166306,False,momentum
2020-01-30 22:00:00+00:00,2020-02-02 22:00:00+00:00,2020-03-01 22:00:00+00:00,GBP,GBP_USD,1,1,0.1215248389112783,0.004751918809456592,2020-02-02 22:00:00+00:00,2020-03-01 22:00:00+00:00,1.31766,1.27793,-397.3000000000004,2.900000000001235,-20.384866546849317,-420.58486654685095,False,momentum
2020-01-30 22:00:00+00:00,2020-02-02 22:00:00+00:00,2020-03-01 22:00:00+00:00,AUD,AUD_USD,-1,-1,0.1513952030695578,0.0038143623848727022,2020-02-02 22:00:00+00:00,2020-03-01 22:00:00+00:00,0.66846,0.64661,218.50000000000034,1.80000000000069,-0.40609763013698563,216.29390236986265,False,momentum
2020-01-30 22:00:00+00:00,2020-02-02 22:00:00+00:00,2020-03-01 22:00:00+00:00,NZD,NZD_USD,-1,-1,0.14297273365223354,0.004039065023708206,2020-02-02 22:00:00+00:00,2020-03-01 22:00:00+00:00,0.64701,0.61993,270.7999999999999,2.20000000000109,-1.4705123013698613,267.12948769862896,False,momentum
2020-01-30 22:00:00+00:00,2020-02-02 22:00:00+00:00,2020-03-01 22:00:00+00:00,CAD,CAD_JPY,1,1,0.15135962192753605,0.0038152590531387192,2020-02-02 22:00:00+00:00,2020-03-01 22:00:00+00:00,81.91,79.936,-197.39999999999895,3.700000000000614,2.988571613727478,-198.11142838627208,False,momentum
2020-01-30 22:00:00+00:00,2020-02-02 22:00:00+00:00,2020-03-01 22:00:00+00:00,CHF,CHF_JPY,1,1,0.20309333791230522,0.0028434028106231494,2020-02-02 22:00:00+00:00,2020-03-01 22:00:00+00:00,112.526,111.514,-101.20000000000005,5.299999999999727,-34.36803920612329,-140.86803920612306,False,momentum
2020-02-27 22:00:00+00:00,2020-03-01 22:00:00+00:00,2020-04-01 21:00:00+00:00,EUR,EUR_USD,-1,-1,0.22069744660629226,0.003045697785151152,2020-03-01 22:00:00+00:00,2020-04-01 21:00:00+00:00,1.10446,1.09632,81.40000000000036,1.8999999999991246,1.508323753424659,81.0083237534259,False,momentum
2020-02-27 22:00:00+00:00,2020-03-01 22:00:00+00:00,2020-04-01 21:00:00+00:00,JPY,USD_JPY,1,-1,0.16762075732004938,0.00401011029340397,2020-03-01 22:00:00+00:00,2020-04-01 21:00:00+00:00,107.413,107.172,24.099999999999966,2.600000000001046,-23.127745258904124,-1.627745258905204,False,momentum
2020-02-27 22:00:00+00:00,2020-03-01 22:00:00+00:00,2020-04-01 21:00:00+00:00,AUD,AUD_USD,-1,-1,0.15337399640261007,0.004382605526903126,2020-03-01 22:00:00+00:00,2020-04-01 21:00:00+00:00,0.64661,0.60725,393.6000000000006,1.80000000000069,-4.705394136986301,387.0946058630136,False,momentum
2020-02-27 22:00:00+00:00,2020-03-01 22:00:00+00:00,2020-04-01 21:00:00+00:00,NZD,NZD_USD,-1,-1,0.15693709916033718,0.0042831027711972575,2020-03-01 22:00:00+00:00,2020-04-01 21:00:00+00:00,0.61993,0.59134,285.90000000000003,2.20000000000109,-4.416225041095888,279.28377495890305,False,momentum
2020-02-27 22:00:00+00:00,2020-03-01 22:00:00+00:00,2020-04-01 21:00:00+00:00,CAD,CAD_JPY,1,1,0.12954549606064875,0.005188738665237798,2020-03-01 22:00:00+00:00,2020-04-01 21:00:00+00:00,79.936,75.519,-441.70000000000016,3.700000000000614,-5.042926565902871,-450.44292656590363,False,momentum
2020-02-27 22:00:00+00:00,2020-03-01 22:00:00+00:00,2020-04-01 21:00:00+00:00,CHF,CHF_JPY,1,1,0.17182520445006236,0.003911985592967266,2020-03-01 22:00:00+00:00,2020-04-01 21:00:00+00:00,111.514,110.984,-53.000000000000114,5.299999999999727,-39.121280314554824,-97.42128031455466,False,momentum
2020-03-31 21:00:00+00:00,2020-04-01 21:00:00+00:00,2020-05-03 21:00:00+00:00,GBP,GBP_USD,-1,-1,0.15107170748152976,0.009890116365106857,2020-04-01 21:00:00+00:00,2020-05-03 21:00:00+00:00,1.23728,1.24903,-117.50000000000149,2.900000000001235,-10.444529309589038,-130.84452930959176,False,momentum
2020-03-31 21:00:00+00:00,2020-04-01 21:00:00+00:00,2020-05-03 21:00:00+00:00,JPY,USD_JPY,1,-1,0.15459231972876092,0.009664883540716691,2020-04-01 21:00:00+00:00,2020-05-03 21:00:00+00:00,107.172,106.867,30.49999999999926,2.600000000001046,-13.868479042465761,14.031520957532454,False,momentum
2020-03-31 21:00:00+00:00,2020-04-01 21:00:00+00:00,2020-05-03 21:00:00+00:00,AUD,AUD_USD,-1,-1,0.15541052141734893,0.00961400008726128,2020-04-01 21:00:00+00:00,2020-05-03 21:00:00+00:00,0.60725,0.64134,-340.9000000000006,1.80000000000069,-6.360289643835617,-349.06028964383694,False,momentum
2020-03-31 21:00:00+00:00,2020-04-01 21:00:00+00:00,2020-05-03 21:00:00+00:00,NZD,NZD_USD,-1,-1,0.1788692273656627,0.008353123611437578,2020-04-01 21:00:00+00:00,2020-05-03 21:00:00+00:00,0.59134,0.6056,-142.6000000000005,2.20000000000109,-4.8834760273972595,-149.68347602739885,False,momentum
2020-03-31 21:00:00+00:00,2020-04-01 21:00:00+00:00,2020-05-03 21:00:00+00:00,CAD,CAD_JPY,1,1,0.11830097190925483,0.012629792827178177,2020-04-01 21:00:00+00:00,2020-05-03 21:00:00+00:00,75.519,75.866,34.69999999999942,3.700000000000614,-10.804592762027395,20.19540723797141,False,momentum
2020-03-31 21:00:00+00:00,2020-04-01 21:00:00+00:00,2020-05-03 21:00:00+00:00,CHF,CHF_JPY,1,1,0.2417552520974429,0.006180286688727195,2020-04-01 21:00:00+00:00,2020-05-03 21:00:00+00:00,110.984,111.138,15.400000000001057,5.299999999999727,-34.98717302319027,-24.887173023188943,False,momentum
2020-04-30 21:00:00+00:00,2020-05-03 21:00:00+00:00,2020-06-01 21:00:00+00:00,EUR,EUR_USD,1,1,0.21168583450030434,0.00673949397484084,2020-05-03 21:00:00+00:00,2020-06-01 21:00:00+00:00,1.09715,1.1136,164.49999999999852,1.8999999999991246,-15.004842328767122,147.59515767123227,False,momentum
2020-04-30 21:00:00+00:00,2020-05-03 21:00:00+00:00,2020-06-01 21:00:00+00:00,GBP,GBP_USD,-1,-1,0.14124083551247235,0.010100870622844586,2020-05-03 21:00:00+00:00,2020-06-01 21:00:00+00:00,1.24903,1.24883,1.9999999999997797,2.900000000001235,-10.089494976438353,-10.989494976439808,False,momentum
2020-04-30 21:00:00+00:00,2020-05-03 21:00:00+00:00,2020-06-01 21:00:00+00:00,JPY,USD_JPY,1,-1,0.14668901550093,0.009725713962303548,2020-05-03 21:00:00+00:00,2020-06-01 21:00:00+00:00,106.867,107.577,-70.99999999999937,2.600000000001046,-13.569277516438364,-87.16927751643878,False,momentum
2020-04-30 21:00:00+00:00,2020-05-03 21:00:00+00:00,2020-06-01 21:00:00+00:00,AUD,AUD_USD,-1,-1,0.12729927475044556,0.011207097675699546,2020-05-03 21:00:00+00:00,2020-06-01 21:00:00+00:00,0.64134,0.67979,-384.49999999999983,1.80000000000069,-6.13722193150685,-392.4372219315074,False,momentum
2020-04-30 21:00:00+00:00,2020-05-03 21:00:00+00:00,2020-06-01 21:00:00+00:00,NZD,NZD_USD,-1,-1,0.14877852480028134,0.009589121871513936,2020-05-03 21:00:00+00:00,2020-06-01 21:00:00+00:00,0.6056,0.62938,-237.8000000000002,2.20000000000109,-4.3083978904109586,-244.30839789041227,False,momentum
2020-04-30 21:00:00+00:00,2020-05-03 21:00:00+00:00,2020-06-01 21:00:00+00:00,CHF,CHF_JPY,1,1,0.22430651493556647,0.0063602941117594045,2020-05-03 21:00:00+00:00,2020-06-01 21:00:00+00:00,111.138,111.96,82.19999999999885,5.299999999999727,-34.25106602510649,42.648933974892635,False,momentum
2020-05-31 21:00:00+00:00,2020-06-01 21:00:00+00:00,2020-07-01 21:00:00+00:00,GBP,GBP_USD,1,1,0.1543115410922411,0.010361570380378125,2020-06-01 21:00:00+00:00,2020-07-01 21:00:00+00:00,1.24883,1.24711,-17.20000000000166,2.900000000001235,-13.199193379726033,-33.299193379728926,False,momentum
2020-05-31 21:00:00+00:00,2020-06-01 21:00:00+00:00,2020-07-01 21:00:00+00:00,JPY,USD_JPY,1,-1,0.1729214371660823,0.009246452722898637,2020-06-01 21:00:00+00:00,2020-07-01 21:00:00+00:00,107.577,107.469,10.80000000000041,2.600000000001046,-15.35960356164384,-7.159603561644477,False,momentum
2020-05-31 21:00:00+00:00,2020-06-01 21:00:00+00:00,2020-07-01 21:00:00+00:00,AUD,AUD_USD,-1,-1,0.13452060777986244,0.011885984756688128,2020-06-01 21:00:00+00:00,2020-07-01 21:00:00+00:00,0.67979,0.69155,-117.59999999999992,1.80000000000069,-6.600516410958905,-126.00051641095952,False,momentum
2020-05-31 21:00:00+00:00,2020-06-01 21:00:00+00:00,2020-07-01 21:00:00+00:00,NZD,NZD_USD,-1,-1,0.15127101425302364,0.01056983653760296,2020-06-01 21:00:00+00:00,2020-07-01 21:00:00+00:00,0.62938,0.6476,-182.19999999999902,2.20000000000109,-4.864723479452054,-189.2647234794522,False,momentum
2020-05-31 21:00:00+00:00,2020-06-01 21:00:00+00:00,2020-07-01 21:00:00+00:00,CAD,CAD_JPY,-1,-1,0.12286653615414934,0.013013387888837871,2020-06-01 21:00:00+00:00,2020-07-01 21:00:00+00:00,79.239,79.103,13.600000000000989,3.700000000000614,-11.121841142839354,-1.2218411428389793,False,momentum
2020-05-31 21:00:00+00:00,2020-06-01 21:00:00+00:00,2020-07-01 21:00:00+00:00,CHF,CHF_JPY,1,1,0.2641088635546412,0.006053980438263749,2020-06-01 21:00:00+00:00,2020-07-01 21:00:00+00:00,111.96,113.625,166.50000000000063,5.299999999999727,-37.89355162962916,123.30644837037174,False,momentum
2020-06-30 21:00:00+00:00,2020-07-01 21:00:00+00:00,2020-08-02 21:00:00+00:00,EUR,EUR_USD,1,1,0.2033638252758782,0.004405577392389886,2020-07-01 21:00:00+00:00,2020-08-02 21:00:00+00:00,1.12512,1.1779,527.8000000000004,1.8999999999991246,-15.939313178082193,509.960686821919,False,momentum
2020-06-30 21:00:00+00:00,2020-07-01 21:00:00+00:00,2020-08-02 21:00:00+00:00,JPY,USD_JPY,1,-1,0.24258462110389994,0.0036932888284027018,2020-07-01 21:00:00+00:00,2020-08-02 21:00:00+00:00,107.469,105.883,158.59999999999985,2.600000000001046,-14.374102986301379,141.62589701369743,False,momentum
2020-06-30 21:00:00+00:00,2020-07-01 21:00:00+00:00,2020-08-02 21:00:00+00:00,AUD,AUD_USD,-1,-1,0.10613082324372414,0.00844179893910618,2020-07-01 21:00:00+00:00,2020-08-02 21:00:00+00:00,0.69155,0.71432,-227.69999999999956,1.80000000000069,-6.095277575342464,-235.59527757534272,False,momentum
2020-06-30 21:00:00+00:00,2020-07-01 21:00:00+00:00,2020-08-02 21:00:00+00:00,NZD,NZD_USD,-1,-1,0.11126226058636314,0.008052461511600334,2020-07-01 21:00:00+00:00,2020-08-02 21:00:00+00:00,0.6476,0.66298,-153.8000000000006,2.20000000000109,-4.284957205479452,-160.28495720548116,False,momentum
2020-06-30 21:00:00+00:00,2020-07-01 21:00:00+00:00,2020-08-02 21:00:00+00:00,CAD,CAD_JPY,-1,-1,0.12634092809088232,0.00709140802274978,2020-07-01 21:00:00+00:00,2020-08-02 21:00:00+00:00,79.103,78.919,18.39999999999975,3.700000000000614,-10.294720147322538,4.405279852676598,False,momentum
2020-06-30 21:00:00+00:00,2020-07-01 21:00:00+00:00,2020-08-02 21:00:00+00:00,CHF,CHF_JPY,1,1,0.21031754169925235,0.004259916048022736,2020-07-01 21:00:00+00:00,2020-08-02 21:00:00+00:00,113.625,115.948,232.29999999999933,5.299999999999727,-36.1985060212299,190.8014939787697,False,momentum
2020-07-30 21:00:00+00:00,2020-08-02 21:00:00+00:00,2020-09-01 21:00:00+00:00,EUR,EUR_USD,1,1,0.21598734908103942,0.004096275150070699,2020-08-02 21:00:00+00:00,2020-09-01 21:00:00+00:00,1.1779,1.19134,134.40000000000117,1.8999999999991246,-15.942448986301372,116.55755101370067,False,momentum
2020-07-30 21:00:00+00:00,2020-08-02 21:00:00+00:00,2020-09-01 21:00:00+00:00,GBP,GBP_USD,1,1,0.16632507863691007,0.00531936385072581,2020-08-02 21:00:00+00:00,2020-09-01 21:00:00+00:00,1.30855,1.33926,307.0999999999979,2.900000000001235,-12.644633495890416,291.5553665041063,False,momentum
2020-07-30 21:00:00+00:00,2020-08-02 21:00:00+00:00,2020-09-01 21:00:00+00:00,AUD,AUD_USD,-1,-1,0.1254917849356406,0.007050211384148011,2020-08-02 21:00:00+00:00,2020-09-01 21:00:00+00:00,0.71432,0.73707,-227.50000000000045,1.80000000000069,-6.093371013698631,-235.39337101369978,False,momentum
2020-07-30 21:00:00+00:00,2020-08-02 21:00:00+00:00,2020-09-01 21:00:00+00:00,NZD,NZD_USD,-1,-1,0.12445362627105257,0.007109022350569266,2020-08-02 21:00:00+00:00,2020-09-01 21:00:00+00:00,0.66298,0.67616,-131.7999999999997,2.20000000000109,-4.830343808219177,-138.83034380821996,False,momentum
2020-07-30 21:00:00+00:00,2020-08-02 21:00:00+00:00,2020-09-01 21:00:00+00:00,CAD,CAD_JPY,-1,-1,0.13240223540145404,0.006682240734740577,2020-08-02 21:00:00+00:00,2020-09-01 21:00:00+00:00,78.919,81.121,-220.19999999999982,3.700000000000614,-10.319854649097847,-234.21985464909827,False,momentum
2020-07-30 21:00:00+00:00,2020-08-02 21:00:00+00:00,2020-09-01 21:00:00+00:00,CHF,CHF_JPY,1,1,0.2353399256739032,0.003759428444777554,2020-08-02 21:00:00+00:00,2020-09-01 21:00:00+00:00,115.948,116.568,62.000000000000455,5.299999999999727,-36.33955279986951,20.36044720013122,False,momentum
2020-08-31 21:00:00+00:00,2020-09-01 21:00:00+00:00,2020-10-01 21:00:00+00:00,EUR,EUR_USD,1,1,0.1907629062046222,0.00406759589211569,2020-09-01 21:00:00+00:00,2020-10-01 21:00:00+00:00,1.19134,1.17475,-165.90000000000103,1.8999999999991246,-16.958450849315067,-184.7584508493152,False,momentum
2020-08-31 21:00:00+00:00,2020-09-01 21:00:00+00:00,2020-10-01 21:00:00+00:00,GBP,GBP_USD,1,1,0.14893515346864025,0.005209961487093474,2020-09-01 21:00:00+00:00,2020-10-01 21:00:00+00:00,1.33926,1.28909,-501.6999999999982,2.900000000001235,-13.450151367671243,-518.0501513676707,False,momentum
2020-08-31 21:00:00+00:00,2020-09-01 21:00:00+00:00,2020-10-01 21:00:00+00:00,JPY,USD_JPY,-1,1,0.18967734259961486,0.004090875604915541,2020-09-01 21:00:00+00:00,2020-10-01 21:00:00+00:00,105.978,105.534,-44.39999999999884,2.600000000001046,-13.496030852054798,-60.49603085205469,False,momentum
2020-08-31 21:00:00+00:00,2020-09-01 21:00:00+00:00,2020-10-01 21:00:00+00:00,NZD,NZD_USD,-1,-1,0.13351155359245914,0.005811829708869465,2020-09-01 21:00:00+00:00,2020-10-01 21:00:00+00:00,0.67616,0.66541,107.50000000000037,2.20000000000109,-4.305272465753425,100.99472753424585,False,momentum
2020-08-31 21:00:00+00:00,2020-09-01 21:00:00+00:00,2020-10-01 21:00:00+00:00,CAD,CAD_JPY,-1,-1,0.13826987495139323,0.005611825525399112,2020-09-01 21:00:00+00:00,2020-10-01 21:00:00+00:00,81.121,79.423,169.79999999999933,3.700000000000614,-11.081574914363985,155.01842508563473,False,momentum
2020-08-31 21:00:00+00:00,2020-09-01 21:00:00+00:00,2020-10-01 21:00:00+00:00,CHF,CHF_JPY,1,1,0.1988431691832703,0.0039023035934958143,2020-09-01 21:00:00+00:00,2020-10-01 21:00:00+00:00,116.568,114.818,-175.0,5.299999999999727,-38.48349182001806,-218.7834918200178,False,momentum
2005-05-31 21:00:00+00:00,2005-06-01 21:00:00+00:00,2005-07-02 21:00:00+00:00,EUR,EUR_USD,-1,-1,0.16877426920331084,0.004356844087769406,2005-06-01 21:00:00+00:00,2005-07-02 21:00:00+00:00,1.218,1.1957,222.99999999999986,2.849999999998687,10.558266273972604,230.70826627397378,False,momentum_spread1.5x
2005-05-31 21:00:00+00:00,2005-06-01 21:00:00+00:00,2005-07-02 21:00:00+00:00,GBP,GBP_USD,-1,-1,0.19579991077874526,0.0037554826967054413,2005-06-01 21:00:00+00:00,2005-07-02 21:00:00+00:00,1.8096,1.7673,423.0,4.350000000001852,-29.408671144109586,389.2413288558886,False,momentum_spread1.5x
2005-05-31 21:00:00+00:00,2005-06-01 21:00:00+00:00,2005-07-02 21:00:00+00:00,AUD,AUD_USD,1,1,0.17229579491269292,0.004267795260578796,2005-06-01 21:00:00+00:00,2005-07-02 21:00:00+00:00,0.7497,0.7519,21.999999999999797,2.700000000001035,7.422244479452052,26.722244479450815,False,momentum_spread1.5x
2005-05-31 21:00:00+00:00,2005-06-01 21:00:00+00:00,2005-07-02 21:00:00+00:00,NZD,NZD_USD,1,1,0.13593290490894813,0.00540945680104893,2005-06-01 21:00:00+00:00,2005-07-02 21:00:00+00:00,0.6974,0.6832,-141.9999999999999,3.300000000001635,11.643769561643833,-133.65623043835768,False,momentum_spread1.5x
2005-05-31 21:00:00+00:00,2005-06-01 21:00:00+00:00,2005-07-02 21:00:00+00:00,CAD,CAD_JPY,1,1,0.14366316837522164,0.005118383405171177,2005-06-01 21:00:00+00:00,2005-07-02 21:00:00+00:00,87.12,89.99,286.99999999999903,5.550000000000921,10.024549496491934,291.47454949649006,False,momentum_spread1.5x
2005-05-31 21:00:00+00:00,2005-06-01 21:00:00+00:00,2005-07-02 21:00:00+00:00,CHF,CHF_JPY,-1,-1,0.18353395182108126,0.004006469482348854,2005-06-01 21:00:00+00:00,2005-07-02 21:00:00+00:00,86.485,86.225,26.00000000000051,7.949999999999591,-25.25318662891514,-7.203186628914221,False,momentum_spread1.5x
2005-06-30 21:00:00+00:00,2005-07-02 21:00:00+00:00,2005-08-01 21:00:00+00:00,GBP,GBP_USD,-1,-1,0.19342823450868066,0.004075741931448738,2005-07-02 21:00:00+00:00,2005-08-01 21:00:00+00:00,1.7673,1.76805,-7.499999999998064,4.350000000001852,-26.05319103671232,-37.903191036712236,False,momentum_spread1.5x
2005-06-30 21:00:00+00:00,2005-07-02 21:00:00+00:00,2005-08-01 21:00:00+00:00,JPY,USD_JPY,-1,1,0.17551559612960588,0.004491700928565794,2005-07-02 21:00:00+00:00,2005-08-01 21:00:00+00:00,111.74,112.226,48.60000000000042,3.900000000001569,27.52032552602739,72.22032552602624,False,momentum_spread1.5x
2005-06-30 21:00:00+00:00,2005-07-02 21:00:00+00:00,2005-08-01 21:00:00+00:00,AUD,AUD_USD,1,1,0.15174933031337362,0.005195169985166329,2005-07-02 21:00:00+00:00,2005-08-01 21:00:00+00:00,0.7519,0.7618,99.0000000000002,2.700000000001035,6.182979410958904,102.48297941095807,False,momentum_spread1.5x
2005-06-30 21:00:00+00:00,2005-07-02 21:00:00+00:00,2005-08-01 21:00:00+00:00,NZD,NZD_USD,1,1,0.12531137018463342,0.006291237299149765,2005-07-02 21:00:00+00:00,2005-08-01 21:00:00+00:00,0.6832,0.6839,6.999999999999229,3.300000000001635,10.771776082191781,14.471776082189376,False,momentum_spread1.5x
2005-06-30 21:00:00+00:00,2005-07-02 21:00:00+00:00,2005-08-01 21:00:00+00:00,CAD,CAD_JPY,1,1,0.148695404336719,0.005301869076786594,2005-07-02 21:00:00+00:00,2005-08-01 21:00:00+00:00,89.99,92.59,260.00000000000085,5.550000000000921,9.69234008323038,264.1423400832303,False,momentum_spread1.5x
2005-06-30 21:00:00+00:00,2005-07-02 21:00:00+00:00,2005-08-01 21:00:00+00:00,CHF,CHF_JPY,-1,-1,0.20530006452698749,0.0038400551306670247,2005-07-02 21:00:00+00:00,2005-08-01 21:00:00+00:00,86.225,87.735,-151.0000000000005,7.949999999999591,-24.325098767661814,-183.27509876766192,False,momentum_spread1.5x
2005-07-31 21:00:00+00:00,2005-08-01 21:00:00+00:00,2005-09-01 21:00:00+00:00,EUR,EUR_USD,-1,-1,0.15911721583093433,0.005640760608546182,2005-08-01 21:00:00+00:00,2005-09-01 21:00:00+00:00,1.21796,1.25036,-323.99999999999983,2.849999999998687,16.271708849315072,-310.57829115068347,False,momentum_spread1.5x
2005-07-31 21:00:00+00:00,2005-08-01 21:00:00+00:00,2005-09-01 21:00:00+00:00,GBP,GBP_USD,-1,-1,0.18994851049466727,0.004725186424801543,2005-08-01 21:00:00+00:00,2005-09-01 21:00:00+00:00,1.76805,1.8344,-663.5000000000013,4.350000000001852,-24.285618596164376,-692.1356185961674,False,momentum_spread1.5x
2005-07-31 21:00:00+00:00,2005-08-01 21:00:00+00:00,2005-09-01 21:00:00+00:00,AUD,AUD_USD,1,1,0.15582179115808975,0.005760055230593965,2005-08-01 21:00:00+00:00,2005-09-01 21:00:00+00:00,0.7618,0.7626,7.999999999999119,2.700000000001035,5.332652917808218,10.632652917806302,False,momentum_spread1.5x
2005-07-31 21:00:00+00:00,2005-08-01 21:00:00+00:00,2005-09-01 21:00:00+00:00,NZD,NZD_USD,1,1,0.14139490281048528,0.006347768592504858,2005-08-01 21:00:00+00:00,2005-09-01 21:00:00+00:00,0.6839,0.70585,219.50000000000023,3.300000000001635,11.057752438356165,227.25775243835477,False,momentum_spread1.5x
2005-07-31 21:00:00+00:00,2005-08-01 21:00:00+00:00,2005-09-01 21:00:00+00:00,CAD,CAD_JPY,1,1,0.170511525629849,0.0052638208466275985,2005-08-01 21:00:00+00:00,2005-09-01 21:00:00+00:00,92.59,92.79,20.000000000000284,5.550000000000921,11.068795777078813,25.518795777078175,False,momentum_spread1.5x
2005-07-31 21:00:00+00:00,2005-08-01 21:00:00+00:00,2005-09-01 21:00:00+00:00,CHF,CHF_JPY,-1,-1,0.18320605407597448,0.004899085500899822,2005-08-01 21:00:00+00:00,2005-09-01 21:00:00+00:00,87.735,88.95,-121.50000000000034,7.949999999999591,-27.848550429777706,-157.29855042977763,False,momentum_spread1.5x
2005-08-31 21:00:00+00:00,2005-09-01 21:00:00+00:00,2005-10-01 21:00:00+00:00,GBP,GBP_USD,-1,-1,0.17912056392148643,0.005042453516967138,2005-09-01 21:00:00+00:00,2005-10-01 21:00:00+00:00,1.8344,1.7645,699.0000000000007,4.350000000001852,-19.651045712876705,674.9989542871222,False,momentum_spread1.5x
2005-08-31 21:00:00+00:00,2005-09-01 21:00:00+00:00,2005-10-01 21:00:00+00:00,JPY,USD_JPY,-1,1,0.1724438202374378,0.005237689099344999,2005-09-01 21:00:00+00:00,2005-10-01 21:00:00+00:00,109.82,113.48,366.0000000000011,3.900000000001569,32.7053015260274,394.80530152602694,False,momentum_spread1.5x
2005-08-31 21:00:00+00:00,2005-09-01 21:00:00+00:00,2005-10-01 21:00:00+00:00,AUD,AUD_USD,1,1,0.15549695862409854,0.005808519507384496,2005-09-01 21:00:00+00:00,2005-10-01 21:00:00+00:00,0.7626,0.7615,-10.999999999999899,2.700000000001035,3.9561154109589047,-9.743884589042029,False,momentum_spread1.5x
2005-08-31 21:00:00+00:00,2005-09-01 21:00:00+00:00,2005-10-01 21:00:00+00:00,NZD,NZD_USD,1,1,0.1480247908379651,0.006101728719858346,2005-09-01 21:00:00+00:00,2005-10-01 21:00:00+00:00,0.70585,0.6913,-145.49999999999952,3.300000000001635,9.301263780821916,-139.49873621917922,False,momentum_spread1.5x
2005-08-31 21:00:00+00:00,2005-09-01 21:00:00+00:00,2005-10-01 21:00:00+00:00,CAD,CAD_JPY,1,1,0.16901680199290717,0.0053438895237465185,2005-09-01 21:00:00+00:00,2005-10-01 21:00:00+00:00,92.79,97.57,477.9999999999987,5.550000000000921,11.622584909432495,484.07258490943025,False,momentum_spread1.5x
2005-08-31 21:00:00+00:00,2005-09-01 21:00:00+00:00,2005-10-01 21:00:00+00:00,CHF,CHF_JPY,-1,-1,0.17589706438610492,0.005134861804881751,2005-09-01 21:00:00+00:00,2005-10-01 21:00:00+00:00,88.95,87.755,119.50000000000074,7.949999999999591,-24.458055506614066,87.09194449338707,False,momentum_spread1.5x
2005-09-29 21:00:00+00:00,2005-10-01 21:00:00+00:00,2005-11-01 22:00:00+00:00,EUR,EUR_USD,-1,-1,0.17347094335549984,0.00441832734982975,2005-10-01 21:00:00+00:00,2005-11-01 22:00:00+00:00,1.2029,1.20184,10.600000000000609,2.849999999998687,16.999216356164382,24.749216356166304,False,momentum_spread1.5x
2005-09-29 21:00:00+00:00,2005-10-01 21:00:00+00:00,2005-11-01 22:00:00+00:00,GBP,GBP_USD,-1,-1,0.17111045041189687,0.00447927880257092,2005-10-01 21:00:00+00:00,2005-11-01 22:00:00+00:00,1.7645,1.76545,-9.500000000000064,4.350000000001852,-17.86412645260274,-31.714126452604656,False,momentum_spread1.5x
2005-09-29 21:00:00+00:00,2005-10-01 21:00:00+00:00,2005-11-01 22:00:00+00:00,AUD,AUD_USD,1,1,0.15570143373325704,0.004922571328029218,2005-10-01 21:00:00+00:00,2005-11-01 22:00:00+00:00,0.7615,0.7444,-171.00000000000003,2.700000000001035,3.506166863013699,-170.19383313698737,False,momentum_spread1.5x
2005-09-29 21:00:00+00:00,2005-10-01 21:00:00+00:00,2005-11-01 22:00:00+00:00,NZD,NZD_USD,1,1,0.1521711691213521,0.00503677153730185,2005-10-01 21:00:00+00:00,2005-11-01 22:00:00+00:00,0.6913,0.69745,61.499999999999886,3.300000000001635,10.915545616438356,69.1155456164366,False,momentum_spread1.5x
2005-09-29 21:00:00+00:00,2005-10-01 21:00:00+00:00,2005-11-01 22:00:00+00:00,CAD,CAD_JPY,1,1,0.1544362487471598,0.004962898410483879,2005-10-01 21:00:00+00:00,2005-11-01 22:00:00+00:00,97.57,99.325,175.50000000000097,5.550000000000921,13.53257402918395,183.482574029184,False,momentum_spread1.5x
2005-09-29 21:00:00+00:00,2005-10-01 21:00:00+00:00,2005-11-01 22:00:00+00:00,CHF,CHF_JPY,-1,-1,0.19310975463083432,0.0039689937719282415,2005-10-01 21:00:00+00:00,2005-11-01 22:00:00+00:00,87.755,90.645,-289.00000000000006,7.949999999999591,-26.16213484705373,-323.11213484705337,False,momentum_spread1.5x
2005-10-31 22:00:00+00:00,2005-11-01 22:00:00+00:00,2005-12-01 22:00:00+00:00,EUR,EUR_USD,-1,-1,0.14923530922418193,0.004967005751780471,2005-11-01 22:00:00+00:00,2005-12-01 22:00:00+00:00,1.20184,1.1737,281.40000000000055,2.849999999998687,20.774729452054792,299.32472945205666,False,momentum_spread1.5x
2005-10-31 22:00:00+00:00,2005-11-01 22:00:00+00:00,2005-12-01 22:00:00+00:00,JPY,USD_JPY,-1,1,0.1786511368857894,0.0041491627324998625,2005-11-01 22:00:00+00:00,2005-12-01 22:00:00+00:00,116.745,120.64,389.4999999999996,3.900000000001569,41.2853714,426.885371399998,False,momentum_spread1.5x
2005-10-31 22:00:00+00:00,2005-11-01 22:00:00+00:00,2005-12-01 22:00:00+00:00,AUD,AUD_USD,1,1,0.1636702349495173,0.004528939788678632,2005-11-01 22:00:00+00:00,2005-12-01 22:00:00+00:00,0.7444,0.742,-23.999999999999577,2.700000000001035,2.1334424794520546,-24.56655752054856,False,momentum_spread1.5x
2005-10-31 22:00:00+00:00,2005-11-01 22:00:00+00:00,2005-12-01 22:00:00+00:00,NZD,NZD_USD,1,1,0.14560404515219236,0.005090879436147918,2005-11-01 22:00:00+00:00,2005-12-01 22:00:00+00:00,0.69745,0.70465,71.99999999999984,3.300000000001635,9.65756219178082,78.35756219177904,False,momentum_spread1.5x
2005-10-31 22:00:00+00:00,2005-11-01 22:00:00+00:00,2005-12-01 22:00:00+00:00,CAD,CAD_JPY,1,1,0.13921674999990447,0.005324450105937378,2005-11-01 22:00:00+00:00,2005-12-01 22:00:00+00:00,99.325,103.445,411.99999999999903,5.550000000000921,15.689143345661488,422.1391433456596,False,momentum_spread1.5x
2005-10-31 22:00:00+00:00,2005-11-01 22:00:00+00:00,2005-12-01 22:00:00+00:00,CHF,CHF_JPY,-1,-1,0.22362252378841446,0.003314749456931279,2005-11-01 22:00:00+00:00,2005-12-01 22:00:00+00:00,90.645,91.545,-90.00000000000057,7.949999999999591,-30.390175977576565,-128.34017597757673,False,momentum_spread1.5x
2005-11-30 22:00:00+00:00,2005-12-01 22:00:00+00:00,2006-01-01 22:00:00+00:00,EUR,EUR_USD,-1,-1,0.14065593445129776,0.004955029758417732,2005-12-01 22:00:00+00:00,2006-01-01 22:00:00+00:00,1.1737,1.1845,-108.00000000000142,2.849999999998687,18.128107315068497,-92.72189268493162,False,momentum_spread1.5x
2005-11-30 22:00:00+00:00,2005-12-01 22:00:00+00:00,2006-01-01 22:00:00+00:00,JPY,USD_JPY,-1,1,0.1932641293874513,0.0036062271002550964,2005-12-01 22:00:00+00:00,2006-01-01 22:00:00+00:00,120.64,117.8,-284.00000000000034,3.900000000001569,39.42179869041097,-248.47820130959093,False,momentum_spread1.5x
2005-11-30 22:00:00+00:00,2005-12-01 22:00:00+00:00,2006-01-01 22:00:00+00:00,AUD,AUD_USD,1,1,0.1611482325520301,0.0043249269934078115,2005-12-01 22:00:00+00:00,2006-01-01 22:00:00+00:00,0.742,0.7315,-104.99999999999953,2.700000000001035,1.071487643835616,-106.62851235616496,False,momentum_spread1.5x
2005-11-30 22:00:00+00:00,2005-12-01 22:00:00+00:00,2006-01-01 22:00:00+00:00,NZD,NZD_USD,1,1,0.14505375264621698,0.004804800483887453,2005-12-01 22:00:00+00:00,2006-01-01 22:00:00+00:00,0.70465,0.68305,-215.99999999999952,3.300000000001635,9.373148547945204,-209.92685145205596,False,momentum_spread1.5x
2005-11-30 22:00:00+00:00,2005-12-01 22:00:00+00:00,2006-01-01 22:00:00+00:00,CAD,CAD_JPY,1,1,0.1461537996873896,0.004768636480166508,2005-12-01 22:00:00+00:00,2006-01-01 22:00:00+00:00,103.445,101.33,-211.4999999999995,5.550000000000921,16.075570722616433,-200.974429277384,False,momentum_spread1.5x
2005-11-30 22:00:00+00:00,2005-12-01 22:00:00+00:00,2006-01-01 22:00:00+00:00,CHF,CHF_JPY,-1,-1,0.21372415127561428,0.003260999455346795,2005-12-01 22:00:00+00:00,2006-01-01 22:00:00+00:00,91.545,89.745,179.99999999999972,7.949999999999591,-28.587420310361914,143.4625796896382,False,momentum_spread1.5x
2005-12-29 22:00:00+00:00,2006-01-01 22:00:00+00:00,2006-02-01 22:00:00+00:00,EUR,EUR_USD,-1,-1,0.17529073026923936,0.004709067759375901,2006-01-01 22:00:00+00:00,2006-02-01 22:00:00+00:00,1.1845,1.2065,-219.99999999999795,2.849999999998687,21.944385917808216,-200.90561408218844,False,momentum_spread1.5x
2005-12-29 22:00:00+00:00,2006-01-01 22:00:00+00:00,2006-02-01 22:00:00+00:00,JPY,USD_JPY,-1,1,0.1687135416211231,0.004892647729973233,2006-01-01 22:00:00+00:00,2006-02-01 22:00:00+00:00,117.8,118.02,21.999999999999886,3.900000000001569,46.97463958630137,65.0746395862997,False,momentum_spread1.5x
2005-12-29 22:00:00+00:00,2006-01-01 22:00:00+00:00,2006-02-01 22:00:00+00:00,AUD,AUD_USD,1,1,0.176213414005161,0.004684410270855748,2006-01-01 22:00:00+00:00,2006-02-01 22:00:00+00:00,0.7315,0.753,214.99999999999963,2.700000000001035,0.31076954794520606,212.6107695479438,False,momentum_spread1.5x
2005-12-29 22:00:00+00:00,2006-01-01 22:00:00+00:00,2006-02-01 22:00:00+00:00,NZD,NZD_USD,1,1,0.1286119554047612,0.006418189691856392,2006-01-01 22:00:00+00:00,2006-02-01 22:00:00+00:00,0.68305,0.68415,10.999999999999899,3.300000000001635,10.107623342465748,17.807623342464012,False,momentum_spread1.5x
2005-12-29 22:00:00+00:00,2006-01-01 22:00:00+00:00,2006-02-01 22:00:00+00:00,CAD,CAD_JPY,1,1,0.15804718819438449,0.0052228447456660375,2006-01-01 22:00:00+00:00,2006-02-01 22:00:00+00:00,101.33,103.405,207.50000000000028,5.550000000000921,19.54342190279646,221.49342190279583,False,momentum_spread1.5x
2005-12-29 22:00:00+00:00,2006-01-01 22:00:00+00:00,2006-02-01 22:00:00+00:00,CHF,CHF_JPY,-1,-1,0.19312317050533082,0.0042742459346976555,2006-01-01 22:00:00+00:00,2006-02-01 22:00:00+00:00,89.745,91.565,-181.99999999999932,7.949999999999591,-32.49382437503708,-222.443824375036,False,momentum_spread1.5x
2006-01-31 22:00:00+00:00,2006-02-01 22:00:00+00:00,2006-03-01 22:00:00+00:00,EUR,EUR_USD,-1,-1,0.17366211319759603,0.005216891810601214,2006-02-01 22:00:00+00:00,2006-03-01 22:00:00+00:00,1.2065,1.19222,142.79999999999848,2.849999999998687,20.3169014520548,160.26690145205458,False,momentum_spread1.5x
2006-01-31 22:00:00+00:00,2006-02-01 22:00:00+00:00,2006-03-01 22:00:00+00:00,JPY,USD_JPY,-1,1,0.16347623524024416,0.0055419459276195085,2006-02-01 22:00:00+00:00,2006-03-01 22:00:00+00:00,118.02,116.07,-195.00000000000028,3.900000000001569,42.25888615753426,-156.64111384246758,False,momentum_spread1.5x
2006-01-31 22:00:00+00:00,2006-02-01 22:00:00+00:00,2006-03-01 22:00:00+00:00,AUD,AUD_USD,1,1,0.1784621663029074,0.005076574351420277,2006-02-01 22:00:00+00:00,2006-03-01 22:00:00+00:00,0.753,0.7448,-81.99999999999984,2.700000000001035,-0.7683443424657538,-85.46834434246664,False,momentum_spread1.5x
2006-01-31 22:00:00+00:00,2006-02-01 22:00:00+00:00,2006-03-01 22:00:00+00:00,NZD,NZD_USD,1,1,0.13751766937889057,0.006588073083583761,2006-02-01 22:00:00+00:00,2006-03-01 22:00:00+00:00,0.68415,0.66465,-195.0000000000007,3.300000000001635,7.063459726027398,-191.23654027397495,False,momentum_spread1.5x
2006-01-31 22:00:00+00:00,2006-02-01 22:00:00+00:00,2006-03-01 22:00:00+00:00,CAD,CAD_JPY,1,1,0.14409857884730343,0.006287199106330352,2006-02-01 22:00:00+00:00,2006-03-01 22:00:00+00:00,103.405,102.275,-112.99999999999955,5.550000000000921,18.127426638198326,-100.42257336180214,False,momentum_spread1.5x
2006-01-31 22:00:00+00:00,2006-02-01 22:00:00+00:00,2006-03-01 22:00:00+00:00,CHF,CHF_JPY,-1,-1,0.20278323703305837,0.004467708817590996,2006-02-01 22:00:00+00:00,2006-03-01 22:00:00+00:00,91.565,88.415,314.99999999999915,7.949999999999591,-28.77622684145186,278.27377315854767,False,momentum_spread1.5x
2006-02-28 22:00:00+00:00,2006-03-01 22:00:00+00:00,2006-04-01 22:00:00+00:00,EUR,EUR_USD,-1,-1,0.18779881057542977,0.004300153453008262,2006-03-01 22:00:00+00:00,2006-04-01 22:00:00+00:00,1.19222,1.2117,-194.79999999999941,2.849999999998687,20.611667424657536,-177.03833257534058,False,momentum_spread1.5x
2006-02-28 22:00:00+00:00,2006-03-01 22:00:00+00:00,2006-04-01 22:00:00+00:00,JPY,USD_JPY,-1,1,0.17115246234876325,0.004718387878762612,2006-03-01 22:00:00+00:00,2006-04-01 22:00:00+00:00,116.07,117.705,163.5000000000005,3.900000000001569,46.51385147945206,206.113851479451,False,momentum_spread1.5x
2006-02-28 22:00:00+00:00,2006-03-01 22:00:00+00:00,2006-04-01 22:00:00+00:00,AUD,AUD_USD,1,1,0.17785834538135464,0.004540488117300555,2006-03-01 22:00:00+00:00,2006-04-01 22:00:00+00:00,0.7448,0.7167,-281.0000000000001,2.700000000001035,-1.359378452054794,-285.0593784520559,False,momentum_spread1.5x
2006-02-28 22:00:00+00:00,2006-03-01 22:00:00+00:00,2006-04-01 22:00:00+00:00,NZD,NZD_USD,1,1,0.1564517802590049,0.005161741863402656,2006-03-01 22:00:00+00:00,2006-04-01 22:00:00+00:00,0.66465,0.6153,-493.5,3.300000000001635,6.732164712328769,-490.0678352876729,False,momentum_spread1.5x
2006-02-28 22:00:00+00:00,2006-03-01 22:00:00+00:00,2006-04-01 22:00:00+00:00,CAD,CAD_JPY,1,1,0.1336722780923603,0.006041370097761004,2006-03-01 22:00:00+00:00,2006-04-01 22:00:00+00:00,102.275,100.82,-145.50000000000125,5.550000000000921,20.905362447051846,-130.14463755295031,False,momentum_spread1.5x
2006-02-28 22:00:00+00:00,2006-03-01 22:00:00+00:00,2006-04-01 22:00:00+00:00,CHF,CHF_JPY,-1,-1,0.17306632334308725,0.004666209393989736,2006-03-01 22:00:00+00:00,2006-04-01 22:00:00+00:00,88.415,90.285,-186.99999999999903,7.949999999999591,-32.53720139756642,-227.48720139756506,False,momentum_spread1.5x
2006-03-30 22:00:00+00:00,2006-04-01 22:00:00+00:00,2006-05-01 21:00:00+00:00,EUR,EUR_USD,-1,-1,0.19166595099581543,0.0044880234668942965,2006-04-01 22:00:00+00:00,2006-05-01 21:00:00+00:00,1.2117,1.2587,-469.99999999999926,2.849999999998687,21.229421643835614,-451.62057835616235,False,momentum_spread1.5x
2006-03-30 22:00:00+00:00,2006-04-01 22:00:00+00:00,2006-05-01 21:00:00+00:00,JPY,USD_JPY,-1,1,0.17505451579375755,0.004913905145339339,2006-04-01 22:00:00+00:00,2006-05-01 21:00:00+00:00,117.705,113.348,-435.69999999999993,3.900000000001569,47.23166879041097,-392.3683312095905,False,momentum_spread1.5x
2006-03-30 22:00:00+00:00,2006-04-01 22:00:00+00:00,2006-05-01 21:00:00+00:00,AUD,AUD_USD,1,1,0.18302447530482274,0.004699924884041809,2006-04-01 22:00:00+00:00,2006-05-01 21:00:00+00:00,0.7167,0.75965,429.5000000000004,2.700000000001035,-2.2481677540202494,424.55183224597914,False,momentum_spread1.5x
2006-03-30 22:00:00+00:00,2006-04-01 22:00:00+00:00,2006-05-01 21:00:00+00:00,NZD,NZD_USD,1,1,0.1265355109877653,0.006798101806828003,2006-04-01 22:00:00+00:00,2006-05-01 21:00:00+00:00,0.6153,0.63685,215.50000000000068,3.300000000001635,5.853920383561645,218.0539203835607,False,momentum_spread1.5x
2006-03-30 22:00:00+00:00,2006-04-01 22:00:00+00:00,2006-05-01 21:00:00+00:00,CAD,CAD_JPY,1,1,0.14951757292034693,0.005753178499841556,2006-04-01 22:00:00+00:00,2006-05-01 21:00:00+00:00,100.82,101.81,99.00000000000091,5.550000000000921,21.498690521571742,114.94869052157173,False,momentum_spread1.5x
2006-03-30 22:00:00+00:00,2006-04-01 22:00:00+00:00,2006-05-01 21:00:00+00:00,CHF,CHF_JPY,-1,-1,0.17420197399749213,0.004937953721960784,2006-04-01 22:00:00+00:00,2006-05-01 21:00:00+00:00,90.285,91.4,-111.50000000000091,7.949999999999591,-32.5090408957409,-151.9590408957414,False,momentum_spread1.5x
2006-04-30 21:00:00+00:00,2006-05-01 21:00:00+00:00,2006-06-01 21:00:00+00:00,EUR,EUR_USD,1,1,0.18876618646299276,0.004618410413798985,2006-05-01 21:00:00+00:00,2006-06-01 21:00:00+00:00,1.2587,1.2804,217.0000000000005,2.849999999998687,-46.933641616438365,167.21635838356346,False,momentum_spread1.5x
2006-04-30 21:00:00+00:00,2006-05-01 21:00:00+00:00,2006-06-01 21:00:00+00:00,JPY,USD_JPY,-1,1,0.1919667691530889,0.0045414095636446715,2006-05-01 21:00:00+00:00,2006-06-01 21:00:00+00:00,113.348,112.718,-62.999999999999545,3.900000000001569,55.98930633561645,-10.910693664384667,False,momentum_spread1.5x
2006-04-30 21:00:00+00:00,2006-05-01 21:00:00+00:00,2006-06-01 21:00:00+00:00,AUD,AUD_USD,-1,-1,0.1600756003048767,0.00544617493030415,2006-05-01 21:00:00+00:00,2006-06-01 21:00:00+00:00,0.75965,0.7465,131.49999999999994,2.700000000001035,-10.717611939845163,118.08238806015373,False,momentum_spread1.5x
2006-04-30 21:00:00+00:00,2006-05-01 21:00:00+00:00,2006-06-01 21:00:00+00:00,NZD,NZD_USD,-1,-1,0.11399465243937312,0.007647724719345625,2006-05-01 21:00:00+00:00,2006-06-01 21:00:00+00:00,0.63685,0.62835,85.00000000000063,3.300000000001635,-17.071069479452056,64.62893052054693,False,momentum_spread1.5x
2006-04-30 21:00:00+00:00,2006-05-01 21:00:00+00:00,2006-06-01 21:00:00+00:00,CAD,CAD_JPY,1,1,0.17228347610777375,0.00506026312580577,2006-05-01 21:00:00+00:00,2006-06-01 21:00:00+00:00,101.81,102.195,38.49999999999909,5.550000000000921,26.72220737207968,59.67220737207785,False,momentum_spread1.5x
2006-04-30 21:00:00+00:00,2006-05-01 21:00:00+00:00,2006-06-01 21:00:00+00:00,CHF,CHF_JPY,1,1,0.1729133155318947,0.005041831039165976,2006-05-01 21:00:00+00:00,2006-06-01 21:00:00+00:00,91.4,92.255,85.49999999999898,7.949999999999591,-4.390752288173026,73.15924771182637,False,momentum_spread1.5x
2006-05-31 21:00:00+00:00,2006-06-01 21:00:00+00:00,2006-07-01 21:00:00+00:00,EUR,EUR_USD,1,1,0.18317522480623225,0.004801055292950346,2006-06-01 21:00:00+00:00,2006-07-01 21:00:00+00:00,1.2804,1.2789,-15.000000000000568,2.849999999998687,-40.530321232876716,-58.38032123287597,False,momentum_spread1.5x
2006-05-31 21:00:00+00:00,2006-06-01 21:00:00+00:00,2006-07-01 21:00:00+00:00,GBP,GBP_USD,-1,-1,0.1738714889965173,0.005057956239225317,2006-06-01 21:00:00+00:00,2006-07-01 21:00:00+00:00,1.8657,1.84905,166.4999999999983,4.350000000001852,-5.395229628493148,156.7547703715033,False,momentum_spread1.5x
2006-05-31 21:00:00+00:00,2006-06-01 21:00:00+00:00,2006-07-01 21:00:00+00:00,JPY,USD_JPY,-1,1,0.1782686113237497,0.004933198144435026,2006-06-01 21:00:00+00:00,2006-07-01 21:00:00+00:00,112.718,114.405,168.69999999999976,3.900000000001569,49.76733513561645,214.56733513561466,False,momentum_spread1.5x
2006-05-31 21:00:00+00:00,2006-06-01 21:00:00+00:00,2006-07-01 21:00:00+00:00,NZD,NZD_USD,-1,-1,0.11170589830586974,0.007872765860449821,2006-06-01 21:00:00+00:00,2006-07-01 21:00:00+00:00,0.62835,0.6095,188.4999999999992,3.300000000001635,-14.6066721369863,170.59332786301127,False,momentum_spread1.5x
2006-05-31 21:00:00+00:00,2006-06-01 21:00:00+00:00,2006-07-01 21:00:00+00:00,CAD,CAD_JPY,1,1,0.16612285952362424,0.005293879392127048,2006-06-01 21:00:00+00:00,2006-07-01 21:00:00+00:00,102.195,102.48,28.50000000000108,5.550000000000921,25.164289051681205,48.11428905168137,False,momentum_spread1.5x
2006-05-31 21:00:00+00:00,2006-06-01 21:00:00+00:00,2006-07-01 21:00:00+00:00,CHF,CHF_JPY,1,1,0.18685591704400673,0.004706483993151867,2006-06-01 21:00:00+00:00,2006-07-01 21:00:00+00:00,92.255,93.495,124.00000000000091,7.949999999999591,-3.0098594266559955,113.04014057334533,False,momentum_spread1.5x
2006-06-29 21:00:00+00:00,2006-07-01 21:00:00+00:00,2006-08-01 21:00:00+00:00,EUR,EUR_USD,1,1,0.1842183660402928,0.004866176704379014,2006-07-01 21:00:00+00:00,2006-08-01 21:00:00+00:00,1.2789,1.2825,36.000000000000476,2.849999999998687,-43.27415342465754,-10.124153424655752,False,momentum_spread1.5x
2006-06-29 21:00:00+00:00,2006-07-01 21:00:00+00:00,2006-08-01 21:00:00+00:00,JPY,USD_JPY,-1,1,0.16804854247937567,0.005334405809881139,2006-07-01 21:00:00+00:00,2006-08-01 21:00:00+00:00,114.405,114.565,15.999999999999659,3.900000000001569,53.25476419863014,65.35476419862823,False,momentum_spread1.5x
2006-06-29 21:00:00+00:00,2006-07-01 21:00:00+00:00,2006-08-01 21:00:00+00:00,AUD,AUD_USD,-1,-1,0.14626524769494217,0.006128859284562902,2006-07-01 21:00:00+00:00,2006-08-01 21:00:00+00:00,0.7431,0.76595,-228.50000000000037,2.700000000001035,-8.110347444907683,-239.3103474449091,False,momentum_spread1.5x
2006-06-29 21:00:00+00:00,2006-07-01 21:00:00+00:00,2006-08-01 21:00:00+00:00,NZD,NZD_USD,-1,-1,0.12112783700357921,0.0074007688366263,2006-07-01 21:00:00+00:00,2006-08-01 21:00:00+00:00,0.6095,0.62045,-109.49999999999903,3.300000000001635,-15.330207945205478,-128.13020794520614,False,momentum_spread1.5x
2006-06-29 21:00:00+00:00,2006-07-01 21:00:00+00:00,2006-08-01 21:00:00+00:00,CAD,CAD_JPY,1,1,0.1675925423760184,0.005348920116819677,2006-07-01 21:00:00+00:00,2006-08-01 21:00:00+00:00,102.48,101.34,-114.00000000000006,5.550000000000921,24.955936838226638,-94.59406316177434,False,momentum_spread1.5x
2006-06-29 21:00:00+00:00,2006-07-01 21:00:00+00:00,2006-08-01 21:00:00+00:00,CHF,CHF_JPY,1,1,0.21274746440579176,0.00421363010763871,2006-07-01 21:00:00+00:00,2006-08-01 21:00:00+00:00,93.495,93.455,-4.000000000000625,7.949999999999591,-4.172656042571503,-16.12265604257172,False,momentum_spread1.5x
2006-07-31 21:00:00+00:00,2006-08-01 21:00:00+00:00,2006-09-02 21:00:00+00:00,EUR,EUR_USD,1,1,0.169812210039749,0.004661990964216445,2006-08-01 21:00:00+00:00,2006-09-02 21:00:00+00:00,1.2825,1.28425,17.499999999999183,2.849999999998687,-45.47862660273973,-30.828626602739234,False,momentum_spread1.5x
2006-07-31 21:00:00+00:00,2006-08-01 21:00:00+00:00,2006-09-02 21:00:00+00:00,JPY,USD_JPY,-1,1,0.15096882363321312,0.005243883934224213,2006-08-01 21:00:00+00:00,2006-09-02 21:00:00+00:00,114.565,117.1,253.49999999999966,3.900000000001569,57.11020226027396,306.71020226027207,False,momentum_spread1.5x
2006-07-31 21:00:00+00:00,2006-08-01 21:00:00+00:00,2006-09-02 21:00:00+00:00,AUD,AUD_USD,-1,-1,0.14733566400687495,0.005373193205835042,2006-08-01 21:00:00+00:00,2006-09-02 21:00:00+00:00,0.76595,0.7669,-9.500000000000064,2.700000000001035,-10.429306661703404,-22.629306661704504,False,momentum_spread1.5x
2006-07-31 21:00:00+00:00,2006-08-01 21:00:00+00:00,2006-09-02 21:00:00+00:00,NZD,NZD_USD,-1,-1,0.12026582995264806,0.006582609450503391,2006-08-01 21:00:00+00:00,2006-09-02 21:00:00+00:00,0.62045,0.6553,-348.50000000000045,3.300000000001635,-14.01596687671233,-365.81596687671447,False,momentum_spread1.5x
2006-07-31 21:00:00+00:00,2006-08-01 21:00:00+00:00,2006-09-02 21:00:00+00:00,CAD,CAD_JPY,1,1,0.15763253274754782,0.00502220560071062,2006-08-01 21:00:00+00:00,2006-09-02 21:00:00+00:00,101.34,106.05,470.9999999999994,5.550000000000921,26.313162756650026,491.76316275664846,False,momentum_spread1.5x
2006-07-31 21:00:00+00:00,2006-08-01 21:00:00+00:00,2006-09-02 21:00:00+00:00,CHF,CHF_JPY,1,1,0.253984939619967,0.003116968234429513,2006-08-01 21:00:00+00:00,2006-09-02 21:00:00+00:00,93.455,95.185,173.0000000000004,7.949999999999591,-4.5227243553590935,160.52727564464172,False,momentum_spread1.5x
2006-08-31 21:00:00+00:00,2006-09-02 21:00:00+00:00,2006-10-01 21:00:00+00:00,EUR,EUR_USD,1,1,0.19187678727888619,0.004046828445724109,2006-09-02 21:00:00+00:00,2006-10-01 21:00:00+00:00,1.28425,1.26845,-157.99999999999812,2.849999999998687,-38.20982315068493,-199.05982315068175,False,momentum_spread1.5x
2006-08-31 21:00:00+00:00,2006-09-02 21:00:00+00:00,2006-10-01 21:00:00+00:00,GBP,GBP_USD,1,1,0.1829189807616973,0.004245007475992594,2006-09-02 21:00:00+00:00,2006-10-01 21:00:00+00:00,1.90558,1.8763,-292.7999999999997,4.350000000001852,-16.16072524712329,-313.3107252471249,False,momentum_spread1.5x
2006-08-31 21:00:00+00:00,2006-09-02 21:00:00+00:00,2006-10-01 21:00:00+00:00,JPY,USD_JPY,-1,1,0.1703813620116663,0.004557378997716797,2006-09-02 21:00:00+00:00,2006-10-01 21:00:00+00:00,117.1,118.155,105.50000000000068,3.900000000001569,48.448451257534245,150.04845125753337,False,momentum_spread1.5x
2006-08-31 21:00:00+00:00,2006-09-02 21:00:00+00:00,2006-10-01 21:00:00+00:00,AUD,AUD_USD,-1,-1,0.17571974952201908,0.004418925265637542,2006-09-02 21:00:00+00:00,2006-10-01 21:00:00+00:00,0.7669,0.7452,217.0000000000005,2.700000000001035,-8.852165712328766,205.4478342876707,False,momentum_spread1.5x
2006-08-31 21:00:00+00:00,2006-09-02 21:00:00+00:00,2006-10-01 21:00:00+00:00,NZD,NZD_USD,-1,-1,0.12966926295882011,0.005988253677981852,2006-09-02 21:00:00+00:00,2006-10-01 21:00:00+00:00,0.6553,0.653,22.999999999999687,3.300000000001635,-13.372129397260274,6.327870602737779,False,momentum_spread1.5x
2006-08-31 21:00:00+00:00,2006-09-02 21:00:00+00:00,2006-10-01 21:00:00+00:00,CAD,CAD_JPY,1,1,0.149433857466911,0.00519622831128674,2006-09-02 21:00:00+00:00,2006-10-01 21:00:00+00:00,106.05,105.71,-34.00000000000034,5.550000000000921,22.398213818630133,-17.15178618137113,False,momentum_spread1.5x
2006-09-30 21:00:00+00:00,2006-10-01 21:00:00+00:00,2006-11-01 22:00:00+00:00,EUR,EUR_USD,1,1,0.2265519624392043,0.002977765688358385,2006-10-01 21:00:00+00:00,2006-11-01 22:00:00+00:00,1.26845,1.2757,72.49999999999979,2.849999999998687,-43.07659750684931,26.57340249315179,False,momentum_spread1.5x
2006-09-30 21:00:00+00:00,2006-10-01 21:00:00+00:00,2006-11-01 22:00:00+00:00,GBP,GBP_USD,1,1,0.19957176331538262,0.0033803312110622713,2006-10-01 21:00:00+00:00,2006-11-01 22:00:00+00:00,1.8763,1.90885,325.4999999999986,4.350000000001852,-18.330432532602746,302.819567467394,False,momentum_spread1.5x
2006-09-30 21:00:00+00:00,2006-10-01 21:00:00+00:00,2006-11-01 22:00:00+00:00,JPY,USD_JPY,-1,1,0.1738330280764794,0.0038808428285844253,2006-10-01 21:00:00+00:00,2006-11-01 22:00:00+00:00,118.155,117.04,-111.49999999999949,3.900000000001569,57.092445493150684,-58.30755450685037,False,momentum_spread1.5x
2006-09-30 21:00:00+00:00,2006-10-01 21:00:00+00:00,2006-11-01 22:00:00+00:00,AUD,AUD_USD,-1,-1,0.1595947295102234,0.0042270735534440385,2006-10-01 21:00:00+00:00,2006-11-01 22:00:00+00:00,0.7452,0.7749,-297.00000000000057,2.700000000001035,-10.588956707970109,-310.2889567079717,False,momentum_spread1.5x
2006-09-30 21:00:00+00:00,2006-10-01 21:00:00+00:00,2006-11-01 22:00:00+00:00,NZD,NZD_USD,-1,-1,0.10422401620438654,0.00647277551710128,2006-10-01 21:00:00+00:00,2006-11-01 22:00:00+00:00,0.653,0.67285,-198.49999999999923,3.300000000001635,-16.711645643835613,-218.5116456438365,False,momentum_spread1.5x
2006-09-30 21:00:00+00:00,2006-10-01 21:00:00+00:00,2006-11-01 22:00:00+00:00,CAD,CAD_JPY,1,1,0.1362245004543237,0.004952256445292828,2006-10-01 21:00:00+00:00,2006-11-01 22:00:00+00:00,105.71,103.385,-232.49999999999886,5.550000000000921,26.424429851859124,-211.62557014814067,False,momentum_spread1.5x
2006-10-31 22:00:00+00:00,2006-11-01 22:00:00+00:00,2006-12-02 22:00:00+00:00,EUR,EUR_USD,1,1,0.21893184268079088,0.002989361034069712,2006-11-01 22:00:00+00:00,2006-12-02 22:00:00+00:00,1.2757,1.33335,576.4999999999998,2.849999999998687,-38.61120660273972,535.0387933972614,False,momentum_spread1.5x
2006-10-31 22:00:00+00:00,2006-11-01 22:00:00+00:00,2006-12-02 22:00:00+00:00,GBP,GBP_USD,1,1,0.19903076478677859,0.0032882671195489073,2006-11-01 22:00:00+00:00,2006-12-02 22:00:00+00:00,1.90885,1.9805,716.4999999999999,4.350000000001852,-15.024586012054794,697.1254139879433,False,momentum_spread1.5x
2006-10-31 22:00:00+00:00,2006-11-01 22:00:00+00:00,2006-12-02 22:00:00+00:00,JPY,USD_JPY,-1,1,0.1731258937048423,0.0037802913568944145,2006-11-01 22:00:00+00:00,2006-12-02 22:00:00+00:00,117.04,115.385,-165.5000000000001,3.900000000001569,51.9971411671233,-117.40285883287838,False,momentum_spread1.5x
2006-10-31 22:00:00+00:00,2006-11-01 22:00:00+00:00,2006-12-02 22:00:00+00:00,AUD,AUD_USD,-1,-1,0.16396435757677422,0.003991515773911968,2006-11-01 22:00:00+00:00,2006-12-02 22:00:00+00:00,0.7749,0.7889,-140.0000000000001,2.700000000001035,-10.58566355603986,-153.28566355604102,False,momentum_spread1.5x
2006-10-31 22:00:00+00:00,2006-11-01 22:00:00+00:00,2006-12-02 22:00:00+00:00,NZD,NZD_USD,-1,-1,0.10038341225504718,0.006519665997846478,2006-11-01 22:00:00+00:00,2006-12-02 22:00:00+00:00,0.67285,0.6878,-149.50000000000017,3.300000000001635,-14.048783835616437,-166.84878383561824,False,momentum_spread1.5x
2006-10-31 22:00:00+00:00,2006-11-01 22:00:00+00:00,2006-12-02 22:00:00+00:00,CAD,CAD_JPY,1,1,0.14456372899576678,0.004527182054401772,2006-11-01 22:00:00+00:00,2006-12-02 22:00:00+00:00,103.385,100.79,-259.4999999999999,5.550000000000921,24.092686001396647,-240.95731399860415,False,momentum_spread1.5x
2006-11-30 22:00:00+00:00,2006-12-02 22:00:00+00:00,2007-01-01 22:00:00+00:00,EUR,EUR_USD,1,1,0.17521507802545064,0.003442217913420714,2006-12-02 22:00:00+00:00,2007-01-01 22:00:00+00:00,1.33335,1.31985,-135.00000000000068,2.849999999998687,-35.52557131506849,-173.37557131506787,False,momentum_spread1.5x
2006-11-30 22:00:00+00:00,2006-12-02 22:00:00+00:00,2007-01-01 22:00:00+00:00,GBP,GBP_USD,1,1,0.16018812790001766,0.003765125968992287,2006-12-02 22:00:00+00:00,2007-01-01 22:00:00+00:00,1.9805,1.9591,-213.99999999999864,4.350000000001852,-13.3012506071233,-231.65125060712379,False,momentum_spread1.5x
2006-11-30 22:00:00+00:00,2006-12-02 22:00:00+00:00,2007-01-01 22:00:00+00:00,JPY,USD_JPY,-1,1,0.16307786679513414,0.003698407957704597,2006-12-02 22:00:00+00:00,2007-01-01 22:00:00+00:00,115.385,119.04,365.5000000000001,3.900000000001569,49.956888624657545,411.5568886246561,False,momentum_spread1.5x
2006-11-30 22:00:00+00:00,2006-12-02 22:00:00+00:00,2007-01-01 22:00:00+00:00,NZD,NZD_USD,-1,-1,0.10234506510114527,0.0058930880515299525,2006-12-02 22:00:00+00:00,2007-01-01 22:00:00+00:00,0.6878,0.7046,-168.00000000000037,3.300000000001635,-14.373827999999996,-185.673828000002,False,momentum_spread1.5x
2006-11-30 22:00:00+00:00,2006-12-02 22:00:00+00:00,2007-01-01 22:00:00+00:00,CAD,CAD_JPY,-1,-1,0.14870469264746267,0.004055880615082294,2006-12-02 22:00:00+00:00,2007-01-01 22:00:00+00:00,100.79,102.08,-128.9999999999992,5.550000000000921,-43.72511756263026,-178.27511756263038,False,momentum_spread1.5x
2006-11-30 22:00:00+00:00,2006-12-02 22:00:00+00:00,2007-01-01 22:00:00+00:00,CHF,CHF_JPY,1,1,0.2504691695307896,0.002407994889792107,2006-12-02 22:00:00+00:00,2007-01-01 22:00:00+00:00,96.715,97.675,95.99999999999937,7.949999999999591,2.1277039335493484,90.17770393354914,False,momentum_spread1.5x
2006-12-31 22:00:00+00:00,2007-01-01 22:00:00+00:00,2007-02-01 22:00:00+00:00,EUR,EUR_USD,1,1,0.16817754739715884,0.0035770693233775,2007-01-01 22:00:00+00:00,2007-02-01 22:00:00+00:00,1.31985,1.30231,-175.39999999999887,2.849999999998687,-39.9878264109589,-218.23782641095647,False,momentum_spread1.5x
2006-12-31 22:00:00+00:00,2007-01-01 22:00:00+00:00,2007-02-01 22:00:00+00:00,GBP,GBP_USD,1,1,0.15542146430764447,0.003870654213400391,2007-01-01 22:00:00+00:00,2007-02-01 22:00:00+00:00,1.9591,1.9669,78.00000000000028,4.350000000001852,-13.905958035068496,59.744041964929934,False,momentum_spread1.5x
2006-12-31 22:00:00+00:00,2007-01-01 22:00:00+00:00,2007-02-01 22:00:00+00:00,JPY,USD_JPY,-1,1,0.17256521857649534,0.0034861181797684834,2007-01-01 22:00:00+00:00,2007-02-01 22:00:00+00:00,119.04,120.803,176.2999999999991,3.900000000001569,57.1545941780822,229.55459417807972,False,momentum_spread1.5x
2006-12-31 22:00:00+00:00,2007-01-01 22:00:00+00:00,2007-02-01 22:00:00+00:00,NZD,NZD_USD,-1,-1,0.12610668692638752,0.004770427011744472,2007-01-01 22:00:00+00:00,2007-02-01 22:00:00+00:00,0.7046,0.68215,224.4999999999997,3.300000000001635,-16.402228602739722,204.79777139725834,False,momentum_spread1.5x
2006-12-31 22:00:00+00:00,2007-01-01 22:00:00+00:00,2007-02-01 22:00:00+00:00,CAD,CAD_JPY,-1,-1,0.15595782792108473,0.003857342421950412,2007-01-01 22:00:00+00:00,2007-02-01 22:00:00+00:00,102.08,102.485,-40.500000000000114,5.550000000000921,-49.50728087720178,-95.55728087720281,False,momentum_spread1.5x
2006-12-31 22:00:00+00:00,2007-01-01 22:00:00+00:00,2007-02-01 22:00:00+00:00,CHF,CHF_JPY,1,1,0.22177125487122906,0.002712627233969299,2007-01-01 22:00:00+00:00,2007-02-01 22:00:00+00:00,97.675,97.155,-51.9999999999996,7.949999999999591,4.690839983431339,-55.259160016567854,False,momentum_spread1.5x
2007-01-31 22:00:00+00:00,2007-02-01 22:00:00+00:00,2007-03-01 22:00:00+00:00,EUR,EUR_USD,1,1,0.16452337134773573,0.0038245909668836106,2007-02-01 22:00:00+00:00,2007-03-01 22:00:00+00:00,1.30231,1.31869,163.7999999999984,2.849999999998687,-33.995296904109594,126.95470309589011,False,momentum_spread1.5x
2007-01-31 22:00:00+00:00,2007-02-01 22:00:00+00:00,2007-03-01 22:00:00+00:00,GBP,GBP_USD,1,1,0.14243630928120762,0.004417655884747121,2007-02-01 22:00:00+00:00,2007-03-01 22:00:00+00:00,1.9669,1.9584,-85.00000000000173,4.350000000001852,-10.933155819178086,-100.28315581918167,False,momentum_spread1.5x
2007-01-31 22:00:00+00:00,2007-02-01 22:00:00+00:00,2007-03-01 22:00:00+00:00,JPY,USD_JPY,-1,1,0.20549123203714367,0.003062099504975717,2007-02-01 22:00:00+00:00,2007-03-01 22:00:00+00:00,120.803,117.614,-318.8999999999993,3.900000000001569,47.436315531506864,-275.363684468494,False,momentum_spread1.5x
2007-01-31 22:00:00+00:00,2007-02-01 22:00:00+00:00,2007-03-01 22:00:00+00:00,NZD,NZD_USD,-1,-1,0.11681577948187645,0.005386554818952447,2007-02-01 22:00:00+00:00,2007-03-01 22:00:00+00:00,0.68215,0.69315,-110.0000000000001,3.300000000001635,-14.123794027397256,-127.42379402739898,False,momentum_spread1.5x
2007-01-31 22:00:00+00:00,2007-02-01 22:00:00+00:00,2007-03-01 22:00:00+00:00,CAD,CAD_JPY,-1,-1,0.1795206818028904,0.003505081384375941,2007-02-01 22:00:00+00:00,2007-03-01 22:00:00+00:00,102.485,100.295,218.99999999999977,5.550000000000921,-41.12232892930387,172.32767107069498,False,momentum_spread1.5x
2007-01-31 22:00:00+00:00,2007-02-01 22:00:00+00:00,2007-03-01 22:00:00+00:00,CHF,CHF_JPY,1,1,0.1912126260491461,0.0032907586329370317,2007-02-01 22:00:00+00:00,2007-03-01 22:00:00+00:00,97.155,96.285,-87.00000000000045,7.949999999999591,3.486530312444535,-91.46346968755552,False,momentum_spread1.5x
2007-02-28 22:00:00+00:00,2007-03-01 22:00:00+00:00,2007-04-01 21:00:00+00:00,EUR,EUR_USD,1,1,0.23836131967001972,0.003040704920491769,2007-03-01 22:00:00+00:00,2007-04-01 21:00:00+00:00,1.31869,1.33735,186.6000000000012,2.849999999998687,-33.60332087671233,150.14667912329017,False,momentum_spread1.5x
2007-02-28 22:00:00+00:00,2007-03-01 22:00:00+00:00,2007-04-01 21:00:00+00:00,GBP,GBP_USD,1,1,0.1911496000381705,0.003791723537118616,2007-03-01 22:00:00+00:00,2007-04-01 21:00:00+00:00,1.9584,1.969,106.00000000000165,4.350000000001852,-11.342155664657534,90.30784433534225,False,momentum_spread1.5x
2007-02-28 22:00:00+00:00,2007-03-01 22:00:00+00:00,2007-04-01 21:00:00+00:00,JPY,USD_JPY,-1,1,0.15526131420936423,0.004668171471215247,2007-03-01 22:00:00+00:00,2007-04-01 21:00:00+00:00,117.614,117.535,-7.900000000000773,3.900000000001569,47.07851667397261,35.278516673970266,False,momentum_spread1.5x
2007-02-28 22:00:00+00:00,2007-03-01 22:00:00+00:00,2007-04-01 21:00:00+00:00,AUD,AUD_USD,-1,-1,0.1527573185903864,0.004744692066237631,2007-03-01 22:00:00+00:00,2007-04-01 21:00:00+00:00,0.7845,0.81,-255.00000000000077,2.700000000001035,-10.510874342465753,-268.21087434246755,False,momentum_spread1.5x
2007-02-28 22:00:00+00:00,2007-03-01 22:00:00+00:00,2007-04-01 21:00:00+00:00,NZD,NZD_USD,1,1,0.1294842049283101,0.005597489191649468,2007-03-01 22:00:00+00:00,2007-04-01 21:00:00+00:00,0.69315,0.71575,225.99999999999952,3.300000000001635,5.478869424657532,228.17886942465543,False,momentum_spread1.5x
2007-02-28 22:00:00+00:00,2007-03-01 22:00:00+00:00,2007-04-01 21:00:00+00:00,CAD,CAD_JPY,-1,-1,0.13298624256374914,0.0054500858404816,2007-03-01 22:00:00+00:00,2007-04-01 21:00:00+00:00,100.295,102.025,-173.0000000000004,5.550000000000921,-41.21868115270236,-219.76868115270366,False,momentum_spread1.5x
2007-03-31 21:00:00+00:00,2007-04-01 21:00:00+00:00,2007-05-01 21:00:00+00:00,GBP,GBP_USD,1,1,0.24910653291095664,0.0033830118584862214,2007-04-01 21:00:00+00:00,2007-05-01 21:00:00+00:00,1.969,1.99885,298.4999999999993,4.350000000001852,-11.522444529315072,282.6275554706824,False,momentum_spread1.5x
2007-03-31 21:00:00+00:00,2007-04-01 21:00:00+00:00,2007-05-01 21:00:00+00:00,JPY,USD_JPY,-1,1,0.14099356713842798,0.00597708372068322,2007-04-01 21:00:00+00:00,2007-05-01 21:00:00+00:00,117.535,119.852,231.70000000000073,3.900000000001569,48.3427984931507,276.1427984931499,False,momentum_spread1.5x
2007-03-31 21:00:00+00:00,2007-04-01 21:00:00+00:00,2007-05-01 21:00:00+00:00,AUD,AUD_USD,1,1,0.17649136306159058,0.004774909889330194,2007-04-01 21:00:00+00:00,2007-05-01 21:00:00+00:00,0.81,0.82738,173.7999999999995,2.700000000001035,-0.768344342465754,170.3316556575327,False,momentum_spread1.5x
2007-03-31 21:00:00+00:00,2007-04-01 21:00:00+00:00,2007-05-01 21:00:00+00:00,NZD,NZD_USD,1,1,0.13324551873689738,0.006324643131362524,2007-04-01 21:00:00+00:00,2007-05-01 21:00:00+00:00,0.71575,0.7407,249.50000000000026,3.300000000001635,6.911876630136987,253.1118766301356,False,momentum_spread1.5x
2007-03-31 21:00:00+00:00,2007-04-01 21:00:00+00:00,2007-05-01 21:00:00+00:00,CAD,CAD_JPY,-1,-1,0.11479621098072754,0.007341099045556788,2007-04-01 21:00:00+00:00,2007-05-01 21:00:00+00:00,102.025,107.902,-587.6999999999995,5.550000000000921,-42.80895983982067,-636.0589598398211,False,momentum_spread1.5x
2007-03-31 21:00:00+00:00,2007-04-01 21:00:00+00:00,2007-05-01 21:00:00+00:00,CHF,CHF_JPY,-1,-1,0.18536680717139983,0.004546285107478395,2007-04-01 21:00:00+00:00,2007-05-01 21:00:00+00:00,96.84,98.709,-186.89999999999998,7.949999999999591,-42.538887044155715,-237.3888870441553,False,momentum_spread1.5x
2007-04-30 21:00:00+00:00,2007-05-01 21:00:00+00:00,2007-06-02 21:00:00+00:00,GBP,GBP_USD,1,1,0.2517664273848437,0.0032367436623696234,2007-05-01 21:00:00+00:00,2007-06-02 21:00:00+00:00,1.99885,1.9824,-164.50000000000074,4.350000000001852,-10.575735255890415,-179.425735255893,False,momentum_spread1.5x
2007-04-30 21:00:00+00:00,2007-05-01 21:00:00+00:00,2007-06-02 21:00:00+00:00,JPY,USD_JPY,-1,1,0.14348456108313004,0.005679380290700459,2007-05-01 21:00:00+00:00,2007-06-02 21:00:00+00:00,119.852,122.086,223.39999999999947,3.900000000001569,53.19883038219179,272.69883038218967,False,momentum_spread1.5x
2007-04-30 21:00:00+00:00,2007-05-01 21:00:00+00:00,2007-06-02 21:00:00+00:00,AUD,AUD_USD,1,1,0.17325549272703147,0.004703477941211574,2007-05-01 21:00:00+00:00,2007-06-02 21:00:00+00:00,0.82738,0.83305,56.69999999999953,2.700000000001035,-0.9132430273972603,53.086756972601236,False,momentum_spread1.5x
2007-04-30 21:00:00+00:00,2007-05-01 21:00:00+00:00,2007-06-02 21:00:00+00:00,NZD,NZD_USD,1,1,0.13135740783988512,0.006203710941286549,2007-05-01 21:00:00+00:00,2007-06-02 21:00:00+00:00,0.7407,0.74505,43.499999999999645,3.300000000001635,6.685283342465752,46.885283342463765,False,momentum_spread1.5x
2007-04-30 21:00:00+00:00,2007-05-01 21:00:00+00:00,2007-06-02 21:00:00+00:00,CAD,CAD_JPY,-1,-1,0.11000097704372869,0.007408146819563123,2007-05-01 21:00:00+00:00,2007-06-02 21:00:00+00:00,107.902,115.087,-718.5000000000002,5.550000000000921,-46.85796691742389,-770.907966917425,False,momentum_spread1.5x
2007-04-30 21:00:00+00:00,2007-05-01 21:00:00+00:00,2007-06-02 21:00:00+00:00,CHF,CHF_JPY,-1,-1,0.19013513392138104,0.0042859169235512735,2007-05-01 21:00:00+00:00,2007-06-02 21:00:00+00:00,98.709,99.241,-53.19999999999965,7.949999999999591,-48.32872796291173,-109.47872796291097,False,momentum_spread1.5x
2007-05-31 21:00:00+00:00,2007-06-02 21:00:00+00:00,2007-07-01 21:00:00+00:00,GBP,GBP_USD,1,1,0.21774691992864847,0.002656991971818619,2007-06-02 21:00:00+00:00,2007-07-01 21:00:00+00:00,1.9824,2.00895,265.50000000000074,4.349999999998522,-7.778522866849316,253.37147713315287,False,momentum_spread1.5x
2007-05-31 21:00:00+00:00,2007-06-02 21:00:00+00:00,2007-07-01 21:00:00+00:00,JPY,USD_JPY,-1,1,0.19519755694067586,0.0029639296065292627,2007-06-02 21:00:00+00:00,2007-07-01 21:00:00+00:00,122.086,123.135,104.90000000000066,3.900000000001569,45.411156241095895,146.411156241095,False,momentum_spread1.5x
2007-05-31 21:00:00+00:00,2007-06-02 21:00:00+00:00,2007-07-01 21:00:00+00:00,AUD,AUD_USD,1,1,0.13546508151057926,0.004270855719327701,2007-06-02 21:00:00+00:00,2007-07-01 21:00:00+00:00,0.83305,0.8491,160.50000000000009,2.700000000001035,-0.8350739999999996,156.96492599999905,False,momentum_spread1.5x
2007-05-31 21:00:00+00:00,2007-06-02 21:00:00+00:00,2007-07-01 21:00:00+00:00,NZD,NZD_USD,1,1,0.11741140730638083,0.004927560544683197,2007-06-02 21:00:00+00:00,2007-07-01 21:00:00+00:00,0.74505,0.77229,272.40000000000043,3.300000000001635,7.254110630136983,276.3541106301358,False,momentum_spread1.5x
2007-05-31 21:00:00+00:00,2007-06-02 21:00:00+00:00,2007-07-01 21:00:00+00:00,CAD,CAD_JPY,-1,-1,0.13229260639515886,0.004373274016618228,2007-06-02 21:00:00+00:00,2007-07-01 21:00:00+00:00,115.087,115.815,-72.79999999999944,5.550000000000921,-39.9678608241096,-118.31786082410997,False,momentum_spread1.5x
2007-05-31 21:00:00+00:00,2007-06-02 21:00:00+00:00,2007-07-01 21:00:00+00:00,CHF,CHF_JPY,-1,-1,0.20188642791855674,0.002865729133471246,2007-06-02 21:00:00+00:00,2007-07-01 21:00:00+00:00,99.241,100.85,-160.89999999999947,7.949999999999591,-43.07109436190144,-211.9210943619005,False,momentum_spread1.5x
2007-06-30 21:00:00+00:00,2007-07-01 21:00:00+00:00,2007-08-01 21:00:00+00:00,GBP,GBP_USD,1,1,0.22519351187553385,0.002501015898419181,2007-07-01 21:00:00+00:00,2007-08-01 21:00:00+00:00,2.00895,2.03262,236.70000000000078,4.349999999995191,-6.371858556712334,225.97814144329325,False,momentum_spread1.5x
2007-06-30 21:00:00+00:00,2007-07-01 21:00:00+00:00,2007-08-01 21:00:00+00:00,JPY,USD_JPY,-1,1,0.23756593388956496,0.002370763114897501,2007-07-01 21:00:00+00:00,2007-08-01 21:00:00+00:00,123.135,118.934,-420.10000000000076,3.900000000001569,53.841181432876716,-370.1588185671256,False,momentum_spread1.5x
2007-06-30 21:00:00+00:00,2007-07-01 21:00:00+00:00,2007-08-01 21:00:00+00:00,AUD,AUD_USD,1,1,0.1354993182572648,0.004156571122758119,2007-07-01 21:00:00+00:00,2007-08-01 21:00:00+00:00,0.8491,0.85584,67.40000000000079,2.700000000001035,-0.9278022254047347,63.772197774595014,False,momentum_spread1.5x
2007-06-30 21:00:00+00:00,2007-07-01 21:00:00+00:00,2007-08-01 21:00:00+00:00,NZD,NZD_USD,1,1,0.10812531101304831,0.005208887245222274,2007-07-01 21:00:00+00:00,2007-08-01 21:00:00+00:00,0.77229,0.76651,-57.80000000000007,3.300000000001635,9.387212958904101,-51.7127870410976,False,momentum_spread1.5x
2007-06-30 21:00:00+00:00,2007-07-01 21:00:00+00:00,2007-08-01 21:00:00+00:00,CAD,CAD_JPY,-1,-1,0.11706261894238813,0.004811207527304181,2007-07-01 21:00:00+00:00,2007-08-01 21:00:00+00:00,115.815,112.62,319.4999999999993,5.550000000000921,-49.25360024881513,264.69639975118326,False,momentum_spread1.5x
2007-06-30 21:00:00+00:00,2007-07-01 21:00:00+00:00,2007-08-01 21:00:00+00:00,CHF,CHF_JPY,-1,-1,0.17655330602219993,0.0031900425209298554,2007-07-01 21:00:00+00:00,2007-08-01 21:00:00+00:00,100.85,98.751,209.89999999999895,7.949999999999591,-54.03555617227849,147.91444382772087,False,momentum_spread1.5x
2007-07-31 21:00:00+00:00,2007-08-01 21:00:00+00:00,2007-09-01 21:00:00+00:00,EUR,EUR_USD,-1,-1,0.21974782877349092,0.002923605580568385,2007-08-01 21:00:00+00:00,2007-09-01 21:00:00+00:00,1.36676,1.36335,34.09999999999913,2.849999999998687,10.069080191780824,41.31908019178127,False,momentum_spread1.5x
2007-07-31 21:00:00+00:00,2007-08-01 21:00:00+00:00,2007-09-01 21:00:00+00:00,GBP,GBP_USD,1,1,0.2285809580003221,0.00281062772743764,2007-08-01 21:00:00+00:00,2007-09-01 21:00:00+00:00,2.03262,2.0177,-149.20000000000044,4.349999999995191,-2.172203649315073,-155.7222036493107,False,momentum_spread1.5x
2007-07-31 21:00:00+00:00,2007-08-01 21:00:00+00:00,2007-09-01 21:00:00+00:00,JPY,USD_JPY,-1,1,0.16700613654005608,0.0038469004303076744,2007-08-01 21:00:00+00:00,2007-09-01 21:00:00+00:00,118.934,115.833,-310.0999999999999,3.900000000001569,45.577182013698625,-268.42281798630285,False,momentum_spread1.5x
2007-07-31 21:00:00+00:00,2007-08-01 21:00:00+00:00,2007-09-01 21:00:00+00:00,AUD,AUD_USD,1,1,0.12450885953693479,0.005159921799214484,2007-08-01 21:00:00+00:00,2007-09-01 21:00:00+00:00,0.85584,0.81691,-389.3000000000002,2.700000000001035,1.739997485678681,-390.26000251432254,False,momentum_spread1.5x
2007-07-31 21:00:00+00:00,2007-08-01 21:00:00+00:00,2007-09-01 21:00:00+00:00,NZD,NZD_USD,1,1,0.09095960855495375,0.007063090845777119,2007-08-01 21:00:00+00:00,2007-09-01 21:00:00+00:00,0.76651,0.7012,-653.0999999999998,3.300000000001635,10.426416657534244,-645.9735833424672,False,momentum_spread1.5x
2007-07-31 21:00:00+00:00,2007-08-01 21:00:00+00:00,2007-09-01 21:00:00+00:00,CHF,CHF_JPY,-1,-1,0.16919660859424243,0.003797097257786442,2007-08-01 21:00:00+00:00,2007-09-01 21:00:00+00:00,98.751,95.895,285.6000000000009,7.949999999999591,-49.258518708519354,228.39148129148194,False,momentum_spread1.5x
2007-08-30 21:00:00+00:00,2007-09-01 21:00:00+00:00,2007-10-01 21:00:00+00:00,EUR,EUR_USD,1,1,0.303425145806927,0.0036360153622482655,2007-09-01 21:00:00+00:00,2007-10-01 21:00:00+00:00,1.36335,1.42318,598.2999999999982,2.849999999998687,-27.940051232876716,567.5099487671229,False,momentum_spread1.5x
2007-08-30 21:00:00+00:00,2007-09-01 21:00:00+00:00,2007-10-01 21:00:00+00:00,JPY,USD_JPY,-1,1,0.17423250113505595,0.006332104999119642,2007-09-01 21:00:00+00:00,2007-10-01 21:00:00+00:00,115.833,115.749,-8.400000000000318,3.900000000001569,43.37845032465754,31.078450324655655,False,momentum_spread1.5x
2007-08-30 21:00:00+00:00,2007-09-01 21:00:00+00:00,2007-10-01 21:00:00+00:00,AUD,AUD_USD,1,1,0.13152504588486855,0.008388200772133942,2007-09-01 21:00:00+00:00,2007-10-01 21:00:00+00:00,0.81691,0.89432,774.0999999999998,2.700000000001035,2.0876850000000013,773.4876849999987,False,momentum_spread1.5x
2007-08-30 21:00:00+00:00,2007-09-01 21:00:00+00:00,2007-10-01 21:00:00+00:00,NZD,NZD_USD,1,1,0.10690473967264504,0.010320014761035988,2007-09-01 21:00:00+00:00,2007-10-01 21:00:00+00:00,0.7012,0.7668,655.9999999999999,3.300000000001635,10.88429136986302,663.5842913698613,False,momentum_spread1.5x
2007-08-30 21:00:00+00:00,2007-09-01 21:00:00+00:00,2007-10-01 21:00:00+00:00,CAD,CAD_JPY,-1,-1,0.11005829326261181,0.010024310378990741,2007-09-01 21:00:00+00:00,2007-10-01 21:00:00+00:00,109.7,116.726,-702.5999999999996,5.550000000000921,-43.17491590543551,-751.324915905436,False,momentum_spread1.5x
2007-08-30 21:00:00+00:00,2007-09-01 21:00:00+00:00,2007-10-01 21:00:00+00:00,CHF,CHF_JPY,-1,-1,0.1738542742378916,0.006345880745714509,2007-09-01 21:00:00+00:00,2007-10-01 21:00:00+00:00,95.895,99.051,-315.6000000000006,7.949999999999591,-45.386840874306664,-368.9368408743068,False,momentum_spread1.5x
2007-09-30 21:00:00+00:00,2007-10-01 21:00:00+00:00,2007-11-01 21:00:00+00:00,GBP,GBP_USD,1,1,0.2880863993484836,0.004208520835505918,2007-10-01 21:00:00+00:00,2007-11-01 21:00:00+00:00,2.04351,2.08015,366.40000000000225,4.349999999995191,-0.5192436778082181,361.53075632219884,False,momentum_spread1.5x
2007-09-30 21:00:00+00:00,2007-10-01 21:00:00+00:00,2007-11-01 21:00:00+00:00,JPY,USD_JPY,-1,1,0.17942842163516087,0.006757110178170269,2007-10-01 21:00:00+00:00,2007-11-01 21:00:00+00:00,115.749,114.669,-107.99999999999983,3.900000000001569,45.55898132739726,-66.34101867260414,False,momentum_spread1.5x
2007-09-30 21:00:00+00:00,2007-10-01 21:00:00+00:00,2007-11-01 21:00:00+00:00,AUD,AUD_USD,1,1,0.13217073555673342,0.00917311694587301,2007-10-01 21:00:00+00:00,2007-11-01 21:00:00+00:00,0.89432,0.91223,179.0999999999998,2.700000000001035,4.073195092985239,180.47319509298399,False,momentum_spread1.5x
2007-09-30 21:00:00+00:00,2007-10-01 21:00:00+00:00,2007-11-01 21:00:00+00:00,NZD,NZD_USD,1,1,0.1046211322926121,0.011588649324622035,2007-10-01 21:00:00+00:00,2007-11-01 21:00:00+00:00,0.7668,0.75825,-85.50000000000057,3.300000000001635,12.945508931506849,-75.85449106849535,False,momentum_spread1.5x
2007-09-30 21:00:00+00:00,2007-10-01 21:00:00+00:00,2007-11-01 21:00:00+00:00,CAD,CAD_JPY,-1,-1,0.11267361069400929,0.010760439881318497,2007-10-01 21:00:00+00:00,2007-11-01 21:00:00+00:00,116.726,120.575,-384.9000000000004,5.550000000000921,-49.79828381631026,-440.2482838163115,False,momentum_spread1.5x
2007-09-30 21:00:00+00:00,2007-10-01 21:00:00+00:00,2007-11-01 21:00:00+00:00,CHF,CHF_JPY,-1,-1,0.18301970047300067,0.006624519715367087,2007-10-01 21:00:00+00:00,2007-11-01 21:00:00+00:00,99.051,98.998,5.299999999999727,7.949999999999591,-50.985627455834894,-53.63562745583476,False,momentum_spread1.5x
2007-10-31 21:00:00+00:00,2007-11-01 21:00:00+00:00,2007-12-01 22:00:00+00:00,GBP,GBP_USD,-1,-1,0.2584067207189222,0.003913615237546578,2007-11-01 21:00:00+00:00,2007-12-01 22:00:00+00:00,2.08015,2.05671,234.40000000000347,4.349999999995191,-23.67815782575342,206.37184217425485,False,momentum_spread1.5x
2007-10-31 21:00:00+00:00,2007-11-01 21:00:00+00:00,2007-12-01 22:00:00+00:00,JPY,USD_JPY,-1,1,0.18023751116930653,0.005610954529548767,2007-11-01 21:00:00+00:00,2007-12-01 22:00:00+00:00,114.669,111.2,-346.8999999999994,3.900000000001569,37.36600897671233,-313.4339910232886,False,momentum_spread1.5x
2007-10-31 21:00:00+00:00,2007-11-01 21:00:00+00:00,2007-12-01 22:00:00+00:00,AUD,AUD_USD,1,1,0.13043456378022064,0.0077533473519644895,2007-11-01 21:00:00+00:00,2007-12-01 22:00:00+00:00,0.91223,0.88424,-279.8999999999996,2.700000000001035,5.852868737667794,-276.7471312623328,False,momentum_spread1.5x
2007-10-31 21:00:00+00:00,2007-11-01 21:00:00+00:00,2007-12-01 22:00:00+00:00,NZD,NZD_USD,1,1,0.1058558544833671,0.009553599889450811,2007-11-01 21:00:00+00:00,2007-12-01 22:00:00+00:00,0.75825,0.76435,60.99999999999994,3.300000000001635,12.914254684931509,70.61425468492982,False,momentum_spread1.5x
2007-10-31 21:00:00+00:00,2007-11-01 21:00:00+00:00,2007-12-01 22:00:00+00:00,CAD,CAD_JPY,1,1,0.11568620743800506,0.008741789553711177,2007-11-01 21:00:00+00:00,2007-12-01 22:00:00+00:00,120.575,111.346,-922.8999999999999,5.550000000000921,23.404419964853183,-905.0455800351475,False,momentum_spread1.5x
2007-10-31 21:00:00+00:00,2007-11-01 21:00:00+00:00,2007-12-01 22:00:00+00:00,CHF,CHF_JPY,-1,-1,0.20937914241017852,0.00483001538763039,2007-11-01 21:00:00+00:00,2007-12-01 22:00:00+00:00,98.998,98.277,72.10000000000036,7.949999999999591,-42.39115215243857,21.7588478475622,False,momentum_spread1.5x
2007-11-29 22:00:00+00:00,2007-12-01 22:00:00+00:00,2008-01-01 22:00:00+00:00,GBP,GBP_USD,-1,-1,0.25316283246628146,0.004741786579049058,2007-12-01 22:00:00+00:00,2008-01-01 22:00:00+00:00,2.05671,1.98665,700.5999999999979,4.349999999998522,-25.922719315068488,670.3272806849309,False,momentum_spread1.5x
2007-11-29 22:00:00+00:00,2007-12-01 22:00:00+00:00,2008-01-01 22:00:00+00:00,JPY,USD_JPY,-1,1,0.1873075568115139,0.006408946556868797,2007-12-01 22:00:00+00:00,2008-01-01 22:00:00+00:00,111.2,111.655,45.49999999999983,3.900000000001569,34.357124787671225,75.95712478766949,False,momentum_spread1.5x
2007-11-29 22:00:00+00:00,2007-12-01 22:00:00+00:00,2008-01-01 22:00:00+00:00,AUD,AUD_USD,1,1,0.12268031334810739,0.009785140651673907,2007-12-01 22:00:00+00:00,2008-01-01 22:00:00+00:00,0.88424,0.87615,-80.90000000000042,2.700000000001035,8.173159754826491,-75.42684024517497,False,momentum_spread1.5x
2007-11-29 22:00:00+00:00,2007-12-01 22:00:00+00:00,2008-01-01 22:00:00+00:00,NZD,NZD_USD,1,1,0.12357760462995043,0.009714091197165974,2007-12-01 22:00:00+00:00,2008-01-01 22:00:00+00:00,0.76435,0.76775,34.000000000000696,3.300000000001635,17.51487978082192,48.21487978082098,False,momentum_spread1.5x
2007-11-29 22:00:00+00:00,2007-12-01 22:00:00+00:00,2008-01-01 22:00:00+00:00,CAD,CAD_JPY,1,1,0.09946008913551314,0.012069606328897095,2007-12-01 22:00:00+00:00,2008-01-01 22:00:00+00:00,111.346,112.494,114.79999999999961,5.550000000000921,22.042192410031422,131.2921924100301,False,momentum_spread1.5x
2007-11-29 22:00:00+00:00,2007-12-01 22:00:00+00:00,2008-01-01 22:00:00+00:00,CHF,CHF_JPY,-1,-1,0.2138116036086336,0.005614494728265465,2007-12-01 22:00:00+00:00,2008-01-01 22:00:00+00:00,98.277,98.532,-25.499999999999545,7.949999999999591,-44.68378706143391,-78.13378706143305,False,momentum_spread1.5x
2007-12-31 22:00:00+00:00,2008-01-01 22:00:00+00:00,2008-02-02 22:00:00+00:00,EUR,EUR_USD,1,1,0.2453247705819622,0.004609759454549588,2008-01-01 22:00:00+00:00,2008-02-02 22:00:00+00:00,1.45905,1.48085,218.0000000000004,2.849999999998687,-20.605395808219185,194.54460419178253,False,momentum_spread1.5x
2007-12-31 22:00:00+00:00,2008-01-01 22:00:00+00:00,2008-02-02 22:00:00+00:00,GBP,GBP_USD,-1,-1,0.2054423533329695,0.0055046496609807045,2008-01-01 22:00:00+00:00,2008-02-02 22:00:00+00:00,1.98665,1.9662,204.5000000000008,4.350000000001852,-30.75747855123288,169.39252144876608,False,momentum_spread1.5x
2007-12-31 22:00:00+00:00,2008-01-01 22:00:00+00:00,2008-02-02 22:00:00+00:00,JPY,USD_JPY,-1,1,0.1641555654154111,0.006889124823539122,2008-01-01 22:00:00+00:00,2008-02-02 22:00:00+00:00,111.655,106.45,-520.4999999999998,3.900000000001569,33.63708788082192,-490.7629121191794,False,momentum_spread1.5x
2007-12-31 22:00:00+00:00,2008-01-01 22:00:00+00:00,2008-02-02 22:00:00+00:00,AUD,AUD_USD,1,1,0.11482327151821586,0.009848945824941086,2008-01-01 22:00:00+00:00,2008-02-02 22:00:00+00:00,0.87615,0.90395,278.00000000000045,2.700000000001035,10.790917573819987,286.0909175738194,False,momentum_spread1.5x
2007-12-31 22:00:00+00:00,2008-01-01 22:00:00+00:00,2008-02-02 22:00:00+00:00,CAD,CAD_JPY,1,1,0.08642509304232329,0.013085183258889879,2008-01-01 22:00:00+00:00,2008-02-02 22:00:00+00:00,112.494,107.001,-549.2999999999995,5.550000000000921,22.995587631541742,-531.8544123684586,False,momentum_spread1.5x
2007-12-31 22:00:00+00:00,2008-01-01 22:00:00+00:00,2008-02-02 22:00:00+00:00,CHF,CHF_JPY,-1,-1,0.1838289461091181,0.0061518504270493424,2008-01-01 22:00:00+00:00,2008-02-02 22:00:00+00:00,98.532,97.796,73.599999999999,7.949999999999591,-48.135126260225505,17.514873739773904,False,momentum_spread1.5x
2008-01-31 22:00:00+00:00,2008-02-02 22:00:00+00:00,2008-03-01 22:00:00+00:00,GBP,GBP_USD,-1,-1,0.23405559506893306,0.004985064484517703,2008-02-02 22:00:00+00:00,2008-03-01 22:00:00+00:00,1.9662,1.98826,-220.59999999999968,4.350000000001852,-33.94790495561644,-258.89790495561795,False,momentum_spread1.5x
2008-01-31 22:00:00+00:00,2008-02-02 22:00:00+00:00,2008-03-01 22:00:00+00:00,JPY,USD_JPY,-1,1,0.180249358304747,0.006473156106376367,2008-02-02 22:00:00+00:00,2008-03-01 22:00:00+00:00,106.45,103.741,-270.9000000000003,3.900000000001569,16.94173151232877,-257.8582684876731,False,momentum_spread1.5x
2008-01-31 22:00:00+00:00,2008-02-02 22:00:00+00:00,2008-03-01 22:00:00+00:00,AUD,AUD_USD,1,1,0.15003996168325956,0.0077764764886032135,2008-02-02 22:00:00+00:00,2008-03-01 22:00:00+00:00,0.90395,0.93064,266.8999999999999,2.700000000001035,15.237157381819346,279.4371573818183,False,momentum_spread1.5x
2008-01-31 22:00:00+00:00,2008-02-02 22:00:00+00:00,2008-03-01 22:00:00+00:00,NZD,NZD_USD,1,1,0.12511166340981192,0.009325926956617298,2008-02-02 22:00:00+00:00,2008-03-01 22:00:00+00:00,0.7949,0.79639,14.899999999999913,3.300000000001635,19.690175342465746,31.290175342464025,False,momentum_spread1.5x
2008-01-31 22:00:00+00:00,2008-02-02 22:00:00+00:00,2008-03-01 22:00:00+00:00,CAD,CAD_JPY,1,1,0.11384646241981479,0.010248735090935232,2008-02-02 22:00:00+00:00,2008-03-01 22:00:00+00:00,107.001,105.052,-194.8999999999998,5.550000000000921,18.146434039232872,-182.30356596076786,False,momentum_spread1.5x
2008-01-31 22:00:00+00:00,2008-02-02 22:00:00+00:00,2008-03-01 22:00:00+00:00,CHF,CHF_JPY,-1,-1,0.19669695911343368,0.005931877338825153,2008-02-02 22:00:00+00:00,2008-03-01 22:00:00+00:00,97.796,99.584,-178.79999999999967,7.949999999999591,-42.75817468033242,-229.50817468033168,False,momentum_spread1.5x
2008-02-28 22:00:00+00:00,2008-03-01 22:00:00+00:00,2008-04-01 21:00:00+00:00,GBP,GBP_USD,-1,-1,0.24553849302041741,0.004312210539896112,2008-03-01 22:00:00+00:00,2008-04-01 21:00:00+00:00,1.98826,1.97587,123.89999999999901,4.350000000001852,-40.132058978630134,79.41794102136703,False,momentum_spread1.5x
2008-02-28 22:00:00+00:00,2008-03-01 22:00:00+00:00,2008-04-01 21:00:00+00:00,JPY,USD_JPY,-1,1,0.17866367097658278,0.0059262953221846035,2008-03-01 22:00:00+00:00,2008-04-01 21:00:00+00:00,103.741,101.84,-190.09999999999962,3.900000000001569,13.088956965753427,-180.91104303424777,False,momentum_spread1.5x
2008-02-28 22:00:00+00:00,2008-03-01 22:00:00+00:00,2008-04-01 21:00:00+00:00,AUD,AUD_USD,1,1,0.14951565508900405,0.007081624174555893,2008-03-01 22:00:00+00:00,2008-04-01 21:00:00+00:00,0.93064,0.90721,-234.3000000000006,2.700000000001035,19.9498237586944,-217.05017624130724,False,momentum_spread1.5x
2008-02-28 22:00:00+00:00,2008-03-01 22:00:00+00:00,2008-04-01 21:00:00+00:00,NZD,NZD_USD,1,1,0.13493947867328054,0.007846581948908242,2008-03-01 22:00:00+00:00,2008-04-01 21:00:00+00:00,0.79639,0.78686,-95.30000000000038,3.300000000001635,25.315939726027395,-73.28406027397462,False,momentum_spread1.5x
2008-02-28 22:00:00+00:00,2008-03-01 22:00:00+00:00,2008-04-01 21:00:00+00:00,CAD,CAD_JPY,1,1,0.10327087101303771,0.010252781516863346,2008-03-01 22:00:00+00:00,2008-04-01 21:00:00+00:00,105.052,99.715,-533.7000000000003,5.550000000000921,14.726711758240347,-524.5232882417608,False,momentum_spread1.5x
2008-02-28 22:00:00+00:00,2008-03-01 22:00:00+00:00,2008-04-01 21:00:00+00:00,CHF,CHF_JPY,-1,-1,0.18807183122767746,0.005629836592972101,2008-03-01 22:00:00+00:00,2008-04-01 21:00:00+00:00,99.584,100.602,-101.80000000000007,7.949999999999591,-43.50027611133506,-153.25027611133473,False,momentum_spread1.5x
2008-03-31 21:00:00+00:00,2008-04-01 21:00:00+00:00,2008-05-01 21:00:00+00:00,GBP,GBP_USD,-1,-1,0.22467203673011601,0.0050188012601467555,2008-04-01 21:00:00+00:00,2008-05-01 21:00:00+00:00,1.97587,1.97483,10.399999999999299,4.350000000001852,-44.073376940273945,-38.0233769402765,False,momentum_spread1.5x
2008-03-31 21:00:00+00:00,2008-04-01 21:00:00+00:00,2008-05-01 21:00:00+00:00,JPY,USD_JPY,-1,1,0.1409846025987319,0.007997925165417932,2008-04-01 21:00:00+00:00,2008-05-01 21:00:00+00:00,101.84,104.435,259.4999999999999,3.900000000001569,9.350269647945208,264.9502696479435,False,momentum_spread1.5x
2008-03-31 21:00:00+00:00,2008-04-01 21:00:00+00:00,2008-05-01 21:00:00+00:00,AUD,AUD_USD,1,1,0.14007730120428685,0.008049728909442585,2008-04-01 21:00:00+00:00,2008-05-01 21:00:00+00:00,0.90721,0.9335,262.9000000000003,2.700000000001035,23.44328303441013,283.6432830344094,False,momentum_spread1.5x
2008-03-31 21:00:00+00:00,2008-04-01 21:00:00+00:00,2008-05-01 21:00:00+00:00,NZD,NZD_USD,-1,-1,0.14341634104836654,0.007862313965188748,2008-04-01 21:00:00+00:00,2008-05-01 21:00:00+00:00,0.78686,0.77793,89.29999999999993,3.300000000001635,-33.44985739726026,52.550142602738035,False,momentum_spread1.5x
2008-03-31 21:00:00+00:00,2008-04-01 21:00:00+00:00,2008-05-01 21:00:00+00:00,CAD,CAD_JPY,1,1,0.09146908884072208,0.01232749025219155,2008-04-01 21:00:00+00:00,2008-05-01 21:00:00+00:00,99.715,102.37,265.5000000000001,5.550000000000921,13.972057398857821,273.922057398857,False,momentum_spread1.5x
2008-03-31 21:00:00+00:00,2008-04-01 21:00:00+00:00,2008-05-01 21:00:00+00:00,CHF,CHF_JPY,1,1,0.2593806295777766,0.004347218614190049,2008-04-01 21:00:00+00:00,2008-05-01 21:00:00+00:00,100.602,99.628,-97.40000000000038,7.949999999999591,2.5779622332378946,-102.77203776676207,False,momentum_spread1.5x
2008-04-30 21:00:00+00:00,2008-05-01 21:00:00+00:00,2008-06-01 21:00:00+00:00,EUR,EUR_USD,1,1,0.18476050208297984,0.005810808069240114,2008-05-01 21:00:00+00:00,2008-06-01 21:00:00+00:00,1.54763,1.5566,89.69999999999922,2.849999999998687,-0.9062485753424652,85.94375142465807,False,momentum_spread1.5x
2008-04-30 21:00:00+00:00,2008-05-01 21:00:00+00:00,2008-06-01 21:00:00+00:00,GBP,GBP_USD,-1,-1,0.19714924333049924,0.005445660344639758,2008-05-01 21:00:00+00:00,2008-06-01 21:00:00+00:00,1.97483,1.97322,16.100000000001113,4.350000000001852,-42.182014222465746,-30.432014222466485,False,momentum_spread1.5x
2008-04-30 21:00:00+00:00,2008-05-01 21:00:00+00:00,2008-06-01 21:00:00+00:00,JPY,USD_JPY,1,-1,0.12889633230807881,0.008329234797888378,2008-05-01 21:00:00+00:00,2008-06-01 21:00:00+00:00,104.435,105.145,-70.99999999999937,3.900000000001569,-31.561765723287674,-106.46176572328862,False,momentum_spread1.5x
2008-04-30 21:00:00+00:00,2008-05-01 21:00:00+00:00,2008-06-01 21:00:00+00:00,NZD,NZD_USD,-1,-1,0.14923235179497532,0.007194202888765188,2008-05-01 21:00:00+00:00,2008-06-01 21:00:00+00:00,0.77793,0.78286,-49.2999999999999,3.300000000001635,-33.79521682191781,-86.39521682191935,False,momentum_spread1.5x
2008-04-30 21:00:00+00:00,2008-05-01 21:00:00+00:00,2008-06-01 21:00:00+00:00,CAD,CAD_JPY,-1,-1,0.08935400321448433,0.012015217872259827,2008-05-01 21:00:00+00:00,2008-06-01 21:00:00+00:00,102.37,105.641,-327.1000000000001,5.550000000000921,-30.103629087201604,-362.7536290872026,False,momentum_spread1.5x
2008-04-30 21:00:00+00:00,2008-05-01 21:00:00+00:00,2008-06-01 21:00:00+00:00,CHF,CHF_JPY,1,1,0.2506075672689825,0.004284019944331161,2008-05-01 21:00:00+00:00,2008-06-01 21:00:00+00:00,99.628,100.965,133.70000000000033,7.949999999999591,0.2069932463460251,125.95699324634677,False,momentum_spread1.5x
2008-05-31 21:00:00+00:00,2008-06-01 21:00:00+00:00,2008-07-01 21:00:00+00:00,EUR,EUR_USD,1,1,0.1669107685300997,0.0056221286884867985,2008-06-01 21:00:00+00:00,2008-07-01 21:00:00+00:00,1.5566,1.5792,225.99999999999952,2.849999999998687,-0.8215817534246573,222.32841824657618,False,momentum_spread1.5x
2008-05-31 21:00:00+00:00,2008-06-01 21:00:00+00:00,2008-07-01 21:00:00+00:00,GBP,GBP_USD,-1,-1,0.19327809892343886,0.004855148231472251,2008-06-01 21:00:00+00:00,2008-07-01 21:00:00+00:00,1.97322,1.99488,-216.6000000000001,4.350000000001852,-43.777154002191786,-264.72715400219374,False,momentum_spread1.5x
2008-05-31 21:00:00+00:00,2008-06-01 21:00:00+00:00,2008-07-01 21:00:00+00:00,JPY,USD_JPY,1,-1,0.15208933834944588,0.006170017112010613,2008-06-01 21:00:00+00:00,2008-07-01 21:00:00+00:00,105.145,106.115,-96.99999999999989,3.900000000001569,-32.43539866575342,-133.33539866575487,False,momentum_spread1.5x
2008-05-31 21:00:00+00:00,2008-06-01 21:00:00+00:00,2008-07-01 21:00:00+00:00,NZD,NZD_USD,-1,-1,0.15028825158967032,0.0062439599253076355,2008-06-01 21:00:00+00:00,2008-07-01 21:00:00+00:00,0.78286,0.75772,251.4000000000005,3.300000000001635,-38.186438465753426,209.91356153424545,False,momentum_spread1.5x
2008-05-31 21:00:00+00:00,2008-06-01 21:00:00+00:00,2008-07-01 21:00:00+00:00,CAD,CAD_JPY,-1,-1,0.1124605211600127,0.008344206575703788,2008-06-01 21:00:00+00:00,2008-07-01 21:00:00+00:00,105.641,103.82,182.10000000000122,5.550000000000921,-31.064470500135243,145.48552949986504,False,momentum_spread1.5x
2008-05-31 21:00:00+00:00,2008-06-01 21:00:00+00:00,2008-07-01 21:00:00+00:00,CHF,CHF_JPY,1,1,0.2249730214473325,0.004171139339879189,2008-06-01 21:00:00+00:00,2008-07-01 21:00:00+00:00,100.965,104.086,312.0999999999995,7.949999999999591,1.8558983687305877,306.0058983687305,False,momentum_spread1.5x
2008-06-30 21:00:00+00:00,2008-07-01 21:00:00+00:00,2008-08-02 21:00:00+00:00,EUR,EUR_USD,1,1,0.16224694238454435,0.005340979097776735,2008-07-01 21:00:00+00:00,2008-08-02 21:00:00+00:00,1.5792,1.55611,-230.89999999999833,2.849999999998687,0.9438782739726047,-232.8061217260244,False,momentum_spread1.5x
2008-06-30 21:00:00+00:00,2008-07-01 21:00:00+00:00,2008-08-02 21:00:00+00:00,GBP,GBP_USD,-1,-1,0.19675648675504612,0.004404213259981952,2008-07-01 21:00:00+00:00,2008-08-02 21:00:00+00:00,1.99488,1.9754,194.79999999999941,4.350000000001852,-47.661092306849305,142.78890769314827,False,momentum_spread1.5x
2008-06-30 21:00:00+00:00,2008-07-01 21:00:00+00:00,2008-08-02 21:00:00+00:00,JPY,USD_JPY,1,-1,0.15794428482517642,0.0054864759995159225,2008-07-01 21:00:00+00:00,2008-08-02 21:00:00+00:00,106.115,107.715,-160.00000000000085,3.900000000001569,-36.033363604109596,-199.933363604112,False,momentum_spread1.5x
2008-06-30 21:00:00+00:00,2008-07-01 21:00:00+00:00,2008-08-02 21:00:00+00:00,NZD,NZD_USD,-1,-1,0.14291991417098432,0.006063238513544856,2008-07-01 21:00:00+00:00,2008-08-02 21:00:00+00:00,0.75772,0.7275,302.19999999999914,3.300000000001635,-33.618630328767125,265.2813696712303,False,momentum_spread1.5x
2008-06-30 21:00:00+00:00,2008-07-01 21:00:00+00:00,2008-08-02 21:00:00+00:00,CAD,CAD_JPY,-1,-1,0.13033927668386427,0.006648475808683963,2008-07-01 21:00:00+00:00,2008-08-02 21:00:00+00:00,103.82,104.899,-107.90000000000077,5.550000000000921,-34.26566463608589,-147.71566463608758,False,momentum_spread1.5x
2008-06-30 21:00:00+00:00,2008-07-01 21:00:00+00:00,2008-08-02 21:00:00+00:00,CHF,CHF_JPY,1,1,0.20979309518038458,0.0041305340731493225,2008-07-01 21:00:00+00:00,2008-08-02 21:00:00+00:00,104.086,102.566,-151.9999999999996,7.949999999999591,3.2450074940724996,-156.7049925059267,False,momentum_spread1.5x
2008-07-31 21:00:00+00:00,2008-08-02 21:00:00+00:00,2008-09-01 21:00:00+00:00,EUR,EUR_USD,1,1,0.15944298444657187,0.004918164181608139,2008-08-02 21:00:00+00:00,2008-09-01 21:00:00+00:00,1.55611,1.46181,-943.0000000000005,2.849999999998687,1.5177311780821947,-944.332268821917,False,momentum_spread1.5x
2008-07-31 21:00:00+00:00,2008-08-02 21:00:00+00:00,2008-09-01 21:00:00+00:00,GBP,GBP_USD,-1,-1,0.20436834253041827,0.003837026642211562,2008-08-02 21:00:00+00:00,2008-09-01 21:00:00+00:00,1.9754,1.80143,1739.6999999999996,4.350000000001852,-41.95363364273972,1693.3963663572579,False,momentum_spread1.5x
2008-07-31 21:00:00+00:00,2008-08-02 21:00:00+00:00,2008-09-01 21:00:00+00:00,JPY,USD_JPY,1,-1,0.14423368055004696,0.0054367798985878275,2008-08-02 21:00:00+00:00,2008-09-01 21:00:00+00:00,107.715,108.144,-42.900000000000205,3.900000000001569,-31.365553446575355,-78.16555344657712,False,momentum_spread1.5x
2008-07-31 21:00:00+00:00,2008-08-02 21:00:00+00:00,2008-09-01 21:00:00+00:00,NZD,NZD_USD,-1,-1,0.15110818356910535,0.005189439490252461,2008-08-02 21:00:00+00:00,2008-09-01 21:00:00+00:00,0.7275,0.69634,311.60000000000076,3.300000000001635,-31.602731424657527,276.6972685753416,False,momentum_spread1.5x
2008-07-31 21:00:00+00:00,2008-08-02 21:00:00+00:00,2008-09-01 21:00:00+00:00,CAD,CAD_JPY,-1,-1,0.13754975760113441,0.005700968062682839,2008-08-02 21:00:00+00:00,2008-09-01 21:00:00+00:00,104.899,101.372,352.7000000000001,5.550000000000921,-30.114838356892363,317.0351616431068,False,momentum_spread1.5x
2008-07-31 21:00:00+00:00,2008-08-02 21:00:00+00:00,2008-09-01 21:00:00+00:00,CHF,CHF_JPY,1,1,0.20329705130272316,0.0038572461828093887,2008-08-02 21:00:00+00:00,2008-09-01 21:00:00+00:00,102.566,98.196,-437.00000000000045,7.949999999999591,2.4440701635572597,-442.50592983644276,False,momentum_spread1.5x
2008-08-31 21:00:00+00:00,2008-09-01 21:00:00+00:00,2008-10-01 21:00:00+00:00,EUR,EUR_USD,1,1,0.16113919108091027,0.005151147418027337,2008-09-01 21:00:00+00:00,2008-10-01 21:00:00+00:00,1.46181,1.4009,-609.1000000000001,2.849999999998687,3.123264986301373,-608.8267350136974,False,momentum_spread1.5x
2008-08-31 21:00:00+00:00,2008-09-01 21:00:00+00:00,2008-10-01 21:00:00+00:00,GBP,GBP_USD,-1,-1,0.19278843299081602,0.004305505860504537,2008-09-01 21:00:00+00:00,2008-10-01 21:00:00+00:00,1.80143,1.7697,317.30000000000035,4.350000000001852,-46.274435618630136,266.67556438136836,False,momentum_spread1.5x
2008-08-31 21:00:00+00:00,2008-09-01 21:00:00+00:00,2008-10-01 21:00:00+00:00,AUD,AUD_USD,1,1,0.14224594390846976,0.005835327920587693,2008-09-01 21:00:00+00:00,2008-10-01 21:00:00+00:00,0.85036,0.7874,-629.6000000000001,2.700000000001035,24.13031078331256,-608.1696892166887,False,momentum_spread1.5x
2008-08-31 21:00:00+00:00,2008-09-01 21:00:00+00:00,2008-10-01 21:00:00+00:00,NZD,NZD_USD,-1,-1,0.13999878019652054,0.0059289925734658236,2008-09-01 21:00:00+00:00,2008-10-01 21:00:00+00:00,0.69634,0.67065,256.8999999999999,3.300000000001635,-35.18603079452056,218.4139692054777,False,momentum_spread1.5x
2008-08-31 21:00:00+00:00,2008-09-01 21:00:00+00:00,2008-10-01 21:00:00+00:00,CAD,CAD_JPY,-1,-1,0.14807514503336447,0.005605611447433777,2008-09-01 21:00:00+00:00,2008-10-01 21:00:00+00:00,101.372,99.478,189.40000000000055,5.550000000000921,-32.820321500857524,151.0296784991421,False,momentum_spread1.5x
2008-08-31 21:00:00+00:00,2008-09-01 21:00:00+00:00,2008-10-01 21:00:00+00:00,CHF,CHF_JPY,1,1,0.215752506789919,0.003847240249623966,2008-09-01 21:00:00+00:00,2008-10-01 21:00:00+00:00,98.196,93.929,-426.6999999999996,7.949999999999591,0.6813651449544151,-433.96863485504474,False,momentum_spread1.5x
2008-09-30 21:00:00+00:00,2008-10-01 21:00:00+00:00,2008-11-01 21:00:00+00:00,EUR,EUR_USD,1,1,0.17429438277024534,0.0073146079215971535,2008-10-01 21:00:00+00:00,2008-11-01 21:00:00+00:00,1.4009,1.27242,-1284.7999999999993,2.849999999998687,10.059672767123288,-1277.5903272328746,False,momentum_spread1.5x
2008-09-30 21:00:00+00:00,2008-10-01 21:00:00+00:00,2008-11-01 21:00:00+00:00,GBP,GBP_USD,-1,-1,0.19041743006261047,0.006695264569435315,2008-10-01 21:00:00+00:00,2008-11-01 21:00:00+00:00,1.7697,1.60779,1619.1,4.350000000001852,-47.48120726575342,1567.2687927342445,False,momentum_spread1.5x
2008-09-30 21:00:00+00:00,2008-10-01 21:00:00+00:00,2008-11-01 21:00:00+00:00,JPY,USD_JPY,1,-1,0.1651079148624043,0.007721586660237216,2008-10-01 21:00:00+00:00,2008-11-01 21:00:00+00:00,105.715,98.487,722.8000000000009,3.900000000001569,-19.98524139726028,698.914758602739,False,momentum_spread1.5x
2008-09-30 21:00:00+00:00,2008-10-01 21:00:00+00:00,2008-11-01 21:00:00+00:00,NZD,NZD_USD,-1,-1,0.15338191459515818,0.008311899589114711,2008-10-01 21:00:00+00:00,2008-11-01 21:00:00+00:00,0.67065,0.5819,887.4999999999999,3.300000000001635,-31.693368739726022,852.5066312602722,False,momentum_spread1.5x
2008-09-30 21:00:00+00:00,2008-10-01 21:00:00+00:00,2008-11-01 21:00:00+00:00,CAD,CAD_JPY,-1,-1,0.12450512934555837,0.010239699196349648,2008-10-01 21:00:00+00:00,2008-11-01 21:00:00+00:00,99.478,81.387,1809.0999999999995,5.550000000000921,-26.76987770211706,1776.7801222978815,False,momentum_spread1.5x
2008-09-30 21:00:00+00:00,2008-10-01 21:00:00+00:00,2008-11-01 21:00:00+00:00,CHF,CHF_JPY,1,1,0.19229322836402335,0.006629953034475375,2008-10-01 21:00:00+00:00,2008-11-01 21:00:00+00:00,93.929,85.082,-884.7000000000008,7.949999999999591,-9.946265683853087,-902.5962656838535,False,momentum_spread1.5x
2008-10-30 21:00:00+00:00,2008-11-01 21:00:00+00:00,2008-12-01 22:00:00+00:00,EUR,EUR_USD,1,1,0.2367605381553037,0.009416606432578191,2008-11-01 21:00:00+00:00,2008-12-01 22:00:00+00:00,1.27242,1.26112,-113.00000000000087,2.849999999998687,12.875628547945208,-102.97437145205434,False,momentum_spread1.5x
2008-10-30 21:00:00+00:00,2008-11-01 21:00:00+00:00,2008-12-01 22:00:00+00:00,GBP,GBP_USD,-1,-1,0.21558540278937013,0.010341520240830685,2008-11-01 21:00:00+00:00,2008-12-01 22:00:00+00:00,1.60779,1.48863,1191.6000000000015,4.350000000001852,-34.99054068054795,1152.2594593194517,False,momentum_spread1.5x
2008-10-30 21:00:00+00:00,2008-11-01 21:00:00+00:00,2008-12-01 22:00:00+00:00,JPY,USD_JPY,1,-1,0.17205519222446017,0.012957939703821121,2008-11-01 21:00:00+00:00,2008-12-01 22:00:00+00:00,98.487,93.192,529.5000000000001,3.900000000001569,-13.496918690410961,512.1030813095875,False,momentum_spread1.5x
2008-10-30 21:00:00+00:00,2008-11-01 21:00:00+00:00,2008-12-01 22:00:00+00:00,AUD,AUD_USD,-1,-1,0.0861618384510749,0.02587550180744888,2008-11-01 21:00:00+00:00,2008-12-01 22:00:00+00:00,0.66765,0.64015,274.99999999999966,2.700000000001035,-32.13506474098179,240.16493525901686,False,momentum_spread1.5x
2008-10-30 21:00:00+00:00,2008-11-01 21:00:00+00:00,2008-12-01 22:00:00+00:00,NZD,NZD_USD,-1,-1,0.12416461645028364,0.017955846603582164,2008-11-01 21:00:00+00:00,2008-12-01 22:00:00+00:00,0.5819,0.53006,518.4,3.300000000001635,-29.77123257534247,485.32876742465584,False,momentum_spread1.5x
2008-10-30 21:00:00+00:00,2008-11-01 21:00:00+00:00,2008-12-01 22:00:00+00:00,CHF,CHF_JPY,1,1,0.16527241192950745,0.013489733589202009,2008-11-01 21:00:00+00:00,2008-12-01 22:00:00+00:00,85.082,77.283,-779.8999999999992,7.949999999999591,-18.281337305304802,-806.1313373053035,False,momentum_spread1.5x
2008-11-30 22:00:00+00:00,2008-12-01 22:00:00+00:00,2009-01-01 22:00:00+00:00,EUR,EUR_USD,1,1,0.234522151136978,0.011081391952825318,2008-12-01 22:00:00+00:00,2009-01-01 22:00:00+00:00,1.26112,1.4044,1432.8000000000006,2.849999999998687,9.573622493150685,1439.5236224931525,False,momentum_spread1.5x
2008-11-30 22:00:00+00:00,2008-12-01 22:00:00+00:00,2009-01-01 22:00:00+00:00,GBP,GBP_USD,-1,-1,0.21020888810597224,0.012363092264007629,2008-12-01 22:00:00+00:00,2009-01-01 22:00:00+00:00,1.48863,1.46769,209.39999999999958,4.350000000001852,-29.273243406027394,175.77675659397033,False,momentum_spread1.5x
2008-11-30 22:00:00+00:00,2008-12-01 22:00:00+00:00,2009-01-01 22:00:00+00:00,JPY,USD_JPY,1,-1,0.17694606854742148,0.014687141114254848,2008-12-01 22:00:00+00:00,2009-01-01 22:00:00+00:00,93.192,90.775,241.69999999999874,3.900000000001569,-13.263861121917817,224.53613887807936,False,momentum_spread1.5x
2008-11-30 22:00:00+00:00,2008-12-01 22:00:00+00:00,2009-01-01 22:00:00+00:00,AUD,AUD_USD,-1,-1,0.09157000150165498,0.02838082162007632,2008-12-01 22:00:00+00:00,2009-01-01 22:00:00+00:00,0.64015,0.70545,-653.0000000000002,2.700000000001035,-32.060427795768526,-687.7604277957698,False,momentum_spread1.5x
2008-11-30 22:00:00+00:00,2008-12-01 22:00:00+00:00,2009-01-01 22:00:00+00:00,NZD,NZD_USD,-1,-1,0.1290826399327942,0.020133085903121063,2008-12-01 22:00:00+00:00,2009-01-01 22:00:00+00:00,0.53006,0.5815,-514.4000000000004,3.300000000001635,-29.896249561643835,-547.5962495616459,False,momentum_spread1.5x
2008-11-30 22:00:00+00:00,2008-12-01 22:00:00+00:00,2009-01-01 22:00:00+00:00,CHF,CHF_JPY,1,1,0.15767025077517907,0.016482702764735544,2008-12-01 22:00:00+00:00,2009-01-01 22:00:00+00:00,77.283,85.468,818.5000000000002,7.949999999999591,-29.596369073591358,780.9536309264092,False,momentum_spread1.5x
2008-12-31 22:00:00+00:00,2009-01-01 22:00:00+00:00,2009-02-01 22:00:00+00:00,EUR,EUR_USD,1,1,0.20882277073634575,0.011916490247305405,2009-01-01 22:00:00+00:00,2009-02-01 22:00:00+00:00,1.4044,1.277,-1274.0000000000018,2.849999999998687,2.9507955342465757,-1273.899204465754,False,momentum_spread1.5x
2008-12-31 22:00:00+00:00,2009-01-01 22:00:00+00:00,2009-02-01 22:00:00+00:00,GBP,GBP_USD,-1,-1,0.1902473261423362,0.013079997292751434,2009-01-01 22:00:00+00:00,2009-02-01 22:00:00+00:00,1.46769,1.44733,203.59999999999934,4.350000000001852,-22.300458678356154,176.94954132164133,False,momentum_spread1.5x
2008-12-31 22:00:00+00:00,2009-01-01 22:00:00+00:00,2009-02-01 22:00:00+00:00,JPY,USD_JPY,1,-1,0.18997339418628376,0.013098857982475441,2009-01-01 22:00:00+00:00,2009-02-01 22:00:00+00:00,90.775,90.009,76.60000000000053,3.900000000001569,-12.857231154794523,59.842768845204446,False,momentum_spread1.5x
2008-12-31 22:00:00+00:00,2009-01-01 22:00:00+00:00,2009-02-01 22:00:00+00:00,AUD,AUD_USD,-1,-1,0.11358910028586972,0.021907335339678834,2009-01-01 22:00:00+00:00,2009-02-01 22:00:00+00:00,0.70545,0.63655,689.0000000000007,2.700000000001035,-27.63561403121585,658.6643859687838,False,momentum_spread1.5x
2008-12-31 22:00:00+00:00,2009-01-01 22:00:00+00:00,2009-02-01 22:00:00+00:00,NZD,NZD_USD,-1,-1,0.13356341737245317,0.018631108426611614,2009-01-01 22:00:00+00:00,2009-02-01 22:00:00+00:00,0.5815,0.50815,733.5000000000002,3.300000000001635,-22.52806093150684,707.6719390684917,False,momentum_spread1.5x
2008-12-31 22:00:00+00:00,2009-01-01 22:00:00+00:00,2009-02-01 22:00:00+00:00,CHF,CHF_JPY,1,1,0.1638039912767114,0.015191537712236112,2009-01-01 22:00:00+00:00,2009-02-01 22:00:00+00:00,85.468,77.396,-807.2000000000003,7.949999999999591,-24.809234516746983,-839.9592345167468,False,momentum_spread1.5x
2009-01-31 22:00:00+00:00,2009-02-01 22:00:00+00:00,2009-03-01 22:00:00+00:00,EUR,EUR_USD,1,1,0.17233066040636957,0.01090858564644177,2009-02-01 22:00:00+00:00,2009-03-01 22:00:00+00:00,1.277,1.2633,-136.99999999999824,2.849999999998687,-2.8441780547945195,-142.69417805479145,False,momentum_spread1.5x
2009-01-31 22:00:00+00:00,2009-02-01 22:00:00+00:00,2009-03-01 22:00:00+00:00,GBP,GBP_USD,-1,-1,0.14971065336592684,0.012556780204251005,2009-02-01 22:00:00+00:00,2009-03-01 22:00:00+00:00,1.44733,1.42935,179.80000000000106,4.350000000001852,-16.485399390684922,158.9646006093143,False,momentum_spread1.5x
2009-01-31 22:00:00+00:00,2009-02-01 22:00:00+00:00,2009-03-01 22:00:00+00:00,JPY,USD_JPY,1,-1,0.21298599391297676,0.008826325778580772,2009-02-01 22:00:00+00:00,2009-03-01 22:00:00+00:00,90.009,97.742,-773.3000000000004,3.900000000001569,-13.298930736986303,-790.4989307369883,False,momentum_spread1.5x
2009-01-31 22:00:00+00:00,2009-02-01 22:00:00+00:00,2009-03-01 22:00:00+00:00,AUD,AUD_USD,-1,-1,0.14457819837491198,0.01300253973061655,2009-02-01 22:00:00+00:00,2009-03-01 22:00:00+00:00,0.63655,0.63936,-28.1000000000009,2.700000000001035,-21.546053136986295,-52.34605313698823,False,momentum_spread1.5x
2009-01-31 22:00:00+00:00,2009-02-01 22:00:00+00:00,2009-03-01 22:00:00+00:00,NZD,NZD_USD,-1,-1,0.1378451047373661,0.013637653452637757,2009-02-01 22:00:00+00:00,2009-03-01 22:00:00+00:00,0.50815,0.49985,82.99999999999973,3.3000000000008023,-17.114825424657536,62.585174575341384,False,momentum_spread1.5x
2009-01-31 22:00:00+00:00,2009-02-01 22:00:00+00:00,2009-03-01 22:00:00+00:00,CHF,CHF_JPY,1,1,0.18254938920244865,0.010297946088803118,2009-02-01 22:00:00+00:00,2009-03-01 22:00:00+00:00,77.396,83.457,606.0999999999992,7.949999999999591,-23.565676718256015,574.5843232817437,False,momentum_spread1.5x
2009-02-28 22:00:00+00:00,2009-03-01 22:00:00+00:00,2009-04-01 21:00:00+00:00,EUR,EUR_USD,1,1,0.19929063883049436,0.008534532212678043,2009-03-01 22:00:00+00:00,2009-04-01 21:00:00+00:00,1.2633,1.3249,615.9999999999987,2.849999999998687,-6.679271506849314,606.4707284931508,False,momentum_spread1.5x
2009-02-28 22:00:00+00:00,2009-03-01 22:00:00+00:00,2009-04-01 21:00:00+00:00,GBP,GBP_USD,-1,-1,0.15145741944720495,0.011229904635849967,2009-03-01 22:00:00+00:00,2009-04-01 21:00:00+00:00,1.42935,1.44689,-175.4000000000011,4.350000000001852,-15.27367172712328,-195.02367172712624,False,momentum_spread1.5x
2009-02-28 22:00:00+00:00,2009-03-01 22:00:00+00:00,2009-04-01 21:00:00+00:00,JPY,USD_JPY,1,-1,0.21767760912715983,0.007813630366504346,2009-03-01 22:00:00+00:00,2009-04-01 21:00:00+00:00,97.742,98.518,-77.59999999999962,3.900000000001569,-15.21266631369863,-96.71266631369983,False,momentum_spread1.5x
2009-02-28 22:00:00+00:00,2009-03-01 22:00:00+00:00,2009-04-01 21:00:00+00:00,AUD,AUD_USD,-1,-1,0.13297138352038024,0.012791115890911624,2009-03-01 22:00:00+00:00,2009-04-01 21:00:00+00:00,0.63936,0.69926,-598.9999999999995,2.700000000001035,-24.922015093465077,-626.6220150934657,False,momentum_spread1.5x
2009-02-28 22:00:00+00:00,2009-03-01 22:00:00+00:00,2009-04-01 21:00:00+00:00,NZD,NZD_USD,-1,-1,0.13170559024362108,0.012914048474616038,2009-03-01 22:00:00+00:00,2009-04-01 21:00:00+00:00,0.49985,0.5677,-678.4999999999997,3.3000000000008023,-20.14961276712329,-701.9496127671237,False,momentum_spread1.5x
2009-02-28 22:00:00+00:00,2009-03-01 22:00:00+00:00,2009-04-01 21:00:00+00:00,CHF,CHF_JPY,1,1,0.16689735883113954,0.010191008346063152,2009-03-01 22:00:00+00:00,2009-04-01 21:00:00+00:00,83.457,86.016,255.90000000000117,7.949999999999591,-27.563113921867696,220.3868860781339,False,momentum_spread1.5x
2009-03-31 21:00:00+00:00,2009-04-01 21:00:00+00:00,2009-05-02 21:00:00+00:00,EUR,EUR_USD,1,1,0.19095993576446593,0.00894135930173494,2009-04-01 21:00:00+00:00,2009-05-02 21:00:00+00:00,1.3249,1.32775,28.500000000000192,2.849999999998687,-9.153424191780823,16.496575808220683,False,momentum_spread1.5x
2009-03-31 21:00:00+00:00,2009-04-01 21:00:00+00:00,2009-05-02 21:00:00+00:00,GBP,GBP_USD,-1,-1,0.1854815201177497,0.009205452903461081,2009-04-01 21:00:00+00:00,2009-05-02 21:00:00+00:00,1.44689,1.4916,-447.10000000000025,4.350000000001852,-13.040710987397256,-464.4907109873993,False,momentum_spread1.5x
2009-03-31 21:00:00+00:00,2009-04-01 21:00:00+00:00,2009-05-02 21:00:00+00:00,JPY,USD_JPY,1,-1,0.19459859184134648,0.008774171394304678,2009-04-01 21:00:00+00:00,2009-05-02 21:00:00+00:00,98.518,99.205,-68.69999999999976,3.900000000001569,-13.442760550684937,-86.04276055068627,False,momentum_spread1.5x
2009-03-31 21:00:00+00:00,2009-04-01 21:00:00+00:00,2009-05-02 21:00:00+00:00,AUD,AUD_USD,-1,-1,0.13276713896902875,0.012860421721557299,2009-04-01 21:00:00+00:00,2009-05-02 21:00:00+00:00,0.69926,0.72987,-306.10000000000025,2.700000000001035,-21.815746326571386,-330.61574632657266,False,momentum_spread1.5x
2009-03-31 21:00:00+00:00,2009-04-01 21:00:00+00:00,2009-05-02 21:00:00+00:00,NZD,NZD_USD,-1,-1,0.12883677330759688,0.013252748839260432,2009-04-01 21:00:00+00:00,2009-05-02 21:00:00+00:00,0.5677,0.57022,-25.199999999999665,3.300000000001635,-16.75227616438356,-45.25227616438486,False,momentum_spread1.5x
2009-03-31 21:00:00+00:00,2009-04-01 21:00:00+00:00,2009-05-02 21:00:00+00:00,CHF,CHF_JPY,1,1,0.1673560399998122,0.010202448611404943,2009-04-01 21:00:00+00:00,2009-05-02 21:00:00+00:00,86.016,87.264,124.79999999999905,7.949999999999591,-25.45835598372385,91.3916440162756,False,momentum_spread1.5x
2009-04-30 21:00:00+00:00,2009-05-02 21:00:00+00:00,2009-06-01 21:00:00+00:00,EUR,EUR_USD,1,1,0.19360994848720295,0.008545343047918662,2009-05-02 21:00:00+00:00,2009-06-01 21:00:00+00:00,1.32775,1.41594,881.8999999999999,2.849999999998687,-9.281992328767126,869.768007671234,False,momentum_spread1.5x
2009-04-30 21:00:00+00:00,2009-05-02 21:00:00+00:00,2009-06-01 21:00:00+00:00,GBP,GBP_USD,-1,-1,0.19733002200932012,0.008384245896627266,2009-05-02 21:00:00+00:00,2009-06-01 21:00:00+00:00,1.4916,1.64446,-1528.6,4.350000000001852,-12.48908800219178,-1545.4390880021936,False,momentum_spread1.5x
2009-04-30 21:00:00+00:00,2009-05-02 21:00:00+00:00,2009-06-01 21:00:00+00:00,JPY,USD_JPY,1,-1,0.19153162667083443,0.00863806910676097,2009-05-02 21:00:00+00:00,2009-06-01 21:00:00+00:00,99.205,96.552,265.29999999999916,3.900000000001569,-13.203488113698635,248.19651188629896,False,momentum_spread1.5x
2009-04-30 21:00:00+00:00,2009-05-02 21:00:00+00:00,2009-06-01 21:00:00+00:00,AUD,AUD_USD,-1,-1,0.13739612085897934,0.012041558502303852,2009-05-02 21:00:00+00:00,2009-06-01 21:00:00+00:00,0.72987,0.81008,-802.1,2.700000000001035,-20.674766299676644,-825.4747662996778,False,momentum_spread1.5x
2009-04-30 21:00:00+00:00,2009-05-02 21:00:00+00:00,2009-06-01 21:00:00+00:00,NZD,NZD_USD,-1,-1,0.12865492964810235,0.012859697112565429,2009-05-02 21:00:00+00:00,2009-06-01 21:00:00+00:00,0.57022,0.6496,-793.8000000000001,3.300000000001635,-15.33958421917808,-812.4395842191798,False,momentum_spread1.5x
2009-04-30 21:00:00+00:00,2009-05-02 21:00:00+00:00,2009-06-01 21:00:00+00:00,CHF,CHF_JPY,1,1,0.15147735232556084,0.010922183428168027,2009-05-02 21:00:00+00:00,2009-06-01 21:00:00+00:00,87.264,90.21,294.5999999999998,7.949999999999591,-24.566254668605325,262.0837453313949,False,momentum_spread1.5x
2009-05-31 21:00:00+00:00,2009-06-01 21:00:00+00:00,2009-07-01 21:00:00+00:00,EUR,EUR_USD,1,1,0.2017069598230933,0.007613599407477929,2009-06-01 21:00:00+00:00,2009-07-01 21:00:00+00:00,1.41594,1.41415,-17.899999999999583,2.849999999998687,-10.61157501369863,-31.3615750136969,False,momentum_spread1.5x
2009-05-31 21:00:00+00:00,2009-06-01 21:00:00+00:00,2009-07-01 21:00:00+00:00,GBP,GBP_USD,-1,-1,0.20236625196595073,0.007588794944186991,2009-06-01 21:00:00+00:00,2009-07-01 21:00:00+00:00,1.64446,1.64796,-35.00000000000058,4.350000000001852,-13.378637886027395,-52.72863788602983,False,momentum_spread1.5x
2009-05-31 21:00:00+00:00,2009-06-01 21:00:00+00:00,2009-07-01 21:00:00+00:00,JPY,USD_JPY,1,-1,0.20225684399106067,0.00759289999532057,2009-06-01 21:00:00+00:00,2009-07-01 21:00:00+00:00,96.552,96.659,-10.699999999999932,3.900000000001569,-15.067504742465756,-29.66750474246726,False,momentum_spread1.5x
2009-05-31 21:00:00+00:00,2009-06-01 21:00:00+00:00,2009-07-01 21:00:00+00:00,AUD,AUD_USD,-1,-1,0.12927686176805456,0.01187927962351548,2009-06-01 21:00:00+00:00,2009-07-01 21:00:00+00:00,0.81008,0.80847,16.1,2.700000000001035,-22.58928553993799,-9.189285539939023,False,momentum_spread1.5x
2009-05-31 21:00:00+00:00,2009-06-01 21:00:00+00:00,2009-07-01 21:00:00+00:00,NZD,NZD_USD,-1,-1,0.12076802383062123,0.012716246743816394,2009-06-01 21:00:00+00:00,2009-07-01 21:00:00+00:00,0.6496,0.63925,103.4999999999997,3.300000000001635,-17.07106947945205,83.12893052054602,False,momentum_spread1.5x
2009-05-31 21:00:00+00:00,2009-06-01 21:00:00+00:00,2009-07-01 21:00:00+00:00,CHF,CHF_JPY,1,1,0.14362505862121952,0.010692535164378254,2009-06-01 21:00:00+00:00,2009-07-01 21:00:00+00:00,90.21,89.888,-32.19999999999885,7.949999999999591,-27.234439825169982,-67.38443982516843,False,momentum_spread1.5x
2009-06-30 21:00:00+00:00,2009-07-01 21:00:00+00:00,2009-08-01 21:00:00+00:00,GBP,GBP_USD,-1,-1,0.21447344305216695,0.007259783126337303,2009-07-01 21:00:00+00:00,2009-08-01 21:00:00+00:00,1.64796,1.67137,-234.09999999999928,4.350000000001852,-13.142988482191779,-251.5929884821929,False,momentum_spread1.5x
2009-06-30 21:00:00+00:00,2009-07-01 21:00:00+00:00,2009-08-01 21:00:00+00:00,JPY,USD_JPY,1,-1,0.2059393302373894,0.007560628079749377,2009-07-01 21:00:00+00:00,2009-08-01 21:00:00+00:00,96.659,94.781,187.8,3.900000000001569,-13.44187271232877,170.45812728766967,False,momentum_spread1.5x
2009-06-30 21:00:00+00:00,2009-07-01 21:00:00+00:00,2009-08-01 21:00:00+00:00,AUD,AUD_USD,-1,-1,0.14346515685599495,0.010853023249962193,2009-07-01 21:00:00+00:00,2009-08-01 21:00:00+00:00,0.80847,0.83601,-275.4000000000001,2.700000000001035,-21.481230041095884,-299.581230041097,False,momentum_spread1.5x
2009-06-30 21:00:00+00:00,2009-07-01 21:00:00+00:00,2009-08-01 21:00:00+00:00,NZD,NZD_USD,-1,-1,0.125821032528619,0.012374963482861474,2009-07-01 21:00:00+00:00,2009-08-01 21:00:00+00:00,0.63925,0.661,-217.50000000000045,3.300000000001635,-15.30676726027397,-236.10676726027606,False,momentum_spread1.5x
2009-06-30 21:00:00+00:00,2009-07-01 21:00:00+00:00,2009-08-01 21:00:00+00:00,CAD,CAD_JPY,1,1,0.14213780913928797,0.010954373733112584,2009-07-01 21:00:00+00:00,2009-08-01 21:00:00+00:00,84.08,87.877,379.6999999999997,5.550000000000921,-12.0364387139477,362.1135612860511,False,momentum_spread1.5x
2009-06-30 21:00:00+00:00,2009-07-01 21:00:00+00:00,2009-08-01 21:00:00+00:00,CHF,CHF_JPY,1,1,0.16816322818654167,0.00925904372619672,2009-07-01 21:00:00+00:00,2009-08-01 21:00:00+00:00,89.888,88.7,-118.80000000000024,7.949999999999591,-25.73242226608695,-152.4824222660868,False,momentum_spread1.5x
2009-07-30 21:00:00+00:00,2009-08-01 21:00:00+00:00,2009-09-01 21:00:00+00:00,EUR,EUR_USD,1,1,0.2037121800914082,0.006657811721424629,2009-08-01 21:00:00+00:00,2009-09-01 21:00:00+00:00,1.42708,1.42234,-47.399999999999665,2.849999999998687,-9.50149890410959,-59.75149890410794,False,momentum_spread1.5x
2009-07-30 21:00:00+00:00,2009-08-01 21:00:00+00:00,2009-09-01 21:00:00+00:00,GBP,GBP_USD,-1,-1,0.1905541726116313,0.007117542071218629,2009-08-01 21:00:00+00:00,2009-09-01 21:00:00+00:00,1.67137,1.61585,555.2000000000002,4.350000000001852,-13.135352545753422,537.7146474542449,False,momentum_spread1.5x
2009-07-30 21:00:00+00:00,2009-08-01 21:00:00+00:00,2009-09-01 21:00:00+00:00,JPY,USD_JPY,1,-1,0.18316985226145882,0.00740447908683999,2009-08-01 21:00:00+00:00,2009-09-01 21:00:00+00:00,94.781,92.925,185.60000000000088,3.900000000001569,-13.465844347945206,168.2341556520541,False,momentum_spread1.5x
2009-07-30 21:00:00+00:00,2009-08-01 21:00:00+00:00,2009-09-01 21:00:00+00:00,AUD,AUD_USD,-1,-1,0.14037298983720664,0.009661953784573829,2009-08-01 21:00:00+00:00,2009-09-01 21:00:00+00:00,0.83601,0.82595,100.60000000000069,2.700000000001035,-21.44881849315069,76.45118150684897,False,momentum_spread1.5x
2009-07-30 21:00:00+00:00,2009-08-01 21:00:00+00:00,2009-09-01 21:00:00+00:00,NZD,NZD_USD,-1,-1,0.12445381709367023,0.010897836419020717,2009-08-01 21:00:00+00:00,2009-09-01 21:00:00+00:00,0.661,0.6754,-143.9999999999997,3.300000000001635,-17.22890342465753,-164.52890342465884,False,momentum_spread1.5x
2009-07-30 21:00:00+00:00,2009-08-01 21:00:00+00:00,2009-09-01 21:00:00+00:00,CHF,CHF_JPY,1,1,0.15773698810462486,0.008598346885576017,2009-08-01 21:00:00+00:00,2009-09-01 21:00:00+00:00,88.7,87.222,-147.80000000000086,7.949999999999591,-25.762686633204513,-181.51268663320496,False,momentum_spread1.5x
2009-08-31 21:00:00+00:00,2009-09-01 21:00:00+00:00,2009-10-01 21:00:00+00:00,EUR,EUR_USD,-1,-1,0.22945774619086065,0.004953388010046004,2009-09-01 21:00:00+00:00,2009-10-01 21:00:00+00:00,1.42234,1.45456,-322.20000000000135,2.849999999998687,-10.404611671232878,-335.45461167123295,False,momentum_spread1.5x
2009-08-31 21:00:00+00:00,2009-09-01 21:00:00+00:00,2009-10-01 21:00:00+00:00,GBP,GBP_USD,-1,-1,0.18639061282202696,0.006097910359247823,2009-09-01 21:00:00+00:00,2009-10-01 21:00:00+00:00,1.61585,1.59552,203.29999999999959,4.350000000001852,-14.30864354849315,184.6413564515046,False,momentum_spread1.5x
2009-08-31 21:00:00+00:00,2009-09-01 21:00:00+00:00,2009-10-01 21:00:00+00:00,JPY,USD_JPY,1,-1,0.1839883026542924,0.006177529942920379,2009-09-01 21:00:00+00:00,2009-10-01 21:00:00+00:00,92.925,89.607,331.7999999999998,3.900000000001569,-14.17700287123288,313.7229971287653,False,momentum_spread1.5x
2009-08-31 21:00:00+00:00,2009-09-01 21:00:00+00:00,2009-10-01 21:00:00+00:00,NZD,NZD_USD,-1,-1,0.14326192854070174,0.0079336726817207,2009-09-01 21:00:00+00:00,2009-10-01 21:00:00+00:00,0.6754,0.71488,-394.79999999999956,3.300000000001635,-15.250509616438356,-413.3505096164396,False,momentum_spread1.5x
2009-08-31 21:00:00+00:00,2009-09-01 21:00:00+00:00,2009-10-01 21:00:00+00:00,CAD,CAD_JPY,1,1,0.11243483209316041,0.01010890688974604,2009-09-01 21:00:00+00:00,2009-10-01 21:00:00+00:00,84.158,82.678,-148.0000000000004,5.550000000000921,-12.85659421514678,-166.4065942151481,False,momentum_spread1.5x
2009-08-31 21:00:00+00:00,2009-09-01 21:00:00+00:00,2009-10-01 21:00:00+00:00,CHF,CHF_JPY,1,1,0.14446657769895788,0.00786751695026958,2009-09-01 21:00:00+00:00,2009-10-01 21:00:00+00:00,87.222,86.11,-111.19999999999948,7.949999999999591,-27.415203752251667,-146.56520375225074,False,momentum_spread1.5x
2009-09-30 21:00:00+00:00,2009-10-01 21:00:00+00:00,2009-11-01 22:00:00+00:00,GBP,GBP_USD,-1,-1,0.18319499837284103,0.005794025526368546,2009-10-01 21:00:00+00:00,2009-11-01 22:00:00+00:00,1.59552,1.64023,-447.10000000000025,4.350000000001852,-13.410760214794518,-464.8607602147966,False,momentum_spread1.5x
2009-09-30 21:00:00+00:00,2009-10-01 21:00:00+00:00,2009-11-01 22:00:00+00:00,JPY,USD_JPY,1,-1,0.18795752072812066,0.005647214821537502,2009-10-01 21:00:00+00:00,2009-11-01 22:00:00+00:00,89.607,89.65,-4.300000000000637,3.900000000001569,-12.473684984931507,-20.673684984933715,False,momentum_spread1.5x
2009-09-30 21:00:00+00:00,2009-10-01 21:00:00+00:00,2009-11-01 22:00:00+00:00,AUD,AUD_USD,1,1,0.14929518852921406,0.007109649730390229,2009-10-01 21:00:00+00:00,2009-11-01 22:00:00+00:00,0.86966,0.89678,271.20000000000033,2.700000000001035,10.761451015655553,279.26145101565487,False,momentum_spread1.5x
2009-09-30 21:00:00+00:00,2009-10-01 21:00:00+00:00,2009-11-01 22:00:00+00:00,NZD,NZD_USD,-1,-1,0.1504346052987177,0.0070558000585542995,2009-10-01 21:00:00+00:00,2009-11-01 22:00:00+00:00,0.71488,0.71578,-9.000000000000119,3.300000000001635,-15.463038493150686,-27.76303849315244,False,momentum_spread1.5x
2009-09-30 21:00:00+00:00,2009-10-01 21:00:00+00:00,2009-11-01 22:00:00+00:00,CAD,CAD_JPY,-1,-1,0.12326062115012719,0.008611318740496142,2009-10-01 21:00:00+00:00,2009-11-01 22:00:00+00:00,82.678,82.695,-1.6999999999995907,5.550000000000921,-8.721642819178077,-15.971642819178589,False,momentum_spread1.5x
2009-09-30 21:00:00+00:00,2009-10-01 21:00:00+00:00,2009-11-01 22:00:00+00:00,CHF,CHF_JPY,1,1,0.20585706592097935,0.005156181995145749,2009-10-01 21:00:00+00:00,2009-11-01 22:00:00+00:00,86.11,87.422,131.19999999999976,7.949999999999591,-24.727214713203214,98.52278528679696,False,momentum_spread1.5x
2009-10-31 21:00:00+00:00,2009-11-01 22:00:00+00:00,2009-12-01 22:00:00+00:00,EUR,EUR_USD,1,1,0.2583771266612961,0.003979706102784256,2009-11-01 22:00:00+00:00,2009-12-01 22:00:00+00:00,1.472,1.50805,360.49999999999915,2.849999999998687,-9.128337726027397,348.52166227397305,False,momentum_spread1.5x
2009-10-31 21:00:00+00:00,2009-11-01 22:00:00+00:00,2009-12-01 22:00:00+00:00,GBP,GBP_USD,-1,-1,0.16360213416619857,0.0062851565661682434,2009-11-01 22:00:00+00:00,2009-12-01 22:00:00+00:00,1.64023,1.66062,-203.89999999999907,4.350000000001852,-13.8868681939726,-222.1368681939735,False,momentum_spread1.5x
2009-10-31 21:00:00+00:00,2009-11-01 22:00:00+00:00,2009-12-01 22:00:00+00:00,JPY,USD_JPY,-1,1,0.17929152681619442,0.005735156847919393,2009-11-01 22:00:00+00:00,2009-12-01 22:00:00+00:00,89.65,86.687,-296.3000000000008,3.900000000001569,-14.350131350684928,-314.5501313506873,False,momentum_spread1.5x
2009-10-31 21:00:00+00:00,2009-11-01 22:00:00+00:00,2009-12-01 22:00:00+00:00,AUD,AUD_USD,1,1,0.12463305569961594,0.008250339542922636,2009-11-01 22:00:00+00:00,2009-12-01 22:00:00+00:00,0.89678,0.9247,279.1999999999994,2.700000000001035,12.66674161839532,289.16674161839376,False,momentum_spread1.5x
2009-10-31 21:00:00+00:00,2009-11-01 22:00:00+00:00,2009-12-01 22:00:00+00:00,NZD,NZD_USD,1,1,0.11163214013534535,0.009211191566757825,2009-11-01 22:00:00+00:00,2009-12-01 22:00:00+00:00,0.71578,0.72555,97.70000000000056,3.300000000001635,6.472754465753423,100.87275446575235,False,momentum_spread1.5x
2009-10-31 21:00:00+00:00,2009-11-01 22:00:00+00:00,2009-12-01 22:00:00+00:00,CHF,CHF_JPY,-1,-1,0.16246401652134962,0.006329186301132074,2009-11-01 22:00:00+00:00,2009-12-01 22:00:00+00:00,87.422,86.726,69.5999999999998,7.949999999999591,-14.374518386857009,47.2754816131432,False,momentum_spread1.5x
2009-11-30 22:00:00+00:00,2009-12-01 22:00:00+00:00,2010-01-02 22:00:00+00:00,GBP,GBP_USD,-1,-1,0.20291004778617636,0.006013399412535682,2009-12-01 22:00:00+00:00,2010-01-02 22:00:00+00:00,1.66062,1.61592,446.9999999999996,4.350000000001852,-15.298341675616433,427.35165832438133,False,momentum_spread1.5x
2009-11-30 22:00:00+00:00,2009-12-01 22:00:00+00:00,2010-01-02 22:00:00+00:00,JPY,USD_JPY,-1,1,0.23065991132064795,0.005289948977994571,2009-12-01 22:00:00+00:00,2010-01-02 22:00:00+00:00,86.687,92.943,625.6,3.900000000001569,-15.775555831506852,605.9244441684916,False,momentum_spread1.5x
2009-11-30 22:00:00+00:00,2009-12-01 22:00:00+00:00,2010-01-02 22:00:00+00:00,AUD,AUD_USD,1,1,0.1461955477460095,0.008346212870140469,2009-12-01 22:00:00+00:00,2010-01-02 22:00:00+00:00,0.9247,0.8977,-269.9999999999991,2.700000000001035,15.549735189823881,-257.1502648101762,False,momentum_spread1.5x
2009-11-30 22:00:00+00:00,2009-12-01 22:00:00+00:00,2010-01-02 22:00:00+00:00,NZD,NZD_USD,1,1,0.12138489417040561,0.010052149985335384,2009-12-01 22:00:00+00:00,2010-01-02 22:00:00+00:00,0.72555,0.72325,-23.000000000000796,3.300000000001635,5.817977999999998,-20.48202200000243,False,momentum_spread1.5x
2009-11-30 22:00:00+00:00,2009-12-01 22:00:00+00:00,2010-01-02 22:00:00+00:00,CAD,CAD_JPY,-1,-1,0.12020519745826606,0.010150802028161992,2009-12-01 22:00:00+00:00,2010-01-02 22:00:00+00:00,82.876,88.302,-542.6000000000001,5.550000000000921,-9.996282193093927,-558.146282193095,False,momentum_spread1.5x
2009-11-30 22:00:00+00:00,2009-12-01 22:00:00+00:00,2010-01-02 22:00:00+00:00,CHF,CHF_JPY,1,1,0.17864440151849456,0.006830212152092873,2009-12-01 22:00:00+00:00,2010-01-02 22:00:00+00:00,86.726,89.758,303.19999999999965,7.949999999999591,-27.50074937398212,267.74925062601795,False,momentum_spread1.5x
2009-12-30 22:00:00+00:00,2010-01-02 22:00:00+00:00,2010-02-01 22:00:00+00:00,EUR,EUR_USD,-1,-1,0.2473991571972605,0.004791152412547031,2010-01-02 22:00:00+00:00,2010-02-01 22:00:00+00:00,1.4312,1.39309,381.1000000000009,2.849999999998687,-9.652017698630136,368.59798230137204,False,momentum_spread1.5x
2009-12-30 22:00:00+00:00,2010-01-02 22:00:00+00:00,2010-02-01 22:00:00+00:00,JPY,USD_JPY,-1,1,0.18172341555271063,0.00652269860360368,2010-01-02 22:00:00+00:00,2010-02-01 22:00:00+00:00,92.943,90.619,-232.3999999999998,3.900000000001569,-13.781914802739731,-250.0819148027411,False,momentum_spread1.5x
2009-12-30 22:00:00+00:00,2010-01-02 22:00:00+00:00,2010-02-01 22:00:00+00:00,AUD,AUD_USD,1,1,0.15101839853354096,0.007848891793171131,2010-01-02 22:00:00+00:00,2010-02-01 22:00:00+00:00,0.8977,0.8913,-64.00000000000072,2.700000000001035,13.7196175890411,-52.980382410960665,False,momentum_spread1.5x
2009-12-30 22:00:00+00:00,2010-01-02 22:00:00+00:00,2010-02-01 22:00:00+00:00,NZD,NZD_USD,1,1,0.12573791608906876,0.00942696607146017,2010-01-02 22:00:00+00:00,2010-02-01 22:00:00+00:00,0.72325,0.70843,-148.19999999999945,3.300000000001635,5.613262684931506,-145.88673731506958,False,momentum_spread1.5x
2009-12-30 22:00:00+00:00,2010-01-02 22:00:00+00:00,2010-02-01 22:00:00+00:00,CAD,CAD_JPY,1,1,0.12289192928196357,0.009645280009789245,2010-01-02 22:00:00+00:00,2010-02-01 22:00:00+00:00,88.302,85.434,-286.8000000000009,5.550000000000921,-11.553447495460713,-303.90344749546256,False,momentum_spread1.5x
2009-12-30 22:00:00+00:00,2010-01-02 22:00:00+00:00,2010-02-01 22:00:00+00:00,CHF,CHF_JPY,-1,-1,0.17122918334545562,0.006922459394531798,2010-01-02 22:00:00+00:00,2010-02-01 22:00:00+00:00,89.758,85.768,398.9999999999995,7.949999999999591,-13.589917513576784,377.4600824864231,False,momentum_spread1.5x
2010-01-31 22:00:00+00:00,2010-02-01 22:00:00+00:00,2010-03-01 22:00:00+00:00,EUR,EUR_USD,-1,-1,0.22233056645830274,0.004453205277022458,2010-02-01 22:00:00+00:00,2010-03-01 22:00:00+00:00,1.39309,1.35611,369.8000000000001,2.849999999998687,-9.269449095890408,357.680550904111,False,momentum_spread1.5x
2010-01-31 22:00:00+00:00,2010-02-01 22:00:00+00:00,2010-03-01 22:00:00+00:00,GBP,GBP_USD,-1,-1,0.2241977697920795,0.004416117308899671,2010-02-01 22:00:00+00:00,2010-03-01 22:00:00+00:00,1.5958,1.49906,967.4000000000004,4.350000000001852,-13.090087595616433,949.9599124043822,False,momentum_spread1.5x
2010-01-31 22:00:00+00:00,2010-02-01 22:00:00+00:00,2010-03-01 22:00:00+00:00,JPY,USD_JPY,-1,1,0.15619103080344462,0.006338927700921934,2010-02-01 22:00:00+00:00,2010-03-01 22:00:00+00:00,90.619,89.13,-148.90000000000043,3.900000000001569,-13.294491545205483,-166.0944915452075,False,momentum_spread1.5x
2010-01-31 22:00:00+00:00,2010-02-01 22:00:00+00:00,2010-03-01 22:00:00+00:00,AUD,AUD_USD,1,1,0.1481791155555448,0.006681667980562174,2010-02-01 22:00:00+00:00,2010-03-01 22:00:00+00:00,0.8913,0.9009,96.00000000000053,2.700000000001035,13.259659592465756,106.55965959246524,False,momentum_spread1.5x
2010-01-31 22:00:00+00:00,2010-02-01 22:00:00+00:00,2010-03-01 22:00:00+00:00,NZD,NZD_USD,1,1,0.13101196855818334,0.007557200022956704,2010-02-01 22:00:00+00:00,2010-03-01 22:00:00+00:00,0.70843,0.69962,-88.09999999999984,3.300000000001635,5.163201534246574,-86.2367984657549,False,momentum_spread1.5x
2010-01-31 22:00:00+00:00,2010-02-01 22:00:00+00:00,2010-03-01 22:00:00+00:00,CAD,CAD_JPY,1,1,0.11808954883244498,0.008384176767415015,2010-02-01 22:00:00+00:00,2010-03-01 22:00:00+00:00,85.434,85.596,16.200000000000614,5.550000000000921,-11.19673270365945,-0.5467327036597567,False,momentum_spread1.5x
2010-02-28 22:00:00+00:00,2010-03-01 22:00:00+00:00,2010-04-01 21:00:00+00:00,EUR,EUR_USD,-1,-1,0.22684779609618244,0.004873657845120835,2010-03-01 22:00:00+00:00,2010-04-01 21:00:00+00:00,1.35611,1.35888,-27.700000000001612,2.849999999998687,-10.577081123287671,-41.12708112328797,False,momentum_spread1.5x
2010-02-28 22:00:00+00:00,2010-03-01 22:00:00+00:00,2010-04-01 21:00:00+00:00,JPY,USD_JPY,-1,1,0.1945584370717847,0.005682501143266352,2010-03-01 22:00:00+00:00,2010-04-01 21:00:00+00:00,89.13,93.826,469.5999999999998,3.900000000001569,-15.118111528767125,450.5818884712311,False,momentum_spread1.5x
2010-02-28 22:00:00+00:00,2010-03-01 22:00:00+00:00,2010-04-01 21:00:00+00:00,AUD,AUD_USD,1,1,0.1534145005558105,0.00720648007252961,2010-03-01 22:00:00+00:00,2010-04-01 21:00:00+00:00,0.9009,0.9212,202.99999999999983,2.700000000001035,16.843042202054793,217.14304220205358,False,momentum_spread1.5x
2010-02-28 22:00:00+00:00,2010-03-01 22:00:00+00:00,2010-04-01 21:00:00+00:00,NZD,NZD_USD,1,1,0.1476946539710976,0.0074855691209302815,2010-03-01 22:00:00+00:00,2010-04-01 21:00:00+00:00,0.69962,0.70805,84.29999999999937,3.300000000001635,5.61013726027397,86.61013726027171,False,momentum_spread1.5x
2010-02-28 22:00:00+00:00,2010-03-01 22:00:00+00:00,2010-04-01 21:00:00+00:00,CAD,CAD_JPY,1,1,0.12014793516770339,0.009201810580842329,2010-03-01 22:00:00+00:00,2010-04-01 21:00:00+00:00,85.596,93.026,742.9999999999992,5.550000000000921,-13.151832829634984,724.2981671703633,False,momentum_spread1.5x
2010-02-28 22:00:00+00:00,2010-03-01 22:00:00+00:00,2010-04-01 21:00:00+00:00,CHF,CHF_JPY,-1,-1,0.15733667713742147,0.0070268329114825095,2010-03-01 22:00:00+00:00,2010-04-01 21:00:00+00:00,82.564,89.016,-645.2000000000012,7.949999999999591,-15.540572283469677,-668.6905722834705,False,momentum_spread1.5x
2010-03-31 21:00:00+00:00,2010-04-01 21:00:00+00:00,2010-05-01 21:00:00+00:00,EUR,EUR_USD,-1,-1,0.20036398075883993,0.005452566225149745,2010-04-01 21:00:00+00:00,2010-05-01 21:00:00+00:00,1.35888,1.3294,294.8000000000017,2.849999999998687,-8.924510191780824,283.0254898082222,False,momentum_spread1.5x
2010-03-31 21:00:00+00:00,2010-04-01 21:00:00+00:00,2010-05-01 21:00:00+00:00,GBP,GBP_USD,-1,-1,0.18769012877389604,0.005820752968518123,2010-04-01 21:00:00+00:00,2010-05-01 21:00:00+00:00,1.52906,1.52904,0.20000000000131024,4.350000000001852,-12.822132306849307,-16.97213230684985,False,momentum_spread1.5x
2010-03-31 21:00:00+00:00,2010-04-01 21:00:00+00:00,2010-05-01 21:00:00+00:00,AUD,AUD_USD,1,1,0.16581231538702268,0.00658876194854528,2010-04-01 21:00:00+00:00,2010-05-01 21:00:00+00:00,0.9212,0.92325,20.49999999999996,2.700000000001035,15.889761380136973,33.6897613801359,False,momentum_spread1.5x
2010-03-31 21:00:00+00:00,2010-04-01 21:00:00+00:00,2010-05-01 21:00:00+00:00,NZD,NZD_USD,1,1,0.15877509051308786,0.006880788861097511,2010-04-01 21:00:00+00:00,2010-05-01 21:00:00+00:00,0.70805,0.7258,177.50000000000043,3.300000000001635,4.852221780821916,179.0522217808207,False,momentum_spread1.5x
2010-03-31 21:00:00+00:00,2010-04-01 21:00:00+00:00,2010-05-01 21:00:00+00:00,CAD,CAD_JPY,1,1,0.1322921231881879,0.008258223149598305,2010-04-01 21:00:00+00:00,2010-05-01 21:00:00+00:00,93.026,92.395,-63.10000000000002,5.550000000000921,-11.498421584227014,-80.14842158422796,False,momentum_spread1.5x
2010-03-31 21:00:00+00:00,2010-04-01 21:00:00+00:00,2010-05-01 21:00:00+00:00,CHF,CHF_JPY,-1,-1,0.15506636137896562,0.007045356997526084,2010-04-01 21:00:00+00:00,2010-05-01 21:00:00+00:00,89.016,87.132,188.40000000000003,7.949999999999591,-13.597394126354109,166.85260587364633,False,momentum_spread1.5x
2010-04-29 21:00:00+00:00,2010-05-01 21:00:00+00:00,2010-06-01 21:00:00+00:00,EUR,EUR_USD,-1,-1,0.17731780035809516,0.005388693039334492,2010-05-01 21:00:00+00:00,2010-06-01 21:00:00+00:00,1.3294,1.22279,1066.0999999999988,2.849999999998687,-9.200461315068493,1054.0495386849316,False,momentum_spread1.5x
2010-04-29 21:00:00+00:00,2010-05-01 21:00:00+00:00,2010-06-01 21:00:00+00:00,GBP,GBP_USD,-1,-1,0.1665212962756512,0.0057380720539075315,2010-05-01 21:00:00+00:00,2010-06-01 21:00:00+00:00,1.52904,1.46488,641.5999999999999,4.350000000001852,-13.355840210410955,623.8941597895871,False,momentum_spread1.5x
2010-04-29 21:00:00+00:00,2010-05-01 21:00:00+00:00,2010-06-01 21:00:00+00:00,JPY,USD_JPY,-1,1,0.18859231125184361,0.005066543753545678,2010-05-01 21:00:00+00:00,2010-06-01 21:00:00+00:00,93.834,90.949,-288.5000000000005,3.900000000001569,-13.079634663013701,-305.47963466301576,False,momentum_spread1.5x
2010-04-29 21:00:00+00:00,2010-05-01 21:00:00+00:00,2010-06-01 21:00:00+00:00,AUD,AUD_USD,1,1,0.18072872635756254,0.00528699125920547,2010-05-01 21:00:00+00:00,2010-06-01 21:00:00+00:00,0.92325,0.83106,-921.8999999999999,2.700000000001035,17.867342445205473,-906.7326575547954,False,momentum_spread1.5x
2010-04-29 21:00:00+00:00,2010-05-01 21:00:00+00:00,2010-06-01 21:00:00+00:00,NZD,NZD_USD,1,1,0.16217871953157978,0.005891717478714655,2010-05-01 21:00:00+00:00,2010-06-01 21:00:00+00:00,0.7258,0.67498,-508.19999999999976,3.300000000001635,6.641527397260274,-504.85847260274113,False,momentum_spread1.5x
2010-04-29 21:00:00+00:00,2010-05-01 21:00:00+00:00,2010-06-01 21:00:00+00:00,CAD,CAD_JPY,1,1,0.12466114622526779,0.007664867727215685,2010-05-01 21:00:00+00:00,2010-06-01 21:00:00+00:00,92.395,86.16,-623.4999999999999,5.550000000000921,-11.815301112851813,-640.8653011128526,False,momentum_spread1.5x
2010-05-31 21:00:00+00:00,2010-06-01 21:00:00+00:00,2010-07-01 21:00:00+00:00,EUR,EUR_USD,-1,-1,0.18875523847365822,0.007736613743703162,2010-06-01 21:00:00+00:00,2010-07-01 21:00:00+00:00,1.22279,1.25279,-300.0000000000002,2.849999999998687,-10.112981506849316,-312.9629815068482,False,momentum_spread1.5x
2010-05-31 21:00:00+00:00,2010-06-01 21:00:00+00:00,2010-07-01 21:00:00+00:00,GBP,GBP_USD,-1,-1,0.2461323160455873,0.005933094831402789,2010-06-01 21:00:00+00:00,2010-07-01 21:00:00+00:00,1.46488,1.51758,-526.9999999999997,4.350000000001852,-14.629352878904108,-545.9793528789056,False,momentum_spread1.5x
2010-05-31 21:00:00+00:00,2010-06-01 21:00:00+00:00,2010-07-01 21:00:00+00:00,AUD,AUD_USD,1,1,0.1426853912378074,0.010234589256144736,2010-06-01 21:00:00+00:00,2010-07-01 21:00:00+00:00,0.83106,0.8433,122.40000000000028,2.700000000001035,19.387825356164377,139.08782535616362,False,momentum_spread1.5x
2010-05-31 21:00:00+00:00,2010-06-01 21:00:00+00:00,2010-07-01 21:00:00+00:00,NZD,NZD_USD,1,1,0.1703978858833419,0.008570096774387467,2010-06-01 21:00:00+00:00,2010-07-01 21:00:00+00:00,0.67498,0.69087,158.89999999999958,3.300000000001635,6.682157917808218,162.28215791780616,False,momentum_spread1.5x
2010-05-31 21:00:00+00:00,2010-06-01 21:00:00+00:00,2010-07-01 21:00:00+00:00,CAD,CAD_JPY,1,1,0.10443826059667305,0.013982676117240809,2010-06-01 21:00:00+00:00,2010-07-01 21:00:00+00:00,86.16,82.67,-348.9999999999995,5.550000000000921,-10.227456574178973,-364.7774565741794,False,momentum_spread1.5x
2010-05-31 21:00:00+00:00,2010-06-01 21:00:00+00:00,2010-07-01 21:00:00+00:00,CHF,CHF_JPY,-1,-1,0.14759090776293204,0.009894419610975777,2010-06-01 21:00:00+00:00,2010-07-01 21:00:00+00:00,78.59,82.71,-411.99999999999903,7.949999999999591,-15.53111757074424,-435.48111757074287,False,momentum_spread1.5x
2010-06-30 21:00:00+00:00,2010-07-01 21:00:00+00:00,2010-08-01 21:00:00+00:00,EUR,EUR_USD,-1,-1,0.17605549206641702,0.008441773362234527,2010-07-01 21:00:00+00:00,2010-08-01 21:00:00+00:00,1.25279,1.30629,-534.9999999999987,2.849999999998687,-9.071893178082192,-546.9218931780796,False,momentum_spread1.5x
2010-06-30 21:00:00+00:00,2010-07-01 21:00:00+00:00,2010-08-01 21:00:00+00:00,GBP,GBP_USD,-1,-1,0.2237393141995001,0.006642643777285216,2010-07-01 21:00:00+00:00,2010-08-01 21:00:00+00:00,1.51758,1.57106,-534.7999999999997,4.350000000001852,-13.179919982465751,-552.3299199824673,False,momentum_spread1.5x
2010-06-30 21:00:00+00:00,2010-07-01 21:00:00+00:00,2010-08-01 21:00:00+00:00,JPY,USD_JPY,1,-1,0.20225750083454777,0.007348160424552761,2010-07-01 21:00:00+00:00,2010-08-01 21:00:00+00:00,87.596,86.346,125.0,3.900000000001569,-13.458297721917816,107.64170227808061,False,momentum_spread1.5x
2010-06-30 21:00:00+00:00,2010-07-01 21:00:00+00:00,2010-08-01 21:00:00+00:00,NZD,NZD_USD,1,1,0.13719252085591924,0.010833101935361423,2010-07-01 21:00:00+00:00,2010-08-01 21:00:00+00:00,0.69087,0.72615,352.7999999999998,3.300000000001635,7.380690328767123,356.88069032876524,False,momentum_spread1.5x
2010-06-30 21:00:00+00:00,2010-07-01 21:00:00+00:00,2010-08-01 21:00:00+00:00,CAD,CAD_JPY,1,1,0.10165483043518288,0.014620265036485548,2010-07-01 21:00:00+00:00,2010-08-01 21:00:00+00:00,82.67,83.955,128.49999999999966,5.550000000000921,-8.307290339060671,114.64270966093807,False,momentum_spread1.5x
2010-06-30 21:00:00+00:00,2010-07-01 21:00:00+00:00,2010-08-01 21:00:00+00:00,CHF,CHF_JPY,-1,-1,0.159100341608433,0.009341403972966674,2010-07-01 21:00:00+00:00,2010-08-01 21:00:00+00:00,82.71,82.995,-28.50000000000108,7.949999999999591,-15.099508225277223,-51.54950822527789,False,momentum_spread1.5x
2010-07-31 21:00:00+00:00,2010-08-01 21:00:00+00:00,2010-09-01 21:00:00+00:00,EUR,EUR_USD,-1,-1,0.16766384295015652,0.006769908222754972,2010-08-01 21:00:00+00:00,2010-09-01 21:00:00+00:00,1.30629,1.28093,253.60000000000048,2.849999999998687,-10.260364493150684,240.4896355068511,False,momentum_spread1.5x
2010-07-31 21:00:00+00:00,2010-08-01 21:00:00+00:00,2010-09-01 21:00:00+00:00,GBP,GBP_USD,-1,-1,0.19409258325452688,0.005848079354781267,2010-08-01 21:00:00+00:00,2010-09-01 21:00:00+00:00,1.57106,1.5455,255.59999999999803,4.350000000001852,-14.947419000547942,236.30258099944825,False,momentum_spread1.5x
2010-07-31 21:00:00+00:00,2010-08-01 21:00:00+00:00,2010-09-01 21:00:00+00:00,JPY,USD_JPY,1,-1,0.21778528074007222,0.005211871184268293,2010-08-01 21:00:00+00:00,2010-09-01 21:00:00+00:00,86.346,84.427,191.8999999999997,3.900000000001569,-15.394229257534247,172.60577074246387,False,momentum_spread1.5x
2010-07-31 21:00:00+00:00,2010-08-01 21:00:00+00:00,2010-09-01 21:00:00+00:00,NZD,NZD_USD,1,1,0.11149703406330218,0.010180260296453539,2010-08-01 21:00:00+00:00,2010-09-01 21:00:00+00:00,0.72615,0.71196,-141.89999999999924,3.300000000001635,8.693368684931508,-136.50663131506937,False,momentum_spread1.5x
2010-07-31 21:00:00+00:00,2010-08-01 21:00:00+00:00,2010-09-01 21:00:00+00:00,CAD,CAD_JPY,1,1,0.10968719548218386,0.010348234577948787,2010-08-01 21:00:00+00:00,2010-09-01 21:00:00+00:00,83.955,80.444,-351.09999999999957,5.550000000000921,-7.739967832720165,-364.38996783272063,False,momentum_spread1.5x
2010-07-31 21:00:00+00:00,2010-08-01 21:00:00+00:00,2010-09-01 21:00:00+00:00,CHF,CHF_JPY,-1,-1,0.19927406350975835,0.005696018885023535,2010-08-01 21:00:00+00:00,2010-09-01 21:00:00+00:00,82.995,83.11,-11.499999999999488,7.949999999999591,-17.614317233391873,-37.06431723339095,False,momentum_spread1.5x
2010-08-31 21:00:00+00:00,2010-09-01 21:00:00+00:00,2010-10-02 21:00:00+00:00,EUR,EUR_USD,-1,-1,0.16352226062409608,0.006606294238387226,2010-09-01 21:00:00+00:00,2010-10-02 21:00:00+00:00,1.28093,1.3787,-977.7000000000013,2.849999999998687,-9.260041671232878,-989.8100416712329,False,momentum_spread1.5x
2010-08-31 21:00:00+00:00,2010-09-01 21:00:00+00:00,2010-10-02 21:00:00+00:00,GBP,GBP_USD,-1,-1,0.2002306115188932,0.005395159910936437,2010-09-01 21:00:00+00:00,2010-10-02 21:00:00+00:00,1.5455,1.58205,-365.4999999999986,4.350000000001852,-13.61226817205479,-383.4622681720552,False,momentum_spread1.5x
2010-08-31 21:00:00+00:00,2010-09-01 21:00:00+00:00,2010-10-02 21:00:00+00:00,JPY,USD_JPY,1,-1,0.20207331791186062,0.005345961452863411,2010-09-01 21:00:00+00:00,2010-10-02 21:00:00+00:00,84.427,83.224,120.3000000000003,3.900000000001569,-14.138825821917811,102.26117417808092,False,momentum_spread1.5x
2010-08-31 21:00:00+00:00,2010-09-01 21:00:00+00:00,2010-10-02 21:00:00+00:00,AUD,AUD_USD,1,1,0.12388718668950963,0.00871983775785018,2010-09-01 21:00:00+00:00,2010-10-02 21:00:00+00:00,0.91158,0.97239,608.1000000000003,2.700000000001035,18.041792835616437,623.4417928356156,False,momentum_spread1.5x
2010-08-31 21:00:00+00:00,2010-09-01 21:00:00+00:00,2010-10-02 21:00:00+00:00,NZD,NZD_USD,1,1,0.1287551495619919,0.00839015893254738,2010-09-01 21:00:00+00:00,2010-10-02 21:00:00+00:00,0.71196,0.74503,330.6999999999993,3.300000000001635,7.088463123287672,334.4884631232853,False,momentum_spread1.5x
2010-08-31 21:00:00+00:00,2010-09-01 21:00:00+00:00,2010-10-02 21:00:00+00:00,CHF,CHF_JPY,-1,-1,0.18153147369364853,0.005950902872259431,2010-09-01 21:00:00+00:00,2010-10-02 21:00:00+00:00,83.11,85.483,-237.30000000000047,7.949999999999591,-16.200951248767037,-261.45095124876707,False,momentum_spread1.5x
2010-09-30 21:00:00+00:00,2010-10-02 21:00:00+00:00,2010-11-01 21:00:00+00:00,EUR,EUR_USD,-1,-1,0.15296416947511016,0.006425105787848849,2010-10-02 21:00:00+00:00,2010-11-01 21:00:00+00:00,1.3787,1.38931,-106.10000000000008,2.849999999998687,-9.00917701369863,-117.9591770136974,False,momentum_spread1.5x
2010-09-30 21:00:00+00:00,2010-10-02 21:00:00+00:00,2010-11-01 21:00:00+00:00,GBP,GBP_USD,-1,-1,0.22530885705563605,0.004362060965873768,2010-10-02 21:00:00+00:00,2010-11-01 21:00:00+00:00,1.58205,1.6036,-215.49999999999957,4.350000000001852,-13.301434163287668,-233.15143416328908,False,momentum_spread1.5x
2010-09-30 21:00:00+00:00,2010-10-02 21:00:00+00:00,2010-11-01 21:00:00+00:00,JPY,USD_JPY,1,-1,0.15568422508892915,0.006312848781349724,2010-10-02 21:00:00+00:00,2010-11-01 21:00:00+00:00,83.224,80.513,271.09999999999985,3.900000000001569,-13.585702526027399,253.61429747397088,False,momentum_spread1.5x
2010-09-30 21:00:00+00:00,2010-10-02 21:00:00+00:00,2010-11-01 21:00:00+00:00,AUD,AUD_USD,1,1,0.15009358073953227,0.00654798803376916,2010-10-02 21:00:00+00:00,2010-11-01 21:00:00+00:00,0.97239,0.9871,147.1,2.700000000001035,17.518918304794514,161.91891830479346,False,momentum_spread1.5x
2010-09-30 21:00:00+00:00,2010-10-02 21:00:00+00:00,2010-11-01 21:00:00+00:00,NZD,NZD_USD,-1,-1,0.15379336935434512,0.006390463872103567,2010-10-02 21:00:00+00:00,2010-11-01 21:00:00+00:00,0.74503,0.7673,-222.7000000000001,3.300000000001635,-16.900733835616435,-242.90073383561815,False,momentum_spread1.5x
2010-09-30 21:00:00+00:00,2010-10-02 21:00:00+00:00,2010-11-01 21:00:00+00:00,CHF,CHF_JPY,1,1,0.16215579828644722,0.006060905505777185,2010-10-02 21:00:00+00:00,2010-11-01 21:00:00+00:00,85.483,81.174,-430.89999999999975,7.949999999999591,-21.915510467452812,-460.76551046745215,False,momentum_spread1.5x
2010-10-31 21:00:00+00:00,2010-11-01 21:00:00+00:00,2010-12-01 22:00:00+00:00,EUR,EUR_USD,-1,-1,0.15753276854032522,0.006641663938569484,2010-11-01 21:00:00+00:00,2010-12-01 22:00:00+00:00,1.38931,1.31387,754.3999999999995,2.849999999998687,-9.893474931506852,741.656525068494,False,momentum_spread1.5x
2010-10-31 21:00:00+00:00,2010-11-01 21:00:00+00:00,2010-12-01 22:00:00+00:00,GBP,GBP_USD,-1,-1,0.22028666772863212,0.004749627922313427,2010-11-01 21:00:00+00:00,2010-12-01 22:00:00+00:00,1.6036,1.56228,413.2000000000002,4.350000000001852,-14.634602585205469,394.2153974147929,False,momentum_spread1.5x
2010-10-31 21:00:00+00:00,2010-11-01 21:00:00+00:00,2010-12-01 22:00:00+00:00,JPY,USD_JPY,1,-1,0.18702995098722275,0.005594182655957439,2010-11-01 21:00:00+00:00,2010-12-01 22:00:00+00:00,80.513,84.197,-368.39999999999975,3.900000000001569,-15.0639533890411,-387.3639533890424,False,momentum_spread1.5x
2010-10-31 21:00:00+00:00,2010-11-01 21:00:00+00:00,2010-12-01 22:00:00+00:00,AUD,AUD_USD,1,1,0.1526218965119457,0.006855370899387292,2010-11-01 21:00:00+00:00,2010-12-01 22:00:00+00:00,0.9871,0.96826,-188.39999999999966,2.700000000001035,20.6552122089041,-170.44478779109662,False,momentum_spread1.5x
2010-10-31 21:00:00+00:00,2010-11-01 21:00:00+00:00,2010-12-01 22:00:00+00:00,NZD,NZD_USD,-1,-1,0.15118147708309754,0.0069206871644877455,2010-11-01 21:00:00+00:00,2010-12-01 22:00:00+00:00,0.7673,0.74885,184.49999999999966,3.300000000001635,-19.155727726027393,162.04427227397065,False,momentum_spread1.5x
2010-10-31 21:00:00+00:00,2010-11-01 21:00:00+00:00,2010-12-01 22:00:00+00:00,CAD,CAD_JPY,1,1,0.13134723914877672,0.007965753332448599,2010-11-01 21:00:00+00:00,2010-12-01 22:00:00+00:00,79.3,82.776,347.5999999999999,5.550000000000921,-5.151321811859102,336.8986781881399,False,momentum_spread1.5x
2010-11-30 22:00:00+00:00,2010-12-01 22:00:00+00:00,2011-01-01 22:00:00+00:00,EUR,EUR_USD,-1,-1,0.13175599462776436,0.0072864155200590055,2010-12-01 22:00:00+00:00,2011-01-01 22:00:00+00:00,1.31387,1.33821,-243.39999999999804,2.849999999998687,-9.376066575342465,-255.6260665753392,False,momentum_spread1.5x
2010-11-30 22:00:00+00:00,2010-12-01 22:00:00+00:00,2011-01-01 22:00:00+00:00,GBP,GBP_USD,-1,-1,0.18053929393804521,0.0053175621947762885,2010-12-01 22:00:00+00:00,2011-01-01 22:00:00+00:00,1.56228,1.56161,6.699999999999484,4.350000000001852,-13.924937742465746,-11.574937742468114,False,momentum_spread1.5x
2010-11-30 22:00:00+00:00,2010-12-01 22:00:00+00:00,2011-01-01 22:00:00+00:00,JPY,USD_JPY,1,-1,0.24891040274062726,0.0038569256790642634,2010-12-01 22:00:00+00:00,2011-01-01 22:00:00+00:00,84.197,81.21,298.7000000000009,3.900000000001569,-14.027846027397265,280.77215397260204,False,momentum_spread1.5x
2010-11-30 22:00:00+00:00,2010-12-01 22:00:00+00:00,2011-01-01 22:00:00+00:00,AUD,AUD_USD,1,1,0.13284478837424404,0.007226696175780755,2010-12-01 22:00:00+00:00,2011-01-01 22:00:00+00:00,0.96826,1.02314,548.7999999999993,2.6999999999993696,19.542256849315073,565.642256849315,False,momentum_spread1.5x
2010-11-30 22:00:00+00:00,2010-12-01 22:00:00+00:00,2011-01-01 22:00:00+00:00,NZD,NZD_USD,1,1,0.12382112550612992,0.007753353235906628,2010-12-01 22:00:00+00:00,2011-01-01 22:00:00+00:00,0.74885,0.77967,308.1999999999996,3.300000000001635,7.100964821917807,312.0009648219157,False,momentum_spread1.5x
2010-11-30 22:00:00+00:00,2010-12-01 22:00:00+00:00,2011-01-01 22:00:00+00:00,CHF,CHF_JPY,-1,-1,0.18212839481318924,0.005271165570317926,2010-12-01 22:00:00+00:00,2011-01-01 22:00:00+00:00,83.994,86.892,-289.7999999999996,7.949999999999591,-15.876942809415526,-313.62694280941474,False,momentum_spread1.5x
2010-12-30 22:00:00+00:00,2011-01-01 22:00:00+00:00,2011-02-01 22:00:00+00:00,EUR,EUR_USD,-1,-1,0.1492417355964264,0.00674509095382534,2011-01-01 22:00:00+00:00,2011-02-01 22:00:00+00:00,1.33821,1.38289,-446.8000000000005,2.849999999998687,-9.476412438356164,-459.1264124383554,False,momentum_spread1.5x
2010-12-30 22:00:00+00:00,2011-01-01 22:00:00+00:00,2011-02-01 22:00:00+00:00,GBP,GBP_USD,-1,-1,0.18201459748973578,0.0055305953181113195,2011-01-01 22:00:00+00:00,2011-02-01 22:00:00+00:00,1.56161,1.61415,-525.4000000000003,4.350000000001852,-13.917779052054792,-543.667779052057,False,momentum_spread1.5x
2010-12-30 22:00:00+00:00,2011-01-01 22:00:00+00:00,2011-02-01 22:00:00+00:00,JPY,USD_JPY,1,-1,0.2160745644985825,0.004658804163463918,2011-01-01 22:00:00+00:00,2011-02-01 22:00:00+00:00,81.21,81.358,-14.800000000001035,3.900000000001569,-13.908875687671234,-32.60887568767384,False,momentum_spread1.5x
2010-12-30 22:00:00+00:00,2011-01-01 22:00:00+00:00,2011-02-01 22:00:00+00:00,AUD,AUD_USD,1,1,0.14619690064023175,0.0068855705989407994,2011-01-01 22:00:00+00:00,2011-02-01 22:00:00+00:00,1.02314,1.01104,-120.99999999999999,2.6999999999977042,19.603266821917806,-104.09673317807989,False,momentum_spread1.5x
2010-12-30 22:00:00+00:00,2011-01-01 22:00:00+00:00,2011-02-01 22:00:00+00:00,NZD,NZD_USD,1,1,0.12846861758595451,0.007835758643788085,2011-01-01 22:00:00+00:00,2011-02-01 22:00:00+00:00,0.77967,0.78132,16.5000000000004,3.300000000001635,8.185487178082191,21.385487178080957,False,momentum_spread1.5x
2010-12-30 22:00:00+00:00,2011-01-01 22:00:00+00:00,2011-02-01 22:00:00+00:00,CHF,CHF_JPY,-1,-1,0.17800358418906903,0.0056552180412020375,2011-01-01 22:00:00+00:00,2011-02-01 22:00:00+00:00,86.892,86.982,-9.000000000000341,7.949999999999591,-15.228289026933053,-32.17828902693299,False,momentum_spread1.5x
2011-01-31 22:00:00+00:00,2011-02-01 22:00:00+00:00,2011-03-01 22:00:00+00:00,EUR,EUR_USD,-1,-1,0.14769954293369236,0.006336453066171119,2011-02-01 22:00:00+00:00,2011-03-01 22:00:00+00:00,1.38289,1.37767,52.200000000000024,2.849999999998687,-8.987226356164387,40.36277364383695,False,momentum_spread1.5x
2011-01-31 22:00:00+00:00,2011-02-01 22:00:00+00:00,2011-03-01 22:00:00+00:00,GBP,GBP_USD,-1,-1,0.18050647878963016,0.0051848068167403265,2011-02-01 22:00:00+00:00,2011-03-01 22:00:00+00:00,1.61415,1.62666,-125.10000000000021,4.350000000001852,-13.184251907945205,-142.63425190794726,False,momentum_spread1.5x
2011-01-31 22:00:00+00:00,2011-02-01 22:00:00+00:00,2011-03-01 22:00:00+00:00,JPY,USD_JPY,1,-1,0.17963622652065586,0.005209924745255391,2011-02-01 22:00:00+00:00,2011-03-01 22:00:00+00:00,81.358,81.85,-49.19999999999902,3.900000000001569,-12.687210109589047,-65.78721010958964,False,momentum_spread1.5x
2011-01-31 22:00:00+00:00,2011-02-01 22:00:00+00:00,2011-03-01 22:00:00+00:00,AUD,AUD_USD,1,1,0.14545430959089392,0.00643426258270768,2011-02-01 22:00:00+00:00,2011-03-01 22:00:00+00:00,1.01104,1.01336,23.200000000000998,2.6999999999977042,18.38306736986301,38.8830673698663,False,momentum_spread1.5x
2011-01-31 22:00:00+00:00,2011-02-01 22:00:00+00:00,2011-03-01 22:00:00+00:00,CAD,CAD_JPY,-1,-1,0.14667505947771356,0.006380711383563278,2011-02-01 22:00:00+00:00,2011-03-01 22:00:00+00:00,82.124,83.98,-185.60000000000088,5.550000000000921,-15.120075832950695,-206.2700758329525,False,momentum_spread1.5x
2011-01-31 22:00:00+00:00,2011-02-01 22:00:00+00:00,2011-03-01 22:00:00+00:00,CHF,CHF_JPY,1,1,0.2000283826874142,0.004678792124999539,2011-02-01 22:00:00+00:00,2011-03-01 22:00:00+00:00,86.982,88.175,119.29999999999978,7.949999999999591,-22.818461675191557,88.53153832480864,False,momentum_spread1.5x
2011-02-28 22:00:00+00:00,2011-03-01 22:00:00+00:00,2011-04-01 21:00:00+00:00,EUR,EUR_USD,-1,-1,0.1509116111377279,0.005735213131379366,2011-03-01 22:00:00+00:00,2011-04-01 21:00:00+00:00,1.37767,1.42366,-459.89999999999975,2.849999999998687,-10.780908657534246,-473.5309086575327,False,momentum_spread1.5x
2011-02-28 22:00:00+00:00,2011-03-01 22:00:00+00:00,2011-04-01 21:00:00+00:00,GBP,GBP_USD,-1,-1,0.19092012869372266,0.004533363034042262,2011-03-01 22:00:00+00:00,2011-04-01 21:00:00+00:00,1.62666,1.61119,154.70000000000093,4.350000000001852,-15.844568109589039,134.50543189041005,False,momentum_spread1.5x
2011-02-28 22:00:00+00:00,2011-03-01 22:00:00+00:00,2011-04-01 21:00:00+00:00,AUD,AUD_USD,1,1,0.15637799477070458,0.005534731757775782,2011-03-01 22:00:00+00:00,2011-04-01 21:00:00+00:00,1.01336,1.03865,252.90000000000035,2.6999999999977042,21.78056021917808,271.9805602191807,False,momentum_spread1.5x
2011-02-28 22:00:00+00:00,2011-03-01 22:00:00+00:00,2011-04-01 21:00:00+00:00,NZD,NZD_USD,1,1,0.1317849691544488,0.006567594615895511,2011-03-01 22:00:00+00:00,2011-04-01 21:00:00+00:00,0.7472,0.768,208.0000000000004,3.300000000001635,5.30228293150685,210.00228293150562,False,momentum_spread1.5x
2011-02-28 22:00:00+00:00,2011-03-01 22:00:00+00:00,2011-04-01 21:00:00+00:00,CAD,CAD_JPY,-1,-1,0.151665234663116,0.005706714896114556,2011-03-01 22:00:00+00:00,2011-04-01 21:00:00+00:00,83.98,87.26,-328.0000000000001,5.550000000000921,-17.912911765029186,-351.46291176503024,False,momentum_spread1.5x
2011-02-28 22:00:00+00:00,2011-03-01 22:00:00+00:00,2011-04-01 21:00:00+00:00,CHF,CHF_JPY,1,1,0.21834006158028016,0.003964046944067016,2011-03-01 22:00:00+00:00,2011-04-01 21:00:00+00:00,88.175,91.009,283.4000000000003,7.949999999999591,-26.47524584305344,248.97475415694728,False,momentum_spread1.5x
2011-03-31 21:00:00+00:00,2011-04-01 21:00:00+00:00,2011-05-01 21:00:00+00:00,EUR,EUR_USD,-1,-1,0.19457356565405143,0.004779717174571784,2011-04-01 21:00:00+00:00,2011-05-01 21:00:00+00:00,1.42366,1.4817,-580.4000000000009,2.849999999998687,-11.02236589041096,-594.2723658904105,False,momentum_spread1.5x
2011-03-31 21:00:00+00:00,2011-04-01 21:00:00+00:00,2011-05-01 21:00:00+00:00,JPY,USD_JPY,1,-1,0.17211712615694438,0.005403335706560178,2011-04-01 21:00:00+00:00,2011-05-01 21:00:00+00:00,84.061,81.121,294.0000000000012,3.900000000001569,-12.296561232876714,277.8034387671229,False,momentum_spread1.5x
2011-03-31 21:00:00+00:00,2011-04-01 21:00:00+00:00,2011-05-01 21:00:00+00:00,AUD,AUD_USD,1,1,0.15858414735663928,0.005864436193504589,2011-04-01 21:00:00+00:00,2011-05-01 21:00:00+00:00,1.03865,1.09639,577.399999999999,2.6999999999977042,18.714809095890406,593.4148090958917,False,momentum_spread1.5x
2011-03-31 21:00:00+00:00,2011-04-01 21:00:00+00:00,2011-05-01 21:00:00+00:00,NZD,NZD_USD,-1,-1,0.14602331772731594,0.006368891132928752,2011-04-01 21:00:00+00:00,2011-05-01 21:00:00+00:00,0.768,0.8094,-413.9999999999999,3.300000000001635,-14.422272082191775,-431.72227208219334,False,momentum_spread1.5x
2011-03-31 21:00:00+00:00,2011-04-01 21:00:00+00:00,2011-05-01 21:00:00+00:00,CAD,CAD_JPY,-1,-1,0.13093824830010523,0.007102635215821755,2011-04-01 21:00:00+00:00,2011-05-01 21:00:00+00:00,87.26,85.767,149.30000000000092,5.550000000000921,-15.413653317041094,128.33634668295892,False,momentum_spread1.5x
2011-03-31 21:00:00+00:00,2011-04-01 21:00:00+00:00,2011-05-01 21:00:00+00:00,CHF,CHF_JPY,1,1,0.19776359480494377,0.004702617862461568,2011-04-01 21:00:00+00:00,2011-05-01 21:00:00+00:00,91.009,93.764,275.49999999999955,7.949999999999591,-22.354071311953735,245.19592868804622,False,momentum_spread1.5x
2011-04-30 21:00:00+00:00,2011-05-01 21:00:00+00:00,2011-06-01 21:00:00+00:00,GBP,GBP_USD,-1,-1,0.23532399876259824,0.0039393336899597895,2011-05-01 21:00:00+00:00,2011-06-01 21:00:00+00:00,1.67144,1.63332,381.1999999999993,4.350000000001852,-16.464070164383564,360.3859298356139,False,momentum_spread1.5x
2011-04-30 21:00:00+00:00,2011-05-01 21:00:00+00:00,2011-06-01 21:00:00+00:00,JPY,USD_JPY,1,-1,0.159708965945745,0.005804431522626467,2011-05-01 21:00:00+00:00,2011-06-01 21:00:00+00:00,81.121,80.953,16.799999999999216,3.900000000001569,-14.384757046575348,-1.4847570465777018,False,momentum_spread1.5x
2011-04-30 21:00:00+00:00,2011-05-01 21:00:00+00:00,2011-06-01 21:00:00+00:00,AUD,AUD_USD,1,1,0.15996329178127,0.005795203049766841,2011-05-01 21:00:00+00:00,2011-06-01 21:00:00+00:00,1.09639,1.0614,-349.9000000000008,2.6999999999977042,22.05891821917808,-330.54108178082043,False,momentum_spread1.5x
2011-04-30 21:00:00+00:00,2011-05-01 21:00:00+00:00,2011-06-01 21:00:00+00:00,NZD,NZD_USD,-1,-1,0.15721891880127595,0.005896362622575391,2011-05-01 21:00:00+00:00,2011-06-01 21:00:00+00:00,0.8094,0.81458,-51.79999999999962,3.300000000001635,-17.561761150684937,-72.6617611506862,False,momentum_spread1.5x
2011-04-30 21:00:00+00:00,2011-05-01 21:00:00+00:00,2011-06-01 21:00:00+00:00,CAD,CAD_JPY,-1,-1,0.11859052560292974,0.007816979911915134,2011-05-01 21:00:00+00:00,2011-06-01 21:00:00+00:00,85.767,82.825,294.1999999999993,5.550000000000921,-18.095639099327524,270.5543609006709,False,momentum_spread1.5x
2011-04-30 21:00:00+00:00,2011-05-01 21:00:00+00:00,2011-06-01 21:00:00+00:00,CHF,CHF_JPY,1,1,0.16919429910618097,0.005479024773759019,2011-05-01 21:00:00+00:00,2011-06-01 21:00:00+00:00,93.764,96.154,239.00000000000006,7.949999999999591,-26.86617545005055,204.18382454994992,False,momentum_spread1.5x
2011-05-31 21:00:00+00:00,2011-06-01 21:00:00+00:00,2011-07-01 21:00:00+00:00,EUR,EUR_USD,1,1,0.1469147116836499,0.006049567924202196,2011-06-01 21:00:00+00:00,2011-07-01 21:00:00+00:00,1.43276,1.45253,197.70000000000064,2.849999999998687,-6.484851397260274,188.36514860274167,False,momentum_spread1.5x
2011-05-31 21:00:00+00:00,2011-06-01 21:00:00+00:00,2011-07-01 21:00:00+00:00,GBP,GBP_USD,-1,-1,0.22828090856015315,0.0038933195640432922,2011-06-01 21:00:00+00:00,2011-07-01 21:00:00+00:00,1.63332,1.60759,257.3000000000003,4.350000000001852,-15.109131981369856,237.8408680186286,False,momentum_spread1.5x
2011-05-31 21:00:00+00:00,2011-06-01 21:00:00+00:00,2011-07-01 21:00:00+00:00,JPY,USD_JPY,-1,1,0.1963044114383878,0.004527511739968065,2011-06-01 21:00:00+00:00,2011-07-01 21:00:00+00:00,80.953,80.83,-12.300000000000466,3.900000000001569,-14.287094827397258,-30.487094827399293,False,momentum_spread1.5x
2011-05-31 21:00:00+00:00,2011-06-01 21:00:00+00:00,2011-07-01 21:00:00+00:00,AUD,AUD_USD,1,1,0.14787732428360512,0.006010188050808263,2011-06-01 21:00:00+00:00,2011-07-01 21:00:00+00:00,1.0614,1.07697,155.70000000000084,2.6999999999977042,20.079907232876707,173.07990723287983,False,momentum_spread1.5x
2011-05-31 21:00:00+00:00,2011-06-01 21:00:00+00:00,2011-07-01 21:00:00+00:00,CAD,CAD_JPY,-1,-1,0.12535037941551605,0.00709028988614939,2011-06-01 21:00:00+00:00,2011-07-01 21:00:00+00:00,82.825,84.322,-149.7,5.550000000000921,-16.458540272663754,-171.70854027266466,False,momentum_spread1.5x
2011-05-31 21:00:00+00:00,2011-06-01 21:00:00+00:00,2011-07-01 21:00:00+00:00,CHF,CHF_JPY,1,1,0.15527226461868793,0.005723949023204066,2011-06-01 21:00:00+00:00,2011-07-01 21:00:00+00:00,96.154,95.436,-71.79999999999893,7.949999999999591,-24.693726638828412,-104.44372663882693,False,momentum_spread1.5x
2011-06-30 21:00:00+00:00,2011-07-01 21:00:00+00:00,2011-08-01 21:00:00+00:00,GBP,GBP_USD,-1,-1,0.20580869704861554,0.004071588424416334,2011-07-01 21:00:00+00:00,2011-08-01 21:00:00+00:00,1.60759,1.62944,-218.49999999999923,4.350000000001852,-14.724141282191777,-237.57414128219284,False,momentum_spread1.5x
2011-06-30 21:00:00+00:00,2011-07-01 21:00:00+00:00,2011-08-01 21:00:00+00:00,JPY,USD_JPY,-1,1,0.2325609449573372,0.0036032202599670144,2011-07-01 21:00:00+00:00,2011-08-01 21:00:00+00:00,80.83,77.208,-362.2,3.900000000001569,-14.1042001260274,-380.204200126029,False,momentum_spread1.5x
2011-06-30 21:00:00+00:00,2011-07-01 21:00:00+00:00,2011-08-01 21:00:00+00:00,AUD,AUD_USD,1,1,0.14169758874630767,0.0059137795918858685,2011-07-01 21:00:00+00:00,2011-08-01 21:00:00+00:00,1.07697,1.0971,201.2999999999998,2.6999999999977042,19.51365842465754,218.11365842465963,False,momentum_spread1.5x
2011-06-30 21:00:00+00:00,2011-07-01 21:00:00+00:00,2011-08-01 21:00:00+00:00,NZD,NZD_USD,1,1,0.13245079460865097,0.006326638590755721,2011-07-01 21:00:00+00:00,2011-08-01 21:00:00+00:00,0.82725,0.87656,493.0999999999996,3.300000000001635,5.557005041095889,495.3570050410938,False,momentum_spread1.5x
2011-06-30 21:00:00+00:00,2011-07-01 21:00:00+00:00,2011-08-01 21:00:00+00:00,CAD,CAD_JPY,-1,-1,0.12772503860310427,0.006560720730343822,2011-07-01 21:00:00+00:00,2011-08-01 21:00:00+00:00,84.322,80.666,365.6000000000006,5.550000000000921,-15.880594981621414,344.16940501837826,False,momentum_spread1.5x
2011-06-30 21:00:00+00:00,2011-07-01 21:00:00+00:00,2011-08-01 21:00:00+00:00,CHF,CHF_JPY,1,1,0.1597569360359842,0.00524527027958651,2011-07-01 21:00:00+00:00,2011-08-01 21:00:00+00:00,95.436,98.533,309.6999999999994,7.949999999999591,-24.196015956691618,277.5539840433082,False,momentum_spread1.5x
2011-07-31 21:00:00+00:00,2011-08-01 21:00:00+00:00,2011-09-01 21:00:00+00:00,GBP,GBP_USD,-1,-1,0.19474185433399638,0.004345373112894378,2011-08-01 21:00:00+00:00,2011-09-01 21:00:00+00:00,1.62944,1.61804,114.00000000000077,4.350000000001852,-16.655078709041092,92.99492129095782,False,momentum_spread1.5x
2011-07-31 21:00:00+00:00,2011-08-01 21:00:00+00:00,2011-09-01 21:00:00+00:00,JPY,USD_JPY,-1,1,0.21402000397524126,0.003953957583684731,2011-08-01 21:00:00+00:00,2011-09-01 21:00:00+00:00,77.208,76.925,-28.300000000000125,3.900000000001569,-15.821723426027397,-48.02172342602909,False,momentum_spread1.5x
2011-07-31 21:00:00+00:00,2011-08-01 21:00:00+00:00,2011-09-01 21:00:00+00:00,AUD,AUD_USD,1,1,0.16217376668026645,0.005218020368525555,2011-08-01 21:00:00+00:00,2011-09-01 21:00:00+00:00,1.0971,1.07212,-249.8,2.6999999999977042,22.05891821917807,-230.44108178081964,False,momentum_spread1.5x
2011-07-31 21:00:00+00:00,2011-08-01 21:00:00+00:00,2011-09-01 21:00:00+00:00,NZD,NZD_USD,1,1,0.13261621479152033,0.0063810147130835635,2011-08-01 21:00:00+00:00,2011-09-01 21:00:00+00:00,0.87656,0.85088,-256.80000000000035,3.300000000001635,7.1228427945205475,-252.97715720548146,False,momentum_spread1.5x
2011-07-31 21:00:00+00:00,2011-08-01 21:00:00+00:00,2011-09-01 21:00:00+00:00,CAD,CAD_JPY,-1,-1,0.12493307944198928,0.006773434398301798,2011-08-01 21:00:00+00:00,2011-09-01 21:00:00+00:00,80.666,78.744,192.1999999999997,5.550000000000921,-18.009115770695587,168.6408842293032,False,momentum_spread1.5x
2011-07-31 21:00:00+00:00,2011-08-01 21:00:00+00:00,2011-09-01 21:00:00+00:00,CHF,CHF_JPY,1,1,0.17151508077698624,0.004933828640284133,2011-08-01 21:00:00+00:00,2011-09-01 21:00:00+00:00,98.533,96.698,-183.5000000000008,7.949999999999591,-30.45628369268599,-221.90628369268637,False,momentum_spread1.5x
2011-08-31 21:00:00+00:00,2011-09-01 21:00:00+00:00,2011-10-01 21:00:00+00:00,GBP,GBP_USD,-1,-1,0.2378145006698194,0.004805825118940587,2011-09-01 21:00:00+00:00,2011-10-01 21:00:00+00:00,1.61804,1.55838,596.5999999999982,4.350000000001852,-14.85740305753424,577.3925969424621,False,momentum_spread1.5x
2011-08-31 21:00:00+00:00,2011-09-01 21:00:00+00:00,2011-10-01 21:00:00+00:00,JPY,USD_JPY,-1,1,0.23376953859278032,0.004888981292632059,2011-09-01 21:00:00+00:00,2011-10-01 21:00:00+00:00,76.925,77.053,12.800000000000011,3.900000000001569,-14.026514269863013,-5.12651426986457,False,momentum_spread1.5x
2011-08-31 21:00:00+00:00,2011-09-01 21:00:00+00:00,2011-10-01 21:00:00+00:00,AUD,AUD_USD,1,1,0.13846549490589968,0.008254005098844558,2011-09-01 21:00:00+00:00,2011-10-01 21:00:00+00:00,1.07212,0.96617,-1059.4999999999998,2.6999999999993696,19.443115643835608,-1042.7568843561635,False,momentum_spread1.5x
2011-08-31 21:00:00+00:00,2011-09-01 21:00:00+00:00,2011-10-01 21:00:00+00:00,NZD,NZD_USD,1,1,0.11238051868702145,0.010169866755556463,2011-09-01 21:00:00+00:00,2011-10-01 21:00:00+00:00,0.85088,0.76142,-894.5999999999998,3.300000000001635,6.230534054794519,-891.669465945207,False,momentum_spread1.5x
2011-08-31 21:00:00+00:00,2011-09-01 21:00:00+00:00,2011-10-01 21:00:00+00:00,CAD,CAD_JPY,-1,-1,0.18283341139926781,0.006251017755564933,2011-09-01 21:00:00+00:00,2011-10-01 21:00:00+00:00,78.744,73.368,537.6000000000005,5.550000000000921,-15.817725747084152,516.2322742529153,False,momentum_spread1.5x
2011-08-31 21:00:00+00:00,2011-09-01 21:00:00+00:00,2011-10-01 21:00:00+00:00,CHF,CHF_JPY,1,1,0.09473653574521126,0.012063929633664086,2011-09-01 21:00:00+00:00,2011-10-01 21:00:00+00:00,96.698,84.855,-1184.2999999999988,7.949999999999591,-26.647869514291155,-1218.8978695142896,False,momentum_spread1.5x
2011-09-30 21:00:00+00:00,2011-10-01 21:00:00+00:00,2011-11-01 21:00:00+00:00,EUR,EUR_USD,-1,-1,0.19158686726164742,0.00708195833856479,2011-10-01 21:00:00+00:00,2011-11-01 21:00:00+00:00,1.33866,1.37033,-316.70000000000084,2.849999999998687,-15.124003041095895,-334.6740030410954,False,momentum_spread1.5x
2011-09-30 21:00:00+00:00,2011-10-01 21:00:00+00:00,2011-11-01 21:00:00+00:00,GBP,GBP_USD,-1,-1,0.2695912223662875,0.0050328426877328455,2011-10-01 21:00:00+00:00,2011-11-01 21:00:00+00:00,1.55838,1.59488,-364.9999999999998,4.350000000001852,-15.350765316164374,-384.700765316166,False,momentum_spread1.5x
2011-09-30 21:00:00+00:00,2011-10-01 21:00:00+00:00,2011-11-01 21:00:00+00:00,AUD,AUD_USD,1,1,0.1396890378225933,0.009713075795441404,2011-10-01 21:00:00+00:00,2011-11-01 21:00:00+00:00,0.96617,1.033,668.2999999999994,2.6999999999993696,20.13186103767122,685.7318610376713,False,momentum_spread1.5x
2011-09-30 21:00:00+00:00,2011-10-01 21:00:00+00:00,2011-11-01 21:00:00+00:00,NZD,NZD_USD,1,1,0.1229639441639223,0.011034211869085592,2011-10-01 21:00:00+00:00,2011-11-01 21:00:00+00:00,0.76142,0.79516,337.3999999999999,3.300000000001635,6.4930697260273975,340.59306972602565,False,momentum_spread1.5x
2011-09-30 21:00:00+00:00,2011-10-01 21:00:00+00:00,2011-11-01 21:00:00+00:00,CAD,CAD_JPY,-1,-1,0.19174171146908872,0.007076239185347342,2011-10-01 21:00:00+00:00,2011-11-01 21:00:00+00:00,73.368,76.802,-343.40000000000117,5.550000000000921,-16.374960625029345,-365.32496062503145,False,momentum_spread1.5x
2011-09-30 21:00:00+00:00,2011-10-01 21:00:00+00:00,2011-11-01 21:00:00+00:00,CHF,CHF_JPY,1,1,0.08442721691646084,0.01607076795514494,2011-10-01 21:00:00+00:00,2011-11-01 21:00:00+00:00,84.855,88.353,349.79999999999905,7.949999999999591,-28.09993914918802,313.75006085081145,False,momentum_spread1.5x
2011-10-31 21:00:00+00:00,2011-11-01 21:00:00+00:00,2011-12-01 22:00:00+00:00,EUR,EUR_USD,-1,-1,0.1607440996623432,0.007525378467974687,2011-11-01 21:00:00+00:00,2011-12-01 22:00:00+00:00,1.37033,1.34623,241.00000000000009,2.849999999998687,-14.060964054794516,224.0890359452069,False,momentum_spread1.5x
2011-10-31 21:00:00+00:00,2011-11-01 21:00:00+00:00,2011-12-01 22:00:00+00:00,GBP,GBP_USD,-1,-1,0.2543981782334163,0.004754987613720579,2011-11-01 21:00:00+00:00,2011-12-01 22:00:00+00:00,1.59488,1.56898,259.00000000000034,4.350000000001852,-16.225850974246566,238.42414902575194,False,momentum_spread1.5x
2011-10-31 21:00:00+00:00,2011-11-01 21:00:00+00:00,2011-12-01 22:00:00+00:00,JPY,USD_JPY,1,-1,0.23591580044136762,0.005127508137182244,2011-11-01 21:00:00+00:00,2011-12-01 22:00:00+00:00,78.368,77.706,66.19999999999919,3.900000000001569,-13.685584341095892,48.614415658901734,False,momentum_spread1.5x
2011-10-31 21:00:00+00:00,2011-11-01 21:00:00+00:00,2011-12-01 22:00:00+00:00,NZD,NZD_USD,1,1,0.12368938125735807,0.009779822440344,2011-11-01 21:00:00+00:00,2011-12-01 22:00:00+00:00,0.79516,0.77949,-156.69999999999962,3.300000000001635,5.383543972602739,-154.6164560273985,False,momentum_spread1.5x
2011-10-31 21:00:00+00:00,2011-11-01 21:00:00+00:00,2011-12-01 22:00:00+00:00,CAD,CAD_JPY,-1,-1,0.13659890032644834,0.008855563138225058,2011-11-01 21:00:00+00:00,2011-12-01 22:00:00+00:00,76.802,76.634,16.800000000000637,5.550000000000921,-17.498856810923673,-6.248856810923957,False,momentum_spread1.5x
2011-10-31 21:00:00+00:00,2011-11-01 21:00:00+00:00,2011-12-01 22:00:00+00:00,CHF,CHF_JPY,1,1,0.08865364007906648,0.013644788700995576,2011-11-01 21:00:00+00:00,2011-12-01 22:00:00+00:00,88.353,84.862,-349.09999999999997,7.949999999999591,-29.346978431952454,-386.396978431952,False,momentum_spread1.5x
2011-11-30 22:00:00+00:00,2011-12-01 22:00:00+00:00,2012-01-01 22:00:00+00:00,EUR,EUR_USD,-1,-1,0.16588675936952052,0.007678599048456466,2011-12-01 22:00:00+00:00,2012-01-01 22:00:00+00:00,1.34623,1.29409,521.4000000000008,2.849999999998687,-10.862439671232877,507.6875603287692,False,momentum_spread1.5x
2011-11-30 22:00:00+00:00,2011-12-01 22:00:00+00:00,2012-01-01 22:00:00+00:00,GBP,GBP_USD,-1,-1,0.2716855094687133,0.004688427863293947,2011-12-01 22:00:00+00:00,2012-01-01 22:00:00+00:00,1.56898,1.55033,186.50000000000054,4.350000000001852,-14.678802909589038,167.47119709040965,False,momentum_spread1.5x
2011-11-30 22:00:00+00:00,2011-12-01 22:00:00+00:00,2012-01-01 22:00:00+00:00,AUD,AUD_USD,1,1,0.1203907567222612,0.010580363038874356,2011-12-01 22:00:00+00:00,2012-01-01 22:00:00+00:00,1.0243,1.02222,-20.800000000000818,2.6999999999977042,17.019875794520548,-6.480124205477974,False,momentum_spread1.5x
2011-11-30 22:00:00+00:00,2011-12-01 22:00:00+00:00,2012-01-01 22:00:00+00:00,NZD,NZD_USD,1,1,0.13136272726728362,0.00969664637104079,2011-12-01 22:00:00+00:00,2012-01-01 22:00:00+00:00,0.77949,0.77692,-25.699999999999612,3.300000000001635,5.4288626301369876,-23.57113736986426,False,momentum_spread1.5x
2011-11-30 22:00:00+00:00,2011-12-01 22:00:00+00:00,2012-01-01 22:00:00+00:00,CAD,CAD_JPY,-1,-1,0.1557954740716219,0.008175962236622798,2011-12-01 22:00:00+00:00,2012-01-01 22:00:00+00:00,76.634,75.371,126.30000000000052,5.550000000000921,-15.843693447041087,104.90630655295851,False,momentum_spread1.5x
2011-11-30 22:00:00+00:00,2011-12-01 22:00:00+00:00,2012-01-01 22:00:00+00:00,CHF,CHF_JPY,1,1,0.15487877310059953,0.00822435435886983,2011-12-01 22:00:00+00:00,2012-01-01 22:00:00+00:00,84.862,81.965,-289.69999999999914,7.949999999999591,-24.359368192294532,-322.00936819229327,False,momentum_spread1.5x
2011-12-31 22:00:00+00:00,2012-01-01 22:00:00+00:00,2012-02-01 22:00:00+00:00,EUR,EUR_USD,1,1,0.1832462216513896,0.006154988799722246,2012-01-01 22:00:00+00:00,2012-02-01 22:00:00+00:00,1.29409,1.31609,220.0000000000002,2.849999999998687,-9.670832547945205,207.47916745205632,False,momentum_spread1.5x
2011-12-31 22:00:00+00:00,2012-01-01 22:00:00+00:00,2012-02-01 22:00:00+00:00,JPY,USD_JPY,1,-1,0.2291626860784891,0.004921736872421806,2012-01-01 22:00:00+00:00,2012-02-01 22:00:00+00:00,76.967,76.203,76.39999999999958,3.900000000001569,-14.079340652054803,58.42065934794321,False,momentum_spread1.5x
2011-12-31 22:00:00+00:00,2012-01-01 22:00:00+00:00,2012-02-01 22:00:00+00:00,AUD,AUD_USD,-1,-1,0.11904407178635523,0.009474461222058098,2012-01-01 22:00:00+00:00,2012-02-01 22:00:00+00:00,1.02222,1.07048,-482.6000000000019,2.6999999999977042,-31.933000972602738,-517.2330009726023,False,momentum_spread1.5x
2011-12-31 22:00:00+00:00,2012-01-01 22:00:00+00:00,2012-02-01 22:00:00+00:00,NZD,NZD_USD,-1,-1,0.12772011404644357,0.008830859964982387,2012-01-01 22:00:00+00:00,2012-02-01 22:00:00+00:00,0.77692,0.83246,-555.3999999999992,3.300000000001635,-18.035262986301372,-576.7352629863022,False,momentum_spread1.5x
2011-12-31 22:00:00+00:00,2012-01-01 22:00:00+00:00,2012-02-01 22:00:00+00:00,CAD,CAD_JPY,-1,-1,0.16310926349621963,0.006914864414686441,2012-01-01 22:00:00+00:00,2012-02-01 22:00:00+00:00,75.371,76.302,-93.10000000000116,5.550000000000921,-17.996566793982378,-116.64656679398446,False,momentum_spread1.5x
2011-12-31 22:00:00+00:00,2012-01-01 22:00:00+00:00,2012-02-01 22:00:00+00:00,CHF,CHF_JPY,1,1,0.1777176429411029,0.006346462980209068,2012-01-01 22:00:00+00:00,2012-02-01 22:00:00+00:00,81.965,83.256,129.09999999999968,7.949999999999591,-28.523791359373107,92.62620864062698,False,momentum_spread1.5x
2012-01-31 22:00:00+00:00,2012-02-01 22:00:00+00:00,2012-03-01 22:00:00+00:00,EUR,EUR_USD,-1,-1,0.14261204202795583,0.005574577416305388,2012-02-01 22:00:00+00:00,2012-03-01 22:00:00+00:00,1.31609,1.33113,-150.3999999999994,2.849999999998687,-9.786857452054795,-163.03685745205289,False,momentum_spread1.5x
2012-01-31 22:00:00+00:00,2012-02-01 22:00:00+00:00,2012-03-01 22:00:00+00:00,GBP,GBP_USD,-1,-1,0.18169126514762993,0.004375564604805152,2012-02-01 22:00:00+00:00,2012-03-01 22:00:00+00:00,1.58326,1.59568,-124.20000000000097,4.350000000001852,-14.112532142465747,-142.66253214246856,False,momentum_spread1.5x
2012-01-31 22:00:00+00:00,2012-02-01 22:00:00+00:00,2012-03-01 22:00:00+00:00,JPY,USD_JPY,1,-1,0.2615677045031507,0.003039373191320954,2012-02-01 22:00:00+00:00,2012-03-01 22:00:00+00:00,76.203,81.115,-491.1999999999992,3.900000000001569,-12.562468820547954,-507.6624688205487,False,momentum_spread1.5x
2012-01-31 22:00:00+00:00,2012-02-01 22:00:00+00:00,2012-03-01 22:00:00+00:00,AUD,AUD_USD,1,1,0.11714473589088104,0.006786492476476045,2012-02-01 22:00:00+00:00,2012-03-01 22:00:00+00:00,1.07048,1.08086,103.79999999999833,2.6999999999977042,16.56611412328767,117.66611412328831,False,momentum_spread1.5x
2012-01-31 22:00:00+00:00,2012-02-01 22:00:00+00:00,2012-03-01 22:00:00+00:00,CAD,CAD_JPY,-1,-1,0.1540159477863731,0.005161815254904252,2012-02-01 22:00:00+00:00,2012-03-01 22:00:00+00:00,76.302,82.298,-599.5999999999995,5.550000000000921,-15.77595862139477,-620.9259586213951,False,momentum_spread1.5x
2012-01-31 22:00:00+00:00,2012-02-01 22:00:00+00:00,2012-03-01 22:00:00+00:00,CHF,CHF_JPY,1,1,0.1429683046440094,0.005560686130830114,2012-02-01 22:00:00+00:00,2012-03-01 22:00:00+00:00,83.256,89.524,626.8000000000001,7.949999999999591,-25.446056480690068,593.4039435193104,False,momentum_spread1.5x
2012-02-29 22:00:00+00:00,2012-03-01 22:00:00+00:00,2012-04-01 21:00:00+00:00,EUR,EUR_USD,-1,-1,0.14814689953268834,0.005301441757670753,2012-03-01 22:00:00+00:00,2012-04-01 21:00:00+00:00,1.33113,1.33618,-50.499999999999986,2.849999999998687,-9.561079260273976,-62.91107926027265,False,momentum_spread1.5x
2012-02-29 22:00:00+00:00,2012-03-01 22:00:00+00:00,2012-04-01 21:00:00+00:00,GBP,GBP_USD,-1,-1,0.18667280648024384,0.004207319610503462,2012-03-01 22:00:00+00:00,2012-04-01 21:00:00+00:00,1.59568,1.60253,-68.50000000000023,4.350000000001852,-13.75261521534246,-86.60261521534454,False,momentum_spread1.5x
2012-02-29 22:00:00+00:00,2012-03-01 22:00:00+00:00,2012-04-01 21:00:00+00:00,JPY,USD_JPY,1,-1,0.18300855896313703,0.004291559716670122,2012-03-01 22:00:00+00:00,2012-04-01 21:00:00+00:00,81.115,83.026,-191.10000000000014,3.900000000001569,-12.894520365753431,-207.89452036575514,False,momentum_spread1.5x
2012-02-29 22:00:00+00:00,2012-03-01 22:00:00+00:00,2012-04-01 21:00:00+00:00,AUD,AUD_USD,1,1,0.16870997018261139,0.0046552800560745785,2012-03-01 22:00:00+00:00,2012-04-01 21:00:00+00:00,1.08086,1.04504,-358.1999999999996,2.6999999999977042,16.428841684931513,-344.4711583150658,False,momentum_spread1.5x
2012-02-29 22:00:00+00:00,2012-03-01 22:00:00+00:00,2012-04-01 21:00:00+00:00,NZD,NZD_USD,1,1,0.16813269487284346,0.004671263730388842,2012-03-01 22:00:00+00:00,2012-04-01 21:00:00+00:00,0.83948,0.82378,-157.00000000000045,3.300000000001635,5.399171095890409,-154.90082890411168,False,momentum_spread1.5x
2012-02-29 22:00:00+00:00,2012-03-01 22:00:00+00:00,2012-04-01 21:00:00+00:00,CAD,CAD_JPY,-1,-1,0.1453290699684759,0.00540423302524685,2012-03-01 22:00:00+00:00,2012-04-01 21:00:00+00:00,82.298,83.368,-106.99999999999932,5.550000000000921,-15.794036356064751,-128.34403635606498,False,momentum_spread1.5x
2012-03-31 21:00:00+00:00,2012-04-01 21:00:00+00:00,2012-05-01 21:00:00+00:00,EUR,EUR_USD,-1,-1,0.18172803569343177,0.00458167169854196,2012-04-01 21:00:00+00:00,2012-05-01 21:00:00+00:00,1.33618,1.32371,124.6999999999998,2.849999999998687,-9.711598054794523,112.1384019452066,False,momentum_spread1.5x
2012-03-31 21:00:00+00:00,2012-04-01 21:00:00+00:00,2012-05-01 21:00:00+00:00,GBP,GBP_USD,-1,-1,0.2200648895162825,0.003783512216775563,2012-04-01 21:00:00+00:00,2012-05-01 21:00:00+00:00,1.60253,1.62208,-195.49999999999955,4.350000000001852,-13.973653548493143,-213.82365354849452,False,momentum_spread1.5x
2012-03-31 21:00:00+00:00,2012-04-01 21:00:00+00:00,2012-05-01 21:00:00+00:00,JPY,USD_JPY,1,-1,0.16463522893861138,0.005057351353875077,2012-04-01 21:00:00+00:00,2012-05-01 21:00:00+00:00,83.026,80.095,293.09999999999974,3.900000000001569,-13.708668138356167,275.491331861642,False,momentum_spread1.5x
2012-03-31 21:00:00+00:00,2012-04-01 21:00:00+00:00,2012-05-01 21:00:00+00:00,AUD,AUD_USD,1,1,0.162596356969131,0.005120767854142589,2012-04-01 21:00:00+00:00,2012-05-01 21:00:00+00:00,1.04504,1.03334,-117.00000000000043,2.6999999999977042,16.795378160958908,-102.90462183903922,False,momentum_spread1.5x
2012-03-31 21:00:00+00:00,2012-04-01 21:00:00+00:00,2012-05-01 21:00:00+00:00,NZD,NZD_USD,1,1,0.14217126441599268,0.005856445051596229,2012-04-01 21:00:00+00:00,2012-05-01 21:00:00+00:00,0.82378,0.8153,-84.79999999999932,3.300000000001635,5.9445576986301365,-82.15544230137081,False,momentum_spread1.5x
2012-03-31 21:00:00+00:00,2012-04-01 21:00:00+00:00,2012-05-01 21:00:00+00:00,CAD,CAD_JPY,-1,-1,0.12880422446655068,0.006464214985312404,2012-04-01 21:00:00+00:00,2012-05-01 21:00:00+00:00,83.368,81.28,208.7999999999994,5.550000000000921,-16.47784776490909,186.77215223508938,False,momentum_spread1.5x
2012-04-30 21:00:00+00:00,2012-05-01 21:00:00+00:00,2012-06-01 21:00:00+00:00,EUR,EUR_USD,-1,-1,0.21579498899165603,0.004195224228394768,2012-05-01 21:00:00+00:00,2012-06-01 21:00:00+00:00,1.32371,1.24344,802.6999999999983,2.849999999998687,-10.602167589041098,789.2478324109586,False,momentum_spread1.5x
2012-04-30 21:00:00+00:00,2012-05-01 21:00:00+00:00,2012-06-01 21:00:00+00:00,JPY,USD_JPY,1,-1,0.1791637081607766,0.005052967341865791,2012-05-01 21:00:00+00:00,2012-06-01 21:00:00+00:00,80.095,78.015,207.99999999999983,3.900000000001569,-15.069724338356178,189.0302756616421,False,momentum_spread1.5x
2012-04-30 21:00:00+00:00,2012-05-01 21:00:00+00:00,2012-06-01 21:00:00+00:00,AUD,AUD_USD,-1,-1,0.17115125926161923,0.005289522087594676,2012-05-01 21:00:00+00:00,2012-06-01 21:00:00+00:00,1.03334,0.96992,634.1999999999991,2.6999999999993696,-28.437796839041088,603.0622031609587,False,momentum_spread1.5x
2012-04-30 21:00:00+00:00,2012-05-01 21:00:00+00:00,2012-06-01 21:00:00+00:00,NZD,NZD_USD,1,1,0.1513893402757218,0.005980000735422727,2012-05-01 21:00:00+00:00,2012-06-01 21:00:00+00:00,0.8153,0.75455,-607.4999999999997,3.300000000001635,4.74752005479452,-606.0524799452068,False,momentum_spread1.5x
2012-04-30 21:00:00+00:00,2012-05-01 21:00:00+00:00,2012-06-01 21:00:00+00:00,CAD,CAD_JPY,-1,-1,0.12831170326350666,0.007055540088379904,2012-05-01 21:00:00+00:00,2012-06-01 21:00:00+00:00,81.28,74.937,634.3000000000003,5.550000000000921,-17.986645740284622,610.7633542597147,False,momentum_spread1.5x
2012-04-30 21:00:00+00:00,2012-05-01 21:00:00+00:00,2012-06-01 21:00:00+00:00,CHF,CHF_JPY,1,1,0.1541890000467197,0.005871419919123068,2012-05-01 21:00:00+00:00,2012-06-01 21:00:00+00:00,88.232,80.757,-747.4999999999994,7.949999999999591,-29.58539304751191,-785.035393047511,False,momentum_spread1.5x
2012-05-31 21:00:00+00:00,2012-06-01 21:00:00+00:00,2012-07-01 21:00:00+00:00,EUR,EUR_USD,-1,-1,0.18614860944031242,0.003982191571389094,2012-06-01 21:00:00+00:00,2012-07-01 21:00:00+00:00,1.24344,1.26784,-243.99999999999977,2.849999999998687,-8.94332504109589,-255.79332504109436,False,momentum_spread1.5x
2012-05-31 21:00:00+00:00,2012-06-01 21:00:00+00:00,2012-07-01 21:00:00+00:00,GBP,GBP_USD,1,1,0.23115832054677724,0.003206803985189048,2012-06-01 21:00:00+00:00,2012-07-01 21:00:00+00:00,1.53624,1.5699,336.6000000000002,4.350000000001852,-8.070450590684933,324.17954940931344,False,momentum_spread1.5x
2012-05-31 21:00:00+00:00,2012-06-01 21:00:00+00:00,2012-07-01 21:00:00+00:00,JPY,USD_JPY,1,-1,0.16852983831414634,0.004398505516615035,2012-06-01 21:00:00+00:00,2012-07-01 21:00:00+00:00,78.015,79.865,-184.99999999999943,3.900000000001569,-12.957112969863013,-201.857112969864,False,momentum_spread1.5x
2012-05-31 21:00:00+00:00,2012-06-01 21:00:00+00:00,2012-07-01 21:00:00+00:00,AUD,AUD_USD,-1,-1,0.147388183538252,0.005029435913677751,2012-06-01 21:00:00+00:00,2012-07-01 21:00:00+00:00,0.96992,1.02646,-565.3999999999992,2.6999999999993696,-22.880646287671233,-590.9806462876697,False,momentum_spread1.5x
2012-05-31 21:00:00+00:00,2012-06-01 21:00:00+00:00,2012-07-01 21:00:00+00:00,NZD,NZD_USD,1,1,0.13704145374658533,0.0054091619964114915,2012-06-01 21:00:00+00:00,2012-07-01 21:00:00+00:00,0.75455,0.80071,461.59999999999974,3.300000000001635,4.492797945205479,462.7927979452036,False,momentum_spread1.5x
2012-05-31 21:00:00+00:00,2012-06-01 21:00:00+00:00,2012-07-01 21:00:00+00:00,CHF,CHF_JPY,-1,-1,0.1297335944139266,0.005713858672364341,2012-06-01 21:00:00+00:00,2012-07-01 21:00:00+00:00,80.757,84.281,-352.4000000000001,7.949999999999591,-11.14774592441289,-371.4977459244126,False,momentum_spread1.5x
2012-06-30 21:00:00+00:00,2012-07-01 21:00:00+00:00,2012-08-01 21:00:00+00:00,EUR,EUR_USD,-1,-1,0.16006561316729412,0.005476672724375963,2012-07-01 21:00:00+00:00,2012-08-01 21:00:00+00:00,1.26784,1.22249,453.5,2.849999999998687,-8.692460383561643,441.9575396164397,False,momentum_spread1.5x
2012-06-30 21:00:00+00:00,2012-07-01 21:00:00+00:00,2012-08-01 21:00:00+00:00,GBP,GBP_USD,1,1,0.2326200918298561,0.003768492097342217,2012-07-01 21:00:00+00:00,2012-08-01 21:00:00+00:00,1.5699,1.55364,-162.60000000000161,4.350000000001852,-9.74639179397261,-176.69639179397606,False,momentum_spread1.5x
2012-06-30 21:00:00+00:00,2012-07-01 21:00:00+00:00,2012-08-01 21:00:00+00:00,JPY,USD_JPY,1,-1,0.21554207303198808,0.004067080572310055,2012-07-01 21:00:00+00:00,2012-08-01 21:00:00+00:00,79.865,78.431,143.39999999999975,3.900000000001569,-15.103462195890422,124.39653780410777,False,momentum_spread1.5x
2012-06-30 21:00:00+00:00,2012-07-01 21:00:00+00:00,2012-08-01 21:00:00+00:00,AUD,AUD_USD,-1,-1,0.13833529491588814,0.006336972630714731,2012-07-01 21:00:00+00:00,2012-08-01 21:00:00+00:00,1.02646,1.04608,-196.1999999999997,2.6999999999977042,-26.750966424657545,-225.65096642465497,False,momentum_spread1.5x
2012-06-30 21:00:00+00:00,2012-07-01 21:00:00+00:00,2012-08-01 21:00:00+00:00,CAD,CAD_JPY,1,1,0.12579342860029769,0.006968781974528034,2012-07-01 21:00:00+00:00,2012-08-01 21:00:00+00:00,78.574,77.994,-57.99999999999983,5.550000000000921,-5.237392192602743,-68.78739219260349,False,momentum_spread1.5x
2012-06-30 21:00:00+00:00,2012-07-01 21:00:00+00:00,2012-08-01 21:00:00+00:00,CHF,CHF_JPY,-1,-1,0.12764349845467576,0.006867776176278264,2012-07-01 21:00:00+00:00,2012-08-01 21:00:00+00:00,84.281,79.794,448.7000000000009,7.949999999999591,-10.82054708502602,429.9294529149753,False,momentum_spread1.5x
2012-07-31 21:00:00+00:00,2012-08-01 21:00:00+00:00,2012-09-01 21:00:00+00:00,EUR,EUR_USD,-1,-1,0.15238070661568143,0.005837513308438518,2012-08-01 21:00:00+00:00,2012-09-01 21:00:00+00:00,1.22249,1.25759,-350.9999999999991,2.849999999998687,-7.513396493150685,-361.36339649314846,False,momentum_spread1.5x
2012-07-31 21:00:00+00:00,2012-08-01 21:00:00+00:00,2012-09-01 21:00:00+00:00,GBP,GBP_USD,1,1,0.198924129047602,0.004471676749709157,2012-08-01 21:00:00+00:00,2012-09-01 21:00:00+00:00,1.55364,1.5864,327.6000000000012,4.350000000001852,-8.710841336986308,314.53915866301304,False,momentum_spread1.5x
2012-07-31 21:00:00+00:00,2012-08-01 21:00:00+00:00,2012-09-01 21:00:00+00:00,JPY,USD_JPY,1,-1,0.24691525191438912,0.003602549441241982,2012-08-01 21:00:00+00:00,2012-09-01 21:00:00+00:00,78.431,78.386,4.5000000000001705,3.900000000001569,-13.348649684931507,-12.748649684932905,False,momentum_spread1.5x
2012-07-31 21:00:00+00:00,2012-08-01 21:00:00+00:00,2012-09-01 21:00:00+00:00,NZD,NZD_USD,-1,-1,0.13979456684001634,0.006363082793026534,2012-08-01 21:00:00+00:00,2012-09-01 21:00:00+00:00,0.80761,0.80148,61.30000000000079,3.300000000001635,-14.725438273972603,43.27456172602656,False,momentum_spread1.5x
2012-07-31 21:00:00+00:00,2012-08-01 21:00:00+00:00,2012-09-01 21:00:00+00:00,CAD,CAD_JPY,1,1,0.13802925561401616,0.00644446279784167,2012-08-01 21:00:00+00:00,2012-09-01 21:00:00+00:00,77.994,79.4,140.6000000000006,5.550000000000921,-4.752458309589045,130.29754169041064,False,momentum_spread1.5x
2012-07-31 21:00:00+00:00,2012-08-01 21:00:00+00:00,2012-09-01 21:00:00+00:00,CHF,CHF_JPY,-1,-1,0.12395608996829485,0.007176125054007639,2012-08-01 21:00:00+00:00,2012-09-01 21:00:00+00:00,79.794,82.072,-227.80000000000058,7.949999999999591,-9.297788688589037,-245.0477886885892,False,momentum_spread1.5x
2012-08-30 21:00:00+00:00,2012-09-01 21:00:00+00:00,2012-10-01 21:00:00+00:00,EUR,EUR_USD,-1,-1,0.15258109295598135,0.005223936420326844,2012-09-01 21:00:00+00:00,2012-10-01 21:00:00+00:00,1.25759,1.28882,-312.3000000000009,2.849999999998687,-7.096333999999999,-322.24633399999965,False,momentum_spread1.5x
2012-08-30 21:00:00+00:00,2012-09-01 21:00:00+00:00,2012-10-01 21:00:00+00:00,JPY,USD_JPY,1,-1,0.26006723818319666,0.0030648763531858306,2012-09-01 21:00:00+00:00,2012-10-01 21:00:00+00:00,78.386,77.995,39.09999999999911,3.900000000001569,-13.152437408219178,22.047562591778366,False,momentum_spread1.5x
2012-08-30 21:00:00+00:00,2012-09-01 21:00:00+00:00,2012-10-01 21:00:00+00:00,AUD,AUD_USD,1,1,0.15846618907736096,0.005029930568702617,2012-09-01 21:00:00+00:00,2012-10-01 21:00:00+00:00,1.03229,1.03616,38.7000000000004,2.6999999999977042,12.122395571917806,48.12239557192051,False,momentum_spread1.5x
2012-08-30 21:00:00+00:00,2012-09-01 21:00:00+00:00,2012-10-01 21:00:00+00:00,NZD,NZD_USD,-1,-1,0.15982704915433893,0.004987102826232639,2012-09-01 21:00:00+00:00,2012-10-01 21:00:00+00:00,0.80148,0.82769,-262.10000000000065,3.300000000001635,-14.645739945205479,-280.0457399452078,False,momentum_spread1.5x
2012-08-30 21:00:00+00:00,2012-09-01 21:00:00+00:00,2012-10-01 21:00:00+00:00,CAD,CAD_JPY,1,1,0.14521842216663838,0.005488793478498085,2012-09-01 21:00:00+00:00,2012-10-01 21:00:00+00:00,79.4,79.396,-0.40000000000048885,5.550000000000921,-4.597664351396699,-10.547664351398108,False,momentum_spread1.5x
2012-08-30 21:00:00+00:00,2012-09-01 21:00:00+00:00,2012-10-01 21:00:00+00:00,CHF,CHF_JPY,-1,-1,0.12384000846248376,0.006436320042625749,2012-09-01 21:00:00+00:00,2012-10-01 21:00:00+00:00,82.072,83.124,-105.19999999999925,7.949999999999591,-9.956903922770774,-123.10690392276962,False,momentum_spread1.5x
2012-09-30 21:00:00+00:00,2012-10-01 21:00:00+00:00,2012-11-01 21:00:00+00:00,EUR,EUR_USD,-1,-1,0.15519448324148777,0.004725320323998981,2012-10-01 21:00:00+00:00,2012-11-01 21:00:00+00:00,1.28882,1.29428,-54.6000000000002,2.849999999998687,-7.958681260273971,-65.40868126027286,False,momentum_spread1.5x
2012-09-30 21:00:00+00:00,2012-10-01 21:00:00+00:00,2012-11-01 21:00:00+00:00,JPY,USD_JPY,-1,1,0.2172949541566815,0.003374876552838593,2012-10-01 21:00:00+00:00,2012-11-01 21:00:00+00:00,77.995,80.126,213.10000000000002,3.900000000001569,-14.900147212328767,194.2998527876697,False,momentum_spread1.5x
2012-09-30 21:00:00+00:00,2012-10-01 21:00:00+00:00,2012-11-01 21:00:00+00:00,AUD,AUD_USD,1,1,0.16787426015863968,0.004368410291968037,2012-10-01 21:00:00+00:00,2012-11-01 21:00:00+00:00,1.03616,1.04002,38.599999999999746,2.6999999999977042,12.33736039726027,48.23736039726231,False,momentum_spread1.5x
2012-09-30 21:00:00+00:00,2012-10-01 21:00:00+00:00,2012-11-01 21:00:00+00:00,NZD,NZD_USD,1,1,0.14907440265637456,0.004919312992478812,2012-10-01 21:00:00+00:00,2012-11-01 21:00:00+00:00,0.82769,0.82694,-7.500000000000284,3.300000000001635,5.517937232876712,-5.282062767125208,False,momentum_spread1.5x
2012-09-30 21:00:00+00:00,2012-10-01 21:00:00+00:00,2012-11-01 21:00:00+00:00,CAD,CAD_JPY,1,1,0.1695259572569067,0.004325848723698294,2012-10-01 21:00:00+00:00,2012-11-01 21:00:00+00:00,79.396,80.402,100.60000000000002,5.550000000000921,-5.227795595975765,89.82220440402334,False,momentum_spread1.5x
2012-09-30 21:00:00+00:00,2012-10-01 21:00:00+00:00,2012-11-01 21:00:00+00:00,CHF,CHF_JPY,-1,-1,0.14103594252990986,0.0051996933028472464,2012-10-01 21:00:00+00:00,2012-11-01 21:00:00+00:00,83.124,85.98,-285.6000000000009,7.949999999999591,-12.818253491432369,-306.3682534914328,False,momentum_spread1.5x
2012-10-31 21:00:00+00:00,2012-11-01 21:00:00+00:00,2012-12-01 22:00:00+00:00,EUR,EUR_USD,-1,-1,0.16480743581641852,0.004065003105123249,2012-11-01 21:00:00+00:00,2012-12-01 22:00:00+00:00,1.29428,1.29851,-42.29999999999956,2.849999999998687,-6.999123945205477,-52.14912394520372,False,momentum_spread1.5x
2012-10-31 21:00:00+00:00,2012-11-01 21:00:00+00:00,2012-12-01 22:00:00+00:00,GBP,GBP_USD,1,1,0.24072900529131647,0.0027829747293244347,2012-11-01 21:00:00+00:00,2012-12-01 22:00:00+00:00,1.61302,1.60111,-119.09999999999864,4.350000000001852,-8.989112482191782,-132.4391124821923,False,momentum_spread1.5x
2012-10-31 21:00:00+00:00,2012-11-01 21:00:00+00:00,2012-12-01 22:00:00+00:00,AUD,AUD_USD,-1,-1,0.1574285971067171,0.0042555339414414245,2012-11-01 21:00:00+00:00,2012-12-01 22:00:00+00:00,1.04002,1.04264,-26.200000000000667,2.6999999999977042,-22.11420850684931,-51.01420850684768,False,momentum_spread1.5x
2012-10-31 21:00:00+00:00,2012-11-01 21:00:00+00:00,2012-12-01 22:00:00+00:00,NZD,NZD_USD,1,1,0.13794543085211722,0.0048565779540704485,2012-11-01 21:00:00+00:00,2012-12-01 22:00:00+00:00,0.82694,0.82045,-64.89999999999995,3.300000000001635,4.802214986301368,-63.397785013700215,False,momentum_spread1.5x
2012-10-31 21:00:00+00:00,2012-11-01 21:00:00+00:00,2012-12-01 22:00:00+00:00,CAD,CAD_JPY,1,1,0.15670974168284277,0.004275054831607128,2012-11-01 21:00:00+00:00,2012-12-01 22:00:00+00:00,80.402,82.944,254.20000000000016,5.550000000000921,-4.612514323248582,244.03748567675066,False,momentum_spread1.5x
2012-10-31 21:00:00+00:00,2012-11-01 21:00:00+00:00,2012-12-01 22:00:00+00:00,CHF,CHF_JPY,-1,-1,0.1423797892505879,0.004705321884990609,2012-11-01 21:00:00+00:00,2012-12-01 22:00:00+00:00,85.98,88.86,-287.99999999999955,7.949999999999591,-9.983484114125085,-305.9334841141242,False,momentum_spread1.5x
2012-11-30 22:00:00+00:00,2012-12-01 22:00:00+00:00,2013-01-01 22:00:00+00:00,EUR,EUR_USD,-1,-1,0.19302703359867426,0.00320501799979418,2012-12-01 22:00:00+00:00,2013-01-01 22:00:00+00:00,1.29851,1.32074,-222.2999999999997,2.849999999998687,-7.221766328767122,-232.37176632876552,False,momentum_spread1.5x
2012-11-30 22:00:00+00:00,2012-12-01 22:00:00+00:00,2013-01-01 22:00:00+00:00,GBP,GBP_USD,1,1,0.22243618900558368,0.002781270079731033,2012-12-01 22:00:00+00:00,2013-01-01 22:00:00+00:00,1.60111,1.62566,245.5000000000007,4.350000000001852,-9.270393948493156,231.8796060515057,False,momentum_spread1.5x
2012-11-30 22:00:00+00:00,2012-12-01 22:00:00+00:00,2013-01-01 22:00:00+00:00,JPY,USD_JPY,-1,1,0.17781638330752436,0.003479179508789662,2012-12-01 22:00:00+00:00,2013-01-01 22:00:00+00:00,82.481,86.758,427.7000000000001,3.900000000001569,-13.48670854931507,410.31329145068344,False,momentum_spread1.5x
2012-11-30 22:00:00+00:00,2012-12-01 22:00:00+00:00,2013-01-01 22:00:00+00:00,NZD,NZD_USD,1,1,0.14761251872984027,0.004191074865830902,2012-12-01 22:00:00+00:00,2013-01-01 22:00:00+00:00,0.82045,0.82884,83.90000000000008,3.300000000001635,5.535127068493149,86.1351270684916,False,momentum_spread1.5x
2012-11-30 22:00:00+00:00,2012-12-01 22:00:00+00:00,2013-01-01 22:00:00+00:00,CAD,CAD_JPY,1,1,0.13150551404228214,0.004704404386661038,2012-12-01 22:00:00+00:00,2013-01-01 22:00:00+00:00,82.944,87.375,443.09999999999974,5.550000000000921,-4.731073643058898,432.8189263569399,False,momentum_spread1.5x
2012-11-30 22:00:00+00:00,2012-12-01 22:00:00+00:00,2013-01-01 22:00:00+00:00,CHF,CHF_JPY,-1,-1,0.12760236131609523,0.004848304614035322,2012-12-01 22:00:00+00:00,2013-01-01 22:00:00+00:00,88.86,94.862,-600.1999999999995,7.949999999999591,-11.911635637524116,-620.0616356375232,False,momentum_spread1.5x
2012-12-30 22:00:00+00:00,2013-01-01 22:00:00+00:00,2013-02-02 22:00:00+00:00,EUR,EUR_USD,-1,-1,0.21138895477556072,0.0030115554401769057,2013-01-01 22:00:00+00:00,2013-02-02 22:00:00+00:00,1.32074,1.36404,-432.9999999999989,2.849999999998687,-8.146829753424658,-443.9968297534223,False,momentum_spread1.5x
2012-12-30 22:00:00+00:00,2013-01-01 22:00:00+00:00,2013-02-02 22:00:00+00:00,GBP,GBP_USD,1,1,0.24655652483429052,0.0025820024725588266,2013-01-01 22:00:00+00:00,2013-02-02 22:00:00+00:00,1.62566,1.56925,-564.1000000000007,4.350000000001852,-10.202161750136991,-578.6521617501395,False,momentum_spread1.5x
2012-12-30 22:00:00+00:00,2013-01-01 22:00:00+00:00,2013-02-02 22:00:00+00:00,JPY,USD_JPY,-1,1,0.15037605046508443,0.004233450438276161,2013-01-01 22:00:00+00:00,2013-02-02 22:00:00+00:00,86.758,92.828,607.0000000000007,3.900000000001569,-15.135424376712326,587.9645756232868,False,momentum_spread1.5x
2012-12-30 22:00:00+00:00,2013-01-01 22:00:00+00:00,2013-02-02 22:00:00+00:00,NZD,NZD_USD,1,1,0.14501163644937518,0.004390058427965508,2013-01-01 22:00:00+00:00,2013-02-02 22:00:00+00:00,0.82884,0.84526,164.1999999999999,3.300000000001635,5.150699835616437,166.05069983561472,False,momentum_spread1.5x
2012-12-30 22:00:00+00:00,2013-01-01 22:00:00+00:00,2013-02-02 22:00:00+00:00,CAD,CAD_JPY,1,1,0.13060219949941992,0.0048744168106485625,2013-01-01 22:00:00+00:00,2013-02-02 22:00:00+00:00,87.375,93.14,576.5,5.550000000000921,-5.197098180019713,565.7529018199795,False,momentum_spread1.5x
2012-12-30 22:00:00+00:00,2013-01-01 22:00:00+00:00,2013-02-02 22:00:00+00:00,CHF,CHF_JPY,-1,-1,0.11606463397626922,0.005484957259916161,2013-01-01 22:00:00+00:00,2013-02-02 22:00:00+00:00,94.862,102.206,-734.4000000000008,7.949999999999591,-12.113095015746211,-754.4630950157466,False,momentum_spread1.5x
2013-01-31 22:00:00+00:00,2013-02-02 22:00:00+00:00,2013-03-01 22:00:00+00:00,EUR,EUR_USD,1,1,0.1857925823440764,0.0038155715470306207,2013-02-02 22:00:00+00:00,2013-03-01 22:00:00+00:00,1.36404,1.302,-620.3999999999987,2.849999999998687,-10.90634098630137,-634.1563409862988,False,momentum_spread1.5x
2013-01-31 22:00:00+00:00,2013-02-02 22:00:00+00:00,2013-03-01 22:00:00+00:00,GBP,GBP_USD,1,1,0.21453781263672117,0.0033043354088903507,2013-02-02 22:00:00+00:00,2013-03-01 22:00:00+00:00,1.56925,1.50386,-653.9000000000005,4.350000000001852,-8.483525383013703,-666.7335253830161,False,momentum_spread1.5x
2013-01-31 22:00:00+00:00,2013-02-02 22:00:00+00:00,2013-03-01 22:00:00+00:00,JPY,USD_JPY,-1,1,0.12462830256924456,0.005688153302477404,2013-02-02 22:00:00+00:00,2013-03-01 22:00:00+00:00,92.828,93.588,75.99999999999909,3.900000000001569,-12.813283156164383,59.28671684383314,False,momentum_spread1.5x
2013-01-31 22:00:00+00:00,2013-02-02 22:00:00+00:00,2013-03-01 22:00:00+00:00,AUD,AUD_USD,-1,-1,0.20845407077744926,0.0034007725932022983,2013-02-02 22:00:00+00:00,2013-03-01 22:00:00+00:00,1.04067,1.02055,201.19999999999914,2.6999999999977042,-20.11422534246575,178.38577465753568,False,momentum_spread1.5x
2013-01-31 22:00:00+00:00,2013-02-02 22:00:00+00:00,2013-03-01 22:00:00+00:00,NZD,NZD_USD,-1,-1,0.1549821507722689,0.00457410667814946,2013-02-02 22:00:00+00:00,2013-03-01 22:00:00+00:00,0.84526,0.8249,203.60000000000045,3.300000000001635,-14.25818728767123,186.04181271232758,False,momentum_spread1.5x
2013-01-31 22:00:00+00:00,2013-02-02 22:00:00+00:00,2013-03-01 22:00:00+00:00,CAD,CAD_JPY,1,1,0.11160508090023967,0.006351905174237271,2013-02-02 22:00:00+00:00,2013-03-01 22:00:00+00:00,93.14,91.157,-198.3000000000004,5.550000000000921,-4.361098015263171,-208.2110980152645,False,momentum_spread1.5x
2013-02-28 22:00:00+00:00,2013-03-01 22:00:00+00:00,2013-04-01 21:00:00+00:00,EUR,EUR_USD,1,1,0.18823344227401811,0.0045626330656785225,2013-03-01 22:00:00+00:00,2013-04-01 21:00:00+00:00,1.302,1.28484,-171.60000000000062,2.849999999998687,-11.323403479452056,-185.77340347945136,False,momentum_spread1.5x
2013-02-28 22:00:00+00:00,2013-03-01 22:00:00+00:00,2013-04-01 21:00:00+00:00,GBP,GBP_USD,1,1,0.2101098457479574,0.004087576785031616,2013-03-01 22:00:00+00:00,2013-04-01 21:00:00+00:00,1.50386,1.52292,190.60000000000076,4.350000000001852,-8.722735776438363,177.52726422356056,False,momentum_spread1.5x
2013-02-28 22:00:00+00:00,2013-03-01 22:00:00+00:00,2013-04-01 21:00:00+00:00,JPY,USD_JPY,-1,1,0.12271646889464458,0.0069985726897280765,2013-03-01 22:00:00+00:00,2013-04-01 21:00:00+00:00,93.588,93.234,-35.39999999999992,3.900000000001569,-13.227459749315068,-52.527459749316556,False,momentum_spread1.5x
2013-02-28 22:00:00+00:00,2013-03-01 22:00:00+00:00,2013-04-01 21:00:00+00:00,AUD,AUD_USD,-1,-1,0.21410123929241193,0.004011373921161432,2013-03-01 22:00:00+00:00,2013-04-01 21:00:00+00:00,1.02055,1.04234,-217.89999999999975,2.6999999999977042,-20.815840027397257,-241.41584002739472,False,momentum_spread1.5x
2013-02-28 22:00:00+00:00,2013-03-01 22:00:00+00:00,2013-04-01 21:00:00+00:00,NZD,NZD_USD,1,1,0.16341851329760895,0.005255464086996382,2013-03-01 22:00:00+00:00,2013-04-01 21:00:00+00:00,0.8249,0.83696,120.6000000000007,3.300000000001635,4.864723479452054,122.16472347945113,False,momentum_spread1.5x
2013-02-28 22:00:00+00:00,2013-03-01 22:00:00+00:00,2013-04-01 21:00:00+00:00,CHF,CHF_JPY,-1,-1,0.10142049049335902,0.008468112544201914,2013-03-01 22:00:00+00:00,2013-04-01 21:00:00+00:00,99.258,98.496,76.20000000000005,7.949999999999591,-11.447343632217859,56.802656367782596,False,momentum_spread1.5x
2013-03-31 21:00:00+00:00,2013-04-01 21:00:00+00:00,2013-05-01 21:00:00+00:00,EUR,EUR_USD,1,1,0.17448630737898613,0.0047953085175447,2013-04-01 21:00:00+00:00,2013-05-01 21:00:00+00:00,1.28484,1.31796,331.2000000000004,2.849999999998687,-12.47738090410959,315.87261909589216,False,momentum_spread1.5x
2013-03-31 21:00:00+00:00,2013-04-01 21:00:00+00:00,2013-05-01 21:00:00+00:00,GBP,GBP_USD,-1,-1,0.20195947585347562,0.004142987955546208,2013-04-01 21:00:00+00:00,2013-05-01 21:00:00+00:00,1.52292,1.55554,-326.1999999999987,4.350000000001852,-14.402550882191772,-344.95255088219227,False,momentum_spread1.5x
2013-03-31 21:00:00+00:00,2013-04-01 21:00:00+00:00,2013-05-01 21:00:00+00:00,JPY,USD_JPY,-1,1,0.11930616424396788,0.007013180595248909,2013-04-01 21:00:00+00:00,2013-05-01 21:00:00+00:00,93.234,97.392,415.8000000000001,3.900000000001569,-14.483307104109585,397.41669289588896,False,momentum_spread1.5x
2013-03-31 21:00:00+00:00,2013-04-01 21:00:00+00:00,2013-05-01 21:00:00+00:00,AUD,AUD_USD,1,1,0.21855866992109335,0.0038283344068274923,2013-04-01 21:00:00+00:00,2013-05-01 21:00:00+00:00,1.04234,1.02784,-144.99999999999957,2.6999999999977042,10.297339438356165,-137.4026605616411,False,momentum_spread1.5x
2013-03-31 21:00:00+00:00,2013-04-01 21:00:00+00:00,2013-05-01 21:00:00+00:00,NZD,NZD_USD,1,1,0.1747610300131958,0.004787770339338217,2013-04-01 21:00:00+00:00,2013-05-01 21:00:00+00:00,0.83696,0.84996,130.0000000000001,3.300000000001635,5.592947424657532,132.292947424656,False,momentum_spread1.5x
2013-03-31 21:00:00+00:00,2013-04-01 21:00:00+00:00,2013-05-01 21:00:00+00:00,CHF,CHF_JPY,-1,-1,0.11092835258928124,0.007542847761089212,2013-04-01 21:00:00+00:00,2013-05-01 21:00:00+00:00,98.496,105.019,-652.300000000001,7.949999999999591,-12.725103928115182,-672.9751039281158,False,momentum_spread1.5x
2013-04-30 21:00:00+00:00,2013-05-01 21:00:00+00:00,2013-06-02 21:00:00+00:00,GBP,GBP_USD,-1,-1,0.237781187382912,0.004379518467795821,2013-05-01 21:00:00+00:00,2013-06-02 21:00:00+00:00,1.55554,1.52076,347.8000000000003,4.350000000001852,-13.869503780821912,329.58049621917655,False,momentum_spread1.5x
2013-04-30 21:00:00+00:00,2013-05-01 21:00:00+00:00,2013-06-02 21:00:00+00:00,JPY,USD_JPY,-1,1,0.12908661191649626,0.008067196791186393,2013-05-01 21:00:00+00:00,2013-06-02 21:00:00+00:00,97.392,100.452,306.0000000000002,3.900000000001569,-14.094433904109586,288.0055660958891,False,momentum_spread1.5x
2013-04-30 21:00:00+00:00,2013-05-01 21:00:00+00:00,2013-06-02 21:00:00+00:00,AUD,AUD_USD,1,1,0.2256514700941831,0.004614936038321545,2013-05-01 21:00:00+00:00,2013-06-02 21:00:00+00:00,1.02784,0.96225,-655.9000000000003,2.6999999999993696,8.838819780821915,-649.7611802191777,False,momentum_spread1.5x
2013-04-30 21:00:00+00:00,2013-05-01 21:00:00+00:00,2013-06-02 21:00:00+00:00,NZD,NZD_USD,1,1,0.17970273709450088,0.0057949429055733,2013-05-01 21:00:00+00:00,2013-06-02 21:00:00+00:00,0.84996,0.79731,-526.5000000000008,3.300000000001635,5.055374383561643,-524.7446256164408,False,momentum_spread1.5x
2013-04-30 21:00:00+00:00,2013-05-01 21:00:00+00:00,2013-06-02 21:00:00+00:00,CAD,CAD_JPY,1,1,0.11464236628430982,0.009083614855395787,2013-05-01 21:00:00+00:00,2013-06-02 21:00:00+00:00,96.579,96.824,24.500000000000455,5.550000000000921,-4.58144004171855,14.368559958280983,False,momentum_spread1.5x
2013-04-30 21:00:00+00:00,2013-05-01 21:00:00+00:00,2013-06-02 21:00:00+00:00,CHF,CHF_JPY,-1,-1,0.11313562722759792,0.00920459033954827,2013-05-01 21:00:00+00:00,2013-06-02 21:00:00+00:00,105.019,105.065,-4.599999999999227,7.949999999999591,-12.01846453969521,-24.568464539694027,False,momentum_spread1.5x
2013-05-30 21:00:00+00:00,2013-06-02 21:00:00+00:00,2013-07-01 21:00:00+00:00,EUR,EUR_USD,1,1,0.20860918770570142,0.004722336271157068,2013-06-02 21:00:00+00:00,2013-07-01 21:00:00+00:00,1.29939,1.30638,69.90000000000052,2.849999999998687,-10.8593038630137,56.19069613698813,False,momentum_spread1.5x
2013-05-30 21:00:00+00:00,2013-06-02 21:00:00+00:00,2013-07-01 21:00:00+00:00,GBP,GBP_USD,-1,-1,0.22820595075547612,0.004316814396548367,2013-06-02 21:00:00+00:00,2013-07-01 21:00:00+00:00,1.52076,1.52169,-9.300000000000974,4.350000000001852,-13.431648906301367,-27.081648906304196,False,momentum_spread1.5x
2013-05-30 21:00:00+00:00,2013-06-02 21:00:00+00:00,2013-07-01 21:00:00+00:00,JPY,USD_JPY,-1,1,0.1159429518081051,0.008496615949796622,2013-06-02 21:00:00+00:00,2013-07-01 21:00:00+00:00,100.452,99.658,-79.3999999999997,3.900000000001569,-13.760162763013694,-97.06016276301496,False,momentum_spread1.5x
2013-05-30 21:00:00+00:00,2013-06-02 21:00:00+00:00,2013-07-01 21:00:00+00:00,AUD,AUD_USD,1,1,0.18496654130687973,0.005325950988967354,2013-06-02 21:00:00+00:00,2013-07-01 21:00:00+00:00,0.96225,0.92388,-383.70000000000016,2.700000000001035,8.325954698630134,-378.07404530137103,False,momentum_spread1.5x
2013-05-30 21:00:00+00:00,2013-06-02 21:00:00+00:00,2013-07-01 21:00:00+00:00,NZD,NZD_USD,1,1,0.14965008437462668,0.006582841150514417,2013-06-02 21:00:00+00:00,2013-07-01 21:00:00+00:00,0.79731,0.78221,-151.00000000000003,3.300000000001635,5.081940493150684,-149.21805950685098,False,momentum_spread1.5x
2013-05-30 21:00:00+00:00,2013-06-02 21:00:00+00:00,2013-07-01 21:00:00+00:00,CAD,CAD_JPY,-1,-1,0.11262528404921097,0.00874690565192096,2013-06-02 21:00:00+00:00,2013-07-01 21:00:00+00:00,96.824,94.939,188.5000000000005,5.550000000000921,-16.013990082881687,166.9360099171179,False,momentum_spread1.5x
2013-06-30 21:00:00+00:00,2013-07-01 21:00:00+00:00,2013-08-01 21:00:00+00:00,EUR,EUR_USD,1,1,0.23215659702792918,0.004605533896943987,2013-07-01 21:00:00+00:00,2013-08-01 21:00:00+00:00,1.30638,1.32068,142.9999999999998,2.849999999998687,-12.3331337260274,127.81686627397372,False,momentum_spread1.5x
2013-06-30 21:00:00+00:00,2013-07-01 21:00:00+00:00,2013-08-01 21:00:00+00:00,GBP,GBP_USD,-1,-1,0.22982157907413453,0.004652326736761283,2013-07-01 21:00:00+00:00,2013-08-01 21:00:00+00:00,1.52169,1.512,96.89999999999976,4.350000000001852,-15.368570264109584,77.18142973588833,False,momentum_spread1.5x
2013-06-30 21:00:00+00:00,2013-07-01 21:00:00+00:00,2013-08-01 21:00:00+00:00,JPY,USD_JPY,-1,1,0.11913037021806883,0.008975083977780875,2013-07-01 21:00:00+00:00,2013-08-01 21:00:00+00:00,99.658,99.542,-11.599999999999966,3.900000000001569,-15.69209902602739,-31.192099026028927,False,momentum_spread1.5x
2013-06-30 21:00:00+00:00,2013-07-01 21:00:00+00:00,2013-08-01 21:00:00+00:00,AUD,AUD_USD,-1,-1,0.14093193166138787,0.007586677230680656,2013-07-01 21:00:00+00:00,2013-08-01 21:00:00+00:00,0.92388,0.89256,313.2000000000001,2.700000000001035,-22.411632123287657,288.08836787671146,False,momentum_spread1.5x
2013-06-30 21:00:00+00:00,2013-07-01 21:00:00+00:00,2013-08-01 21:00:00+00:00,NZD,NZD_USD,1,1,0.12981474039668361,0.008236391905449657,2013-07-01 21:00:00+00:00,2013-08-01 21:00:00+00:00,0.78221,0.7892,69.90000000000052,3.300000000001635,5.8117271506849315,72.41172715068382,False,momentum_spread1.5x
2013-06-30 21:00:00+00:00,2013-07-01 21:00:00+00:00,2013-08-01 21:00:00+00:00,CHF,CHF_JPY,1,1,0.14814478162179606,0.007217298276093883,2013-07-01 21:00:00+00:00,2013-08-01 21:00:00+00:00,105.428,106.247,81.90000000000026,7.949999999999591,-30.04826733300801,43.90173266699266,False,momentum_spread1.5x
2013-07-31 21:00:00+00:00,2013-08-01 21:00:00+00:00,2013-09-01 21:00:00+00:00,EUR,EUR_USD,1,1,0.2165499545861481,0.004963255592863111,2013-08-01 21:00:00+00:00,2013-09-01 21:00:00+00:00,1.32068,1.32143,7.500000000000284,2.849999999998687,-10.755822191780823,-6.105822191779225,False,momentum_spread1.5x
2013-07-31 21:00:00+00:00,2013-08-01 21:00:00+00:00,2013-09-01 21:00:00+00:00,GBP,GBP_USD,1,1,0.1945127553908126,0.005525564485858482,2013-08-01 21:00:00+00:00,2013-09-01 21:00:00+00:00,1.512,1.55338,413.7999999999997,4.350000000001852,-8.148204981917813,401.3017950180801,False,momentum_spread1.5x
2013-07-31 21:00:00+00:00,2013-08-01 21:00:00+00:00,2013-09-01 21:00:00+00:00,JPY,USD_JPY,-1,1,0.12039597317313688,0.008927148848145721,2013-08-01 21:00:00+00:00,2013-09-01 21:00:00+00:00,99.542,98.441,-110.09999999999991,3.900000000001569,-13.90665609178082,-127.9066560917823,False,momentum_spread1.5x
2013-07-31 21:00:00+00:00,2013-08-01 21:00:00+00:00,2013-09-01 21:00:00+00:00,AUD,AUD_USD,-1,-1,0.12778954987627436,0.008410646835164258,2013-08-01 21:00:00+00:00,2013-09-01 21:00:00+00:00,0.89256,0.8945,-19.399999999999416,2.700000000001035,-18.67286473972602,-40.77286473972647,False,momentum_spread1.5x
2013-07-31 21:00:00+00:00,2013-08-01 21:00:00+00:00,2013-09-01 21:00:00+00:00,CAD,CAD_JPY,-1,-1,0.15242153705270514,0.007051449513084916,2013-08-01 21:00:00+00:00,2013-09-01 21:00:00+00:00,96.2,93.478,272.20000000000084,5.550000000000921,-15.911161130841482,250.73883886915843,False,momentum_spread1.5x
2013-07-31 21:00:00+00:00,2013-08-01 21:00:00+00:00,2013-09-01 21:00:00+00:00,CHF,CHF_JPY,1,1,0.1883302299209229,0.005706958323606581,2013-08-01 21:00:00+00:00,2013-09-01 21:00:00+00:00,106.247,105.648,-59.900000000000375,7.949999999999591,-26.481197726841714,-94.33119772684168,False,momentum_spread1.5x
2013-08-29 21:00:00+00:00,2013-09-01 21:00:00+00:00,2013-10-01 21:00:00+00:00,EUR,EUR_USD,1,1,0.24236305029449323,0.004733262121286893,2013-09-01 21:00:00+00:00,2013-10-01 21:00:00+00:00,1.32143,1.35262,311.8999999999983,2.849999999998687,-11.10389690410959,297.94610309589,False,momentum_spread1.5x
2013-08-29 21:00:00+00:00,2013-09-01 21:00:00+00:00,2013-10-01 21:00:00+00:00,JPY,USD_JPY,-1,1,0.1308189395242589,0.008769126624403996,2013-09-01 21:00:00+00:00,2013-10-01 21:00:00+00:00,98.441,97.995,-44.599999999999795,3.900000000001569,-14.418494904109586,-62.91849490411095,False,momentum_spread1.5x
2013-08-29 21:00:00+00:00,2013-09-01 21:00:00+00:00,2013-10-01 21:00:00+00:00,AUD,AUD_USD,-1,-1,0.14471512701336886,0.007927076244437798,2013-09-01 21:00:00+00:00,2013-10-01 21:00:00+00:00,0.8945,0.93986,-453.60000000000065,2.700000000001035,-19.044644260273973,-475.34464426027563,False,momentum_spread1.5x
2013-08-29 21:00:00+00:00,2013-09-01 21:00:00+00:00,2013-10-01 21:00:00+00:00,NZD,NZD_USD,1,1,0.14380742583274758,0.00797711132728755,2013-09-01 21:00:00+00:00,2013-10-01 21:00:00+00:00,0.77639,0.82762,512.3,3.300000000001635,5.933618712328766,514.9336187123271,False,momentum_spread1.5x
2013-08-29 21:00:00+00:00,2013-09-01 21:00:00+00:00,2013-10-01 21:00:00+00:00,CAD,CAD_JPY,-1,-1,0.150248481689721,0.007635137690958488,2013-09-01 21:00:00+00:00,2013-10-01 21:00:00+00:00,93.478,94.932,-145.40000000000077,5.550000000000921,-16.452783552582815,-167.4027835525845,False,momentum_spread1.5x
2013-08-29 21:00:00+00:00,2013-09-01 21:00:00+00:00,2013-10-01 21:00:00+00:00,CHF,CHF_JPY,1,1,0.18804697564541034,0.006100432307518868,2013-09-01 21:00:00+00:00,2013-10-01 21:00:00+00:00,105.648,108.227,257.9000000000008,7.949999999999591,-27.199454545292273,222.7505454547089,False,momentum_spread1.5x
2013-09-30 21:00:00+00:00,2013-10-01 21:00:00+00:00,2013-11-03 22:00:00+00:00,EUR,EUR_USD,1,1,0.21428371442801747,0.0043648881618697675,2013-10-01 21:00:00+00:00,2013-11-03 22:00:00+00:00,1.35262,1.34868,-39.39999999999832,2.849999999998687,-12.273553369863015,-54.523553369860025,False,momentum_spread1.5x
2013-09-30 21:00:00+00:00,2013-10-01 21:00:00+00:00,2013-11-03 22:00:00+00:00,GBP,GBP_USD,1,1,0.19482312259215884,0.004800890345784756,2013-10-01 21:00:00+00:00,2013-11-03 22:00:00+00:00,1.61953,1.59255,-269.8,4.350000000001852,-9.260481915616444,-283.4104819156183,False,momentum_spread1.5x
2013-09-30 21:00:00+00:00,2013-10-01 21:00:00+00:00,2013-11-03 22:00:00+00:00,JPY,USD_JPY,-1,1,0.1282086932522078,0.007295327833568952,2013-10-01 21:00:00+00:00,2013-11-03 22:00:00+00:00,97.995,98.812,81.6999999999993,3.900000000001569,-15.776443669863008,62.02355633013473,False,momentum_spread1.5x
2013-09-30 21:00:00+00:00,2013-10-01 21:00:00+00:00,2013-11-03 22:00:00+00:00,AUD,AUD_USD,-1,-1,0.12661832346223115,0.007386959665970718,2013-10-01 21:00:00+00:00,2013-11-03 22:00:00+00:00,0.93986,0.94592,-60.59999999999954,2.700000000001035,-20.913074671232877,-84.21307467123344,False,momentum_spread1.5x
2013-09-30 21:00:00+00:00,2013-10-01 21:00:00+00:00,2013-11-03 22:00:00+00:00,CAD,CAD_JPY,-1,-1,0.14830081652598198,0.006306940651432412,2013-10-01 21:00:00+00:00,2013-11-03 22:00:00+00:00,94.932,94.854,7.800000000000296,5.550000000000921,-18.11198917873225,-15.861989178732877,False,momentum_spread1.5x
2013-09-30 21:00:00+00:00,2013-10-01 21:00:00+00:00,2013-11-03 22:00:00+00:00,CHF,CHF_JPY,1,1,0.18776532973940288,0.004981347992659029,2013-10-01 21:00:00+00:00,2013-11-03 22:00:00+00:00,108.227,108.34,11.299999999999955,7.949999999999591,-28.758015993102454,-25.40801599310209,False,momentum_spread1.5x
2013-10-31 21:00:00+00:00,2013-11-03 22:00:00+00:00,2013-12-01 22:00:00+00:00,EUR,EUR_USD,1,1,0.21725204498332412,0.003965726184728735,2013-11-03 22:00:00+00:00,2013-12-01 22:00:00+00:00,1.34868,1.35892,102.39999999999804,2.849999999998687,-10.40461167123288,89.14538832876647,False,momentum_spread1.5x
2013-10-31 21:00:00+00:00,2013-11-03 22:00:00+00:00,2013-12-01 22:00:00+00:00,GBP,GBP_USD,1,1,0.1929185273975604,0.004465937694520928,2013-11-03 22:00:00+00:00,2013-12-01 22:00:00+00:00,1.59255,1.63721,446.60000000000144,4.350000000001852,-7.859434424109591,434.39056557589004,False,momentum_spread1.5x
2013-10-31 21:00:00+00:00,2013-11-03 22:00:00+00:00,2013-12-01 22:00:00+00:00,JPY,USD_JPY,-1,1,0.13783920200441213,0.006250486878534421,2013-11-03 22:00:00+00:00,2013-12-01 22:00:00+00:00,98.812,102.512,370.0000000000003,3.900000000001569,-13.399256471232874,352.7007435287658,False,momentum_spread1.5x
2013-10-31 21:00:00+00:00,2013-11-03 22:00:00+00:00,2013-12-01 22:00:00+00:00,AUD,AUD_USD,-1,-1,0.14678051978686196,0.005869730702189203,2013-11-03 22:00:00+00:00,2013-12-01 22:00:00+00:00,0.94592,0.9129,330.19999999999936,2.700000000001035,-17.75008890410959,309.74991109588876,False,momentum_spread1.5x
2013-10-31 21:00:00+00:00,2013-11-03 22:00:00+00:00,2013-12-01 22:00:00+00:00,CAD,CAD_JPY,-1,-1,0.13253473074545633,0.006500651705634301,2013-11-03 22:00:00+00:00,2013-12-01 22:00:00+00:00,94.854,96.488,-163.40000000000003,5.550000000000921,-15.392039585424648,-184.3420395854256,False,momentum_spread1.5x
2013-10-31 21:00:00+00:00,2013-11-03 22:00:00+00:00,2013-12-01 22:00:00+00:00,CHF,CHF_JPY,1,1,0.17267497508238513,0.004989501941813935,2013-11-03 22:00:00+00:00,2013-12-01 22:00:00+00:00,108.34,113.124,478.3999999999992,7.949999999999591,-24.893202749220407,445.5567972507792,False,momentum_spread1.5x
2013-11-28 22:00:00+00:00,2013-12-01 22:00:00+00:00,2014-01-01 22:00:00+00:00,EUR,EUR_USD,1,1,0.2179851349432527,0.00396901624392085,2013-12-01 22:00:00+00:00,2014-01-01 22:00:00+00:00,1.35892,1.37525,163.30000000000177,2.849999999998687,-12.254738520547946,148.19526147945516,False,momentum_spread1.5x
2013-11-28 22:00:00+00:00,2013-12-01 22:00:00+00:00,2014-01-01 22:00:00+00:00,JPY,USD_JPY,-1,1,0.1635496954870419,0.0052900529037768675,2013-12-01 22:00:00+00:00,2014-01-01 22:00:00+00:00,102.512,105.246,273.39999999999947,3.900000000001569,-15.803078820547942,253.69692117944996,False,momentum_spread1.5x
2013-11-28 22:00:00+00:00,2013-12-01 22:00:00+00:00,2014-01-01 22:00:00+00:00,AUD,AUD_USD,-1,-1,0.1506999329826764,0.005741120944111537,2013-12-01 22:00:00+00:00,2014-01-01 22:00:00+00:00,0.9129,0.8887,241.99999999999997,2.700000000001035,-20.92451404109589,218.37548595890303,False,momentum_spread1.5x
2013-11-28 22:00:00+00:00,2013-12-01 22:00:00+00:00,2014-01-01 22:00:00+00:00,NZD,NZD_USD,1,1,0.14126727134325895,0.006124465584252497,2013-12-01 22:00:00+00:00,2014-01-01 22:00:00+00:00,0.81524,0.81954,43.00000000000081,3.300000000001635,6.5352629589041085,46.235262958903284,False,momentum_spread1.5x
2013-11-28 22:00:00+00:00,2013-12-01 22:00:00+00:00,2014-01-01 22:00:00+00:00,CAD,CAD_JPY,-1,-1,0.15797604003754337,0.005476694702041113,2013-12-01 22:00:00+00:00,2014-01-01 22:00:00+00:00,96.488,98.882,-239.40000000000055,5.550000000000921,-18.13218521592777,-263.08218521592926,False,momentum_spread1.5x
2013-11-28 22:00:00+00:00,2013-12-01 22:00:00+00:00,2014-01-01 22:00:00+00:00,CHF,CHF_JPY,1,1,0.16852192520622666,0.005133970196841075,2013-12-01 22:00:00+00:00,2014-01-01 22:00:00+00:00,113.124,118.049,492.50000000000114,7.949999999999591,-28.813011252129176,455.7369887478724,False,momentum_spread1.5x
2013-12-30 22:00:00+00:00,2014-01-01 22:00:00+00:00,2014-02-02 22:00:00+00:00,EUR,EUR_USD,1,1,0.20777650656398458,0.00364262570879026,2014-01-01 22:00:00+00:00,2014-02-02 22:00:00+00:00,1.37525,1.3483,-269.5000000000003,2.849999999998687,-11.016094273972605,-283.3660942739716,False,momentum_spread1.5x
2013-12-30 22:00:00+00:00,2014-01-01 22:00:00+00:00,2014-02-02 22:00:00+00:00,GBP,GBP_USD,1,1,0.18695376255265606,0.004048338124670954,2014-01-01 22:00:00+00:00,2014-02-02 22:00:00+00:00,1.65661,1.64244,-141.70000000000016,4.350000000001852,-8.280952800000005,-154.330952800002,False,momentum_spread1.5x
2013-12-30 22:00:00+00:00,2014-01-01 22:00:00+00:00,2014-02-02 22:00:00+00:00,JPY,USD_JPY,-1,1,0.15503073445336196,0.004881948390177324,2014-01-01 22:00:00+00:00,2014-02-02 22:00:00+00:00,105.246,102.008,-323.79999999999995,3.900000000001569,-14.542792273972601,-342.24279227397415,False,momentum_spread1.5x
2013-12-30 22:00:00+00:00,2014-01-01 22:00:00+00:00,2014-02-02 22:00:00+00:00,AUD,AUD_USD,-1,-1,0.14767483990952066,0.005125125207220922,2014-01-01 22:00:00+00:00,2014-02-02 22:00:00+00:00,0.8887,0.87681,118.90000000000066,2.700000000001035,-19.098027986301364,97.10197201369826,False,momentum_spread1.5x
2013-12-30 22:00:00+00:00,2014-01-01 22:00:00+00:00,2014-02-02 22:00:00+00:00,CAD,CAD_JPY,-1,-1,0.14804527084594485,0.005112301393809296,2014-01-01 22:00:00+00:00,2014-02-02 22:00:00+00:00,98.882,91.758,712.4000000000009,5.550000000000921,-16.47042717160646,690.3795728283934,False,momentum_spread1.5x
2013-12-30 22:00:00+00:00,2014-01-01 22:00:00+00:00,2014-02-02 22:00:00+00:00,CHF,CHF_JPY,1,1,0.15451888567453198,0.004898120001245543,2014-01-01 22:00:00+00:00,2014-02-02 22:00:00+00:00,118.049,112.502,-554.7000000000011,7.949999999999591,-27.10764452920273,-589.7576445292034,False,momentum_spread1.5x
2014-01-30 22:00:00+00:00,2014-02-02 22:00:00+00:00,2014-03-02 22:00:00+00:00,EUR,EUR_USD,1,1,0.21157270831206365,0.003695410085511278,2014-02-02 22:00:00+00:00,2014-03-02 22:00:00+00:00,1.3483,1.37608,277.79999999999916,2.849999999998687,-10.25409287671233,264.6959071232882,False,momentum_spread1.5x
2014-01-30 22:00:00+00:00,2014-02-02 22:00:00+00:00,2014-03-02 22:00:00+00:00,GBP,GBP_USD,1,1,0.21414173500009678,0.0036510767978739983,2014-02-02 22:00:00+00:00,2014-03-02 22:00:00+00:00,1.64244,1.67156,291.20000000000033,4.350000000001852,-7.78909570191781,279.0609042980807,False,momentum_spread1.5x
2014-01-30 22:00:00+00:00,2014-02-02 22:00:00+00:00,2014-03-02 22:00:00+00:00,JPY,USD_JPY,-1,1,0.14374133621844182,0.005439269876600922,2014-02-02 22:00:00+00:00,2014-03-02 22:00:00+00:00,102.008,101.492,-51.59999999999911,3.900000000001569,-13.736635046575337,-69.23663504657603,False,momentum_spread1.5x
2014-01-30 22:00:00+00:00,2014-02-02 22:00:00+00:00,2014-03-02 22:00:00+00:00,AUD,AUD_USD,-1,-1,0.13641040425960166,0.005731585683357455,2014-02-02 22:00:00+00:00,2014-03-02 22:00:00+00:00,0.87681,0.88958,-127.70000000000059,2.700000000001035,-17.84160386301369,-148.2416038630153,False,momentum_spread1.5x
2014-01-30 22:00:00+00:00,2014-02-02 22:00:00+00:00,2014-03-02 22:00:00+00:00,CAD,CAD_JPY,-1,-1,0.1525389906003833,0.005125561123998752,2014-02-02 22:00:00+00:00,2014-03-02 22:00:00+00:00,91.758,91.6,15.800000000000125,5.550000000000921,-15.271001767267485,-5.021001767268281,False,momentum_spread1.5x
2014-01-30 22:00:00+00:00,2014-02-02 22:00:00+00:00,2014-03-02 22:00:00+00:00,CHF,CHF_JPY,1,1,0.14159482560941278,0.005521726636198216,2014-02-02 22:00:00+00:00,2014-03-02 22:00:00+00:00,112.502,115.242,274.0000000000009,7.949999999999591,-25.526605723672617,240.5233942763287,False,momentum_spread1.5x
2014-02-27 22:00:00+00:00,2014-03-02 22:00:00+00:00,2014-04-01 21:00:00+00:00,EUR,EUR_USD,1,1,0.21770299645751334,0.0035191633714527167,2014-03-02 22:00:00+00:00,2014-04-01 21:00:00+00:00,1.37608,1.37926,31.799999999999606,2.849999999998687,-11.094489479452056,17.85551052054886,False,momentum_spread1.5x
2014-02-27 22:00:00+00:00,2014-03-02 22:00:00+00:00,2014-04-01 21:00:00+00:00,GBP,GBP_USD,1,1,0.21312554091929764,0.003594747056988754,2014-03-02 22:00:00+00:00,2014-04-01 21:00:00+00:00,1.67156,1.66298,-85.80000000000031,4.350000000001852,-8.511462631232883,-98.66146263123505,False,momentum_spread1.5x
2014-02-27 22:00:00+00:00,2014-03-02 22:00:00+00:00,2014-04-01 21:00:00+00:00,JPY,USD_JPY,-1,1,0.1478672660580057,0.005181217124067481,2014-03-02 22:00:00+00:00,2014-04-01 21:00:00+00:00,101.492,103.666,217.39999999999924,3.900000000001569,-14.42737328767123,199.07262671232644,False,momentum_spread1.5x
2014-02-27 22:00:00+00:00,2014-03-02 22:00:00+00:00,2014-04-01 21:00:00+00:00,AUD,AUD_USD,-1,-1,0.12998920123180377,0.005893815822612624,2014-03-02 22:00:00+00:00,2014-04-01 21:00:00+00:00,0.88958,0.92454,-349.5999999999999,2.700000000001035,-19.05036394520548,-371.3503639452064,False,momentum_spread1.5x
2014-02-27 22:00:00+00:00,2014-03-02 22:00:00+00:00,2014-04-01 21:00:00+00:00,CAD,CAD_JPY,-1,-1,0.13976846416279293,0.005481439719452321,2014-03-02 22:00:00+00:00,2014-04-01 21:00:00+00:00,91.6,94.024,-242.40000000000066,5.550000000000921,-16.443474201761237,-264.39347420176284,False,momentum_spread1.5x
2014-02-27 22:00:00+00:00,2014-03-02 22:00:00+00:00,2014-04-01 21:00:00+00:00,CHF,CHF_JPY,1,1,0.15154653117058656,0.005055426904667277,2014-03-02 22:00:00+00:00,2014-04-01 21:00:00+00:00,115.242,117.345,210.29999999999944,7.949999999999591,-27.041261088711387,175.30873891128846,False,momentum_spread1.5x
2014-03-31 21:00:00+00:00,2014-04-01 21:00:00+00:00,2014-05-01 21:00:00+00:00,EUR,EUR_USD,1,1,0.20878921704011766,0.0035517913676032203,2014-04-01 21:00:00+00:00,2014-05-01 21:00:00+00:00,1.37926,1.38686,76.00000000000051,2.849999999998687,-11.947429315068497,61.20257068493333,False,momentum_spread1.5x
2014-03-31 21:00:00+00:00,2014-04-01 21:00:00+00:00,2014-05-01 21:00:00+00:00,GBP,GBP_USD,1,1,0.22290216916247055,0.0033269112701689325,2014-04-01 21:00:00+00:00,2014-05-01 21:00:00+00:00,1.66298,1.68918,262.0,4.350000000001852,-9.141794499726029,248.50820550027214,False,momentum_spread1.5x
2014-03-31 21:00:00+00:00,2014-04-01 21:00:00+00:00,2014-05-01 21:00:00+00:00,JPY,USD_JPY,-1,1,0.15436656611479688,0.0048039919355350675,2014-04-01 21:00:00+00:00,2014-05-01 21:00:00+00:00,103.666,102.322,-134.3999999999994,3.900000000001569,-15.095915569863006,-153.39591556986397,False,momentum_spread1.5x
2014-03-31 21:00:00+00:00,2014-04-01 21:00:00+00:00,2014-05-01 21:00:00+00:00,AUD,AUD_USD,-1,-1,0.12999962903300002,0.005704445037635286,2014-04-01 21:00:00+00:00,2014-05-01 21:00:00+00:00,0.92454,0.92726,-27.199999999999445,2.700000000001035,-20.25149778082192,-50.1514977808224,False,momentum_spread1.5x
2014-03-31 21:00:00+00:00,2014-04-01 21:00:00+00:00,2014-05-01 21:00:00+00:00,CAD,CAD_JPY,-1,-1,0.1272116969233717,0.005829461886499533,2014-04-01 21:00:00+00:00,2014-05-01 21:00:00+00:00,94.024,93.361,66.29999999999967,5.550000000000921,-17.649376251076323,43.10062374892243,False,momentum_spread1.5x
2014-03-31 21:00:00+00:00,2014-04-01 21:00:00+00:00,2014-05-01 21:00:00+00:00,CHF,CHF_JPY,1,1,0.1567307217262432,0.00473152761988178,2014-04-01 21:00:00+00:00,2014-05-01 21:00:00+00:00,117.345,116.375,-96.99999999999989,7.949999999999591,-28.496017966950063,-133.44601796694954,False,momentum_spread1.5x
2014-04-30 21:00:00+00:00,2014-05-01 21:00:00+00:00,2014-06-01 21:00:00+00:00,EUR,EUR_USD,1,1,0.21188710987154644,0.0028959274292336247,2014-05-01 21:00:00+00:00,2014-06-01 21:00:00+00:00,1.38686,1.36384,-230.2000000000004,2.849999999998687,-10.790316082191783,-243.84031608219087,False,momentum_spread1.5x
2014-04-30 21:00:00+00:00,2014-05-01 21:00:00+00:00,2014-06-01 21:00:00+00:00,GBP,GBP_USD,1,1,0.2350636968945005,0.002610397528349287,2014-05-01 21:00:00+00:00,2014-06-01 21:00:00+00:00,1.68918,1.67675,-124.2999999999994,4.350000000001852,-8.227978490958908,-136.87797849096017,False,momentum_spread1.5x
2014-04-30 21:00:00+00:00,2014-05-01 21:00:00+00:00,2014-06-01 21:00:00+00:00,JPY,USD_JPY,-1,1,0.1618899665534498,0.0037902885919459364,2014-05-01 21:00:00+00:00,2014-06-01 21:00:00+00:00,102.322,101.868,-45.40000000000077,3.900000000001569,-13.857824982191778,-63.15782498219412,False,momentum_spread1.5x
2014-04-30 21:00:00+00:00,2014-05-01 21:00:00+00:00,2014-06-01 21:00:00+00:00,AUD,AUD_USD,-1,-1,0.12508754361271016,0.004905442026089168,2014-05-01 21:00:00+00:00,2014-06-01 21:00:00+00:00,0.92726,0.93106,-38.000000000000256,2.700000000001035,-18.375441123287672,-59.07544112328896,False,momentum_spread1.5x
2014-04-30 21:00:00+00:00,2014-05-01 21:00:00+00:00,2014-06-01 21:00:00+00:00,CAD,CAD_JPY,-1,-1,0.11984521200414551,0.005120018423070793,2014-05-01 21:00:00+00:00,2014-06-01 21:00:00+00:00,93.361,93.948,-58.69999999999891,5.550000000000921,-15.900803397769087,-80.15080339776891,False,momentum_spread1.5x
2014-04-30 21:00:00+00:00,2014-05-01 21:00:00+00:00,2014-06-01 21:00:00+00:00,CHF,CHF_JPY,1,1,0.1462264710636476,0.004196296942097205,2014-05-01 21:00:00+00:00,2014-06-01 21:00:00+00:00,116.375,113.846,-252.89999999999964,7.949999999999591,-26.016557824477466,-286.8665578244767,False,momentum_spread1.5x
2014-05-29 21:00:00+00:00,2014-06-01 21:00:00+00:00,2014-07-01 21:00:00+00:00,GBP,GBP_USD,1,1,0.2425123386133321,0.0024897269474527715,2014-06-01 21:00:00+00:00,2014-07-01 21:00:00+00:00,1.67675,1.71501,382.59999999999957,4.350000000001852,-8.591089295342467,369.6589107046553,False,momentum_spread1.5x
2014-05-29 21:00:00+00:00,2014-06-01 21:00:00+00:00,2014-07-01 21:00:00+00:00,JPY,USD_JPY,-1,1,0.17530641010308406,0.0034441952475118423,2014-06-01 21:00:00+00:00,2014-07-01 21:00:00+00:00,101.868,101.524,-34.39999999999941,3.900000000001569,-14.214292082191776,-52.51429208219275,False,momentum_spread1.5x
2014-05-29 21:00:00+00:00,2014-06-01 21:00:00+00:00,2014-07-01 21:00:00+00:00,AUD,AUD_USD,-1,-1,0.14220251932539935,0.0042459831752612205,2014-06-01 21:00:00+00:00,2014-07-01 21:00:00+00:00,0.93106,0.94972,-186.60000000000008,2.700000000001035,-18.956942424657537,-208.25694242465866,False,momentum_spread1.5x
2014-05-29 21:00:00+00:00,2014-06-01 21:00:00+00:00,2014-07-01 21:00:00+00:00,NZD,NZD_USD,1,1,0.14411513241033716,0.004189632930539467,2014-06-01 21:00:00+00:00,2014-07-01 21:00:00+00:00,0.84924,0.87745,282.09999999999957,3.300000000001635,10.423291232876712,289.2232912328746,False,momentum_spread1.5x
2014-05-29 21:00:00+00:00,2014-06-01 21:00:00+00:00,2014-07-01 21:00:00+00:00,CAD,CAD_JPY,-1,-1,0.13648581209980382,0.0044238261490057995,2014-06-01 21:00:00+00:00,2014-07-01 21:00:00+00:00,93.948,95.48,-153.20000000000107,5.550000000000921,-16.471688201256,-175.221688201258,False,momentum_spread1.5x
2014-05-29 21:00:00+00:00,2014-06-01 21:00:00+00:00,2014-07-01 21:00:00+00:00,CHF,CHF_JPY,1,1,0.15937778744804354,0.003788416906792843,2014-06-01 21:00:00+00:00,2014-07-01 21:00:00+00:00,113.846,114.409,56.30000000000024,7.949999999999591,-26.571362209558462,21.778637790442186,False,momentum_spread1.5x
2014-06-30 21:00:00+00:00,2014-07-01 21:00:00+00:00,2014-08-03 21:00:00+00:00,GBP,GBP_USD,1,1,0.20048523393773976,0.0026627265872889157,2014-07-01 21:00:00+00:00,2014-08-03 21:00:00+00:00,1.71501,1.68344,-315.69999999999874,4.350000000001852,-9.36077700383562,-329.4107770038362,False,momentum_spread1.5x
2014-06-30 21:00:00+00:00,2014-07-01 21:00:00+00:00,2014-08-03 21:00:00+00:00,JPY,USD_JPY,-1,1,0.1896664161369626,0.0028146119573396753,2014-07-01 21:00:00+00:00,2014-08-03 21:00:00+00:00,101.524,102.558,103.4000000000006,3.900000000001569,-15.700977409589035,83.79902259041,False,momentum_spread1.5x
2014-06-30 21:00:00+00:00,2014-07-01 21:00:00+00:00,2014-08-03 21:00:00+00:00,AUD,AUD_USD,-1,-1,0.13435010970516972,0.0039734791727104625,2014-07-01 21:00:00+00:00,2014-08-03 21:00:00+00:00,0.94972,0.931,187.1999999999996,2.700000000001035,-20.880663123287672,163.6193368767109,False,momentum_spread1.5x
2014-06-30 21:00:00+00:00,2014-07-01 21:00:00+00:00,2014-08-03 21:00:00+00:00,NZD,NZD_USD,1,1,0.11776863154559827,0.004532933394561554,2014-07-01 21:00:00+00:00,2014-08-03 21:00:00+00:00,0.87745,0.85073,-267.19999999999965,3.300000000001635,10.12481317808219,-260.3751868219191,False,momentum_spread1.5x
2014-06-30 21:00:00+00:00,2014-07-01 21:00:00+00:00,2014-08-03 21:00:00+00:00,CAD,CAD_JPY,-1,-1,0.16256096418308957,0.0032839209920261423,2014-07-01 21:00:00+00:00,2014-08-03 21:00:00+00:00,95.48,93.93,154.99999999999972,5.550000000000921,-18.121424091362357,131.32857590863642,False,momentum_spread1.5x
2014-06-30 21:00:00+00:00,2014-07-01 21:00:00+00:00,2014-08-03 21:00:00+00:00,CHF,CHF_JPY,1,1,0.19516864449144,0.0027352619277338456,2014-07-01 21:00:00+00:00,2014-08-03 21:00:00+00:00,114.409,113.259,-115.00000000000057,7.949999999999591,-28.420515423573068,-151.37051542357324,False,momentum_spread1.5x
2014-07-31 21:00:00+00:00,2014-08-03 21:00:00+00:00,2014-09-01 21:00:00+00:00,EUR,EUR_USD,-1,-1,0.21747649751269266,0.002183809262586066,2014-08-03 21:00:00+00:00,2014-09-01 21:00:00+00:00,1.34312,1.31284,302.8000000000008,2.849999999998687,-6.741987671232875,293.2080123287692,False,momentum_spread1.5x
2014-07-31 21:00:00+00:00,2014-08-03 21:00:00+00:00,2014-09-01 21:00:00+00:00,GBP,GBP_USD,1,1,0.19982643300795672,0.0023766985303895357,2014-08-03 21:00:00+00:00,2014-09-01 21:00:00+00:00,1.68344,1.6607,-227.3999999999998,4.350000000001852,-8.251987637260282,-240.00198763726192,False,momentum_spread1.5x
2014-07-31 21:00:00+00:00,2014-08-03 21:00:00+00:00,2014-09-01 21:00:00+00:00,JPY,USD_JPY,-1,1,0.20301081997633105,0.0023394181143564924,2014-08-03 21:00:00+00:00,2014-09-01 21:00:00+00:00,102.558,104.34,178.19999999999965,3.900000000001569,-13.831189831506846,160.46881016849125,False,momentum_spread1.5x
2014-07-31 21:00:00+00:00,2014-08-03 21:00:00+00:00,2014-09-01 21:00:00+00:00,AUD,AUD_USD,1,1,0.1252323967287202,0.0037923668481070947,2014-08-03 21:00:00+00:00,2014-09-01 21:00:00+00:00,0.931,0.93315,21.49999999999985,2.700000000001035,6.974202493150684,25.774202493149502,False,momentum_spread1.5x
2014-07-31 21:00:00+00:00,2014-08-03 21:00:00+00:00,2014-09-01 21:00:00+00:00,NZD,NZD_USD,1,1,0.10465502159555373,0.004538025814933003,2014-08-03 21:00:00+00:00,2014-09-01 21:00:00+00:00,0.85073,0.83754,-131.90000000000035,3.300000000001635,9.888843616438358,-125.31115638356363,False,momentum_spread1.5x
2014-07-31 21:00:00+00:00,2014-08-03 21:00:00+00:00,2014-09-01 21:00:00+00:00,CAD,CAD_JPY,-1,-1,0.1497988311787457,0.003170433213169016,2014-08-03 21:00:00+00:00,2014-09-01 21:00:00+00:00,93.93,95.982,-205.19999999999925,5.550000000000921,-15.92508662673972,-226.6750866267399,False,momentum_spread1.5x
2014-08-31 21:00:00+00:00,2014-09-01 21:00:00+00:00,2014-10-01 21:00:00+00:00,EUR,EUR_USD,-1,-1,0.2188722150877063,0.002198355411222894,2014-09-01 21:00:00+00:00,2014-10-01 21:00:00+00:00,1.31284,1.26194,508.99999999999943,2.849999999998687,-6.682407315068493,499.4675926849323,False,momentum_spread1.5x
2014-08-31 21:00:00+00:00,2014-09-01 21:00:00+00:00,2014-10-01 21:00:00+00:00,GBP,GBP_USD,1,1,0.19495479486613954,0.0024680537800302635,2014-09-01 21:00:00+00:00,2014-10-01 21:00:00+00:00,1.6607,1.61832,-423.8000000000008,4.350000000001852,-9.008826414246581,-437.15882641424923,False,momentum_spread1.5x
2014-08-31 21:00:00+00:00,2014-09-01 21:00:00+00:00,2014-10-01 21:00:00+00:00,JPY,USD_JPY,-1,1,0.19926467330661304,0.002414672457591267,2014-09-01 21:00:00+00:00,2014-10-01 21:00:00+00:00,104.34,108.916,457.59999999999934,3.900000000001569,-15.242408898630131,438.45759110136765,False,momentum_spread1.5x
2014-08-31 21:00:00+00:00,2014-09-01 21:00:00+00:00,2014-10-01 21:00:00+00:00,AUD,AUD_USD,1,1,0.13478283557997398,0.0035698827401424013,2014-09-01 21:00:00+00:00,2014-10-01 21:00:00+00:00,0.93315,0.87268,-604.7000000000002,2.700000000001035,7.6929762328767115,-599.7070237671245,False,momentum_spread1.5x
2014-08-31 21:00:00+00:00,2014-09-01 21:00:00+00:00,2014-10-01 21:00:00+00:00,NZD,NZD_USD,1,1,0.10654848470003978,0.004515868243072449,2014-09-01 21:00:00+00:00,2014-10-01 21:00:00+00:00,0.83754,0.7785,-590.3999999999997,3.300000000001635,11.354667780821918,-582.3453322191795,False,momentum_spread1.5x
2014-08-31 21:00:00+00:00,2014-09-01 21:00:00+00:00,2014-10-01 21:00:00+00:00,CAD,CAD_JPY,-1,-1,0.14557699645952746,0.0033051850917817883,2014-09-01 21:00:00+00:00,2014-10-01 21:00:00+00:00,95.982,97.514,-153.19999999999965,5.550000000000921,-17.574965490361137,-176.3249654903617,False,momentum_spread1.5x
2014-09-30 21:00:00+00:00,2014-10-01 21:00:00+00:00,2014-11-02 22:00:00+00:00,EUR,EUR_USD,-1,-1,0.19935218095429674,0.0031727035058075497,2014-10-01 21:00:00+00:00,2014-11-02 22:00:00+00:00,1.26194,1.25078,111.60000000000058,2.849999999998687,-6.030159205479452,102.71984079452244,False,momentum_spread1.5x
2014-09-30 21:00:00+00:00,2014-10-01 21:00:00+00:00,2014-11-02 22:00:00+00:00,GBP,GBP_USD,1,1,0.1875606484821646,0.003372164515971069,2014-10-01 21:00:00+00:00,2014-11-02 22:00:00+00:00,1.61832,1.59664,-216.79999999999922,4.350000000001852,-8.456065380821919,-229.60606538082297,False,momentum_spread1.5x
2014-09-30 21:00:00+00:00,2014-10-01 21:00:00+00:00,2014-11-02 22:00:00+00:00,JPY,USD_JPY,-1,1,0.1951452727709069,0.0032411001015976034,2014-10-01 21:00:00+00:00,2014-11-02 22:00:00+00:00,108.916,112.732,381.60000000000025,3.900000000001569,-14.169900164383556,363.53009983561515,False,momentum_spread1.5x
2014-09-30 21:00:00+00:00,2014-10-01 21:00:00+00:00,2014-11-02 22:00:00+00:00,AUD,AUD_USD,1,1,0.14109000498467808,0.004482850244939492,2014-10-01 21:00:00+00:00,2014-11-02 22:00:00+00:00,0.87268,0.87532,26.399999999999757,2.700000000001035,7.212522698630136,30.91252269862886,False,momentum_spread1.5x
2014-09-30 21:00:00+00:00,2014-10-01 21:00:00+00:00,2014-11-02 22:00:00+00:00,NZD,NZD_USD,1,1,0.12523500236699778,0.0050503880820044,2014-10-01 21:00:00+00:00,2014-11-02 22:00:00+00:00,0.7785,0.77709,-14.100000000000223,3.300000000001635,9.83727410958904,-7.562725890412819,False,momentum_spread1.5x
2014-09-30 21:00:00+00:00,2014-10-01 21:00:00+00:00,2014-11-02 22:00:00+00:00,CAD,CAD_JPY,-1,-1,0.15161689044095591,0.0041716022638677375,2014-10-01 21:00:00+00:00,2014-11-02 22:00:00+00:00,97.514,99.876,-236.2000000000009,5.550000000000921,-16.572876191282703,-258.32287619128454,False,momentum_spread1.5x
2014-10-30 21:00:00+00:00,2014-11-02 22:00:00+00:00,2014-12-01 22:00:00+00:00,EUR,EUR_USD,-1,-1,0.18057091132764436,0.004898790613699177,2014-11-02 22:00:00+00:00,2014-12-01 22:00:00+00:00,1.25078,1.24703,37.4999999999992,2.849999999998687,-5.763615506849314,28.886384493151198,False,momentum_spread1.5x
2014-10-30 21:00:00+00:00,2014-11-02 22:00:00+00:00,2014-12-01 22:00:00+00:00,GBP,GBP_USD,1,1,0.2032971119036604,0.004351164053615085,2014-11-02 22:00:00+00:00,2014-12-01 22:00:00+00:00,1.59664,1.57318,-234.60000000000036,4.350000000001852,-8.234476379178087,-247.1844763791803,False,momentum_spread1.5x
2014-10-30 21:00:00+00:00,2014-11-02 22:00:00+00:00,2014-12-01 22:00:00+00:00,JPY,USD_JPY,-1,1,0.1568027830280117,0.005641348121741861,2014-11-02 22:00:00+00:00,2014-12-01 22:00:00+00:00,112.732,118.388,565.6000000000006,3.900000000001569,-13.609230242465747,548.0907697575333,False,momentum_spread1.5x
2014-10-30 21:00:00+00:00,2014-11-02 22:00:00+00:00,2014-12-01 22:00:00+00:00,AUD,AUD_USD,-1,-1,0.1479005809858463,0.005980903385387123,2014-11-02 22:00:00+00:00,2014-12-01 22:00:00+00:00,0.87532,0.84929,260.29999999999995,2.700000000001035,-18.322057397260277,239.27794260273868,False,momentum_spread1.5x
2014-10-30 21:00:00+00:00,2014-11-02 22:00:00+00:00,2014-12-01 22:00:00+00:00,NZD,NZD_USD,1,1,0.1252537372894903,0.007062296939487753,2014-11-02 22:00:00+00:00,2014-12-01 22:00:00+00:00,0.77709,0.78678,96.90000000000087,3.300000000001635,9.751324931506849,103.35132493150608,False,momentum_spread1.5x
2014-10-30 21:00:00+00:00,2014-11-02 22:00:00+00:00,2014-12-01 22:00:00+00:00,CHF,CHF_JPY,1,1,0.18617487546534692,0.0047513343747804405,2014-11-02 22:00:00+00:00,2014-12-01 22:00:00+00:00,116.85,122.714,586.4000000000004,7.949999999999591,-24.69459589248715,553.7554041075136,False,momentum_spread1.5x
2014-11-30 22:00:00+00:00,2014-12-01 22:00:00+00:00,2015-01-01 22:00:00+00:00,EUR,EUR_USD,-1,-1,0.18001738712756876,0.00554124741499883,2014-12-01 22:00:00+00:00,2015-01-01 22:00:00+00:00,1.24703,1.21057,364.60000000000156,2.849999999998687,-6.346875835616436,355.4031241643864,False,momentum_spread1.5x
2014-11-30 22:00:00+00:00,2014-12-01 22:00:00+00:00,2015-01-01 22:00:00+00:00,GBP,GBP_USD,1,1,0.2148114363166737,0.0046437047215910085,2014-12-01 22:00:00+00:00,2015-01-01 22:00:00+00:00,1.57318,1.55829,-148.9000000000007,4.350000000001852,-9.668013311780825,-162.91801331178334,False,momentum_spread1.5x
2014-11-30 22:00:00+00:00,2014-12-01 22:00:00+00:00,2015-01-01 22:00:00+00:00,JPY,USD_JPY,-1,1,0.1619302618897157,0.006160188154051501,2014-12-01 22:00:00+00:00,2015-01-01 22:00:00+00:00,118.388,119.744,135.59999999999945,3.900000000001569,-15.328085299999993,116.37191469999789,False,momentum_spread1.5x
2014-11-30 22:00:00+00:00,2014-12-01 22:00:00+00:00,2015-01-01 22:00:00+00:00,AUD,AUD_USD,1,1,0.1455867669716674,0.006851727679821416,2014-12-01 22:00:00+00:00,2015-01-01 22:00:00+00:00,0.84929,0.81827,-310.19999999999936,2.700000000001035,7.759705890410956,-305.14029410958943,False,momentum_spread1.5x
2014-11-30 22:00:00+00:00,2014-12-01 22:00:00+00:00,2015-01-01 22:00:00+00:00,NZD,NZD_USD,1,1,0.1299148720944039,0.007678265505666094,2014-12-01 22:00:00+00:00,2015-01-01 22:00:00+00:00,0.78678,0.77995,-68.30000000000003,3.300000000001635,10.973365972602737,-60.62663402739892,False,momentum_spread1.5x
2014-11-30 22:00:00+00:00,2014-12-01 22:00:00+00:00,2015-01-01 22:00:00+00:00,CHF,CHF_JPY,-1,-1,0.16773927559997057,0.005946853397974606,2014-12-01 22:00:00+00:00,2015-01-01 22:00:00+00:00,122.714,120.542,217.1999999999997,7.949999999999591,-14.771128004052509,194.4788719959476,False,momentum_spread1.5x
2014-12-30 22:00:00+00:00,2015-01-01 22:00:00+00:00,2015-02-01 22:00:00+00:00,EUR,EUR_USD,-1,-1,0.17935797794494518,0.0056420464450535135,2015-01-01 22:00:00+00:00,2015-02-01 22:00:00+00:00,1.21057,1.13121,793.5999999999987,2.849999999998687,-5.566059589041095,785.1839404109589,False,momentum_spread1.5x
2014-12-30 22:00:00+00:00,2015-01-01 22:00:00+00:00,2015-02-01 22:00:00+00:00,GBP,GBP_USD,1,1,0.2234796424996326,0.004528135227609952,2015-01-01 22:00:00+00:00,2015-02-01 22:00:00+00:00,1.55829,1.5096,-486.89999999999895,4.350000000001852,-8.432166368219182,-499.68216636821995,False,momentum_spread1.5x
2014-12-30 22:00:00+00:00,2015-01-01 22:00:00+00:00,2015-02-01 22:00:00+00:00,JPY,USD_JPY,-1,1,0.13537965516875503,0.007474875309697323,2015-01-01 22:00:00+00:00,2015-02-01 22:00:00+00:00,119.744,116.974,-276.9999999999996,3.900000000001569,-13.453858530136982,-294.35385853013815,False,momentum_spread1.5x
2014-12-30 22:00:00+00:00,2015-01-01 22:00:00+00:00,2015-02-01 22:00:00+00:00,AUD,AUD_USD,1,1,0.16058744139215456,0.006301526651670675,2015-01-01 22:00:00+00:00,2015-02-01 22:00:00+00:00,0.81827,0.77574,-425.30000000000064,2.700000000001035,6.812144753424659,-421.187855246577,False,momentum_spread1.5x
2014-12-30 22:00:00+00:00,2015-01-01 22:00:00+00:00,2015-02-01 22:00:00+00:00,NZD,NZD_USD,1,1,0.13681713554767036,0.007396339923398544,2015-01-01 22:00:00+00:00,2015-02-01 22:00:00+00:00,0.77995,0.72556,-543.9000000000004,3.300000000001635,9.665375753424653,-537.5346242465774,False,momentum_spread1.5x
2014-12-30 22:00:00+00:00,2015-01-01 22:00:00+00:00,2015-02-01 22:00:00+00:00,CHF,CHF_JPY,-1,-1,0.16437814744684234,0.006156207851068002,2015-01-01 22:00:00+00:00,2015-02-01 22:00:00+00:00,120.542,126.175,-563.2999999999995,7.949999999999591,-5.893728773002278,-577.1437287730014,False,momentum_spread1.5x
2015-01-29 22:00:00+00:00,2015-02-01 22:00:00+00:00,2015-03-01 22:00:00+00:00,EUR,EUR_USD,-1,-1,0.20063843354463234,0.006069894343769218,2015-02-01 22:00:00+00:00,2015-03-01 22:00:00+00:00,1.13121,1.11826,129.50000000000017,2.849999999998687,-5.406133369863013,121.24386663013847,False,momentum_spread1.5x
2015-01-29 22:00:00+00:00,2015-02-01 22:00:00+00:00,2015-03-01 22:00:00+00:00,GBP,GBP_USD,1,1,0.2635389183292562,0.0046211546311112055,2015-02-01 22:00:00+00:00,2015-03-01 22:00:00+00:00,1.5096,1.54224,326.40000000000003,4.350000000001852,-7.943576569863015,314.1064234301352,False,momentum_spread1.5x
2015-01-29 22:00:00+00:00,2015-02-01 22:00:00+00:00,2015-03-01 22:00:00+00:00,JPY,USD_JPY,-1,1,0.17186488263010438,0.007086113662535716,2015-02-01 22:00:00+00:00,2015-03-01 22:00:00+00:00,116.974,119.726,275.19999999999953,3.900000000001569,-13.15954011506849,258.1404598849295,False,momentum_spread1.5x
2015-01-29 22:00:00+00:00,2015-02-01 22:00:00+00:00,2015-03-01 22:00:00+00:00,NZD,NZD_USD,1,1,0.16909757780779303,0.007202078874835036,2015-02-01 22:00:00+00:00,2015-03-01 22:00:00+00:00,0.72556,0.75552,299.59999999999985,3.300000000001635,9.166870520547944,305.46687052054614,False,momentum_spread1.5x
2015-01-29 22:00:00+00:00,2015-02-01 22:00:00+00:00,2015-03-01 22:00:00+00:00,CAD,CAD_JPY,1,1,0.14552429857510174,0.008368733639947926,2015-02-01 22:00:00+00:00,2015-03-01 22:00:00+00:00,92.064,95.752,368.80000000000024,5.550000000000921,-6.515391003720263,356.73460899627906,False,momentum_spread1.5x
2015-01-29 22:00:00+00:00,2015-02-01 22:00:00+00:00,2015-03-01 22:00:00+00:00,CHF,CHF_JPY,-1,-1,0.04933588911311233,0.024684952775921552,2015-02-01 22:00:00+00:00,2015-03-01 22:00:00+00:00,126.175,125.541,63.400000000000034,7.949999999999591,-1.5463376321917786,53.903662367808664,False,momentum_spread1.5x
2015-02-26 22:00:00+00:00,2015-03-01 22:00:00+00:00,2015-04-01 21:00:00+00:00,EUR,EUR_USD,-1,-1,0.18031183756673602,0.006621925620772604,2015-03-01 22:00:00+00:00,2015-04-01 21:00:00+00:00,1.11826,1.07616,421.0000000000002,2.849999999998687,-6.3750981095890396,411.77490189041254,False,momentum_spread1.5x
2015-02-26 22:00:00+00:00,2015-03-01 22:00:00+00:00,2015-04-01 21:00:00+00:00,GBP,GBP_USD,1,1,0.24340807172544185,0.00490539022986293,2015-03-01 22:00:00+00:00,2015-04-01 21:00:00+00:00,1.54224,1.48244,-598.0000000000007,4.350000000001852,-9.288162185205483,-611.638162185208,False,momentum_spread1.5x
2015-02-26 22:00:00+00:00,2015-03-01 22:00:00+00:00,2015-04-01 21:00:00+00:00,JPY,USD_JPY,-1,1,0.1709028580594469,0.006986492739029748,2015-03-01 22:00:00+00:00,2015-04-01 21:00:00+00:00,119.726,119.728,0.19999999999953388,3.900000000001569,-15.354720450684924,-19.054720450686958,False,momentum_spread1.5x
2015-02-26 22:00:00+00:00,2015-03-01 22:00:00+00:00,2015-04-01 21:00:00+00:00,AUD,AUD_USD,-1,-1,0.22217053882696897,0.005374302025894075,2015-03-01 22:00:00+00:00,2015-04-01 21:00:00+00:00,0.7807,0.75998,207.1999999999996,2.700000000001035,-19.16475764383561,185.33524235616295,False,momentum_spread1.5x
2015-02-26 22:00:00+00:00,2015-03-01 22:00:00+00:00,2015-04-01 21:00:00+00:00,CAD,CAD_JPY,1,1,0.13488091912877365,0.008852338674915238,2015-03-01 22:00:00+00:00,2015-04-01 21:00:00+00:00,95.752,94.876,-87.59999999999906,5.550000000000921,-7.586767544458291,-100.73676754445827,False,momentum_spread1.5x
2015-02-26 22:00:00+00:00,2015-03-01 22:00:00+00:00,2015-04-01 21:00:00+00:00,CHF,CHF_JPY,1,1,0.04832577469263264,0.024707551705193606,2015-03-01 22:00:00+00:00,2015-04-01 21:00:00+00:00,125.541,123.802,-173.899999999999,7.949999999999591,-43.200599380183235,-225.05059938018184,False,momentum_spread1.5x
2015-03-31 21:00:00+00:00,2015-04-01 21:00:00+00:00,2015-05-03 21:00:00+00:00,EUR,EUR_USD,-1,-1,0.14823198416550287,0.008717820754854961,2015-04-01 21:00:00+00:00,2015-05-03 21:00:00+00:00,1.07616,1.11954,-433.7999999999997,2.849999999998687,-5.685220301369862,-442.3352203013682,False,momentum_spread1.5x
2015-03-31 21:00:00+00:00,2015-04-01 21:00:00+00:00,2015-05-03 21:00:00+00:00,GBP,GBP_USD,1,1,0.22438205969064448,0.00575919425052516,2015-04-01 21:00:00+00:00,2015-05-03 21:00:00+00:00,1.48244,1.51466,322.19999999999914,4.350000000001852,-8.565244587397263,309.2847554126,False,momentum_spread1.5x
2015-03-31 21:00:00+00:00,2015-04-01 21:00:00+00:00,2015-05-03 21:00:00+00:00,JPY,USD_JPY,-1,1,0.23331257376916098,0.00553874935763176,2015-04-01 21:00:00+00:00,2015-05-03 21:00:00+00:00,119.728,120.23,50.200000000000955,3.900000000001569,-13.686028260273975,32.613971739725415,False,momentum_spread1.5x
2015-03-31 21:00:00+00:00,2015-04-01 21:00:00+00:00,2015-05-03 21:00:00+00:00,AUD,AUD_USD,-1,-1,0.17448536332493766,0.007406121885907558,2015-04-01 21:00:00+00:00,2015-05-03 21:00:00+00:00,0.75998,0.78329,-233.1000000000005,2.700000000001035,-17.315392849315064,-253.1153928493166,False,momentum_spread1.5x
2015-03-31 21:00:00+00:00,2015-04-01 21:00:00+00:00,2015-05-03 21:00:00+00:00,CAD,CAD_JPY,1,1,0.16760095448778445,0.007710337163894487,2015-04-01 21:00:00+00:00,2015-05-03 21:00:00+00:00,94.876,98.907,403.09999999999917,5.550000000000921,-6.875668359082196,390.6743316409161,False,momentum_spread1.5x
2015-03-31 21:00:00+00:00,2015-04-01 21:00:00+00:00,2015-05-03 21:00:00+00:00,CHF,CHF_JPY,1,1,0.05198706456196955,0.024857334780865634,2015-04-01 21:00:00+00:00,2015-05-03 21:00:00+00:00,123.802,128.698,489.6000000000001,7.949999999999591,-37.644234208635744,444.00576579136475,False,momentum_spread1.5x
2015-04-30 21:00:00+00:00,2015-05-03 21:00:00+00:00,2015-06-01 21:00:00+00:00,EUR,EUR_USD,-1,-1,0.13086197492235588,0.008543604979064912,2015-05-03 21:00:00+00:00,2015-06-01 21:00:00+00:00,1.11954,1.09288,266.59999999999906,2.849999999998687,-5.506479232876711,258.24352076712364,False,momentum_spread1.5x
2015-04-30 21:00:00+00:00,2015-05-03 21:00:00+00:00,2015-06-01 21:00:00+00:00,GBP,GBP_USD,1,1,0.1777760456533926,0.006288997015361226,2015-05-03 21:00:00+00:00,2015-06-01 21:00:00+00:00,1.51466,1.51986,52.00000000000093,4.350000000001852,-8.221774292602744,39.42822570739634,False,momentum_spread1.5x
2015-04-30 21:00:00+00:00,2015-05-03 21:00:00+00:00,2015-06-01 21:00:00+00:00,JPY,USD_JPY,-1,1,0.2542225061032958,0.004397852250196242,2015-05-03 21:00:00+00:00,2015-06-01 21:00:00+00:00,120.23,124.771,454.0999999999997,3.900000000001569,-13.369513886301364,436.83048611369674,False,momentum_spread1.5x
2015-04-30 21:00:00+00:00,2015-05-03 21:00:00+00:00,2015-06-01 21:00:00+00:00,AUD,AUD_USD,-1,-1,0.1410216038338324,0.00792809746962104,2015-05-03 21:00:00+00:00,2015-06-01 21:00:00+00:00,0.78329,0.7607,225.89999999999998,2.700000000001035,-15.6147398630137,207.58526013698523,False,momentum_spread1.5x
2015-04-30 21:00:00+00:00,2015-05-03 21:00:00+00:00,2015-06-01 21:00:00+00:00,NZD,NZD_USD,1,1,0.14083647027560642,0.007938519179932588,2015-05-03 21:00:00+00:00,2015-06-01 21:00:00+00:00,0.75281,0.70929,-435.2,3.300000000001635,8.966843342465749,-429.5331566575359,False,momentum_spread1.5x
2015-04-30 21:00:00+00:00,2015-05-03 21:00:00+00:00,2015-06-01 21:00:00+00:00,CHF,CHF_JPY,1,1,0.1552813992115169,0.007200044732943037,2015-05-03 21:00:00+00:00,2015-06-01 21:00:00+00:00,128.698,131.917,321.8999999999994,7.949999999999591,-38.52778387023539,275.4222161297644,False,momentum_spread1.5x
2015-05-31 21:00:00+00:00,2015-06-01 21:00:00+00:00,2015-07-01 21:00:00+00:00,EUR,EUR_USD,-1,-1,0.11304853968252432,0.008867821301257286,2015-06-01 21:00:00+00:00,2015-07-01 21:00:00+00:00,1.09288,1.10526,-123.79999999999835,2.849999999998687,-6.020751780821916,-132.67075178081896,False,momentum_spread1.5x
2015-05-31 21:00:00+00:00,2015-06-01 21:00:00+00:00,2015-07-01 21:00:00+00:00,GBP,GBP_USD,1,1,0.15065628875751078,0.00665418122628977,2015-06-01 21:00:00+00:00,2015-07-01 21:00:00+00:00,1.51986,1.56171,418.49999999999943,4.350000000001852,-9.20023878246576,404.94976121753183,False,momentum_spread1.5x
2015-05-31 21:00:00+00:00,2015-06-01 21:00:00+00:00,2015-07-01 21:00:00+00:00,JPY,USD_JPY,-1,1,0.25059534250800053,0.004000450440297841,2015-06-01 21:00:00+00:00,2015-07-01 21:00:00+00:00,124.771,123.164,-160.69999999999993,3.900000000001569,-14.674192350684924,-179.27419235068643,False,momentum_spread1.5x
2015-05-31 21:00:00+00:00,2015-06-01 21:00:00+00:00,2015-07-01 21:00:00+00:00,AUD,AUD_USD,-1,-1,0.11612203000687157,0.008633109912162195,2015-06-01 21:00:00+00:00,2015-07-01 21:00:00+00:00,0.7607,0.76432,-36.19999999999956,2.700000000001035,-16.96077238356164,-55.860772383562235,False,momentum_spread1.5x
2015-05-31 21:00:00+00:00,2015-06-01 21:00:00+00:00,2015-07-01 21:00:00+00:00,CAD,CAD_JPY,1,1,0.22132022348983688,0.0045296097774759105,2015-06-01 21:00:00+00:00,2015-07-01 21:00:00+00:00,99.626,97.829,-179.70000000000113,5.550000000000921,-7.614485032976339,-192.8644850329784,False,momentum_spread1.5x
2015-05-31 21:00:00+00:00,2015-06-01 21:00:00+00:00,2015-07-01 21:00:00+00:00,CHF,CHF_JPY,1,1,0.14825757555525595,0.006761841642952584,2015-06-01 21:00:00+00:00,2015-07-01 21:00:00+00:00,131.917,129.864,-205.29999999999973,7.949999999999591,-41.65961858844886,-254.90961858844818,False,momentum_spread1.5x
2015-06-30 21:00:00+00:00,2015-07-01 21:00:00+00:00,2015-08-02 21:00:00+00:00,EUR,EUR_USD,-1,-1,0.14559743245017986,0.007611858380821405,2015-07-01 21:00:00+00:00,2015-08-02 21:00:00+00:00,1.10526,1.09729,79.6999999999981,2.849999999998687,-5.635047369863012,71.2149526301364,False,momentum_spread1.5x
2015-06-30 21:00:00+00:00,2015-07-01 21:00:00+00:00,2015-08-02 21:00:00+00:00,GBP,GBP_USD,1,1,0.1959695291797227,0.005655302847646246,2015-07-01 21:00:00+00:00,2015-08-02 21:00:00+00:00,1.56171,1.56376,20.500000000001073,4.350000000001852,-8.653204701369868,7.496795298629353,False,momentum_spread1.5x
2015-06-30 21:00:00+00:00,2015-07-01 21:00:00+00:00,2015-08-02 21:00:00+00:00,AUD,AUD_USD,-1,-1,0.14086552514410233,0.007867553365440176,2015-07-01 21:00:00+00:00,2015-08-02 21:00:00+00:00,0.76432,0.7321,322.2000000000003,2.700000000001035,-15.895004424657527,303.6049955753417,False,momentum_spread1.5x
2015-06-30 21:00:00+00:00,2015-07-01 21:00:00+00:00,2015-08-02 21:00:00+00:00,NZD,NZD_USD,-1,-1,0.13744171063369864,0.008063542219549831,2015-07-01 21:00:00+00:00,2015-08-02 21:00:00+00:00,0.6734,0.66068,127.19999999999953,3.300000000001635,-16.946052493150685,106.95394750684721,False,momentum_spread1.5x
2015-06-30 21:00:00+00:00,2015-07-01 21:00:00+00:00,2015-08-02 21:00:00+00:00,CAD,CAD_JPY,1,1,0.21058769438525915,0.0052627340816717594,2015-07-01 21:00:00+00:00,2015-08-02 21:00:00+00:00,97.829,94.652,-317.69999999999925,5.550000000000921,-8.324238545080952,-331.57423854508113,False,momentum_spread1.5x
2015-06-30 21:00:00+00:00,2015-07-01 21:00:00+00:00,2015-08-02 21:00:00+00:00,CHF,CHF_JPY,1,1,0.16953810820703732,0.006536978901926765,2015-07-01 21:00:00+00:00,2015-08-02 21:00:00+00:00,129.864,128.174,-168.99999999999977,7.9500000000006565,-38.70693243059588,-215.65693243059633,False,momentum_spread1.5x
2015-07-30 21:00:00+00:00,2015-08-02 21:00:00+00:00,2015-09-01 21:00:00+00:00,EUR,EUR_USD,-1,-1,0.14465038035149927,0.007480124556127564,2015-08-02 21:00:00+00:00,2015-09-01 21:00:00+00:00,1.09729,1.13125,-339.5999999999999,2.849999999998687,-5.525294082191779,-347.9752940821904,False,momentum_spread1.5x
2015-07-30 21:00:00+00:00,2015-08-02 21:00:00+00:00,2015-09-01 21:00:00+00:00,GBP,GBP_USD,1,1,0.21206462111260516,0.005102231840670417,2015-08-02 21:00:00+00:00,2015-09-01 21:00:00+00:00,1.56376,1.53038,-333.7999999999996,4.350000000001852,-8.738227916712331,-346.8882279167138,False,momentum_spread1.5x
2015-07-30 21:00:00+00:00,2015-08-02 21:00:00+00:00,2015-09-01 21:00:00+00:00,AUD,AUD_USD,-1,-1,0.15664687307975506,0.0069072739266844594,2015-08-02 21:00:00+00:00,2015-09-01 21:00:00+00:00,0.7321,0.70172,303.7999999999996,2.700000000001035,-15.82827476712328,285.2717252328753,False,momentum_spread1.5x
2015-07-30 21:00:00+00:00,2015-08-02 21:00:00+00:00,2015-09-01 21:00:00+00:00,NZD,NZD_USD,-1,-1,0.13104053590140283,0.008257008830722118,2015-08-02 21:00:00+00:00,2015-09-01 21:00:00+00:00,0.66068,0.63314,275.4000000000001,3.300000000001635,-18.227476602739724,253.8725233972587,False,momentum_spread1.5x
2015-07-30 21:00:00+00:00,2015-08-02 21:00:00+00:00,2015-09-01 21:00:00+00:00,CAD,CAD_JPY,1,1,0.1793565383740804,0.006032692601725674,2015-08-02 21:00:00+00:00,2015-09-01 21:00:00+00:00,94.652,90.012,-464.00000000000006,5.550000000000921,-9.334033518641881,-478.88403351864287,False,momentum_spread1.5x
2015-07-30 21:00:00+00:00,2015-08-02 21:00:00+00:00,2015-09-01 21:00:00+00:00,CHF,CHF_JPY,1,1,0.17624105118065733,0.0061393350463583305,2015-08-02 21:00:00+00:00,2015-09-01 21:00:00+00:00,128.174,124.447,-372.7000000000004,7.9500000000006565,-39.464387547715305,-420.1143875477164,False,momentum_spread1.5x
2015-08-31 21:00:00+00:00,2015-09-01 21:00:00+00:00,2015-10-01 21:00:00+00:00,GBP,GBP_USD,1,1,0.24298974224150902,0.004523793218944127,2015-09-01 21:00:00+00:00,2015-10-01 21:00:00+00:00,1.53038,1.51319,-171.90000000000038,4.350000000001852,-9.247045604383567,-185.4970456043858,False,momentum_spread1.5x
2015-08-31 21:00:00+00:00,2015-09-01 21:00:00+00:00,2015-10-01 21:00:00+00:00,JPY,USD_JPY,1,-1,0.16506270293764713,0.006659501684280299,2015-09-01 21:00:00+00:00,2015-10-01 21:00:00+00:00,119.322,119.936,-61.40000000000043,3.900000000001569,-14.473540882191779,-79.77354088219379,False,momentum_spread1.5x
2015-08-31 21:00:00+00:00,2015-09-01 21:00:00+00:00,2015-10-01 21:00:00+00:00,AUD,AUD_USD,-1,-1,0.1672957740102825,0.006570610373921085,2015-09-01 21:00:00+00:00,2015-10-01 21:00:00+00:00,0.70172,0.70292,-11.999999999999789,2.700000000001035,-16.94742645205479,-31.647426452055612,False,momentum_spread1.5x
2015-08-31 21:00:00+00:00,2015-09-01 21:00:00+00:00,2015-10-01 21:00:00+00:00,NZD,NZD_USD,-1,-1,0.1253885053312505,0.008766635708123062,2015-09-01 21:00:00+00:00,2015-10-01 21:00:00+00:00,0.63314,0.63997,-68.30000000000003,3.300000000001635,-15.655252109589037,-87.2552521095907,False,momentum_spread1.5x
2015-08-31 21:00:00+00:00,2015-09-01 21:00:00+00:00,2015-10-01 21:00:00+00:00,CAD,CAD_JPY,-1,-1,0.12082399147291434,0.009097823493701914,2015-09-01 21:00:00+00:00,2015-10-01 21:00:00+00:00,90.012,90.387,-37.5,5.550000000000921,-12.575418966731894,-55.625418966732816,False,momentum_spread1.5x
2015-08-31 21:00:00+00:00,2015-09-01 21:00:00+00:00,2015-10-01 21:00:00+00:00,CHF,CHF_JPY,1,1,0.17843928400639658,0.006160276613672778,2015-09-01 21:00:00+00:00,2015-10-01 21:00:00+00:00,124.447,122.714,-173.3000000000004,7.949999999999591,-41.551424871639966,-222.80142487163997,False,momentum_spread1.5x
2015-09-30 21:00:00+00:00,2015-10-01 21:00:00+00:00,2015-11-01 22:00:00+00:00,GBP,GBP_USD,1,1,0.23398144098070028,0.004652416196048705,2015-10-01 21:00:00+00:00,2015-11-01 22:00:00+00:00,1.51319,1.54556,323.7000000000001,4.350000000001852,-8.225004881095897,311.12499511890235,False,momentum_spread1.5x
2015-09-30 21:00:00+00:00,2015-10-01 21:00:00+00:00,2015-11-01 22:00:00+00:00,JPY,USD_JPY,1,-1,0.17245654664439994,0.006312193226494559,2015-10-01 21:00:00+00:00,2015-11-01 22:00:00+00:00,119.936,120.391,-45.49999999999983,3.900000000001569,-12.90162307260274,-62.30162307260414,False,momentum_spread1.5x
2015-09-30 21:00:00+00:00,2015-10-01 21:00:00+00:00,2015-11-01 22:00:00+00:00,AUD,AUD_USD,-1,-1,0.1606763246211268,0.006774980994619356,2015-10-01 21:00:00+00:00,2015-11-01 22:00:00+00:00,0.70292,0.71162,-87.00000000000041,2.700000000001035,-15.39739183561644,-105.0973918356179,False,momentum_spread1.5x
2015-09-30 21:00:00+00:00,2015-10-01 21:00:00+00:00,2015-11-01 22:00:00+00:00,NZD,NZD_USD,-1,-1,0.1225243688269466,0.008884592151059625,2015-10-01 21:00:00+00:00,2015-11-01 22:00:00+00:00,0.63997,0.67378,-338.1,3.300000000001635,-15.745889424657534,-357.14588942465923,False,momentum_spread1.5x
2015-09-30 21:00:00+00:00,2015-10-01 21:00:00+00:00,2015-11-01 22:00:00+00:00,CAD,CAD_JPY,-1,-1,0.11998294512128929,0.009072781506513222,2015-10-01 21:00:00+00:00,2015-11-01 22:00:00+00:00,90.387,92.033,-164.60000000000008,5.550000000000921,-11.302487800273969,-181.45248780027498,False,momentum_spread1.5x
2015-09-30 21:00:00+00:00,2015-10-01 21:00:00+00:00,2015-11-01 22:00:00+00:00,CHF,CHF_JPY,1,1,0.19037837380553704,0.005717976384782858,2015-10-01 21:00:00+00:00,2015-11-01 22:00:00+00:00,122.714,122.152,-56.19999999999976,7.949999999999591,-39.18733129777398,-103.33733129777333,False,momentum_spread1.5x
2015-10-29 21:00:00+00:00,2015-11-01 22:00:00+00:00,2015-12-01 22:00:00+00:00,GBP,GBP_USD,1,1,0.22555086849479006,0.004822608501879824,2015-11-01 22:00:00+00:00,2015-12-01 22:00:00+00:00,1.54556,1.508,-375.60000000000036,4.350000000001852,-8.434809576986304,-388.3848095769885,False,momentum_spread1.5x
2015-10-29 21:00:00+00:00,2015-11-01 22:00:00+00:00,2015-12-01 22:00:00+00:00,JPY,USD_JPY,1,-1,0.18073518495286076,0.006018438171256234,2015-11-01 22:00:00+00:00,2015-12-01 22:00:00+00:00,120.391,122.858,-246.69999999999987,3.900000000001569,-13.277622616438354,-263.8776226164398,False,momentum_spread1.5x
2015-10-29 21:00:00+00:00,2015-11-01 22:00:00+00:00,2015-12-01 22:00:00+00:00,AUD,AUD_USD,-1,-1,0.14822126398671076,0.007338647011584503,2015-11-01 22:00:00+00:00,2015-12-01 22:00:00+00:00,0.71162,0.73224,-206.1999999999997,2.700000000001035,-15.95982752054795,-224.8598275205487,False,momentum_spread1.5x
2015-10-29 21:00:00+00:00,2015-11-01 22:00:00+00:00,2015-12-01 22:00:00+00:00,NZD,NZD_USD,-1,-1,0.11712739995681173,0.009286840964713937,2015-11-01 22:00:00+00:00,2015-12-01 22:00:00+00:00,0.67378,0.66776,60.20000000000025,3.300000000001635,-18.03057484931507,38.86942515068354,False,momentum_spread1.5x
2015-10-29 21:00:00+00:00,2015-11-01 22:00:00+00:00,2015-12-01 22:00:00+00:00,CAD,CAD_JPY,-1,-1,0.11945541228640572,0.009105853934867212,2015-11-01 22:00:00+00:00,2015-12-01 22:00:00+00:00,92.033,91.958,7.500000000000284,5.550000000000921,-11.69074065327397,-9.740740653274607,False,momentum_spread1.5x
2015-10-29 21:00:00+00:00,2015-11-01 22:00:00+00:00,2015-12-01 22:00:00+00:00,CHF,CHF_JPY,1,1,0.20890987032242098,0.0052067599023951526,2015-11-01 22:00:00+00:00,2015-12-01 22:00:00+00:00,122.152,119.72,-243.20000000000022,7.949999999999591,-37.84934843550801,-288.99934843550784,False,momentum_spread1.5x
2015-11-30 22:00:00+00:00,2015-12-01 22:00:00+00:00,2016-01-03 22:00:00+00:00,GBP,GBP_USD,1,1,0.17928446496303296,0.004819936588639352,2015-12-01 22:00:00+00:00,2016-01-03 22:00:00+00:00,1.508,1.47364,-343.59999999999945,4.350000000001852,-10.756721633972608,-358.7067216339739,False,momentum_spread1.5x
2015-11-30 22:00:00+00:00,2015-12-01 22:00:00+00:00,2016-01-03 22:00:00+00:00,JPY,USD_JPY,1,-1,0.24044068863794524,0.00359398302069901,2015-12-01 22:00:00+00:00,2016-01-03 22:00:00+00:00,122.858,120.195,266.3000000000011,3.900000000001569,-16.45208865890412,245.9479113410954,False,momentum_spread1.5x
2015-11-30 22:00:00+00:00,2015-12-01 22:00:00+00:00,2016-01-03 22:00:00+00:00,AUD,AUD_USD,-1,-1,0.12507175293254405,0.006909152004258036,2015-12-01 22:00:00+00:00,2016-01-03 22:00:00+00:00,0.73224,0.72866,35.800000000000274,2.700000000001035,-16.82349994520548,16.27650005479376,False,momentum_spread1.5x
2015-11-30 22:00:00+00:00,2015-12-01 22:00:00+00:00,2016-01-03 22:00:00+00:00,NZD,NZD_USD,-1,-1,0.10396228524100184,0.008312050379103663,2015-12-01 22:00:00+00:00,2016-01-03 22:00:00+00:00,0.66776,0.68298,-152.2000000000001,3.300000000001635,-15.394279150684932,-170.89427915068666,False,momentum_spread1.5x
2015-11-30 22:00:00+00:00,2015-12-01 22:00:00+00:00,2016-01-03 22:00:00+00:00,CAD,CAD_JPY,-1,-1,0.15110137816914054,0.0057189402434347615,2015-12-01 22:00:00+00:00,2016-01-03 22:00:00+00:00,91.958,86.998,495.9999999999994,5.550000000000921,-13.098262524835613,477.35173747516285,False,momentum_spread1.5x
2015-11-30 22:00:00+00:00,2015-12-01 22:00:00+00:00,2016-01-03 22:00:00+00:00,CHF,CHF_JPY,1,1,0.20013943005633536,0.0043176886843672635,2015-12-01 22:00:00+00:00,2016-01-03 22:00:00+00:00,119.72,120.086,36.599999999999966,7.949999999999591,-42.506270847044746,-13.856270847044371,False,momentum_spread1.5x
2015-12-30 22:00:00+00:00,2016-01-03 22:00:00+00:00,2016-02-01 22:00:00+00:00,EUR,EUR_USD,-1,-1,0.1319217421026185,0.006932257720225205,2016-01-03 22:00:00+00:00,2016-02-01 22:00:00+00:00,1.08743,1.08862,-11.900000000000244,2.849999999998687,-2.414572328767123,-17.164572328766052,False,momentum_spread1.5x
2015-12-30 22:00:00+00:00,2016-01-03 22:00:00+00:00,2016-02-01 22:00:00+00:00,GBP,GBP_USD,1,1,0.18343562173804165,0.00498548486107254,2016-01-03 22:00:00+00:00,2016-02-01 22:00:00+00:00,1.47364,1.44338,-302.5999999999995,4.350000000001852,-10.733446712328773,-317.6834467123301,False,momentum_spread1.5x
2015-12-30 22:00:00+00:00,2016-01-03 22:00:00+00:00,2016-02-01 22:00:00+00:00,JPY,USD_JPY,1,-1,0.22623863918900933,0.004042260501719207,2016-01-03 22:00:00+00:00,2016-02-01 22:00:00+00:00,120.195,121.023,-82.8000000000003,3.900000000001569,-16.12891549726028,-102.82891549726214,False,momentum_spread1.5x
2015-12-30 22:00:00+00:00,2016-01-03 22:00:00+00:00,2016-02-01 22:00:00+00:00,NZD,NZD_USD,-1,-1,0.11834799249662467,0.007727342862892396,2016-01-03 22:00:00+00:00,2016-02-01 22:00:00+00:00,0.68298,0.65472,282.6000000000006,3.300000000001635,-14.061285534246574,265.23871446575237,False,momentum_spread1.5x
2015-12-30 22:00:00+00:00,2016-01-03 22:00:00+00:00,2016-02-01 22:00:00+00:00,CAD,CAD_JPY,-1,-1,0.1588521488937208,0.005757023254172579,2016-01-03 22:00:00+00:00,2016-02-01 22:00:00+00:00,86.998,86.778,21.999999999999886,5.550000000000921,-11.527633442260274,4.922366557738691,False,momentum_spread1.5x
2015-12-30 22:00:00+00:00,2016-01-03 22:00:00+00:00,2016-02-01 22:00:00+00:00,CHF,CHF_JPY,1,1,0.1812038555799851,0.005046887728902432,2016-01-03 22:00:00+00:00,2016-02-01 22:00:00+00:00,120.086,118.663,-142.30000000000018,7.949999999999591,-37.498456140211786,-187.74845614021154,False,momentum_spread1.5x
2016-01-31 22:00:00+00:00,2016-02-01 22:00:00+00:00,2016-03-01 22:00:00+00:00,EUR,EUR_USD,1,1,0.15277816055521065,0.006511399915227677,2016-02-01 22:00:00+00:00,2016-03-01 22:00:00+00:00,1.08862,1.08676,-18.599999999999728,2.849999999998687,-16.136869095890408,-37.58686909588882,False,momentum_spread1.5x
2016-01-31 22:00:00+00:00,2016-02-01 22:00:00+00:00,2016-03-01 22:00:00+00:00,GBP,GBP_USD,1,1,0.1876643067089849,0.0053009531707619625,2016-02-01 22:00:00+00:00,2016-03-01 22:00:00+00:00,1.44338,1.3949,-484.80000000000075,4.350000000001852,-10.842368940273973,-499.99236894027655,False,momentum_spread1.5x
2016-01-31 22:00:00+00:00,2016-02-01 22:00:00+00:00,2016-03-01 22:00:00+00:00,JPY,USD_JPY,1,-1,0.1998867183652805,0.004976817418503538,2016-02-01 22:00:00+00:00,2016-03-01 22:00:00+00:00,121.023,114.042,698.0999999999995,3.900000000001569,-16.769490871232883,677.430509128765,False,momentum_spread1.5x
2016-01-31 22:00:00+00:00,2016-02-01 22:00:00+00:00,2016-03-01 22:00:00+00:00,AUD,AUD_USD,-1,-1,0.14090196218465442,0.007060226034213328,2016-02-01 22:00:00+00:00,2016-03-01 22:00:00+00:00,0.71159,0.71759,-60.00000000000005,2.700000000001035,-14.018947767123285,-76.71894776712436,False,momentum_spread1.5x
2016-01-31 22:00:00+00:00,2016-02-01 22:00:00+00:00,2016-03-01 22:00:00+00:00,CAD,CAD_JPY,-1,-1,0.12400830284709599,0.008022041096025976,2016-02-01 22:00:00+00:00,2016-03-01 22:00:00+00:00,86.778,85.026,175.20000000000095,5.550000000000921,-11.779888867681189,157.87011113231884,False,momentum_spread1.5x
2016-01-31 22:00:00+00:00,2016-02-01 22:00:00+00:00,2016-03-01 22:00:00+00:00,CHF,CHF_JPY,-1,-1,0.19476054933877354,0.005107809076659814,2016-02-01 22:00:00+00:00,2016-03-01 22:00:00+00:00,118.663,114.32,434.30000000000035,7.949999999999591,0.9345655381079463,427.2845655381087,False,momentum_spread1.5x
2016-02-29 22:00:00+00:00,2016-03-01 22:00:00+00:00,2016-04-03 21:00:00+00:00,EUR,EUR_USD,1,1,0.18453659268805428,0.006735312752291249,2016-03-01 22:00:00+00:00,2016-04-03 21:00:00+00:00,1.08676,1.1401,533.3999999999994,2.849999999998687,-18.84620739726028,511.70379260274046,False,momentum_spread1.5x
2016-02-29 22:00:00+00:00,2016-03-01 22:00:00+00:00,2016-04-03 21:00:00+00:00,JPY,USD_JPY,1,-1,0.18356345637988186,0.006771019082491238,2016-03-01 22:00:00+00:00,2016-04-03 21:00:00+00:00,114.042,111.625,241.70000000000016,3.900000000001569,-19.405039031506853,218.39496096849174,False,momentum_spread1.5x
2016-02-29 22:00:00+00:00,2016-03-01 22:00:00+00:00,2016-04-03 21:00:00+00:00,AUD,AUD_USD,-1,-1,0.16309877216996962,0.0076206071294084065,2016-03-01 22:00:00+00:00,2016-04-03 21:00:00+00:00,0.71759,0.76704,-494.500000000001,2.700000000001035,-16.02083749315069,-513.2208374931528,False,momentum_spread1.5x
2016-02-29 22:00:00+00:00,2016-03-01 22:00:00+00:00,2016-04-03 21:00:00+00:00,NZD,NZD_USD,-1,-1,0.1544601307977268,0.008046812206988756,2016-03-01 22:00:00+00:00,2016-04-03 21:00:00+00:00,0.66271,0.68887,-261.5999999999996,3.300000000001635,-13.126783561643832,-278.0267835616451,False,momentum_spread1.5x
2016-02-29 22:00:00+00:00,2016-03-01 22:00:00+00:00,2016-04-03 21:00:00+00:00,CAD,CAD_JPY,-1,-1,0.11693478888986632,0.010629100867209416,2016-03-01 22:00:00+00:00,2016-04-03 21:00:00+00:00,85.026,85.626,-60.00000000000085,5.550000000000921,-13.713828127888277,-79.26382812789005,False,momentum_spread1.5x
2016-02-29 22:00:00+00:00,2016-03-01 22:00:00+00:00,2016-04-03 21:00:00+00:00,CHF,CHF_JPY,1,1,0.19740625907450113,0.0062962120442551575,2016-03-01 22:00:00+00:00,2016-04-03 21:00:00+00:00,114.32,116.514,219.40000000000026,7.949999999999591,-41.75916573973425,169.69083426026643,False,momentum_spread1.5x
2016-03-31 21:00:00+00:00,2016-04-03 21:00:00+00:00,2016-05-01 21:00:00+00:00,EUR,EUR_USD,1,1,0.20910603794990693,0.005605611844480974,2016-04-03 21:00:00+00:00,2016-05-01 21:00:00+00:00,1.1401,1.14612,60.20000000000136,2.849999999998687,-16.397141178082197,40.95285882192047,False,momentum_spread1.5x
2016-03-31 21:00:00+00:00,2016-04-03 21:00:00+00:00,2016-05-01 21:00:00+00:00,GBP,GBP_USD,-1,-1,0.1753705705254363,0.006683945199998488,2016-04-03 21:00:00+00:00,2016-05-01 21:00:00+00:00,1.42246,1.45873,-362.7000000000002,4.350000000001852,-10.579296245479444,-377.6292962454815,False,momentum_spread1.5x
2016-03-31 21:00:00+00:00,2016-04-03 21:00:00+00:00,2016-05-01 21:00:00+00:00,JPY,USD_JPY,1,-1,0.17284422557788165,0.006781639821437489,2016-04-03 21:00:00+00:00,2016-05-01 21:00:00+00:00,111.625,106.221,540.3999999999996,3.900000000001569,-16.910657169863022,519.589342830135,False,momentum_spread1.5x
2016-03-31 21:00:00+00:00,2016-04-03 21:00:00+00:00,2016-05-01 21:00:00+00:00,NZD,NZD_USD,-1,-1,0.12962264344477886,0.0090429206806282,2016-04-03 21:00:00+00:00,2016-05-01 21:00:00+00:00,0.68887,0.69768,-88.09999999999984,3.300000000001635,-11.868800136986298,-103.26880013698776,False,momentum_spread1.5x
2016-03-31 21:00:00+00:00,2016-04-03 21:00:00+00:00,2016-05-01 21:00:00+00:00,CAD,CAD_JPY,-1,-1,0.10512920197750794,0.011149778187560749,2016-04-03 21:00:00+00:00,2016-05-01 21:00:00+00:00,85.626,84.591,103.50000000000108,5.550000000000921,-11.947805822465746,86.00219417753442,False,momentum_spread1.5x
2016-03-31 21:00:00+00:00,2016-04-03 21:00:00+00:00,2016-05-01 21:00:00+00:00,CHF,CHF_JPY,1,1,0.20792732052448834,0.005637389449966177,2016-04-03 21:00:00+00:00,2016-05-01 21:00:00+00:00,116.514,110.886,-562.8,7.949999999999591,-34.529082258904104,-605.2790822589036,False,momentum_spread1.5x
2016-04-28 21:00:00+00:00,2016-05-01 21:00:00+00:00,2016-06-01 21:00:00+00:00,EUR,EUR_USD,1,1,0.2334012328842066,0.00532239074794136,2016-05-01 21:00:00+00:00,2016-06-01 21:00:00+00:00,1.14612,1.11878,-273.3999999999992,2.849999999998687,-19.325986054794527,-295.57598605479234,False,momentum_spread1.5x
2016-04-28 21:00:00+00:00,2016-05-01 21:00:00+00:00,2016-06-01 21:00:00+00:00,GBP,GBP_USD,-1,-1,0.19411970075437646,0.0063994151939933954,2016-05-01 21:00:00+00:00,2016-06-01 21:00:00+00:00,1.45873,1.44134,173.90000000000015,4.350000000001852,-12.42733970849315,157.12266029150516,False,momentum_spread1.5x
2016-04-28 21:00:00+00:00,2016-05-01 21:00:00+00:00,2016-06-01 21:00:00+00:00,JPY,USD_JPY,1,-1,0.15423204874548962,0.00805443857204378,2016-05-01 21:00:00+00:00,2016-06-01 21:00:00+00:00,106.221,109.557,-333.59999999999985,3.900000000001569,-20.26313480273973,-357.76313480274115,False,momentum_spread1.5x
2016-04-28 21:00:00+00:00,2016-05-01 21:00:00+00:00,2016-06-01 21:00:00+00:00,NZD,NZD_USD,-1,-1,0.13210594456550148,0.009403456949244758,2016-05-01 21:00:00+00:00,2016-06-01 21:00:00+00:00,0.69768,0.68184,158.39999999999964,3.300000000001635,-14.659804356164386,140.44019564383362,False,momentum_spread1.5x
2016-04-28 21:00:00+00:00,2016-05-01 21:00:00+00:00,2016-06-01 21:00:00+00:00,CAD,CAD_JPY,-1,-1,0.1100575606659155,0.011287298709371903,2016-05-01 21:00:00+00:00,2016-06-01 21:00:00+00:00,84.591,83.772,81.89999999999884,5.550000000000921,-14.296033381643829,62.05396661835409,False,momentum_spread1.5x
2016-04-28 21:00:00+00:00,2016-05-01 21:00:00+00:00,2016-06-01 21:00:00+00:00,CHF,CHF_JPY,1,1,0.17608351238451034,0.007054905627667875,2016-05-01 21:00:00+00:00,2016-06-01 21:00:00+00:00,110.886,110.926,4.000000000000625,7.949999999999591,-40.542374802657534,-44.4923748026565,False,momentum_spread1.5x
2016-05-31 21:00:00+00:00,2016-06-01 21:00:00+00:00,2016-07-03 21:00:00+00:00,EUR,EUR_USD,1,1,0.2346833801861329,0.0046445062884867975,2016-06-01 21:00:00+00:00,2016-07-03 21:00:00+00:00,1.11878,1.11322,-55.600000000000094,2.849999999998687,-17.682822547945204,-76.13282254794399,False,momentum_spread1.5x
2016-05-31 21:00:00+00:00,2016-06-01 21:00:00+00:00,2016-07-03 21:00:00+00:00,GBP,GBP_USD,-1,-1,0.186494164801127,0.005844624877352974,2016-06-01 21:00:00+00:00,2016-07-03 21:00:00+00:00,1.44134,1.3247,1166.4000000000008,4.350000000001852,-11.128606423013697,1150.921393576985,False,momentum_spread1.5x
2016-05-31 21:00:00+00:00,2016-06-01 21:00:00+00:00,2016-07-03 21:00:00+00:00,JPY,USD_JPY,1,-1,0.14714126538267364,0.007407768529399787,2016-06-01 21:00:00+00:00,2016-07-03 21:00:00+00:00,109.557,102.628,692.9000000000002,3.900000000001569,-18.52829865479452,670.4717013452041,False,momentum_spread1.5x
2016-05-31 21:00:00+00:00,2016-06-01 21:00:00+00:00,2016-07-03 21:00:00+00:00,AUD,AUD_USD,1,1,0.14020195712200473,0.007774416687559621,2016-06-01 21:00:00+00:00,2016-07-03 21:00:00+00:00,0.72584,0.74498,191.39999999999935,2.700000000001035,1.2602372465753433,189.96023724657366,False,momentum_spread1.5x
2016-05-31 21:00:00+00:00,2016-06-01 21:00:00+00:00,2016-07-03 21:00:00+00:00,NZD,NZD_USD,-1,-1,0.1291645319572987,0.008438759608080167,2016-06-01 21:00:00+00:00,2016-07-03 21:00:00+00:00,0.68184,0.71645,-346.1000000000003,3.300000000001635,-12.357929095890412,-361.7579290958924,False,momentum_spread1.5x
2016-05-31 21:00:00+00:00,2016-06-01 21:00:00+00:00,2016-07-03 21:00:00+00:00,CHF,CHF_JPY,-1,-1,0.16231470055076302,0.006715278600023936,2016-06-01 21:00:00+00:00,2016-07-03 21:00:00+00:00,110.926,105.37,555.5999999999997,7.949999999999591,-3.133516559184931,544.5164834408151,False,momentum_spread1.5x
2016-06-30 21:00:00+00:00,2016-07-03 21:00:00+00:00,2016-08-01 21:00:00+00:00,EUR,EUR_USD,1,1,0.2459507318075663,0.005901019321077518,2016-07-03 21:00:00+00:00,2016-08-01 21:00:00+00:00,1.11322,1.11619,29.69999999999917,2.849999999998687,-17.25008101369863,9.599918986301855,False,momentum_spread1.5x
2016-06-30 21:00:00+00:00,2016-07-03 21:00:00+00:00,2016-08-01 21:00:00+00:00,GBP,GBP_USD,-1,-1,0.11036699579275722,0.013150308296466729,2016-07-03 21:00:00+00:00,2016-08-01 21:00:00+00:00,1.3247,1.31802,66.8000000000002,4.350000000001852,-10.475550301369864,51.974449698628476,False,momentum_spread1.5x
2016-06-30 21:00:00+00:00,2016-07-03 21:00:00+00:00,2016-08-01 21:00:00+00:00,JPY,USD_JPY,1,-1,0.15211103527444084,0.009541451202478768,2016-07-03 21:00:00+00:00,2016-08-01 21:00:00+00:00,102.628,102.422,20.600000000000307,3.900000000001569,-17.983165904109597,-1.2831659041108594,False,momentum_spread1.5x
2016-06-30 21:00:00+00:00,2016-07-03 21:00:00+00:00,2016-08-01 21:00:00+00:00,AUD,AUD_USD,-1,-1,0.17165565217747433,0.00845506688547049,2016-07-03 21:00:00+00:00,2016-08-01 21:00:00+00:00,0.74498,0.75336,-83.80000000000054,2.700000000001035,-12.468913150684928,-98.9689131506865,False,momentum_spread1.5x
2016-06-30 21:00:00+00:00,2016-07-03 21:00:00+00:00,2016-08-01 21:00:00+00:00,NZD,NZD_USD,1,1,0.17492395152944903,0.008297091437391078,2016-07-03 21:00:00+00:00,2016-08-01 21:00:00+00:00,0.71645,0.71715,6.999999999999229,3.300000000001635,2.486275315068493,6.186275315066087,False,momentum_spread1.5x
2016-06-30 21:00:00+00:00,2016-07-03 21:00:00+00:00,2016-08-01 21:00:00+00:00,CHF,CHF_JPY,-1,-1,0.1449916334183123,0.0100099570313986,2016-07-03 21:00:00+00:00,2016-08-01 21:00:00+00:00,105.37,105.763,-39.30000000000007,7.949999999999591,-2.0604735214041083,-49.310473521403765,False,momentum_spread1.5x
2016-07-31 21:00:00+00:00,2016-08-01 21:00:00+00:00,2016-09-01 21:00:00+00:00,GBP,GBP_USD,-1,-1,0.12091137039125172,0.013781791582588254,2016-08-01 21:00:00+00:00,2016-09-01 21:00:00+00:00,1.31802,1.32688,-88.60000000000089,4.350000000001852,-9.52502305972602,-102.47502305972877,False,momentum_spread1.5x
2016-07-31 21:00:00+00:00,2016-08-01 21:00:00+00:00,2016-09-01 21:00:00+00:00,JPY,USD_JPY,1,-1,0.16814383013967188,0.00991041601296436,2016-08-01 21:00:00+00:00,2016-09-01 21:00:00+00:00,102.422,103.246,-82.3999999999998,3.900000000001569,-20.379885546575352,-106.67988554657673,False,momentum_spread1.5x
2016-07-31 21:00:00+00:00,2016-08-01 21:00:00+00:00,2016-09-01 21:00:00+00:00,AUD,AUD_USD,1,1,0.21487266528772644,0.00775517585946074,2016-08-01 21:00:00+00:00,2016-09-01 21:00:00+00:00,0.75336,0.75526,19.000000000000128,2.700000000001035,-0.13536587671232875,16.164634123286767,False,momentum_spread1.5x
2016-07-31 21:00:00+00:00,2016-08-01 21:00:00+00:00,2016-09-01 21:00:00+00:00,NZD,NZD_USD,1,1,0.2030371967940535,0.008207241495693109,2016-08-01 21:00:00+00:00,2016-09-01 21:00:00+00:00,0.71715,0.72845,113.00000000000087,3.300000000001635,2.1815464109589056,111.88154641095814,False,momentum_spread1.5x
2016-07-31 21:00:00+00:00,2016-08-01 21:00:00+00:00,2016-09-01 21:00:00+00:00,CAD,CAD_JPY,-1,-1,0.13753715633514976,0.012115819107359977,2016-08-01 21:00:00+00:00,2016-09-01 21:00:00+00:00,78.049,78.79,-74.09999999999997,5.550000000000921,-14.123776136246216,-93.77377613624711,False,momentum_spread1.5x
2016-07-31 21:00:00+00:00,2016-08-01 21:00:00+00:00,2016-09-01 21:00:00+00:00,CHF,CHF_JPY,-1,-1,0.1554977810521467,0.010716392834818261,2016-08-01 21:00:00+00:00,2016-09-01 21:00:00+00:00,105.763,105.334,42.900000000000205,7.949999999999591,-2.7011266905821922,32.24887330941842,False,momentum_spread1.5x
2016-08-31 21:00:00+00:00,2016-09-01 21:00:00+00:00,2016-10-02 21:00:00+00:00,EUR,EUR_USD,-1,-1,0.25560363635312705,0.005330294786769653,2016-09-01 21:00:00+00:00,2016-10-02 21:00:00+00:00,1.11982,1.12305,-32.30000000000066,2.849999999998687,-1.216693589041095,-36.36669358904044,False,momentum_spread1.5x
2016-08-31 21:00:00+00:00,2016-09-01 21:00:00+00:00,2016-10-02 21:00:00+00:00,GBP,GBP_USD,-1,-1,0.0969754466142602,0.014049357625047458,2016-09-01 21:00:00+00:00,2016-10-02 21:00:00+00:00,1.32688,1.29193,349.50000000000034,4.350000000001852,-7.954810207123283,337.1951897928752,False,momentum_spread1.5x
2016-08-31 21:00:00+00:00,2016-09-01 21:00:00+00:00,2016-10-02 21:00:00+00:00,JPY,USD_JPY,1,-1,0.14335341450922728,0.009504082863995839,2016-09-01 21:00:00+00:00,2016-10-02 21:00:00+00:00,103.246,101.233,201.2999999999991,3.900000000001569,-18.090150426027407,179.30984957397013,False,momentum_spread1.5x
2016-08-31 21:00:00+00:00,2016-09-01 21:00:00+00:00,2016-10-02 21:00:00+00:00,AUD,AUD_USD,1,1,0.19272228609074174,0.007069461233408907,2016-09-01 21:00:00+00:00,2016-10-02 21:00:00+00:00,0.75526,0.76623,109.69999999999924,2.700000000001035,-0.25547926027397283,106.74452073972422,False,momentum_spread1.5x
2016-08-31 21:00:00+00:00,2016-09-01 21:00:00+00:00,2016-10-02 21:00:00+00:00,NZD,NZD_USD,1,1,0.17779634669316222,0.007662939962898781,2016-09-01 21:00:00+00:00,2016-10-02 21:00:00+00:00,0.72845,0.7278,-6.500000000000394,3.300000000001635,1.875254794520548,-7.924745205481481,False,momentum_spread1.5x
2016-08-31 21:00:00+00:00,2016-09-01 21:00:00+00:00,2016-10-02 21:00:00+00:00,CHF,CHF_JPY,-1,-1,0.1335488697394815,0.010201828985825225,2016-09-01 21:00:00+00:00,2016-10-02 21:00:00+00:00,105.334,104.15,118.39999999999975,7.949999999999591,-2.5133157529109575,107.9366842470892,False,momentum_spread1.5x
2016-09-29 21:00:00+00:00,2016-10-02 21:00:00+00:00,2016-11-01 21:00:00+00:00,EUR,EUR_USD,-1,-1,0.26893167727513356,0.003769256116039385,2016-10-02 21:00:00+00:00,2016-11-01 21:00:00+00:00,1.12305,1.1055,175.50000000000176,2.849999999998687,-1.1853355068493148,171.46466449315375,False,momentum_spread1.5x
2016-09-29 21:00:00+00:00,2016-10-02 21:00:00+00:00,2016-11-01 21:00:00+00:00,GBP,GBP_USD,-1,-1,0.14378261162078446,0.00705003447871367,2016-10-02 21:00:00+00:00,2016-11-01 21:00:00+00:00,1.29193,1.2241,678.3000000000005,4.350000000001852,-8.131831772054795,665.8181682279439,False,momentum_spread1.5x
2016-09-29 21:00:00+00:00,2016-10-02 21:00:00+00:00,2016-11-01 21:00:00+00:00,JPY,USD_JPY,1,-1,0.1252176119652625,0.008095285906324723,2016-10-02 21:00:00+00:00,2016-11-01 21:00:00+00:00,101.233,104.14,-290.69999999999965,3.900000000001569,-18.62329735890411,-313.2232973589053,False,momentum_spread1.5x
2016-09-29 21:00:00+00:00,2016-10-02 21:00:00+00:00,2016-11-01 21:00:00+00:00,AUD,AUD_USD,1,1,0.16904239334469368,0.005996557131672006,2016-10-02 21:00:00+00:00,2016-11-01 21:00:00+00:00,0.76623,0.76516,-10.700000000000154,2.700000000001035,-0.3088629863013698,-13.708862986302558,False,momentum_spread1.5x
2016-09-29 21:00:00+00:00,2016-10-02 21:00:00+00:00,2016-11-01 21:00:00+00:00,NZD,NZD_USD,1,1,0.14734989792199626,0.006879355762449478,2016-10-02 21:00:00+00:00,2016-11-01 21:00:00+00:00,0.7278,0.71822,-95.80000000000032,3.300000000001635,1.628346246575342,-97.47165375342661,False,momentum_spread1.5x
2016-09-29 21:00:00+00:00,2016-10-02 21:00:00+00:00,2016-11-01 21:00:00+00:00,CHF,CHF_JPY,-1,-1,0.14567580787212953,0.006958412547509624,2016-10-02 21:00:00+00:00,2016-11-01 21:00:00+00:00,104.15,106.78,-262.99999999999955,7.949999999999591,-2.352876673630137,-273.30287667362927,False,momentum_spread1.5x
2016-10-31 21:00:00+00:00,2016-11-01 21:00:00+00:00,2016-12-01 22:00:00+00:00,GBP,GBP_USD,-1,-1,0.14340937970719808,0.006363576664330237,2016-11-01 21:00:00+00:00,2016-12-01 22:00:00+00:00,1.2241,1.25927,-351.6999999999992,4.350000000001852,-8.700598903013695,-364.75059890301475,False,momentum_spread1.5x
2016-10-31 21:00:00+00:00,2016-11-01 21:00:00+00:00,2016-12-01 22:00:00+00:00,JPY,USD_JPY,1,-1,0.159310181767649,0.005728425967662289,2016-11-01 21:00:00+00:00,2016-12-01 22:00:00+00:00,104.14,114.122,-998.1999999999999,3.900000000001569,-19.97947044794521,-1022.0794704479467,False,momentum_spread1.5x
2016-10-31 21:00:00+00:00,2016-11-01 21:00:00+00:00,2016-12-01 22:00:00+00:00,AUD,AUD_USD,1,1,0.17032200473453316,0.005358066232094842,2016-11-01 21:00:00+00:00,2016-12-01 22:00:00+00:00,0.76516,0.74156,-235.99999999999955,2.700000000001035,-0.30886298630136977,-239.00886298630195,False,momentum_spread1.5x
2016-10-31 21:00:00+00:00,2016-11-01 21:00:00+00:00,2016-12-01 22:00:00+00:00,NZD,NZD_USD,1,1,0.16533237595697128,0.0055197693547228074,2016-11-01 21:00:00+00:00,2016-12-01 22:00:00+00:00,0.71822,0.70896,-92.59999999999934,3.300000000001635,1.1032749041095886,-94.79672509589139,False,momentum_spread1.5x
2016-10-31 21:00:00+00:00,2016-11-01 21:00:00+00:00,2016-12-01 22:00:00+00:00,CAD,CAD_JPY,-1,-1,0.14560467165196872,0.006267632568356956,2016-11-01 21:00:00+00:00,2016-12-01 22:00:00+00:00,77.786,85.687,-790.0999999999996,5.550000000000921,-13.675996934001956,-809.3259969340025,False,momentum_spread1.5x
2016-10-31 21:00:00+00:00,2016-11-01 21:00:00+00:00,2016-12-01 22:00:00+00:00,CHF,CHF_JPY,-1,-1,0.21602138618167982,0.004224565901930106,2016-11-01 21:00:00+00:00,2016-12-01 22:00:00+00:00,106.78,112.924,-614.4000000000005,7.949999999999591,-2.5190383328767125,-624.8690383328768,False,momentum_spread1.5x
2016-11-30 22:00:00+00:00,2016-12-01 22:00:00+00:00,2017-01-02 22:00:00+00:00,EUR,EUR_USD,-1,-1,0.23631360978760907,0.004352855670070094,2016-12-01 22:00:00+00:00,2017-01-02 22:00:00+00:00,1.06602,1.04688,191.39999999999935,2.849999999998687,0.13483975342465834,188.68483975342534,False,momentum_spread1.5x
2016-11-30 22:00:00+00:00,2016-12-01 22:00:00+00:00,2017-01-02 22:00:00+00:00,GBP,GBP_USD,-1,-1,0.15155289736641273,0.006787326762825016,2016-12-01 22:00:00+00:00,2017-01-02 22:00:00+00:00,1.25927,1.22822,310.499999999998,4.350000000001852,-6.592603199999997,299.5573967999962,False,momentum_spread1.5x
2016-11-30 22:00:00+00:00,2016-12-01 22:00:00+00:00,2017-01-02 22:00:00+00:00,JPY,USD_JPY,1,-1,0.15361814851990024,0.006696077554570138,2016-12-01 22:00:00+00:00,2017-01-02 22:00:00+00:00,114.122,117.282,-315.99999999999966,3.900000000001569,-20.580537015068497,-340.48053701506973,False,momentum_spread1.5x
2016-11-30 22:00:00+00:00,2016-12-01 22:00:00+00:00,2017-01-02 22:00:00+00:00,AUD,AUD_USD,1,1,0.16298384376358138,0.006311294497206934,2016-12-01 22:00:00+00:00,2017-01-02 22:00:00+00:00,0.74156,0.7198,-217.6,2.700000000001035,-1.1115254383561641,-221.4115254383572,False,momentum_spread1.5x
2016-11-30 22:00:00+00:00,2016-12-01 22:00:00+00:00,2017-01-02 22:00:00+00:00,NZD,NZD_USD,1,1,0.15733612138969613,0.006537844121191684,2016-12-01 22:00:00+00:00,2017-01-02 22:00:00+00:00,0.70896,0.69296,-160.00000000000014,3.300000000001635,0.3391085753424646,-162.9608914246593,False,momentum_spread1.5x
2016-11-30 22:00:00+00:00,2016-12-01 22:00:00+00:00,2017-01-02 22:00:00+00:00,CAD,CAD_JPY,-1,-1,0.13819537917280042,0.007443367806042985,2016-12-01 22:00:00+00:00,2017-01-02 22:00:00+00:00,85.687,87.218,-153.1000000000006,5.550000000000921,-12.809947583864965,-171.45994758386647,False,momentum_spread1.5x
2016-12-29 22:00:00+00:00,2017-01-02 22:00:00+00:00,2017-02-01 22:00:00+00:00,EUR,EUR_USD,-1,-1,0.19511543984486773,0.005104705620011011,2017-01-02 22:00:00+00:00,2017-02-01 22:00:00+00:00,1.04688,1.07687,-299.8999999999996,2.849999999998687,1.2731381369863026,-301.476861863012,False,momentum_spread1.5x
2016-12-29 22:00:00+00:00,2017-01-02 22:00:00+00:00,2017-02-01 22:00:00+00:00,GBP,GBP_USD,-1,-1,0.15404339832919112,0.006465755060781945,2017-01-02 22:00:00+00:00,2017-02-01 22:00:00+00:00,1.22822,1.26592,-376.9999999999984,4.350000000001852,-5.718178344109585,-387.0681783441098,False,momentum_spread1.5x
2016-12-29 22:00:00+00:00,2017-01-02 22:00:00+00:00,2017-02-01 22:00:00+00:00,JPY,USD_JPY,1,-1,0.1533282938944014,0.006495910552640568,2017-01-02 22:00:00+00:00,2017-02-01 22:00:00+00:00,117.282,113.215,406.6999999999993,3.900000000001569,-23.555683346575357,379.2443166534224,False,momentum_spread1.5x
2016-12-29 22:00:00+00:00,2017-01-02 22:00:00+00:00,2017-02-01 22:00:00+00:00,NZD,NZD_USD,1,1,0.15994081064620996,0.006227346718469432,2017-01-02 22:00:00+00:00,2017-02-01 22:00:00+00:00,0.69296,0.72796,350.0000000000003,3.300000000001635,-0.4469357260273988,346.25306427397123,False,momentum_spread1.5x
2016-12-29 22:00:00+00:00,2017-01-02 22:00:00+00:00,2017-02-01 22:00:00+00:00,CAD,CAD_JPY,1,1,0.13714028845314702,0.0072626862139588905,2017-01-02 22:00:00+00:00,2017-02-01 22:00:00+00:00,87.218,86.77,-44.80000000000075,5.550000000000921,-8.875105119693067,-59.22510511969474,False,momentum_spread1.5x
2016-12-29 22:00:00+00:00,2017-01-02 22:00:00+00:00,2017-02-01 22:00:00+00:00,CHF,CHF_JPY,-1,-1,0.20043176883218275,0.004969306453414338,2017-01-02 22:00:00+00:00,2017-02-01 22:00:00+00:00,114.562,114.009,55.29999999999973,7.949999999999591,0.3300257371102755,47.68002573711041,False,momentum_spread1.5x
2017-01-31 22:00:00+00:00,2017-02-01 22:00:00+00:00,2017-03-01 22:00:00+00:00,EUR,EUR_USD,-1,-1,0.19211439403528044,0.005757145935741779,2017-02-01 22:00:00+00:00,2017-03-01 22:00:00+00:00,1.07687,1.05457,222.99999999999986,2.849999999998687,1.1132119178082203,221.2632119178094,False,momentum_spread1.5x
2017-01-31 22:00:00+00:00,2017-02-01 22:00:00+00:00,2017-03-01 22:00:00+00:00,GBP,GBP_USD,-1,-1,0.1464434453179675,0.007552612548934669,2017-02-01 22:00:00+00:00,2017-03-01 22:00:00+00:00,1.26592,1.22936,365.5999999999992,4.350000000001852,-4.976097482739723,356.2739025172577,False,momentum_spread1.5x
2017-01-31 22:00:00+00:00,2017-02-01 22:00:00+00:00,2017-03-01 22:00:00+00:00,JPY,USD_JPY,1,-1,0.13750126368726912,0.0080437850035564,2017-02-01 22:00:00+00:00,2017-03-01 22:00:00+00:00,113.215,113.738,-52.29999999999961,3.900000000001569,-20.53658901643836,-76.73658901643954,False,momentum_spread1.5x
2017-01-31 22:00:00+00:00,2017-02-01 22:00:00+00:00,2017-03-01 22:00:00+00:00,NZD,NZD_USD,1,1,0.16316667561318296,0.006778532434158071,2017-02-01 22:00:00+00:00,2017-03-01 22:00:00+00:00,0.72796,0.7145,-134.60000000000028,3.300000000001635,-0.2125288767123295,-138.11252887671424,False,momentum_spread1.5x
2017-01-31 22:00:00+00:00,2017-02-01 22:00:00+00:00,2017-03-01 22:00:00+00:00,CAD,CAD_JPY,1,1,0.15549682279910418,0.007112882327162773,2017-02-01 22:00:00+00:00,2017-03-01 22:00:00+00:00,86.77,85.315,-145.49999999999983,5.550000000000921,-7.8119915613209665,-158.86199156132173,False,momentum_spread1.5x
2017-01-31 22:00:00+00:00,2017-02-01 22:00:00+00:00,2017-03-01 22:00:00+00:00,CHF,CHF_JPY,-1,-1,0.20527739854719582,0.005387980414041633,2017-02-01 22:00:00+00:00,2017-03-01 22:00:00+00:00,114.009,112.728,128.1000000000006,7.949999999999591,-1.3679287325285336,118.78207126747246,False,momentum_spread1.5x
2017-02-28 22:00:00+00:00,2017-03-01 22:00:00+00:00,2017-04-02 21:00:00+00:00,EUR,EUR_USD,-1,-1,0.18726938698567988,0.005398623388699438,2017-03-01 22:00:00+00:00,2017-04-02 21:00:00+00:00,1.05457,1.0663,-117.30000000000018,2.849999999998687,2.4490662191780834,-117.70093378082079,False,momentum_spread1.5x
2017-02-28 22:00:00+00:00,2017-03-01 22:00:00+00:00,2017-04-02 21:00:00+00:00,GBP,GBP_USD,-1,-1,0.14114934653173455,0.007162604131086044,2017-03-01 22:00:00+00:00,2017-04-02 21:00:00+00:00,1.22936,1.25456,-251.9999999999989,4.350000000001852,-3.8499069917808177,-260.1999069917816,False,momentum_spread1.5x
2017-02-28 22:00:00+00:00,2017-03-01 22:00:00+00:00,2017-04-02 21:00:00+00:00,JPY,USD_JPY,-1,1,0.14055506371906032,0.0071928884368695906,2017-03-01 22:00:00+00:00,2017-04-02 21:00:00+00:00,113.738,111.444,-229.3999999999997,3.900000000001569,-3.4714479726027383,-236.771447972604,False,momentum_spread1.5x
2017-02-28 22:00:00+00:00,2017-03-01 22:00:00+00:00,2017-04-02 21:00:00+00:00,AUD,AUD_USD,1,1,0.20145039949485244,0.00501858966327903,2017-03-01 22:00:00+00:00,2017-04-02 21:00:00+00:00,0.76768,0.76329,-43.90000000000005,2.700000000001035,-2.51856793150685,-49.11856793150793,False,momentum_spread1.5x
2017-02-28 22:00:00+00:00,2017-03-01 22:00:00+00:00,2017-04-02 21:00:00+00:00,NZD,NZD_USD,1,1,0.16558135922730147,0.006105740992139421,2017-03-01 22:00:00+00:00,2017-04-02 21:00:00+00:00,0.7145,0.70028,-142.2000000000001,3.300000000001635,-1.025139287671234,-146.52513928767297,False,momentum_spread1.5x
2017-02-28 22:00:00+00:00,2017-03-01 22:00:00+00:00,2017-04-02 21:00:00+00:00,CAD,CAD_JPY,1,1,0.16399444404137134,0.006164824049241878,2017-03-01 22:00:00+00:00,2017-04-02 21:00:00+00:00,85.315,83.699,-161.59999999999997,5.550000000000921,-8.306315710541988,-175.45631571054287,False,momentum_spread1.5x
2017-03-30 21:00:00+00:00,2017-04-02 21:00:00+00:00,2017-05-01 21:00:00+00:00,EUR,EUR_USD,-1,-1,0.18943845792703223,0.005031189111711207,2017-04-02 21:00:00+00:00,2017-05-01 21:00:00+00:00,1.0663,1.08982,-235.19999999999985,2.849999999998687,3.4305741917808223,-234.6194258082177,False,momentum_spread1.5x
2017-03-30 21:00:00+00:00,2017-04-02 21:00:00+00:00,2017-05-01 21:00:00+00:00,GBP,GBP_USD,-1,-1,0.1368514266965439,0.006964492295540797,2017-04-02 21:00:00+00:00,2017-05-01 21:00:00+00:00,1.25456,1.28838,-338.2000000000018,4.350000000001852,-2.497612017534242,-345.0476120175379,False,momentum_spread1.5x
2017-03-30 21:00:00+00:00,2017-04-02 21:00:00+00:00,2017-05-01 21:00:00+00:00,JPY,USD_JPY,1,-1,0.13904597222930196,0.006854572567482064,2017-04-02 21:00:00+00:00,2017-05-01 21:00:00+00:00,111.444,111.828,-38.400000000000034,3.900000000001569,-24.694336038356163,-66.99433603835777,False,momentum_spread1.5x
2017-03-30 21:00:00+00:00,2017-04-02 21:00:00+00:00,2017-05-01 21:00:00+00:00,AUD,AUD_USD,1,1,0.1740815983729331,0.005475022723654161,2017-04-02 21:00:00+00:00,2017-05-01 21:00:00+00:00,0.76329,0.75226,-110.29999999999984,2.700000000001035,-3.0810036164383563,-116.08100361643923,False,momentum_spread1.5x
2017-03-30 21:00:00+00:00,2017-04-02 21:00:00+00:00,2017-05-01 21:00:00+00:00,NZD,NZD_USD,1,1,0.15397985785215704,0.00618977520928069,2017-04-02 21:00:00+00:00,2017-05-01 21:00:00+00:00,0.70028,0.69082,-94.60000000000024,3.300000000001635,-1.6174072602739733,-99.51740726027585,False,momentum_spread1.5x
2017-03-30 21:00:00+00:00,2017-04-02 21:00:00+00:00,2017-05-01 21:00:00+00:00,CHF,CHF_JPY,-1,-1,0.2066026869220318,0.004613205767365114,2017-04-02 21:00:00+00:00,2017-05-01 21:00:00+00:00,111.156,112.284,-112.80000000000001,7.949999999999591,-1.843681204911712,-122.59368120491132,False,momentum_spread1.5x
2017-04-30 21:00:00+00:00,2017-05-01 21:00:00+00:00,2017-06-01 21:00:00+00:00,EUR,EUR_USD,-1,-1,0.1759140192521869,0.004550033528898228,2017-05-01 21:00:00+00:00,2017-06-01 21:00:00+00:00,1.08982,1.12142,-316.0000000000007,2.849999999998687,3.857044109589041,-314.9929558904103,False,momentum_spread1.5x
2017-04-30 21:00:00+00:00,2017-05-01 21:00:00+00:00,2017-06-01 21:00:00+00:00,GBP,GBP_USD,-1,-1,0.14898840500932453,0.0053723287107517136,2017-05-01 21:00:00+00:00,2017-06-01 21:00:00+00:00,1.28838,1.28843,-0.4999999999988347,4.350000000001852,-2.910650098630133,-7.76065009863082,False,momentum_spread1.5x
2017-04-30 21:00:00+00:00,2017-05-01 21:00:00+00:00,2017-06-01 21:00:00+00:00,AUD,AUD_USD,1,1,0.1585574203956882,0.0050481061296483165,2017-05-01 21:00:00+00:00,2017-06-01 21:00:00+00:00,0.75226,0.73742,-148.40000000000074,2.700000000001035,-3.4775684383561645,-154.57756843835796,False,momentum_spread1.5x
2017-04-30 21:00:00+00:00,2017-05-01 21:00:00+00:00,2017-06-01 21:00:00+00:00,NZD,NZD_USD,1,1,0.16232238520611836,0.0049310185085336515,2017-05-01 21:00:00+00:00,2017-06-01 21:00:00+00:00,0.69082,0.7062,153.8000000000006,3.300000000001635,-1.7924310410958921,148.7075689589031,False,momentum_spread1.5x
2017-04-30 21:00:00+00:00,2017-05-01 21:00:00+00:00,2017-06-01 21:00:00+00:00,CAD,CAD_JPY,-1,-1,0.1645214327508913,0.00486510889442982,2017-05-01 21:00:00+00:00,2017-06-01 21:00:00+00:00,81.766,82.365,-59.899999999998954,5.550000000000921,-14.146196718493139,-79.59619671849302,False,momentum_spread1.5x
2017-04-30 21:00:00+00:00,2017-05-01 21:00:00+00:00,2017-06-01 21:00:00+00:00,CHF,CHF_JPY,1,1,0.18969633738579075,0.004219452504098026,2017-05-01 21:00:00+00:00,2017-06-01 21:00:00+00:00,112.284,114.626,234.19999999999987,7.949999999999591,-43.06167733946714,183.18832266053315,False,momentum_spread1.5x
2017-05-31 21:00:00+00:00,2017-06-01 21:00:00+00:00,2017-07-02 21:00:00+00:00,EUR,EUR_USD,-1,-1,0.17547100226873624,0.0047623935192279915,2017-06-01 21:00:00+00:00,2017-07-02 21:00:00+00:00,1.12142,1.14186,-204.40000000000012,2.849999999998687,4.678625863013699,-202.5713741369851,False,momentum_spread1.5x
2017-05-31 21:00:00+00:00,2017-06-01 21:00:00+00:00,2017-07-02 21:00:00+00:00,GBP,GBP_USD,-1,-1,0.1641233134097719,0.005091671296756274,2017-06-01 21:00:00+00:00,2017-07-02 21:00:00+00:00,1.28843,1.30056,-121.29999999999974,4.350000000001852,-1.0435167945205448,-126.69351679452214,False,momentum_spread1.5x
2017-05-31 21:00:00+00:00,2017-06-01 21:00:00+00:00,2017-07-02 21:00:00+00:00,AUD,AUD_USD,1,1,0.168855960495614,0.00494896337425279,2017-06-01 21:00:00+00:00,2017-07-02 21:00:00+00:00,0.73742,0.76847,310.5000000000002,2.700000000001035,-3.8398151506849314,303.96018484931426,False,momentum_spread1.5x
2017-05-31 21:00:00+00:00,2017-06-01 21:00:00+00:00,2017-07-02 21:00:00+00:00,NZD,NZD_USD,1,1,0.15873274555020972,0.00526458457655,2017-06-01 21:00:00+00:00,2017-07-02 21:00:00+00:00,0.7062,0.73304,268.39999999999975,3.300000000001635,-2.2924989863013696,262.8075010136967,False,momentum_spread1.5x
2017-05-31 21:00:00+00:00,2017-06-01 21:00:00+00:00,2017-07-02 21:00:00+00:00,CAD,CAD_JPY,-1,-1,0.15320510079473448,0.005454530950224019,2017-06-01 21:00:00+00:00,2017-07-02 21:00:00+00:00,82.365,86.432,-406.7000000000007,5.550000000000921,-12.480721132789528,-424.7307211327912,False,momentum_spread1.5x
2017-05-31 21:00:00+00:00,2017-06-01 21:00:00+00:00,2017-07-02 21:00:00+00:00,CHF,CHF_JPY,1,1,0.17961187748093366,0.004652598568297788,2017-06-01 21:00:00+00:00,2017-07-02 21:00:00+00:00,114.626,116.94,231.3999999999993,7.949999999999591,-35.89222838544519,187.5577716145545,False,momentum_spread1.5x
2017-06-29 21:00:00+00:00,2017-07-02 21:00:00+00:00,2017-08-01 21:00:00+00:00,EUR,EUR_USD,1,1,0.181378099432525,0.0046043841977475575,2017-07-02 21:00:00+00:00,2017-08-01 21:00:00+00:00,1.14186,1.18024,383.7999999999986,2.849999999998687,-24.995527315068486,355.95447268493143,False,momentum_spread1.5x
2017-06-29 21:00:00+00:00,2017-07-02 21:00:00+00:00,2017-08-01 21:00:00+00:00,GBP,GBP_USD,-1,-1,0.15892568870027085,0.005254873907890638,2017-07-02 21:00:00+00:00,2017-08-01 21:00:00+00:00,1.30056,1.3209,-203.40000000000023,4.350000000001852,0.1560961621917831,-207.5939038378103,False,momentum_spread1.5x
2017-06-29 21:00:00+00:00,2017-07-02 21:00:00+00:00,2017-08-01 21:00:00+00:00,JPY,USD_JPY,-1,1,0.15900784491665082,0.005252158818216588,2017-07-02 21:00:00+00:00,2017-08-01 21:00:00+00:00,112.114,110.362,-175.20000000000095,3.900000000001569,1.5692542945205499,-177.53074570548196,False,momentum_spread1.5x
2017-06-29 21:00:00+00:00,2017-07-02 21:00:00+00:00,2017-08-01 21:00:00+00:00,AUD,AUD_USD,1,1,0.18868286139461288,0.004426127782204851,2017-07-02 21:00:00+00:00,2017-08-01 21:00:00+00:00,0.76847,0.7968,283.29999999999967,2.700000000001035,-4.615785739726025,275.9842142602726,False,momentum_spread1.5x
2017-06-29 21:00:00+00:00,2017-07-02 21:00:00+00:00,2017-08-01 21:00:00+00:00,CAD,CAD_JPY,-1,-1,0.13917413859689898,0.006000643964921305,2017-07-02 21:00:00+00:00,2017-08-01 21:00:00+00:00,86.432,87.98,-154.80000000000018,5.550000000000921,-14.556273068850553,-174.90627306885165,False,momentum_spread1.5x
2017-06-29 21:00:00+00:00,2017-07-02 21:00:00+00:00,2017-08-01 21:00:00+00:00,CHF,CHF_JPY,1,1,0.17283136695904155,0.0048320768940195765,2017-07-02 21:00:00+00:00,2017-08-01 21:00:00+00:00,116.94,114.282,-265.8000000000001,7.949999999999591,-37.681005760844734,-311.43100576084447,False,momentum_spread1.5x
2017-07-31 21:00:00+00:00,2017-08-01 21:00:00+00:00,2017-09-03 21:00:00+00:00,EUR,EUR_USD,1,1,0.1724280355852155,0.004659431885620645,2017-08-01 21:00:00+00:00,2017-09-03 21:00:00+00:00,1.18024,1.18842,81.80000000000075,2.849999999998687,-27.497902273972596,51.452097726029464,False,momentum_spread1.5x
2017-07-31 21:00:00+00:00,2017-08-01 21:00:00+00:00,2017-09-03 21:00:00+00:00,GBP,GBP_USD,-1,-1,0.16903987165239884,0.004752823574267563,2017-08-01 21:00:00+00:00,2017-09-03 21:00:00+00:00,1.3209,1.29636,245.40000000000006,4.350000000001852,0.16597148383561972,241.21597148383384,False,momentum_spread1.5x
2017-07-31 21:00:00+00:00,2017-08-01 21:00:00+00:00,2017-09-03 21:00:00+00:00,JPY,USD_JPY,-1,1,0.15786961528482985,0.005089115378732964,2017-08-01 21:00:00+00:00,2017-09-03 21:00:00+00:00,110.362,109.521,-84.0999999999994,3.900000000001569,1.6633651602739745,-86.336634839727,False,momentum_spread1.5x
2017-07-31 21:00:00+00:00,2017-08-01 21:00:00+00:00,2017-09-03 21:00:00+00:00,AUD,AUD_USD,1,1,0.17483327976136065,0.004595330408931932,2017-08-01 21:00:00+00:00,2017-09-03 21:00:00+00:00,0.7968,0.79466,-21.399999999999196,2.700000000001035,-5.0790802191780795,-29.17908021917831,False,momentum_spread1.5x
2017-07-31 21:00:00+00:00,2017-08-01 21:00:00+00:00,2017-09-03 21:00:00+00:00,NZD,NZD_USD,1,1,0.1585680931198636,0.005066698294551424,2017-08-01 21:00:00+00:00,2017-09-03 21:00:00+00:00,0.74669,0.71495,-317.39999999999986,3.300000000001635,-2.953526301369862,-323.65352630137136,False,momentum_spread1.5x
2017-07-31 21:00:00+00:00,2017-08-01 21:00:00+00:00,2017-09-03 21:00:00+00:00,CHF,CHF_JPY,-1,-1,0.16726110459633148,0.004803368296052169,2017-08-01 21:00:00+00:00,2017-09-03 21:00:00+00:00,114.282,114.074,20.79999999999984,7.949999999999591,-1.610527053253426,11.239472946746824,False,momentum_spread1.5x
2017-08-31 21:00:00+00:00,2017-09-03 21:00:00+00:00,2017-10-01 21:00:00+00:00,EUR,EUR_USD,1,1,0.17290655726622758,0.004586249978854099,2017-09-03 21:00:00+00:00,2017-10-01 21:00:00+00:00,1.18842,1.17901,-94.1000000000014,2.849999999998687,-23.32414153424657,-120.27414153424667,False,momentum_spread1.5x
2017-08-31 21:00:00+00:00,2017-09-03 21:00:00+00:00,2017-10-01 21:00:00+00:00,GBP,GBP_USD,-1,-1,0.1653590404267238,0.004795581133995351,2017-09-03 21:00:00+00:00,2017-10-01 21:00:00+00:00,1.29636,1.33754,-411.7999999999999,4.350000000001852,0.14111797917808525,-416.00888202082365,False,momentum_spread1.5x
2017-08-31 21:00:00+00:00,2017-09-03 21:00:00+00:00,2017-10-01 21:00:00+00:00,JPY,USD_JPY,-1,1,0.180967616556795,0.004381959102373976,2017-09-03 21:00:00+00:00,2017-10-01 21:00:00+00:00,109.521,112.661,314.00000000000006,3.900000000001569,1.5093252054794533,311.60932520547794,False,momentum_spread1.5x
2017-08-31 21:00:00+00:00,2017-09-03 21:00:00+00:00,2017-10-01 21:00:00+00:00,AUD,AUD_USD,1,1,0.16838246990521985,0.004709472993550551,2017-09-03 21:00:00+00:00,2017-10-01 21:00:00+00:00,0.79466,0.78344,-112.20000000000007,2.700000000001035,-4.305016191780821,-119.20501619178194,False,momentum_spread1.5x
2017-08-31 21:00:00+00:00,2017-09-03 21:00:00+00:00,2017-10-01 21:00:00+00:00,CAD,CAD_JPY,1,1,0.14348186809876554,0.005526779830188132,2017-09-03 21:00:00+00:00,2017-10-01 21:00:00+00:00,88.156,90.208,205.19999999999925,5.550000000000921,-3.454784364164389,196.19521563583393,False,momentum_spread1.5x
2017-08-31 21:00:00+00:00,2017-09-03 21:00:00+00:00,2017-10-01 21:00:00+00:00,CHF,CHF_JPY,-1,-1,0.16890244774626814,0.004694974555947443,2017-09-03 21:00:00+00:00,2017-10-01 21:00:00+00:00,114.074,116.294,-221.9999999999999,7.949999999999591,-1.0482663349315078,-230.99826633493097,False,momentum_spread1.5x
2017-09-28 21:00:00+00:00,2017-10-01 21:00:00+00:00,2017-11-01 21:00:00+00:00,EUR,EUR_USD,1,1,0.18334052599620276,0.004649099112301168,2017-10-01 21:00:00+00:00,2017-11-01 21:00:00+00:00,1.17901,1.16194,-170.69999999999916,2.849999999998687,-27.497902273972596,-201.04790227397044,False,momentum_spread1.5x
2017-09-28 21:00:00+00:00,2017-10-01 21:00:00+00:00,2017-11-01 21:00:00+00:00,GBP,GBP_USD,-1,-1,0.17022249859487698,0.005007377307311058,2017-10-01 21:00:00+00:00,2017-11-01 21:00:00+00:00,1.33754,1.32451,130.29999999999873,4.350000000001852,-0.0701551660273945,125.87984483396949,False,momentum_spread1.5x
2017-09-28 21:00:00+00:00,2017-10-01 21:00:00+00:00,2017-11-01 21:00:00+00:00,JPY,USD_JPY,-1,1,0.17541230245011633,0.004859227458690769,2017-10-01 21:00:00+00:00,2017-11-01 21:00:00+00:00,112.661,114.198,153.6999999999992,3.900000000001569,1.4982272260273986,151.29822722602503,False,momentum_spread1.5x
2017-09-28 21:00:00+00:00,2017-10-01 21:00:00+00:00,2017-11-01 21:00:00+00:00,AUD,AUD_USD,1,1,0.17190364528926746,0.004958407224136926,2017-10-01 21:00:00+00:00,2017-11-01 21:00:00+00:00,0.78344,0.76778,-156.60000000000005,2.700000000001035,-5.0790802191780795,-164.37908021917917,False,momentum_spread1.5x
2017-09-28 21:00:00+00:00,2017-10-01 21:00:00+00:00,2017-11-01 21:00:00+00:00,NZD,NZD_USD,-1,-1,0.15458528719419268,0.005513902986039129,2017-10-01 21:00:00+00:00,2017-11-01 21:00:00+00:00,0.72153,0.68872,328.1,3.300000000001635,-8.130792246575341,316.669207753423,False,momentum_spread1.5x
2017-09-28 21:00:00+00:00,2017-10-01 21:00:00+00:00,2017-11-01 21:00:00+00:00,CAD,CAD_JPY,1,1,0.1445357404753437,0.005897283771159567,2017-10-01 21:00:00+00:00,2017-11-01 21:00:00+00:00,90.208,88.77,-143.80000000000024,5.550000000000921,-4.043676849628187,-153.39367684962934,False,momentum_spread1.5x
2017-10-31 21:00:00+00:00,2017-11-01 21:00:00+00:00,2017-12-03 22:00:00+00:00,EUR,EUR_USD,1,1,0.17746814337415004,0.004463946388955826,2017-11-01 21:00:00+00:00,2017-12-03 22:00:00+00:00,1.16194,1.18624,242.99999999999986,2.849999999998687,-24.99552731506849,215.15447268493267,False,momentum_spread1.5x
2017-10-31 21:00:00+00:00,2017-11-01 21:00:00+00:00,2017-12-03 22:00:00+00:00,GBP,GBP_USD,1,1,0.1548406332796422,0.0051162815663444335,2017-11-01 21:00:00+00:00,2017-12-03 22:00:00+00:00,1.32451,1.3434,188.8999999999985,4.350000000001852,-20.00997143671233,164.54002856328432,False,momentum_spread1.5x
2017-10-31 21:00:00+00:00,2017-11-01 21:00:00+00:00,2017-12-03 22:00:00+00:00,JPY,USD_JPY,-1,1,0.1737851145621838,0.0045585508273567575,2017-11-01 21:00:00+00:00,2017-12-03 22:00:00+00:00,114.198,112.818,-137.99999999999955,3.900000000001569,1.488904923287671,-140.41109507671345,False,momentum_spread1.5x
2017-10-31 21:00:00+00:00,2017-11-01 21:00:00+00:00,2017-12-03 22:00:00+00:00,NZD,NZD_USD,-1,-1,0.13894124688222823,0.005701750168121329,2017-11-01 21:00:00+00:00,2017-12-03 22:00:00+00:00,0.68872,0.6862,25.199999999999665,3.300000000001635,-6.8353037260273934,15.064696273970636,False,momentum_spread1.5x
2017-10-31 21:00:00+00:00,2017-11-01 21:00:00+00:00,2017-12-03 22:00:00+00:00,CAD,CAD_JPY,1,1,0.1363306935314699,0.005810931179535608,2017-11-01 21:00:00+00:00,2017-12-03 22:00:00+00:00,88.77,88.822,5.200000000000671,5.550000000000921,-3.595400443940677,-3.945400443940927,False,momentum_spread1.5x
2017-10-31 21:00:00+00:00,2017-11-01 21:00:00+00:00,2017-12-03 22:00:00+00:00,CHF,CHF_JPY,-1,-1,0.21863416837032587,0.003623442226230062,2017-11-01 21:00:00+00:00,2017-12-03 22:00:00+00:00,113.841,114.956,-111.50000000000091,7.949999999999591,0.03815699877770773,-119.41184300122279,False,momentum_spread1.5x
2017-11-30 22:00:00+00:00,2017-12-03 22:00:00+00:00,2018-01-01 22:00:00+00:00,EUR,EUR_USD,1,1,0.1673546603204223,0.0044797093284852105,2017-12-03 22:00:00+00:00,2018-01-01 22:00:00+00:00,1.18624,1.20052,142.8000000000007,2.849999999998687,-25.525478904109576,114.42452109589243,False,momentum_spread1.5x
2017-11-30 22:00:00+00:00,2017-12-03 22:00:00+00:00,2018-01-01 22:00:00+00:00,GBP,GBP_USD,1,1,0.1368747013082135,0.005477273928910352,2017-12-03 22:00:00+00:00,2018-01-01 22:00:00+00:00,1.3434,1.35038,69.79999999999986,4.350000000001852,-20.80869773041096,44.641302269587044,False,momentum_spread1.5x
2017-11-30 22:00:00+00:00,2017-12-03 22:00:00+00:00,2018-01-01 22:00:00+00:00,JPY,USD_JPY,-1,1,0.17269133213992646,0.004341273089464678,2017-12-03 22:00:00+00:00,2018-01-01 22:00:00+00:00,112.818,112.666,-15.200000000000102,3.900000000001569,3.2934363821917825,-15.80656361780989,False,momentum_spread1.5x
2017-11-30 22:00:00+00:00,2017-12-03 22:00:00+00:00,2018-01-01 22:00:00+00:00,NZD,NZD_USD,-1,-1,0.13618274737318933,0.005505104335635286,2017-12-03 22:00:00+00:00,2018-01-01 22:00:00+00:00,0.6862,0.71046,-242.59999999999948,3.300000000001635,-5.988313643835614,-251.88831364383674,False,momentum_spread1.5x
2017-11-30 22:00:00+00:00,2017-12-03 22:00:00+00:00,2018-01-01 22:00:00+00:00,CAD,CAD_JPY,1,1,0.13788664103590587,0.00543707662591945,2017-12-03 22:00:00+00:00,2018-01-01 22:00:00+00:00,88.822,89.571,74.89999999999952,5.550000000000921,-3.4508794317211815,65.89912056827743,False,momentum_spread1.5x
2017-11-30 22:00:00+00:00,2017-12-03 22:00:00+00:00,2018-01-01 22:00:00+00:00,CHF,CHF_JPY,-1,-1,0.24900991782234247,0.003010724390253995,2017-12-03 22:00:00+00:00,2018-01-01 22:00:00+00:00,114.956,115.598,-64.19999999999959,7.949999999999591,-0.5198706007411726,-72.66987060074035,False,momentum_spread1.5x
2017-12-28 22:00:00+00:00,2018-01-01 22:00:00+00:00,2018-02-01 22:00:00+00:00,EUR,EUR_USD,1,1,0.17231882003387705,0.003961666182867916,2018-01-01 22:00:00+00:00,2018-02-01 22:00:00+00:00,1.20052,1.25147,509.5000000000005,2.849999999998687,-30.141388602739713,476.5086113972621,False,momentum_spread1.5x
2017-12-28 22:00:00+00:00,2018-01-01 22:00:00+00:00,2018-02-01 22:00:00+00:00,GBP,GBP_USD,1,1,0.14941978371080894,0.004568803575041778,2018-01-01 22:00:00+00:00,2018-02-01 22:00:00+00:00,1.35038,1.42674,763.5999999999998,4.350000000001852,-24.946824611506845,734.3031753884911,False,momentum_spread1.5x
2017-12-28 22:00:00+00:00,2018-01-01 22:00:00+00:00,2018-02-01 22:00:00+00:00,JPY,USD_JPY,-1,1,0.18671237467621835,0.0036562635078887734,2018-01-01 22:00:00+00:00,2018-02-01 22:00:00+00:00,112.666,109.404,-326.20000000000005,3.900000000001569,5.270652401369863,-324.8293475986317,False,momentum_spread1.5x
2017-12-28 22:00:00+00:00,2018-01-01 22:00:00+00:00,2018-02-01 22:00:00+00:00,NZD,NZD_USD,-1,-1,0.12673282498764835,0.0053866836951393425,2018-01-01 22:00:00+00:00,2018-02-01 22:00:00+00:00,0.71046,0.73997,-295.10000000000036,3.300000000001635,-6.200842520547944,-304.60084252055,False,momentum_spread1.5x
2017-12-28 22:00:00+00:00,2018-01-01 22:00:00+00:00,2018-02-01 22:00:00+00:00,CAD,CAD_JPY,1,1,0.14860822818928532,0.004593753995440837,2018-01-01 22:00:00+00:00,2018-02-01 22:00:00+00:00,89.571,89.18,-39.09999999999911,5.550000000000921,-2.6888117095260813,-47.33881170952611,False,momentum_spread1.5x
2017-12-28 22:00:00+00:00,2018-01-01 22:00:00+00:00,2018-02-01 22:00:00+00:00,CHF,CHF_JPY,-1,-1,0.21620796840216194,0.0031574675394484067,2018-01-01 22:00:00+00:00,2018-02-01 22:00:00+00:00,115.598,118.055,-245.70000000000078,7.949999999999591,-0.43025202304232635,-254.0802520230427,False,momentum_spread1.5x
2018-01-31 22:00:00+00:00,2018-02-01 22:00:00+00:00,2018-03-01 22:00:00+00:00,EUR,EUR_USD,1,1,0.17465608425973228,0.004195595426675729,2018-02-01 22:00:00+00:00,2018-03-01 22:00:00+00:00,1.25147,1.2262,-252.70000000000124,2.849999999998687,-25.572516027397256,-281.1225160273972,False,momentum_spread1.5x
2018-01-31 22:00:00+00:00,2018-02-01 22:00:00+00:00,2018-03-01 22:00:00+00:00,GBP,GBP_USD,1,1,0.155820469603545,0.0047027599790044035,2018-02-01 22:00:00+00:00,2018-03-01 22:00:00+00:00,1.42674,1.37724,-494.99999999999875,4.350000000001852,-21.16156610082191,-520.5115661008225,False,momentum_spread1.5x
2018-01-31 22:00:00+00:00,2018-02-01 22:00:00+00:00,2018-03-01 22:00:00+00:00,JPY,USD_JPY,-1,1,0.18078764242334197,0.004053298436434567,2018-02-01 22:00:00+00:00,2018-03-01 22:00:00+00:00,109.404,106.232,-317.1999999999997,3.900000000001569,4.502228304109591,-316.5977716958917,False,momentum_spread1.5x
2018-01-31 22:00:00+00:00,2018-02-01 22:00:00+00:00,2018-03-01 22:00:00+00:00,NZD,NZD_USD,-1,-1,0.15609171802321434,0.004694587756745952,2018-02-01 22:00:00+00:00,2018-03-01 22:00:00+00:00,0.73997,0.72528,146.8999999999998,3.300000000001635,-5.392920246575342,138.20707975342285,False,momentum_spread1.5x
2018-01-31 22:00:00+00:00,2018-02-01 22:00:00+00:00,2018-03-01 22:00:00+00:00,CAD,CAD_JPY,1,1,0.14554794926917544,0.0050346725738197335,2018-02-01 22:00:00+00:00,2018-03-01 22:00:00+00:00,89.18,82.782,-639.800000000001,5.550000000000921,-1.2450775272675094,-646.5950775272695,False,momentum_spread1.5x
2018-01-31 22:00:00+00:00,2018-02-01 22:00:00+00:00,2018-03-01 22:00:00+00:00,CHF,CHF_JPY,-1,-1,0.1870961364209909,0.003916629612876442,2018-02-01 22:00:00+00:00,2018-03-01 22:00:00+00:00,118.055,112.786,526.9000000000005,7.949999999999591,-0.4479176411859598,518.502082358815,False,momentum_spread1.5x
2018-02-28 22:00:00+00:00,2018-03-01 22:00:00+00:00,2018-04-01 21:00:00+00:00,EUR,EUR_USD,1,1,0.18627734426377157,0.004571808191041332,2018-03-01 22:00:00+00:00,2018-04-01 21:00:00+00:00,1.2262,1.23213,59.299999999999905,2.849999999998687,-27.319161205479446,29.13083879452177,False,momentum_spread1.5x
2018-02-28 22:00:00+00:00,2018-03-01 22:00:00+00:00,2018-04-01 21:00:00+00:00,GBP,GBP_USD,1,1,0.15717062623310935,0.00541846977849055,2018-03-01 22:00:00+00:00,2018-04-01 21:00:00+00:00,1.37724,1.40265,254.0999999999993,4.350000000001852,-22.88985752219179,226.86014247780568,False,momentum_spread1.5x
2018-02-28 22:00:00+00:00,2018-03-01 22:00:00+00:00,2018-04-01 21:00:00+00:00,JPY,USD_JPY,-1,1,0.18967223323420668,0.00448997870583911,2018-03-01 22:00:00+00:00,2018-04-01 21:00:00+00:00,106.232,106.239,0.7000000000005002,3.900000000001569,6.091015042465756,2.891015042464687,False,momentum_spread1.5x
2018-02-28 22:00:00+00:00,2018-03-01 22:00:00+00:00,2018-04-01 21:00:00+00:00,AUD,AUD_USD,-1,-1,0.17249611287476244,0.004937063648088365,2018-03-01 22:00:00+00:00,2018-04-01 21:00:00+00:00,0.77562,0.76917,64.49999999999956,2.700000000001035,-5.008537438356166,56.79146256164236,False,momentum_spread1.5x
2018-02-28 22:00:00+00:00,2018-03-01 22:00:00+00:00,2018-04-01 21:00:00+00:00,NZD,NZD_USD,-1,-1,0.15310455475461413,0.005562370692860603,2018-03-01 22:00:00+00:00,2018-04-01 21:00:00+00:00,0.72528,0.72374,15.399999999999858,3.300000000001635,-5.32259819178082,6.7774018082174035,False,momentum_spread1.5x
2018-02-28 22:00:00+00:00,2018-03-01 22:00:00+00:00,2018-04-01 21:00:00+00:00,CAD,CAD_JPY,1,1,0.14127912863953587,0.006027955413594026,2018-03-01 22:00:00+00:00,2018-04-01 21:00:00+00:00,82.782,82.38,-40.2000000000001,5.550000000000921,-1.1020627989041125,-46.85206279890514,False,momentum_spread1.5x
2018-03-29 21:00:00+00:00,2018-04-01 21:00:00+00:00,2018-05-01 21:00:00+00:00,EUR,EUR_USD,1,1,0.17866615021844184,0.004999888409488743,2018-04-01 21:00:00+00:00,2018-05-01 21:00:00+00:00,1.23213,1.19942,-327.10000000000014,2.849999999998687,-30.034771123287676,-359.98477112328646,False,momentum_spread1.5x
2018-03-29 21:00:00+00:00,2018-04-01 21:00:00+00:00,2018-05-01 21:00:00+00:00,GBP,GBP_USD,1,1,0.16310272897920103,0.0054769826307386775,2018-04-01 21:00:00+00:00,2018-05-01 21:00:00+00:00,1.40265,1.3615,-411.50000000000017,4.350000000001852,-25.780756977534253,-441.6307569775363,False,momentum_spread1.5x
2018-03-29 21:00:00+00:00,2018-04-01 21:00:00+00:00,2018-05-01 21:00:00+00:00,AUD,AUD_USD,-1,-1,0.1615679316386477,0.005529010643294505,2018-04-01 21:00:00+00:00,2018-05-01 21:00:00+00:00,0.76917,0.74884,203.3000000000007,2.700000000001035,-4.102920657534247,196.4970793424654,False,momentum_spread1.5x
2018-03-29 21:00:00+00:00,2018-04-01 21:00:00+00:00,2018-05-01 21:00:00+00:00,NZD,NZD_USD,-1,-1,0.1601488837471036,0.005578002123672736,2018-04-01 21:00:00+00:00,2018-05-01 21:00:00+00:00,0.72374,0.70074,230.0000000000002,3.300000000001635,-5.449177890410956,221.2508221095876,False,momentum_spread1.5x
2018-03-29 21:00:00+00:00,2018-04-01 21:00:00+00:00,2018-05-01 21:00:00+00:00,CAD,CAD_JPY,-1,-1,0.1376824228235888,0.006488197950945073,2018-04-01 21:00:00+00:00,2018-05-01 21:00:00+00:00,82.38,85.515,-313.5000000000005,5.550000000000921,-20.02041294278062,-339.07041294278207,False,momentum_spread1.5x
2018-03-29 21:00:00+00:00,2018-04-01 21:00:00+00:00,2018-05-01 21:00:00+00:00,CHF,CHF_JPY,1,1,0.19883188259301693,0.004492794626270544,2018-04-01 21:00:00+00:00,2018-05-01 21:00:00+00:00,111.467,110.287,-117.99999999999926,7.949999999999591,-37.42498177110363,-163.37498177110248,False,momentum_spread1.5x
2018-04-30 21:00:00+00:00,2018-05-01 21:00:00+00:00,2018-06-03 21:00:00+00:00,EUR,EUR_USD,1,1,0.1887085953039004,0.004443644597327015,2018-05-01 21:00:00+00:00,2018-06-03 21:00:00+00:00,1.19942,1.16592,-334.99999999999864,2.849999999998687,-33.11413479452055,-370.96413479451786,False,momentum_spread1.5x
2018-04-30 21:00:00+00:00,2018-05-01 21:00:00+00:00,2018-06-03 21:00:00+00:00,GBP,GBP_USD,1,1,0.1674336481319546,0.005008276050525293,2018-05-01 21:00:00+00:00,2018-06-03 21:00:00+00:00,1.3615,1.33494,-265.59999999999917,4.350000000001852,-28.551537278904107,-298.5015372789051,False,momentum_spread1.5x
2018-04-30 21:00:00+00:00,2018-05-01 21:00:00+00:00,2018-06-03 21:00:00+00:00,AUD,AUD_USD,-1,-1,0.1515053435009875,0.005534814222482401,2018-05-01 21:00:00+00:00,2018-06-03 21:00:00+00:00,0.74884,0.75687,-80.30000000000092,2.700000000001035,-4.467073931506848,-87.4670739315088,False,momentum_spread1.5x
2018-04-30 21:00:00+00:00,2018-05-01 21:00:00+00:00,2018-06-03 21:00:00+00:00,NZD,NZD_USD,-1,-1,0.14666150341629633,0.005717614441815213,2018-05-01 21:00:00+00:00,2018-06-03 21:00:00+00:00,0.70074,0.69846,22.800000000000598,3.300000000001635,-4.922543835616436,14.577456164382527,False,momentum_spread1.5x
2018-04-30 21:00:00+00:00,2018-05-01 21:00:00+00:00,2018-06-03 21:00:00+00:00,CAD,CAD_JPY,1,1,0.12890256123701416,0.006505331794373671,2018-05-01 21:00:00+00:00,2018-06-03 21:00:00+00:00,85.515,84.559,-95.6000000000003,5.550000000000921,-1.198400674894115,-102.34840067489534,False,momentum_spread1.5x
2018-04-30 21:00:00+00:00,2018-05-01 21:00:00+00:00,2018-06-03 21:00:00+00:00,CHF,CHF_JPY,-1,-1,0.21678834840984706,0.0038680765647332084,2018-05-01 21:00:00+00:00,2018-06-03 21:00:00+00:00,110.287,110.854,-56.69999999999931,7.949999999999591,-2.3684409091927607,-67.01844090919165,False,momentum_spread1.5x
2018-05-31 21:00:00+00:00,2018-06-03 21:00:00+00:00,2018-07-01 21:00:00+00:00,EUR,EUR_USD,1,1,0.17953122543053004,0.0041933210671550635,2018-06-03 21:00:00+00:00,2018-07-01 21:00:00+00:00,1.16592,1.16805,21.299999999999653,2.849999999998687,-29.163016438356166,-10.7130164383552,False,momentum_spread1.5x
2018-05-31 21:00:00+00:00,2018-06-03 21:00:00+00:00,2018-07-01 21:00:00+00:00,GBP,GBP_USD,1,1,0.1775265035412852,0.004240674236198931,2018-06-03 21:00:00+00:00,2018-07-01 21:00:00+00:00,1.33494,1.3187,-162.40000000000032,4.350000000001852,-25.495657543013706,-192.24565754301585,False,momentum_spread1.5x
2018-05-31 21:00:00+00:00,2018-06-03 21:00:00+00:00,2018-07-01 21:00:00+00:00,JPY,USD_JPY,-1,1,0.1769129931454253,0.004255380322411744,2018-06-03 21:00:00+00:00,2018-07-01 21:00:00+00:00,109.519,110.675,115.59999999999917,3.900000000001569,9.936686882191783,121.63668688218938,False,momentum_spread1.5x
2018-05-31 21:00:00+00:00,2018-06-03 21:00:00+00:00,2018-07-01 21:00:00+00:00,NZD,NZD_USD,-1,-1,0.15119734871634738,0.004979135389618182,2018-06-03 21:00:00+00:00,2018-07-01 21:00:00+00:00,0.69846,0.67924,192.20000000000013,3.300000000001635,-4.094306301369861,184.80569369862863,False,momentum_spread1.5x
2018-05-31 21:00:00+00:00,2018-06-03 21:00:00+00:00,2018-07-01 21:00:00+00:00,CAD,CAD_JPY,1,1,0.11816421412280728,0.006371066531425437,2018-06-03 21:00:00+00:00,2018-07-01 21:00:00+00:00,84.559,84.151,-40.800000000000125,5.550000000000921,-0.9091768076712371,-47.25917680767228,False,momentum_spread1.5x
2018-05-31 21:00:00+00:00,2018-06-03 21:00:00+00:00,2018-07-01 21:00:00+00:00,CHF,CHF_JPY,-1,-1,0.19666771504360483,0.0038279392712885782,2018-06-03 21:00:00+00:00,2018-07-01 21:00:00+00:00,110.854,111.611,-75.7000000000005,7.949999999999591,-2.0949551683013676,-85.74495516830146,False,momentum_spread1.5x
2018-06-28 21:00:00+00:00,2018-07-01 21:00:00+00:00,2018-08-01 21:00:00+00:00,EUR,EUR_USD,1,1,0.1490767578253985,0.004731107644809264,2018-07-01 21:00:00+00:00,2018-08-01 21:00:00+00:00,1.16805,1.16584,-22.100000000000453,2.849999999998687,-35.28724989041096,-60.2372498904101,False,momentum_spread1.5x
2018-06-28 21:00:00+00:00,2018-07-01 21:00:00+00:00,2018-08-01 21:00:00+00:00,GBP,GBP_USD,1,1,0.16817036354732434,0.004193950549513121,2018-07-01 21:00:00+00:00,2018-08-01 21:00:00+00:00,1.3187,1.312,-66.99999999999928,4.350000000001852,-30.81485820821919,-102.16485820822032,False,momentum_spread1.5x
2018-06-28 21:00:00+00:00,2018-07-01 21:00:00+00:00,2018-08-01 21:00:00+00:00,JPY,USD_JPY,1,-1,0.20253188092578492,0.003482405759464453,2018-07-01 21:00:00+00:00,2018-08-01 21:00:00+00:00,110.675,111.725,-104.99999999999972,3.900000000001569,-43.010441326027404,-151.9104413260287,False,momentum_spread1.5x
2018-06-28 21:00:00+00:00,2018-07-01 21:00:00+00:00,2018-08-01 21:00:00+00:00,AUD,AUD_USD,-1,-1,0.13809402289202108,0.00510737665425687,2018-07-01 21:00:00+00:00,2018-08-01 21:00:00+00:00,0.74127,0.7404,8.700000000000374,2.700000000001035,-3.1458267123287667,2.8541732876705725,False,momentum_spread1.5x
2018-06-28 21:00:00+00:00,2018-07-01 21:00:00+00:00,2018-08-01 21:00:00+00:00,NZD,NZD_USD,-1,-1,0.15022643800199376,0.004694900564717921,2018-07-01 21:00:00+00:00,2018-08-01 21:00:00+00:00,0.67924,0.67918,0.5999999999994898,3.300000000001635,-4.084930027397261,-6.784930027399406,False,momentum_spread1.5x
2018-06-28 21:00:00+00:00,2018-07-01 21:00:00+00:00,2018-08-01 21:00:00+00:00,CHF,CHF_JPY,-1,-1,0.19190053680747732,0.003675332025353879,2018-07-01 21:00:00+00:00,2018-08-01 21:00:00+00:00,111.611,112.608,-99.69999999999999,7.949999999999591,-2.620641016500003,-110.27064101649958,False,momentum_spread1.5x
2018-07-31 21:00:00+00:00,2018-08-01 21:00:00+00:00,2018-09-02 21:00:00+00:00,EUR,EUR_USD,1,1,0.16079396988740297,0.004710513016434959,2018-08-01 21:00:00+00:00,2018-09-02 21:00:00+00:00,1.16584,1.15982,-60.19999999999914,2.849999999998687,-32.12635520547944,-95.17635520547728,False,momentum_spread1.5x
2018-07-31 21:00:00+00:00,2018-08-01 21:00:00+00:00,2018-09-02 21:00:00+00:00,GBP,GBP_USD,1,1,0.1941173302805855,0.0039018777304635917,2018-08-01 21:00:00+00:00,2018-09-02 21:00:00+00:00,1.312,1.29145,-205.50000000000068,4.350000000001852,-25.699698575342474,-235.549698575345,False,momentum_spread1.5x
2018-07-31 21:00:00+00:00,2018-08-01 21:00:00+00:00,2018-09-02 21:00:00+00:00,JPY,USD_JPY,1,-1,0.21586264273617414,0.0035088150432985234,2018-08-01 21:00:00+00:00,2018-09-02 21:00:00+00:00,111.725,111.106,61.89999999999998,3.900000000001569,-39.033813328767124,18.966186671231284,False,momentum_spread1.5x
2018-07-31 21:00:00+00:00,2018-08-01 21:00:00+00:00,2018-09-02 21:00:00+00:00,AUD,AUD_USD,-1,-1,0.13795860900666573,0.005490212561379668,2018-08-01 21:00:00+00:00,2018-09-02 21:00:00+00:00,0.7404,0.71943,209.69999999999933,2.700000000001035,-2.8312440410958915,204.1687559589024,False,momentum_spread1.5x
2018-07-31 21:00:00+00:00,2018-08-01 21:00:00+00:00,2018-09-02 21:00:00+00:00,NZD,NZD_USD,-1,-1,0.15533950998851456,0.004875913978194373,2018-08-01 21:00:00+00:00,2018-09-02 21:00:00+00:00,0.67918,0.66202,171.5999999999995,3.300000000001635,-3.2863840273972595,165.01361597260063,False,momentum_spread1.5x
2018-07-31 21:00:00+00:00,2018-08-01 21:00:00+00:00,2018-09-02 21:00:00+00:00,CAD,CAD_JPY,-1,-1,0.1359279381006571,0.005572232601350709,2018-08-01 21:00:00+00:00,2018-09-02 21:00:00+00:00,85.897,84.969,92.80000000000115,5.550000000000921,-22.327025102988824,64.9229748970114,False,momentum_spread1.5x
2018-08-30 21:00:00+00:00,2018-09-02 21:00:00+00:00,2018-10-01 21:00:00+00:00,EUR,EUR_USD,1,1,0.15896422276831668,0.004845078159973926,2018-09-02 21:00:00+00:00,2018-10-01 21:00:00+00:00,1.15982,1.15787,-19.500000000001183,2.849999999998687,-31.35808219178081,-53.708082191780676,False,momentum_spread1.5x
2018-08-30 21:00:00+00:00,2018-09-02 21:00:00+00:00,2018-10-01 21:00:00+00:00,GBP,GBP_USD,1,1,0.17369458905444668,0.004434185820898395,2018-09-02 21:00:00+00:00,2018-10-01 21:00:00+00:00,1.29145,1.30462,131.69999999999902,4.350000000001852,-25.08981486356165,102.26018513643552,False,momentum_spread1.5x
2018-08-30 21:00:00+00:00,2018-09-02 21:00:00+00:00,2018-10-01 21:00:00+00:00,JPY,USD_JPY,1,-1,0.2341184054033277,0.0032897630693543654,2018-09-02 21:00:00+00:00,2018-10-01 21:00:00+00:00,111.106,113.907,-280.1000000000002,3.900000000001569,-38.14908240684931,-322.14908240685105,False,momentum_spread1.5x
2018-08-30 21:00:00+00:00,2018-09-02 21:00:00+00:00,2018-10-01 21:00:00+00:00,AUD,AUD_USD,-1,-1,0.13346857439704188,0.005770602461526487,2018-09-02 21:00:00+00:00,2018-10-01 21:00:00+00:00,0.71943,0.72231,-28.799999999999937,2.700000000001035,-2.5528860410958907,-34.05288604109686,False,momentum_spread1.5x
2018-08-30 21:00:00+00:00,2018-09-02 21:00:00+00:00,2018-10-01 21:00:00+00:00,NZD,NZD_USD,-1,-1,0.14260524902811025,0.005400881729116303,2018-09-02 21:00:00+00:00,2018-10-01 21:00:00+00:00,0.66202,0.66122,8.00000000000023,3.300000000001635,-3.17230602739726,1.5276939726013343,False,momentum_spread1.5x
2018-08-30 21:00:00+00:00,2018-09-02 21:00:00+00:00,2018-10-01 21:00:00+00:00,CAD,CAD_JPY,-1,-1,0.15714895934875683,0.004901044761249281,2018-09-02 21:00:00+00:00,2018-10-01 21:00:00+00:00,84.969,88.918,-394.9000000000012,5.550000000000921,-21.60552383713118,-422.0555238371333,False,momentum_spread1.5x
2018-09-30 21:00:00+00:00,2018-10-01 21:00:00+00:00,2018-11-01 21:00:00+00:00,EUR,EUR_USD,1,1,0.1756687149754741,0.00421712872065666,2018-10-01 21:00:00+00:00,2018-11-01 21:00:00+00:00,1.15787,1.14072,-171.49999999999997,2.849999999998687,-38.17532926027396,-212.52532926027263,False,momentum_spread1.5x
2018-09-30 21:00:00+00:00,2018-10-01 21:00:00+00:00,2018-11-01 21:00:00+00:00,JPY,USD_JPY,1,-1,0.21552645382393595,0.00343724665858928,2018-10-01 21:00:00+00:00,2018-11-01 21:00:00+00:00,113.907,112.707,120.00000000000028,3.900000000001569,-46.97197607123287,69.12802392876584,False,momentum_spread1.5x
2018-09-30 21:00:00+00:00,2018-10-01 21:00:00+00:00,2018-11-01 21:00:00+00:00,AUD,AUD_USD,-1,-1,0.13342051261699006,0.0055525014011195105,2018-10-01 21:00:00+00:00,2018-11-01 21:00:00+00:00,0.72231,0.72077,15.399999999999858,2.700000000001035,-1.3898834383561636,11.31011656164266,False,momentum_spread1.5x
2018-09-30 21:00:00+00:00,2018-10-01 21:00:00+00:00,2018-11-01 21:00:00+00:00,NZD,NZD_USD,-1,-1,0.1353499790147839,0.0054733483421006155,2018-10-01 21:00:00+00:00,2018-11-01 21:00:00+00:00,0.66122,0.66507,-38.5000000000002,3.300000000001635,-2.278434575342464,-44.078434575344296,False,momentum_spread1.5x
2018-09-30 21:00:00+00:00,2018-10-01 21:00:00+00:00,2018-11-01 21:00:00+00:00,CAD,CAD_JPY,-1,-1,0.1462689245027699,0.005064764000708104,2018-10-01 21:00:00+00:00,2018-11-01 21:00:00+00:00,88.918,86.136,278.20000000000107,5.550000000000921,-25.355696603689715,247.29430339631043,False,momentum_spread1.5x
2018-09-30 21:00:00+00:00,2018-10-01 21:00:00+00:00,2018-11-01 21:00:00+00:00,CHF,CHF_JPY,1,1,0.19376541506604614,0.003823270437561875,2018-10-01 21:00:00+00:00,2018-11-01 21:00:00+00:00,115.773,112.472,-330.1000000000002,7.949999999999591,-41.77583800861157,-379.82583800861136,False,momentum_spread1.5x
2018-10-31 21:00:00+00:00,2018-11-01 21:00:00+00:00,2018-12-02 22:00:00+00:00,GBP,GBP_USD,-1,-1,0.14665061542573155,0.005542009564910928,2018-11-01 21:00:00+00:00,2018-12-02 22:00:00+00:00,1.30052,1.27684,236.79999999999922,4.350000000001852,6.034996283835621,238.484996283833,False,momentum_spread1.5x
2018-10-31 21:00:00+00:00,2018-11-01 21:00:00+00:00,2018-12-02 22:00:00+00:00,JPY,USD_JPY,1,-1,0.2336024720744824,0.0034791545918672583,2018-11-01 21:00:00+00:00,2018-12-02 22:00:00+00:00,112.707,113.655,-94.80000000000075,3.900000000001569,-41.542844523287684,-140.24284452329,False,momentum_spread1.5x
2018-10-31 21:00:00+00:00,2018-11-01 21:00:00+00:00,2018-12-02 22:00:00+00:00,AUD,AUD_USD,-1,-1,0.13828737012319703,0.005877175281194717,2018-11-01 21:00:00+00:00,2018-12-02 22:00:00+00:00,0.72077,0.73786,-170.89999999999938,2.700000000001035,-1.1668157260273961,-174.76681572602783,False,momentum_spread1.5x
2018-10-31 21:00:00+00:00,2018-11-01 21:00:00+00:00,2018-12-02 22:00:00+00:00,NZD,NZD_USD,-1,-1,0.1315126788027644,0.006179929728360111,2018-11-01 21:00:00+00:00,2018-12-02 22:00:00+00:00,0.66507,0.6918,-267.2999999999992,3.300000000001635,-2.3612583287671205,-272.961258328768,False,momentum_spread1.5x
2018-10-31 21:00:00+00:00,2018-11-01 21:00:00+00:00,2018-12-02 22:00:00+00:00,CAD,CAD_JPY,1,1,0.1428281270251972,0.005690329561250201,2018-11-01 21:00:00+00:00,2018-12-02 22:00:00+00:00,86.136,85.891,-24.499999999999034,5.550000000000921,3.5801072792563606,-26.469892720743594,False,momentum_spread1.5x
2018-10-31 21:00:00+00:00,2018-11-01 21:00:00+00:00,2018-12-02 22:00:00+00:00,CHF,CHF_JPY,1,1,0.2071187365486275,0.00392402506375208,2018-11-01 21:00:00+00:00,2018-12-02 22:00:00+00:00,112.472,113.862,139.00000000000006,7.949999999999591,-36.29211951558217,94.7578804844183,False,momentum_spread1.5x
2018-11-29 22:00:00+00:00,2018-12-02 22:00:00+00:00,2019-01-01 22:00:00+00:00,EUR,EUR_USD,-1,-1,0.17131052260149346,0.004349511080626414,2018-12-02 22:00:00+00:00,2019-01-01 22:00:00+00:00,1.13519,1.14657,-113.80000000000167,2.849999999998687,16.375190520547953,-100.27480947945241,False,momentum_spread1.5x
2018-11-29 22:00:00+00:00,2018-12-02 22:00:00+00:00,2019-01-01 22:00:00+00:00,GBP,GBP_USD,-1,-1,0.1237834398350964,0.006019521006006443,2018-12-02 22:00:00+00:00,2019-01-01 22:00:00+00:00,1.27684,1.27571,11.300000000000754,4.350000000001852,7.0218676460274025,13.971867646026304,False,momentum_spread1.5x
2018-11-29 22:00:00+00:00,2018-12-02 22:00:00+00:00,2019-01-01 22:00:00+00:00,JPY,USD_JPY,1,-1,0.2212868638118418,0.003367199495929698,2018-12-02 22:00:00+00:00,2019-01-01 22:00:00+00:00,113.655,109.59,406.4999999999998,3.900000000001569,-43.888513460273984,358.7114865397242,False,momentum_spread1.5x
2018-11-29 22:00:00+00:00,2018-12-02 22:00:00+00:00,2019-01-01 22:00:00+00:00,AUD,AUD_USD,-1,-1,0.1345161523731044,0.0055392382486259585,2018-12-02 22:00:00+00:00,2019-01-01 22:00:00+00:00,0.73786,0.70504,328.1999999999996,2.700000000001035,-0.7969427671232872,324.70305723287527,False,momentum_spread1.5x
2018-11-29 22:00:00+00:00,2018-12-02 22:00:00+00:00,2019-01-01 22:00:00+00:00,CAD,CAD_JPY,1,1,0.14181416067829486,0.005254179221025704,2018-12-02 22:00:00+00:00,2019-01-01 22:00:00+00:00,85.891,80.368,-552.300000000001,5.550000000000921,3.7012749799285856,-554.1487250200734,False,momentum_spread1.5x
2018-11-29 22:00:00+00:00,2018-12-02 22:00:00+00:00,2019-01-01 22:00:00+00:00,CHF,CHF_JPY,1,1,0.2072888607001691,0.003594583007337111,2018-12-02 22:00:00+00:00,2019-01-01 22:00:00+00:00,113.862,111.648,-221.39999999999986,7.949999999999591,-36.97076430327519,-266.32076430327464,False,momentum_spread1.5x
2018-12-30 22:00:00+00:00,2019-01-01 22:00:00+00:00,2019-02-03 22:00:00+00:00,EUR,EUR_USD,-1,-1,0.18135890505753555,0.004191903078957198,2019-01-01 22:00:00+00:00,2019-02-03 22:00:00+00:00,1.14657,1.14521,13.600000000000279,2.849999999998687,19.35107252054795,30.101072520549543,False,momentum_spread1.5x
2018-12-30 22:00:00+00:00,2019-01-01 22:00:00+00:00,2019-02-03 22:00:00+00:00,GBP,GBP_USD,-1,-1,0.12733178605736398,0.005970535528061278,2019-01-01 22:00:00+00:00,2019-02-03 22:00:00+00:00,1.27571,1.30718,-314.70000000000107,4.350000000001852,9.258976755068499,-309.7910232449344,False,momentum_spread1.5x
2018-12-30 22:00:00+00:00,2019-01-01 22:00:00+00:00,2019-02-03 22:00:00+00:00,JPY,USD_JPY,1,-1,0.19262941529478347,0.003946639984052203,2019-01-01 22:00:00+00:00,2019-02-03 22:00:00+00:00,109.59,109.522,6.799999999999784,3.900000000001569,-50.11137249863013,-47.21137249863192,False,momentum_spread1.5x
2018-12-30 22:00:00+00:00,2019-01-01 22:00:00+00:00,2019-02-03 22:00:00+00:00,AUD,AUD_USD,-1,-1,0.1366098671326169,0.005565036907392431,2019-01-01 22:00:00+00:00,2019-02-03 22:00:00+00:00,0.70504,0.72476,-197.1999999999996,2.700000000001035,-0.06291653424657494,-199.9629165342472,False,momentum_spread1.5x
2018-12-30 22:00:00+00:00,2019-01-01 22:00:00+00:00,2019-02-03 22:00:00+00:00,NZD,NZD_USD,1,1,0.12551756221466337,0.006056833315538818,2019-01-01 22:00:00+00:00,2019-02-03 22:00:00+00:00,0.67178,0.68964,178.59999999999985,3.300000000001635,-8.955904356164385,166.34409564383384,False,momentum_spread1.5x
2018-12-30 22:00:00+00:00,2019-01-01 22:00:00+00:00,2019-02-03 22:00:00+00:00,CHF,CHF_JPY,1,1,0.23655246424303672,0.003213828082238497,2019-01-01 22:00:00+00:00,2019-02-03 22:00:00+00:00,111.648,110.084,-156.3999999999993,7.949999999999591,-41.37831072315288,-205.72831072315176,False,momentum_spread1.5x
2019-01-31 22:00:00+00:00,2019-02-03 22:00:00+00:00,2019-03-03 22:00:00+00:00,EUR,EUR_USD,1,1,0.1830938122732552,0.004385574901144516,2019-02-03 22:00:00+00:00,2019-03-03 22:00:00+00:00,1.14521,1.13828,-69.30000000000102,2.849999999998687,-34.243025753424654,-106.39302575342435,False,momentum_spread1.5x
2019-01-31 22:00:00+00:00,2019-02-03 22:00:00+00:00,2019-03-03 22:00:00+00:00,GBP,GBP_USD,-1,-1,0.138275996516529,0.005807021087455838,2019-02-03 22:00:00+00:00,2019-03-03 22:00:00+00:00,1.30718,1.32488,-177.00000000000048,4.350000000001852,7.84842105424658,-173.50157894575574,False,momentum_spread1.5x
2019-01-31 22:00:00+00:00,2019-02-03 22:00:00+00:00,2019-03-03 22:00:00+00:00,JPY,USD_JPY,1,-1,0.19760867068293692,0.0040634432936843224,2019-02-03 22:00:00+00:00,2019-03-03 22:00:00+00:00,109.522,111.866,-234.3999999999994,3.900000000001569,-42.40404772876712,-280.7040477287681,False,momentum_spread1.5x
2019-01-31 22:00:00+00:00,2019-02-03 22:00:00+00:00,2019-03-03 22:00:00+00:00,AUD,AUD_USD,-1,-1,0.14297325969569233,0.005616236416302724,2019-02-03 22:00:00+00:00,2019-03-03 22:00:00+00:00,0.72476,0.71108,136.79999999999913,2.700000000001035,-0.05338372602739692,134.0466162739707,False,momentum_spread1.5x
2019-01-31 22:00:00+00:00,2019-02-03 22:00:00+00:00,2019-03-03 22:00:00+00:00,CAD,CAD_JPY,-1,-1,0.14202287465049332,0.005653819003709799,2019-02-03 22:00:00+00:00,2019-03-03 22:00:00+00:00,83.629,84.256,-62.699999999999534,5.550000000000921,-23.001952717130514,-91.25195271713096,False,momentum_spread1.5x
2019-01-31 22:00:00+00:00,2019-02-03 22:00:00+00:00,2019-03-03 22:00:00+00:00,CHF,CHF_JPY,1,1,0.19602538618109328,0.004096263465175108,2019-02-03 22:00:00+00:00,2019-03-03 22:00:00+00:00,110.084,112.087,200.3,7.949999999999591,-34.57251851663346,157.77748148336696,False,momentum_spread1.5x
2019-02-28 22:00:00+00:00,2019-03-03 22:00:00+00:00,2019-04-01 21:00:00+00:00,EUR,EUR_USD,-1,-1,0.21935161881984078,0.0037375615638038065,2019-03-03 22:00:00+00:00,2019-04-01 21:00:00+00:00,1.13828,1.12126,170.20000000000033,2.849999999998687,17.046253479452055,184.3962534794537,False,momentum_spread1.5x
2019-02-28 22:00:00+00:00,2019-03-03 22:00:00+00:00,2019-04-01 21:00:00+00:00,GBP,GBP_USD,1,1,0.1528947621718723,0.0053621207673391754,2019-03-03 22:00:00+00:00,2019-04-01 21:00:00+00:00,1.32488,1.30968,-152.00000000000102,4.350000000001852,-29.901996691506852,-186.2519966915097,False,momentum_spread1.5x
2019-02-28 22:00:00+00:00,2019-03-03 22:00:00+00:00,2019-04-01 21:00:00+00:00,JPY,USD_JPY,1,-1,0.19686294719792985,0.004164522532698331,2019-03-03 22:00:00+00:00,2019-04-01 21:00:00+00:00,111.866,111.352,51.39999999999958,3.900000000001569,-43.81393503835618,3.686064961641833,False,momentum_spread1.5x
2019-02-28 22:00:00+00:00,2019-03-03 22:00:00+00:00,2019-04-01 21:00:00+00:00,AUD,AUD_USD,-1,-1,0.1430423150923235,0.005731452115620702,2019-03-03 22:00:00+00:00,2019-04-01 21:00:00+00:00,0.71108,0.711,0.8000000000008001,2.700000000001035,-0.0305049863013696,-1.9305049863016044,False,momentum_spread1.5x
2019-02-28 22:00:00+00:00,2019-03-03 22:00:00+00:00,2019-04-01 21:00:00+00:00,NZD,NZD_USD,-1,-1,0.14749516281567968,0.005558420790271682,2019-03-03 22:00:00+00:00,2019-04-01 21:00:00+00:00,0.6827,0.68004,26.599999999999955,3.300000000001635,-0.9751324931506828,22.32486750684764,False,momentum_spread1.5x
2019-02-28 22:00:00+00:00,2019-03-03 22:00:00+00:00,2019-04-01 21:00:00+00:00,CAD,CAD_JPY,1,1,0.1403531939023539,0.005841264859491244,2019-03-03 22:00:00+00:00,2019-04-01 21:00:00+00:00,84.256,83.692,-56.400000000000716,5.550000000000921,3.31551333283754,-58.6344866671641,False,momentum_spread1.5x
2019-03-31 21:00:00+00:00,2019-04-01 21:00:00+00:00,2019-05-01 21:00:00+00:00,EUR,EUR_USD,-1,-1,0.19997016990892838,0.003521096233244722,2019-04-01 21:00:00+00:00,2019-05-01 21:00:00+00:00,1.12126,1.11964,16.199999999999548,2.849999999998687,19.01867684931507,32.36867684931593,False,momentum_spread1.5x
2019-03-31 21:00:00+00:00,2019-04-01 21:00:00+00:00,2019-05-01 21:00:00+00:00,JPY,USD_JPY,1,-1,0.20163037613173407,0.003492103846335166,2019-04-01 21:00:00+00:00,2019-05-01 21:00:00+00:00,111.352,111.382,-3.0000000000001137,3.900000000001569,-48.974939402739736,-55.87493940274142,False,momentum_spread1.5x
2019-03-31 21:00:00+00:00,2019-04-01 21:00:00+00:00,2019-05-01 21:00:00+00:00,AUD,AUD_USD,-1,-1,0.13257336866749297,0.005311128615835526,2019-04-01 21:00:00+00:00,2019-05-01 21:00:00+00:00,0.711,0.7014,95.99999999999942,2.700000000001035,0.09342152054794503,93.39342152054633,False,momentum_spread1.5x
2019-03-31 21:00:00+00:00,2019-04-01 21:00:00+00:00,2019-05-01 21:00:00+00:00,NZD,NZD_USD,-1,-1,0.13090995839429306,0.005378614588715126,2019-04-01 21:00:00+00:00,2019-05-01 21:00:00+00:00,0.68004,0.66217,178.69999999999942,3.300000000001635,-0.6313357808219179,174.76866421917586,False,momentum_spread1.5x
2019-03-31 21:00:00+00:00,2019-04-01 21:00:00+00:00,2019-05-01 21:00:00+00:00,CAD,CAD_JPY,1,1,0.13582048302013827,0.005184153349853976,2019-04-01 21:00:00+00:00,2019-05-01 21:00:00+00:00,83.692,82.904,-78.79999999999967,5.550000000000921,3.8906512195872374,-80.45934878041335,False,momentum_spread1.5x
2019-03-31 21:00:00+00:00,2019-04-01 21:00:00+00:00,2019-05-01 21:00:00+00:00,CHF,CHF_JPY,1,1,0.19909564387741321,0.003536562620431669,2019-04-01 21:00:00+00:00,2019-05-01 21:00:00+00:00,111.514,109.45,-206.3999999999993,7.949999999999591,-39.00140260628426,-253.35140260628316,False,momentum_spread1.5x
2019-04-30 21:00:00+00:00,2019-05-01 21:00:00+00:00,2019-06-02 21:00:00+00:00,EUR,EUR_USD,-1,-1,0.20546370684814075,0.0030227363986774143,2019-05-01 21:00:00+00:00,2019-06-02 21:00:00+00:00,1.11964,1.11664,29.999999999998916,2.849999999998687,17.494674054794526,44.644674054794756,False,momentum_spread1.5x
2019-04-30 21:00:00+00:00,2019-05-01 21:00:00+00:00,2019-06-02 21:00:00+00:00,GBP,GBP_USD,-1,-1,0.11933940320482671,0.005204170698181789,2019-05-01 21:00:00+00:00,2019-06-02 21:00:00+00:00,1.30525,1.26315,421.0000000000002,4.350000000001852,8.25855894794521,424.9085589479436,False,momentum_spread1.5x
2019-04-30 21:00:00+00:00,2019-05-01 21:00:00+00:00,2019-06-02 21:00:00+00:00,JPY,USD_JPY,1,-1,0.21856330715122463,0.0028415685752199286,2019-05-01 21:00:00+00:00,2019-06-02 21:00:00+00:00,111.382,108.312,307.00000000000074,3.900000000001569,-45.222046671232896,257.8779533287663,False,momentum_spread1.5x
2019-04-30 21:00:00+00:00,2019-05-01 21:00:00+00:00,2019-06-02 21:00:00+00:00,AUD,AUD_USD,-1,-1,0.13084400668994173,0.0047465882542773235,2019-05-01 21:00:00+00:00,2019-06-02 21:00:00+00:00,0.7014,0.69302,83.80000000000054,2.700000000001035,-0.11630026027397253,80.98369973972552,False,momentum_spread1.5x
2019-04-30 21:00:00+00:00,2019-05-01 21:00:00+00:00,2019-06-02 21:00:00+00:00,NZD,NZD_USD,1,1,0.12108987947068998,0.005128939164956311,2019-05-01 21:00:00+00:00,2019-06-02 21:00:00+00:00,0.66217,0.65294,-92.30000000000071,3.300000000001635,-9.470036712328767,-105.0700367123311,False,momentum_spread1.5x
2019-04-30 21:00:00+00:00,2019-05-01 21:00:00+00:00,2019-06-02 21:00:00+00:00,CHF,CHF_JPY,1,1,0.20469969663517626,0.003034018298541707,2019-05-01 21:00:00+00:00,2019-06-02 21:00:00+00:00,109.45,108.162,-128.79999999999967,7.949999999999591,-37.25006561249999,-174.00006561249924,False,momentum_spread1.5x
2019-05-30 21:00:00+00:00,2019-06-02 21:00:00+00:00,2019-07-01 21:00:00+00:00,EUR,EUR_USD,-1,-1,0.20933443844885238,0.002833234728747469,2019-06-02 21:00:00+00:00,2019-07-01 21:00:00+00:00,1.11664,1.12857,-119.29999999999995,2.849999999998687,16.78598139726028,-105.36401860273835,False,momentum_spread1.5x
2019-05-30 21:00:00+00:00,2019-06-02 21:00:00+00:00,2019-07-01 21:00:00+00:00,GBP,GBP_USD,1,1,0.12133523176450604,0.004888057593092549,2019-06-02 21:00:00+00:00,2019-07-01 21:00:00+00:00,1.26315,1.26405,8.999999999999009,4.350000000001852,-29.564069792876726,-24.91406979287957,False,momentum_spread1.5x
2019-05-30 21:00:00+00:00,2019-06-02 21:00:00+00:00,2019-07-01 21:00:00+00:00,JPY,USD_JPY,1,-1,0.1833669726205854,0.0032344625232120744,2019-06-02 21:00:00+00:00,2019-07-01 21:00:00+00:00,108.312,108.442,-12.999999999999545,3.900000000001569,-43.7082822739726,-60.608282273973714,False,momentum_spread1.5x
2019-05-30 21:00:00+00:00,2019-06-02 21:00:00+00:00,2019-07-01 21:00:00+00:00,AUD,AUD_USD,-1,-1,0.14996489891956058,0.003954882810638685,2019-06-02 21:00:00+00:00,2019-07-01 21:00:00+00:00,0.69302,0.69658,-35.60000000000007,2.700000000001035,1.0772073287671229,-37.22279267123398,False,momentum_spread1.5x
2019-05-30 21:00:00+00:00,2019-06-02 21:00:00+00:00,2019-07-01 21:00:00+00:00,NZD,NZD_USD,-1,-1,0.13948095345516703,0.004252147596100098,2019-06-02 21:00:00+00:00,2019-07-01 21:00:00+00:00,0.65294,0.6671,-141.60000000000062,3.300000000001635,0.17189835616438412,-144.72810164383787,False,momentum_spread1.5x
2019-05-30 21:00:00+00:00,2019-06-02 21:00:00+00:00,2019-07-01 21:00:00+00:00,CHF,CHF_JPY,1,1,0.1965175047913285,0.0030180191915519824,2019-06-02 21:00:00+00:00,2019-07-01 21:00:00+00:00,108.162,109.799,163.70000000000005,7.949999999999591,-35.9129344723767,119.83706552762376,False,momentum_spread1.5x
2019-06-30 21:00:00+00:00,2019-07-01 21:00:00+00:00,2019-08-01 21:00:00+00:00,EUR,EUR_USD,-1,-1,0.18938566124802142,0.002988360686281967,2019-07-01 21:00:00+00:00,2019-08-01 21:00:00+00:00,1.12857,1.10831,202.60000000000167,2.849999999998687,19.31344282191781,219.0634428219208,False,momentum_spread1.5x
2019-06-30 21:00:00+00:00,2019-07-01 21:00:00+00:00,2019-08-01 21:00:00+00:00,GBP,GBP_USD,-1,-1,0.1617207993810143,0.0034995663315126,2019-07-01 21:00:00+00:00,2019-08-01 21:00:00+00:00,1.26405,1.21307,509.799999999998,4.350000000001852,9.16998872657535,514.6199887265715,False,momentum_spread1.5x
2019-06-30 21:00:00+00:00,2019-07-01 21:00:00+00:00,2019-08-01 21:00:00+00:00,JPY,USD_JPY,1,-1,0.1841259074883591,0.003073726410037557,2019-07-01 21:00:00+00:00,2019-08-01 21:00:00+00:00,108.442,107.358,108.3999999999989,3.900000000001569,-50.15310090136989,54.34689909862744,False,momentum_spread1.5x
2019-06-30 21:00:00+00:00,2019-07-01 21:00:00+00:00,2019-08-01 21:00:00+00:00,AUD,AUD_USD,-1,-1,0.1429089067015894,0.003960233673894638,2019-07-01 21:00:00+00:00,2019-08-01 21:00:00+00:00,0.69658,0.68001,165.69999999999973,2.700000000001035,2.938011493150684,165.9380114931494,False,momentum_spread1.5x
2019-06-30 21:00:00+00:00,2019-07-01 21:00:00+00:00,2019-08-01 21:00:00+00:00,CAD,CAD_JPY,1,1,0.13553702622568337,0.004175631415114058,2019-07-01 21:00:00+00:00,2019-08-01 21:00:00+00:00,82.561,81.25,-131.1000000000007,5.550000000000921,4.061524186970311,-132.58847581303132,False,momentum_spread1.5x
2019-06-30 21:00:00+00:00,2019-07-01 21:00:00+00:00,2019-08-01 21:00:00+00:00,CHF,CHF_JPY,1,1,0.18632169895533238,0.003037502705225865,2019-07-01 21:00:00+00:00,2019-08-01 21:00:00+00:00,109.799,108.406,-139.30000000000007,7.949999999999591,-41.749392400513685,-188.99939240051333,False,momentum_spread1.5x
2019-07-31 21:00:00+00:00,2019-08-01 21:00:00+00:00,2019-09-01 21:00:00+00:00,EUR,EUR_USD,-1,-1,0.19411623649543847,0.0030647529968267817,2019-08-01 21:00:00+00:00,2019-09-01 21:00:00+00:00,1.10831,1.09899,93.19999999999995,2.849999999998687,14.487433972602744,104.837433972604,False,momentum_spread1.5x
2019-07-31 21:00:00+00:00,2019-08-01 21:00:00+00:00,2019-09-01 21:00:00+00:00,GBP,GBP_USD,-1,-1,0.1547337699143588,0.003844786550869946,2019-08-01 21:00:00+00:00,2019-09-01 21:00:00+00:00,1.21307,1.21525,-21.799999999998487,4.350000000001852,5.137920597260277,-21.012079402740063,False,momentum_spread1.5x
2019-07-31 21:00:00+00:00,2019-08-01 21:00:00+00:00,2019-09-01 21:00:00+00:00,JPY,USD_JPY,1,-1,0.1612004888925976,0.0036905490896402,2019-08-01 21:00:00+00:00,2019-09-01 21:00:00+00:00,107.358,106.059,129.90000000000066,3.900000000001569,-40.23150727123288,85.7684927287662,False,momentum_spread1.5x
2019-07-31 21:00:00+00:00,2019-08-01 21:00:00+00:00,2019-09-01 21:00:00+00:00,AUD,AUD_USD,-1,-1,0.14604807589225238,0.0040734416656816146,2019-08-01 21:00:00+00:00,2019-09-01 21:00:00+00:00,0.68001,0.67274,72.69999999999999,2.700000000001035,1.17825509589041,71.17825509588936,False,momentum_spread1.5x
2019-07-31 21:00:00+00:00,2019-08-01 21:00:00+00:00,2019-09-01 21:00:00+00:00,CAD,CAD_JPY,1,1,0.13948727501915487,0.004265036487740083,2019-08-01 21:00:00+00:00,2019-09-01 21:00:00+00:00,81.25,79.666,-158.40000000000032,5.550000000000921,3.3515897933463377,-160.5984102066549,False,momentum_spread1.5x
2019-07-31 21:00:00+00:00,2019-08-01 21:00:00+00:00,2019-09-01 21:00:00+00:00,CHF,CHF_JPY,1,1,0.20441415378619787,0.0029103577541620333,2019-08-01 21:00:00+00:00,2019-09-01 21:00:00+00:00,108.406,107.2,-120.6000000000003,7.949999999999591,-36.58803895188356,-165.13803895188346,False,momentum_spread1.5x
2019-08-29 21:00:00+00:00,2019-09-01 21:00:00+00:00,2019-10-01 21:00:00+00:00,EUR,EUR_USD,-1,-1,0.21026244680487058,0.003323062936229726,2019-09-01 21:00:00+00:00,2019-10-01 21:00:00+00:00,1.09899,1.09336,56.299999999998015,2.849999999998687,14.857459342465758,68.30745934246508,False,momentum_spread1.5x
2019-08-29 21:00:00+00:00,2019-09-01 21:00:00+00:00,2019-10-01 21:00:00+00:00,GBP,GBP_USD,-1,-1,0.15896134849709437,0.00439550463344875,2019-09-01 21:00:00+00:00,2019-10-01 21:00:00+00:00,1.21525,1.23044,-151.90000000000035,4.350000000001852,4.652414542465757,-151.59758545753644,False,momentum_spread1.5x
2019-08-29 21:00:00+00:00,2019-09-01 21:00:00+00:00,2019-10-01 21:00:00+00:00,JPY,USD_JPY,1,-1,0.16317052982056499,0.004282117270971673,2019-09-01 21:00:00+00:00,2019-10-01 21:00:00+00:00,106.059,107.744,-168.50000000000023,3.900000000001569,-40.98350635890412,-213.38350635890592,False,momentum_spread1.5x
2019-08-29 21:00:00+00:00,2019-09-01 21:00:00+00:00,2019-10-01 21:00:00+00:00,AUD,AUD_USD,-1,-1,0.16974507044113932,0.004116262946796596,2019-09-01 21:00:00+00:00,2019-10-01 21:00:00+00:00,0.67274,0.67043,23.100000000000342,2.700000000001035,0.9189627123287667,21.318962712328076,False,momentum_spread1.5x
2019-08-29 21:00:00+00:00,2019-09-01 21:00:00+00:00,2019-10-01 21:00:00+00:00,NZD,NZD_USD,1,1,0.1529907562414211,0.004567042879085186,2019-09-01 21:00:00+00:00,2019-10-01 21:00:00+00:00,0.63027,0.62432,-59.50000000000011,3.300000000001635,-12.092268,-74.89226800000175,False,momentum_spread1.5x
2019-08-29 21:00:00+00:00,2019-09-01 21:00:00+00:00,2019-10-01 21:00:00+00:00,CAD,CAD_JPY,1,1,0.14486984819490964,0.004823055677660266,2019-09-01 21:00:00+00:00,2019-10-01 21:00:00+00:00,79.666,81.466,179.99999999999972,5.550000000000921,3.5754741959850493,178.02547419598383,False,momentum_spread1.5x
2019-09-30 21:00:00+00:00,2019-10-01 21:00:00+00:00,2019-11-03 22:00:00+00:00,EUR,EUR_USD,-1,-1,0.20136207488776586,0.003271186952948542,2019-10-01 21:00:00+00:00,2019-11-03 22:00:00+00:00,1.09336,1.11692,-235.59999999999803,2.849999999998687,14.443532657534254,-224.00646734246246,False,momentum_spread1.5x
2019-09-30 21:00:00+00:00,2019-10-01 21:00:00+00:00,2019-11-03 22:00:00+00:00,GBP,GBP_USD,-1,-1,0.12285382496052381,0.005361599383683515,2019-10-01 21:00:00+00:00,2019-11-03 22:00:00+00:00,1.23044,1.29306,-626.2000000000012,4.350000000001852,2.2359710608219237,-628.3140289391811,False,momentum_spread1.5x
2019-09-30 21:00:00+00:00,2019-10-01 21:00:00+00:00,2019-11-03 22:00:00+00:00,JPY,USD_JPY,1,-1,0.15682698686481558,0.004200125280474198,2019-10-01 21:00:00+00:00,2019-11-03 22:00:00+00:00,107.744,108.239,-49.500000000000455,3.900000000001569,-41.08294425479453,-94.48294425479656,False,momentum_spread1.5x
2019-09-30 21:00:00+00:00,2019-10-01 21:00:00+00:00,2019-11-03 22:00:00+00:00,AUD,AUD_USD,-1,-1,0.1617558999771828,0.00407214198854213,2019-10-01 21:00:00+00:00,2019-11-03 22:00:00+00:00,0.67043,0.69136,-209.30000000000004,2.700000000001035,0.9818792465753432,-211.01812075342573,False,momentum_spread1.5x
2019-09-30 21:00:00+00:00,2019-10-01 21:00:00+00:00,2019-11-03 22:00:00+00:00,CAD,CAD_JPY,1,1,0.13026273917318437,0.005056649325604725,2019-10-01 21:00:00+00:00,2019-11-03 22:00:00+00:00,81.466,82.384,91.80000000000064,5.550000000000921,3.575802055576537,89.82580205557625,False,momentum_spread1.5x
2019-09-30 21:00:00+00:00,2019-10-01 21:00:00+00:00,2019-11-03 22:00:00+00:00,CHF,CHF_JPY,1,1,0.22693847413652757,0.002902517938827919,2019-10-01 21:00:00+00:00,2019-11-03 22:00:00+00:00,108.456,109.764,130.79999999999927,7.949999999999591,-41.104631342388736,81.74536865761095,False,momentum_spread1.5x
2019-10-31 21:00:00+00:00,2019-11-03 22:00:00+00:00,2019-12-01 22:00:00+00:00,GBP,GBP_USD,-1,-1,0.11172393282838544,0.00602447733726583,2019-11-03 22:00:00+00:00,2019-12-01 22:00:00+00:00,1.29306,1.29098,20.800000000000818,4.350000000001852,-0.9233609293150646,15.5266390706839,False,momentum_spread1.5x
2019-10-31 21:00:00+00:00,2019-11-03 22:00:00+00:00,2019-12-01 22:00:00+00:00,JPY,USD_JPY,1,-1,0.21455486607364088,0.0031370917550003256,2019-11-03 22:00:00+00:00,2019-12-01 22:00:00+00:00,108.239,109.538,-129.89999999999924,3.900000000001569,-31.70914689041096,-165.50914689041176,False,momentum_spread1.5x
2019-10-31 21:00:00+00:00,2019-11-03 22:00:00+00:00,2019-12-01 22:00:00+00:00,AUD,AUD_USD,-1,-1,0.1742384431900287,0.0038629724246373245,2019-11-03 22:00:00+00:00,2019-12-01 22:00:00+00:00,0.69136,0.67691,144.49999999999963,2.700000000001035,-0.5815013013698628,141.21849869862874,False,momentum_spread1.5x
2019-10-31 21:00:00+00:00,2019-11-03 22:00:00+00:00,2019-12-01 22:00:00+00:00,NZD,NZD_USD,-1,-1,0.168337209122212,0.003998392897592631,2019-11-03 22:00:00+00:00,2019-12-01 22:00:00+00:00,0.64343,0.64325,1.7999999999995797,3.300000000001635,-1.609593698630136,-3.1095936986321915,False,momentum_spread1.5x
2019-10-31 21:00:00+00:00,2019-11-03 22:00:00+00:00,2019-12-01 22:00:00+00:00,CAD,CAD_JPY,1,1,0.12471782673518388,0.00539680909276891,2019-11-03 22:00:00+00:00,2019-12-01 22:00:00+00:00,82.384,82.518,13.400000000000034,5.550000000000921,3.22420872526027,11.074208725259384,False,momentum_spread1.5x
2019-10-31 21:00:00+00:00,2019-11-03 22:00:00+00:00,2019-12-01 22:00:00+00:00,CHF,CHF_JPY,1,1,0.2064277220505491,0.0032606003431554483,2019-11-03 22:00:00+00:00,2019-12-01 22:00:00+00:00,109.764,109.518,-24.59999999999951,7.949999999999591,-33.78418896322375,-66.33418896322286,False,momentum_spread1.5x
2019-11-28 22:00:00+00:00,2019-12-01 22:00:00+00:00,2020-01-01 22:00:00+00:00,EUR,EUR_USD,-1,-1,0.22248030701111887,0.0026642602125711633,2019-12-01 22:00:00+00:00,2020-01-01 22:00:00+00:00,1.10242,1.12121,-187.90000000000083,2.849999999998687,11.596218794520546,-179.15378120547896,False,momentum_spread1.5x
2019-11-28 22:00:00+00:00,2019-12-01 22:00:00+00:00,2020-01-01 22:00:00+00:00,GBP,GBP_USD,1,1,0.11059143720273487,0.005359776896322702,2019-12-01 22:00:00+00:00,2020-01-01 22:00:00+00:00,1.29098,1.32604,350.6000000000009,4.350000000001852,-23.62364164493151,322.6263583550675,False,momentum_spread1.5x
2019-11-28 22:00:00+00:00,2019-12-01 22:00:00+00:00,2020-01-01 22:00:00+00:00,JPY,USD_JPY,1,-1,0.22367557485315073,0.0026500230543254227,2019-12-01 22:00:00+00:00,2020-01-01 22:00:00+00:00,109.538,108.651,88.70000000000005,3.900000000001569,-37.28344000958904,47.516559990409434,False,momentum_spread1.5x
2019-11-28 22:00:00+00:00,2019-12-01 22:00:00+00:00,2020-01-01 22:00:00+00:00,AUD,AUD_USD,-1,-1,0.16419780813637597,0.0036099472750454205,2019-12-01 22:00:00+00:00,2020-01-01 22:00:00+00:00,0.67691,0.70164,-247.3000000000003,2.700000000001035,-0.6882687534246574,-250.688268753426,False,momentum_spread1.5x
2019-11-28 22:00:00+00:00,2019-12-01 22:00:00+00:00,2020-01-01 22:00:00+00:00,NZD,NZD_USD,-1,-1,0.1409956791087823,0.004203997128117811,2019-12-01 22:00:00+00:00,2020-01-01 22:00:00+00:00,0.64325,0.67303,-297.8000000000003,3.300000000001635,-2.1831091232876707,-303.28310912328965,False,momentum_spread1.5x
2019-11-28 22:00:00+00:00,2019-12-01 22:00:00+00:00,2020-01-01 22:00:00+00:00,CAD,CAD_JPY,1,1,0.1380591936878372,0.004293415123013001,2019-12-01 22:00:00+00:00,2020-01-01 22:00:00+00:00,82.518,83.64,112.19999999999999,5.550000000000921,3.7390440280572763,110.38904402805635,False,momentum_spread1.5x
2019-12-30 22:00:00+00:00,2020-01-01 22:00:00+00:00,2020-02-02 22:00:00+00:00,EUR,EUR_USD,-1,-1,0.23810120268997773,0.0023960312311622797,2020-01-01 22:00:00+00:00,2020-02-02 22:00:00+00:00,1.12121,1.10956,116.49999999999937,2.849999999998687,10.542587232876711,124.1925872328774,False,momentum_spread1.5x
2019-12-30 22:00:00+00:00,2020-01-01 22:00:00+00:00,2020-02-02 22:00:00+00:00,GBP,GBP_USD,1,1,0.10114239884529014,0.0056405416950327065,2020-01-01 22:00:00+00:00,2020-02-02 22:00:00+00:00,1.32604,1.31766,-83.80000000000054,4.350000000001852,-21.464690750684937,-109.61469075068733,False,momentum_spread1.5x
2019-12-30 22:00:00+00:00,2020-01-01 22:00:00+00:00,2020-02-02 22:00:00+00:00,JPY,USD_JPY,1,-1,0.21997041010510632,0.002593521181098364,2020-01-01 22:00:00+00:00,2020-02-02 22:00:00+00:00,108.651,108.432,21.89999999999941,3.900000000001569,-33.82220217808219,-15.822202178084353,False,momentum_spread1.5x
2019-12-30 22:00:00+00:00,2020-01-01 22:00:00+00:00,2020-02-02 22:00:00+00:00,AUD,AUD_USD,-1,-1,0.15316926625827468,0.0037246239520434257,2020-01-01 22:00:00+00:00,2020-02-02 22:00:00+00:00,0.70164,0.66846,331.79999999999984,2.700000000001035,-0.6253522191780819,328.47464778082076,False,momentum_spread1.5x
2019-12-30 22:00:00+00:00,2020-01-01 22:00:00+00:00,2020-02-02 22:00:00+00:00,NZD,NZD_USD,-1,-1,0.14274842846240024,0.0039965267846907,2020-01-01 22:00:00+00:00,2020-02-02 22:00:00+00:00,0.67303,0.64701,260.20000000000044,3.300000000001635,-2.0893463835616433,254.81065361643715,False,momentum_spread1.5x
2019-12-30 22:00:00+00:00,2020-01-01 22:00:00+00:00,2020-02-02 22:00:00+00:00,CAD,CAD_JPY,1,1,0.14486829363895093,0.003938045403118466,2020-01-01 22:00:00+00:00,2020-02-02 22:00:00+00:00,83.64,81.91,-173.0000000000004,5.550000000000921,3.3525631983810333,-175.19743680162028,False,momentum_spread1.5x
2020-01-30 22:00:00+00:00,2020-02-02 22:00:00+00:00,2020-03-01 22:00:00+00:00,EUR,EUR_USD,-1,-1,0.22965426452708915,0.002514545806618665,2020-02-02 22:00:00+00:00,2020-03-01 22:00:00+00:00,1.10956,1.10446,51.000000000001044,2.849999999998687,10.131796356164386,58.281796356166744,False,momentum_spread1.5x
2020-01-30 22:00:00+00:00,2020-02-02 22:00:00+00:00,2020-03-01 22:00:00+00:00,GBP,GBP_USD,1,1,0.1215248389112783,0.004751918809456592,2020-02-02 22:00:00+00:00,2020-03-01 22:00:00+00:00,1.31766,1.27793,-397.3000000000004,4.350000000001852,-20.384866546849317,-422.03486654685156,False,momentum_spread1.5x
2020-01-30 22:00:00+00:00,2020-02-02 22:00:00+00:00,2020-03-01 22:00:00+00:00,AUD,AUD_USD,-1,-1,0.1513952030695578,0.0038143623848727022,2020-02-02 22:00:00+00:00,2020-03-01 22:00:00+00:00,0.66846,0.64661,218.50000000000034,2.700000000001035,-0.40609763013698563,215.3939023698623,False,momentum_spread1.5x
2020-01-30 22:00:00+00:00,2020-02-02 22:00:00+00:00,2020-03-01 22:00:00+00:00,NZD,NZD_USD,-1,-1,0.14297273365223354,0.004039065023708206,2020-02-02 22:00:00+00:00,2020-03-01 22:00:00+00:00,0.64701,0.61993,270.7999999999999,3.300000000001635,-1.4705123013698613,266.0294876986284,False,momentum_spread1.5x
2020-01-30 22:00:00+00:00,2020-02-02 22:00:00+00:00,2020-03-01 22:00:00+00:00,CAD,CAD_JPY,1,1,0.15135962192753605,0.0038152590531387192,2020-02-02 22:00:00+00:00,2020-03-01 22:00:00+00:00,81.91,79.936,-197.39999999999895,5.550000000000921,2.988571613727478,-199.9614283862724,False,momentum_spread1.5x
2020-01-30 22:00:00+00:00,2020-02-02 22:00:00+00:00,2020-03-01 22:00:00+00:00,CHF,CHF_JPY,1,1,0.20309333791230522,0.0028434028106231494,2020-02-02 22:00:00+00:00,2020-03-01 22:00:00+00:00,112.526,111.514,-101.20000000000005,7.949999999999591,-34.36803920612329,-143.51803920612292,False,momentum_spread1.5x
2020-02-27 22:00:00+00:00,2020-03-01 22:00:00+00:00,2020-04-01 21:00:00+00:00,EUR,EUR_USD,-1,-1,0.22069744660629226,0.003045697785151152,2020-03-01 22:00:00+00:00,2020-04-01 21:00:00+00:00,1.10446,1.09632,81.40000000000036,2.849999999998687,1.508323753424659,80.05832375342634,False,momentum_spread1.5x
2020-02-27 22:00:00+00:00,2020-03-01 22:00:00+00:00,2020-04-01 21:00:00+00:00,JPY,USD_JPY,1,-1,0.16762075732004938,0.00401011029340397,2020-03-01 22:00:00+00:00,2020-04-01 21:00:00+00:00,107.413,107.172,24.099999999999966,3.900000000001569,-23.127745258904124,-2.927745258905727,False,momentum_spread1.5x
2020-02-27 22:00:00+00:00,2020-03-01 22:00:00+00:00,2020-04-01 21:00:00+00:00,AUD,AUD_USD,-1,-1,0.15337399640261007,0.004382605526903126,2020-03-01 22:00:00+00:00,2020-04-01 21:00:00+00:00,0.64661,0.60725,393.6000000000006,2.700000000001035,-4.705394136986301,386.1946058630133,False,momentum_spread1.5x
2020-02-27 22:00:00+00:00,2020-03-01 22:00:00+00:00,2020-04-01 21:00:00+00:00,NZD,NZD_USD,-1,-1,0.15693709916033718,0.0042831027711972575,2020-03-01 22:00:00+00:00,2020-04-01 21:00:00+00:00,0.61993,0.59134,285.90000000000003,3.300000000001635,-4.416225041095888,278.18377495890246,False,momentum_spread1.5x
2020-02-27 22:00:00+00:00,2020-03-01 22:00:00+00:00,2020-04-01 21:00:00+00:00,CAD,CAD_JPY,1,1,0.12954549606064875,0.005188738665237798,2020-03-01 22:00:00+00:00,2020-04-01 21:00:00+00:00,79.936,75.519,-441.70000000000016,5.550000000000921,-5.042926565902871,-452.29292656590394,False,momentum_spread1.5x
2020-02-27 22:00:00+00:00,2020-03-01 22:00:00+00:00,2020-04-01 21:00:00+00:00,CHF,CHF_JPY,1,1,0.17182520445006236,0.003911985592967266,2020-03-01 22:00:00+00:00,2020-04-01 21:00:00+00:00,111.514,110.984,-53.000000000000114,7.949999999999591,-39.121280314554824,-100.07128031455453,False,momentum_spread1.5x
2020-03-31 21:00:00+00:00,2020-04-01 21:00:00+00:00,2020-05-03 21:00:00+00:00,GBP,GBP_USD,-1,-1,0.15107170748152976,0.009890116365106857,2020-04-01 21:00:00+00:00,2020-05-03 21:00:00+00:00,1.23728,1.24903,-117.50000000000149,4.350000000001852,-10.444529309589038,-132.29452930959238,False,momentum_spread1.5x
2020-03-31 21:00:00+00:00,2020-04-01 21:00:00+00:00,2020-05-03 21:00:00+00:00,JPY,USD_JPY,1,-1,0.15459231972876092,0.009664883540716691,2020-04-01 21:00:00+00:00,2020-05-03 21:00:00+00:00,107.172,106.867,30.49999999999926,3.900000000001569,-13.868479042465761,12.73152095753193,False,momentum_spread1.5x
2020-03-31 21:00:00+00:00,2020-04-01 21:00:00+00:00,2020-05-03 21:00:00+00:00,AUD,AUD_USD,-1,-1,0.15541052141734893,0.00961400008726128,2020-04-01 21:00:00+00:00,2020-05-03 21:00:00+00:00,0.60725,0.64134,-340.9000000000006,2.700000000001035,-6.360289643835617,-349.96028964383726,False,momentum_spread1.5x
2020-03-31 21:00:00+00:00,2020-04-01 21:00:00+00:00,2020-05-03 21:00:00+00:00,NZD,NZD_USD,-1,-1,0.1788692273656627,0.008353123611437578,2020-04-01 21:00:00+00:00,2020-05-03 21:00:00+00:00,0.59134,0.6056,-142.6000000000005,3.300000000001635,-4.8834760273972595,-150.7834760273994,False,momentum_spread1.5x
2020-03-31 21:00:00+00:00,2020-04-01 21:00:00+00:00,2020-05-03 21:00:00+00:00,CAD,CAD_JPY,1,1,0.11830097190925483,0.012629792827178177,2020-04-01 21:00:00+00:00,2020-05-03 21:00:00+00:00,75.519,75.866,34.69999999999942,5.550000000000921,-10.804592762027395,18.345407237971102,False,momentum_spread1.5x
2020-03-31 21:00:00+00:00,2020-04-01 21:00:00+00:00,2020-05-03 21:00:00+00:00,CHF,CHF_JPY,1,1,0.2417552520974429,0.006180286688727195,2020-04-01 21:00:00+00:00,2020-05-03 21:00:00+00:00,110.984,111.138,15.400000000001057,7.949999999999591,-34.98717302319027,-27.537173023188807,False,momentum_spread1.5x
2020-04-30 21:00:00+00:00,2020-05-03 21:00:00+00:00,2020-06-01 21:00:00+00:00,EUR,EUR_USD,1,1,0.21168583450030434,0.00673949397484084,2020-05-03 21:00:00+00:00,2020-06-01 21:00:00+00:00,1.09715,1.1136,164.49999999999852,2.849999999998687,-15.004842328767122,146.6451576712327,False,momentum_spread1.5x
2020-04-30 21:00:00+00:00,2020-05-03 21:00:00+00:00,2020-06-01 21:00:00+00:00,GBP,GBP_USD,-1,-1,0.14124083551247235,0.010100870622844586,2020-05-03 21:00:00+00:00,2020-06-01 21:00:00+00:00,1.24903,1.24883,1.9999999999997797,4.350000000001852,-10.089494976438353,-12.439494976440425,False,momentum_spread1.5x
2020-04-30 21:00:00+00:00,2020-05-03 21:00:00+00:00,2020-06-01 21:00:00+00:00,JPY,USD_JPY,1,-1,0.14668901550093,0.009725713962303548,2020-05-03 21:00:00+00:00,2020-06-01 21:00:00+00:00,106.867,107.577,-70.99999999999937,3.900000000001569,-13.569277516438364,-88.4692775164393,False,momentum_spread1.5x
2020-04-30 21:00:00+00:00,2020-05-03 21:00:00+00:00,2020-06-01 21:00:00+00:00,AUD,AUD_USD,-1,-1,0.12729927475044556,0.011207097675699546,2020-05-03 21:00:00+00:00,2020-06-01 21:00:00+00:00,0.64134,0.67979,-384.49999999999983,2.700000000001035,-6.13722193150685,-393.3372219315077,False,momentum_spread1.5x
2020-04-30 21:00:00+00:00,2020-05-03 21:00:00+00:00,2020-06-01 21:00:00+00:00,NZD,NZD_USD,-1,-1,0.14877852480028134,0.009589121871513936,2020-05-03 21:00:00+00:00,2020-06-01 21:00:00+00:00,0.6056,0.62938,-237.8000000000002,3.300000000001635,-4.3083978904109586,-245.4083978904128,False,momentum_spread1.5x
2020-04-30 21:00:00+00:00,2020-05-03 21:00:00+00:00,2020-06-01 21:00:00+00:00,CHF,CHF_JPY,1,1,0.22430651493556647,0.0063602941117594045,2020-05-03 21:00:00+00:00,2020-06-01 21:00:00+00:00,111.138,111.96,82.19999999999885,7.949999999999591,-34.25106602510649,39.99893397489277,False,momentum_spread1.5x
2020-05-31 21:00:00+00:00,2020-06-01 21:00:00+00:00,2020-07-01 21:00:00+00:00,GBP,GBP_USD,1,1,0.1543115410922411,0.010361570380378125,2020-06-01 21:00:00+00:00,2020-07-01 21:00:00+00:00,1.24883,1.24711,-17.20000000000166,4.350000000001852,-13.199193379726033,-34.74919337972955,False,momentum_spread1.5x
2020-05-31 21:00:00+00:00,2020-06-01 21:00:00+00:00,2020-07-01 21:00:00+00:00,JPY,USD_JPY,1,-1,0.1729214371660823,0.009246452722898637,2020-06-01 21:00:00+00:00,2020-07-01 21:00:00+00:00,107.577,107.469,10.80000000000041,3.900000000001569,-15.35960356164384,-8.459603561645,False,momentum_spread1.5x
2020-05-31 21:00:00+00:00,2020-06-01 21:00:00+00:00,2020-07-01 21:00:00+00:00,AUD,AUD_USD,-1,-1,0.13452060777986244,0.011885984756688128,2020-06-01 21:00:00+00:00,2020-07-01 21:00:00+00:00,0.67979,0.69155,-117.59999999999992,2.700000000001035,-6.600516410958905,-126.90051641095987,False,momentum_spread1.5x
2020-05-31 21:00:00+00:00,2020-06-01 21:00:00+00:00,2020-07-01 21:00:00+00:00,NZD,NZD_USD,-1,-1,0.15127101425302364,0.01056983653760296,2020-06-01 21:00:00+00:00,2020-07-01 21:00:00+00:00,0.62938,0.6476,-182.19999999999902,3.300000000001635,-4.864723479452054,-190.36472347945272,False,momentum_spread1.5x
2020-05-31 21:00:00+00:00,2020-06-01 21:00:00+00:00,2020-07-01 21:00:00+00:00,CAD,CAD_JPY,-1,-1,0.12286653615414934,0.013013387888837871,2020-06-01 21:00:00+00:00,2020-07-01 21:00:00+00:00,79.239,79.103,13.600000000000989,5.550000000000921,-11.121841142839354,-3.071841142839286,False,momentum_spread1.5x
2020-05-31 21:00:00+00:00,2020-06-01 21:00:00+00:00,2020-07-01 21:00:00+00:00,CHF,CHF_JPY,1,1,0.2641088635546412,0.006053980438263749,2020-06-01 21:00:00+00:00,2020-07-01 21:00:00+00:00,111.96,113.625,166.50000000000063,7.949999999999591,-37.89355162962916,120.65644837037188,False,momentum_spread1.5x
2020-06-30 21:00:00+00:00,2020-07-01 21:00:00+00:00,2020-08-02 21:00:00+00:00,EUR,EUR_USD,1,1,0.2033638252758782,0.004405577392389886,2020-07-01 21:00:00+00:00,2020-08-02 21:00:00+00:00,1.12512,1.1779,527.8000000000004,2.849999999998687,-15.939313178082193,509.01068682191953,False,momentum_spread1.5x
2020-06-30 21:00:00+00:00,2020-07-01 21:00:00+00:00,2020-08-02 21:00:00+00:00,JPY,USD_JPY,1,-1,0.24258462110389994,0.0036932888284027018,2020-07-01 21:00:00+00:00,2020-08-02 21:00:00+00:00,107.469,105.883,158.59999999999985,3.900000000001569,-14.374102986301379,140.3258970136969,False,momentum_spread1.5x
2020-06-30 21:00:00+00:00,2020-07-01 21:00:00+00:00,2020-08-02 21:00:00+00:00,AUD,AUD_USD,-1,-1,0.10613082324372414,0.00844179893910618,2020-07-01 21:00:00+00:00,2020-08-02 21:00:00+00:00,0.69155,0.71432,-227.69999999999956,2.700000000001035,-6.095277575342464,-236.49527757534307,False,momentum_spread1.5x
2020-06-30 21:00:00+00:00,2020-07-01 21:00:00+00:00,2020-08-02 21:00:00+00:00,NZD,NZD_USD,-1,-1,0.11126226058636314,0.008052461511600334,2020-07-01 21:00:00+00:00,2020-08-02 21:00:00+00:00,0.6476,0.66298,-153.8000000000006,3.300000000001635,-4.284957205479452,-161.3849572054817,False,momentum_spread1.5x
2020-06-30 21:00:00+00:00,2020-07-01 21:00:00+00:00,2020-08-02 21:00:00+00:00,CAD,CAD_JPY,-1,-1,0.12634092809088232,0.00709140802274978,2020-07-01 21:00:00+00:00,2020-08-02 21:00:00+00:00,79.103,78.919,18.39999999999975,5.550000000000921,-10.294720147322538,2.555279852676291,False,momentum_spread1.5x
2020-06-30 21:00:00+00:00,2020-07-01 21:00:00+00:00,2020-08-02 21:00:00+00:00,CHF,CHF_JPY,1,1,0.21031754169925235,0.004259916048022736,2020-07-01 21:00:00+00:00,2020-08-02 21:00:00+00:00,113.625,115.948,232.29999999999933,7.949999999999591,-36.1985060212299,188.15149397876985,False,momentum_spread1.5x
2020-07-30 21:00:00+00:00,2020-08-02 21:00:00+00:00,2020-09-01 21:00:00+00:00,EUR,EUR_USD,1,1,0.21598734908103942,0.004096275150070699,2020-08-02 21:00:00+00:00,2020-09-01 21:00:00+00:00,1.1779,1.19134,134.40000000000117,2.849999999998687,-15.942448986301372,115.60755101370111,False,momentum_spread1.5x
2020-07-30 21:00:00+00:00,2020-08-02 21:00:00+00:00,2020-09-01 21:00:00+00:00,GBP,GBP_USD,1,1,0.16632507863691007,0.00531936385072581,2020-08-02 21:00:00+00:00,2020-09-01 21:00:00+00:00,1.30855,1.33926,307.0999999999979,4.350000000001852,-12.644633495890416,290.1053665041057,False,momentum_spread1.5x
2020-07-30 21:00:00+00:00,2020-08-02 21:00:00+00:00,2020-09-01 21:00:00+00:00,AUD,AUD_USD,-1,-1,0.1254917849356406,0.007050211384148011,2020-08-02 21:00:00+00:00,2020-09-01 21:00:00+00:00,0.71432,0.73707,-227.50000000000045,2.700000000001035,-6.093371013698631,-236.29337101370012,False,momentum_spread1.5x
2020-07-30 21:00:00+00:00,2020-08-02 21:00:00+00:00,2020-09-01 21:00:00+00:00,NZD,NZD_USD,-1,-1,0.12445362627105257,0.007109022350569266,2020-08-02 21:00:00+00:00,2020-09-01 21:00:00+00:00,0.66298,0.67616,-131.7999999999997,3.300000000001635,-4.830343808219177,-139.9303438082205,False,momentum_spread1.5x
2020-07-30 21:00:00+00:00,2020-08-02 21:00:00+00:00,2020-09-01 21:00:00+00:00,CAD,CAD_JPY,-1,-1,0.13240223540145404,0.006682240734740577,2020-08-02 21:00:00+00:00,2020-09-01 21:00:00+00:00,78.919,81.121,-220.19999999999982,5.550000000000921,-10.319854649097847,-236.06985464909857,False,momentum_spread1.5x
2020-07-30 21:00:00+00:00,2020-08-02 21:00:00+00:00,2020-09-01 21:00:00+00:00,CHF,CHF_JPY,1,1,0.2353399256739032,0.003759428444777554,2020-08-02 21:00:00+00:00,2020-09-01 21:00:00+00:00,115.948,116.568,62.000000000000455,7.949999999999591,-36.33955279986951,17.710447200131355,False,momentum_spread1.5x
2020-08-31 21:00:00+00:00,2020-09-01 21:00:00+00:00,2020-10-01 21:00:00+00:00,EUR,EUR_USD,1,1,0.1907629062046222,0.00406759589211569,2020-09-01 21:00:00+00:00,2020-10-01 21:00:00+00:00,1.19134,1.17475,-165.90000000000103,2.849999999998687,-16.958450849315067,-185.70845084931477,False,momentum_spread1.5x
2020-08-31 21:00:00+00:00,2020-09-01 21:00:00+00:00,2020-10-01 21:00:00+00:00,GBP,GBP_USD,1,1,0.14893515346864025,0.005209961487093474,2020-09-01 21:00:00+00:00,2020-10-01 21:00:00+00:00,1.33926,1.28909,-501.6999999999982,4.350000000001852,-13.450151367671243,-519.5001513676713,False,momentum_spread1.5x
2020-08-31 21:00:00+00:00,2020-09-01 21:00:00+00:00,2020-10-01 21:00:00+00:00,JPY,USD_JPY,-1,1,0.18967734259961486,0.004090875604915541,2020-09-01 21:00:00+00:00,2020-10-01 21:00:00+00:00,105.978,105.534,-44.39999999999884,3.900000000001569,-13.496030852054798,-61.79603085205521,False,momentum_spread1.5x
2020-08-31 21:00:00+00:00,2020-09-01 21:00:00+00:00,2020-10-01 21:00:00+00:00,NZD,NZD_USD,-1,-1,0.13351155359245914,0.005811829708869465,2020-09-01 21:00:00+00:00,2020-10-01 21:00:00+00:00,0.67616,0.66541,107.50000000000037,3.300000000001635,-4.305272465753425,99.89472753424532,False,momentum_spread1.5x
2020-08-31 21:00:00+00:00,2020-09-01 21:00:00+00:00,2020-10-01 21:00:00+00:00,CAD,CAD_JPY,-1,-1,0.13826987495139323,0.005611825525399112,2020-09-01 21:00:00+00:00,2020-10-01 21:00:00+00:00,81.121,79.423,169.79999999999933,5.550000000000921,-11.081574914363985,153.16842508563442,False,momentum_spread1.5x
2020-08-31 21:00:00+00:00,2020-09-01 21:00:00+00:00,2020-10-01 21:00:00+00:00,CHF,CHF_JPY,1,1,0.1988431691832703,0.0039023035934958143,2020-09-01 21:00:00+00:00,2020-10-01 21:00:00+00:00,116.568,114.818,-175.0,7.949999999999591,-38.48349182001806,-221.43349182001765,False,momentum_spread1.5x
