pair,zw,tgt,ez,gates,verdict,n,avg_hrs,esc_pct,pnl_usd,pnl_hr_1u,dd_usd,calmar,sharpe,sqn,wr,zw_prior,median_range_pips
EUR_USD,8,8,1.0,0,FAIL,12148,0.8089466030073537,56.22324662495885,-22.274742635913473,-0.002266630302059424,-22.849181914947636,-38.776496400742786,-0.04681187847536576,-5.159510023997921,57.42509054988475,20,68.1
EUR_USD,8,12,1.5,5,PASS,10185,0.9648175421371298,32.695139911634755,53.45460092253704,0.005439426179504647,-1.8653277829695698,0.9662810884500671,0.09591782637765346,9.680100031109404,55.61119293078056,20,68.1
EUR_USD,8,16,2.0,5,PASS,9459,1.0389223667054306,19.46294534305952,112.72094629615059,0.011470243078801352,-1.0754900533310139,0.9905490005853254,0.18132961165318923,17.635644843363732,55.35468865630616,20,68.1
EUR_USD,8,20,2.5,5,PASS,9083,1.0818103416639142,11.196741164813389,153.39791843688405,0.015609445006169993,-1.07700069070053,0.9930279899365992,0.22919239146294426,21.84312913439384,54.60750853242321,20,68.1
EUR_USD,8,24,3.0,5,PASS,8976,1.0947248217468806,7.163547237076649,177.69829928262305,0.018082199932089146,-1.0032563102291432,0.9943858557531814,0.24525243758211115,23.235646172730952,53.83244206773619,20,68.1
EUR_USD,8,28,3.5,5,PASS,8858,1.10940204711372,4.922104312485889,203.7750848331352,0.020735718011970307,-0.9218680569621357,0.9954964251106508,0.270962767013152,25.502188795661418,55.27207044479566,20,68.1
EUR_USD,8,32,4.0,5,PASS,8806,1.1158395790748732,3.2364297070179426,213.31563941745196,0.021706544497947233,-0.9218680569621357,0.9956969810383356,0.2743605373426658,25.746072348906374,54.32659550306609,20,68.1
EUR_USD,11,11,1.0,5,PASS,9003,1.0913399237291272,37.954015328223925,26.42510374606753,0.002688962196552192,-2.7390274292060903,0.9060823237714575,0.051159733105304736,4.854247271980316,57.71409530156615,20,68.1
EUR_USD,11,16,1.5,5,PASS,8025,1.2243406022845276,19.601246105919003,92.32736122007691,0.009395035357813927,-1.4557650304487324,0.9844773245609247,0.15743240870749625,14.10316739510452,56.49844236760124,20,68.1
EUR_USD,11,22,2.0,5,PASS,7724,1.2720632660107023,9.93008803728638,127.25699871809465,0.01294940077011317,-1.2670899891727314,0.9901412256494678,0.19300932118747435,16.96287320756682,54.63490419471776,20,68.1
EUR_USD,11,28,2.5,5,PASS,7524,1.3060096579833422,5.143540669856459,159.53166868511877,0.01623360234909245,-2.052385938535689,0.9872983386676618,0.22603600603308827,19.60658779084185,55.58213716108453,20,68.1
EUR_USD,11,33,3.0,5,PASS,7522,1.3063901444651245,3.363467162988567,189.35332357068586,0.019268190345283355,-1.4790807371912524,0.9922493208501163,0.26193001814185224,22.71705019110792,56.19516086147301,20,68.1
EUR_USD,11,38,3.5,5,PASS,7524,1.3060539606592239,2.166400850611377,208.9867280813296,0.02126604371327987,-1.0528867616353557,0.9949871991413499,0.2769646463692262,24.024188664892538,57.30994152046783,20,68.1
EUR_USD,11,44,4.0,5,PASS,7524,1.3060539606592239,1.5948963317384368,209.79297558219426,0.02134808573936699,-1.1569621995100285,0.9945154655570114,0.27318055538648583,23.695952852538067,55.90111642743222,20,68.1
EUR_USD,14,14,1.0,5,PASS,7323,1.3416632527652603,26.355318858391367,63.797571779964635,0.0064919048340038804,-2.414549479826191,0.9635331200105728,0.12083298832270893,10.340226053796458,59.22436160043698,20,68.1
EUR_USD,14,21,1.5,5,PASS,6953,1.4133707272640106,11.390766575578887,135.270041872964,0.013764790950974482,-1.1252740927950828,0.9917499066237907,0.22434870241922877,18.707238223407366,58.219473608514306,20,68.1
EUR_USD,14,28,2.0,5,PASS,6762,1.4530217884255152,5.575273587695948,153.08140540367296,0.015577237314983639,-1.8140780453180896,0.9882883735217788,0.23185031051798555,19.06537118933251,57.630878438331855,20,68.1
EUR_USD,14,35,2.5,5,PASS,6820,1.4408724340175951,3.093841642228739,172.78057267078452,0.017581782560816557,-1.8140780453180896,0.9896097730493023,0.24028931665411118,19.84388263070108,57.683284457478,20,68.1
EUR_USD,14,42,3.0,5,PASS,6657,1.4760778128286016,1.907766261078564,190.39050091128368,0.019373731299324192,-0.9815218680439983,0.9948711318729395,0.2669903781893119,21.78386259684075,57.488358119272945,20,68.1
EUR_USD,14,49,3.5,5,PASS,6657,1.4761028491312402,1.2017425266636623,195.4201162629936,0.019885534230124763,-1.0454890833428014,0.9946785134146012,0.2627059491214723,21.434294141405427,57.95403334835512,20,68.1
EUR_USD,14,56,4.0,5,PASS,6555,1.499110094075769,0.8237986270022883,205.6750471945768,0.020929054129545578,-1.100943858202442,0.9946756688114655,0.2726521762668748,22.074725739115713,58.306636155606405,20,68.1
EUR_USD,17,17,1.0,5,PASS,6262,1.569187160651549,18.316831683168317,84.90619539158983,0.008639873351302738,-2.3684072463334362,0.9728625834464206,0.1604495525668402,12.696822317026687,59.18236984988822,20,68.1
EUR_USD,17,26,1.5,5,PASS,6051,1.6236847903927725,6.7922657411998015,138.27524198392533,0.014070593704640193,-1.5857247003882076,0.988662135419331,0.2261799100769965,17.594122179650615,57.47810279292679,20,68.1
EUR_USD,17,34,2.0,5,PASS,5861,1.676363532957971,3.4123869646817946,147.6566851938792,0.015025229356521836,-1.4624760232454865,0.9901925680689951,0.23043943079915438,17.641790259384425,58.232383552294834,20,68.1
EUR_USD,17,42,2.5,5,PASS,5997,1.638374742927019,1.8009004502251125,174.87156623205595,0.017794557605846594,-1.2081436821671145,0.9931386547447423,0.26544642665852686,20.556250804521888,58.76271469067868,20,68.1
EUR_USD,17,51,3.0,5,PASS,6103,1.6097957288765088,1.032279206947403,191.61991282696388,0.019498833633718883,-1.1299944024128141,0.9941375100063311,0.26681561997890385,20.844089800709167,59.34786170735704,20,68.1
EUR_USD,17,60,3.5,5,PASS,5959,1.6490882139061362,0.5705655311293841,186.92654499614034,0.019021246533479898,-1.5973108470514068,0.9915272746788077,0.261849295569606,20.2133409990677,58.43262292330928,20,68.1
EUR_USD,17,68,4.0,5,PASS,5903,1.6647043875995255,0.45739454514653566,184.42267883723216,0.018766458453507558,-2.043473995877616,0.989041045976282,0.24774301842917135,19.03433971993465,57.88582076910046,20,68.1
EUR_USD,20,20,1.0,5,PASS,5515,1.781822302810517,13.526745240253854,94.39934420830753,0.009605875927477935,-1.263220561528462,0.986795037697685,0.17759813192100118,13.188978238930748,59.22030825022665,20,68.1
EUR_USD,20,30,1.5,5,PASS,5377,1.8273045688426015,5.374744281197693,145.88356905079868,0.014844800839583677,-1.3659396623413662,0.9907236385759196,0.25092262017174843,18.3996614475539,59.34535986609634,20,68.1
EUR_USD,20,40,2.0,5,PASS,5496,1.7875576176613293,2.2379912663755457,164.50991532667624,0.0167401781095094,-1.3542831469178667,0.9918349881446329,0.25881035798335433,19.186908987418953,58.93377001455604,20,68.1
EUR_USD,20,50,2.5,5,PASS,5363,1.8319504008950214,1.4544098452358756,174.71724434299827,0.017778854139560738,-1.4108586220468162,0.9919895882695857,0.26915336209054924,19.710775323590852,59.705388774939394,20,68.1
EUR_USD,20,60,3.0,5,PASS,5377,1.8272890707333707,0.6695183187651107,181.01471583966602,0.018419671407531712,-1.4525239555698006,0.9920395356602105,0.27481152837215667,20.15138802739891,59.53133717686442,20,68.1
EUR_USD,20,70,3.5,5,PASS,5363,1.8319504008950214,0.35427932127540557,193.6101598867602,0.019701356929635472,-1.4108586220468162,0.9927656073543525,0.2752601346503821,20.15798958442792,59.92914413574491,20,68.1
EUR_USD,20,80,4.0,5,PASS,5363,1.8319504008950214,0.22375536080551933,191.56877732381247,0.01949363019398229,-1.4525239555698006,0.9924747996933904,0.2748253350962616,20.12614812327915,59.649449934738016,20,68.1
EUR_USD,24,24,1.0,5,PASS,5065,1.940194142810135,9.14116485686081,110.74656381772834,0.011269334128848696,-1.5411903480294626,0.9862746355603981,0.20981417718917983,14.932226023925065,60.51332675222113,20,68.1
EUR_USD,24,36,1.5,5,PASS,4861,2.0216176369745593,3.1886443118699854,141.47670609193904,0.014396367864045285,-1.4238412617892435,0.9900361385022217,0.23884710882528998,16.652628714926834,60.31680724130837,20,68.1
EUR_USD,24,48,2.0,5,PASS,4749,2.0687688636204116,1.3265950726468732,156.2312379013166,0.01589775755183969,-1.682559140067175,0.9893450783174681,0.2634400475512952,18.15444099792203,60.349547273110126,20,68.1
EUR_USD,24,60,2.5,5,PASS,4845,2.0282077743378055,0.7223942208462332,176.29335512647197,0.01793923581128718,-1.1199776387497085,0.9936871844900641,0.2799576948812545,19.4867448903871,60.33023735810114,20,68.1
EUR_USD,24,72,3.0,5,PASS,4781,2.0554277347835184,0.3346580213344489,170.4870373516427,0.017348397298495785,-1.5993260034183274,0.9907062595069286,0.26412528932610974,18.262883874539508,60.2593599665342,20,68.1
EUR_USD,24,84,3.5,5,PASS,4781,2.0554277347835184,0.18824513700062748,172.98686277610489,0.01760277420194916,-1.770532776220818,0.9898686246117081,0.2695791168060719,18.63998755208757,61.116921146203715,20,68.1
EUR_USD,24,96,4.0,5,PASS,4781,2.0554277347835184,0.12549675800041832,169.47556214106478,0.017245471738387117,-1.3739037525617053,0.99195839597522,0.2630041059129117,18.18535989896891,60.343024471867814,20,68.1
EUR_USD,28,28,1.0,5,PASS,4500,2.1832777777777777,6.577777777777778,124.47267433120719,0.012666073859035558,-1.7088923694207734,0.9864568778617625,0.24326691802492112,16.318840961417774,60.95555555555555,20,68.1
EUR_USD,28,42,1.5,5,PASS,4416,2.224769776570048,2.4456521739130435,137.4231771075679,0.013983889400144283,-1.748759907258855,0.9874345364103644,0.23817708716766178,15.827579806937742,61.050724637681164,20,68.1
EUR_USD,28,56,2.0,5,PASS,4350,2.2590038314176244,0.8735632183908045,143.09749904088304,0.01456129629762986,-1.555073757020291,0.9892495948952604,0.2472287622838324,16.305856767331218,61.49425287356321,20,68.1
EUR_USD,28,70,2.5,5,PASS,4348,2.2600812634161302,0.36798528058877644,162.74813396199025,0.016560902995445343,-1.8290590227734531,0.9888863153538973,0.2713294132375121,17.89128950973096,62.14351425942962,20,68.1
EUR_USD,28,84,3.0,5,PASS,4332,2.268371037242228,0.16158818097876268,170.02915612846655,0.01730180428181501,-1.568466418145277,0.9908596261715735,0.2763628685835922,18.189632129065973,62.76546629732225,20,68.1
EUR_USD,28,98,3.5,5,PASS,4332,2.268371037242228,0.13850415512465375,169.71956558380356,0.017270301008298718,-1.568466418145277,0.9908431056168161,0.2757120148461195,18.146794282885214,62.78855032317636,20,68.1
EUR_USD,28,112,4.0,5,PASS,4332,2.268371037242228,0.11542012927054479,159.56701928835326,0.016237199551080238,-1.568466418145277,0.9902661638355554,0.25954345043974303,17.08261283146805,62.119113573407205,20,68.1
EUR_USD,32,32,1.0,5,PASS,3959,2.4782562936768544,4.672897196261682,107.2483359550471,0.010913361922719692,-2.09742859024927,0.9808183828704183,0.2099898767668224,13.212685862308794,60.94973478151048,20,68.1
EUR_USD,32,48,1.5,5,PASS,3866,2.541903776513192,1.6554578375581996,113.3802564829681,0.011537333077205536,-1.705179710148518,0.9851833579768758,0.2259155986911945,14.046791733058308,59.699948266942584,20,68.1
EUR_USD,32,64,2.0,5,PASS,3979,2.468899220909776,0.6282985674792662,139.3090031208837,0.01417578703308491,-1.426013499833524,0.9898673867096157,0.24629585901055656,15.536174111070947,61.397336014073886,20,68.1
EUR_USD,32,80,2.5,5,PASS,3903,2.5132803826116663,0.3843197540353574,128.13767514120457,0.013039016524582621,-1.5841102638911457,0.9877884022414256,0.22836237239623014,14.26670961758435,61.13246220855753,20,68.1
EUR_USD,32,96,3.0,5,PASS,3903,2.5132803826116663,0.15372790161414296,124.61796962663725,0.012680858798406192,-1.622178044196521,0.987150062209795,0.21631829563189897,13.514268030971003,61.64488854727133,20,68.1
EUR_USD,32,112,3.5,5,PASS,3998,2.4579164582291146,0.0750375187593797,133.7163339340604,0.013606688944929701,-1.624631213722029,0.9879960127966574,0.22341340383430155,14.126371400798195,62.15607803901951,20,68.1
EUR_USD,32,128,4.0,5,PASS,3979,2.468899220909776,0.025131942699170642,129.26687048823723,0.013153921034698134,-1.622178044196521,0.9876064646936864,0.2148303658246551,13.551352349995666,62.226690123146525,20,68.1
GBP_USD,10,10,1.0,4,PASS,11346,0.8657382924966215,51.507139079851925,19.472340625891224,0.001982237065436285,-2.9831794505302387,0.8671516206091966,0.033781779933536114,3.5983542634170744,59.4923320994183,26,88.2
GBP_USD,10,15,1.5,5,PASS,9664,1.0163924530905077,28.135347682119203,113.6166575207044,0.011565900274416173,-1.131850214248791,0.9901362533021942,0.16851619017195252,16.566092905904917,57.84354304635762,26,88.2
GBP_USD,10,20,2.0,5,PASS,9110,1.0782290523234541,14.456641053787047,176.42778816116794,0.017959921089352952,-1.2616953751675086,0.9928994369837904,0.23502127416844132,22.431915739189826,56.46542261251371,26,88.2
GBP_USD,10,25,2.5,5,PASS,8841,1.1109980017343437,8.437959506843118,222.82056810898973,0.02268259360972402,-1.0297960679198266,0.9953996229950022,0.2703274862122475,25.417972247958815,56.18142744033481,26,88.2
GBP_USD,10,30,3.0,5,PASS,8762,1.1210720535646352,5.204291257703721,274.10903044189985,0.027903634727418313,-0.8493568998668343,0.9969109620256424,0.30953372463070017,28.97407620620636,57.45263638438713,26,88.2
GBP_USD,10,35,3.5,5,PASS,8709,1.1278658093160332,3.1576530026409464,283.00378244387656,0.028809098916080786,-0.7010411761159776,0.997528976888123,0.3104381100286861,28.97071248274043,57.33149615340453,26,88.2
GBP_USD,10,40,4.0,5,PASS,8668,1.133287186586679,2.1573604060913705,281.94202910474496,0.02870101500035578,-1.537306413162194,0.9945770071375624,0.29747036101087826,27.695113661325514,55.62990309183202,26,88.2
GBP_USD,14,14,1.0,5,PASS,8281,1.1860383206537053,31.735297669363604,80.93027024581035,0.008238505297288997,-1.2815610206179875,0.9844114770237296,0.13246824977706598,12.054610729713005,59.85992029948074,26,88.2
GBP_USD,14,21,1.5,5,PASS,7602,1.291995527492765,13.943699026571954,152.14925285288726,0.015488425057767131,-1.370275157849188,0.9910742615248703,0.21148119189824455,18.4389285749468,57.353328071560114,26,88.2
GBP_USD,14,28,2.0,5,PASS,7431,1.3217265509352711,6.742026645135245,217.68227118875282,0.022159527440936487,-1.3728358414193382,0.9937329201768839,0.276782224690866,23.85952681200436,58.59238325931907,26,88.2
GBP_USD,14,35,2.5,5,PASS,7411,1.3254059281248594,3.508298475239509,243.49408522902417,0.02478710753003699,-1.1279552281615324,0.9953889877377629,0.2872519349244126,24.7287047555499,57.98137903116988,26,88.2
GBP_USD,14,42,3.0,5,PASS,7372,1.3324855308374028,1.9669017905588715,266.3792427897254,0.027116761085134205,-0.8014755353295944,0.9970002493430139,0.30942385264240246,26.567240822971122,58.871405317417256,26,88.2
GBP_USD,14,49,3.5,5,PASS,7344,1.3373842592592593,1.252723311546841,273.12971132485785,0.027803942415641998,-1.2596390773555264,0.9954093004137766,0.3064732736774976,26.26388339074889,59.10947712418301,26,88.2
GBP_USD,14,56,4.0,5,PASS,7281,1.348956187336904,0.8515313830517787,271.450705723021,0.0276330237160887,-1.2215303958565462,0.9955201511776799,0.29749114302830615,25.38455508163729,57.62944650460101,26,88.2
GBP_USD,18,18,1.0,5,PASS,6837,1.4367168836234214,20.301301740529475,116.27922883887338,0.011836943579257731,-2.0971240286871384,0.9822842655827266,0.18423755824137625,15.233895042796249,60.582126663741406,26,88.2
GBP_USD,18,27,1.5,5,PASS,6574,1.4939407767974848,7.575296623060542,197.77478755880745,0.020132993872682532,-1.8213107486565714,0.9908750182789097,0.2738383327900746,22.202868762605835,60.55673866747794,26,88.2
GBP_USD,18,36,2.0,5,PASS,6394,1.5362579501616098,3.0028151391929936,213.3075327616825,0.02171418967552184,-1.229222234310233,0.9942703420011494,0.27988951978333854,22.38066326455494,58.898967782295905,26,88.2
GBP_USD,18,45,2.5,5,PASS,6417,1.5305308815126488,1.5427769985974753,228.48184980269673,0.023258898360485242,-1.5485362598246664,0.9932681230235219,0.2840210945129422,22.75184478932404,59.576125915536856,26,88.2
GBP_USD,18,54,3.0,5,PASS,6423,1.5292957600290622,0.8407286314806165,250.16288093272075,0.02546597476431867,-1.632830341549532,0.9935152575344265,0.29579028776563954,23.705704742175673,60.79713529503348,26,88.2
GBP_USD,18,63,3.5,5,PASS,6426,1.5285818030916072,0.5291005291005291,250.14781386367986,0.0254644409732201,-1.8269168165391312,0.9927496030589763,0.2885630575097945,23.131888569944103,60.115157173980705,26,88.2
GBP_USD,18,72,4.0,5,PASS,6423,1.5292957600290622,0.31138097462245057,255.52446605730904,0.026011771130951628,-1.8269168165391312,0.99290108024236,0.2912221630075481,23.339598682511742,60.8127043437646,26,88.2
GBP_USD,22,22,1.0,5,PASS,5912,1.6613385205232296,13.024357239512854,141.29186378886152,0.014383169174560263,-1.3605686595093693,0.9904623521929653,0.21987432785473793,16.90603398000472,61.28213802435724,26,88.2
GBP_USD,22,33,1.5,5,PASS,5695,1.7248170910155107,4.477611940298507,181.02766648597168,0.018428177550509923,-1.5001623938373756,0.9917811853510557,0.24878338941163483,18.774494154423145,59.89464442493415,26,88.2
GBP_USD,22,44,2.0,5,PASS,5763,1.7040893053386545,2.030192608016658,200.52722852449702,0.020413185689754622,-1.90719015147537,0.9905787258710778,0.26245627329703314,19.92421720795245,60.524032621898314,26,88.2
GBP_USD,22,55,2.5,5,PASS,5652,1.7378803963198868,0.9023354564755839,207.72042189726136,0.021145435335356302,-1.5829812353563495,0.9924369063681523,0.2744823003046536,20.63552019059317,60.5449398443029,26,88.2
GBP_USD,22,66,3.0,5,PASS,5741,1.7106195204087558,0.5573941821982233,221.71215463230135,0.022569759805122252,-1.4912585293790093,0.9933188363553437,0.2810858426156548,21.297701977577468,60.390175927538756,26,88.2
GBP_USD,22,77,3.5,5,PASS,5741,1.7106195204087558,0.3135342274865006,235.5142035508009,0.0239747749222488,-1.4084286392415293,0.9940553225066663,0.29349230628567347,22.237732124172204,60.93015154154329,26,88.2
GBP_USD,22,88,4.0,5,PASS,5640,1.7415927895981087,0.15957446808510636,241.62817359147985,0.024597162249198414,-1.7151507502396766,0.9929517246676915,0.29978152554667387,22.513572609723088,61.684397163120565,26,88.2
GBP_USD,26,26,1.0,5,PASS,5216,1.88327581799591,9.202453987730062,157.37053842777698,0.016019939270394076,-1.7321291745266485,0.9891131355581271,0.24644628071521768,17.798813796316484,61.924846625766875,26,88.2
GBP_USD,26,39,1.5,5,PASS,5173,1.8989303434499645,2.841677943166441,194.17105154035326,0.01976614228318592,-1.2710602276672116,0.9934964874449581,0.28178639497891567,20.267083658001695,61.53102648366519,26,88.2
GBP_USD,26,52,2.0,5,PASS,5140,1.9108949416342411,1.1673151750972763,217.66971171384293,0.02215824891684084,-1.7070538604259609,0.9922186205273044,0.2915605017094655,20.903078348591787,62.68482490272373,26,88.2
GBP_USD,26,65,2.5,5,PASS,5149,1.907360652553894,0.46610992425713726,201.45681175993482,0.020507815009367228,-1.5905468114230317,0.9921666215083311,0.27562102938324323,19.777609436311977,61.11866381821714,26,88.2
GBP_USD,26,78,3.0,5,PASS,5095,1.9277723258096173,0.25515210991167814,210.4858491558536,0.021426949125560892,-1.881973295689933,0.9911381428977106,0.2866845157537884,20.463331081824244,61.43277723258096,26,88.2
GBP_USD,26,91,3.5,5,PASS,5149,1.907360652553894,0.11652748106428432,212.22002493969333,0.021603484015883138,-1.5092609678109177,0.9929384456537973,0.2843214905693524,20.40192436481983,61.89551369197902,26,88.2
GBP_USD,26,104,4.0,5,PASS,5149,1.907360652553894,0.05826374053214216,210.90765633370634,0.02146988807360369,-1.5092609678109177,0.9928948174797745,0.28260330442533793,20.27863328441409,61.85667119829093,26,88.2
GBP_USD,31,31,1.0,5,PASS,4562,2.153185737249744,5.6115738711091625,151.15641370660472,0.015387356439793155,-1.8642417079991662,0.9878170584033373,0.2472680294654291,16.701120454665844,63.502849627356426,26,88.2
GBP_USD,31,46,1.5,5,PASS,4491,2.1871891932012173,1.6922734357604097,182.0529514755896,0.01853254907667118,-2.09554294359684,0.9886203634180868,0.27765416866253734,18.6069729309794,62.280115787129816,26,88.2
GBP_USD,31,62,2.0,5,PASS,4614,2.128558011847999,0.6718682271348071,189.78944662184622,0.01932010552559068,-2.1279738665955144,0.9889120338259044,0.2773195179597615,18.837325043678007,61.920242739488515,26,88.2
GBP_USD,31,78,2.5,5,PASS,4629,2.1215885360409015,0.21602937999567942,197.23272183003684,0.02007781289572062,-2.1279738665955144,0.9893260110316144,0.2781691085379569,18.92572342293649,62.518902570749624,26,88.2
GBP_USD,31,93,3.0,5,PASS,4513,2.1732033385035825,0.13294925769997784,208.42933162271208,0.0212176006266705,-1.6304596865997185,0.9922381162218767,0.29887812157367755,20.07829319712124,62.84068247285619,26,88.2
GBP_USD,31,108,3.5,5,PASS,4513,2.1732033385035825,0.06647462884998892,209.71047670008014,0.02134801808943733,-1.6304596865997185,0.9922851686262214,0.29681034959838287,19.939382621244505,62.88499889208951,26,88.2
GBP_USD,31,124,4.0,5,PASS,4683,2.0975158374261516,0.021353833013025837,206.73551760935416,0.02104517446672704,-2.231394938859367,0.9893217786890327,0.2781558167631091,19.03488358995742,62.801622891308995,26,88.2
GBP_USD,36,36,1.0,5,PASS,4173,2.3539619777937535,3.882099209202013,147.17736056537044,0.01498229847714598,-1.7457950656151109,0.988277208750928,0.2476481988224064,15.997766955911858,62.281332374790324,26,88.2
GBP_USD,36,54,1.5,5,PASS,4203,2.336842731382346,1.0944563407090173,163.8950030125929,0.01668411394670146,-1.597887443814031,0.990344676200849,0.25714332339882257,16.67074266175295,62.62193671187247,26,88.2
GBP_USD,36,72,2.0,5,PASS,4143,2.3710274358355456,0.2896451846488052,162.11609601176772,0.01650302552693999,-2.9265590329962783,0.9822678626188937,0.2535467982026949,16.319828752012878,63.52884383297128,26,88.2
GBP_USD,36,90,2.5,5,PASS,4152,2.365546724470135,0.16859344894026976,169.7844149295187,0.017283641801089444,-2.3056586303367745,0.9866020242618188,0.2646936686129607,17.055805141421125,63.70423892100193,26,88.2
GBP_USD,36,108,3.0,5,PASS,4152,2.365546724470135,0.12042389210019266,181.796573711758,0.018506450441895608,-2.3056586303367745,0.9874762049269862,0.2726926796954888,17.57122953771508,63.07803468208093,26,88.2
GBP_USD,36,126,3.5,5,PASS,4152,2.365546724470135,0.04816955684007707,181.82656009876408,0.018509502983391463,-2.3056586303367745,0.9874782444579734,0.26526863512828786,17.092853692297496,63.55973025048169,26,88.2
GBP_USD,36,144,4.0,5,PASS,4152,2.365546724470135,0.024084778420038536,183.82779905265025,0.01871322425693541,-2.3056586303367745,0.987612873800133,0.26352840038252723,16.98071990050883,63.46339113680154,26,88.2
GBP_USD,42,42,1.0,5,PASS,3741,2.6251893433128397,2.512697139802192,162.8633157597378,0.01657909068566481,-1.440206684869982,0.9912344746878112,0.29132466010389774,17.818498405426354,64.55493183640738,26,88.2
GBP_USD,42,63,1.5,5,PASS,3769,2.605686742725745,0.6102414433536747,155.41966076021902,0.01582134465369846,-1.8628977313424462,0.9881557259164092,0.2609377000253553,16.019534747833806,63.730432475457675,26,88.2
GBP_USD,42,84,2.0,5,PASS,3726,2.636227410985865,0.322061191626409,172.12878802555363,0.01752229329838264,-2.463689956384525,0.9858889112242316,0.2846496322275456,17.375289618082167,64.03650026838432,26,88.2
GBP_USD,42,105,2.5,5,PASS,3683,2.662955923612997,0.08145533532446375,154.21615434988647,0.015698830619002534,-1.574642956382828,0.9898925804116194,0.25059808608634504,15.20822780480233,62.93782242736899,26,88.2
GBP_USD,42,126,3.0,5,PASS,3683,2.662955923612997,0.027151778441487917,145.40417554024367,0.014801792540637798,-1.8723675412587821,0.9872867226370012,0.23470319890945981,14.243603258410497,62.09611729568286,26,88.2
GBP_USD,42,147,3.5,5,PASS,3683,2.662955923612997,0.0,142.9623050111611,0.014553216041040824,-1.8723675412587821,0.9870723804717333,0.2285088775343359,13.867683984483634,62.01466196035841,26,88.2
GBP_USD,42,168,4.0,5,PASS,3683,2.662955923612997,0.0,142.9623050111611,0.014553216041040824,-1.8723675412587821,0.9870723804717333,0.2285088775343359,13.867683984483634,62.01466196035841,26,88.2
AUD_USD,7,7,1.0,0,FAIL,10690,0.9184206423448705,47.39008419083255,-13.484164322297364,-0.0013732377037245578,-15.865241066394145,-5.66305321982066,-0.034727405474562406,-3.590551749624699,56.482694106641716,18,59.6
AUD_USD,7,10,1.5,5,PASS,9460,1.0379492600422833,26.976744186046513,22.429129108951063,0.002284199822690232,-2.2588170537484955,0.9085052665433428,0.0505813593832188,4.919671051537289,52.938689217758984,18,59.6
AUD_USD,7,14,2.0,5,PASS,8806,1.1150352032704973,13.8996138996139,79.87700141442714,0.008134735485340239,-1.3917967353440706,0.9828741562933032,0.15855893338565835,14.879216267950326,52.79354985237338,18,59.6
AUD_USD,7,18,2.5,5,PASS,8575,1.1448590864917394,7.638483965014577,108.45592571386034,0.011045235197582335,-2.0338303039752064,0.9815925894193586,0.19994507916933257,18.515173437361128,52.48979591836734,18,59.6
AUD_USD,7,21,3.0,5,PASS,8513,1.1533732722502839,4.851403735463409,131.9923075212751,0.01344219848983121,-1.0596540240505885,0.9920357880354165,0.2336508861686034,21.558013979459517,53.42417479149536,18,59.6
AUD_USD,7,24,3.5,5,PASS,8453,1.16153042312394,3.4189045309357624,136.02827806137213,0.013853224845214465,-0.9728700457634522,0.9928988183003936,0.22588142900211197,20.76758329680682,52.85697385543594,18,59.6
AUD_USD,7,28,4.0,5,PASS,8386,1.1707210430081885,2.1225852611495353,154.37238645098918,0.01572140300440351,-0.7332367362698773,0.995272661808111,0.2493322084647693,22.83262336640339,53.42237061769616,18,59.6
AUD_USD,10,10,1.0,5,PASS,7921,1.2393111139165929,28.001514960232292,14.708093195236637,0.0014978835649603216,-2.3269935875731522,0.8633999569687348,0.03474043378568949,3.0918986069263643,55.0814291124858,18,59.6
AUD_USD,10,15,1.5,5,PASS,7341,1.3372269899650364,12.38250919493257,74.93446131676635,0.007631383386385553,-1.1825789168428762,0.9844636770792263,0.15864951534131558,13.593032702788953,54.50211142896063,18,59.6
AUD_USD,10,20,2.0,5,PASS,7265,1.3512158752007342,5.7398485891259465,106.90045513436459,0.010886824873016227,-0.9700116841652664,0.9910076250453508,0.2087686264514108,17.794387476710718,55.19614590502408,18,59.6
AUD_USD,10,25,2.5,5,PASS,7059,1.3908839779005526,3.2582518770364075,124.82648543626695,0.012712425637015756,-1.042482520234643,0.9917177161522854,0.23190779291321928,19.484395375212006,55.106955659441844,18,59.6
AUD_USD,10,30,3.0,5,PASS,6975,1.4077658303464753,1.82078853046595,125.78484649887137,0.012810025867441135,-1.042482520234643,0.9917803006000576,0.22630176837236504,18.899923817836022,54.65232974910394,18,59.6
AUD_USD,10,35,3.5,5,PASS,6975,1.4077658303464753,1.1899641577060933,129.36429990940798,0.013174560165940166,-1.1084652184915031,0.9915042406175351,0.227958141343894,19.03825823387253,54.566308243727605,18,59.6
AUD_USD,10,40,4.0,5,PASS,6940,1.414781460134486,0.792507204610951,136.96002095271675,0.013948114260530768,-1.1096297020069208,0.9919632613195943,0.23697946401837164,19.74196820438775,54.76945244956772,18,59.6
AUD_USD,13,13,1.0,5,PASS,6495,1.5117141390813444,17.059276366435718,62.890273784288,0.0064047940305306415,-2.1281519680934524,0.9672684789970403,0.15447366896845063,12.449274398843942,58.61431870669745,18,59.6
AUD_USD,13,20,1.5,5,PASS,6229,1.575988655214855,6.26103708460427,89.16145600231359,0.009080271507733644,-1.3570919459135156,0.9850075815766541,0.19024749283052295,15.01509580464873,55.065018462032434,18,59.6
AUD_USD,13,26,2.0,5,PASS,6137,1.599709412851013,3.030796806257129,109.25413226039484,0.011126525168459387,-1.0027199817376677,0.9909055994131266,0.21827235322881217,17.09923938277589,56.4119276519472,18,59.6
AUD_USD,13,32,2.5,5,PASS,6066,1.6184745576436972,1.8793273986152326,115.05823978152215,0.011717619958909504,-1.151615278916678,0.9900902098336003,0.2226524725780302,17.3411831610372,55.011539729640624,18,59.6
AUD_USD,13,39,3.0,5,PASS,6135,1.600190165715838,1.0268948655256724,130.4635533667354,0.013286508986606452,-1.0144996697591735,0.9922838858172202,0.23912342031658584,18.72963860390377,57.131214343928285,18,59.6
AUD_USD,13,46,3.5,5,PASS,6126,1.6027859397105237,0.47339209924910214,126.8287357275562,0.012916336352323874,-1.0144996697591735,0.9920645025401127,0.2262557431733814,17.708758207164642,55.66438132549788,18,59.6
AUD_USD,13,52,4.0,5,PASS,6126,1.6028267493742518,0.326477309826967,135.33933132310898,0.013783061977555208,-1.0412801736784343,0.9923648958436957,0.24076471047239556,18.844357198510505,57.57427358798564,18,59.6
AUD_USD,15,15,1.0,5,PASS,5807,1.6904884909017852,13.13931462028586,56.040576694350946,0.005707215591246882,-2.3830383793864915,0.9592110420353341,0.13072425399667764,9.96166849455505,56.29412777682108,18,59.6
AUD_USD,15,22,1.5,5,PASS,5728,1.7134834729981379,4.975558659217877,92.17544012928468,0.009387217977878623,-1.0824064903594903,0.9883934003454516,0.19859267265768177,15.030198811049159,57.2800279329609,18,59.6
AUD_USD,15,30,2.0,5,PASS,5656,1.7352958510136725,2.0685997171145685,99.22421021499117,0.010105070164726549,-1.9645513402915793,0.9805852813089497,0.19879831901293543,14.950902461364608,56.34724186704385,18,59.6
AUD_USD,15,38,2.5,5,PASS,5596,1.7545717178937335,0.9828448892065762,110.68608591165972,0.011272356433705192,-1.3789235375339937,0.9876953248448245,0.21332129541479347,15.957801745020692,56.50464617583989,18,59.6
AUD_USD,15,45,3.0,5,PASS,5520,1.7786986714975845,0.5978260869565217,114.39764922414923,0.01165034490660175,-1.5456815394781835,0.9866686464042563,0.2179225433241768,16.190926365918813,56.48550724637681,18,59.6
AUD_USD,15,52,3.5,5,PASS,5520,1.7786986714975845,0.4166666666666667,121.94384981856435,0.01241885580044956,-1.5456815394781835,0.987483299009398,0.22590925213173269,16.78431249402035,56.34057971014492,18,59.6
AUD_USD,15,60,4.0,5,PASS,5520,1.7786986714975845,0.19927536231884058,115.07974496514547,0.011719810063410694,-1.5456815394781835,0.9867466161899361,0.20947922443906267,15.563615614733722,56.64855072463768,18,59.6
AUD_USD,18,18,1.0,5,PASS,5118,1.9182134948547611,8.128175068386088,64.16730826342707,0.006534848207696828,-1.8141397927384884,0.9725053049579294,0.1551599380683696,11.100172767119634,57.62016412661196,18,59.6
AUD_USD,18,27,1.5,5,PASS,5023,1.9540447275864357,2.807087397969341,88.41800088308452,0.009004557464478908,-1.529610678231559,0.9829944269594213,0.20157730663506002,14.286413867513453,57.913597451722076,18,59.6
AUD_USD,18,36,2.0,5,PASS,5065,1.9382856202698258,1.3820335636722607,109.92740694406432,0.011195091981980734,-1.1401814742475258,0.989734345631479,0.22869864385064814,16.276211107812255,57.63079960513326,18,59.6
AUD_USD,18,45,2.5,5,PASS,5023,1.9540447275864357,0.656977901652399,102.86445349278848,0.010475795350234334,-1.164489919451985,0.9888060968298275,0.20866044601840897,14.78841809805419,57.09735217997213,18,59.6
AUD_USD,18,54,3.0,5,PASS,5020,1.9552622841965472,0.3386454183266932,107.14172621299022,0.010911396105913407,-1.164489919451985,0.989248170963447,0.21472055275920193,15.213371657907738,57.350597609561746,18,59.6
AUD_USD,18,63,3.5,5,PASS,5020,1.9552622841965472,0.1593625498007968,105.99265414447024,0.010794373719425642,-1.164489919451985,0.9891328764906488,0.21308196720549072,15.097274662526754,57.64940239043824,18,59.6
AUD_USD,18,72,4.0,5,PASS,5020,1.9552622841965472,0.0796812749003984,105.63976075331713,0.010758434784053481,-1.199300757603225,0.9887746977496555,0.20944373682205397,14.839498914983913,57.43027888446215,18,59.6
AUD_USD,22,22,1.0,5,PASS,4444,2.2085583558355837,5.7605760576057605,73.83913084657902,0.0075198340857579775,-1.6119151738406974,0.9786362779728136,0.17785394563364115,11.85633684760206,58.933393339333925,18,59.6
AUD_USD,22,33,1.5,5,PASS,4272,2.2983770287141074,1.708801498127341,83.37720513016374,0.008491198933743794,-1.3961954837991508,0.9835302645206239,0.19703074745827462,12.878035765466112,58.61423220973783,18,59.6
AUD_USD,22,44,2.0,5,PASS,4267,2.300601515506601,0.796812749003984,89.73395705652496,0.009138575457038466,-1.1502810371814995,0.9873434485306958,0.20688166470327998,13.513981609926748,58.89383641902977,18,59.6
AUD_USD,22,55,2.5,5,PASS,4239,2.3163481953290868,0.377447511205473,91.69379062724772,0.009338166420780378,-1.6758557279571398,0.9820513861476813,0.19726208971344766,12.84326187187565,58.31564048124558,18,59.6
AUD_USD,22,66,3.0,5,PASS,4273,2.2977416335127545,0.11701380762930025,95.55146067940802,0.00973103451683255,-1.6758557279571398,0.9827635299432148,0.20721056247165331,13.5449789994236,58.202667914813944,18,59.6
AUD_USD,22,77,3.5,5,PASS,4239,2.3163481953290868,0.04718093890068412,96.33994323525079,0.009811334188991093,-1.6758557279571398,0.9829021877525459,0.21332375330323514,13.888998292296165,59.11771644255721,18,59.6
AUD_USD,22,88,4.0,5,PASS,4239,2.3163481953290868,0.02359046945034206,96.74845503323485,0.009852937345849718,-1.6758557279571398,0.9829731525169296,0.21355112624660588,13.903801999681255,59.11771644255721,18,59.6
AUD_USD,25,25,1.0,5,PASS,3996,2.45704037370704,4.054054054054054,71.49985956929441,0.007281600893071713,-1.397842518699373,0.9808246010688779,0.18333492658214046,11.589319843644656,59.13413413413413,18,59.6
AUD_USD,25,38,1.5,5,PASS,3968,2.4731812836021505,1.0836693548387097,77.67984206032611,0.007910975080614722,-1.499855390073493,0.9810575761417496,0.1950687237728958,12.287781335689733,57.96370967741935,18,59.6
AUD_USD,25,50,2.0,5,PASS,3875,2.5330537634408605,0.36129032258064514,79.06281167405167,0.008051817773664146,-1.3584727712382447,0.9831080443366657,0.18735774143119813,11.662925348621753,57.832258064516125,18,59.6
AUD_USD,25,62,2.5,5,PASS,4010,2.4485660847880295,0.14962593516209477,93.81513517988647,0.009554205787599508,-1.2327578440817402,0.9870301402286648,0.2126870031959702,13.468311064391681,58.728179551122196,18,59.6
AUD_USD,25,75,3.0,5,PASS,4010,2.4485660847880295,0.0997506234413965,92.31593532158908,0.009401526116718597,-1.2327578440817402,0.9868222868501372,0.20900846594917594,13.23536930886689,58.67830423940149,18,59.6
AUD_USD,25,88,3.5,5,PASS,3875,2.5330537634408605,0.025806451612903226,86.58999383634432,0.008818391815703269,-1.3584727712382447,0.9845537639979602,0.19516001047726078,12.148612679921628,58.50322580645161,18,59.6
AUD_USD,25,100,4.0,5,PASS,3875,2.5330537634408605,0.025806451612903226,86.62383973966625,0.008821838708625022,-1.3584727712382447,0.9845597060082972,0.19520523633512335,12.151427966869738,58.50322580645161,18,59.6
AUD_USD,29,29,1.0,5,PASS,3658,2.682772917805723,2.6790595954073266,77.39078296709499,0.007881537079420017,-1.2945543195595675,0.9835477057835637,0.21385716426766668,12.934381144070528,60.524876981957355,18,59.6
AUD_USD,29,44,1.5,5,PASS,3686,2.660472056429734,0.5697232772653282,75.76889678427617,0.007716362938541759,-1.6307781517394762,0.9789304263475577,0.19912953065767283,12.089639074268408,59.30548019533369,18,59.6
AUD_USD,29,58,2.0,5,PASS,3704,2.6508729301655864,0.26997840172786175,88.02896751149146,0.008964938005600373,-1.630778151739738,0.9818114791685326,0.22017488397688437,13.399952693752487,59.395248380129594,18,59.6
AUD_USD,29,72,2.5,5,PASS,3670,2.6714577656675753,0.19073569482288827,87.06443499320045,0.008866709269363796,-1.630778151739738,0.9816136847309355,0.21762796292865183,13.184016232237505,59.26430517711172,18,59.6
AUD_USD,29,87,3.0,5,PASS,3619,2.7129271437782077,0.027631942525559547,74.34527178708494,0.007571379869856144,-2.3639056532456424,0.9691835353718341,0.1726729850166887,10.387683011711605,59.13235700469743,18,59.6
AUD_USD,29,102,3.5,5,PASS,3619,2.7129271437782077,0.027631942525559547,74.51184608818556,0.007588343925267771,-2.3639056532456424,0.9692503084562145,0.17249240766979063,10.376819817110016,59.13235700469743,18,59.6
AUD_USD,29,116,4.0,5,PASS,3619,2.7129271437782077,0.0,74.23779885386298,0.007560434743372761,-2.3639056532456424,0.9691402995735392,0.1731515406259187,10.41647201985713,59.159988947222985,18,59.6
NZD_USD,7,7,1.0,0,FAIL,9619,1.020419655542849,40.07693107391621,-10.447930766339523,-0.001064196934065072,-11.92398769462127,-7.078270875705171,-0.029312446011839615,-2.8748621333594517,54.53789375194926,17,56.0
NZD_USD,7,10,1.5,5,PASS,8743,1.1228697243509094,20.725151549811276,33.23740514809392,0.0033854688977109884,-1.7081468270882427,0.951119764017425,0.08141062026007019,7.612219500496811,52.968088756719666,17,56.0
NZD_USD,7,14,2.0,5,PASS,8315,1.1806774904790538,9.561034275405893,76.26957588535151,0.007768605155877313,-1.1886772960935952,0.9846539620082945,0.1660583269357623,15.142297859315082,52.33914612146723,17,56.0
NZD_USD,7,18,2.5,5,PASS,8200,1.1972256097560978,4.597560975609756,101.87856082040386,0.010377064559169237,-1.0054156919854693,0.990227674648011,0.20546589156636452,18.605727808842115,52.926829268292686,17,56.0
NZD_USD,7,21,3.0,5,PASS,8184,1.1995662267839686,3.005865102639296,112.75319706372188,0.01148472451672718,-0.9300447743715253,0.991818980886417,0.2154260227902062,19.488614898960098,53.50684261974584,17,56.0
NZD_USD,7,24,3.5,5,PASS,8083,1.2143593550249496,1.8310033403439316,101.7343797615467,0.010362378680767326,-0.9685556016201153,0.9905693484008493,0.1922330649291347,17.2828109626389,52.12173697884449,17,56.0
NZD_USD,7,28,4.0,5,PASS,8088,1.213825008242664,1.1869436201780417,112.24484681739146,0.011432945385942837,-1.3002520328875953,0.9885485851344221,0.206984774787084,18.614825631327335,52.74480712166172,17,56.0
NZD_USD,9,9,1.0,5,PASS,7773,1.2627899995711651,26.283288305673487,12.290922893471762,0.001251918944773547,-3.9632173565393725,0.7561718248040429,0.032942164826162156,2.9043334028228847,53.78875595008362,17,56.0
NZD_USD,9,14,1.5,5,PASS,7346,1.3363508485343496,9.692349578001634,67.37469227895599,0.0068625972511074575,-1.0632518401580282,0.98446400087198,0.15748684708423788,13.498010151696718,54.7236591342227,17,56.0
NZD_USD,9,18,2.0,5,PASS,7231,1.357615359793482,4.522196100124464,86.47120158019499,0.00880771414594727,-0.962228935889987,0.9889947251273302,0.18400651921435457,15.647047133209188,53.98976628405477,17,56.0
NZD_USD,9,22,2.5,5,PASS,7144,1.373891843971631,2.561590145576708,98.55225303934486,0.010038256174856026,-0.9710998578115833,0.9902424925452915,0.2005967886944087,16.954879172584334,53.21948488241881,17,56.0
NZD_USD,9,27,3.0,5,PASS,7081,1.3862095749187968,1.440474509250106,105.48291108358677,0.010744193571139113,-0.7878105683990579,0.992586758082071,0.21422609027492143,18.026842278099185,53.89069340488631,17,56.0
NZD_USD,9,32,3.5,5,PASS,7087,1.3852946709938387,0.8325102299985889,105.70070106864772,0.010766377048380236,-1.0331606197981398,0.9903202170009184,0.206521628889407,17.3858832197925,53.57697192041767,17,56.0
NZD_USD,9,36,4.0,5,PASS,7067,1.3891679637752934,0.6226121409367483,110.39537736858902,0.011244563613410079,-0.9441317269950552,0.9915202452870119,0.20641665088114886,17.352508786596736,53.23333805009197,17,56.0
NZD_USD,12,12,1.0,5,PASS,6306,1.5562955915001586,15.033301617507137,30.647473297498948,0.0031216657010320454,-2.5635671328175946,0.9228097915752903,0.07991592338129253,6.346149590982897,54.5987947986045,17,56.0
NZD_USD,12,18,1.5,5,PASS,6140,1.5987920738327903,4.951140065146579,70.81329906499654,0.007212844097205365,-1.4875750650842674,0.9794252132773957,0.16765245005829016,13.136936181041664,55.30944625407166,17,56.0
NZD_USD,12,24,2.0,5,PASS,6042,1.624296590532936,2.284011916583913,78.08848823427297,0.007953874467891859,-1.4471336648933824,0.9818052134334472,0.17370762836798706,13.50234658145835,53.95564382654751,17,56.0
NZD_USD,12,30,2.5,5,PASS,6138,1.5990822200499621,1.0426849136526557,90.31217086741802,0.009198944508276033,-1.0646688845845638,0.9883485915306977,0.18822062595813835,14.746218185467715,54.44770283479961,17,56.0
NZD_USD,12,36,3.0,5,PASS,6058,1.6205705953560032,0.6272697259821723,99.91048563441183,0.010176601938791819,-1.6661891115442735,0.9835967350209934,0.20729095382541723,16.134108916215453,56.17365467150874,17,56.0
NZD_USD,12,42,3.5,5,PASS,6133,1.6001820751127778,0.3261046796021523,99.65023369451978,0.010150093405885964,-1.0160309237108682,0.9899069372687654,0.2041625348185125,15.988677088616498,55.388879830425566,17,56.0
NZD_USD,12,48,4.0,5,PASS,6133,1.6001820751127778,0.14674710582096853,103.82815844731077,0.010575645107185424,-1.0160309237108682,0.9903091346329614,0.21171506288630385,16.580141788964053,55.4704060003261,17,56.0
NZD_USD,14,14,1.0,5,PASS,5746,1.7085363731291332,10.059171597633137,50.634460963040745,0.00515748422534622,-1.6151977539068787,0.9690869224111701,0.1327722365654103,10.064450816991057,56.05638705186217,17,56.0
NZD_USD,14,21,1.5,5,PASS,5626,1.7448897973693567,3.146107358691788,71.22096307949332,0.007254367610718091,-2.15463702290066,0.9706355107161793,0.1715390472444092,12.866572086157118,55.90117312477781,17,56.0
NZD_USD,14,28,2.0,5,PASS,5520,1.7784269323671495,1.322463768115942,82.3134021931857,0.008384212357979053,-1.2811735544530443,0.9846739630772128,0.185011220726537,13.745723622526139,56.14130434782608,17,56.0
NZD_USD,14,35,2.5,5,PASS,5502,1.7839573488428448,0.7451835696110506,85.85446595365981,0.008744895184225016,-1.015295041519741,0.9883124457821856,0.19190326097593108,14.23451412503167,55.77971646673937,17,56.0
NZD_USD,14,42,3.0,5,PASS,5538,1.7727669435415914,0.36114120621162876,98.57269819011998,0.010040338660590089,-0.8368682172192494,0.9915816128420668,0.21030945850166888,15.65075456457926,56.35608522932467,17,56.0
NZD_USD,14,49,3.5,5,PASS,5510,1.7817755595886267,0.1996370235934664,98.65135860115906,0.010048350789511329,-1.015295041519741,0.9898130918977199,0.21741739403681207,16.138757108153303,55.317604355716874,17,56.0
NZD_USD,14,56,4.0,5,PASS,5510,1.7817755595886267,0.10889292196007261,90.38868165714403,0.009206737682797408,-1.572215041240165,0.9829034394216842,0.19336585382353225,14.353426328623387,54.7005444646098,17,56.0
NZD_USD,17,17,1.0,5,PASS,4982,1.9686872741870733,6.202328382175833,54.66188235266567,0.005567706076053271,-1.8796525368536416,0.9667562520096699,0.14642576192202145,10.335211159170505,56.724207145724606,17,56.0
NZD_USD,17,26,1.5,5,PASS,4785,2.049965168930686,2.0480668756530824,71.60118112070315,0.007293095554344529,-1.2828483691488335,0.9823987727060638,0.1774227276891148,12.272985548699637,55.820271682340646,17,56.0
NZD_USD,17,34,2.0,5,PASS,4858,2.0209105255935227,0.84396871140387,74.09406704206474,0.007547013924768077,-1.8535701121806167,0.9755941042850863,0.1808819617178327,12.607355949437729,55.35199670646357,17,56.0
NZD_USD,17,42,2.5,5,PASS,4851,2.0237579880437027,0.3916718202432488,77.99178480116986,0.007944024527332005,-1.2828483691488335,0.9838176688072124,0.1844346478137073,12.845711027927587,56.153370439084725,17,56.0
NZD_USD,17,51,3.0,5,PASS,4748,2.0669404661611908,0.2737994945240101,82.17414496129555,0.00837002800678663,-1.515751899959147,0.9818884721237973,0.1910716520376059,13.165932183342735,56.381634372367316,17,56.0
NZD_USD,17,60,3.5,5,PASS,4842,2.025626462894121,0.061957868649318466,87.50603367977837,0.008913119242159885,-1.410435609403369,0.9841375211962564,0.20066725818572315,13.96332702025738,56.712102437009506,17,56.0
NZD_USD,17,68,4.0,5,PASS,4748,2.0669404661611908,0.0,87.18976180345183,0.008880904675596898,-1.515751899959147,0.9829125401942082,0.20184918306373054,13.908565855478995,56.4658803706824,17,56.0
NZD_USD,20,20,1.0,5,PASS,4442,2.2082582920606333,4.007203962179198,59.04881242011849,0.006014546472697363,-1.5881189218985383,0.9738093784307637,0.16478177105568356,10.982429989074566,57.18144979738856,17,56.0
NZD_USD,20,30,1.5,5,PASS,4249,2.3082097748489843,1.4120969639915275,78.04397166665572,0.007949340135129431,-1.3015440167994414,0.983596501886863,0.20740454275916193,13.519531126243809,57.990115321252055,17,56.0
NZD_USD,20,40,2.0,5,PASS,4315,2.2751448435689454,0.41714947856315177,78.39474987641448,0.007985069420067341,-1.9873732129493962,0.9752759303117691,0.2059788013389468,13.53047136590006,58.09965237543453,17,56.0
NZD_USD,20,50,2.5,5,PASS,4315,2.2751448435689454,0.16222479721900346,74.8712002618958,0.007626170535622427,-1.4441965372193255,0.9810759480027225,0.18849140596767353,12.381747804071823,57.172653534183084,17,56.0
NZD_USD,20,60,3.0,5,PASS,4305,2.2770034843205575,0.06968641114982578,81.70381073311057,0.008322121081021684,-1.5699396466415143,0.9811472446061077,0.20100544659514388,13.18846962538609,58.32752613240418,17,56.0
NZD_USD,20,70,3.5,5,PASS,4280,2.293282710280374,0.023364485981308414,78.86736188443743,0.008033208354100168,-1.5030468210414665,0.9812985046953109,0.19270275408564794,12.606943488799695,57.943925233644855,17,56.0
NZD_USD,20,80,4.0,5,PASS,4280,2.293282710280374,0.023364485981308414,79.01003419510617,0.008047740555641818,-1.5030468210414665,0.9813316444722813,0.19232938892620416,12.582517302012025,57.943925233644855,17,56.0
NZD_USD,24,24,1.0,5,PASS,3878,2.528966821385594,2.707581227436823,54.79233697586024,0.005580993818204621,-1.68371895393983,0.9701870301277289,0.15693931248223855,9.77317438592489,56.91077875193399,17,56.0
NZD_USD,24,36,1.5,5,PASS,3902,2.51202374850504,0.5894413121476166,68.79063354483807,0.007006821058449537,-2.230237543888885,0.9685974346737788,0.1937079738859918,12.10016050437583,58.55971296770887,17,56.0
NZD_USD,24,48,2.0,5,PASS,3835,2.5574967405475877,0.2607561929595828,69.7111760585857,0.0071005849378928156,-1.5365515330710566,0.97843367662366,0.18804532519577732,11.645153712932471,57.913950456323334,17,56.0
NZD_USD,24,60,2.5,5,PASS,3809,2.575172836264987,0.07876082961407194,74.08929837284425,0.007546528201491621,-1.4471636224752555,0.9808415223026341,0.19713524945085725,12.166615213286764,58.598057232869515,17,56.0
NZD_USD,24,72,3.0,5,PASS,3809,2.575172836264987,0.026253609871357313,73.93888388408588,0.0075312074033971966,-1.4471636224752555,0.9808032962286648,0.19697494315829747,12.156721574359805,58.598057232869515,17,56.0
NZD_USD,24,84,3.5,5,PASS,3809,2.575172836264987,0.0,74.19534525264636,0.00755732983933518,-1.4471636224752555,0.9808683814961191,0.19644557322478634,12.124050399090772,58.598057232869515,17,56.0
NZD_USD,24,96,4.0,5,PASS,3809,2.575172836264987,0.0,74.19534525264636,0.00755732983933518,-1.4471636224752555,0.9808683814961191,0.19644557322478634,12.124050399090772,58.598057232869515,17,56.0
NZD_USD,27,27,1.0,5,PASS,3429,2.8570525906483915,1.7497812773403325,49.23535961698387,0.005014975685021954,-1.7873245042422292,0.9649700023621713,0.15345407769847208,8.985912304083985,57.159521726450855,17,56.0
NZD_USD,27,40,1.5,5,PASS,3384,2.900462962962963,0.41371158392434987,60.88290397172701,0.006201361895738329,-1.3934899425353564,0.9776241067449439,0.1876244398010046,10.914518610988232,57.83096926713947,17,56.0
NZD_USD,27,54,2.0,5,PASS,3423,2.867392151134482,0.1460706982179375,56.97851195375404,0.005803671471879336,-1.9983968710380666,0.96611560505867,0.16926261446426924,9.902947903479191,57.4934268185802,17,56.0
NZD_USD,27,68,2.5,5,PASS,3396,2.8872693364742834,0.029446407538280327,52.09770669869864,0.005306526333347906,-3.382515832832974,0.9390320427984845,0.15296856718795798,8.914275244316556,57.126030624263834,17,56.0
NZD_USD,27,81,3.0,5,PASS,3384,2.900462962962963,0.0,53.20645932918026,0.005419460767580238,-3.382515832832974,0.9402265931986064,0.1539373631768034,8.954868657311662,57.06264775413712,17,56.0
NZD_USD,27,94,3.5,5,PASS,3384,2.900462962962963,0.0,53.20645932918026,0.005419460767580238,-3.382515832832974,0.9402265931986064,0.1539373631768034,8.954868657311662,57.06264775413712,17,56.0
NZD_USD,27,108,4.0,5,PASS,3384,2.900462962962963,0.0,53.20645932918026,0.005419460767580238,-3.382515832832974,0.9402265931986064,0.1539373631768034,8.954868657311662,57.06264775413712,17,56.0
EUR_GBP,5,5,1.0,0,FAIL,9897,0.9929860900609612,43.07365868444983,-70.30095866656993,-0.007153311660000501,-70.30571378726454,-14784.263782466163,-0.21868835572808734,-21.755919558286802,47.974133575831054,11,38.3
EUR_GBP,5,8,1.5,0,FAIL,8621,1.139852298650582,18.675327688203225,-22.96390884151933,-0.002336639499531361,-23.080876700031528,-196.3266587386878,-0.06028525023304267,-5.597445715859134,44.832386034102775,11,38.3
EUR_GBP,5,10,2.0,2,FAIL,8341,1.1782360228589697,11.521400311713224,5.560962938145786,0.0005658429384290184,-3.949110598378091,0.5847444729831637,0.013703035364127161,1.2514855489725496,44.80278144107422,11,38.3
EUR_GBP,5,12,2.5,5,PASS,8193,1.199499572806054,7.079213963139265,17.39895700067443,0.001770390679522213,-3.695980559761751,0.8247930078402503,0.04008718285023381,3.6284990562374655,44.28170389356768,11,38.3
EUR_GBP,5,15,3.0,5,PASS,8107,1.2122137247646068,3.6141606019489334,30.388510752076893,0.0030921127167537732,-2.4019571656642213,0.9267483107685495,0.06447915340563641,5.805630787624964,43.13556186012089,11,38.3
EUR_GBP,5,18,3.5,5,PASS,8118,1.2103966494210396,1.983247105198325,28.586239912507413,0.0029087268105626833,-2.7102839399284804,0.9133998410587848,0.059445687330155414,5.356053129573216,43.729982754373,11,38.3
EUR_GBP,5,20,4.0,5,PASS,8078,1.216483040356524,1.4607576132706115,38.69646408408461,0.003937469317400688,-1.8239953588616236,0.954985817437982,0.07834258421332099,7.041250863935016,44.40455558306511,11,38.3
EUR_GBP,6,6,1.0,0,FAIL,8381,1.172523167482003,33.58787734160602,-48.827701419582795,-0.004968349970194887,-48.86756406318318,-1224.8987274669284,-0.14717053301174793,-13.47313877537556,47.96563655888319,11,38.3
EUR_GBP,6,9,1.5,0,FAIL,7716,1.2736737515120098,15.202177293934682,-10.724986921331295,-0.0010912962703906078,-11.70928282528926,-10.896100327355759,-0.02871807526665077,-2.522617701439158,45.48989113530327,11,38.3
EUR_GBP,6,12,2.0,5,PASS,7481,1.3134830459386,7.445528672637349,9.854954185686774,0.0010027680990752485,-3.731521882728107,0.7253502774422168,0.02368887752070735,2.0489167359820715,44.5528672637348,11,38.3
EUR_GBP,6,15,2.5,5,PASS,7335,1.3396273574187683,3.517382413087935,32.65755806521058,0.0033229943847992247,-2.456206092395377,0.9300500487110739,0.07467605302670485,6.3956017769692695,44.8943421949557,11,38.3
EUR_GBP,6,18,3.0,5,PASS,7335,1.3396273574187683,2.0722563053851397,41.19340989813981,0.00419154027098164,-2.1397139916880894,0.9506217461467077,0.08885239013322467,7.609728704070657,45.68507157464213,11,38.3
EUR_GBP,6,21,3.5,5,PASS,7222,1.360761100341549,1.3431182497923013,45.43171435316663,0.004622799150687251,-1.7387101419175979,0.9631398241476755,0.09818933656519661,8.344360675135597,45.01523123788424,11,38.3
EUR_GBP,6,24,4.0,5,PASS,7237,1.3577449219289761,0.9672516236009396,46.038171130318645,0.004684507759183805,-1.7788930167962473,0.9627979457014911,0.09680017632585049,8.234845106461435,44.493574685643225,11,38.3
EUR_GBP,8,8,1.0,0,FAIL,6718,1.462774139128709,19.4254242334028,-21.995858297866803,-0.002238137752574781,-22.409262048008628,-53.20672173467425,-0.06472838740563387,-5.305359127009878,47.43971420065496,11,38.3
EUR_GBP,8,12,1.5,4,PASS,6443,1.5252987738631072,7.046406953282633,9.95950971619418,0.0010134069055678238,-4.537175648655036,0.6870197886989714,0.026762619614155717,2.148189982493882,46.01893527859693,11,38.3
EUR_GBP,8,16,2.0,5,PASS,6289,1.5625430646101657,3.545873747813643,27.048387170021208,0.002752246157057435,-2.2679592858510897,0.9226384062125585,0.06440953276009784,5.107883061341834,46.764191445380824,11,38.3
EUR_GBP,8,20,2.5,5,PASS,6229,1.5774335099266872,1.541178359287205,24.83578698713061,0.0025271081363618946,-4.511324179295891,0.8462770610125024,0.05777609203410909,4.559921101736422,45.76978648258147,11,38.3
EUR_GBP,8,24,3.0,5,PASS,6209,1.582541472056692,1.0146561443066515,33.573694835657975,0.003416213765679629,-4.1180971856180975,0.8907428656272556,0.07693568854730834,6.062317458653127,46.11048478015783,11,38.3
EUR_GBP,8,28,3.5,5,PASS,6310,1.5574484944532492,0.5705229793977813,44.288028171533924,0.004506426005091086,-1.7056461761130013,0.9629156356758816,0.09756554353717992,7.750168556412226,46.3391442155309,11,38.3
EUR_GBP,8,32,4.0,5,PASS,6320,1.5550105485232066,0.3481012658227848,37.70686850294359,0.0038367753049216346,-2.043934139601045,0.9485813114773824,0.08297585206285944,6.59644977253095,45.474683544303794,11,38.3
EUR_GBP,9,9,1.0,0,FAIL,6017,1.6332890144590329,15.439587834469004,-12.750593561810687,-0.0012974071951169584,-13.0763586113661,-39.14045898788723,-0.03864516905906958,-2.997679633346713,47.714808043875685,11,38.3
EUR_GBP,9,14,1.5,5,PASS,5865,1.675092355782893,5.166240409207161,18.531463249050788,0.001885626236834554,-3.4553959736249196,0.8428426753166608,0.04863262604084034,3.7244464059990876,46.25745950554135,11,38.3
EUR_GBP,9,18,2.0,5,PASS,5787,1.6982172685905188,2.436495593571799,27.74483928111622,0.0028231120328779447,-2.0693648945490524,0.930591308681045,0.06831905680453927,5.197190107706683,46.500777604976676,11,38.3
EUR_GBP,9,22,2.5,5,PASS,5834,1.6825934178950976,1.3712718546451834,32.48312807664502,0.003305245664230879,-2.623295537554014,0.925275910574582,0.07627138066645912,5.82565578713264,46.0061707233459,11,38.3
EUR_GBP,9,27,3.0,5,PASS,5775,1.6994372294372295,0.70995670995671,37.481865410055,0.0038138806349423825,-2.739832415945382,0.9318817314028379,0.0885593999799266,6.729931745623182,46.82251082251082,11,38.3
EUR_GBP,9,32,3.5,5,PASS,5798,1.694463608140738,0.3794411866160745,41.132422348289126,0.0041853346237225334,-2.04564724837352,0.9526230035876446,0.09624129561094136,7.32825488879169,47.11969644705071,11,38.3
EUR_GBP,9,36,4.0,5,PASS,5915,1.661439842209073,0.2366863905325444,34.498894925913966,0.0035103553637316747,-2.029044398827639,0.9444522621221806,0.07648057562972921,5.882047434677207,46.23837700760778,11,38.3
EUR_GBP,11,11,1.0,3,FAIL,5541,1.7735216266618539,9.52896589063346,4.325279323856998,0.0004401088065790235,-3.5907388990032705,0.5463958270543444,0.012649854383953633,0.9416285143819267,47.96968056307526,11,38.3
EUR_GBP,11,16,1.5,5,PASS,5253,1.8696141887175584,3.407576622882163,26.75354612093084,0.002722245287164492,-3.0486952469505253,0.8977024845441262,0.07267017022644559,5.266958275400543,48.27717494764896,11,38.3
EUR_GBP,11,22,2.0,5,PASS,5147,1.906417978110226,1.4765883038663299,33.83225313358694,0.003442522768038151,-3.503419420619781,0.906164287906338,0.0867049613944373,6.220438967679429,47.075966582475225,11,38.3
EUR_GBP,11,28,2.5,5,PASS,5072,1.9370070977917981,0.611198738170347,31.338360691666036,0.0031887625032857,-3.4023758122594874,0.902063797298165,0.08155757176450401,5.80836512811341,47.02287066246057,11,38.3
EUR_GBP,11,33,3.0,5,PASS,5194,1.8921191117956617,0.3080477474008471,30.611986169072722,0.0031148519416013556,-3.3857395940963575,0.900412762380587,0.0769711967705707,5.547268814212503,47.45860608394301,11,38.3
EUR_GBP,11,38,3.5,5,PASS,5194,1.8921191117956617,0.2117828263380824,39.024785004050365,0.003970876854218958,-3.3857395940963575,0.9201674672459885,0.09618150811572203,6.931744637732694,48.26723142087023,11,38.3
EUR_GBP,11,44,4.0,5,PASS,5007,1.9624858531389389,0.09986019572598363,33.02288963122628,0.003360167854414925,-3.3857395940963575,0.9070072214709601,0.08095201522791874,5.728177410720811,45.7359696425005,11,38.3
EUR_GBP,13,13,1.0,5,PASS,4695,2.093219737309194,6.112886048988286,10.242434113401188,0.0010421952240748074,-2.3300792123757117,0.8146687816509649,0.03112948019028326,2.1329941633362317,48.07241746538871,11,38.3
EUR_GBP,13,20,1.5,5,PASS,4602,2.135466463856295,2.107779226423294,28.931184150338073,0.002943825814691875,-1.8427330570916263,0.9401202958768363,0.08237342647430893,5.588051999822727,47.80530204259018,11,38.3
EUR_GBP,13,26,2.0,5,PASS,4685,2.097527570259694,0.7897545357524013,41.45349018877184,0.004218004140191991,-2.324715235683376,0.9468978864450037,0.11142419780835183,7.626658734409495,48.836712913553896,11,38.3
EUR_GBP,13,32,2.5,5,PASS,4521,2.173560421735604,0.4423800044238001,29.39340012228665,0.0029908575332387014,-1.8759328194302463,0.9400072645320958,0.08069782397316044,5.425991106488143,48.396372483963724,11,38.3
EUR_GBP,13,39,3.0,5,PASS,4521,2.173560421735604,0.22119000221190005,38.10704487014004,0.003877494326793013,-1.7838858184049442,0.9552809175515877,0.09974609406055959,6.7067659650839255,47.64432647644327,11,38.3
EUR_GBP,13,46,3.5,5,PASS,4521,2.173560421735604,0.17695200176952003,40.27199608438337,0.004097783936748835,-1.7838858184049442,0.9575829649101552,0.10847724566576061,7.293834471106802,47.5558504755585,11,38.3
EUR_GBP,13,52,4.0,5,PASS,4521,2.173560421735604,0.04423800044238001,37.76926838283113,0.003843124660561281,-1.8016218880201924,0.9544710296966126,0.10012928246682033,6.732530933482225,48.064587480645876,11,38.3
EUR_GBP,15,15,1.0,5,PASS,4136,2.37586637653127,4.182785299806576,18.718573398584823,0.001904665197892175,-1.6087927219518257,0.9208558200599107,0.06036342368361254,3.8820768555229628,48.815280464216634,11,38.3
EUR_GBP,15,22,1.5,5,PASS,4362,2.2506686535228493,1.4901421366345713,33.419892884359356,0.003400564003394404,-1.536912497961948,0.9560339544431251,0.09994359831513708,6.60081881635166,48.922512608895005,11,38.3
EUR_GBP,15,30,2.0,5,PASS,4229,2.323086624103413,0.6384488058642706,38.58077315469849,0.0039256974541170145,-2.1756315845073058,0.9466186578912236,0.10985552548664781,7.143988526985335,49.91723811775833,11,38.3
EUR_GBP,15,38,2.5,5,PASS,4126,2.377363063499758,0.24236548715462916,33.50479930388358,0.0034092034599866278,-2.914784075356471,0.919966572791221,0.09559855494127958,6.140672550666406,49.10324769752788,11,38.3
EUR_GBP,15,45,3.0,5,PASS,4116,2.382977000323939,0.09718172983479105,38.1342534541648,0.003880262873410984,-2.1323136549658135,0.9470450597592089,0.1074288910094023,6.892214348260459,49.927113702623906,11,38.3
EUR_GBP,15,52,3.5,5,PASS,4116,2.382977000323939,0.048590864917395525,38.245033311904606,0.0038915350219434364,-2.1323136549657837,0.9471903476789759,0.10788513033729802,6.921484865831828,49.9514091350826,11,38.3
EUR_GBP,15,60,4.0,5,PASS,4116,2.382977000323939,0.024295432458697763,42.81211003503582,0.00435624736435459,-2.1323136549657766,0.9525566582036263,0.11916508045949564,7.645162019615986,50.48590864917396,11,38.3
EUR_GBP,18,18,1.0,5,PASS,3687,2.660993581050538,2.902088418768647,27.535499245048253,0.002801811121065173,-1.641057805530284,0.9437542338293907,0.09189313325248667,5.57981279712347,49.932194195823165,11,38.3
EUR_GBP,18,27,1.5,5,PASS,3729,2.630285152409046,0.6436041834271923,34.7899000711021,0.003539965920083651,-1.7168172052982673,0.9529725668758473,0.11019292178556188,6.72899011467558,49.61115580584607,11,38.3
EUR_GBP,18,36,2.0,5,PASS,3606,2.7251109262340543,0.3050471436494731,34.00669391006392,0.0034602725863055045,-2.5720957534844744,0.9296834100542254,0.1050680966327357,6.3093370156993,49.694952856350525,11,38.3
EUR_GBP,18,45,2.5,5,PASS,3632,2.700394640234949,0.08259911894273128,44.02861799710777,0.004480030322007354,-2.2466338576964806,0.9514506400798067,0.1351568169439795,8.14537109556513,51.37665198237885,11,38.3
EUR_GBP,18,54,3.0,5,PASS,3632,2.700394640234949,0.027533039647577095,44.62545751476334,0.0045407603484788825,-2.2466338576964806,0.9520688368725848,0.13559388744617612,8.17171161997088,51.37665198237885,11,38.3
EUR_GBP,18,63,3.5,5,PASS,3632,2.700394640234949,0.0,45.52842817182101,0.004632640041903896,-2.2466338576964806,0.952974757912226,0.13840926233597603,8.34138321899989,51.404185022026425,11,38.3
EUR_GBP,18,72,4.0,5,PASS,3632,2.700394640234949,0.0,45.52842817182101,0.004632640041903896,-2.2466338576964806,0.952974757912226,0.13840926233597603,8.34138321899989,51.404185022026425,11,38.3
USD_JPY,12,12,1.0,5,PASS,13558,0.7247996262968973,62.50921964891577,16.385917683029657,0.0016673253416914485,-7.115299071541389,0.6972369922013743,0.02210690058315116,2.5741015313904687,60.37026110045729,31,104.5
USD_JPY,12,18,1.5,5,PASS,11148,0.881555734959933,37.656978830283464,165.33511236133194,0.01682343510104114,-1.365643431548404,0.9918078149972808,0.19011820763030857,20.073457890042548,59.55328310010765,31,104.5
USD_JPY,12,24,2.0,5,PASS,10229,0.9607488513051129,21.60524000391045,259.4517196493814,0.026400134279013134,-1.6963830348547002,0.9935041341774332,0.2659129640072646,26.894043329055236,58.53944667122886,31,104.5
USD_JPY,12,30,2.5,5,PASS,9810,1.001698946653075,12.92558613659531,339.7660366266013,0.03457240137977153,-1.3959929166053315,0.9959081234260609,0.31604770994256814,31.30308579288994,58.603465851172274,31,104.5
USD_JPY,12,36,3.0,5,PASS,9574,1.0264518487570504,8.157509922707334,383.683829849924,0.03904119287554767,-0.9513990383353159,0.9975264901213412,0.33636262162552544,32.91201257646437,58.71109254230207,31,104.5
USD_JPY,12,42,3.5,5,PASS,9532,1.0309833543152889,5.035669324381032,418.7242935858165,0.042606684555759236,-1.3055614878286543,0.996891741213015,0.3532447663709411,34.487979599845616,58.64456567352077,31,104.5
USD_JPY,12,48,4.0,5,PASS,9466,1.0381276850482428,3.5495457426579335,448.04404476002446,0.04559007340772898,-1.1107819981012472,0.9975269507708098,0.3622888766998369,35.24830601444482,58.69427424466511,31,104.5
USD_JPY,17,17,1.0,5,PASS,9684,1.0144998623158474,41.56340355225114,103.1479438090917,0.010495669756377408,-2.642781322735029,0.9750187805269145,0.126711407118358,12.469329582614527,62.050805452292444,31,104.5
USD_JPY,17,26,1.5,5,PASS,8551,1.149222313179745,19.143959770787042,253.1999091682508,0.025763990350532593,-1.674407815196778,0.993430456881595,0.2727363223872699,25.220368818642303,60.72973921178809,31,104.5
USD_JPY,17,34,2.0,5,PASS,8259,1.189893853170279,9.528998668119627,321.81547267662756,0.032745867721394796,-1.2014367396741965,0.9962805763269632,0.3154462389191108,28.667451518483276,60.334180893570654,31,104.5
USD_JPY,17,42,2.5,5,PASS,8150,1.20579754601227,5.58282208588957,375.51842008293966,0.03821033342091439,-1.2676250560146887,0.9966356900093071,0.3394235023799728,30.64225446729209,60.88343558282209,31,104.5
USD_JPY,17,51,3.0,5,PASS,8119,1.2104117912715031,2.956029067619165,412.36932774434865,0.04196004420286423,-1.5054624230524705,0.9963625172182061,0.3521301844275789,31.728864124443863,60.660179825101615,31,104.5
USD_JPY,17,60,3.5,5,PASS,8119,1.2104117912715031,1.7120335016627666,418.36965698726846,0.042570599021870416,-1.5455167272218626,0.9963194549185957,0.3445829419939801,31.04881611867814,61.01736667077227,31,104.5
USD_JPY,17,68,4.0,5,PASS,8084,1.2153636813458684,1.1999010390895597,462.6729390131964,0.047078615372912844,-1.573962184820169,0.9966096441769272,0.3744082688904038,33.663447013940896,61.49183572488867,31,104.5
USD_JPY,22,22,1.0,5,PASS,7763,1.2658336553737817,27.88870282107433,179.46272413291635,0.018260969792719503,-2.0062994195402,0.9889441218106281,0.21535336374184819,18.97433014120056,62.91382197604018,31,104.5
USD_JPY,22,33,1.5,5,PASS,7302,1.3458527344106637,10.914817858121063,289.7726260010401,0.029485394227287604,-1.6846901650977648,0.9942197705404744,0.2948386316935477,25.19447432338327,62.708846891262674,31,104.5
USD_JPY,22,44,2.0,5,PASS,7113,1.3813205867191527,5.1455082243779,350.3459815148198,0.03564894836157988,-2.0314595612576603,0.9942349897455011,0.3329358136970531,28.07934150274168,62.21003795866723,31,104.5
USD_JPY,22,55,2.5,5,PASS,7121,1.3797219491644435,2.499648925712681,394.8595725394066,0.040178364400441605,-1.888404174640283,0.9952402928673248,0.3589311288176562,30.288768625079012,63.0669849740205,31,104.5
USD_JPY,22,66,3.0,5,PASS,7085,1.3869795342272406,1.3832039520112915,400.07615752465045,0.040709170456668296,-1.4095226684680233,0.9964892330212375,0.3524365128581109,29.66544195347041,62.6393789696542,31,104.5
USD_JPY,22,77,3.5,5,PASS,6974,1.40872048561323,0.8029825064525381,368.5212735302974,0.037498348899056816,-1.5476228244641632,0.9958180143219046,0.32237885235031694,26.922012180805538,61.08402638371092,31,104.5
USD_JPY,22,88,4.0,5,PASS,6972,1.4095309810671257,0.5880665519219735,386.3899873128308,0.039316554012091456,-1.3845875647074692,0.9964294008570709,0.3327003458079546,27.779980816089623,61.50315547905909,31,104.5
USD_JPY,26,26,1.0,5,PASS,6796,1.4457524033745341,20.011771630370806,220.24706510394896,0.02241092138899864,-1.917025016267037,0.9913711301622611,0.2575537212943988,21.232176429189284,64.11124190700413,31,104.5
USD_JPY,26,39,1.5,5,PASS,6520,1.507157464212679,7.177914110429448,298.10299094892724,0.03033303845764616,-1.4694281707576946,0.9950949150289746,0.31634812623813385,25.544009338256714,62.7760736196319,31,104.5
USD_JPY,26,52,2.0,5,PASS,6527,1.505630458097135,3.4012563199019454,348.3607131050111,0.035446940247431856,-1.5945986710094775,0.9954434220103222,0.33689991656488993,27.21809400989335,63.38287115060518,31,104.5
USD_JPY,26,65,2.5,5,PASS,6464,1.5203176567656767,1.4851485148514851,364.1209954789239,0.03705060497360417,-1.5188132220987551,0.9958461491720648,0.34213463006771166,27.507283822869677,63.288985148514854,31,104.5
USD_JPY,26,78,3.0,5,PASS,6464,1.5203176567656767,0.8663366336633664,407.591491525514,0.041473882392447925,-1.9010329188056654,0.9953575882212128,0.36714462480687676,29.518062514177654,64.5884900990099,31,104.5
USD_JPY,26,91,3.5,5,PASS,6441,1.5254618848004968,0.40366402732494955,366.62276911836204,0.03730516932995578,-2.0756064352042687,0.9943704486571499,0.33534181443154,26.91313930913068,62.89396056512964,31,104.5
USD_JPY,26,104,4.0,5,PASS,6441,1.5254618848004968,0.3260363297624593,369.48113019184143,0.037596017724638754,-1.6923145740195011,0.9954406367215008,0.33529062363664264,26.909030948839394,62.81633286756715,31,104.5
USD_JPY,31,31,1.0,5,PASS,6079,1.6161238142238306,13.044908702089158,225.03821271535668,0.022898437680903234,-1.7058312839838226,0.9924768419320034,0.2677323744778308,20.874542279637275,63.57953610791248,31,104.5
USD_JPY,31,46,1.5,5,PASS,5875,1.6727801418439716,4.54468085106383,293.6210458250136,0.029876984617408026,-2.532877675604226,0.9914474282641104,0.31384447254430775,24.05572330156301,64.17021276595744,31,104.5
USD_JPY,31,62,2.0,5,PASS,5802,1.6937693898655632,2.102723198896932,334.61018986177027,0.03404777565326835,-2.0227295993878434,0.9939912899706137,0.332728609121959,25.344224493134725,63.63322992071699,31,104.5
USD_JPY,31,78,2.5,5,PASS,5761,1.705085922582885,0.9894115604929701,323.3707844481873,0.03290412622001024,-2.0227295993878434,0.9937837433382519,0.30902176685510774,23.45513888725123,63.13140079847249,31,104.5
USD_JPY,31,93,3.0,5,PASS,5848,1.6803608071135432,0.5642954856361149,357.8902330538061,0.03641660275960446,-2.1044137173067643,0.9941543194150751,0.33301816711673093,25.4666375997106,64.24418604651163,31,104.5
USD_JPY,31,108,3.5,5,PASS,5800,1.6943678160919542,0.3793103448275862,368.7211532861178,0.037518687374363306,-2.299161421369624,0.993803138722519,0.34062698962504956,25.941378667178373,64.91379310344828,31,104.5
USD_JPY,31,124,4.0,5,PASS,5810,1.69149454962708,0.25817555938037867,378.18103923563194,0.03848126437970681,-2.5068923057033285,0.9934148364106176,0.34180459162767657,26.05349307028909,64.81927710843374,31,104.5
USD_JPY,37,37,1.0,5,PASS,5293,1.8565715725171612,8.993009635367466,250.79536251283616,0.025519319185242632,-2.179494934995597,0.9913845393293875,0.3001315713430708,21.83547425403314,64.5947477800869,31,104.5
USD_JPY,37,56,1.5,5,PASS,5249,1.8718486060836985,2.7433796913697845,274.94778606740454,0.02797691409294216,-1.5018995707929352,0.9945671865485188,0.3013006949899154,21.82923015359406,64.12650028576871,31,104.5
USD_JPY,37,74,2.0,5,PASS,5256,1.8687531709791982,1.1986301369863013,315.46886207541814,0.032100077543881375,-1.5777479446343603,0.9950236088487603,0.3251184042864058,23.57052375512609,65.39193302891934,31,104.5
USD_JPY,37,92,2.5,5,PASS,5256,1.8687531709791982,0.60882800608828,319.73476513741804,0.03253414833674505,-1.6515042298286111,0.994861310556048,0.323621705391439,23.462015665787018,65.62024353120243,31,104.5
USD_JPY,37,111,3.0,5,PASS,5124,1.9175448868071818,0.3708040593286495,331.8899349135828,0.03377098004751038,-2.4517575018344244,0.9926669106562153,0.3301955784624783,23.636099743090835,64.73458235753317,31,104.5
USD_JPY,37,130,3.5,5,PASS,5150,1.908220064724919,0.27184466019417475,328.0378604949664,0.033379017789400646,-1.9446812159508746,0.9941067148405248,0.31710129950502464,22.75629925671226,64.97087378640776,31,104.5
USD_JPY,37,148,4.0,5,PASS,5150,1.908220064724919,0.11650485436893204,326.0035004189832,0.03317201442380184,-2.032697265412464,0.9938034360849162,0.32032383775007384,22.987559881582005,65.08737864077669,31,104.5
USD_JPY,43,43,1.0,5,PASS,4694,2.0935946598494533,5.815935236472091,216.04675123187428,0.021983524529241356,-2.4412209074539537,0.9888267492093468,0.27406247717832743,18.77678015843204,65.4239454622923,31,104.5
USD_JPY,43,64,1.5,5,PASS,4725,2.0789065255731924,1.5026455026455028,266.07037917721874,0.02707360640137219,-1.698265330669326,0.993657713979953,0.3096442492875432,21.284523163019138,65.75661375661376,31,104.5
USD_JPY,43,86,2.0,5,PASS,4825,2.036770293609672,0.7046632124352332,303.69595782368816,0.030902142708376507,-2.7045806537506722,0.9911730551545691,0.3288094071422175,22.839831359637266,67.04663212435233,31,104.5
USD_JPY,43,108,2.5,5,PASS,4758,2.0650483396385035,0.46237915090374104,317.604286888558,0.03231736460555826,-1.8484266252373984,0.9942137707803268,0.3394038044060138,23.411482997764615,66.54056326187474,31,104.5
USD_JPY,43,129,3.0,5,PASS,4752,2.066726290684624,0.23148148148148145,300.3245027959504,0.030559085180878857,-1.8484266252373984,0.9938828847813136,0.31869688106826116,21.96929038263487,65.71969696969697,31,104.5
USD_JPY,43,150,3.5,5,PASS,4752,2.066726290684624,0.1473063973063973,303.2645850014741,0.030858248991093927,-1.8484266252373984,0.9939418295687146,0.31882548429714086,21.97815561429303,65.76178451178451,31,104.5
USD_JPY,43,172,4.0,5,PASS,4752,2.066726290684624,0.10521885521885521,305.1392140702731,0.031048999159204265,-1.8484266252373984,0.9939788239648684,0.3186186684966051,21.96389881842337,65.63552188552188,31,104.5
USD_JPY,50,50,1.0,5,PASS,4223,2.327077906701397,3.575657115794459,206.8409807237455,0.02104680467290427,-2.133648792295543,0.989789914702867,0.2594703066434094,16.861577608429943,65.45110111295288,31,104.5
USD_JPY,50,75,1.5,5,PASS,4263,2.305184142622566,1.2432559230588787,284.27822883884795,0.028926319795018956,-1.9746611938294782,0.9931016899301731,0.3437629500284077,22.44485137526091,67.55805770584095,31,104.5
USD_JPY,50,100,2.0,5,PASS,4223,2.3264267108690504,0.5209566658773384,264.40999365079756,0.026904656274883584,-1.7287722641150487,0.9935042448319319,0.30561773918704077,19.86045067922642,66.27989580866682,31,104.5
USD_JPY,50,125,2.5,5,PASS,4244,2.3128338045868677,0.25918944392082943,276.6086696149593,0.02814591489485052,-1.7287722641150487,0.9937889338479078,0.3111807966643418,20.27218103644759,66.77662582469368,31,104.5
USD_JPY,50,150,3.0,5,PASS,4172,2.354845797379354,0.09587727708533077,268.7895821394959,0.027350294963826197,-1.7287722641150487,0.9936094086187743,0.30225235119496124,19.522787977787,67.23394055608821,31,104.5
USD_JPY,50,175,3.5,5,PASS,4239,2.3178225996697335,0.04718093890068412,268.1504661300158,0.027285262639149592,-1.7287722641150487,0.993594274704487,0.3019581554536992,19.65977178115648,66.73743807501769,31,104.5
USD_JPY,50,200,4.0,5,PASS,4239,2.3178225996697335,0.02359046945034206,268.56850471756513,0.027327799550679897,-1.7287722641150487,0.9936041817238424,0.30106324358066955,19.60150621399014,66.73743807501769,31,104.5
EUR_JPY,13,13,1.0,4,PASS,12733,0.7717872195607215,57.81826749391345,21.371953212985716,0.002174506223924069,-10.689138065955072,0.6666009284289024,0.028187205120394538,3.1806610121659094,60.16649650514412,32,107.8
EUR_JPY,13,20,1.5,5,PASS,10499,0.9360494650284156,31.231545861510618,177.21380937457027,0.018030758705580276,-1.5132838009084835,0.9915329915905771,0.20172859021834857,20.67004496237136,58.434136584436615,32,107.8
EUR_JPY,13,26,2.0,5,PASS,9832,0.9994490778410632,19.27379983726607,261.5927020789726,0.026615955646871498,-1.0971260476175715,0.9958234924608924,0.26757078465274114,26.531367002672308,58.187550854353134,32,107.8
EUR_JPY,13,32,2.5,5,PASS,9524,1.0319368612627746,11.42377152456951,317.40942631551815,0.03229507224617578,-1.3320149826460455,0.9958210172570564,0.2960065685603052,28.887572056512184,58.000839983200336,32,107.8
EUR_JPY,13,39,3.0,5,PASS,9334,1.0528355117491608,6.706663809727877,366.07847364737796,0.037246942825383336,-1.1577323385986222,0.9968474449966329,0.31935158345197445,30.853395916601258,57.72444825369617,32,107.8
EUR_JPY,13,46,3.5,5,PASS,9259,1.0614717212081939,4.244518846527702,429.78034699084486,0.04372834013523828,-1.2896462375353666,0.9970082672007,0.35920487586678784,34.5640213895245,58.418835727400364,32,107.8
EUR_JPY,13,52,4.0,5,PASS,9235,1.0641761414907056,2.826204656199242,415.2470473129349,0.042249638105113736,-1.1132852429135274,0.9973261495972021,0.33879012470844333,32.55736081626787,57.93178126691932,32,107.8
EUR_JPY,18,18,1.0,5,PASS,9363,1.0496101676812988,38.876428495140445,109.53222880249233,0.011144442947150762,-2.962479300258018,0.9736656119188101,0.13384266270883066,12.950963509868584,61.75371141728079,32,107.8
EUR_JPY,18,27,1.5,5,PASS,8448,1.1633128156565655,17.720170454545457,239.3121337583782,0.02434900166270032,-1.5285824845303773,0.993653139268243,0.25283667012506816,23.238977454008385,59.765625,32,107.8
EUR_JPY,18,36,2.0,5,PASS,8094,1.2142636520879664,8.636026686434397,324.65931342076215,0.033032717723685115,-1.5454830070983847,0.9952622308929164,0.31566247543386394,28.399098757277482,60.14331603657029,32,107.8
EUR_JPY,18,45,2.5,5,PASS,8025,1.2245275181723778,4.635514018691589,374.4870428897227,0.03810247933014535,-1.3446101359453924,0.9964223073678854,0.3436335583894309,30.78350662566472,61.283489096573206,32,107.8
EUR_JPY,18,54,3.0,5,PASS,7992,1.229583750417084,2.715215215215215,394.52857255936004,0.04014162056208037,-1.1851242718572454,0.9970050966611784,0.34059227709006396,30.448263807866812,60.798298298298306,32,107.8
EUR_JPY,18,63,3.5,5,PASS,7847,1.25244254704558,1.6439403593730089,406.35489384883647,0.0413448989425733,-1.0789022805082296,0.9973519568313727,0.34206741789696093,30.301458693937303,60.96597425767809,32,107.8
EUR_JPY,18,72,4.0,5,PASS,7903,1.2433780420937197,1.0375806655700366,396.4302389146085,0.04033510710419025,-1.2520521454669875,0.9968516271063279,0.32696172237930904,29.066510941692574,60.15437175756042,32,107.8
EUR_JPY,22,22,1.0,5,PASS,7868,1.2489090832062362,27.402135231316727,152.0526634531837,0.015470718083094127,-2.397532855251221,0.9844769840857737,0.18038894692070723,16.000814811836943,61.82003050330452,32,107.8
EUR_JPY,22,33,1.5,5,PASS,7355,1.3361658735554045,11.312032630863358,282.06621179629667,0.02869904902922275,-1.4473871109179104,0.9948948229767575,0.2973764479283552,25.50338976215089,61.76750509857239,32,107.8
EUR_JPY,22,44,2.0,5,PASS,7243,1.3566316903677111,5.066961203921027,328.8837022055798,0.033462531490041275,-1.6483836869230355,0.9950129389633322,0.31475385661468686,26.78738395977498,61.50766257075797,32,107.8
EUR_JPY,22,55,2.5,5,PASS,7175,1.369477351916376,2.3832752613240418,356.9251027127087,0.03631562588542156,-1.2456465820111369,0.9965221990224943,0.3277380027131212,27.761169350022318,61.33797909407666,32,107.8
EUR_JPY,22,66,3.0,5,PASS,7175,1.369477351916376,1.3937282229965158,390.4039778479069,0.039721960422371215,-1.4471464511416443,0.9963068972847013,0.34449637895093116,29.180693838845368,62.63414634146341,32,107.8
EUR_JPY,22,77,3.5,5,PASS,7197,1.3653837247001066,0.7642073086008059,372.09702091171124,0.03785930466030079,-1.535713507835404,0.9958897779386992,0.3226459825736129,27.371715240740947,61.775739891621505,32,107.8
EUR_JPY,22,88,4.0,5,PASS,7135,1.3774234991824341,0.5325858444288718,401.46180900641417,0.04084704816880449,-1.7535090803716025,0.9956511843630053,0.33781690228835204,28.535032001568965,61.275402943237566,32,107.8
EUR_JPY,27,27,1.0,5,PASS,6722,1.46174253694337,18.77417435287117,186.86079275470487,0.019012298632845735,-1.8471659944151033,0.9902115098554437,0.21894374013280035,17.950716446702796,61.797084201130616,32,107.8
EUR_JPY,27,40,1.5,5,PASS,6480,1.5164866255144034,7.12962962962963,291.69732820334065,0.02967897455880557,-2.5725720251103437,0.9912577806187002,0.30705415897665966,24.717383000850177,62.00617283950617,32,107.8
EUR_JPY,27,54,2.0,5,PASS,6449,1.5236212332661396,2.791130407815165,318.15839788478087,0.0323712769487911,-2.721887067750522,0.9915174375136411,0.3125563649163535,25.100047063292028,61.885563653279576,32,107.8
EUR_JPY,27,68,2.5,5,PASS,6371,1.5426672945115887,1.4597394443572438,352.5375954470377,0.035869215500669425,-1.439633135334852,0.9959329781152862,0.3359468990953447,26.814792418067228,62.31360853869094,32,107.8
EUR_JPY,27,81,3.0,5,PASS,6337,1.5505628320446059,0.789016884961338,345.2993572440199,0.035132755249898166,-2.2383756242082877,0.9935593306495529,0.3155644437277141,25.120594704067337,61.92204513176583,32,107.8
EUR_JPY,27,94,3.5,5,PASS,6449,1.52395720266708,0.5737323616064506,351.4513264826657,0.03575869220874835,-1.7768257650658847,0.9949697504183649,0.3099679505170014,24.89218272093436,61.621956892541476,32,107.8
EUR_JPY,27,108,4.0,5,PASS,6229,1.577446888211056,0.321078824851501,341.88658956701863,0.03478552051283459,-1.9170288714673647,0.9944240584779931,0.3070391839207756,24.232764877792665,61.34210948787927,32,107.8
EUR_JPY,32,32,1.0,5,PASS,5950,1.6514425770308125,12.789915966386555,209.65454648748693,0.021331467071246158,-2.0696101778879945,0.9902249690801274,0.24644265010782346,19.00966016959257,62.991596638655466,32,107.8
EUR_JPY,32,48,1.5,5,PASS,5861,1.6766621168173803,4.350793379969288,285.4233955145785,0.02904062833259801,-2.1102677648166415,0.9926607975541072,0.3030013890225669,23.196928298687187,62.90735369390889,32,107.8
EUR_JPY,32,64,2.0,5,PASS,5756,1.7074646745425066,1.9631688672689367,311.11548075777984,0.03165468979484114,-1.5696143711608417,0.9949802072576769,0.3182997407340349,24.14886243324916,64.14176511466296,32,107.8
EUR_JPY,32,80,2.5,5,PASS,5756,1.7074646745425066,0.9034051424600417,326.20178109076073,0.03318965731246241,-2.451158021433781,0.9925418040439402,0.31939742797960824,24.23214210613533,63.16886726893676,32,107.8
EUR_JPY,32,96,3.0,5,PASS,5707,1.7221248758834178,0.5607149115121781,321.4116009373231,0.0327022766573785,-2.0790248371372417,0.9935731527547053,0.3065838329988208,23.160780243057708,63.43087436481514,32,107.8
EUR_JPY,32,112,3.5,5,PASS,5756,1.7074646745425066,0.4343293954134816,331.14796291279214,0.033692910480269844,-1.709799586155316,0.9948632726083391,0.3102868782595203,23.540940123456004,62.99513551077137,32,107.8
EUR_JPY,32,128,4.0,5,PASS,5756,1.7074646745425066,0.27797081306462823,341.0802823979948,0.03470348215443262,-1.5778785770750552,0.9953951816802348,0.31637176974729564,24.00259053862967,64.19388464211258,32,107.8
EUR_JPY,38,38,1.0,5,PASS,5354,1.8353256132486613,8.199477026522226,234.02089215798154,0.02381064011578483,-2.1662832862699,0.9908281079097743,0.2788347591456493,20.402627229070937,64.68061262607397,32,107.8
EUR_JPY,38,57,1.5,5,PASS,5155,1.9065632072421599,2.7546071774975753,285.02227524657144,0.028999816034787372,-1.9227014107966396,0.9932994073177573,0.31555525542670626,22.65633994310022,64.81086323957324,32,107.8
EUR_JPY,38,76,2.0,5,PASS,5174,1.8995619121247265,1.0243525318902202,263.1992498847837,0.026779415119571687,-2.2019257982614606,0.9917034060132006,0.2756843628069304,19.830120133152647,62.00231928875145,32,107.8
EUR_JPY,38,95,2.5,5,PASS,5085,1.9327105866928875,0.688298918387414,288.5866637283839,0.029362477550136143,-1.9948325874334767,0.993135032296532,0.2996562716964856,21.36824479769895,62.59587020648968,32,107.8
EUR_JPY,38,114,3.0,5,PASS,5039,1.9502546801614076,0.3572137328835086,292.4612936631228,0.02975670482662919,-1.8672537168094916,0.9936558864798148,0.3039824214477757,21.578470055490182,63.32605675729312,32,107.8
EUR_JPY,38,133,3.5,5,PASS,5092,1.9301518722178581,0.216025137470542,302.95017951555405,0.030823904784482485,-1.6657761647303215,0.9945315531453032,0.30279270916913514,21.60675817203295,63.7274155538099,32,107.8
EUR_JPY,38,152,4.0,5,PASS,5092,1.9301518722178581,0.1178318931657502,304.21578622823625,0.03095267493695013,-1.6657761647303215,0.9945541792329728,0.30812121138264775,21.9869907709698,63.98271798900236,32,107.8
EUR_JPY,45,45,1.0,5,PASS,4795,2.049356969064998,4.984358706986444,225.90867165003746,0.022985255846571163,-2.5147737041733786,0.9889907373550304,0.272567298171054,18.874178368732405,64.94264859228363,32,107.8
EUR_JPY,45,68,1.5,5,PASS,4578,2.1461336828309303,1.6819571865443423,259.5883465138572,0.026412020910169375,-2.1225462244786253,0.9918897291500939,0.29844840860788174,20.19329368888201,66.07688947138487,32,107.8
EUR_JPY,45,90,2.0,5,PASS,4600,2.1359601449275365,0.5869565217391304,272.1753870806602,0.027692699273093518,-2.0274528998442976,0.9926060105723615,0.30603635997501927,20.75639580185091,64.67391304347827,32,107.8
EUR_JPY,45,112,2.5,5,PASS,4620,2.126623376623377,0.38961038961038963,263.4302154089822,0.026802914888866353,-2.4163203807720794,0.9909108449595031,0.28482261030659245,19.359558552802746,64.13419913419914,32,107.8
EUR_JPY,45,135,3.0,5,PASS,4643,2.1167707660277117,0.2584535860435064,269.86959978555075,0.027458095127450243,-2.590758986551198,0.9904912443108165,0.2863253602738039,19.51008482858271,63.708808959724315,32,107.8
EUR_JPY,45,158,3.5,5,PASS,4643,2.1167707660277117,0.1292267930217532,283.602553978712,0.028855365375438095,-2.230603419536216,0.9921961348367001,0.29963959473174334,20.41731094174864,64.07495153995262,32,107.8
EUR_JPY,45,180,4.0,5,PASS,4643,2.1167707660277117,0.10768899418479431,283.34244266169344,0.028828900144481744,-2.230603419536216,0.992189026765146,0.2965425145399507,20.206277251945483,63.75188455739823,32,107.8
EUR_JPY,51,51,1.0,5,PASS,4211,2.333610385498298,3.870814533364996,200.7904638407627,0.020429583996143433,-3.350398253022088,0.9835878117753668,0.26017282563451094,16.883191805031913,64.92519591545951,32,107.8
EUR_JPY,51,76,1.5,5,PASS,4340,2.2638440860215057,1.2211981566820276,247.54672568354712,0.025186836708206355,-2.359825145540487,0.9905571697191948,0.2963523494724374,19.523300521791853,66.15207373271889,32,107.8
EUR_JPY,51,102,2.0,5,PASS,4340,2.2638440860215057,0.3686635944700461,258.05249608060126,0.026255754597359827,-2.454046221435962,0.9905797136618908,0.3014910450922025,19.86183098748003,66.75115207373273,32,107.8
EUR_JPY,51,128,2.5,5,PASS,4259,2.306957814823511,0.18783752054472883,254.69164942424266,0.025913802605463002,-2.359825145540487,0.9908196397258953,0.2872702528728536,18.747548108289045,66.44752289269782,32,107.8
EUR_JPY,51,153,3.0,5,PASS,4259,2.306957814823511,0.1408781404085466,259.053635569129,0.026357616323666483,-2.359825145540487,0.9909728246621691,0.29094224243824685,18.98718587217828,66.16576661188073,32,107.8
EUR_JPY,51,178,3.5,5,PASS,4259,2.306957814823511,0.1408781404085466,259.2451752810639,0.026377104682618994,-2.359825145540487,0.9909794341022065,0.28618281223619646,18.676580629245322,65.93096971119982,32,107.8
EUR_JPY,51,204,4.0,5,PASS,4259,2.306957814823511,0.0704390702042733,269.825038376299,0.027453561191744927,-2.359825145540487,0.9913300647398009,0.29212085217090633,19.064103138908678,65.93096971119982,32,107.8
GBP_JPY,16,16,1.0,5,PASS,12947,0.7595388893179887,58.824438093766894,45.78971258099689,0.004656265261439586,-10.06882784671179,0.8197441649993931,0.04791040229149679,5.451479603575523,62.36193712829227,40,134.8
GBP_JPY,16,24,1.5,5,PASS,10778,0.9123600544318673,33.577658192614585,218.5590030035492,0.022224832520190075,-1.8940303305655106,0.9914084632816327,0.19616133664070962,20.36491031114537,59.48227871590277,40,134.8
GBP_JPY,16,32,2.0,5,PASS,10007,0.9826288264881249,19.23653442590187,375.3878770209633,0.038172450378377396,-1.5858710745223132,0.9957931524873169,0.2991914286707259,29.929612735169677,59.918057359848106,40,134.8
GBP_JPY,16,40,2.5,5,PASS,9570,1.0275252525252525,11.797283176593522,441.38008338909066,0.04488306725534784,-1.30599213189355,0.9970498459199184,0.32876759083270046,32.1621422240986,59.27899686520376,40,134.8
GBP_JPY,16,48,3.0,5,PASS,9395,1.0467092425048785,7.120808940926024,533.1804502747069,0.054218064904891894,-1.7444138389762451,0.9967389554010233,0.36828096178413183,35.69666642285805,59.457158062799365,40,134.8
GBP_JPY,16,56,3.5,5,PASS,9423,1.0435105592698715,4.38289292157487,551.674175513569,0.05609865522814409,-1.1203055700682525,0.997973377795176,0.3654069390919219,35.4708328630651,59.588241536665606,40,134.8
GBP_JPY,16,64,4.0,5,PASS,9342,1.0524245343609506,2.879469064440163,596.1441844160374,0.06062072243400828,-1.5758620835299026,0.9973635448689422,0.3781429506882705,36.54903713604744,59.558980946264185,40,134.8
GBP_JPY,22,22,1.0,5,PASS,9468,1.0384012815096464,39.72327841149134,133.56332439624535,0.01358179015621775,-4.268100627337751,0.9690339077129365,0.12958377009597355,12.608973609124778,61.85044359949303,40,134.8
GBP_JPY,22,33,1.5,5,PASS,8520,1.1541275430359936,18.814553990610328,333.400501082551,0.03390283720587258,-2.4159076700921576,0.9928058677088895,0.27681310529372516,25.55091426221896,60.90375586854459,40,134.8
GBP_JPY,22,44,2.0,5,PASS,8347,1.1780480012779042,9.284772972325387,483.813206090894,0.0491980075341564,-1.497865143754948,0.9969135978292348,0.3694057413364121,33.749616926115515,62.83694740625374,40,134.8
GBP_JPY,22,55,2.5,5,PASS,8097,1.214338643942201,4.754847474373225,485.04870098011935,0.04932364256458403,-1.652550067210678,0.9966045904676544,0.34734792320886637,31.255523420614455,61.405458811905646,40,134.8
GBP_JPY,22,66,3.0,5,PASS,8033,1.2241690526577864,2.788497448026889,529.012559397512,0.05379424032921618,-1.683277972021292,0.996828168126653,0.35705638581258525,32.001894426171106,61.359392505913114,40,134.8
GBP_JPY,22,77,3.5,5,PASS,8044,1.2224950273495774,1.678269517652909,569.7566147534358,0.057937422692031296,-1.4844218389544763,0.9974014089607262,0.37106533159212685,33.28023707262648,62.22028841372451,40,134.8
GBP_JPY,22,88,4.0,5,PASS,8062,1.2197655668568594,0.967501860580501,564.3835223801744,0.05739104356113224,-1.5255643018717673,0.997304223703464,0.3571687493483363,32.069696506984954,61.72165715703299,40,134.8
GBP_JPY,28,28,1.0,5,PASS,7854,1.2520690094219507,27.27272727272727,236.0562563774694,0.024004093591363573,-1.6808521296894272,0.992929786434082,0.22355984227352096,19.812498332355712,63.25439266615738,40,134.8
GBP_JPY,28,42,1.5,5,PASS,7242,1.3576129982509433,10.867163766915217,373.68390394943174,0.037999176728638576,-1.9750945488270988,0.9947423206772026,0.3101661344953897,26.3951198219242,62.63463131731566,40,134.8
GBP_JPY,28,56,2.0,5,PASS,7193,1.3671509337782102,5.06047546225497,456.9763816672915,0.04646902396454052,-1.73292967960451,0.9962221615373009,0.3470901201332342,29.437253097004188,63.381064924231886,40,134.8
GBP_JPY,28,70,2.5,5,PASS,7093,1.3861201184266179,2.227548287043564,502.38271369747866,0.05108630401642045,-2.5148134973292584,0.9950191605981882,0.35989978505578846,30.310741949410556,64.04906245594248,40,134.8
GBP_JPY,28,84,3.0,5,PASS,7078,1.3890811905434681,1.2998022040124328,516.4854102016985,0.052520379316829215,-1.5572954296742585,0.9969938860006217,0.3666713384750327,30.84837154712241,63.71856456626166,40,134.8
GBP_JPY,28,98,3.5,5,PASS,7093,1.3861201184266179,0.7190187508811504,504.27570558935554,0.0512787986159605,-2.1524419705097064,0.9957497584190752,0.3466779315330258,29.19719810508944,62.59692654730016,40,134.8
GBP_JPY,28,112,4.0,5,PASS,7097,1.3853623596824949,0.46498520501620405,528.8191439201667,0.05377457229206494,-1.508312768452662,0.9971558840685515,0.35977787240880627,30.30901703652111,63.11117373538114,40,134.8
GBP_JPY,34,34,1.0,5,PASS,6719,1.4635610457905441,17.993749069802053,272.1387911862333,0.02767325515418276,-2.7023170852252627,0.9901677114379985,0.25292404248292694,20.732058950707685,64.39946420598304,40,134.8
GBP_JPY,34,51,1.5,5,PASS,6478,1.5177395286611093,6.668724915097251,405.3400277978741,0.04121822532010109,-1.8045679867335842,0.9955677466791472,0.3343214363778664,26.908203028804426,63.66162395801174,40,134.8
GBP_JPY,34,68,2.0,5,PASS,6445,1.5257176105508146,2.6842513576415827,468.68122520219026,0.047659266341487726,-2.653243968926727,0.9943707830798102,0.35260333146878214,28.307262492932555,64.28238944918542,40,134.8
GBP_JPY,34,85,2.5,5,PASS,6445,1.5257176105508146,1.225756400310318,483.942525207797,0.04921115773925127,-2.170569319692615,0.9955348470466477,0.3555435655552735,28.543306712169738,64.25135764158262,40,134.8
GBP_JPY,34,102,3.0,5,PASS,6421,1.5314462960078905,0.5606603332814203,484.52789376574043,0.049270682709552614,-1.8128952861987195,0.9962723766399837,0.35109978390358554,28.134026819300583,64.02429528110886,40,134.8
GBP_JPY,34,119,3.5,5,PASS,6266,1.5693557825300564,0.39897861474624957,484.72895156396845,0.049291127879191425,-2.4884948098392035,0.9948924349315481,0.3532862922645837,27.965460950191545,64.85796361315033,40,134.8
GBP_JPY,34,136,4.0,5,PASS,6456,1.5231954770755887,0.2788104089219331,507.6813193552127,0.05162510874061548,-2.5704219569349385,0.9949624435375274,0.3545298156865777,28.486200434607955,64.56009913258984,40,134.8
GBP_JPY,40,40,1.0,5,PASS,5914,1.6627212264682674,12.377409536692593,271.91633911021773,0.027650634442771785,-3.410191181306934,0.9876140117056786,0.2549843312871446,19.60894164457495,63.780858978694624,40,134.8
GBP_JPY,40,60,1.5,5,PASS,5798,1.6955559388294814,4.242842359434288,379.5885400194513,0.03859960748621632,-1.9741472356583967,0.9948261522900469,0.31708274887078375,24.144138852383236,64.93618489134184,40,134.8
GBP_JPY,40,80,2.0,5,PASS,5807,1.6930715802766774,1.8426037540898914,432.8282113333437,0.04401344430886147,-2.4127481631978065,0.9944565231958208,0.3381030394290192,25.76469394791087,64.83554330979851,40,134.8
GBP_JPY,40,100,2.5,5,PASS,5807,1.6930715802766774,0.8782503874634062,439.7121559814784,0.04471345901784405,-2.5324650822712975,0.9942736102110641,0.3446523306166248,26.26377400146311,64.35336662648527,40,134.8
GBP_JPY,40,120,3.0,5,PASS,5792,1.6977296270718232,0.3798342541436464,444.7634234384042,0.045227112409843825,-1.9244538852725002,0.9956917257374369,0.33448006774396577,25.45566922786949,63.725828729281766,40,134.8
GBP_JPY,40,140,3.5,5,PASS,5799,1.6953066620681725,0.24142093464390413,460.2817404215635,0.04680513935545693,-2.0046128814183612,0.9956636987722098,0.34743650364327866,26.45769467369292,64.61458872219347,40,134.8
GBP_JPY,40,160,4.0,5,PASS,5787,1.699066874027994,0.17280110592707792,466.275589046556,0.047414641961211715,-2.0046128814183612,0.9957192021504111,0.34857726369465003,26.517086028109958,65.00777604976672,40,134.8
GBP_JPY,48,48,1.0,5,PASS,5182,1.8972726103177668,8.047086067155538,304.61501989989677,0.030975698586526008,-5.219984558240305,0.983152373091706,0.2902524378229629,20.894143850499837,65.16788884600541,40,134.8
GBP_JPY,48,72,1.5,5,PASS,5135,1.9144758195391107,2.4732229795520935,381.17987118186005,0.03876142680311776,-2.2373021026408897,0.9941648359579847,0.3322371037672528,23.807750149256325,65.47224926971762,40,134.8
GBP_JPY,48,96,2.0,5,PASS,5178,1.8991245010943736,1.0428736964078795,389.7072915261101,0.03962856330344825,-2.607138493557964,0.993354466993663,0.31545515300576144,22.699623246273188,66.0293549633063,40,134.8
GBP_JPY,48,120,2.5,5,PASS,5118,1.9208675263774913,0.5666275889019148,383.05370161755746,0.03895197291209655,-2.1611772117546795,0.9943896839646418,0.3094589328677564,22.138753481887537,66.15865572489254,40,134.8
GBP_JPY,48,144,3.0,5,PASS,5226,1.8816653909937493,0.2296211251435132,420.6497897269247,0.042775044714960825,-2.393238328774728,0.994342801629957,0.32938928142919854,23.81190633093115,66.55185610409491,40,134.8
GBP_JPY,48,168,3.5,5,PASS,5127,1.9180157336974188,0.1365320850399844,421.13311249766554,0.042824192851094726,-2.393238328774728,0.9943492575512604,0.3381198552656709,24.210420530487504,66.62765749951238,40,134.8
GBP_JPY,48,192,4.0,5,PASS,5165,1.9035333978702809,0.058083252662149074,426.69869502989167,0.043390145925349975,-2.393238328774728,0.994422551106841,0.3353596159224018,24.10160288936655,66.85382381413359,40,134.8
GBP_JPY,56,56,1.0,5,PASS,4711,2.0869065308144057,5.603905752494163,303.8624806656418,0.030899174360956048,-3.3075248111743525,0.9892322663274361,0.3020228616469919,20.729860057378353,66.2704309063893,40,134.8
GBP_JPY,56,84,1.5,5,PASS,4711,2.0869065308144057,1.67692634260242,373.9079603433002,0.03802196057995731,-2.8926060010512846,0.9923232440197349,0.3270065834679756,22.444660898073657,66.6525153895139,40,134.8
GBP_JPY,56,112,2.0,5,PASS,4674,2.103872486093282,0.6204535729567822,365.6116226540316,0.03717832241753423,-2.911686916513412,0.9920990427446598,0.31664110805193507,21.647694514087675,66.28155755241762,40,134.8
GBP_JPY,56,140,2.5,5,PASS,4702,2.0907769743371616,0.23394300297745638,400.7672724163673,0.04075323087414758,-2.458589306709283,0.9939026993551376,0.3369728802507319,23.106611498856278,67.50319013185879,40,134.8
GBP_JPY,56,168,3.0,5,PASS,4552,2.159801552431166,0.2416520210896309,363.9089872178568,0.03700518478928786,-2.889688767741506,0.9921218669615509,0.31566388612984836,21.29737242849534,65.44376098418277,40,134.8
GBP_JPY,56,196,3.5,5,PASS,4552,2.159801552431166,0.15377855887521968,372.4311170254832,0.037871783305418266,-2.889688767741506,0.992300749856821,0.31162636838544816,21.024967117443133,65.42179261862917,40,134.8
GBP_JPY,56,224,4.0,5,PASS,4570,2.151841721371262,0.06564551422319474,368.71247407556973,0.037493641862474045,-3.006015891584877,0.9919131924488059,0.3069202813695748,20.748355842331794,66.2144420131291,40,134.8
GBP_JPY,64,64,1.0,5,PASS,4404,2.231494096276113,3.7693006357856493,322.22857750089565,0.03276678640440265,-3.024077516286625,0.9907023740786163,0.3192240767239178,21.184552512377667,67.37057220708446,40,134.8
GBP_JPY,64,96,1.5,5,PASS,4196,2.343303145853193,1.0247855100095329,347.19222328862395,0.03530529014527394,-2.2749620953593803,0.9934901982489152,0.3299958251764819,21.37598742710789,67.54051477597713,40,134.8
GBP_JPY,64,128,2.0,5,PASS,4289,2.2926672884122175,0.4663091629750525,358.09152907377654,0.03641361898248694,-2.8515752275446333,0.9920996545063122,0.3242081734730896,21.232541547677254,66.75215667987877,40,134.8
GBP_JPY,64,160,2.5,5,PASS,4345,2.2623897199846565,0.20713463751438435,356.0641726321047,0.03620746111776538,-2.662822266453043,0.9925770229051035,0.31596764089673524,20.827517018544732,66.9735327963176,40,134.8
GBP_JPY,64,192,3.0,5,PASS,4241,2.31873378920066,0.11789672247111531,329.43720099573176,0.03349981706281592,-2.662822266453043,0.9919818666668662,0.29860209953519234,19.44585276927665,67.13039377505305,40,134.8
GBP_JPY,64,224,3.5,5,PASS,4241,2.31873378920066,0.02357934449422306,326.15045071089827,0.03316559393033336,-2.662822266453043,0.9919017190445458,0.29476594099326225,19.19603076761593,67.0596557415704,40,134.8
GBP_JPY,64,256,4.0,5,PASS,4241,2.31873378920066,0.02357934449422306,326.3293119158035,0.03318378197232087,-2.662822266453043,0.9919061217889852,0.29469821584990075,19.191620305771767,67.0596557415704,40,134.8
AUD_JPY,10,10,1.0,0,FAIL,12816,0.7674391385767791,58.590823970037455,-5.024810481352401,-0.000510876451149124,-10.515369887486031,-0.9151727737867786,-0.008626571546321805,-0.9765949584280353,59.074594257178525,26,85.0
AUD_JPY,10,15,1.5,5,PASS,10750,0.9148604651162792,34.06511627906977,101.61055766893809,0.01033082566871638,-1.3222790453023159,0.987153962841098,0.1495044595253475,15.500952285041631,56.85581395348838,26,85.0
AUD_JPY,10,20,2.0,5,PASS,9950,0.9884170854271357,19.527638190954775,178.76684495327177,0.01817536634899567,-0.8457730768526606,0.9952911266138841,0.23561654040696767,23.50267609077347,56.41206030150754,26,85.0
AUD_JPY,10,25,2.5,5,PASS,9627,1.021614556282677,11.987119559572038,238.91279965834448,0.024290453078084296,-1.0754787369744716,0.9955186197252396,0.28798678621275225,28.256479207822935,57.12059831723278,26,85.0
AUD_JPY,10,30,3.0,5,PASS,9429,1.043032134902959,7.466327288153569,283.40165226923796,0.028813669868428298,-0.906732124060164,0.9968107443401816,0.3191308590453998,30.988575951214216,57.38678544914625,26,85.0
AUD_JPY,10,35,3.5,5,PASS,9360,1.0505698005698005,5.17094017094017,303.26552001345755,0.03083324499408183,-0.8722067193870168,0.9971321982025821,0.32751048845223546,31.685687678076935,56.794871794871796,26,85.0
AUD_JPY,10,40,4.0,5,PASS,9294,1.058209597589843,3.572197116419195,305.4610456761389,0.031056465822632478,-1.4633309088052824,0.995232275373213,0.32147483231264196,30.991907883030386,56.70324940822036,26,85.0
AUD_JPY,14,14,1.0,5,PASS,9478,1.037551874516424,39.364844903988185,77.41727203785607,0.007871075206343179,-2.791853998790393,0.9651928136267831,0.12090442972092878,11.770653223741807,60.95167756910741,26,85.0
AUD_JPY,14,21,1.5,5,PASS,8449,1.1640134927210322,18.428216356965322,146.3359389154659,0.014878090512298697,-1.4468086976076426,0.990209894449955,0.19933115406601437,18.32220914581296,56.62208545389987,26,85.0
AUD_JPY,14,28,2.0,5,PASS,8093,1.2152168540714199,9.897442234029407,228.57139024855084,0.023239033813862896,-1.3398158464317922,0.99417246392993,0.281594036577039,25.332510045779735,58.38378845916223,26,85.0
AUD_JPY,14,35,2.5,5,PASS,8027,1.2243781404426728,5.506415846518001,277.4760620715345,0.028211210431917964,-1.1784643279407303,0.995770876780048,0.31861489805270865,28.545832328505576,59.69851750342594,26,85.0
AUD_JPY,14,42,3.0,5,PASS,7891,1.2454589616863094,3.3582562412875423,281.8600816418763,0.028656937164931333,-1.1069281751990523,0.9960881370025622,0.3124225180477156,27.752898674189407,58.547712583956404,26,85.0
AUD_JPY,14,49,3.5,5,PASS,7865,1.249597372324645,2.047043865225683,303.0787284790658,0.03081425375121826,-1.3454667078745544,0.9955802898417836,0.3269836974992006,28.998495336032622,58.27082008900191,26,85.0
AUD_JPY,14,56,4.0,5,PASS,7865,1.249597372324645,1.4113159567705023,289.16451053173955,0.02939958422053135,-1.3454667078745544,0.9953686041331213,0.30644886708004054,27.17736728380706,57.29179910998092,26,85.0
AUD_JPY,18,18,1.0,5,PASS,7707,1.2758639332208817,25.833657713766705,119.99216702804661,0.01219969841339817,-2.4374865313624325,0.980090717726489,0.180133993239395,15.813876984961489,61.08732321266381,26,85.0
AUD_JPY,18,27,1.5,5,PASS,7210,1.3639736477115119,10.790568654646325,193.13785801882125,0.019636478600212278,-1.4837524420729322,0.9923762194827226,0.2541612394256009,21.581267707575446,60.18030513176144,26,85.0
AUD_JPY,18,36,2.0,5,PASS,6970,1.4100310856049738,5.710186513629842,238.93807974252496,0.02429302332421374,-1.3038599586480615,0.9945727213147301,0.298709894231088,24.938251309053094,59.29698708751794,26,85.0
AUD_JPY,18,45,2.5,5,PASS,6904,1.424500289687138,2.7375434530706837,267.6950839231613,0.02721677065677581,-1.558818581614016,0.9942105998571873,0.3157955184029594,26.23954825063098,60.73290845886443,26,85.0
AUD_JPY,18,54,3.0,5,PASS,6878,1.4298124454783367,1.6865367839488226,245.01786401346874,0.02491115979396096,-1.8624848773790084,0.9924559209117025,0.2813405162253867,23.332612352439952,59.66850828729282,26,85.0
AUD_JPY,18,63,3.5,5,PASS,6897,1.4260548064375815,0.9279396839205453,273.15523077643843,0.027771908100766435,-1.5599774183903217,0.994321474123544,0.30138628584997784,25.029582151513683,59.89560678555894,26,85.0
AUD_JPY,18,72,4.0,5,PASS,6897,1.4260548064375815,0.7539509931854429,290.5646484834469,0.029541937352165266,-1.6768260408280427,0.9942621900482891,0.3158678836159547,26.232252471918112,60.34507756995795,26,85.0
AUD_JPY,22,22,1.0,5,PASS,6494,1.514449235191459,17.677856482907302,140.75644692193194,0.014310819153617642,-1.7918098682181196,0.9874301523668866,0.21316955906913973,17.178345332824463,61.24114567292885,26,85.0
AUD_JPY,22,33,1.5,5,PASS,6251,1.5733749266783978,7.182850743880979,211.04944308537327,0.021457563603759097,-1.8235184271320015,0.991433771512476,0.2859697364660198,22.60970128684708,61.382178851383784,26,85.0
AUD_JPY,22,44,2.0,5,PASS,6159,1.596674243654273,3.328462412729339,225.10854883198624,0.022886963991458252,-1.441018275693224,0.9936392803831389,0.28458855718335535,22.334309797531162,60.82156194187368,26,85.0
AUD_JPY,22,55,2.5,5,PASS,6175,1.5925506072874496,1.5384615384615385,259.6761879211704,0.02640148316546959,-1.3643935964190204,0.9947732510076136,0.3166220489647287,24.880530494235792,61.11740890688259,26,85.0
AUD_JPY,22,66,3.0,5,PASS,6167,1.5947381222636614,1.1188584400843198,263.6731954815518,0.02680786208169774,-2.5936850600445576,0.9902590774535349,0.30725427889028323,24.128755011915228,59.59137343927355,26,85.0
AUD_JPY,22,77,3.5,5,PASS,6175,1.5925506072874496,0.6153846153846154,256.693073388163,0.026098187554291826,-2.593685060044494,0.9899968472143841,0.29716638044509763,23.351681333316026,59.65991902834008,26,85.0
AUD_JPY,22,88,4.0,5,PASS,6175,1.5925506072874496,0.5020242914979757,269.8364485603133,0.02743448489107465,-2.5936850600445576,0.9904794487101086,0.31014943665392675,24.371905057369226,60.178137651821864,26,85.0
AUD_JPY,26,26,1.0,5,PASS,5823,1.689034861755109,12.605186330070412,154.60423183542366,0.015718734385273696,-1.6276765193400295,0.989581663973252,0.2357605316580512,17.99055234613994,62.37334707195603,26,85.0
AUD_JPY,26,39,1.5,5,PASS,5727,1.717012979454048,4.662126767941331,194.66454485908073,0.01979169805731664,-1.8776058443525963,0.9904468032041343,0.2610612726068536,19.756319560880122,61.09656015365811,26,85.0
AUD_JPY,26,52,2.0,5,PASS,5658,1.736494049723106,2.156238953693885,238.92876671224522,0.024292076461068072,-1.232757148701579,0.9948669664945358,0.3074359979153804,23.125236853768424,61.647225167903855,26,85.0
AUD_JPY,26,65,2.5,5,PASS,5598,1.7568774562343694,1.1254019292604502,244.7244839920796,0.02488133161542138,-1.4688361392367795,0.9940338099406867,0.3089142048941019,23.11289392408528,61.71847088245802,26,85.0
AUD_JPY,26,78,3.0,5,PASS,5567,1.7665558948565954,0.5568528830608945,249.41864001026553,0.025358590166089285,-1.6524556641112214,0.9934183755415066,0.31039056031196444,23.15896335578572,61.918447997125924,26,85.0
AUD_JPY,26,91,3.5,5,PASS,5541,1.7747548577272454,0.3789929615592853,254.14387477542454,0.02583900851751359,-1.539711783087348,0.9939780577869242,0.3057215040224942,22.757264780255564,61.86608915358238,26,85.0
AUD_JPY,26,104,4.0,5,PASS,5541,1.7747548577272454,0.25266197437285687,251.58413993628426,0.025578758254273654,-1.539711783087348,0.993917160423134,0.2992078729142099,22.27240380102517,61.541238043674426,26,85.0
AUD_JPY,31,31,1.0,5,PASS,5165,1.9024685382381414,8.383349467570184,166.06220157799817,0.016883675220591535,-2.3895139348515917,0.9858148435735621,0.2563474238420988,18.423159849348117,63.523717328170385,26,85.0
AUD_JPY,31,46,1.5,5,PASS,5045,1.9495705318797492,2.993062438057483,189.05192580129747,0.019221058643843575,-1.5818466918798402,0.9917021697090087,0.2720880222182383,19.325912509005132,62.81466798810703,26,85.0
AUD_JPY,31,62,2.0,5,PASS,5002,1.9642976142876185,1.2794882047181129,202.09178510464434,0.020546831440469482,-1.9655195484932726,0.9903678059855082,0.27091137840341695,19.160158159370546,62.41503398640543,26,85.0
AUD_JPY,31,78,2.5,5,PASS,5003,1.9638716769938038,0.6596042374575255,230.7746842179976,0.023463044452299207,-1.3725803806166812,0.9940874583080276,0.30625471449873637,21.66197420859814,63.06216270237858,26,85.0
AUD_JPY,31,93,3.0,5,PASS,5058,1.9414458942928692,0.29655990510083036,217.41820581339292,0.022105080741525018,-1.616078778807166,0.9926217999076447,0.27974543164063653,19.895388108740452,62.21826809015422,26,85.0
AUD_JPY,31,108,3.5,5,PASS,5018,1.9597283114122492,0.23913909924272617,233.18776499180194,0.023708384280862364,-1.3981746722886548,0.9940398189495468,0.29239502096789144,20.712632587462924,62.51494619370267,26,85.0
AUD_JPY,31,124,4.0,5,PASS,5018,1.9597283114122492,0.15942606616181745,232.39771071662085,0.023628058838576015,-1.2945096443592872,0.994460621571571,0.29082287686025154,20.60126529000246,62.57473096851335,26,85.0
AUD_JPY,36,36,1.0,5,PASS,4492,2.1872402790145444,6.055209260908281,155.2809808922944,0.015787539996505343,-1.8293758243498601,0.9883561092815211,0.25978365441665063,17.411319926487405,63.60195903829029,26,85.0
AUD_JPY,36,54,1.5,5,PASS,4612,2.1287221740387396,1.9514310494362535,184.2548571571281,0.01873333688519281,-2.058495945888916,0.9889514309543304,0.2676961203169169,18.179700591168917,64.37554206418041,26,85.0
AUD_JPY,36,72,2.0,5,PASS,4627,2.120560478351704,0.9077155824508321,206.46205225802132,0.02099115995438587,-1.8914327495581398,0.9909220008991483,0.29188556556721984,19.854656066759656,63.66976442619408,26,85.0
AUD_JPY,36,90,2.5,5,PASS,4489,2.1908554243706835,0.3787034974381822,202.41350089045875,0.020579540538562924,-1.899781938768872,0.9907016229563655,0.2933881148306598,19.657003693654207,63.86723100913344,26,85.0
AUD_JPY,36,108,3.0,5,PASS,4489,2.1908554243706835,0.28959679215860995,208.23926032334938,0.021171850102350225,-1.2855847719617606,0.9938642848232296,0.2945598287617409,19.735508527036643,64.55780797505012,26,85.0
AUD_JPY,36,126,3.5,5,PASS,4613,2.131584652070236,0.15174506828528073,217.70126417939483,0.022133859509207456,-1.2855847719617606,0.9941293973673857,0.2906305383886128,19.73935573190335,64.44829828744851,26,85.0
AUD_JPY,36,144,4.0,5,PASS,4613,2.131584652070236,0.08671146759158899,218.67809146180525,0.02223317431068613,-1.2855847719617606,0.9941554678755438,0.2927226773843254,19.88145186572992,64.556687621938,26,85.0
AUD_JPY,42,42,1.0,5,PASS,4166,2.3607177148343736,4.200672107537206,152.39384439991608,0.015494002548539268,-1.9721651675707403,0.9872240969816056,0.23887439178764155,15.418042095748758,64.01824291886702,26,85.0
AUD_JPY,42,63,1.5,5,PASS,4054,2.4200172668968922,1.1840157868771584,171.64092016722577,0.017450867946645788,-1.9630568569535622,0.9886923278452305,0.25908420916623615,16.49615832971113,63.81351751356685,26,85.0
AUD_JPY,42,84,2.0,5,PASS,4062,2.4190669620876415,0.4431314623338257,166.2270516625342,0.016900435658914918,-1.7474875121543811,0.9895967119734912,0.247688118869819,15.786110349902318,62.94928606597735,26,85.0
AUD_JPY,42,105,2.5,5,PASS,4042,2.4333250865907967,0.3711034141514102,198.7923230160775,0.020211372523409103,-1.457631609032481,0.9927209391294929,0.28790336312587167,18.303953030690288,64.39881246907471,26,85.0
AUD_JPY,42,126,3.0,5,PASS,4054,2.4200172668968922,0.1726689689195856,189.92138679954627,0.0193094574303941,-2.183770921558128,0.9886324191007484,0.27478021518193424,17.49553919206589,64.60286137148495,26,85.0
AUD_JPY,42,147,3.5,5,PASS,4054,2.4200172668968922,0.0740009866798224,188.2927464090799,0.01914387227529873,-2.183770921558128,0.9885352223352161,0.2731298677207718,17.39045987014973,64.52886038480513,26,85.0
AUD_JPY,42,168,4.0,5,PASS,4054,2.4200172668968922,0.0740009866798224,188.6582646040489,0.019181034798934037,-2.183770921558128,0.9885571807304208,0.27252319365982397,17.351832308106754,64.52886038480513,26,85.0
CAD_JPY,10,10,1.0,4,PASS,11991,0.819976093180997,54.40747227086982,15.164063059895767,0.0015419904983412214,-7.3007734488690845,0.6750132837147235,0.027475345931914537,3.0086444717237306,59.436243849553826,26,85.0
CAD_JPY,10,15,1.5,5,PASS,10074,0.9759033154655549,29.96823506055192,114.70315588011819,0.011663838101851707,-1.4359639004346114,0.9876358293127424,0.17778172181594903,17.84383017526538,57.296009529481836,26,85.0
CAD_JPY,10,20,2.0,5,PASS,9468,1.0385597099000141,16.233629066328685,182.88213712777087,0.018596765039388948,-0.8244953595314604,0.9955118911692616,0.2518994376990957,24.510734328449356,57.83692437684833,26,85.0
CAD_JPY,10,25,2.5,5,PASS,9237,1.0644689834361807,9.949117678900075,222.6890492948711,0.02264461686429385,-0.8949369005807585,0.9959973121697615,0.2851474998425618,27.40533024628833,57.49702284291437,26,85.0
CAD_JPY,10,30,3.0,5,PASS,9023,1.0897705862795077,5.9182090213897816,245.37967495843728,0.024951962134254567,-1.2082063624539126,0.995100301134095,0.2966225127311547,28.176016194218303,57.23151945029369,26,85.0
CAD_JPY,10,35,3.5,5,PASS,8920,1.1022795216741406,3.7892376681614346,265.6196526636207,0.027010107974505742,-1.15746291524139,0.9956613110808629,0.30924513765018746,29.20688946173022,57.14125560538117,26,85.0
CAD_JPY,10,40,4.0,5,PASS,8920,1.1022795216741406,2.623318385650224,296.7661297697363,0.030177304758423812,-1.2083626408410955,0.9959447446958778,0.332595303370645,31.41221341376576,57.264573991031384,26,85.0
CAD_JPY,14,14,1.0,5,PASS,8754,1.123334094889955,34.70413525245602,73.90171527108933,0.00751485550469093,-2.6976522929570415,0.9647823163722405,0.12513302783053631,11.707798098765059,59.401416495316425,26,85.0
CAD_JPY,14,21,1.5,5,PASS,8025,1.2253478712357218,15.825545171339565,164.44373493143178,0.016721816295173938,-1.2097551924695842,0.9926970739248251,0.24039623209036515,21.535262848083345,59.93769470404985,26,85.0
CAD_JPY,14,28,2.0,5,PASS,7786,1.2628649713160374,7.449267916773697,205.31651057526773,0.020878052749393798,-1.0956801076587028,0.9946917858677166,0.2726062838576545,24.05431878448698,58.81068584639095,26,85.0
CAD_JPY,14,35,2.5,5,PASS,7573,1.298142523878692,4.1331044500198075,239.8968912525188,0.024394433433299372,-1.4492526817119948,0.993995128084139,0.30270453363386507,26.342252231928466,58.86702759804569,26,85.0
CAD_JPY,14,42,3.0,5,PASS,7573,1.298142523878692,2.5221180509705534,264.5312932515386,0.026899435797426156,-1.2929764027033634,0.9951359730833262,0.3178602457277516,27.661147545252526,60.06866499405784,26,85.0
CAD_JPY,14,49,3.5,5,PASS,7573,1.298142523878692,1.5053479466525816,269.0231308428045,0.027356198002810413,-0.968761386657523,0.9964118871175798,0.3178800538070707,27.662871303451283,59.73854483031824,26,85.0
CAD_JPY,14,56,4.0,5,PASS,7545,1.3031477799867461,0.9807819748177601,263.1806659352884,0.026762094342155773,-1.2529072337096014,0.9952619207209786,0.30332232318231145,26.34717133742618,58.75414181577203,26,85.0
CAD_JPY,18,18,1.0,5,PASS,7142,1.3765401848221785,22.76673200784094,122.89171754810441,0.012496509677882644,-1.4680766504000455,0.9881949253787227,0.20192086962452088,17.06440425175249,61.173340800896106,26,85.0
CAD_JPY,18,27,1.5,5,PASS,6742,1.4584692969445265,9.38890536932661,194.8370043689997,0.019812421530798464,-1.144318340080807,0.9941610847183664,0.2832380227091336,23.256584185132336,61.21328982497776,26,85.0
CAD_JPY,18,36,2.0,5,PASS,6659,1.4767107173249236,3.889472893827902,228.44426833026975,0.023229848740038785,-1.010169946528058,0.9955975140245077,0.30928599457865774,25.23857100314261,61.5708064273915,26,85.0
CAD_JPY,18,45,2.5,5,PASS,6627,1.4839293798098687,2.278557416628942,233.55482699299054,0.023749526933673586,-2.003974114987602,0.9914926799357032,0.2987734253959344,24.32206537864595,60.04225139580504,26,85.0
CAD_JPY,18,54,3.0,5,PASS,6631,1.4830342331473383,1.146131805157593,248.71670999734528,0.02529129574835939,-1.5597661631038973,0.9937678275360408,0.302210819744794,24.609314861127483,59.71949932136933,26,85.0
CAD_JPY,18,63,3.5,5,PASS,6582,1.4938215334751344,0.7596475235490732,245.6045845394648,0.02497483255068323,-1.1464116481319722,0.9953539735772318,0.29799495202876847,24.176189228716787,60.52871467639015,26,85.0
CAD_JPY,18,72,4.0,5,PASS,6549,1.5011197638316283,0.5038937242327073,249.17133637799637,0.025337525413620623,-1.3841963158420918,0.9944754909182808,0.3015923528306744,24.406630180662678,60.60467246907925,26,85.0
CAD_JPY,22,22,1.0,5,PASS,6163,1.5953404727135052,15.609281194223593,138.9764821792187,0.014132123703705854,-1.4248419332230406,0.9898516488912744,0.23087939463937798,18.125135372678688,62.161285088430965,26,85.0
CAD_JPY,22,33,1.5,5,PASS,5952,1.6516437051971329,5.745967741935484,197.5090510985343,0.02008413437265303,-1.4515832394397805,0.9927041686197382,0.29031444795821015,22.397529175835544,61.67674731182796,26,85.0
CAD_JPY,22,44,2.0,5,PASS,5847,1.6817028675674133,2.4970070121429795,222.88329998528218,0.02266436966522372,-1.2440823677683766,0.9944492174284681,0.30808968631089906,23.5582869258523,62.0831195484864,26,85.0
CAD_JPY,22,55,2.5,5,PASS,5931,1.6574917102231217,1.129657730568201,226.35470092679358,0.023017366566291747,-1.5239758132890118,0.9933123369194071,0.3008635979106634,23.17040402912089,60.74860900354072,26,85.0
CAD_JPY,22,66,3.0,5,PASS,5799,1.6951198482496983,0.655285394033454,232.0780678663147,0.02359935949288424,-1.7343543329966045,0.9925822831965782,0.30493873374579766,23.221439966804517,61.045007759958615,26,85.0
CAD_JPY,22,77,3.5,5,PASS,5955,1.6510075566750628,0.33585222502099077,230.27246303453163,0.02341575266644391,-1.9878853816292168,0.9914411332145797,0.2894827508925594,22.33899206652008,60.55415617128463,26,85.0
CAD_JPY,22,88,4.0,5,PASS,5955,1.6510075566750628,0.2518891687657431,234.6391208327074,0.0238597856942478,-1.9878853816292168,0.9915990764814536,0.291124193861069,22.46565999867881,60.35264483627204,26,85.0
CAD_JPY,26,26,1.0,5,PASS,5524,1.7798394882935071,10.409123823316438,135.75838607626778,0.013804884652146982,-1.7277267853757967,0.9874334450991828,0.22124110862558502,16.44343935671092,61.712527154236064,26,85.0
CAD_JPY,26,39,1.5,5,PASS,5457,1.801707287276281,3.2985156679494225,197.46592634921285,0.02007974913939237,-2.27587569776936,0.9886059118599818,0.2949139818561051,21.78574118042293,61.64559281656587,26,85.0
CAD_JPY,26,52,2.0,5,PASS,5351,1.8373824207313276,1.3455428891795926,191.54164447944618,0.01947732574425132,-2.0676519454456073,0.9893204924369542,0.2781205173780155,20.344663175402463,62.34348719865446,26,85.0
CAD_JPY,26,65,2.5,5,PASS,5331,1.8442756205840056,0.7503282686175202,221.67885374503464,0.02254189294833797,-1.6492807095413704,0.9926149890896221,0.30867798366382027,22.537720876321956,62.63365222284749,26,85.0
CAD_JPY,26,78,3.0,5,PASS,5331,1.8442756205840056,0.4689551678859501,220.87267688805534,0.02245991511373424,-0.9581303406396907,0.99568080577892,0.29920915580758284,21.846366745013903,61.8458075407991,26,85.0
CAD_JPY,26,91,3.5,5,PASS,5349,1.838053841839596,0.29912133108992334,216.34966898481835,0.02199998328786635,-1.8855586787732384,0.9913599710781809,0.29127500834667264,21.30293892815866,62.310712282669655,26,85.0
CAD_JPY,26,104,4.0,5,PASS,5331,1.8442756205840056,0.20634027386981804,216.65696949434493,0.022031231803778858,-2.3517000736692366,0.9892620685824544,0.28820808879641535,21.0431381677875,62.82123429000187,26,85.0
CAD_JPY,31,31,1.0,5,PASS,4779,2.057037734533026,6.737811257585269,140.8796778363118,0.014325654263960727,-1.7329072110158366,0.9878488479088942,0.24555428944998997,16.97524457651719,62.77463904582549,26,85.0
CAD_JPY,31,46,1.5,5,PASS,4931,1.9922598526330022,2.413303589535591,192.64837176862736,0.019589865698578315,-1.221497766534066,0.9936993934670568,0.2914101086819199,20.463132396105518,63.37456905293044,26,85.0
CAD_JPY,31,62,2.0,5,PASS,4765,2.0615599860090943,1.049317943336831,189.00443856846962,0.01921932448221437,-1.9813835612625683,0.989625493980822,0.2773342864068166,19.144102749305024,63.12696747114376,26,85.0
CAD_JPY,31,78,2.5,5,PASS,4765,2.0615599860090943,0.5246589716684155,190.82621837711855,0.01940457609610642,-1.4630277890199346,0.992391525692727,0.2743313126517673,18.936810535763847,63.29485834207765,26,85.0
CAD_JPY,31,93,3.0,5,PASS,4765,2.0615599860090943,0.3357817418677859,197.5300151828897,0.020086266150841685,-1.9813835612625683,0.9900688202592203,0.2715282834953346,18.74332029380606,63.96642182581323,26,85.0
CAD_JPY,31,108,3.5,5,PASS,4711,2.0852968230382793,0.2334960730205901,185.48044429598963,0.018860979514713924,-1.9813835612625683,0.9894304692111967,0.2635517365947739,18.089328031976546,63.68074718743366,26,85.0
CAD_JPY,31,124,4.0,5,PASS,4711,2.0852968230382793,0.12736149437486732,204.36816741686275,0.02078161842742802,-1.9813835612625683,0.9903979264705421,0.27895373572455284,19.14647080859642,63.80810868180853,26,85.0
CAD_JPY,36,36,1.0,5,PASS,4329,2.2707322707322706,4.851004851004851,160.84009394690503,0.016355372279765613,-1.8075910793363499,0.988886462914952,0.2829927706565428,18.619548001702366,63.77916377916378,26,85.0
CAD_JPY,36,54,1.5,5,PASS,4407,2.229124120717041,1.4295439074200136,171.10476663749856,0.0173991576883965,-1.7680138116329691,0.9897727461371328,0.2807391071308,18.63693281426273,63.69412298615838,26,85.0
CAD_JPY,36,72,2.0,5,PASS,4291,2.288879825992387,0.559310184106269,169.6132832354181,0.01724749297786624,-1.8762903963308095,0.9890588660488485,0.26810957893385184,17.562712331594195,62.875786529946396,26,85.0
CAD_JPY,36,90,2.5,5,PASS,4291,2.288879825992387,0.3495688650664181,166.75877479306826,0.016957226122726394,-1.9648039987507855,0.9883548937687299,0.2555195694715565,16.7379946347569,62.52621766487998,26,85.0
CAD_JPY,36,108,3.0,5,PASS,4291,2.288879825992387,0.2796550920531345,182.92369881607956,0.01860099132941517,-1.8762903963308095,0.9898469128470879,0.2784200498588136,18.238107204013296,63.43509671405266,26,85.0
CAD_JPY,36,126,3.5,5,PASS,4259,2.305079439618064,0.1408781404085466,176.1737493824553,0.017914608145052188,-1.6378138390962034,0.9907890476332212,0.2626973750082187,17.143897172213,62.66729279173515,26,85.0
CAD_JPY,36,144,4.0,5,PASS,4259,2.305079439618064,0.0704390702042733,186.392803593316,0.018953754740060433,-2.041503879954129,0.9891659650128004,0.2768894268865749,18.070084874155736,63.136886593096975,26,85.0
CAD_JPY,42,42,1.0,5,PASS,3849,2.550619208452412,2.9098467134320605,126.40114662589829,0.012853373552108563,-2.284638963378857,0.9822463766847516,0.22851742656135124,14.177291864750286,63.367108339828526,26,85.0
CAD_JPY,42,63,1.5,5,PASS,3970,2.4765743073047863,0.906801007556675,163.7081596427407,0.01664701773350243,-1.7513891808281563,0.989415000867096,0.2766426331955908,17.430681329498256,64.53400503778337,26,85.0
CAD_JPY,42,84,2.0,5,PASS,3970,2.4765743073047863,0.5289672544080605,173.2126660233317,0.01761350398935658,-1.7513891808281563,0.9899900057827047,0.2821313402666904,17.776513433401274,64.53400503778337,26,85.0
CAD_JPY,42,105,2.5,5,PASS,3858,2.5481683082771736,0.23328149300155523,146.65604259669783,0.014913036388414222,-2.662607985939096,0.9821682825584769,0.23826278065951942,14.7991685886223,63.78952825298082,26,85.0
CAD_JPY,42,126,3.0,5,PASS,3970,2.4765743073047863,0.15113350125944583,179.57781209353283,0.01826075761274474,-2.0662429348755382,0.9886247698304667,0.2863705081468899,18.043614651924447,65.13853904282117,26,85.0
CAD_JPY,42,147,3.5,5,PASS,3970,2.4765743073047863,0.05037783375314861,183.77279704481228,0.01868733371639237,-2.0662429348755382,0.9888815453679627,0.2877947478691774,18.133353057206524,65.03778337531486,26,85.0
CAD_JPY,42,168,4.0,5,PASS,3970,2.4765743073047863,0.025188916876574305,183.9420055677268,0.018704540050442944,-2.0662429348755382,0.9888916596360154,0.28763939537646643,18.12356461728709,65.03778337531486,26,85.0
CHF_JPY,12,12,1.0,5,PASS,13738,0.7132891735817926,62.5855291891105,23.94642708314402,0.0024434921896729473,-8.946502742961313,0.7280113753849631,0.03219326942608652,3.7733478266026728,61.588295239481724,31,102.6
CHF_JPY,12,18,1.5,5,PASS,11292,0.8678267800212539,36.486007793127875,160.76696135201402,0.0164046524793511,-1.5669782572993034,0.9903471925767924,0.18582140281902831,19.746092590071378,58.811547998583066,31,102.6
CHF_JPY,12,24,2.0,5,PASS,10341,0.9475872739580312,20.73300454501499,273.4977745864299,0.02790769887192421,-1.422697887392983,0.9948250565896709,0.2771420866015351,28.18277487564139,58.640363601199105,31,102.6
CHF_JPY,12,30,2.5,5,PASS,9884,0.9914845541616079,11.614730878186968,327.7355935825694,0.03344212313663007,-1.4506015472786578,0.9955933706554538,0.3029176128851245,30.115556588870856,57.5677863213274,31,102.6
CHF_JPY,12,36,3.0,5,PASS,9704,1.0097039021709262,7.213520197856554,376.0976130184836,0.03837698111599225,-1.3680153126095158,0.9963757883899045,0.3312161781190994,32.627735687762254,57.800906842539156,31,102.6
CHF_JPY,12,42,3.5,5,PASS,9667,1.0136805627392158,4.468811420295852,422.79159480852076,0.043141632619639714,-0.8475402862404301,0.9979993815112221,0.3527441226836699,34.682120729872594,58.39453811937519,31,102.6
CHF_JPY,12,48,4.0,5,PASS,9575,1.023307223672759,2.6840731070496084,425.25523637942655,0.04339302247900204,-1.1370686924852142,0.9973332804580198,0.34832437943429834,34.08421242931788,58.161879895561356,31,102.6
CHF_JPY,17,17,1.0,5,PASS,9777,1.0023524598547613,40.799836350618804,105.59849827092896,0.010775265340015371,-3.808537388089976,0.9651892827079259,0.12762618636802084,12.619513127684503,61.573079676792474,31,102.6
CHF_JPY,17,26,1.5,5,PASS,8720,1.1237385321100917,17.408256880733944,254.6741350121239,0.02598693565654618,-1.4219656290351668,0.9944475311202507,0.26615245945342797,24.853566910797877,59.39220183486239,31,102.6
CHF_JPY,17,34,2.0,5,PASS,8418,1.1641423140888572,8.82632454264671,322.27972757479375,0.03288540684941051,-1.220697503773931,0.9962265969094863,0.310097916869624,28.451378253410468,60.216203373722976,31,102.6
CHF_JPY,17,42,2.5,5,PASS,8264,1.1858462407228139,4.622458857696031,380.51873349622275,0.03882811202247152,-1.4286777757676374,0.9962594908785747,0.34106616655393157,31.005146960687853,60.491287512100676,31,102.6
CHF_JPY,17,51,3.0,5,PASS,8194,1.1957529899926775,2.501830607761777,397.1059676664171,0.040520672545276026,-1.757409678748048,0.9955939557789302,0.341390394122083,30.902902864022696,60.01952648279229,31,102.6
CHF_JPY,17,60,3.5,5,PASS,8140,1.2038902538902538,1.4127764127764129,410.5741639181949,0.04189496659907943,-1.0928263843140482,0.9973453630967327,0.34440435619125476,31.072832104380076,60.122850122850124,31,102.6
CHF_JPY,17,68,4.0,5,PASS,8140,1.2038902538902538,0.8722358722358723,414.66637103206796,0.042312535202802835,-1.1085230291709811,0.9973338384664282,0.3422149466223061,30.875299306897443,60.024570024570025,31,102.6
CHF_JPY,22,22,1.0,5,PASS,7820,1.2531010230179027,26.32992327365729,179.1043251088803,0.01827579613529276,-1.8742646162127756,0.9896437218399161,0.20721091994972002,18.323819934962266,62.58312020460358,31,102.6
CHF_JPY,22,33,1.5,5,PASS,7356,1.3321778140293639,9.66557911908646,286.01339361962886,0.029184791995268293,-1.6125984565180291,0.9943934188809643,0.2975110744956855,25.51666998211912,61.12017400761284,31,102.6
CHF_JPY,22,44,2.0,5,PASS,7278,1.3462031693688743,3.943391041494916,329.25219333418323,0.03359687689739202,-1.1954899416483704,0.996382211157309,0.31707575838347973,27.050111867483125,61.01951085463039,31,102.6
CHF_JPY,22,55,2.5,5,PASS,7279,1.3460182259467877,1.9096029674405823,367.08705715571915,0.037457544458538876,-1.1830246594289993,0.9967876167034855,0.3418646826185836,29.166888182222078,61.86289325456793,31,102.6
CHF_JPY,22,66,3.0,5,PASS,7192,1.362555617352614,0.9733036707452726,382.1778392480222,0.03899740708817329,-1.417720066835142,0.9963041280525579,0.344770293490324,29.23847235281492,61.59621802002224,31,102.6
CHF_JPY,22,77,3.5,5,PASS,7157,1.3689977178519863,0.5030040519770853,379.68650149488496,0.03874319111179854,-1.1327415226572985,0.9970255139585866,0.3337981909560876,28.23901130471337,61.40841134553584,31,102.6
CHF_JPY,22,88,4.0,5,PASS,7192,1.362555617352614,0.3476084538375973,400.06971148192486,0.040823092811992236,-1.1561645853780849,0.9971184196874079,0.35027673914501684,29.705450111853004,61.90211345939933,31,102.6
CHF_JPY,26,26,1.0,5,PASS,6882,1.4239319965126418,17.887242080790468,200.75322032710656,0.020484848291470983,-1.8987135574547593,0.9906306664779407,0.2346252735851252,19.464001356136574,61.62452775356001,31,102.6
CHF_JPY,26,39,1.5,5,PASS,6632,1.477306996381182,5.790108564535585,294.8135611341879,0.03008276063647635,-2.6813176459964048,0.9909870124252539,0.3086682512913591,25.137044866175533,61.7611580217129,31,102.6
CHF_JPY,26,52,2.0,5,PASS,6570,1.4916159309994927,2.5266362252663623,337.14176452804725,0.03440192833680468,-1.225525324738806,0.9963781211674686,0.33236809316608246,26.94027411258866,63.21156773211568,31,102.6
CHF_JPY,26,65,2.5,5,PASS,6581,1.4887555082814166,1.1852302081750494,345.9957422849794,0.03530538777238079,-1.1996458570271629,0.9965447529028337,0.3258453244593006,26.43366848890153,63.029934660385955,31,102.6
CHF_JPY,26,78,3.0,5,PASS,6659,1.4716674175301596,0.5856735245532362,370.90289683168146,0.03784691254309214,-1.3811406569056568,0.9962900889701778,0.3360109146669272,27.419396533635748,63.76332782700105,31,102.6
CHF_JPY,26,91,3.5,5,PASS,6566,1.492537313432836,0.3502893694791349,335.487376166666,0.03423311463337891,-1.7323284722259806,0.9948629085181097,0.31035394380558223,25.148246449417993,62.70179713676516,31,102.6
CHF_JPY,26,104,4.0,5,PASS,6566,1.492537313432836,0.19798964361864146,344.90919602356246,0.03519451664767094,-1.9327577120833777,0.9944275549965432,0.31517159889321206,25.5386251762561,62.549497410904664,31,102.6
CHF_JPY,31,31,1.0,5,PASS,6118,1.6017489375612943,11.114743380189603,231.3917066624269,0.023611197863531122,-1.3511032145366413,0.9941948659326968,0.272847989870848,21.34152722926381,63.37038247793396,31,102.6
CHF_JPY,31,46,1.5,5,PASS,5932,1.6520566419420095,3.691840863115307,277.20659763264496,0.028286146985074447,-1.710447567968177,0.9938675401973446,0.29388883847964964,22.63516494615109,62.57585974376264,31,102.6
CHF_JPY,31,62,2.0,5,PASS,5929,1.6527379546860066,1.315567549333783,324.1447673105121,0.033075715408254575,-2.0461016295053267,0.9937272872286269,0.3228513753908046,24.859555905091955,63.36650362624388,31,102.6
CHF_JPY,31,78,2.5,5,PASS,5838,1.678371588443531,0.6509078451524495,347.17645887737314,0.035425868032826914,-2.3475569702982977,0.993283560316721,0.34869800724529104,26.64290098505444,64.16581020897569,31,102.6
CHF_JPY,31,93,3.0,5,PASS,5856,1.6734118852459015,0.34153005464480873,344.78574834998557,0.035181920053399436,-1.4775665971533019,0.9957328237402832,0.3334978852812896,25.520760882787407,63.95150273224044,31,102.6
CHF_JPY,31,108,3.5,5,PASS,5856,1.6734118852459015,0.20491803278688525,350.2416918736142,0.03573864425033266,-1.4775665971532808,0.9957990170809026,0.33273305373636375,25.462232526731412,64.00273224043715,31,102.6
CHF_JPY,31,124,4.0,5,PASS,5814,1.6854718495585366,0.13759889920880633,329.83045907850106,0.033655883104242425,-1.6896200757005695,0.9949034155638137,0.31700125323007367,24.171215639897557,64.01788785689715,31,102.6
CHF_JPY,37,37,1.0,5,PASS,5322,1.8413190529875985,7.854190154077415,223.41168214901583,0.02279691657203757,-2.546455529850748,0.9887304101723932,0.26149910468861115,19.076892894000704,64.750093949643,31,102.6
CHF_JPY,37,56,1.5,5,PASS,5332,1.8378500875218804,2.1380345086271566,304.00316353612214,0.031020467193590754,-1.6312665851398929,0.9946626871046804,0.3413980818695151,24.92907401854128,65.32258064516128,31,102.6
CHF_JPY,37,74,2.0,5,PASS,5411,1.811079282942155,0.7207540195897246,312.60892837413786,0.03189859899566887,-1.7926288625650486,0.9942982824947797,0.3322825996002333,24.442541794384816,65.66253927185363,31,102.6
CHF_JPY,37,92,2.5,5,PASS,5319,1.8424359215391362,0.41361158112427143,297.90580779928706,0.030398293327364947,-1.7136651271695216,0.994280528196543,0.3080581122522849,22.46713241580918,64.03459296860312,31,102.6
CHF_JPY,37,111,3.0,5,PASS,5166,1.89669634791586,0.2129307007355788,299.88383761381925,0.03060013138804799,-1.5344308779701143,0.9949092970188967,0.31542876343920445,22.67140808643174,64.98257839721255,31,102.6
CHF_JPY,37,130,3.5,5,PASS,5192,1.8870377503852078,0.11556240369799693,284.01350860033574,0.028980723830613935,-2.2164712025069937,0.9922563275725564,0.2968397962634903,21.38895007336115,64.04083204930663,31,102.6
CHF_JPY,37,148,4.0,5,PASS,5166,1.896631823461092,0.07742934572202864,284.78883780883064,0.029059838383227763,-2.2164712025069937,0.9922772466818046,0.29164817365487933,20.962180780532037,63.49206349206349,31,102.6
CHF_JPY,43,43,1.0,5,PASS,4960,1.9753528225806452,5.120967741935484,247.30545121288387,0.02523503554012812,-2.005473015386571,0.9919559360601851,0.2947492987494609,20.758387692736704,65.80645161290323,31,102.6
CHF_JPY,43,64,1.5,5,PASS,4869,2.0126993907030877,1.2733620866707742,256.64783031700705,0.026188331424087254,-2.7102309382199135,0.989550234432263,0.2946524299415478,20.56032210877698,65.04415691107003,31,102.6
CHF_JPY,43,86,2.0,5,PASS,4847,2.0212158723609104,0.45388900350732414,264.458789866479,0.026985361335343648,-1.6299768668434258,0.9938743116184344,0.29459094223954063,20.509539031648565,65.0299154115948,31,102.6
CHF_JPY,43,108,2.5,5,PASS,4776,2.0514551926298155,0.2721943048576214,282.30804000931766,0.0288066979031795,-2.3813310074569514,0.9916353357382048,0.3163306001879679,21.861168134081424,66.0175879396985,31,102.6
CHF_JPY,43,129,3.0,5,PASS,5013,1.9545016290976795,0.0997406742469579,316.9482488396394,0.03234138303310068,-1.8019344068961132,0.9943468756988842,0.3337535505949892,23.63059989286692,67.22521444244963,31,102.6
CHF_JPY,43,150,3.5,5,PASS,5013,1.9545016290976795,0.07979253939756632,317.3211713569374,0.03237943602761243,-1.8019344068961132,0.994353481855903,0.33086174750521796,23.425852882201358,67.22521444244963,31,102.6
CHF_JPY,43,172,4.0,5,PASS,4818,2.0336585028365852,0.062266500622665005,282.48202400675916,0.028824451221342594,-1.8260740927822028,0.9935771295120027,0.31006320352589034,21.522049583875468,64.86093814860938,31,102.6
CHF_JPY,50,50,1.0,5,PASS,4304,2.276486988847584,3.2063197026022303,226.25579807497544,0.02308713001504839,-1.745372475961899,0.9923448968628344,0.29846486942322975,19.580751306228507,65.47397769516728,31,102.6
CHF_JPY,50,75,1.5,5,PASS,4328,2.2637476894639557,0.6238447319778189,251.92783447535973,0.025706703290825052,-1.9667713640332767,0.9922535913768983,0.31195512337196346,20.522759163022336,67.30591497227357,31,102.6
CHF_JPY,50,100,2.0,5,PASS,4227,2.3176799936913492,0.33120416370948663,247.193852221159,0.02522364798474425,-2.3007125219072155,0.9907785064405049,0.3000102025462129,19.50527816099278,66.31180506269222,31,102.6
CHF_JPY,50,125,2.5,5,PASS,4184,2.342176545570427,0.16730401529636713,234.28708032994976,0.02390664164385845,-2.707635844428629,0.9885751214704872,0.288897894016421,18.687027035118334,65.98948374760994,31,102.6
CHF_JPY,50,150,3.0,5,PASS,4198,2.334226615848817,0.07146260123868509,241.5993610148952,0.024652786389390762,-2.707635844428629,0.9889170761409354,0.2955350744456151,19.148301099454255,66.34111481657932,31,102.6
CHF_JPY,50,175,3.5,5,PASS,4198,2.334226615848817,0.04764173415912339,241.82034483232206,0.024675335566771244,-2.707635844428629,0.9889270919551414,0.2948011147998257,19.10074640457146,66.34111481657932,31,102.6
CHF_JPY,50,200,4.0,5,PASS,4198,2.334226615848817,0.023820867079561697,235.1467983874284,0.023994367230288357,-2.707635844428629,0.9886164163675449,0.28545458005811264,18.495165961009707,65.76941400666985,31,102.6
NZD_JPY,9,9,1.0,1,FAIL,11949,0.8222794097135045,54.25558624152649,3.368390478289902,0.000342728261794153,-6.174871093818884,0.35296009156181857,0.006737210325176966,0.7364544422004692,58.28939660222613,23,77.2
NZD_JPY,9,14,1.5,5,PASS,10110,0.9718595450049456,27.329376854599406,83.98536914546071,0.008545374940608865,-1.6603183751759627,0.9806141041862043,0.13866778861186815,13.942837555565697,55.80613254203759,23,77.2
NZD_JPY,9,18,2.0,5,PASS,9561,1.027777777777778,16.37903984938814,147.3185269770532,0.014989420913739747,-0.7412232258158302,0.9949937560694232,0.22611659502670992,22.109763449183024,56.19705051772827,23,77.2
NZD_JPY,9,22,2.5,5,PASS,9290,1.0575798349479728,9.698600645855759,182.4760381379144,0.018566640587893406,-0.9188626295675097,0.9949897045898104,0.2616354107928682,25.217636471310993,55.6189451022605,23,77.2
NZD_JPY,9,27,3.0,5,PASS,9174,1.0712248383111693,5.52648790058862,218.84021443414437,0.022266636480267023,-0.8267454103101135,0.9962363688608631,0.2935186023789483,28.113505314215335,56.616524961848704,23,77.2
NZD_JPY,9,32,3.5,5,PASS,9003,1.0914417416416748,3.487726313451072,231.5017365390728,0.02355492579549317,-0.8009020904436088,0.996552333218561,0.296066406741856,28.092006349865972,55.481506164611794,23,77.2
NZD_JPY,9,36,4.0,5,PASS,8999,1.0920935659517723,2.3780420046671855,244.48565720524667,0.02487601864083637,-0.8957220348775184,0.9963496739742383,0.3016479107474099,28.61524361354343,55.15057228580953,23,77.2
NZD_JPY,13,13,1.0,5,PASS,8633,1.1383451098498012,31.715510251361057,62.47685419848771,0.0063569184688722245,-2.4119263147446866,0.9628298406031404,0.11582457324759009,10.761717295721267,58.241630951001966,23,77.2
NZD_JPY,13,20,1.5,5,PASS,7816,1.2573780279767997,13.28045035823951,152.9474551098613,0.015562155211368136,-2.4241807654587015,0.9843975333605677,0.24726914201680997,21.86060601832869,57.727737973387924,23,77.2
NZD_JPY,13,26,2.0,5,PASS,7667,1.2815855832355114,6.677970523020738,172.2219550039863,0.017523304278924817,-1.1141714529101592,0.9935721913505017,0.25260445809349236,22.11840177116864,57.40185209338724,23,77.2
NZD_JPY,13,32,2.5,5,PASS,7516,1.3072001951392584,3.6987759446514104,194.80058584923358,0.019820643305726762,-1.0959721788795977,0.9944053525497762,0.2727017835357563,23.64184491068254,58.102714209686,23,77.2
NZD_JPY,13,39,3.0,5,PASS,7552,1.3013440148305084,2.1054025423728815,215.3571417013454,0.021912239485290107,-1.0561588351791462,0.9951197138412438,0.2916990422179668,25.349301320856938,58.42161016949152,23,77.2
NZD_JPY,13,46,3.5,5,PASS,7552,1.3013440148305084,1.1917372881355932,219.93411812971343,0.022377939405082,-1.0561588351791462,0.9952207904814431,0.289413160229719,25.15065304671995,58.487817796610166,23,77.2
NZD_JPY,13,52,4.0,5,PASS,7505,1.3091161447923605,0.9060626249167222,228.78893651457489,0.02327890279786751,-1.0561588351791462,0.9954049102784986,0.29394471764319835,25.46484331804731,58.17455029980013,23,77.2
NZD_JPY,16,16,1.0,5,PASS,7197,1.3655342503821037,22.662220369598444,81.69911839173157,0.008312752638681161,-1.536872770511966,0.9815359587955612,0.14740023017899226,12.50471831292224,58.42712241211616,23,77.2
NZD_JPY,16,24,1.5,5,PASS,6854,1.4339072074700903,8.476801867522614,142.11208866786845,0.014459674269653727,-1.5014743409202107,0.9895450380210375,0.22888808898505764,18.949390396312328,58.65188211263496,23,77.2
NZD_JPY,16,32,2.0,5,PASS,6738,1.4585559513208668,3.96260017809439,175.89664647615726,0.017897198169494876,-1.6496182944790558,0.9907087975260415,0.2632348814327136,21.607719863185594,58.2962303354111,23,77.2
NZD_JPY,16,40,2.5,5,PASS,6782,1.4485402536125038,1.9020937776467117,191.64174856891384,0.019499236741567314,-1.3564355453373935,0.9929717704259103,0.2729977054227111,22.48215250549323,58.37511058684753,23,77.2
NZD_JPY,16,48,3.0,5,PASS,6647,1.4785366832154856,1.399127425906424,209.514867356671,0.021317797557021925,-1.3651974534000473,0.993526190089947,0.2919466510588734,23.802158188653305,58.507597412366486,23,77.2
NZD_JPY,16,56,3.5,5,PASS,6708,1.465016895249453,0.7751937984496124,225.9003567763283,0.022984994499787508,-0.9529654318808889,0.9957992000178589,0.30256018670965573,24.780399662446772,59.09361955873583,23,77.2
NZD_JPY,16,64,4.0,5,PASS,6678,1.4713861435559548,0.5989817310572028,227.60851098710458,0.023158796417145064,-1.17503430092594,0.9948639912042335,0.3093137398713182,25.27681904507579,59.08954776879305,23,77.2
NZD_JPY,20,20,1.0,5,PASS,6222,1.5793822993678348,13.709418193506911,115.8188698345206,0.01178438194656724,-1.191271150116801,0.9898190777304233,0.20753741000483952,16.37047933640118,59.59498553519769,23,77.2
NZD_JPY,20,30,1.5,5,PASS,6036,1.6272918047271925,5.003313452617627,161.35014187141957,0.016417114945624266,-1.3275709120024204,0.9918392575769132,0.26043262896745634,20.233453262795187,60.089463220675945,23,77.2
NZD_JPY,20,40,2.0,5,PASS,5914,1.6617066847029647,2.096719648292188,161.47777863462179,0.016430101779031873,-1.5251521680894564,0.9906434064677315,0.24649446456895988,18.95604936603087,59.266148123097736,23,77.2
NZD_JPY,20,50,2.5,5,PASS,5906,1.6635483688903938,1.2868269556383338,184.39885796245017,0.018762284382891025,-1.2932750932945423,0.9930353802715687,0.2703851438504327,20.779234640493943,59.0585844903488,23,77.2
NZD_JPY,20,60,3.0,5,PASS,5846,1.6807076063405177,0.6158056790968184,193.94249488763415,0.019733333943695922,-1.2176376464102678,0.9937608279385757,0.2853780058954006,21.819756738577336,59.767362299007864,23,77.2
NZD_JPY,20,70,3.5,5,PASS,5825,1.686909871244635,0.4120171673819743,188.4868645954123,0.019178232419957496,-1.5360213513413439,0.9919166507566265,0.27392716740986417,20.906583699596688,59.93133047210301,23,77.2
NZD_JPY,20,80,4.0,5,PASS,5944,1.6533198743831317,0.3364737550471063,199.8366100498586,0.020333050590974094,-1.4913525105610133,0.9925924223759357,0.27505656146984636,21.20612953306816,60.296096904441455,23,77.2
NZD_JPY,23,23,1.0,5,PASS,5603,1.7533910405140103,10.10173121542031,127.6894581388216,0.012992195031846046,-2.1130503067057713,0.9837210364267149,0.23129074945555583,17.312850332084032,60.78886310904872,23,77.2
NZD_JPY,23,34,1.5,5,PASS,5376,1.8278614831349207,3.6272321428571432,157.9740857887142,0.016073606721027745,-1.871416862994005,0.9882923395907378,0.26608987717755433,19.510032061242324,61.34672619047619,23,77.2
NZD_JPY,23,46,2.0,5,PASS,5372,1.8290208488458675,1.4892032762472078,171.38329327539674,0.017437971809804817,-1.5616615878291327,0.9909701812980657,0.2748597529062674,20.145551161486107,60.9084139985108,23,77.2
NZD_JPY,23,58,2.5,5,PASS,5517,1.7807232191408375,0.7431575131411999,194.72848264786555,0.019813306922064018,-1.481403955355077,0.9924499015773308,0.29134140095491146,21.639822603466833,61.6820735907196,23,77.2
NZD_JPY,23,69,3.0,5,PASS,5515,1.781489876095497,0.48957388939256574,196.92314616192047,0.020036610371068235,-1.456735912840458,0.9926568364815769,0.28707291212643016,21.31890887628331,61.25113327289211,23,77.2
NZD_JPY,23,80,3.5,5,PASS,5515,1.781489876095497,0.271985494106981,193.95324812513545,0.019734428068151275,-1.136520469125478,0.9941743717401748,0.28729811208614037,21.33563291124865,61.21486854034451,23,77.2
NZD_JPY,23,92,4.0,5,PASS,5515,1.781489876095497,0.1269265639165911,198.7230848661772,0.020219751211603777,-1.136520469125478,0.9943134058169546,0.2864106320762609,21.269725942458045,61.305530371713516,23,77.2
NZD_JPY,28,28,1.0,5,PASS,4931,1.9915669573446901,6.023119042790509,125.77556071700582,0.012797459076837572,-1.1629571175604518,0.9908384221164762,0.23750019032538902,16.67751973571199,61.24518353275198,23,77.2
NZD_JPY,28,42,1.5,5,PASS,4791,2.0508070688095734,2.108119390523899,135.6348856138917,0.013800629376169684,-1.6242511319738664,0.9881665354272106,0.2329772700074134,16.12599932895489,59.737006887914845,23,77.2
NZD_JPY,28,56,2.0,5,PASS,4904,2.0037214518760194,0.8768352365415988,167.26664233700774,0.017019109261171908,-1.4082288697251826,0.9916512230917952,0.27425212344939903,19.20548281792826,62.5,23,77.2
NZD_JPY,28,70,2.5,5,PASS,4902,2.004079967360261,0.4895960832313341,171.57279313036886,0.017457253112350777,-1.1926827423404243,0.9930965215340872,0.2729127916107795,19.107793769169543,61.79110567115463,23,77.2
NZD_JPY,28,84,3.0,5,PASS,4902,2.004079967360261,0.2651978784169727,170.2769017775951,0.017325398271389552,-1.976599645479457,0.9885250538935363,0.27078225978762027,18.95862610848459,62.0359037127703,23,77.2
NZD_JPY,28,98,3.5,5,PASS,4902,2.004079967360261,0.12239902080783352,174.73514547257003,0.017779017328349134,-1.976599645479457,0.9888145542099706,0.26607102839795327,18.628772614768618,62.01550387596899,23,77.2
NZD_JPY,28,112,4.0,5,PASS,4902,2.004079967360261,0.08159934720522236,173.45594304685352,0.017648860558617595,-1.976599645479457,0.9887329932340664,0.2590062374322334,18.134136331879432,61.58710730314157,23,77.2
NZD_JPY,32,32,1.0,5,PASS,4345,2.260222477943997,4.971231300345225,114.42630569284235,0.011642690806305924,-1.5906061732003303,0.9862898766428388,0.21589344464381513,14.230964853710644,61.127733026467205,23,77.2
NZD_JPY,32,48,1.5,5,PASS,4183,2.347796637182246,1.2909395170929954,127.30362067367565,0.01295293669626505,-1.65752182834107,0.987147122023092,0.2297605463146636,14.860019779693616,60.4829070045422,23,77.2
NZD_JPY,32,64,2.0,5,PASS,4310,2.279427687548337,0.6264501160092808,139.7369585616237,0.01421800863792403,-2.0316905828445746,0.9856689712774636,0.24610712006687438,16.157077696792918,61.78654292343387,23,77.2
NZD_JPY,32,80,2.5,5,PASS,4382,2.241290126274152,0.29666818804198997,145.35911939334522,0.014790054373655161,-1.6612658897098593,0.9887004384697301,0.2462597739351709,16.301578628009977,60.246462802373344,23,77.2
NZD_JPY,32,96,3.0,5,PASS,4385,2.239984796655264,0.13683010262257697,162.7120550178401,0.016555687396887186,-1.1081299428945819,0.9932356934943019,0.27985783686890914,18.53199915923006,62.02964652223489,23,77.2
NZD_JPY,32,112,3.5,5,PASS,4353,2.255532582893024,0.09189065012634964,160.70644635258594,0.01635161997177357,-2.0316905828445746,0.9875155841089007,0.26822786614552996,17.696942027774536,62.577532736044105,23,77.2
NZD_JPY,32,128,4.0,5,PASS,4353,2.255532582893024,0.09189065012634964,166.83461450832317,0.01697515113110175,-2.0316905828445746,0.9879686442967548,0.2688845515607754,17.74026833794165,62.784286698828396,23,77.2
NZD_JPY,37,37,1.0,5,PASS,3878,2.5318033350524325,2.9138731304796286,111.47733813940096,0.011342638146083632,-1.321435632193954,0.9882850177532096,0.22933860018687383,14.281737938057356,61.70706549767922,23,77.2
NZD_JPY,37,56,1.5,5,PASS,3854,2.549104826154645,1.0378827192527245,122.57507730864566,0.012471815086772269,-2.3114452159426824,0.9814916360131046,0.22596309182071642,14.027922686784176,63.20705760249092,23,77.2
NZD_JPY,37,74,2.0,5,PASS,3935,2.4961457009741634,0.48284625158831007,148.31687166745468,0.015091000864941376,-1.698065775564517,0.9886806887066862,0.26802398573082953,16.813031612648032,62.46505717916138,23,77.2
NZD_JPY,37,92,2.5,5,PASS,3989,2.4618743210495535,0.12534469791927802,140.50061362512864,0.01429570930066258,-1.735672588597258,0.987797258809266,0.2511638409806057,15.863139160939946,62.02055653045876,23,77.2
NZD_JPY,37,111,3.0,5,PASS,3854,2.549104826154645,0.05189413596263622,122.50775890420206,0.012464965548427348,-1.7637409678663116,0.9858073575221833,0.22204143141402596,13.78446368405233,61.33886870783601,23,77.2
NZD_JPY,37,130,3.5,5,PASS,3854,2.549104826154645,0.05189413596263622,121.82850039325412,0.012395852097873876,-1.7637409678663116,0.9857293552698596,0.22122415203929413,13.733726496001557,61.3129216398547,23,77.2
NZD_JPY,37,148,4.0,5,PASS,3854,2.549104826154645,0.05189413596263622,121.20903568317262,0.012332822569469307,-1.7637409678663116,0.9856574681332008,0.21775286356694565,13.518226849925439,61.10534509600415,23,77.2
