fast,slow,ag,trig,ma,K,exp,wr,n,tdpp,pdpp,pairs_pos,pairs_n,wf_pos,med_meat,med_sp
10s,5m,both,reenter,5,1.0,-3.2823529313218422,0.001707455890722823,1757,5.630928597502013,-1.5402245823395602,0,12,0,0.27329758900629386,2.0000457763671875
10s,5m,both,reenter,9,1.0,-2.2632955856418846,0.024217766153250025,113553,363.9207939852852,-68.63836054584881,0,12,0,0.5924846249749649,1.9001960754394531
10s,5m,both,reenter,9,1.5,-4.153072952723254,0.03816793893129771,524,1.679343531639758,-0.5812030166319856,0,12,0,0.897013200211827,2.1999359130859375
10s,5m,both,reenter,14,1.0,-2.2625964885834624,0.044808220364838953,265487,850.8470919550466,-160.4269702149116,0,12,0,0.8049677277284673,1.9500732421875
10s,5m,both,reenter,14,1.5,-2.3309400766763257,0.0947380501520629,17427,55.85099184329401,-10.848776267471381,0,12,0,1.3167145221686383,1.949310302734375
10s,5m,both,reenter,14,2.0,-8.550413249055556,0.05970149253731343,67,0.21472522255699195,-0.1529991156548089,0,12,0,1.7707922665399778,5.0506591796875
10s,5m,both,reenter,20,1.0,-2.273966437148788,0.06756383104788354,329111,1054.7527271784206,-199.87269175790675,0,12,0,0.9951949597430954,1.9502639770507812
10s,5m,both,reenter,20,1.5,-2.2464753571440874,0.12719446004117538,53430,171.23535285403105,-32.05633337153777,0,12,0,1.6682541600089529,1.9502639770507812
10s,5m,both,reenter,20,2.0,-3.237895858356841,0.14581458145814583,1111,3.5605928695644486,-0.9607357421381356,0,12,0,2.4902480512409397,2.0999908447265625
10s,5m,both,reenter,50,1.0,-2.2973258769197598,0.1632021918035679,289077,926.4495994195158,-177.36305320069994,0,12,0,1.6669890148202526,1.9997358322143555
10s,5m,both,reenter,50,1.5,-2.224819500075932,0.20880179054757445,115272,369.42993812820265,-68.49291085495587,0,12,0,2.8060199646162687,1.9997358322143555
10s,5m,both,reenter,50,2.0,-2.289247325263107,0.18785547911814093,18461,59.16481094962132,-11.286907101343168,0,12,0,4.317041121301202,2.0003318786621094
10s,5m,both,reenter,50,2.5,-2.766132410164534,0.14422241529105126,1151,3.688787032285041,-0.8503061136831916,0,12,0,6.244118326448889,2.1495819091796875
10s,5m,both,close_beyond,5,1.0,-2.843997062275514,0.012199434229137199,5656,18.12665460869174,-4.296012704666851,0,12,0,0.44490733200452937,1.9997358322143555
10s,5m,both,close_beyond,9,1.0,-2.237890584334136,0.0360386992743886,223260,715.5157192249854,-133.43715758305518,0,12,0,0.8953173840772877,1.9496917724609375
10s,5m,both,close_beyond,9,1.5,-3.6369051735025546,0.0380517503805175,1314,4.211178245371454,-1.2763046622610712,0,12,0,0.9931626619973599,2.1495819091796875
10s,5m,both,close_beyond,14,1.0,-2.2147050565066553,0.05717788675880517,574208,1840.2528446866454,-339.6347733648558,0,12,0,1.2477140770556616,1.9991397857666016
10s,5m,both,close_beyond,14,1.5,-2.329781505374094,0.08816601568323444,33539,107.48760058714856,-20.868551992081354,0,12,0,1.6150229946816363,1.9502639770507812
10s,5m,both,close_beyond,14,2.0,-7.71081442941944,0.04895104895104895,143,0.45829413172611716,-0.29448508365266646,0,12,0,1.9762696119968837,4.900360107421875
10s,5m,both,close_beyond,20,1.0,-2.219435699546093,0.07470994264701705,774502,2482.165885385603,-459.08396485168686,0,12,0,1.5637908726660044,2.0000457763671875
10s,5m,both,close_beyond,20,1.5,-2.224689408743052,0.10144440084459144,107034,343.02835031589666,-63.59429482053139,0,12,0,2.090324712591496,1.9997358322143555
10s,5m,both,close_beyond,20,2.0,-3.1007752959595036,0.12621832358674465,2052,6.576360547566381,-1.6993180269347121,0,12,0,2.677638266797544,2.099609375
10s,5m,both,close_beyond,50,1.0,-2.2052646429196945,0.10793578158360756,856639,2745.4029839701348,-504.5283442596303,0,12,0,2.681436174327656,2.00042724609375
10s,5m,both,close_beyond,50,1.5,-2.189022385395074,0.11000271654098366,290811,932.0068163734536,-170.0153153651905,0,12,0,3.6152955170410728,2.00042724609375
10s,5m,both,close_beyond,50,2.0,-2.2609824126490348,0.10141190287742231,39167,125.52451928193588,-23.650727537723473,0,12,0,5.079910022078593,2.050018310546875
10s,5m,both,close_beyond,50,2.5,-2.626620775133492,0.08345463367297429,2061,6.6052042341785135,-1.4457805554577494,0,12,0,6.885086291894282,2.1495819091796875
10s,5m,both,close_beyond,50,3.0,-3.3593188039285424,0.12162162162162163,74,0.2371592010330956,-0.06639111362959561,2,12,0,12.337940023600424,2.6498794555664062
10s,5m,both,two_outside,5,1.0,-5.719897006788801,0.0,156,0.4999572346103096,-0.23830865748082639,0,12,0,0.2878681126617266,2.8500795364379883
10s,5m,both,two_outside,9,1.0,-2.2499561838457685,0.024515038263036127,44952,144.06460006540152,-27.011586482534806,0,12,0,0.6033248900427779,1.850128173828125
10s,5m,both,two_outside,14,1.0,-2.2359482252033733,0.05211526294128126,162793,521.7278082943342,-97.21303058291352,0,12,0,0.8561886379609973,1.900482177734375
10s,5m,both,two_outside,14,1.5,-2.395800400830269,0.09950612767514176,5467,17.520937189836943,-3.498055695194443,0,12,0,1.3745627729466747,1.9001007080078125
10s,5m,both,two_outside,20,1.0,-2.248424163456138,0.07662951373918389,234257,750.7594994109443,-140.66881661831675,0,12,0,1.0470431821107962,1.9500732421875
10s,5m,both,two_outside,20,1.5,-2.2311178183518137,0.1385596752564242,27591,88.4251285905965,-16.440573332377518,0,12,0,1.7916148247187902,1.9496917724609375
10s,5m,both,two_outside,20,2.0,-3.7714457393600997,0.1422924901185771,253,0.8108280792077458,-0.25483284205679885,0,12,0,2.4482789585972053,1.949310302734375
10s,5m,both,two_outside,50,1.0,-2.276566423386091,0.17416075563531888,245727,787.5191755710741,-149.4033094064836,0,12,0,1.7093537660002767,1.999664306640625
10s,5m,both,two_outside,50,1.5,-2.205145370465183,0.222818916228791,86402,276.9058011846152,-50.88479546143389,0,12,0,2.895823427640676,1.9504547119140625
10s,5m,both,two_outside,50,2.0,-2.259354225097109,0.20041644976574702,11526,36.93914798793865,-6.954885006503045,0,12,0,4.4801339936384466,1.9994020462036133
10s,5m,both,two_outside,50,2.5,-2.873363375684904,0.1593625498007968,502,1.6088367421434322,-0.38523104769426303,0,12,0,6.273976152753047,2.100372314453125
10s,5m,basis,reenter,5,1.0,-2.450279403642197,0.0024691591435458712,528925,1695.1274379247309,-346.12798730797795,0,12,0,0.28536310397226927,1.9001960754394531
10s,5m,basis,reenter,5,1.5,-3.1883111573840925,0.0029832161664375212,38549,123.54391946790273,-32.824704738873,0,12,0,0.3863318968967633,2.199411392211914
10s,5m,basis,reenter,5,2.0,-3.152656883800868,0.025540275049115914,509,1.6175298309486097,-0.5099516556293389,0,10,0,0.3297324158546555,1.5500187873840332
10s,5m,basis,reenter,9,1.0,-2.3146341688758314,0.021010537949392886,1346372,4314.9257812612295,-832.2895541225403,0,12,0,0.5818630633180888,1.9502639770507812
10s,5m,basis,reenter,9,1.5,-2.3880978260944286,0.03583918201862426,247634,793.6308322787783,-157.93900544053855,0,12,0,0.7940174035971914,1.9001960754394531
10s,5m,basis,reenter,9,2.0,-3.911376248246616,0.02786190187764991,9906,31.74728439775466,-10.34796451164233,0,12,0,0.8445057965207337,2.3502349853515625
10s,5m,basis,reenter,9,2.5,-8.695901270916346,0.033783783783783786,740,2.371592010330956,-1.7185941647276677,0,12,0,1.621813150154594,6.375139951705933
10s,5m,basis,reenter,14,1.0,-2.3321671871804956,0.03954740325113111,1441283,4619.101685710582,-897.7097821386945,0,12,0,0.78473522250877,1.999664306640625
10s,5m,basis,reenter,14,1.5,-2.2727846565548218,0.0784010546388862,609877,1954.5667844386655,-370.1924498236579,0,12,0,1.2213616281115947,1.9496917724609375
10s,5m,basis,reenter,14,2.0,-2.586429988978908,0.0920357941834452,67050,214.8854652603927,-46.31551762876375,0,12,0,1.4212529358814674,1.9490718841552734
10s,5m,basis,reenter,14,2.5,-5.762939997969243,0.0659550133434998,2623,8.406332220402835,-4.037099015764757,0,12,0,1.6663699142952737,2.9506683349609375
10s,5m,basis,reenter,14,3.0,-9.866514942848662,0.06295399515738499,413,1.3236047300901146,-1.088280487321607,0,12,0,3.4831888547813605,9.700357913970947
10s,5m,basis,reenter,20,1.0,-2.3516902828582884,0.06011240274318049,1300680,4168.489589185497,-816.916371756956,0,12,0,0.9652430257290234,2.0000457763671875
10s,5m,basis,reenter,20,1.5,-2.2683142091612174,0.10819998113682093,763392,2446.559956689958,-462.4638927770571,0,12,0,1.5354001634199088,1.9502639770507812
10s,5m,basis,reenter,20,2.0,-2.320973320290535,0.1324909045763206,185258,593.7248549322868,-114.83496232426715,0,12,0,2.012787673249483,1.9490718841552734
10s,5m,basis,reenter,20,2.5,-3.29946803566422,0.12972238122495708,13976,44.79104045457492,-12.315550522001077,0,12,0,2.2028788159694557,2.0496368408203125
10s,5m,basis,reenter,20,3.0,-8.836980172837821,0.07917174177831912,821,2.631185189840155,-1.9376442794734976,0,12,0,3.28535255304796,6.84967041015625
10s,5m,basis,reenter,50,1.0,-2.399281965701878,0.15135778468814906,774681,2482.7395542637773,-496.3993531733167,0,12,0,1.615891753767662,2.00042724609375
10s,5m,basis,reenter,50,1.5,-2.2970117253281233,0.18800446575632412,670883,2150.0821117119767,-411.56365175172186,0,12,0,2.5387877390443236,2.0000457763671875
10s,5m,basis,reenter,50,2.0,-2.263679374430143,0.17784948305161322,343071,1099.4924899679072,-207.4082059900994,0,12,0,3.464921824555711,1.999664306640625
10s,5m,basis,reenter,50,2.5,-2.344543488550752,0.16377575467177768,104350,334.42652199734493,-65.33979371229582,0,12,0,4.3971641160633235,1.9504547119140625
10s,5m,basis,reenter,50,3.0,-2.8135669217558856,0.14884655882071407,20894,66.96222089710135,-15.700224143616255,0,12,0,5.602869347649264,2.0000457763671875
10s,5m,basis,close_beyond,5,1.0,-2.4243461784633196,0.01189150959452253,1586426,5084.263819704455,-1027.1679634666514,0,12,0,0.47938136875700366,2.0000457763671875
10s,5m,basis,close_beyond,5,1.5,-2.316801017838898,0.051431221964831714,739473,2369.903052237112,-457.5494836335377,0,12,0,0.7024868926592376,2.00042724609375
10s,5m,basis,close_beyond,5,2.0,-2.1595049121567755,0.037489469250210614,4748,15.216647114934295,-2.7383686826047366,0,12,0,0.35324269805347974,1.5497207641601562
10s,5m,basis,close_beyond,9,1.0,-2.3059832758728596,0.032114655273818155,2601398,8337.100962825578,-1602.1012824616082,0,12,0,0.8729112894771296,2.0000457763671875
10s,5m,basis,close_beyond,9,1.5,-2.389768900662723,0.052462699823801376,624863,2002.5947275019353,-398.8115500346055,0,12,0,0.9845281711847065,1.9997358322143555
10s,5m,basis,close_beyond,9,2.0,-2.2462963734059143,0.1512271959428376,271717,870.8133327987789,-163.00873594828454,0,12,0,1.2335138275143542,2.0000457763671875
10s,5m,basis,close_beyond,9,2.5,-2.2536593601334696,0.2359887881849096,70283,225.24675846228456,-42.302455462354196,0,12,0,1.5981561280195455,1.900482177734375
10s,5m,basis,close_beyond,14,1.0,-2.293228014206918,0.05191663583575646,3056997,9797.229271359056,-1872.273385557385,0,12,0,1.2077579121651638,2.00042724609375
10s,5m,basis,close_beyond,14,1.5,-2.282857173998735,0.07536655151800016,1095685,3511.510529512802,-668.0230836558665,0,12,0,1.5085831443114817,1.999664306640625
10s,5m,basis,close_beyond,14,2.0,-2.446173877210416,0.13120679506326588,205561,658.7930070751914,-134.29352036635248,0,12,0,1.582423045366843,2.0003318786621094
10s,5m,basis,close_beyond,14,2.5,-2.1933559719801647,0.2700855546214332,101105,324.0267705466369,-59.225504354992715,0,12,0,1.9002107232712895,1.999664306640625
10s,5m,basis,close_beyond,14,3.0,-2.4419559081461713,0.3308871229322089,24664,79.04452073351716,-16.08526953431623,0,12,0,2.629774633812332,1.9504547119140625
10s,5m,basis,close_beyond,20,1.0,-2.2938150721695743,0.06891365039786244,3003048,9624.330599243725,-1839.7028823406743,0,12,0,1.5173862174078234,2.0496368408203125
10s,5m,basis,close_beyond,20,1.5,-2.257934584994734,0.08893415828658469,1451557,4652.028356405367,-875.3313096919906,0,12,0,1.950688071804052,2.0000457763671875
10s,5m,basis,close_beyond,20,2.0,-2.326271558551919,0.12372918081941484,341512,1094.4961224758722,-212.17460005508164,0,12,0,2.1463333272514484,1.9991397857666016
10s,5m,basis,close_beyond,20,2.5,-2.4345356849548585,0.24804470732630865,76587,245.4501585070499,-49.79643081360328,0,12,0,2.277664750932984,2.0503997802734375
10s,5m,basis,close_beyond,20,3.0,-2.189573836936595,0.3639741661505795,33909,108.67339659231403,-19.82903549579711,0,12,0,3.0213966305609574,2.0000457763671875
10s,5m,basis,close_beyond,50,1.0,-2.286085582037949,0.10257009171403696,2277623,7299.449336954085,-1390.5971571689333,0,12,0,2.6255217965697852,2.0498037338256836
10s,5m,basis,close_beyond,50,1.5,-2.250787047173905,0.103488454767894,1631496,5228.706592549883,-980.7254226653403,0,12,0,3.317488448354311,2.04925537109375
10s,5m,basis,close_beyond,50,2.0,-2.246216668200883,0.10280417624577178,682910,2188.626891587991,-409.6775170298027,0,12,0,4.032555481943145,2.0003318786621094
10s,5m,basis,close_beyond,50,2.5,-2.3294828819947027,0.12094177694983148,185734,595.2503654686618,-115.55212807169487,0,12,0,4.5160762653381425,2.0000457763671875
10s,5m,basis,close_beyond,50,3.0,-2.602057185136055,0.16448380215309819,40314,129.20048689794885,-28.015587937990386,0,12,0,5.17940957451557,2.0492076873779297
10s,5m,basis,two_outside,5,1.0,-2.9020098125492364,0.0002551150568906577,39198,125.62386975804434,-30.380141894020994,0,12,0,0.2473815969011639,2.0999908447265625
10s,5m,basis,two_outside,5,1.5,-3.664384385654208,0.0032733224222585926,611,1.9581658355570462,-0.5979560260280637,0,12,0,0.347117344398562,2.2502899169921875
10s,5m,basis,two_outside,9,1.0,-2.2903436305590823,0.021449267953354962,547711,1755.3338264464571,-335.0264707422121,0,12,0,0.5908564049732945,1.9001960754394531
10s,5m,basis,two_outside,9,1.5,-3.01207804901991,0.015048822515795519,17410,55.79650932413776,-14.005286745597507,0,12,0,0.7072355463488833,2.100372314453125
10s,5m,basis,two_outside,9,2.0,-5.442995365343034,0.013157894736842105,152,0.48713781833825043,-0.22095740729153446,0,12,0,1.0614102133295944,2.9750823974609375
10s,5m,basis,two_outside,14,1.0,-2.2932038557227323,0.045670788664746505,898189,2878.56467049615,-550.094633444084,0,12,0,0.828589131354196,1.9502639770507812
10s,5m,basis,two_outside,14,1.5,-2.2796770687784598,0.08140570295266428,197652,633.4458162512623,-120.33765846847137,0,12,0,1.250806545051164,1.9001007080078125
10s,5m,basis,two_outside,14,2.0,-4.163500325126828,0.05580896163133888,3727,11.94449111149118,-4.144241052180669,0,12,0,1.317738613002728,2.3502349853515625
10s,5m,basis,two_outside,20,1.0,-2.3152468263874746,0.06791185411630277,938172,3006.704350697586,-580.1052254864999,0,12,0,1.013293214818134,1.999664306640625
10s,5m,basis,two_outside,20,1.5,-2.239833890786379,0.11881077010167107,400999,1285.143276419869,-239.87562208678912,0,12,0,1.6163921609418708,1.9496679306030273
10s,5m,basis,two_outside,20,2.0,-2.472826364605338,0.13054638797213056,40905,131.0945556521456,-27.014506122737284,0,12,0,2.016102276401477,1.9001960754394531
10s,5m,basis,two_outside,20,2.5,-6.947923852426948,0.08050314465408805,795,2.5478589840717705,-1.4751941840043787,0,12,0,2.4194814097661776,3.800201416015625
10s,5m,basis,two_outside,50,1.0,-2.367177683567816,0.16158422476034096,662608,2123.561944299154,-418.9040370182366,0,12,0,1.6519349324117805,2.0003318786621094
10s,5m,basis,two_outside,50,1.5,-2.269516260244565,0.2011563754782004,506064,1621.8612690758443,-306.73671016904285,0,12,0,2.6126238897035137,1.999664306640625
10s,5m,basis,two_outside,50,2.0,-2.2458218748223806,0.18782906649580744,215382,690.2678788771648,-129.18489182246518,0,12,0,3.5967161256988955,1.9502639770507812
10s,5m,basis,two_outside,50,2.5,-2.3554886920993416,0.17268160819834177,49571,158.86782100556192,-31.18427965975528,0,12,0,4.536336807831853,1.9502639770507812
10s,5m,basis,two_outside,50,3.0,-3.2193974880976137,0.1522535435578914,6279,20.123278693064965,-5.398736073061798,0,12,0,5.701542568788964,2.0498037338256836
30s,1h,both,reenter,5,1.0,-2.205958318486055,0.038461538461538464,156,0.499957435514805,-0.09190710531356998,0,12,0,0.5310905171540536,1.7999649047851562
30s,1h,both,reenter,9,1.0,-2.186675879778188,0.09222665317540622,33602,107.68954966774665,-19.623511730219732,0,12,0,1.1276620677269644,1.93328857421875
30s,1h,both,reenter,9,1.5,-2.249866397802698,0.15384615384615385,65,0.20831559813116876,-0.03905685536445725,0,12,0,1.1399331795871603,1.9831339518229167
30s,1h,both,reenter,14,1.0,-2.232803356395892,0.14762472130141915,84769,271.67238366124684,-50.5492508399087,0,12,0,1.511213226113739,1.9663492838541667
30s,1h,both,reenter,14,1.5,-2.0526595421837244,0.20661929693343306,5348,17.139566443161392,-2.9318078840372657,0,12,0,2.500609276185206,1.9168853759765625
30s,1h,both,reenter,20,1.0,-2.2969882620745024,0.18704705042995007,106524,341.39401192807105,-65.34816984510849,0,12,0,1.8270617497314845,1.9997358322143555
30s,1h,both,reenter,20,1.5,-2.1343975462473455,0.22705771050141912,16912,54.200513778374244,-9.640453634492285,0,12,0,3.020062058101125,1.9496917724609375
30s,1h,both,reenter,20,2.0,-1.958547530694273,0.21341463414634146,328,1.0511925567234361,-0.1715675488545738,0,12,0,4.312425030269651,1.8585999806722007
30s,1h,both,reenter,50,1.0,-2.386800120135729,0.2906929785306541,91619,293.62564284891613,-58.40214330222698,0,12,0,2.855354789295461,2.016425132751465
30s,1h,both,reenter,50,1.5,-2.185485740478537,0.26406875092606313,33745,108.14784398363523,-19.69629757414436,0,12,0,4.592580608455421,1.9831339518229167
30s,1h,both,reenter,50,2.0,-1.8709549120730342,0.22204279370205895,4954,15.876853432950924,-2.475406409886929,0,12,0,6.809619550956825,1.91650390625
30s,1h,both,reenter,50,2.5,-0.738574261970601,0.2152777777777778,288,0.9229983424888708,-0.05680856830031714,3,12,1,9.805281812549538,1.8251538276672363
30s,1h,both,close_beyond,5,1.0,-2.453656391794579,0.09400544959128065,1468,4.7047276624085494,-0.9619820917101256,0,12,0,0.9701719551002963,1.8664042154947917
30s,1h,both,close_beyond,9,1.0,-2.1838106071952916,0.10423379344179694,75417,241.70057637320545,-43.98569020408515,0,12,0,1.6500712315988153,1.9666035970052083
30s,1h,both,close_beyond,9,1.5,-2.181420872423091,0.22626262626262628,495,1.5864034011527466,-0.2883844576131319,0,12,0,1.75191836817703,1.8997987111409504
30s,1h,both,close_beyond,14,1.0,-2.2072181687499257,0.12608923012261933,204617,655.7678883508516,-120.61856647089769,0,12,0,2.2693595299405622,1.9832452138264973
30s,1h,both,close_beyond,14,1.5,-2.1361330706143558,0.16574776016540316,11608,37.20196097087087,-6.622361593465151,0,12,0,2.8362379400050486,1.95006529490153
30s,1h,both,close_beyond,20,1.0,-2.238778821050392,0.13448162706254146,280358,898.506837859357,-167.62983993070728,0,12,0,2.8002262115478516,2.0003318786621094
30s,1h,both,close_beyond,20,1.5,-2.177013719647509,0.14525231046045636,36681,117.55729930845233,-21.326987786600778,0,12,0,3.7208023149126745,1.966555913289388
30s,1h,both,close_beyond,20,2.0,-1.9671529283592848,0.24489795918367346,833,2.669644511434824,-0.4376332515289422,0,12,0,4.202689049930086,1.9499460856119792
30s,1h,both,close_beyond,50,1.0,-2.2227641053276,0.12469491541904765,308521,988.7651792465587,-183.14931241892177,0,12,0,4.570164235360608,1.9999345143636067
30s,1h,both,close_beyond,50,1.5,-2.148806980883218,0.11068297136063521,94206,301.9166036545367,-54.063375464785004,0,12,0,5.937550954371318,1.9832452138264973
30s,1h,both,close_beyond,50,2.0,-1.9644805237177614,0.1137847750245997,11179,35.82707802320516,-5.865133083191932,0,12,0,7.803279127246432,1.9168853759765625
30s,1h,both,close_beyond,50,2.5,-1.2767334204474,0.15270935960591134,609,1.951756911721258,-0.20765610648197796,2,12,0,9.642654400450201,1.9166866938273113
30s,1h,both,two_outside,9,1.0,-2.18489674316434,0.09927360774818401,11151,35.73734207324097,-6.506866858764511,0,12,0,1.1751753616668026,1.9162495930989583
30s,1h,both,two_outside,14,1.0,-2.211900626832385,0.1670616833789122,49365,158.207684642233,-29.161639735821293,0,12,0,1.6256614320053764,1.9494692484537761
30s,1h,both,two_outside,14,1.5,-1.9738523117420268,0.21484098939929328,1415,4.5348703285477505,-0.7459303567878585,0,12,0,2.4415345679898337,1.8668174743652344
30s,1h,both,two_outside,20,1.0,-2.2755715049072522,0.2046674731219333,73573,235.79082309699197,-44.71323984651181,0,12,0,1.9237902234593207,1.9832611083984375
30s,1h,both,two_outside,20,1.5,-2.1152368863759956,0.23967542691050017,8257,26.46249067337016,-4.664536364807777,0,12,0,3.23160849386106,1.95006529490153
30s,1h,both,two_outside,50,1.0,-2.357511656284522,0.3059579423965244,76419,244.9118414397813,-48.11521007969926,0,12,0,2.9258126324473777,1.9999186197916667
30s,1h,both,two_outside,50,1.5,-2.1141232709928963,0.279281098546042,24760,79.35221861119598,-13.980030997570417,0,12,0,4.782481085409573,1.9667307535807292
30s,1h,both,two_outside,50,2.0,-1.737011718579121,0.2364467668190725,3062,9.813267099655981,-1.420479995804115,0,12,0,7.029223112662919,1.9001960754394531
30s,1h,both,two_outside,50,2.5,0.11382076105146516,0.248,125,0.40060691948301685,0.00379978203817,5,12,0,10.342313674395864,1.816550890604655
30s,1h,basis,reenter,5,1.0,-2.4200070299345837,0.02155981108882707,61828,198.14979694236771,-39.96032513172002,0,12,0,0.5156605319064811,1.8835703531901042
30s,1h,basis,reenter,5,1.5,-3.894006731680115,0.030395136778115502,987,3.163192236237901,-1.0264576551257218,0,12,0,0.6271197506094506,2.383295694986979
30s,1h,basis,reenter,9,1.0,-2.258418534499422,0.0923020825336945,364748,1168.9645813407315,-220.00093972277205,0,12,0,1.1223068280723947,1.9497931003570557
30s,1h,basis,reenter,9,1.5,-2.380164166469287,0.14151742103549333,30710,98.42110797858757,-19.52153286956988,0,12,0,1.49464078301218,1.89971923828125
30s,1h,basis,reenter,9,2.0,-7.606409094804925,0.07058823529411765,255,0.8172381157453543,-0.5180206196855586,1,12,0,1.944809932849978,5.332827568054199
30s,1h,basis,reenter,14,1.0,-2.2797456163739853,0.14038796772093998,439418,1408.2711307631064,-267.54166141860225,0,12,0,1.4818403968736016,1.9830067952473958
30s,1h,basis,reenter,14,1.5,-2.220113669531493,0.19229495902220842,148007,474.34102665538296,-87.75758310810151,0,12,0,2.318589558523154,1.9331773122151692
30s,1h,basis,reenter,14,2.0,-2.9131473105902077,0.1997944803288315,6812,21.831474684146485,-5.2998584801949615,0,12,0,2.804986424067568,1.9670685132344563
30s,1h,basis,reenter,14,2.5,-9.3012996999083,0.08490566037735849,106,0.33971466772159825,-0.2633156614111125,1,12,0,4.095997656042982,10.541788736979168
30s,1h,basis,reenter,20,1.0,-2.3094511801379993,0.18270640201616578,405919,1300.9116811970136,-250.36600144964598,0,12,0,1.795103036769774,1.9993384679158528
30s,1h,basis,reenter,20,1.5,-2.2200776977446335,0.21881328708768827,214795,688.3869061628368,-127.35603481596182,0,12,0,2.8564392647144388,1.9503275553385417
30s,1h,basis,reenter,20,2.0,-2.292027439637932,0.22083377364472154,37852,121.31018493016923,-23.170522713958317,0,12,0,3.677877664816087,1.9170125325520833
30s,1h,basis,reenter,20,2.5,-5.142245322791725,0.18032786885245902,1342,4.300915887569668,-1.8430303838813122,0,12,0,4.619080487935356,2.5166312853495283
30s,1h,basis,reenter,20,3.0,-10.124641585291194,0.125,64,0.2051107427753046,-0.17305606299106788,1,12,0,6.165594506238881,12.925020853678387
30s,1h,basis,reenter,50,1.0,-2.409973833759017,0.29147633723139277,236870,759.1340881435376,-152.45777406170308,0,12,0,2.8618405617422127,2.016576131184896
30s,1h,basis,reenter,50,1.5,-2.289114606807314,0.2580776295582523,199254,638.5802490773523,-121.81528131513498,0,12,0,4.463008770436705,1.983642578125
30s,1h,basis,reenter,50,2.0,-2.2767176347785925,0.20604163405853812,95835,307.13731302923935,-58.27207807268183,0,12,0,6.101975313531227,1.9671122233072917
30s,1h,basis,reenter,50,2.5,-2.3416710606231943,0.18716395304808783,26410,84.6402299483718,-16.516631419549572,0,12,0,7.737371421877981,1.966555913289388
30s,1h,basis,reenter,50,3.0,-3.242405816527396,0.1750761200521966,4598,14.73592492626329,-3.9816540577355943,0,12,0,10.127275273532987,2.082967758178711
30s,1h,basis,close_beyond,5,1.0,-2.364040807686012,0.06564769782100918,500048,1602.5815109891487,-315.7140074684548,0,12,0,0.8768878537956937,1.9999345143636067
30s,1h,basis,close_beyond,5,1.5,-2.112604562772011,0.15877136669229847,283502,908.5829030981939,-159.95636556182367,0,12,0,1.1928161038191831,2.0167032877604165
30s,1h,basis,close_beyond,5,2.0,-2.069574587300976,0.08015267175572519,262,0.8251007009365949,-0.18973416029139997,0,9,0,0.48290165584441436,1.4997522036234536
30s,1h,basis,close_beyond,9,1.0,-2.26275392232968,0.10181872957128633,816559,2616.953484529062,-493.46014680603827,0,12,0,1.6196118814505667,1.9832452138264973
30s,1h,basis,close_beyond,9,1.5,-2.307466303745252,0.18287751297955918,189914,608.6469000535812,-117.0360177293869,0,12,0,1.6569875628704267,1.9834438959757488
30s,1h,basis,close_beyond,9,2.0,-1.9401258912173398,0.3254237288135593,99415,318.6106952032329,-51.51207158187904,0,12,0,2.1110697196846218,1.9993384679158528
30s,1h,basis,close_beyond,9,2.5,-1.7927552673740055,0.4005544414297511,16954,54.33511770332054,-8.11746403883454,0,12,0,3.0841723301155977,2.0167032877604165
30s,1h,basis,close_beyond,14,1.0,-2.249056741037562,0.12313733206073293,1057153,3388.0224540178374,-634.9878949162868,0,12,0,2.2237783583953785,1.9999186197916667
30s,1h,basis,close_beyond,14,1.5,-2.2541910285704883,0.15903782693909244,319402,1023.6372103737164,-192.2894846779461,0,12,0,2.6352915154248535,1.9669532775878906
30s,1h,basis,close_beyond,14,2.0,-2.2224759068034565,0.29870634330878876,59212,189.76589533142715,-35.145844192256945,0,12,0,2.5436385426264474,1.9999345143636067
30s,1h,basis,close_beyond,14,2.5,-1.8856152769372794,0.436397771690622,32491,104.1289553673816,-16.362262417687905,0,12,0,3.418458646129352,2.0168304443359375
30s,1h,basis,close_beyond,14,3.0,-2.220067387827835,0.46987546280713566,5942,19.04325052454469,-3.5231082873147472,1,12,0,5.707864309959154,2.1497885386149087
30s,1h,basis,close_beyond,20,1.0,-2.252729140584559,0.1330071621699091,1064063,3410.1680045268586,-640.1820698405626,0,12,0,2.750670278639644,2.0001729329427085
30s,1h,basis,close_beyond,20,1.5,-2.221734649894059,0.14110337486286564,460315,1475.2429931345991,-273.1332062383802,0,12,0,3.519978861916684,1.983046531677246
30s,1h,basis,close_beyond,20,2.0,-2.2647444022397,0.23376286861801257,100341,321.57839126276315,-60.69107179113257,0,12,0,3.3963938312890685,1.9831339518229167
30s,1h,basis,close_beyond,20,2.5,-2.119555643069054,0.4138483364605739,21851,70.02929438098721,-12.36924884044712,0,12,0,3.9850031634813377,2.0666917165120444
30s,1h,basis,close_beyond,20,3.0,-1.8740416461138747,0.48503485034850347,9756,31.266568851810497,-4.882904346614979,0,12,0,5.938589646606829,2.1001438299814863
30s,1h,basis,close_beyond,50,1.0,-2.2454299389613572,0.12570229344087056,789556,2530.4127753546627,-473.48871697597156,0,12,0,4.572257334186247,2.0003318786621094
30s,1h,basis,close_beyond,50,1.5,-2.214652715774113,0.10981051188766322,548636,1758.2990230198754,-324.50180887282806,0,12,0,5.777664899847279,1.9997914632161458
30s,1h,basis,close_beyond,50,2.0,-2.225666222932596,0.10493359779634799,215279,689.9380561550751,-127.9643189583436,0,12,0,6.943813765908358,1.9832452138264973
30s,1h,basis,close_beyond,50,2.5,-2.2776651891484216,0.15188353317198441,54127,173.46920584685802,-32.92539762888419,0,12,0,7.342720252064794,1.999664306640625
30s,1h,basis,close_beyond,50,3.0,-2.5366577991979344,0.23679417122040072,11529,36.94877739775761,-7.8105336964041845,0,12,0,8.571488298105123,2.050002415974935
30s,1h,basis,two_outside,5,1.0,-3.701682959257374,0.0013123359580052493,762,2.4420997811684706,-0.753323262063124,0,12,0,0.3840553126095658,2.333513895670573
30s,1h,basis,two_outside,9,1.0,-2.2587403961287293,0.10020087043856712,119480,382.9161179186468,-72.07567532263663,0,12,0,1.168487728828893,1.9164880116780598
30s,1h,basis,two_outside,9,1.5,-4.486746409838289,0.09895833333333333,384,1.2306644566518277,-0.46013994438318134,0,12,0,1.6575061767726273,2.4916966756184893
30s,1h,basis,two_outside,14,1.0,-2.253834835544239,0.1585242158770937,255349,818.3566102645509,-153.70338634267875,0,12,0,1.5834351126643664,1.9502003987630208
30s,1h,basis,two_outside,14,1.5,-2.2586399905870134,0.1986238912376689,36189,115.98051047336716,-21.82985159032025,0,12,0,2.457361853629436,1.9002278645833333
30s,1h,basis,two_outside,14,2.0,-7.184621867810919,0.11818181818181818,110,0.3525340891450548,-0.21106867716836375,0,12,0,3.316235676504675,4.941622416178385
30s,1h,basis,two_outside,20,1.0,-2.2792396119036695,0.20124424341225194,280331,898.4203067647487,-170.64292927640514,0,12,0,1.8918244934104544,1.9669532775878906
30s,1h,basis,two_outside,20,1.5,-2.1923380433127266,0.23012141816415735,102950,329.9398588862127,-60.27830872012305,0,12,0,3.043989744584419,1.9335428873697917
30s,1h,basis,two_outside,20,2.0,-2.6753460816314454,0.20659536541889484,5610,17.979238546397795,-4.008390449651865,0,12,0,3.734020389791004,1.9665161768595376
30s,1h,basis,two_outside,50,1.0,-2.3876673954936862,0.3063897715160363,197957,634.4235516807965,-126.23270244012845,0,12,0,2.9344974880459063,2.000133196512858
30s,1h,basis,two_outside,50,1.5,-2.270006328039679,0.27085361672951663,145850,467.42815365278403,-88.4220722246436,0,12,0,4.607624724878567,1.9830067952473958
30s,1h,basis,two_outside,50,2.0,-2.261190018337319,0.21647034511262658,58068,186.09954080431856,-35.06720200699031,0,12,0,6.332347972379804,1.9660274187723794
30s,1h,basis,two_outside,50,2.5,-2.400017390717495,0.19679126130739033,11718,37.55449506001593,-7.5109534369710405,0,12,0,8.125321217158898,1.9502639770507812
30s,1h,basis,two_outside,50,3.0,-3.8501870377488356,0.17521704814522493,1267,4.060551735879859,-1.3028236382994305,0,12,0,10.418990285565588,2.1497090657552085
1m,1h,both,reenter,9,1.0,-2.1600925851174093,0.18104184457728437,15223,48.78754022763389,-8.782133657652441,0,12,0,1.7117833525146953,1.9415219624837239
1m,1h,both,reenter,14,1.0,-2.1628398064679626,0.2438917230100808,40969,131.29979212940503,-23.66503474987051,0,12,0,2.2327551759752318,1.958310604095459
1m,1h,both,reenter,14,1.5,-1.9102979503615136,0.2795414462081129,2268,7.268615991346887,-1.1571018525195733,0,12,0,3.6753745944679173,1.933276653289795
1m,1h,both,reenter,20,1.0,-2.255860159437145,0.28087425446369024,52479,168.18769779977657,-31.617327231164197,0,12,0,2.6438586992127977,2.0001093546549478
1m,1h,both,reenter,20,1.5,-2.09877889365587,0.2770600777624483,7973,25.55232596958057,-4.469056869064205,0,12,0,4.3774786077712236,1.941680908203125
1m,1h,both,reenter,20,2.0,-1.943028529254345,0.25,108,0.3461245710165184,-0.05604415968008474,2,12,0,7.036393956145082,1.958233118057251
1m,1h,both,reenter,50,1.0,-2.3984819953387655,0.35648128204023605,46426,148.78869753715634,-29.738917679397897,0,12,0,4.067940666470804,2.0169576009114585
1m,1h,both,reenter,50,1.5,-2.0557675890906504,0.28599267745364354,16934,54.271050792534474,-9.297388937098736,0,12,0,6.7533145464949484,1.983344554901123
1m,1h,both,reenter,50,2.0,-1.7273726107036398,0.22666123114553607,2453,7.861514562069627,-1.1316470777639076,0,12,0,9.823395284450953,1.9251306851704915
1m,1h,both,reenter,50,2.5,-0.5886624107230731,0.22695035460992907,141,0.451884856604899,-0.022167302421524177,5,12,0,18.649555412238605,1.8249948819478352
1m,1h,both,close_beyond,5,1.0,-2.563241733364882,0.1471861471861472,462,1.4806439982373287,-0.31627070737818,0,12,0,1.234192568756498,1.8874804178873696
1m,1h,both,close_beyond,9,1.0,-2.1547502296715586,0.16777164415101667,36049,115.53189500531919,-20.745198108091824,0,12,0,2.3459978238245416,1.9584099451700847
1m,1h,both,close_beyond,9,1.5,-2.4806351455204143,0.2867132867132867,143,0.4582945708829827,-0.09473846829446031,0,12,0,2.807461662259758,1.800219217936198
1m,1h,both,close_beyond,14,1.0,-2.1406791447291074,0.1726364840434274,103437,331.5008078910705,-59.13640549277208,0,12,0,3.302270979372679,1.9666552543640137
1m,1h,both,close_beyond,14,1.5,-1.9991511645567448,0.22066161522823877,5411,17.341481979355382,-2.8890203245140094,0,12,0,3.8471707269835065,1.958147684733073
1m,1h,both,close_beyond,20,1.0,-2.177816458764703,0.16577480876397493,144455,462.9576380202886,-84.01973031595135,0,12,0,3.996801035481923,1.9998351732889812
1m,1h,both,close_beyond,20,1.5,-2.0742563806365877,0.16864411456321396,18121,58.07521621657713,-10.038573982840377,0,12,0,5.2635739720474195,1.966555913289388
1m,1h,both,close_beyond,20,2.0,-2.166713805637562,0.25,288,0.9229988560440491,-0.16665619699819317,0,12,0,5.689117293023571,1.9749502340952556
1m,1h,both,close_beyond,50,1.0,-2.1902747988001097,0.1303637231737326,163366,523.5646913767088,-95.56254575533019,0,12,0,6.46168091058712,1.9918441772460938
1m,1h,both,close_beyond,50,1.5,-2.047225508687378,0.11393988299374622,49570,158.86476838230388,-27.102667188663712,0,12,0,8.612451811773614,1.9750595092773438
1m,1h,both,close_beyond,50,2.0,-1.7881754598737452,0.11773967809657103,5716,18.318963406763142,-2.7297934011915825,0,12,0,10.984489905820283,1.9165674845377605
1m,1h,both,close_beyond,50,2.5,-1.1638450906550895,0.13675213675213677,234,0.7499365705357899,-0.07273416632673277,4,12,1,19.285794165491676,1.8333892027537027
1m,1h,both,two_outside,9,1.0,-2.1486518548033913,0.18905141843971632,4512,14.460315411356769,-2.589181960804482,0,12,0,1.810542059828002,1.9000669320424397
1m,1h,both,two_outside,14,1.0,-2.112927596856965,0.2647160365958916,23172,74.26294962587745,-13.07601964070959,0,12,0,2.4153150854666627,1.9331614176432292
1m,1h,both,two_outside,14,1.5,-1.8870781368089666,0.3065843621399177,486,1.5575605695743329,-0.24493654146662044,0,12,0,3.952288032682816,1.904235283533732
1m,1h,both,two_outside,20,1.0,-2.211474914325583,0.30100325075664164,35684,114.36212214956892,-21.075747023567484,0,12,0,2.805057869728955,1.983324686686198
1m,1h,both,two_outside,20,1.5,-2.01531241927851,0.2881944444444444,3744,11.998985128572638,-2.0151419790292153,0,12,0,4.6753720010372035,1.920759677886963
1m,1h,both,two_outside,50,1.0,-2.3549372442637595,0.3729164509783621,38636,123.82286042402042,-24.299588808649897,0,12,0,4.181971134038687,2.0081798235575357
1m,1h,both,two_outside,50,1.5,-1.9999873977944407,0.29851106639839037,12425,39.820349952594825,-6.636683173412842,0,12,0,7.017371569550401,1.9662221272786458
1m,1h,both,two_outside,50,2.0,-1.662280545806729,0.234375,1472,4.717549708669584,-0.6534909253831377,0,12,0,9.920908648412308,1.8665949503580728
1m,1h,both,two_outside,50,2.5,-0.22111929138003053,0.26229508196721313,61,0.19549628548155207,-0.0036023333427590786,3,12,0,15.087709858103437,1.691579818725586
1m,1h,basis,reenter,5,1.0,-2.414755279129357,0.060725232780058994,17291,55.41518479117241,-11.1511758348677,0,12,0,0.7730982959884614,1.9001960754394531
1m,1h,basis,reenter,5,1.5,-6.525064073249468,0.029411764705882353,102,0.3268954281822674,-0.17775113451180122,0,12,0,1.1997606229954272,3.875086704889933
1m,1h,basis,reenter,9,1.0,-2.2107159044191054,0.17730168333392649,168594,540.3196844996195,-99.54110999950183,0,12,0,1.6674624780251612,1.9497613112131755
1m,1h,basis,reenter,9,1.5,-2.4136206204972765,0.23085726175613816,9612,30.805086820470137,-6.195982730507968,0,12,0,2.323659699249303,1.9167860349019368
1m,1h,basis,reenter,14,1.0,-2.233653596575016,0.23425948700337387,215479,690.579411463596,-128.54293217802658,0,12,0,2.1813530378656854,1.966853936513265
1m,1h,basis,reenter,14,1.5,-2.1547362932954806,0.2542486040301044,65904,211.21290489141325,-37.92567598182455,0,12,0,3.3495210003593456,1.9333521525065105
1m,1h,basis,reenter,14,2.0,-3.090375521214389,0.24169040835707503,2106,6.749429134822109,-1.7381892150354548,0,12,0,4.280780592182953,1.9917885462443032
1m,1h,basis,reenter,20,1.0,-2.280530288839142,0.2741779782895644,203036,650.7013740824984,-123.66201604869889,0,12,0,2.5940658316528697,1.9834438959757488
1m,1h,basis,reenter,20,1.5,-2.1968517667999827,0.2626491275793728,102932,329.8823550358544,-60.391886208054665,0,12,0,4.121051091671291,1.9582112630208333
1m,1h,basis,reenter,20,2.0,-2.2734539077813904,0.24374126318464862,15738,50.438041654240436,-9.555713574972788,0,12,0,5.352067733264687,1.9498666127522786
1m,1h,basis,reenter,20,2.5,-5.878320520364632,0.19856459330143542,418,1.339630284119488,-0.656231349070124,0,12,0,7.063480264686839,2.654107411702474
1m,1h,basis,reenter,50,1.0,-2.4625554309470754,0.3537306661167251,121225,388.5088066803467,-79.72703932178793,0,12,0,4.092375089847167,2.017084757486979
1m,1h,basis,reenter,50,1.5,-2.3054124925479926,0.2756409620137572,100747,322.87974218704795,-62.03091593572463,0,12,0,6.415439398297451,1.9916892051696777
1m,1h,basis,reenter,50,2.0,-2.2400722233668002,0.21219639320337746,47965,153.72097267414173,-28.695506753022652,0,12,0,8.772141095962915,1.9667307535807292
1m,1h,basis,reenter,50,2.5,-2.403982538966436,0.1906274206041828,12910,41.37470566503012,-8.288672497800674,0,12,0,11.12200321488701,1.9581298033396404
1m,1h,basis,reenter,50,3.0,-2.5029825191046706,0.19776785714285713,2240,7.178879991453715,-1.4973842604465781,1,12,0,16.86511274987126,2.1082162857055664
1m,1h,basis,close_beyond,5,1.0,-2.301581075021137,0.14018473688387967,201584,646.0479215166097,-123.91097247661413,0,12,0,1.2515937321254,2.0083745320638022
1m,1h,basis,close_beyond,5,1.5,-1.8903855360218795,0.2671839684784317,165474,530.320530225809,-83.54252164952693,0,12,0,1.6880140560530776,2.0001729329427085
1m,1h,basis,close_beyond,9,1.0,-2.2202297571675973,0.16377062019069402,402215,1289.0416141797125,-238.49737916909592,0,12,0,2.3318324551937053,1.9749005635579426
1m,1h,basis,close_beyond,9,1.5,-2.187190449818518,0.2844751005904792,76548,245.32540427937454,-44.71444844480959,0,12,0,2.343261713873801,1.9917885462443035
1m,1h,basis,close_beyond,9,2.0,-1.5628038848139127,0.44167979572988536,55221,176.9754160750293,-23.048155646551198,0,12,0,3.0340127265191086,1.9997358322143555
1m,1h,basis,close_beyond,9,2.5,-1.686708392127911,0.46936734183545886,7998,25.632447398056613,-3.6028720114232766,0,12,0,4.662969243214188,2.066580454508464
1m,1h,basis,close_beyond,14,1.0,-2.2033290014664626,0.16722414791795004,543815,1742.8493850680368,-320.00588294236627,0,12,0,3.1867525754478265,1.983344554901123
1m,1h,basis,close_beyond,14,1.5,-2.1688210966561656,0.2053716819367876,152913,490.06431970230443,-88.57181960740081,0,12,0,3.6510734267913847,1.9669532775878906
1m,1h,basis,close_beyond,14,2.0,-1.9157825375433684,0.4103980828118759,30044,96.28672788537295,-15.372035989998968,0,12,0,3.669998495797877,2.0416895548502603
1m,1h,basis,close_beyond,14,2.5,-1.625323400232026,0.5076994867008866,17144,54.94407079173325,-7.441823663484087,0,12,0,4.91668242280312,2.0085016886393228
1m,1h,basis,close_beyond,14,3.0,-2.1738124691851244,0.5114800423878488,2831,9.072950560627442,-1.6435744217493413,3,12,0,8.809429036347183,2.1916131178538003
1m,1h,basis,close_beyond,20,1.0,-2.2129420228289534,0.162874578316065,556993,1785.08299244633,-329.19043068514526,0,12,0,3.9090908786440837,1.9917805989583333
1m,1h,basis,close_beyond,20,1.5,-2.180034411221049,0.15704808211777418,231375,741.523820545805,-134.7122871274964,0,12,0,4.948132545145256,1.9746780395507812
1m,1h,basis,close_beyond,20,2.0,-2.1582802799351044,0.26372788627547705,44599,142.9334235441269,-25.707532448241754,0,12,0,4.813954099131479,1.9749959309895833
1m,1h,basis,close_beyond,20,2.5,-2.0114840905710163,0.4883196875234733,13313,42.66626309206398,-7.151875784483669,0,12,0,5.47723797641666,2.0917256673177085
1m,1h,basis,close_beyond,20,3.0,-1.8850608591070315,0.5376845376845377,5148,16.498604551787377,-2.591739472538291,1,12,0,8.199421865507706,2.0665208498636884
1m,1h,basis,close_beyond,50,1.0,-2.2389741212872516,0.12960336757571955,422381,1353.6707632456303,-252.56948397084398,0,12,0,6.486035069160323,2.0000457763671875
1m,1h,basis,close_beyond,50,1.5,-2.1917943760180125,0.10853557832988978,291849,935.3343511722211,-170.8383808829776,0,12,0,8.244989124176527,1.9914905230204265
1m,1h,basis,close_beyond,50,2.0,-2.1829416771560277,0.10506955948627514,112278,359.8349498573394,-65.45822574507797,0,12,0,9.881932215230904,1.9749005635579426
1m,1h,basis,close_beyond,50,2.5,-2.2681763136455104,0.1493975903614458,27390,87.78103703835592,-16.59190574980318,0,12,0,10.463372082277766,1.9584099451700847
1m,1h,basis,close_beyond,50,3.0,-2.282095058860269,0.23857868020304568,5713,18.309348835346015,-3.4819728756743467,0,12,0,12.81726105758807,2.0497639973958335
1m,1h,basis,two_outside,5,1.0,-6.085827892446574,0.028169014084507043,71,0.22754485687197043,-0.11539990306118343,0,12,0,0.8087941455990233,3.26693058013916
1m,1h,basis,two_outside,9,1.0,-2.2133461782239707,0.1891128793413233,50647,162.31639952105192,-29.93853187858295,0,12,0,1.7530672982189799,1.9167860349019368
1m,1h,basis,two_outside,14,1.0,-2.194872485453033,0.25423327509348315,122482,392.5373121041223,-71.79744548758566,0,12,0,2.334400781970203,1.9498825073242188
1m,1h,basis,two_outside,14,1.5,-2.20896209237217,0.2532560518240709,14665,46.999229944048544,-8.65162644309052,0,12,0,3.626920878716078,1.9081433614095051
1m,1h,basis,two_outside,20,1.0,-2.245822632975071,0.29440015021521215,138468,443.7701583288451,-83.05242211782094,0,12,0,2.7573913179210763,1.966853936513265
1m,1h,basis,two_outside,20,1.5,-2.150241953400533,0.2695973140366609,47953,153.6825143884732,-27.537882495181346,0,12,0,4.4500686627074515,1.9335746765136719
1m,1h,basis,two_outside,20,2.0,-2.589999668615486,0.24017681728880158,2036,6.52508913508918,-1.4083315581306237,0,12,0,5.680310586511084,1.97483499844869
1m,1h,basis,two_outside,50,1.0,-2.433590062578423,0.36884824518042514,101150,324.1712996140818,-65.74167110949683,0,12,0,4.201279388336143,2.008183797200521
1m,1h,basis,two_outside,50,1.5,-2.282730777080078,0.2881542774708076,73478,235.48649286251612,-44.79602207032613,0,12,0,6.6236311352028565,1.9752244154612222
1m,1h,basis,two_outside,50,2.0,-2.2059812045679204,0.22174347661231947,29011,92.97611046074275,-17.091962679185773,0,12,0,9.163598005920903,1.958310604095459
1m,1h,basis,two_outside,50,2.5,-2.4697299057959863,0.19624543716321918,5753,18.43754312090769,-3.7946459695923984,0,12,0,11.854782152823873,1.9417444864908855
1m,1h,basis,two_outside,50,3.0,-3.648779672492395,0.20795107033639143,654,2.0959765689333616,-0.6373130582287004,1,12,0,19.877694108106425,2.4374961853027344
5m,1h,both,reenter,9,1.0,-2.0742311016088135,0.362565445026178,2292,7.345561172114296,-1.269699286830797,0,12,0,4.112271479404228,1.9801159699757893
5m,1h,both,reenter,14,1.0,-2.077560699273505,0.39088397790055246,7964,25.52358166436224,-4.418899180881403,0,12,0,5.141540768865971,1.9650562604268393
5m,1h,both,reenter,14,1.5,-2.3102518076507224,0.30903790087463556,343,1.0992702801200713,-0.21163259597867592,1,12,0,7.47991009115101,1.948257287343343
5m,1h,both,reenter,20,1.0,-2.174266044431697,0.4028666496032762,11721,37.564276831741566,-6.806227633240663,0,12,0,6.23487416879982,2.0080010096232095
5m,1h,both,reenter,20,1.5,-2.1515097204505382,0.2939579090291921,1473,4.720772952235759,-0.8463990745646015,1,12,0,10.850514319198368,1.9484162330627441
5m,1h,both,reenter,50,1.0,-2.1261654346040952,0.42993379571248425,12688,40.66338575557862,-7.204757103956982,0,12,0,9.794107059633017,2.0065561930338545
5m,1h,both,reenter,50,1.5,-1.7004141380900024,0.2959035142441256,4809,15.41221800903039,-2.1839294501567186,0,12,0,16.776556052635925,2.01493501663208
5m,1h,both,reenter,50,2.0,-0.7814735889015806,0.25842696629213485,356,1.1409335851975084,-0.07430078862688702,5,12,0,26.815102613444797,1.911623477935791
5m,1h,both,close_beyond,5,1.0,-1.8904912348341896,0.4,70,0.22434087349389212,-0.03534287124627073,4,12,0,3.2369406914625642,2.1540919939676924
5m,1h,both,close_beyond,9,1.0,-1.9301158019146891,0.2823562333846369,7147,22.905203183726385,-3.6841412175814123,0,12,0,5.165493223186601,1.9866053263346355
5m,1h,both,close_beyond,14,1.0,-2.035398294198881,0.22544249643486286,23842,76.41050151201966,-12.960483703037154,0,12,0,6.945273923096806,1.9832956790924072
5m,1h,both,close_beyond,14,1.5,-2.0459093737907494,0.21930870083432658,839,2.688885612305364,-0.4584346899388853,0,12,0,9.27603697801982,1.9166568915049236
5m,1h,both,close_beyond,20,1.0,-2.0952797699371497,0.19724618447246184,36168,115.91372446467273,-20.239306827408132,0,12,0,8.650953572334474,2.0133209228515625
5m,1h,both,close_beyond,20,1.5,-2.2712018070344895,0.15492577597840756,3705,11.874041947069577,-2.2473621272489788,0,12,0,12.178538958394824,1.9566980997721355
5m,1h,both,close_beyond,50,1.0,-2.03690085592978,0.14061133461605738,45736,146.57791700166644,-24.880390383424885,0,12,0,15.00238206101372,1.999884843826294
5m,1h,both,close_beyond,50,1.5,-1.8533233255654717,0.11363951713611767,14414,46.19499072201373,-7.13452115244905,0,12,0,21.175892836777166,2.0165761311848955
5m,1h,both,close_beyond,50,2.0,-1.3377131530638526,0.10804597701149425,870,2.788236570566945,-0.31082172785842094,2,12,0,31.563813472862634,1.8982867399851482
5m,1h,both,two_outside,9,1.0,-2.3334553734268786,0.32280701754385965,570,1.8267756841645502,-0.35522496135494436,0,12,0,4.532416282327034,1.9590755303700764
5m,1h,both,two_outside,14,1.0,-1.9419624820635555,0.39815668202764976,4340,13.909134156621311,-2.250918057512275,0,12,0,5.651371939868,1.9691658020019531
5m,1h,both,two_outside,20,1.0,-1.9809531782499201,0.4204516938519448,7970,25.54281088209029,-4.21659269985945,0,12,0,6.610737961369462,1.9916812578837075
5m,1h,both,two_outside,20,1.5,-1.8926343347705492,0.2953451043338684,623,1.99663377409564,-0.31490813623465935,2,12,0,12.587699790621576,1.8933812777201335
5m,1h,both,two_outside,50,1.0,-1.9947773658050336,0.44184981684981683,10920,34.99717626504717,-5.817631256717103,0,12,0,10.079050870220385,1.998265584309896
5m,1h,both,two_outside,50,1.5,-1.539743573083501,0.30914651098137336,3597,11.527916027964714,-1.4791695512587457,1,12,0,17.442037824833534,1.9848545392354329
5m,1h,both,two_outside,50,2.0,0.15425644216431053,0.3238095238095238,210,0.6730226204816764,0.00865150624430037,6,12,0,23.352985421060612,1.8908679485321045
5m,1h,basis,reenter,5,1.0,-2.270024347094456,0.27044392523364486,1712,5.486736791736333,-1.0379188419450334,0,12,0,2.051009667763992,1.9283485412597656
5m,1h,basis,reenter,9,1.0,-2.116262233802338,0.3447707124554531,33953,108.8149382534017,-19.19007869160061,0,12,0,3.9851311511938547,1.9417206446329753
5m,1h,basis,reenter,9,1.5,-2.4617235990219632,0.3541329011345219,1234,3.954809112735184,-0.8113039102039429,0,12,0,6.063649484848721,1.9566154479980469
5m,1h,basis,reenter,14,1.0,-2.2678065398062466,0.3689904339614895,48714,156.12201873402088,-29.504544591063823,0,12,0,5.09454100783735,1.959956487019857
5m,1h,basis,reenter,14,1.5,-2.2146167612482284,0.30625892253362386,13309,42.653609790431574,-7.871783264135941,0,12,0,8.04536154190032,1.9549560546875
5m,1h,basis,reenter,14,2.0,-2.0320595000936215,0.34818941504178275,359,1.1505481940615325,-0.19483186567152475,2,12,2,14.239929660643046,2.424952189127604
5m,1h,basis,reenter,20,1.0,-2.325762874832901,0.38937236563423994,47687,152.83061763290334,-29.620648052365755,0,12,0,6.065069720719407,1.9785435994466145
5m,1h,basis,reenter,20,1.5,-2.2907961733435767,0.29522591645353796,23460,75.18624131666728,-14.353029491359008,0,12,0,9.641204039574802,1.9550422827402751
5m,1h,basis,reenter,20,2.0,-2.3785420225162937,0.25793770789234954,3307,10.598503837775732,-2.1007488961624827,0,12,0,13.777295846119708,1.99005126953125
5m,1h,basis,reenter,20,2.5,-3.4787587926706194,0.32558139534883723,129,0.41342818115302976,-0.11985141002699368,4,12,0,29.210896336517855,4.0400950113932295
5m,1h,basis,reenter,50,1.0,-2.2714484841193383,0.42193959778571927,28542,91.47338873232384,-17.31475751444133,0,12,0,9.576160344415996,2.0099480946858725
5m,1h,basis,reenter,50,1.5,-2.1085611050981377,0.29925053533190576,24284,77.82705388465251,-13.675258228796267,0,12,0,14.854078081711464,1.9765611489613852
5m,1h,basis,reenter,50,2.0,-1.8529656990004217,0.23409275834011392,12290,39.387847646284776,-6.082027553835015,0,12,0,20.236709974513587,1.9632577896118164
5m,1h,basis,reenter,50,2.5,-1.8635038679171807,0.20424403183023873,3770,12.082358472456761,-1.8762934789154244,1,12,0,26.046460387171287,1.980831225713094
5m,1h,basis,reenter,50,3.0,0.836360718470969,0.2585987261146497,785,2.515822652752933,0.1753446034501652,7,12,1,38.00884542343965,2.1300252278645835
5m,1h,basis,close_beyond,5,1.0,-1.6998938291083086,0.41009558543574537,49903,159.9326087137957,-22.65570455214792,0,12,0,2.819875182183207,2.0383199055989585
5m,1h,basis,close_beyond,5,1.5,-0.9171165363031559,0.5266203703703703,36288,116.29830881923368,-8.888258513517531,0,12,0,3.854595096894897,1.9783465067545571
5m,1h,basis,close_beyond,9,1.0,-2.077149937148902,0.2586163693933803,87798,281.38114301452487,-48.70590196062554,0,12,0,5.223953729240649,1.9716135660807292
5m,1h,basis,close_beyond,9,1.5,-1.5774570243782267,0.4902332735196104,19505,62.51098196426237,-8.21736563335886,0,12,0,5.068931262367848,1.99005126953125
5m,1h,basis,close_beyond,9,2.0,-0.5368748842080263,0.5844685537156374,12259,39.288496688023194,-1.7577505925074899,3,12,0,6.734326637388222,1.9715627034505208
5m,1h,basis,close_beyond,9,2.5,-0.09475599854123337,0.5891255605381166,1784,5.717487404472908,-0.04514718567981293,6,12,0,10.59856720409229,2.1341005961100263
5m,1h,basis,close_beyond,14,1.0,-2.1410066300387096,0.20783480987609218,131388,421.08140980879284,-75.12817418222271,0,12,0,7.121378320266558,1.9800313313802083
5m,1h,basis,close_beyond,14,1.5,-2.1563702236937816,0.2335995974589597,31798,101.90844421941117,-18.31269455480808,0,12,0,8.166690211758265,1.9832360744476318
5m,1h,basis,close_beyond,14,2.0,-1.5102989995852838,0.5374513077351141,8985,28.795753547751726,-3.6241831479561513,0,12,0,8.16763344041016,2.0233917236328125
5m,1h,basis,close_beyond,14,2.5,0.5344661015616627,0.6120834332294414,4171,13.36751119061463,0.5953734661358085,9,12,3,11.392058552915785,2.001682917277018
5m,1h,basis,close_beyond,14,3.0,2.3093877263529627,0.5877659574468085,752,2.4100619552486697,0.4638139582667917,9,12,2,20.766060444869083,2.302507162094116
5m,1h,basis,close_beyond,20,1.0,-2.1925921495989007,0.18287923760789415,139141,445.9287639830521,-81.47832559913175,0,12,0,8.742584109542317,1.9933382670084636
5m,1h,basis,close_beyond,20,1.5,-2.190839997341886,0.16484489331333899,55349,177.3863286716205,-32.385421986284996,0,12,0,11.086863728414187,1.9816335042317708
5m,1h,basis,close_beyond,20,2.0,-1.9034695959573853,0.29028077753779696,9260,29.677092693620587,-4.707453636559655,0,12,0,11.048947828752876,1.9833211104075112
5m,1h,basis,close_beyond,20,2.5,-1.1385789256923255,0.5608616662341033,3853,12.348362651028092,-1.1716321234389,4,12,0,12.565720086610277,2.0351155598958335
5m,1h,basis,close_beyond,20,3.0,1.3788524530673538,0.6092669432918395,1446,4.634241472459543,0.5324946018672756,9,12,2,18.38268797572946,2.0642975966135664
5m,1h,basis,close_beyond,50,1.0,-2.1824653949543396,0.1314904430036808,107042,343.05565400761714,-62.39225778458779,0,12,0,14.937192429941293,2.0049413045247397
5m,1h,basis,close_beyond,50,1.5,-2.1414484212661704,0.10873059093867467,75287,241.28501918192367,-43.05828528352567,0,12,0,18.97000302124585,1.9899622599283855
5m,1h,basis,close_beyond,50,2.0,-2.0135027641233916,0.10756010427730038,31071,99.57850400469603,-16.708466088393973,0,12,0,22.818309812266957,1.9800313313802083
5m,1h,basis,close_beyond,50,2.5,-2.0151805677913424,0.13415069634567314,8401,26.924109688888397,-4.521411887510875,0,12,0,25.64356735497355,2.0083491007486978
5m,1h,basis,close_beyond,50,3.0,-1.6089532769826673,0.2680258577821979,2011,6.444992808517386,-0.8641410249494812,0,12,0,28.4542699809748,2.075076103210449
5m,1h,basis,two_outside,9,1.0,-2.131177004848048,0.34572571058035234,9253,29.654658606271198,-5.266610542358703,0,12,0,4.247176807030817,1.9333958625793457
5m,1h,basis,two_outside,14,1.0,-2.2574340400048194,0.3767995370035448,27646,88.60182555160202,-16.6677314172296,0,12,0,5.524908303370024,1.9515653451283774
5m,1h,basis,two_outside,14,1.5,-2.2340418777978392,0.3046664095642113,2593,8.310226928138032,-1.5471162476219715,0,12,0,8.944190673463481,1.9467274347941081
5m,1h,basis,two_outside,20,1.0,-2.290174232561555,0.3995139732685298,32920,105.50430793455612,-20.135270621330005,0,12,0,6.427695854723936,1.9634270668029785
5m,1h,basis,two_outside,20,1.5,-2.312728850810457,0.28907982261640797,10824,34.6895087813984,-6.685618981598566,0,12,0,10.631097353939323,1.9584099451700847
5m,1h,basis,two_outside,20,2.0,-2.3080214559228978,0.25806451612903225,434,1.3909134156621312,-0.26752150055660023,3,12,0,16.098402411745383,2.16930349667867
5m,1h,basis,two_outside,50,1.0,-2.1553172222943737,0.4369318889303947,24093,77.21492378697633,-13.86855458801813,0,12,0,9.846162070703457,1.9983649253845215
5m,1h,basis,two_outside,50,1.5,-1.9889023168100897,0.31285935426802297,18088,57.969681710821725,-9.608002854949733,0,12,0,15.386569162822639,1.9600041707356772
5m,1h,basis,two_outside,50,2.0,-1.8123099725763945,0.24591449862727155,7649,24.514047733639728,-3.702254431324086,0,12,0,20.721630956838055,1.9649505615234375
5m,1h,basis,two_outside,50,2.5,-1.047864192220171,0.22410865874363328,1767,5.6630046209101055,-0.4945049802190886,3,12,0,28.72162088158632,2.0415584246317544
5m,1h,basis,two_outside,50,3.0,0.6880061473197563,0.23788546255506607,227,0.7275054040444787,0.04171068251591204,8,12,0,49.2652966694628,2.554906209309896
10m,1h,both,reenter,9,1.0,-2.2783914484728256,0.40226876090750435,1146,3.672797615625295,-0.6973392232843381,0,12,0,5.409574571346987,2.016286849975586
10m,1h,both,reenter,14,1.0,-2.048668033720512,0.4023111111111111,5625,18.02747520758489,-3.0776926822056847,0,12,0,7.6808161410781395,1.9933446248372395
10m,1h,both,reenter,14,1.5,-2.8468674854561606,0.3076923076923077,78,0.24998098954517714,-0.0593052292598601,4,12,0,12.107919092347208,1.801644762357076
10m,1h,both,reenter,20,1.0,-2.041470569247743,0.41604395604395605,9100,29.164448780270668,-4.96153032110465,0,12,0,9.35668318264078,2.014095385869344
10m,1h,both,reenter,20,1.5,-1.21092922634537,0.3072139303482587,804,2.5767271230041335,-0.26001951513021054,3,12,1,16.995863205123694,1.9679305950800576
10m,1h,both,reenter,50,1.0,-2.3230897392708956,0.43517406962785116,8330,26.69668772963238,-5.168233444769017,0,12,0,14.241911480892266,2.020023862520854
10m,1h,both,reenter,50,1.5,-1.5649085960111782,0.3048780487804878,4182,13.402826900999113,-1.7478499190186143,1,12,0,23.686273692502535,1.969931920369466
10m,1h,both,reenter,50,2.0,-1.4542287654918677,0.21926910299003322,602,1.929340457771752,-0.2338085326765775,4,12,1,32.479570372872544,1.8608222405115762
10m,1h,both,close_beyond,9,1.0,-1.955939064461413,0.26529521773978093,3743,11.995882613687154,-1.9552679514003486,0,12,0,7.357217101311164,1.988420883814494
10m,1h,both,close_beyond,14,1.0,-1.9731308295723131,0.21996093503874992,15871,50.86472160348085,-8.363562527786744,0,12,0,10.147542942899879,1.990801493326823
10m,1h,both,close_beyond,14,1.5,-2.5645490424141433,0.1813953488372093,215,0.6890501634899113,-0.14725857807944678,2,12,0,14.314259035040777,1.911779244740804
10m,1h,both,close_beyond,20,1.0,-1.9534439168233495,0.2009669876748702,25233,80.86885011786481,-13.164396943603519,0,12,0,12.718111405970788,2.0116567611694336
10m,1h,both,close_beyond,20,1.5,-1.4587611618206506,0.15467854869509867,1571,5.034873520198375,-0.6120564954953843,1,12,0,20.868280859611676,1.9858805338541667
10m,1h,both,close_beyond,50,1.0,-2.019324535448512,0.13603260506447518,29934,95.93501206468375,-16.143660305897075,0,12,0,22.36806227641779,2.0024629433949785
10m,1h,both,close_beyond,50,1.5,-1.705187239630545,0.11776859504132231,11616,37.2279381353433,-5.290050422178562,0,12,0,30.116691640622584,1.99583371480306
10m,1h,both,close_beyond,50,2.0,-0.8600735034801744,0.11036789297658862,1196,3.8330418396927164,-0.27472481033755064,5,12,1,43.54475465831129,1.9579132397969565
10m,1h,both,two_outside,9,1.0,-2.2499858182270214,0.40086206896551724,232,0.7435331996728346,-0.13941159622040317,1,12,0,5.570456917095656,2.0141728719075522
10m,1h,both,two_outside,14,1.0,-1.9351691375814133,0.4073388837496146,3243,10.393440373012941,-1.6760887535956082,0,12,0,8.161672233053707,1.9841094811757405
10m,1h,both,two_outside,20,1.0,-2.0222501309075747,0.4253566700985439,6799,21.79000958868794,-3.6720708119334584,0,12,0,9.611569833335665,1.993030309677124
10m,1h,both,two_outside,20,1.5,-0.4841425946724837,0.3289817232375979,383,1.2274707563564466,-0.04952257307225052,5,12,2,16.895527880353978,1.9267797470092773
10m,1h,both,two_outside,50,1.0,-2.3096222853603647,0.4426882720148758,7529,24.12957526007229,-4.644183729745257,0,12,0,14.447979472509221,2.0216878255208335
10m,1h,both,two_outside,50,1.5,-1.5926269695454978,0.3131932282545242,3426,10.979934233099703,-1.4572449486225374,2,12,0,23.98192899126599,1.9649664560953775
10m,1h,both,two_outside,50,2.0,-1.133272525668563,0.22580645161290322,434,1.3909198649052164,-0.1313576056919759,6,12,0,32.9294260332047,1.9046117862065635
10m,1h,basis,reenter,5,1.0,-2.4073126567779917,0.3262411347517731,846,2.7113322712207677,-0.543918707770031,0,12,0,2.834788146052203,1.9837220509847004
10m,1h,basis,reenter,9,1.0,-2.0627192920814474,0.3755800464037123,20688,66.30265015013622,-11.396979631734403,0,12,0,5.716316405101907,1.9616546233495078
10m,1h,basis,reenter,9,1.5,-1.6989381713121323,0.39569313593539707,743,2.38122916964188,-0.3371300942455402,3,12,0,9.091702810437585,2.071638902028402
10m,1h,basis,reenter,14,1.0,-2.091922827993634,0.39738139772147596,29405,94.23962817405044,-16.428502456577345,0,12,0,7.291291479687345,1.9591458638509114
10m,1h,basis,reenter,14,1.5,-1.9545745708333604,0.3170643090710912,8257,26.462731162493945,-4.31028178375085,0,12,0,11.787642095615336,1.9800364971160889
10m,1h,basis,reenter,14,2.0,-2.2824148844575,0.35267857142857145,224,0.7178941238220472,-0.13654435280633467,4,12,0,20.109375687809017,2.4420547485351562
10m,1h,basis,reenter,20,1.0,-2.071140732856839,0.41582986659015925,27884,89.36499887791948,-15.423957438980397,0,12,0,8.644874330174135,1.9741948445638022
10m,1h,basis,reenter,20,1.5,-1.9101316466473404,0.3108637827243455,14286,45.7849797005436,-7.287944888926201,0,12,0,13.909659530801832,1.964175502459208
10m,1h,basis,reenter,20,2.0,-1.2875536354551733,0.28533214444939814,2243,7.188555891664517,-0.7713042726654461,2,12,0,20.40321497315589,1.977526346842448
10m,1h,basis,reenter,20,2.5,-1.9211196311004382,0.31868131868131866,91,0.2916444878027067,-0.046690329235001,6,12,0,32.502069420002044,3.1323877970377603
10m,1h,basis,reenter,50,1.0,-2.4270723298816685,0.4235780506138812,15964,51.162775860246256,-10.347979800861788,0,12,0,13.758752830284493,2.0067405700683594
10m,1h,basis,reenter,50,1.5,-1.9481647262894544,0.3038508251768236,13997,44.8587680854339,-7.282689137403454,0,12,0,21.452944725888212,1.9708506266276042
10m,1h,basis,reenter,50,2.0,-1.6186784829770655,0.23824199383625888,7463,23.918052884303297,-3.2263031298774405,0,12,0,28.445215430267723,1.9408162434895833
10m,1h,basis,reenter,50,2.5,-0.2236289012518888,0.22423510466988728,2484,7.960933051669487,-0.1483578926070578,5,12,1,38.66087448295339,1.9441644350687664
10m,1h,basis,reenter,50,3.0,1.029900464687702,0.26796116504854367,515,1.650515507894439,0.14165555737956173,7,12,0,40.84244466190045,2.0183181762695312
10m,1h,basis,close_beyond,5,1.0,-1.4035597900985224,0.5029429270550889,30242,96.92211648493907,-11.336332122458801,0,12,0,3.9768991068509063,2.0041565100351972
10m,1h,basis,close_beyond,5,1.5,-0.4682428281459854,0.5855682623216274,19762,63.33492712040757,-2.4713437829399596,3,12,0,5.4251025800822195,1.9708249966303508
10m,1h,basis,close_beyond,9,1.0,-2.0946586033182455,0.2630659009277222,52063,166.85590075244303,-29.125512335460016,0,12,0,7.332976377382172,1.9833056131998699
10m,1h,basis,close_beyond,9,1.5,-1.3036398409000263,0.5381342578001891,12692,40.67639383727421,-4.418947299200913,1,12,0,7.314175528655653,2.000403205553691
10m,1h,basis,close_beyond,9,2.0,0.39349965745203047,0.6280968468468469,7104,22.76749935549921,0.7465835997856886,8,12,2,9.633126643379342,1.9734154144922893
10m,1h,basis,close_beyond,9,2.5,1.09077721642682,0.6222990492653414,1157,3.708051344920128,0.33705482703164186,10,12,3,15.866417722282034,2.0916112263997397
10m,1h,basis,close_beyond,14,1.0,-2.110849566564779,0.21160105052840575,79579,255.04150214122632,-44.86285368756981,0,12,0,9.986615499373297,1.9767252604166667
10m,1h,basis,close_beyond,14,1.5,-2.030865727375058,0.2390650912106136,19296,61.84145095209921,-10.46597360581366,0,12,0,11.76921462234759,2.0028791824976606
10m,1h,basis,close_beyond,14,2.0,-1.3317322318602376,0.5559310577897939,5918,18.966506360619977,-2.1048589871849863,3,12,0,11.970940419014653,2.011253436406453
10m,1h,basis,close_beyond,14,2.5,0.896205021712788,0.6130150173276858,2597,8.32308499806186,0.6215992142837842,9,12,3,15.954681052515696,2.0040969053904214
10m,1h,basis,close_beyond,14,3.0,5.05261846357235,0.6075268817204301,558,1.7883255405924212,0.752977220439606,8,12,3,26.89971923828125,2.2546259562174478
10m,1h,basis,close_beyond,20,1.0,-2.1349438912295455,0.18459035895941828,82377,264.0087689200392,-46.970325703072525,0,12,0,12.485521880839201,1.9866752624511719
10m,1h,basis,close_beyond,20,1.5,-2.0309373627898886,0.1702510016497761,33944,108.78659883489094,-18.411564012051247,0,12,0,15.986068272499665,1.974254846572876
10m,1h,basis,close_beyond,20,2.0,-1.6046313214833932,0.31148574129510004,6347,20.341401803118455,-2.7200375380135533,0,12,0,16.048011796486605,1.9759039084116619
10m,1h,basis,close_beyond,20,2.5,-1.2319851531757378,0.5686050931204865,2631,8.432051070427706,-0.8656801441322101,3,12,0,17.79246502183298,1.9691884517669678
10m,1h,basis,close_beyond,20,3.0,1.8863036971293827,0.5819592628516004,1031,3.304235900270226,0.5193993662389468,8,12,3,26.18446573261579,2.0999908447265625
10m,1h,basis,close_beyond,50,1.0,-2.174977541626629,0.12704380094310577,61711,197.77662622849266,-35.846643358804634,0,12,0,21.7143730039409,1.9942474365234375
10m,1h,basis,close_beyond,50,1.5,-2.0571275621035046,0.1076661759710112,44155,141.5116742739397,-24.258963792361232,0,12,0,27.30173972042138,1.9833346207936604
10m,1h,basis,close_beyond,50,2.0,-1.9452411267295653,0.10488708079069525,19173,61.447250160893354,-9.960809844784137,0,12,0,32.80407587824641,1.954968770345052
10m,1h,basis,close_beyond,50,2.5,-1.4282168437974347,0.13973486205661054,5582,17.889665174886908,-2.129193427722489,1,12,0,38.063708022169074,1.9433796405792236
10m,1h,basis,close_beyond,50,3.0,-1.2551655667307362,0.295470884255931,1391,4.457994313555659,-0.46629341325470736,4,12,0,38.97763431182284,1.9916915893554688
10m,1h,basis,two_outside,9,1.0,-2.1094892801078804,0.3709316342345445,5807,18.610764183190305,-3.2716006282546366,0,12,0,5.972278816161269,1.9433299700419109
10m,1h,basis,two_outside,14,1.0,-1.9837270728711152,0.40375232342007433,17216,55.17529123089448,-9.121059914022803,0,12,0,7.845746148817945,1.9600041707356772
10m,1h,basis,two_outside,14,1.5,-2.0759171590233105,0.3087885985748218,1684,5.3970254665907476,-0.9336481478151267,1,12,0,12.805783169143004,2.0145702362060547
10m,1h,basis,two_outside,20,1.0,-2.0109939409065767,0.4259501965923984,19838,63.57849834099005,-10.654664577972488,0,12,0,9.133590305484063,1.969206134478251
10m,1h,basis,two_outside,20,1.5,-1.6091898413298025,0.31893687707641194,6923,22.187415264375147,-2.975313604066523,1,12,0,14.999529852252635,1.9765917460123699
10m,1h,basis,two_outside,20,2.0,-3.267874505768293,0.24600638977635783,313,1.003128842662057,-0.2731749309113491,3,12,0,25.01290632505686,2.086664835611979
10m,1h,basis,two_outside,50,1.0,-2.355028030250646,0.43587496348232546,13692,43.881278318622634,-8.611803370298853,0,12,0,14.11366426278704,2.001660466194153
10m,1h,basis,two_outside,50,1.5,-1.8991866730632831,0.3178251121076233,10704,34.30508348835354,-5.429313114950361,0,12,0,21.817427248234587,1.963383356730143
10m,1h,basis,two_outside,50,2.0,-1.2277839715630707,0.25440806045340053,4764,15.268069669143896,-1.562157601373596,1,12,0,29.004038464397475,1.9336632887522378
10m,1h,basis,two_outside,50,2.5,-0.47654018836253265,0.22157676348547717,1205,3.861885800024852,-0.15336198221486944,6,12,1,39.66227450590907,1.9450187683105469
10m,1h,basis,two_outside,50,3.0,0.882250348596662,0.24375,160,0.512781517015748,0.03770013934508907,7,12,0,40.91994786481923,2.042888005574544
5m,30m,both,reenter,9,1.0,-1.948846550354229,0.3620087336244541,2290,7.339151432871613,-1.191906662706595,0,12,0,3.97794625689869,1.9324970245361328
5m,30m,both,reenter,14,1.0,-2.108265387308248,0.3786134561268867,11727,37.58350604946961,-6.6030004114822445,0,12,0,5.227640532974309,1.9516944885253906
5m,30m,both,reenter,14,1.5,-1.905952871080833,0.3014705882352941,136,0.435862268502419,-0.06922774517066586,2,12,0,10.421028860450043,1.9940503438313804
5m,30m,both,reenter,20,1.0,-2.140020906525686,0.3967438338381653,18488,59.25162955935825,-10.566643833561832,0,12,0,6.385570312601452,1.9632089138031006
5m,30m,both,reenter,20,1.5,-2.180882403596871,0.30445246690734057,1662,5.326493310669267,-0.9680379611762538,0,12,0,10.604080031884621,1.958319346110026
5m,30m,both,reenter,50,1.0,-2.160102798807563,0.43397599126955255,16494,52.86111953440367,-9.515454354530542,0,12,0,10.17843440108468,2.0099703470865884
5m,30m,both,reenter,50,1.5,-1.9451540418482085,0.2940969369792278,8521,27.308694043449353,-4.426634716350967,0,12,0,17.066674928317703,1.9765893618265789
5m,30m,both,reenter,50,2.0,-1.6429760307720167,0.21195219123505976,1255,4.022111374783352,-0.5506860484887109,3,12,0,26.67007723100312,1.9400517145792644
5m,30m,both,close_beyond,5,1.0,-0.7501120835073835,0.4868421052631579,76,0.24357009122194,-0.015225405717214409,2,12,0,3.065579138569774,2.233320871988932
5m,30m,both,close_beyond,9,1.0,-1.9850008175471914,0.2570949252062072,7153,22.924432401454435,-3.792084754891031,0,12,0,5.394791849119662,1.9484162330627441
5m,30m,both,close_beyond,14,1.0,-2.015196615347763,0.2164023115701463,32532,104.2608185214757,-17.50883738315543,0,12,0,7.17972972283718,1.965039571126302
5m,30m,both,close_beyond,14,1.5,-1.5313494290292196,0.1928020565552699,389,1.246694282701772,-0.15909371483244591,1,12,0,11.113485982494353,1.956641674041748
5m,30m,both,close_beyond,20,1.0,-2.0676242388697053,0.1940999768928599,51932,166.43528917549722,-28.677136508545562,0,12,0,8.966704682000781,1.9783973693847656
5m,30m,both,close_beyond,20,1.5,-2.19943534563638,0.14277355178466938,3418,10.954244365744618,-2.0077626868964074,0,12,0,13.454812747889955,1.9950703779856365
5m,30m,both,close_beyond,50,1.0,-2.104554848576648,0.13704761427593232,59877,191.897978317054,-33.6549850582677,0,12,0,15.746738248799375,2.0066324869791665
5m,30m,both,close_beyond,50,1.5,-2.0173709905699577,0.11232967763376538,24072,77.14762152492816,-12.96961447132171,0,12,0,21.72148698528531,1.9866983095804849
5m,30m,both,close_beyond,50,2.0,-1.9492918930869323,0.09932533733133433,2668,8.550592149738632,-1.3889666632148565,1,12,0,30.819464349318082,1.9268667697906494
5m,30m,both,two_outside,9,1.0,-1.3606722891390663,0.40756302521008403,476,1.5255179397584664,-0.17297749893448874,2,12,0,4.082211131351698,1.9200396537780762
5m,30m,both,two_outside,14,1.0,-2.0855937675762677,0.3844705200637404,6903,22.123214996119106,-3.8450032762213193,0,12,0,5.642186299308349,1.9632577896118164
5m,30m,both,two_outside,20,1.0,-2.0805102905659987,0.406421816582362,13641,43.71762650471689,-7.579580985182029,0,12,0,6.694221125391753,1.9599533081054688
5m,30m,both,two_outside,20,1.5,-2.2851057359979796,0.29959514170040485,741,2.374808389413915,-0.45222402271215506,1,12,0,11.309545755726624,2.0033645629882812
5m,30m,both,two_outside,50,1.0,-2.0964009438292814,0.4429507532256975,14803,47.4416850047155,-8.288066101728086,0,12,0,10.36484287086239,2.0014047622680664
5m,30m,both,two_outside,50,1.5,-1.8371209400848398,0.3076587070471753,6868,22.01104455937216,-3.3697459060969233,0,12,0,17.373219153009245,1.9532678524653118
5m,30m,both,two_outside,50,2.0,-1.8404673298251244,0.2253052164261931,901,2.8875875288285258,-0.4428758757349472,4,12,0,27.77785568244928,1.914997895558675
5m,30m,basis,reenter,5,1.0,-2.345812614310936,0.2683752417794971,2068,6.627670376933842,-1.2956060644755267,0,12,0,2.0333794668587757,1.9457574685414631
5m,30m,basis,reenter,9,1.0,-2.134831864811713,0.34142884142884145,42328,135.65572133213522,-24.133513045321692,0,12,0,3.991181722746262,1.9450187683105469
5m,30m,basis,reenter,9,1.5,-2.3915068744815775,0.3615485564304462,1524,4.884221302924166,-0.9733874018693758,0,12,0,5.990967635375455,1.9991779327392578
5m,30m,basis,reenter,14,1.0,-2.291426724224657,0.3673986627315625,59973,192.20564580070274,-36.70209611121575,0,12,0,5.113744139910725,1.961657206217448
5m,30m,basis,reenter,14,1.5,-2.1808493551584416,0.3060339636276045,16606,53.220064931993896,-9.67207869070244,0,12,0,8.047597398989637,1.95408304532369
5m,30m,basis,reenter,14,2.0,-2.429716735935632,0.34459459459459457,444,1.4229621118755444,-0.2881162381521934,3,12,0,14.309702066502439,2.2716585795084634
5m,30m,basis,reenter,20,1.0,-2.3197712016072165,0.3889247068253498,57389,183.9242626991568,-35.55518399052869,0,12,0,6.08155844405136,1.976629098256429
5m,30m,basis,reenter,20,1.5,-2.2951115502899704,0.2928750817077786,29067,93.15594528352804,-17.81694049986714,0,12,0,9.641730363652101,1.9549330075581868
5m,30m,basis,reenter,20,2.0,-2.342330665977733,0.2680686487793087,4137,13.258545623489026,-2.5879915000136005,0,12,0,13.740006898693702,2.0015970865885415
5m,30m,basis,reenter,20,2.5,-3.090175088735885,0.358974358974359,156,0.4999596609292453,-0.1287469074646995,7,12,0,28.500536086328854,4.027581612269084
5m,30m,basis,reenter,50,1.0,-2.3079100972246067,0.42186681458198516,32451,104.00122408214705,-20.00212293190884,0,12,0,9.58858544734209,1.9917488098144531
5m,30m,basis,reenter,50,1.5,-2.248341557015744,0.29524209641844346,28563,91.54069099437201,-17.151228310048623,0,12,0,14.898205411059307,1.9716898600260417
5m,30m,basis,reenter,50,2.0,-1.9873696926297735,0.22881697327783,14894,47.73332814025756,-7.905314139524982,0,12,0,20.526973344071564,1.9666751225789387
5m,30m,basis,reenter,50,2.5,-1.832548407885638,0.204029147021003,4666,14.95392165317858,-2.283648776431581,0,12,0,26.569030126154303,2.01171875
5m,30m,basis,reenter,50,3.0,-0.10178291026986629,0.24949698189134809,994,3.1856404036132684,-0.02702031261275249,6,12,1,37.16505489331894,2.170036236445109
5m,30m,basis,close_beyond,5,1.0,-1.6971932946555575,0.41257704873859,59378,190.29874837600465,-26.914479977091688,0,12,0,2.8188736684858773,2.026691436767578
5m,30m,basis,close_beyond,5,1.5,-0.973621669400995,0.5239775583255059,39391,126.24301925425578,-10.242744929712538,1,12,0,3.8603501170660692,1.9800694783528645
5m,30m,basis,close_beyond,9,1.0,-2.0997396535878483,0.2523480215656017,104982,336.453622587654,-58.87208441171477,0,12,0,5.251018439624033,1.9700328509012859
5m,30m,basis,close_beyond,9,1.5,-1.4679043592155798,0.49920741856225725,25234,80.87168002492677,-9.892657637139795,0,12,0,5.1336188712198805,2.0116615295410156
5m,30m,basis,close_beyond,9,2.0,-0.4651433752657732,0.5875373028279096,14074,45.10533505075768,-1.7483706490002513,4,12,0,6.815015767297061,1.9783337910970054
5m,30m,basis,close_beyond,9,2.5,0.05117995869383115,0.5923724616146607,2019,6.470631765488117,0.027597222206722796,5,12,1,10.594785667244366,2.1566263834635415
5m,30m,basis,close_beyond,14,1.0,-2.1655695427435164,0.20569791260854814,159146,510.0421807579851,-92.0443176803313,0,12,0,7.132794556773092,1.981794834136963
5m,30m,basis,close_beyond,14,1.5,-2.1251947439293812,0.23112440316910646,38118,122.16322022628829,-21.635052793866276,0,12,0,8.302420069311722,1.986855665842692
5m,30m,basis,close_beyond,14,2.0,-1.2687708193785425,0.5366712469941601,11644,37.31750187089828,-3.9456131188249928,0,12,0,8.281531307052159,2.028416395187378
5m,30m,basis,close_beyond,14,2.5,0.49575541270587337,0.6104807097173509,4847,15.534003054641358,0.641755507944002,8,12,2,11.23465935830108,2.0266087849934897
5m,30m,basis,close_beyond,14,3.0,1.6191978136915994,0.5882352941176471,901,2.8875875288285258,0.38963128446018974,9,12,3,20.754369481946753,2.30489174524943
5m,30m,basis,close_beyond,20,1.0,-2.2008338348966907,0.18113375734798112,166032,532.1109129705414,-97.590641765278,0,12,0,8.769848689053816,1.989938815434774
5m,30m,basis,close_beyond,20,1.5,-2.187608610877001,0.16327650925060458,67401,216.01141734802604,-39.37903638652394,0,12,0,11.279608891715043,1.9849141438802083
5m,30m,basis,close_beyond,20,2.0,-1.9304829263693586,0.313071678030933,12026,38.54176206625067,-6.200351135090593,0,12,0,10.875553190969335,2.0049413045247397
5m,30m,basis,close_beyond,20,2.5,-1.1006103742562048,0.559958932238193,4870,15.607715055932209,-1.4315010924161458,4,12,0,12.431781592350433,2.0634078979492188
5m,30m,basis,close_beyond,20,3.0,0.992621951567351,0.6035294117647059,1700,5.4482783562802375,0.45067339122442074,8,12,2,18.31879204474307,2.088308334350586
5m,30m,basis,close_beyond,50,1.0,-2.202232132612832,0.12986058976904882,123879,397.0160438221409,-72.86012407232856,0,12,0,14.994014356147535,1.999969482421875
5m,30m,basis,close_beyond,50,1.5,-2.178128667311197,0.10732417247681582,88638,284.07323349645156,-51.56233779120071,0,12,0,19.0878315052164,1.9899749755859375
5m,30m,basis,close_beyond,50,2.0,-2.05392725913612,0.10546728721981491,37386,119.81725566346644,-20.507993960172946,0,12,0,23.043015462096307,1.9817225138346355
5m,30m,basis,close_beyond,50,2.5,-1.9484353344937042,0.13662790697674418,10320,33.07425449224238,-5.370253842893515,0,12,0,25.92118772582026,2.029973268508911
5m,30m,basis,close_beyond,50,3.0,-1.5900806557405898,0.2817114729269216,2641,8.464060669962416,-1.1215449283601646,2,12,0,28.395656770416622,2.0849903424580893
5m,30m,basis,two_outside,9,1.0,-2.139373455571466,0.34422981674096087,12114,38.8237905929287,-6.921548919931404,0,12,0,4.229682291475001,1.9317221641540527
5m,30m,basis,two_outside,14,1.0,-2.261232753365386,0.3755872579351438,34908,111.87558874178266,-21.081395463746233,0,12,0,5.511321214487674,1.9484559694925945
5m,30m,basis,two_outside,14,1.5,-2.024045232669878,0.31281744846130866,3347,10.726698622629385,-1.8092769341182962,0,12,0,9.094093910446688,1.9500478108723958
5m,30m,basis,two_outside,20,1.0,-2.2527885766822227,0.4002623048179951,40411,129.51198626802392,-24.313593600669098,0,12,0,6.3956807482924205,1.9633738199869792
5m,30m,basis,two_outside,20,1.5,-2.265793736073914,0.2900189697942507,13706,43.92594303010408,-8.293927214062453,0,12,0,10.54129012160676,1.9633038838704429
5m,30m,basis,two_outside,20,2.0,-1.6546335676191861,0.2935606060606061,528,1.692171160068215,-0.2333269336338306,3,12,0,15.1517786630734,2.263285319010417
5m,30m,basis,two_outside,50,1.0,-2.2397538751099786,0.434678472927856,27556,88.3133872856813,-16.483354283099416,0,12,0,9.848876191813382,1.9801012674967446
5m,30m,basis,two_outside,50,1.5,-2.188041205801563,0.30729701952723537,21406,68.6034391144322,-12.508929303506365,0,12,0,15.39681193422524,1.956628163655599
5m,30m,basis,two_outside,50,2.0,-1.9482009017378918,0.23987572316263123,9334,29.914253045599846,-4.856581229854425,0,12,0,20.955435349250706,1.9775132338205972
5m,30m,basis,two_outside,50,2.5,-1.103280021661941,0.2204688908926961,2218,7.1084008201350395,-0.6535463842350288,3,12,0,29.618668121524916,2.0849990844726562
5m,30m,basis,two_outside,50,3.0,0.31110454540704774,0.2533783783783784,296,0.9486414079170296,0.02459388783036077,7,12,2,45.15393242472298,2.572498321533203
10s,,,reenter,5,1.0,-2.4647507297516063,0.002645032145276215,1057076,3387.7743188008185,-695.834935374839,0,12,0,0.2861190247074319,1.900482177734375
10s,,,reenter,5,1.5,-3.189369175931758,0.0034087776023259894,79794,255.72812550317337,-67.96761674155245,0,12,0,0.3818322749919112,2.1503448486328125
10s,,,reenter,5,2.0,-3.027473501978772,0.01972386587771203,1014,3.2497220249670127,-0.8198706099487022,0,12,0,0.28601019776142156,1.5497207641601562
10s,,,reenter,9,1.0,-2.334597541705611,0.020250246013401873,2624857,8412.283634407138,-1636.6080577514374,0,12,0,0.578550845611403,1.9502639770507812
10s,,,reenter,9,1.5,-2.4208935831733065,0.03581814902409021,493437,1581.3935767590215,-319.03213020394986,0,12,0,0.7847222560393163,1.9001960754394531
10s,,,reenter,9,2.0,-3.9772053871298496,0.027447042509443888,20913,67.02311312439362,-22.21372388171264,0,12,0,0.8028270250629799,2.3502349853515625
10s,,,reenter,9,2.5,-8.841444102208136,0.033971587399629403,1619,5.18865873611597,-3.822936348400272,0,12,0,1.5085254742459142,6.6497802734375
10s,,,reenter,14,1.0,-2.3522527995631943,0.038158188151801394,2771358,8881.797960225374,-1741.0195097579006,0,12,0,0.7799582755737333,1.9997358322143555
10s,,,reenter,14,1.5,-2.304343090550832,0.07631116298872621,1181413,3786.2562590555754,-727.0694541341296,0,12,0,1.2136643421195359,1.9500732421875
10s,,,reenter,14,2.0,-2.659739930991735,0.09476570989274177,135281,433.55586317511086,-96.09548680020264,0,12,0,1.3686444405288878,1.9496679306030273
10s,,,reenter,14,2.5,-6.176714503822225,0.059731666972982905,5441,17.437610984068556,-8.975595389775501,0,12,0,1.5623165491163604,3.1995773315429688
10s,,,reenter,14,3.0,-10.935389529776884,0.061203319502074686,964,3.0894793215662726,-2.815388318793167,0,12,0,3.469895132390377,10.675048828125
10s,,,reenter,20,1.0,-2.3721476255712948,0.0582667767064163,2468199,7910.217605820075,-1563.683659283195,0,12,0,0.9571692260168518,2.0000457763671875
10s,,,reenter,20,1.5,-2.298676157366604,0.10551209950471307,1457539,4671.199793440232,-894.7979659564054,0,12,0,1.5234266018767206,1.9504547119140625
10s,,,reenter,20,2.0,-2.380787112117775,0.13167444996908131,357389,1145.3795905137433,-227.24208063148785,0,12,0,1.966443742244972,1.9496679306030273
10s,,,reenter,20,2.5,-3.5540038731565873,0.1327732274053503,28447,91.16848367281717,-27.001095340250444,0,12,0,2.056553391431848,2.0503997802734375
10s,,,reenter,20,3.0,-9.860240497521602,0.06695699510070767,1837,5.887316922943198,-4.837530062112398,0,12,0,3.204784346634426,8.39996337890625
10s,,,reenter,50,1.0,-2.4173306209007617,0.146011511751223,1403088,4496.692284582758,-905.8326626908416,0,12,0,1.595703044478114,2.00042724609375
10s,,,reenter,50,1.5,-2.324339827169102,0.1844922966122273,1210766,3880.3283405140137,-751.6001420291426,0,12,0,2.502898969906653,2.0000457763671875
10s,,,reenter,50,2.0,-2.3099661731006518,0.17482662415304903,627250,2010.2447141622868,-386.96644078077253,0,12,0,3.4148071040918104,1.999664306640625
10s,,,reenter,50,2.5,-2.4408968636329087,0.1651420467827144,192507,616.9568420713262,-125.49400173406364,0,12,0,4.278681486352398,1.999664306640625
10s,,,reenter,50,3.0,-3.0693010739365536,0.16673049917017746,39165,125.51810957379985,-32.10440570944582,0,12,0,5.048677904520105,2.0503997802734375
10s,,,close_beyond,5,1.0,-2.423049547131728,0.015480121595202652,3683369,11804.660123649626,-2383.6063638877663,0,12,0,0.5000829696655273,2.00042724609375
10s,,,close_beyond,5,1.5,-2.315156128229666,0.04910224073292821,2005326,6426.777188795858,-1239.916049450613,0,12,0,0.6845632580993799,2.0003318786621094
10s,,,close_beyond,5,2.0,-2.140292675017623,0.03972549777691862,10346,33.157420187681176,-5.9138819625146235,0,12,0,0.35290954921995965,1.5497207641601562
10s,,,close_beyond,9,1.0,-2.3292094007872852,0.03127260555714616,5060979,16219.699136287501,-3148.2563088485217,0,12,0,0.8726649339731996,2.0000457763671875
10s,,,close_beyond,9,1.5,-2.3923622493936216,0.06303526054042653,1517135,4862.196276477642,-969.3445684156118,0,12,0,1.0038316617468013,2.0003318786621094
10s,,,close_beyond,9,2.0,-2.267487234737036,0.1478845783080911,700215,2244.086891234987,-424.03653162633765,0,12,0,1.2155891406906427,2.0000457763671875
10s,,,close_beyond,9,2.5,-2.28881512209653,0.23102208800459664,149674,479.683327776048,-91.4922045359504,0,12,0,1.5774195369733235,1.900482177734375
10s,,,close_beyond,14,1.0,-2.3174109385084267,0.05062337674709133,5878628,18840.144860145738,-3638.3631484987545,0,12,0,1.2096699109342302,2.00042724609375
10s,,,close_beyond,14,1.5,-2.3169732119192354,0.07395283457955511,2137795,6851.321002331711,-1322.8606023885184,0,12,0,1.4986212076473215,1.9997358322143555
10s,,,close_beyond,14,2.0,-2.389397755134536,0.15912894790111795,607633,1947.3750919100403,-387.75447275123,0,12,0,1.5544025500051406,2.0003318786621094
10s,,,close_beyond,14,2.5,-2.2542417092093614,0.26671637664524667,238718,765.0563534083583,-143.71849514572824,0,12,0,1.891190091014039,1.9997358322143555
10s,,,close_beyond,14,3.0,-2.514635152824378,0.3259054551116128,51383,164.67501657680475,-34.50813212299753,0,12,0,2.6205241153064662,1.9504547119140625
10s,,,close_beyond,20,1.0,-2.3178015782361077,0.06727777547436944,5716167,18319.481063401985,-3538.410176768301,0,12,0,1.5195791025547578,2.0496368408203125
10s,,,close_beyond,20,1.5,-2.289439590911984,0.0868636242974043,2772576,8885.701472480217,-1695.2730620100938,0,12,0,1.9481724132215827,2.0003318786621094
10s,,,close_beyond,20,2.0,-2.380147414512557,0.13563424561128593,714731,2290.60855288629,-454.3321687343877,0,12,0,2.0681912862596796,2.0000338554382324
10s,,,close_beyond,20,2.5,-2.390513691849959,0.2702768503060657,230016,737.1677133084935,-146.85079265447322,0,12,0,2.229228151068696,2.00042724609375
10s,,,close_beyond,20,3.0,-2.3897644202263795,0.356807321616587,74082,237.4219990666728,-47.28188716237961,0,12,0,2.987402362162328,2.0003318786621094
10s,,,close_beyond,50,1.0,-2.3073895147343184,0.09933901258693913,4159232,13329.731595017354,-2563.0735763804837,0,12,0,2.6019408179741577,2.0498037338256836
10s,,,close_beyond,50,1.5,-2.277724735757338,0.10100371514831027,2959505,9484.781638560156,-1800.310145950457,0,12,0,3.2905765849866597,2.0492076873779297
10s,,,close_beyond,50,2.0,-2.293239807342048,0.10133100025816816,1254996,4022.0790359423086,-768.6326461249026,0,12,0,3.9828189638550615,2.0003318786621094
10s,,,close_beyond,50,2.5,-2.4323671063003935,0.13543395090916907,348945,1118.3178027634262,-226.67995315265742,0,12,0,4.28102509029884,2.00042724609375
10s,,,close_beyond,50,3.0,-2.7226863319701127,0.23564139141885218,91130,292.0583512181892,-66.2652734166242,0,12,0,4.68249601482118,2.0503997802734375
10s,,,two_outside,5,1.0,-2.9388091984202465,0.0004453152832205201,78596,251.88871032969163,-61.68773824125922,0,12,0,0.24815656982646317,2.100372314453125
10s,,,two_outside,5,1.5,-3.607133167178258,0.001563721657544957,1279,4.0990083529909365,-1.2321390818845275,0,12,0,0.3635940874971766,2.3494720458984375
10s,,,two_outside,9,1.0,-2.3166172721260097,0.020520618832841637,1064003,3409.974342929957,-658.3004550281732,0,12,0,0.5865915989502923,1.900482177734375
10s,,,two_outside,9,1.5,-3.077484940051823,0.0157791487788929,35173,112.72433213428475,-28.908952876721756,0,12,0,0.7060394748535259,2.1004676818847656
10s,,,two_outside,9,2.0,-5.63241401819015,0.01818181818181818,330,1.0576018424448859,-0.4964042869208587,0,12,0,0.9768701247547806,3.125762939453125
10s,,,two_outside,14,1.0,-2.3148861334248587,0.043899845698533294,1715473,5497.840622619562,-1060.572918423493,0,12,0,0.8226291849879885,1.9502639770507812
10s,,,two_outside,14,1.5,-2.324549887579013,0.07888854571818939,382058,1224.4401355176005,-237.18934828038914,0,12,0,1.2445717338991358,1.9001960754394531
10s,,,two_outside,14,2.0,-4.422385667551762,0.05546935608999224,7734,24.786341362026505,-9.134563399205952,0,12,0,1.2870471609899292,2.40020751953125
10s,,,two_outside,14,2.5,-8.722664337296582,0.04310344827586207,116,0.3717630718897174,-0.2702303740913553,0,12,0,1.7431288462788075,7.100486755371094
10s,,,two_outside,20,1.0,-2.335968169644253,0.06577780497742146,1764729,5655.6989145937,-1100.961053465203,0,12,0,1.0027159137565578,1.999664306640625
10s,,,two_outside,20,1.5,-2.27586123281721,0.11624181851390968,761017,2438.9484282784233,-462.559014729944,0,12,0,1.6048775196120246,1.9496917724609375
10s,,,two_outside,20,2.0,-2.58870576477934,0.1278451769280295,79213,253.8661052896568,-54.76538752045112,0,12,0,1.959014413230875,1.9496679306030273
10s,,,two_outside,20,2.5,-7.986927400197284,0.06792675723567632,1693,5.425817937149065,-3.611301162558148,0,12,0,2.3835484426157905,4.399871826171875
10s,,,two_outside,20,3.0,-11.526666024959104,0.03225806451612903,62,0.19870095221691794,-0.19086329292048085,0,12,0,3.755129920604139,11.674892902374268
10s,,,two_outside,50,1.0,-2.384970764136373,0.15663450174238416,1182862,3790.9000926001286,-753.4321575510979,0,12,0,1.63283252011297,2.0003318786621094
10s,,,two_outside,50,1.5,-2.2961381846183118,0.19810559946265663,905194,2901.0146732425937,-555.0942137808612,0,12,0,2.5799361962370426,1.999664306640625
10s,,,two_outside,50,2.0,-2.299003332151734,0.18448057957490663,390079,1250.1462699971473,-239.5075367000419,0,12,0,3.5367093699106844,1.9502639770507812
10s,,,two_outside,50,2.5,-2.4995956187606803,0.17341754014703126,90729,290.77320473691526,-60.56795238444965,0,12,0,4.384673347828283,1.999664306640625
10s,,,two_outside,50,3.0,-3.7575897965064713,0.16406515100101798,11788,37.778819753758526,-11.829775635898345,0,12,0,5.079405690997518,2.19879150390625
30s,,,reenter,5,1.0,-2.440673096854091,0.021988790980951148,123472,395.70990049925643,-80.48320902561203,0,12,0,0.5169051228370858,1.8835067749023438
30s,,,reenter,5,1.5,-4.379234160563618,0.026865671641791045,2010,6.441759265286911,-2.350831019055969,0,12,0,0.6494377003058993,2.516492207845052
30s,,,reenter,9,1.0,-2.270101150529431,0.09168295967873423,729863,2339.1053445970647,-442.50047783161153,0,12,0,1.1203612047387512,1.9498189290364583
30s,,,reenter,9,1.5,-2.436580192784064,0.1419672395707254,61965,198.58886212612111,-40.323140663669335,0,12,0,1.4662541752619607,1.9001960754394531
30s,,,reenter,9,2.0,-7.52255314087404,0.06745362563237774,593,1.900479226027432,-1.1913713309098768,0,12,0,1.8625370049264234,5.033314228057861
30s,,,reenter,9,2.5,-8.989908883266073,0.1111111111111111,99,0.31728068023054934,-0.23769370047444316,0,12,0,3.6468723041217066,11.650212605794271
30s,,,reenter,14,1.0,-2.289604619035325,0.13985480642561698,879791,2819.602898391063,-537.981318333464,0,12,0,1.4787458072483162,1.9669532775878906
30s,,,reenter,14,1.5,-2.2441415286554687,0.19126002786834237,295676,947.5988122004838,-177.21215391364169,0,12,0,2.316726393416957,1.9333759943644206
30s,,,reenter,14,2.0,-3.0704012513665258,0.20347252116516,13938,44.66927395003431,-11.429382886151624,0,12,0,2.6178434339570344,2.0167032877604165
30s,,,reenter,14,2.5,-9.44358225134163,0.06563706563706563,259,0.8300575371688109,-0.6532263854666439,0,12,0,3.773642912930919,11.233266194661459
30s,,,reenter,14,3.0,-6.792208663806123,0.16129032258064516,93,0.2980515480953645,-0.1687023589361802,1,12,0,6.0489916477798555,12.199878692626953
30s,,,reenter,20,1.0,-2.31970946414991,0.18122610317885443,812085,2602.614961666926,-503.1092131764103,0,12,0,1.7850197322011319,1.9835154215494792
30s,,,reenter,20,1.5,-2.239184623757049,0.21767404580330535,429183,1375.4694361958368,-256.6608343314579,0,12,0,2.8449309545427237,1.9503275553385417
30s,,,reenter,20,2.0,-2.3577176129692035,0.21947315771923975,74975,240.2840303059135,-47.21015753062317,0,12,0,3.668836230350525,1.9494692484537761
30s,,,reenter,20,2.5,-5.159246601072596,0.2026685899747566,2773,8.887063901811246,-3.8208795190778857,0,12,0,4.3889953512071145,2.6171366373697915
30s,,,reenter,20,3.0,-9.525185970619898,0.1437125748502994,167,0.5352108444293104,-0.4248319022234748,0,12,0,5.749951024413558,12.883504231770834
30s,,,reenter,50,1.0,-2.425583264212215,0.29042661992929986,471286,1510.4034612437845,-305.30077981676055,0,12,0,2.8541388714198312,2.016448974609375
30s,,,reenter,50,1.5,-2.3103527803188197,0.25782120013030074,396007,1269.1451549096885,-244.34775310614646,0,12,0,4.459897224955989,1.9835432370503743
30s,,,reenter,50,2.0,-2.310413607163864,0.206061587991805,191336,613.20420436962,-118.06294481213843,0,12,0,6.084235674588823,1.9831339518229167
30s,,,reenter,50,2.5,-2.431025470052305,0.1895021521349941,52506,168.27413531500224,-34.08989240848321,0,12,0,7.5873081656162356,1.983046531677246
30s,,,reenter,50,3.0,-3.347343574971095,0.19507186858316222,9253,29.654526607810837,-8.271990759122083,0,12,0,9.535632215363421,2.133051554361979
30s,,,close_beyond,5,1.0,-2.3303713444074514,0.07395227196207331,1176164,3769.435494774584,-732.0153718012511,0,12,0,0.9051519516255269,2.0167032877604165
30s,,,close_beyond,5,1.5,-2.106665735002698,0.15762447866446816,701084,2246.872812310651,-394.4508303836663,0,12,0,1.1879850428364591,2.0166238149007163
30s,,,close_beyond,5,2.0,-2.039657550931152,0.08576642335766424,548,1.7257831454704353,-0.3911118471031653,0,9,0,0.4650839723474576,1.500298579533895
30s,,,close_beyond,9,1.0,-2.2721703220966796,0.10144145348655356,1630507,5225.539091723963,-989.4429034309356,0,12,0,1.6183608994581045,1.9831339518229167
30s,,,close_beyond,9,1.5,-2.2638815191047312,0.20077511148863877,470900,1509.166387076421,-284.71449107969727,0,12,0,1.6952715067859003,2.0167032877604165
30s,,,close_beyond,9,2.0,-1.9518011388230396,0.32175642270493504,235843,755.8427016930651,-122.93788716130062,0,12,0,2.107241522472103,2.0167032877604165
30s,,,close_beyond,9,2.5,-1.9466760899776994,0.3888034533926885,37065,118.78796376510415,-19.270140736555465,0,12,0,3.04299740736127,2.033710479736328
30s,,,close_beyond,14,1.0,-2.257269915129287,0.12253750928224713,2110211,6762.921025353411,-1272.1448474104639,0,12,0,2.2197781601540623,1.9993384679158528
30s,,,close_beyond,14,1.5,-2.2717201427708256,0.15877791631465388,636814,2040.896758589263,-386.362189650243,0,12,0,2.6355369066266787,1.983046531677246
30s,,,close_beyond,14,2.0,-2.13702808043451,0.3353888917485973,194270,622.6072499837254,-110.87743135811083,0,12,0,2.5716394298086698,2.0249684651692705
30s,,,close_beyond,14,2.5,-1.8633881094784708,0.4292617162993713,74917,240.09814869527338,-37.283002948880515,0,12,0,3.404745041742996,2.050018310546875
30s,,,close_beyond,14,3.0,-2.407708134435567,0.45035189718482255,13072,41.893869211855964,-8.40568414036378,1,12,0,5.548213750292774,2.2333145141601562
30s,,,close_beyond,20,1.0,-2.26053001119867,0.13280260846430061,2119868,6793.870313524992,-1279.8123113262468,0,12,0,2.743111408253185,1.9999345143636067
30s,,,close_beyond,20,1.5,-2.236136750610466,0.1407825401435625,915838,2935.1283194038974,-546.9456918980491,0,12,0,3.509300514059177,1.983046531677246
30s,,,close_beyond,20,2.0,-2.2872503611385238,0.24741368505288328,207438,664.8087853097444,-126.71534452398133,0,12,0,3.4009465358997293,2.000133196512858
30s,,,close_beyond,20,2.5,-2.060184230277432,0.4273690601026547,72476,232.27509677160901,-39.87745762125277,0,12,0,3.858455632232971,2.050018310546875
30s,,,close_beyond,20,3.0,-1.9325018490632184,0.47475338948696005,22201,71.15099375553966,-11.458285582938823,0,12,0,5.8270291119443485,2.150090535481771
30s,,,close_beyond,50,1.0,-2.2622271310494395,0.1256700340747855,1563913,5012.114954155546,-944.8785361024412,0,12,0,4.568618696721405,2.0003318786621094
30s,,,close_beyond,50,1.5,-2.2397405779127153,0.1096481874372617,1087852,3486.4083085875104,-650.7208466596236,0,12,0,5.783736230934311,1.9997914632161458
30s,,,close_beyond,50,2.0,-2.267619851872166,0.10529802099547088,427235,1369.2263779626135,-258.74040969792037,0,12,0,6.961708340567441,1.9834438959757488
30s,,,close_beyond,50,2.5,-2.3688443969984396,0.1627790736421193,108036,346.2397532261376,-68.34900828732155,0,12,0,7.1135093616945255,2.0001729329427085
30s,,,close_beyond,50,3.0,-2.5226464809738776,0.30465107874670233,27671,88.68155255211647,-18.642683872741383,0,12,0,8.05151176479626,2.083460489908854
30s,,,two_outside,5,1.0,-4.116665312383715,0.0012787723785166241,1564,5.012393776571507,-1.7195289660016606,0,12,0,0.3840553126095658,2.2830963134765625
30s,,,two_outside,9,1.0,-2.273207417709092,0.09900894306891127,237726,761.8774443281573,-144.3254548193344,0,12,0,1.1652967014214033,1.9164880116780598
30s,,,two_outside,9,1.5,-4.63624478784246,0.08944954128440367,872,2.7946338703135254,-1.0797172262640904,0,12,0,1.507727502212397,2.466583251953125
30s,,,two_outside,14,1.0,-2.264769599521091,0.15751005543974286,509923,1634.229457628307,-308.42943285653587,0,12,0,1.5767781550806603,1.95006529490153
30s,,,two_outside,14,1.5,-2.304285150200021,0.19551838628565077,71983,230.695103081168,-44.29894168781655,0,12,0,2.4309883874188642,1.91650390625
30s,,,two_outside,14,2.0,-7.48837642811549,0.11555555555555555,225,0.7210924550694303,-0.4499843119194875,0,12,0,3.2325383425590104,6.534067789713542
30s,,,two_outside,20,1.0,-2.293910652208826,0.19942414894966126,559867,1794.2927535215854,-342.9956050403559,0,12,0,1.8830958234221873,1.96685791015625
30s,,,two_outside,20,1.5,-2.230856846870386,0.2279059313296752,204659,655.902492275798,-121.93538048106785,0,12,0,3.0327140083642234,1.9335746765136719
30s,,,two_outside,20,2.0,-2.804065852960075,0.20889088459811406,11135,35.68606438754714,-8.338839547971293,0,12,0,3.7223039826528304,1.9999186197916667
30s,,,two_outside,20,2.5,-9.27886987605517,0.17073170731707318,82,0.26279813918085904,-0.20320581142738559,2,12,0,5.070748457585239,12.066809336344402
30s,,,two_outside,50,1.0,-2.402857061399178,0.30598551141351504,392999,1259.504949999249,-252.2008635810762,0,12,0,2.9268183345609877,2.0000338554382324
30s,,,two_outside,50,1.5,-2.29911448126227,0.2706314745921374,289497,927.7960109565994,-177.75910370397378,0,12,0,4.59552956415088,1.9826253255208333
30s,,,two_outside,50,2.0,-2.312807574499331,0.2145398554191713,114953,368.40773772264987,-71.00468385909231,0,12,0,6.325667163925175,1.966555913289388
30s,,,two_outside,50,2.5,-2.5200682175045035,0.19648081225262434,23244,74.49365789170595,-15.644091638211806,0,12,0,7.951013563283027,1.9669850667317708
30s,,,two_outside,50,3.0,-4.111498078647969,0.191415313225058,2586,8.287755950264652,-2.8395910554846986,0,12,0,10.210262106045942,2.283350626627604
1m,,,reenter,5,1.0,-2.451157676216574,0.0638775916498393,35161,112.68598186585004,-23.017592454373332,0,12,0,0.77168273772521,1.9082427024841309
1m,,,reenter,5,1.5,-6.3693687970299555,0.03333333333333333,210,0.6730199991987859,-0.357226048556156,0,12,0,1.0204119759379182,3.766685724258423
1m,,,reenter,9,1.0,-2.2263903763802753,0.1751685145050838,334986,1073.582273579069,-199.18443684574126,0,12,0,1.6600220394613618,1.9495685895284016
1m,,,reenter,9,1.5,-2.441710306690869,0.2328838174273859,19280,61.78964564072662,-12.572701217311561,0,12,0,2.2336306632951164,1.9415537516276042
1m,,,reenter,9,2.0,-8.960099110554,0.0963855421686747,83,0.26600314254047247,-0.19861787674012135,0,12,0,4.180371954848283,9.424781799316406
1m,,,reenter,14,1.0,-2.260518944951751,0.23090132771831315,427425,1369.8360626549572,-258.0450309258037,0,12,0,2.167239793628939,1.966853936513265
1m,,,reenter,14,1.5,-2.201266678610451,0.2525182515479161,129852,416.1571092188606,-76.33939813252734,0,12,0,3.369135210624652,1.9335746765136719
1m,,,reenter,14,2.0,-3.1091542056521693,0.26014150943396225,4240,13.58859426953739,-3.5207529185027617,0,12,0,4.044535949726935,2.0832061767578125
1m,,,reenter,20,1.0,-2.310308519026641,0.2702772073921971,401288,1286.0707116118208,-247.60167675895363,0,12,0,2.5793605895350513,1.9832611083984375
1m,,,reenter,20,1.5,-2.2346667799161715,0.2601277529780255,202735,649.7367120836468,-120.9954205154403,0,12,0,4.093647644590748,1.958147684733073
1m,,,reenter,20,2.0,-2.3595747400849296,0.24806554392353208,30758,98.57499588264882,-19.382922524056177,0,12,0,5.306912285978171,1.9581119219462078
1m,,,reenter,20,2.5,-5.4389462728406315,0.21300448430493274,892,2.8587325680253186,-1.2957077371591195,0,12,0,7.22854685327623,2.9833475748697915
1m,,,reenter,50,1.0,-2.5106894840842524,0.34909153935253684,236554,758.1217756689027,-158.61736415226625,0,12,0,4.0557935623769525,2.0085771878560386
1m,,,reenter,50,1.5,-2.3800523035634917,0.27297669437503186,196090,628.4404363947139,-124.64342569114041,0,12,0,6.320561387997259,1.9835789998372395
1m,,,reenter,50,2.0,-2.33638608045493,0.2116160258133907,92975,297.9715925024148,-58.01472342446922,0,12,0,8.640000232509326,1.9751985867818196
1m,,,reenter,50,2.5,-2.4739962256906733,0.1966181832752334,24957,79.98361961906713,-16.489931087887545,0,12,0,10.72811561606768,1.9916892051696777
1m,,,reenter,50,3.0,-2.443874522995421,0.23235491821644633,4463,14.30327741154372,-2.9129512717839656,0,12,0,15.064439907428095,2.1419525146484375
1m,,,close_beyond,5,1.0,-2.217953399048461,0.15534635993415075,591047,1894.2211974592608,-350.1078619545344,0,12,0,1.2804264514781893,2.0167032877604165
1m,,,close_beyond,5,1.5,-1.891455005239701,0.2662537140554968,357426,1145.4992677791677,-180.5550269616099,0,12,0,1.6863713932013802,2.0085771878560386
1m,,,close_beyond,5,2.0,-2.0721876572852915,0.0970873786407767,103,0.3240479779773219,-0.08393602754160778,1,8,0,0.5576401738327519,1.5334288279215496
1m,,,close_beyond,9,1.0,-2.2350486822835425,0.16263779591826485,796377,2552.274513818721,-475.3714824113668,0,12,0,2.3275686166812637,1.9748012224833171
1m,,,close_beyond,9,1.5,-2.095766767959118,0.3159330704465523,234575,751.7793633907389,-131.296183885981,0,12,0,2.3437568452605584,2.0166397094726562
1m,,,close_beyond,9,2.0,-1.61405094518996,0.4325836071097633,118710,380.4485909756565,-51.17195065503724,0,12,0,3.0041737371400146,2.0167032877604165
1m,,,close_beyond,9,2.5,-1.7513960526273455,0.45904317386231036,17140,54.93125136317709,-8.017198066945737,0,12,0,4.526652906471895,2.108544111251831
1m,,,close_beyond,14,1.0,-2.2243922299505483,0.16538078252041985,1073710,3441.087158760611,-637.8606282108093,0,12,0,3.181205680348853,1.975250244140625
1m,,,close_beyond,14,1.5,-2.2052033704159,0.2067701061789761,302979,971.0044111297568,-178.43851667600384,0,12,0,3.6454808133870253,1.9749005635579426
1m,,,close_beyond,14,2.0,-1.8931985471216475,0.4322218213678297,97015,310.9192153441438,-49.05265056347798,0,12,0,3.6263927459063483,2.025167147318522
1m,,,close_beyond,14,2.5,-1.6280861712349564,0.4964514031856106,36916,118.31050614486846,-16.05164158052239,0,12,0,4.911616885452341,2.058541774749756
1m,,,close_beyond,14,3.0,-2.209397006712976,0.49503045848028215,6238,19.99189883334298,-3.6808367867413847,2,12,0,8.340465537597197,2.3667653401692705
1m,,,close_beyond,20,1.0,-2.2325016417150407,0.16134898345386628,1095966,3512.414459247126,-653.4559205544047,0,12,0,3.8915230944502888,1.9834518432617188
1m,,,close_beyond,20,1.5,-2.2116771815510528,0.15564676825739066,452666,1450.7298617015122,-267.37884430999577,0,12,0,4.944507604119508,1.9667307535807292
1m,,,close_beyond,20,2.0,-2.1718545998818453,0.2996621758304001,98868,316.85781562278834,-57.3474253640722,0,12,0,4.677273794789016,1.9998550415039062
1m,,,close_beyond,20,2.5,-1.8551773848062978,0.48718584656084657,36288,116.29785586155019,-17.979429341317537,0,12,0,5.4110896598785985,2.0583470662434897
1m,,,close_beyond,20,3.0,-1.807353648252273,0.5222121486854034,11030,35.349574243631466,-5.32409849778266,1,12,0,8.259651563524706,2.1666785081227617
1m,,,close_beyond,50,1.0,-2.2699503847733062,0.12823101308701443,819209,2625.4478120173244,-496.63635592424674,0,12,0,6.430061280781363,1.9999186197916667
1m,,,close_beyond,50,1.5,-2.241844963514403,0.10755047275810145,563819,1806.9593472774295,-337.57689266409824,0,12,0,8.178004694777696,1.991589864095052
1m,,,close_beyond,50,2.0,-2.2598878863820024,0.10507554209301466,216568,694.0695008880126,-130.70993811366853,0,12,0,9.736548771791531,1.9834518432617188
1m,,,close_beyond,50,2.5,-2.291721115897928,0.17288317653159493,53996,173.04946607970305,-33.04842629247647,0,12,0,9.941674169727799,2.0000457763671875
1m,,,close_beyond,50,3.0,-2.2134060508209314,0.33851809954751133,14144,45.32949937460774,-8.361049016370034,0,12,0,11.11909492394265,2.1165847778320312
1m,,,two_outside,5,1.0,-6.083266044202867,0.021897810218978103,137,0.4390654280487317,-0.2225793174693539,0,12,0,0.6924416331588468,2.9498418172200522
1m,,,two_outside,9,1.0,-2.22819666018489,0.18695713225411728,99702,319.5306664767493,-59.331430322512055,0,12,0,1.739814301094711,1.9167582194010417
1m,,,two_outside,9,1.5,-5.71102025366604,0.14563106796116504,103,0.33010028532130925,-0.1571007846009113,1,12,0,2.0138504838669746,3.0918121337890625
1m,,,two_outside,14,1.0,-2.22436188008394,0.2510020600780094,241253,773.1813993652603,-143.31960259483685,0,12,0,2.320119284365063,1.9498825073242188
1m,,,two_outside,14,1.5,-2.265903749117885,0.2509615723914041,28339,90.82244646330662,-17.149576828772073,0,12,0,3.605346826657252,1.9165674845377605
1m,,,two_outside,20,1.0,-2.2801879671313903,0.2898617240796904,272354,872.8556612466006,-165.85624798475095,0,12,0,2.730973268498804,1.9667307535807292
1m,,,two_outside,20,1.5,-2.1979113775817605,0.26617683180793916,93637,300.0932079284605,-54.964856336747694,0,12,0,4.399839351083568,1.9333759943644206
1m,,,two_outside,20,2.0,-2.7753874990477216,0.24204143506821627,3958,12.684824556327591,-2.9337752917704303,0,12,0,5.5590565522989355,2.0000775655110674
1m,,,two_outside,50,1.0,-2.4878342800439275,0.3644234051985508,196247,628.9435989655434,-130.39228714338995,0,12,0,4.154833109917888,1.9999345143636067
1m,,,two_outside,50,1.5,-2.3626728742259213,0.285809567940239,142434,456.48062174228505,-89.87619855002333,0,12,0,6.52795095002574,1.9750595092773438
1m,,,two_outside,50,2.0,-2.3285288169239426,0.22010479471719782,55728,178.6002786445235,-34.65632462786824,0,12,0,9.054536757713283,1.9748687744140625
1m,,,two_outside,50,2.5,-2.4441768198700045,0.20522828356176817,11017,35.30791110082392,-7.191564822555386,0,12,0,11.430523513996604,1.9832611083984375
1m,,,two_outside,50,3.0,-3.128044746771917,0.23367427222659323,1271,4.073373423722175,-1.0618078616428739,2,12,0,17.622058268195715,2.4082819620768228
5m,,,reenter,5,1.0,-2.3193536957861163,0.2648963730569948,3088,9.896637390701985,-1.9128168756649762,0,12,0,2.026075129948346,1.9349682331085205
5m,,,reenter,9,1.0,-2.1975777320767267,0.33630921840259964,58470,187.38872675982674,-34.31677443080046,0,12,0,3.8884723147731393,1.9449869791666667
5m,,,reenter,9,1.5,-2.318314340497975,0.36070242050308493,2107,6.752660292166153,-1.30456576598667,0,12,0,5.765448904258563,1.9949078559875488
5m,,,reenter,14,1.0,-2.3310890736466057,0.36264962715855575,81536,261.31224944568555,-50.76184412440449,0,12,0,4.980140186884308,1.9617279370625813
5m,,,reenter,14,1.5,-2.2946572637248392,0.30619926533944036,22051,70.67058002019736,-13.513729981249448,0,12,0,7.648647836913103,1.9566599527994792
5m,,,reenter,14,2.0,-1.682611992855003,0.37012987012987014,616,1.9741996867462508,-0.2768176724341526,2,12,1,13.155239034364774,2.3191944758097334
5m,,,reenter,20,1.0,-2.375682945734285,0.38403674184758274,78167,250.51504369138667,-49.59535974562555,0,12,0,5.887131594216211,1.978441874186198
5m,,,reenter,20,1.5,-2.358493983196312,0.2921637672780785,38054,121.95810857052244,-23.96978877213165,0,12,0,9.290437199592771,1.9567012786865234
5m,,,reenter,20,2.0,-2.5180751881474106,0.27450980392156865,5355,17.16207682228275,-3.6012833186058284,0,12,0,13.037219771698005,2.0233917236328125
5m,,,reenter,20,2.5,-2.278795516724962,0.3696682464454976,211,0.6762274901030177,-0.12841534772774418,7,12,0,24.436606308978767,4.061673482259114
5m,,,reenter,50,1.0,-2.435622479557934,0.4103246753246753,46200,148.06497650596881,-30.052532101096247,0,12,0,9.283565270835226,1.993249257405599
5m,,,reenter,50,1.5,-2.3454829806652366,0.2909345153290064,37902,121.47096838807856,-23.742340749930275,0,12,0,14.439006758444783,1.9733921686808267
5m,,,reenter,50,2.0,-2.051785725205783,0.2296462063086104,18768,60.14899305333382,-10.284403777694346,0,12,0,19.823555832508077,1.9716107845306396
5m,,,reenter,50,2.5,-1.9234372714821595,0.20709849157054125,5635,18.059440316258318,-2.894683383866567,0,12,0,25.712401386999773,2.026545206705729
5m,,,reenter,50,3.0,-0.17880855912406252,0.2512479201331115,1202,3.852253284852262,-0.05740132160378081,7,12,1,36.65713324325807,2.204098304112752
5m,,,close_beyond,5,1.0,-1.7015560793955573,0.41855371900826444,121000,387.7892241822992,-54.9870926609565,0,12,0,2.842592349728079,2.013593912124634
5m,,,close_beyond,5,1.5,-0.978066866159843,0.5186813489711821,72559,232.54213485490456,-18.953479757304674,0,12,0,3.7862576549684945,1.999956766764323
5m,,,close_beyond,9,1.0,-2.131024799319599,0.25707369837354405,151618,485.91592224852764,-86.29157339132222,0,12,0,5.1284980026764515,1.970072587331136
5m,,,close_beyond,9,1.5,-1.5952176015186583,0.5013884472708002,47175,151.1897243867766,-20.098375792545063,0,12,0,5.126669207050183,2.011693318684896
5m,,,close_beyond,9,2.0,-0.6424683926311457,0.5801422545695145,24182,77.5001571832757,-4.149283451183357,2,12,0,6.666427353831272,2.0182482401529946
5m,,,close_beyond,9,2.5,0.11172070449786635,0.5735619469026548,3616,11.5888085507702,0.10789248796524535,6,12,0,10.766911518145239,2.2574349244435625
5m,,,close_beyond,14,1.0,-2.2027681713878278,0.20184939463087864,217801,698.02380839776,-128.1320523341251,0,12,0,7.061683683525777,1.976629098256429
5m,,,close_beyond,14,1.5,-2.125234389832121,0.25798388365466973,57209,183.34738616731536,-32.471347530717395,0,12,0,7.674843404386067,1.993238925933838
5m,,,close_beyond,14,2.0,-1.3369113518226552,0.5402350813743219,19908,63.80254442166292,-7.108195492707531,0,12,0,8.046898254386292,2.034893035888672
5m,,,close_beyond,14,2.5,0.270526784115591,0.6011531712208573,7978,25.56844983906102,0.5764125424818315,7,12,1,11.309893439741447,2.099984486897786
5m,,,close_beyond,14,3.0,1.9780633412185447,0.5965721819380356,1517,4.861787215574776,0.8014102553277872,9,12,3,20.153367956245447,2.3883692423502603
5m,,,close_beyond,20,1.0,-2.237191491600679,0.17790477360046314,228004,730.7230931443054,-136.23062389154754,0,12,0,8.60446772421426,1.9866228103637695
5m,,,close_beyond,20,1.5,-2.2028001864073246,0.16552062320988756,89729,287.5697462533349,-52.788224220996106,0,12,0,10.84935165698937,1.9818544387817383
5m,,,close_beyond,20,2.0,-1.8498971462043274,0.3637554145260401,19854,63.62948146211049,-9.808999680934946,0,12,0,10.121794649580806,2.0416871706644697
5m,,,close_beyond,20,2.5,-1.162026360283526,0.5581246806336229,7828,25.08771939585982,-2.429382604782117,1,12,0,12.605276902557705,2.0999781290690107
5m,,,close_beyond,20,3.0,0.788054206989638,0.6061606160616062,2727,8.739679457397768,0.5739450970119357,9,12,3,18.874738957120574,2.216796875
5m,,,close_beyond,50,1.0,-2.238721481909681,0.1293116529899964,171338,549.1159511813784,-102.44313966408497,0,12,0,14.447448105906258,1.9916407267252605
5m,,,close_beyond,50,1.5,-2.2033162988882338,0.10681765617906305,116741,374.1396844650066,-68.69567207022082,0,12,0,18.485968882299186,1.9851525624593098
5m,,,close_beyond,50,2.0,-2.0937207330614385,0.10753233578493533,47316,151.64161100338572,-26.457932079385518,0,12,0,22.08948693233328,1.9900401433308919
5m,,,close_beyond,50,2.5,-1.893171678193285,0.16703197037260978,13231,42.403629959966956,-6.689779274399808,0,12,0,22.771181582656652,2.0566940307617188
5m,,,close_beyond,50,3.0,-1.0935923128683744,0.33915343915343915,3780,12.114407168670175,-1.104018546217936,2,12,0,25.185398933885494,2.143332163492839
5m,,,two_outside,9,1.0,-2.2454833025670835,0.3373970345963756,15175,48.63389650385447,-9.100550211515074,0,12,0,4.185840959831788,1.9264022509257
5m,,,two_outside,14,1.0,-2.3048325201205184,0.3712866817155756,44300,141.9757242254203,-27.269188855200934,0,12,0,5.396567058454593,1.9466145833333333
5m,,,two_outside,14,1.5,-2.1032612491091176,0.3090077071290944,4152,13.306618667809145,-2.3322746167229136,0,12,0,8.465077233666495,1.9599529107411702
5m,,,two_outside,20,1.0,-2.312674867401573,0.39661871057085707,51992,166.6275813527777,-32.11295163420667,0,12,0,6.261048914302592,1.9615785280863443
5m,,,two_outside,20,1.5,-2.314887612064975,0.290222882615156,16825,53.921931379067644,-10.401934247335111,0,12,0,10.216307560127724,1.9615681966145833
5m,,,two_outside,20,2.0,-1.7857214561553965,0.29559748427672955,636,2.038297079173077,-0.30331923569151986,2,12,1,13.7200141009175,2.2527972857157392
5m,,,two_outside,50,1.0,-2.3458826235620323,0.4271672787803525,37847,121.2947005589048,-23.711927530941225,0,12,0,9.594323211306044,1.9784172375996907
5m,,,two_outside,50,1.5,-2.2488004814530713,0.3051962288971717,27366,87.70446205762646,-16.43581970839775,0,12,0,14.970736658597584,1.9600232442220054
5m,,,two_outside,50,2.0,-1.975517106660037,0.23979862215156333,11322,36.28553385282638,-5.973557737545867,0,12,0,20.48115841919551,1.9748310248057048
5m,,,two_outside,50,2.5,-1.1120059368758881,0.222395630120952,2563,8.214080839497793,-0.7611755549583354,3,12,0,29.483906877768362,2.0850118001302085
5m,,,two_outside,50,3.0,1.1788444985349005,0.26409495548961426,337,1.0800410623920236,0.10610003871605218,5,12,1,45.260239282836245,2.691777547200521
10m,,,reenter,5,1.0,-2.4994614834904594,0.3178963893249607,1274,4.083022829237893,-0.850446524824363,0,12,0,2.8171153033063945,1.9862747192382812
10m,,,reenter,9,1.0,-2.131243906931918,0.372488138431482,28664,91.86480877337125,-16.31552616330944,0,12,0,5.546547145078851,1.9584353764851887
10m,,,reenter,9,1.5,-1.415660701582125,0.41274509803921566,1020,3.2689821709753932,-0.38564746613520695,3,12,0,8.847708831344336,2.049182852109273
10m,,,reenter,14,1.0,-2.134602997638709,0.3944899478778853,40290,129.12479575352805,-22.969181340413922,0,12,0,7.106655786776628,1.9633654753367107
10m,,,reenter,14,1.5,-2.094955814244176,0.3168578190424176,10986,35.2088609120938,-6.146750656725451,0,12,0,11.294370466342073,1.985032359759013
10m,,,reenter,14,2.0,-1.643238928281932,0.37987012987012986,308,0.9871044202553149,-0.13517070080355845,4,12,1,19.676858083381887,2.4324703216552734
10m,,,reenter,20,1.0,-2.1692526415769615,0.40905901613783424,38481,123.32715972676874,-22.293980584623082,0,12,0,8.332981936521122,1.9749514261881511
10m,,,reenter,20,1.5,-1.9849502409557072,0.3086643561716875,18755,60.10760844768971,-9.94255098929275,0,12,0,13.459719775045986,1.9757652282714844
10m,,,reenter,20,2.0,-1.4351588669337945,0.29763560500695413,2876,9.217247768358071,-1.1023512386237344,2,12,0,19.210395797135682,2.0061594247817993
10m,,,reenter,20,2.5,-0.40683980478514337,0.325,120,0.384586137761811,-0.013038745767507286,6,12,0,32.88976292368697,3.049182891845703
10m,,,reenter,50,1.0,-2.4899563926032617,0.41284403669724773,22672,72.6611409611315,-15.07692270250134,0,12,0,13.393653508919767,1.9859153032302856
10m,,,reenter,50,1.5,-2.056678724337145,0.29721012739880664,18603,59.62046600652475,-10.218345330890454,0,12,0,20.966010838149085,1.955886681874593
10m,,,reenter,50,2.0,-1.8316772721174763,0.23379071959777942,9547,30.597032143433413,-4.670324030947904,0,12,0,28.05541049653897,1.947462558746338
10m,,,reenter,50,2.5,-0.7150155762697216,0.22770029192345118,3083,9.880658855997194,-0.5887354154871135,4,12,0,35.66189047070844,1.9574928283691406
10m,,,reenter,50,3.0,2.0642650750152267,0.2854889589905363,634,2.0318967611749015,0.34953112667749203,9,12,2,41.0003662109375,2.043301860491435
10m,,,close_beyond,5,1.0,-1.459186575563196,0.50203893712181,60816,194.9082546176858,-23.70062571704837,0,12,0,4.005557328620735,2.0092201232910156
10m,,,close_beyond,5,1.5,-0.5459008357609255,0.5769759639183764,36362,116.53600951079143,-5.301425415682017,2,12,0,5.34852522553475,2.004082004229228
10m,,,close_beyond,9,1.0,-2.1180629985225523,0.27149898367233066,75271,241.23485979557728,-42.57921920723233,0,12,0,7.123171734155198,1.9808212916056316
10m,,,close_beyond,9,1.5,-1.2950697335186734,0.5426811503724976,24027,77.00375943335861,-8.310436517441312,0,12,0,7.224944673907885,2.011766036351522
10m,,,close_beyond,9,2.0,0.24236241516001258,0.6174894446248782,12316,39.4713572722872,0.7971977898462711,9,12,2,9.70734795329733,2.028282682100932
10m,,,close_beyond,9,2.5,1.969283109648596,0.6234207968901846,2058,6.595652262615059,1.0823922164902817,11,12,2,15.732251490639726,2.199570337931315
10m,,,close_beyond,14,1.0,-2.148219455182017,0.20772433990756417,109265,350.1817028545357,-62.688928910073464,0,12,0,9.868843145268613,1.9772748152414958
10m,,,close_beyond,14,1.5,-1.9811540552034663,0.27080895008605854,29050,93.10189418317175,-15.370766267342892,0,12,0,10.84870246381655,2.0158259073893228
10m,,,close_beyond,14,2.0,-1.0571097286422255,0.5662910338069573,10205,32.70584613216068,-2.8811390108152293,3,12,0,11.423671153165671,2.0291455586751304
10m,,,close_beyond,14,2.5,1.153565085565629,0.6099439775910365,4284,13.729725118096653,1.3198442942208108,9,12,2,16.53395524741086,2.0900601148605347
10m,,,close_beyond,14,3.0,5.581789280106216,0.6255186721991701,964,3.0895086400198815,1.4370821839715424,8,12,3,26.89971923828125,2.307973106702169
10m,,,close_beyond,20,1.0,-2.1731093713493173,0.18170564686051413,113904,365.049161963511,-66.10764623884337,0,12,0,12.197131064866085,1.9815166791280112
10m,,,close_beyond,20,1.5,-2.0758092727034163,0.17100429336520162,45186,144.81591017420993,-25.050850764550834,0,12,0,15.572791084286308,1.9858225186665854
10m,,,close_beyond,20,2.0,-1.4559798269090936,0.37161377708978327,10336,33.12568599921732,-4.0191942139487855,0,12,0,14.693275111883963,2.0175079504648847
10m,,,close_beyond,20,2.5,-0.4147028713772321,0.5787335722819594,4185,13.41244155444316,-0.46351483540057364,4,12,1,18.490369535002493,2.0634233951568604
10m,,,close_beyond,20,3.0,1.5894989599222267,0.5884498480243161,1645,5.272034971818159,0.6983245086982142,8,12,2,26.12851249493673,2.1823883056640625
10m,,,close_beyond,50,1.0,-2.2281849086495407,0.12537511340637866,85974,275.53673839944946,-51.162233523347474,0,12,0,20.983366267932624,1.984246571858724
10m,,,close_beyond,50,1.5,-2.123671923660017,0.10510889199413789,58682,188.06903113448828,-33.28307676085452,0,12,0,26.970826983938423,1.9758733113606772
10m,,,close_beyond,50,2.0,-2.061886420704784,0.10431143077735788,24609,78.86900220150339,-13.55157705448463,0,12,0,32.24603105587587,1.966694990793864
10m,,,close_beyond,50,2.5,-1.3945309235687577,0.16742896742896743,7215,23.123241532928887,-2.687172947568231,1,12,0,34.04802977697727,1.948341727256775
10m,,,close_beyond,50,3.0,-0.6728302182608237,0.34037328094302555,2036,6.525144804025393,-0.36585955022299044,4,12,0,34.69346519545975,2.0150144894917807
10m,,,two_outside,9,1.0,-2.145411824727215,0.3666983566481054,7363,23.597564436168454,-4.218874481343183,0,12,0,5.84804360778064,1.934064229329427
10m,,,two_outside,14,1.0,-1.9966280604419389,0.40299799526152724,21948,70.34080459663522,-11.703702020975435,0,12,0,7.6576508348272565,1.9603721300760903
10m,,,two_outside,14,1.5,-2.023402306730746,0.31146744412050537,2058,6.595652262615059,-1.1121381668807644,1,12,0,12.556492010924103,2.011302312215169
10m,,,two_outside,20,1.0,-2.117260171575948,0.4199984473255182,25762,82.56423400849812,-14.567497021905787,0,12,0,8.886686908422536,1.9695516427357993
10m,,,two_outside,20,1.5,-1.7635647624051303,0.31358843738893494,8441,27.052429907062056,-3.975726010127444,1,12,0,14.63418223513202,1.97678804397583
10m,,,two_outside,20,2.0,-2.618614728078317,0.266304347826087,368,1.1793974891362204,-0.25736563627589115,3,12,0,23.712329573427127,2.1266857782999673
10m,,,two_outside,50,1.0,-2.4139674520554526,0.42768639179662465,18724,60.00825702876791,-12.071498276835298,0,12,0,13.877389286626741,1.9808286428451538
10m,,,two_outside,50,1.5,-1.9757462557728027,0.31250916556679864,13638,43.70821455662982,-7.1963617713979735,0,12,0,21.588936216618038,1.9566631317138672
10m,,,two_outside,50,2.0,-1.5651805962070813,0.24824396093883844,5837,18.706910717630755,-2.4399744725178287,0,12,0,28.795761537339693,1.943369706471761
10m,,,two_outside,50,2.5,-0.4280772401702833,0.23050139275766016,1436,4.602214115216338,-0.16417525975954436,8,12,1,39.43043020098855,1.9583304723103843
10m,,,two_outside,50,3.0,2.416552219030485,0.27472527472527475,182,0.5832889756054134,0.11746235569460667,7,12,0,45.912534494509316,2.0941956837972007
30m,,,reenter,5,1.0,-1.6961495212955366,0.45132743362831856,339,1.0864900957044292,-0.15357080464345077,3,12,1,4.374037092141725,2.0724468761020236
30m,,,reenter,9,1.0,-1.52111183219768,0.4175389873958556,9362,30.005074560427335,-3.8034228283199685,0,12,0,9.978006660583816,1.9745614793565538
30m,,,reenter,9,1.5,-1.2506749090170532,0.44126984126984126,315,1.0095704429111954,-0.10522036848618878,4,12,1,15.04246893643093,2.1191554599338107
30m,,,reenter,14,1.0,-1.8547614009087985,0.4188679245283019,13250,42.46605831293123,-6.563700483963921,0,12,0,12.577242320058701,1.9845544629626803
30m,,,reenter,14,1.5,-0.9796749107374744,0.34202898550724636,3795,12.162920097930115,-0.9929756384372266,3,12,1,20.178414063392047,1.9714203145768907
30m,,,reenter,14,2.0,-3.86821111910916,0.3235294117647059,102,0.3269085243712442,-0.10537926574203454,4,12,0,23.85691286591225,2.0890129937065973
30m,,,reenter,20,1.0,-2.381102598785672,0.41604329142129554,12566,40.27384820832406,-7.991347052661676,0,12,0,15.048590226700576,2.0030581288867526
30m,,,reenter,20,1.5,-1.9555906155074865,0.30719367588932806,6325,20.27153349655019,-3.3035683889832685,0,12,0,23.253751745977524,1.948865254720052
30m,,,reenter,20,2.0,0.08170997215614591,0.31801125703564725,1066,3.416514578232807,0.023263609254872437,4,12,1,30.248632703134824,1.9226360321044922
30m,,,reenter,50,1.0,-2.75682967121976,0.4136971784342297,7549,24.194435789005123,-5.558328205129215,0,12,0,24.574704312615836,2.021079593234592
30m,,,reenter,50,1.5,-2.4815403786691013,0.2850375694217576,6122,19.620921433340754,-4.057509066960758,0,12,0,37.26084839359878,2.021540734503004
30m,,,reenter,50,2.0,-2.9918184139073247,0.21737704918032788,3050,9.775205875806812,-2.437136744914491,1,12,0,45.87052516870642,1.9943272405200534
30m,,,reenter,50,2.5,-3.560304256995795,0.19801980198019803,909,2.913331849543735,-0.864362315497666,1,12,0,54.99346734297461,1.9094679090711806
30m,,,reenter,50,3.0,0.2673543991710846,0.2903225806451613,186,0.596127309147563,0.013281438213885175,5,12,1,59.04998779296875,1.8864279323154025
30m,,,close_beyond,5,1.0,-0.8451039812737814,0.582258143044939,20539,65.82719786334299,-4.635902249200677,1,12,0,6.824654130190311,2.020312680138482
30m,,,close_beyond,5,1.5,1.1016301422272707,0.654368932038835,12360,39.613621188515474,3.6366299286701267,11,12,3,9.369297145229538,2.001399596532186
30m,,,close_beyond,9,1.0,-1.8778571533777817,0.28804522129570237,24944,79.94515913643446,-12.510465746856548,0,12,0,12.387103701576763,1.9867375161912706
30m,,,close_beyond,9,1.5,-0.9057342841313318,0.5634314339386349,7985,25.591809481415538,-1.931614936689611,2,12,0,12.972027314398815,2.0127571953667536
30m,,,close_beyond,9,2.0,3.4666029676119643,0.6575278810408922,4304,13.794257734253284,3.984934566463894,12,12,3,17.28274349108827,1.9953240288628473
30m,,,close_beyond,9,2.5,8.000107684147295,0.6438053097345132,904,2.897306921878478,1.9315639474210962,9,12,3,26.81358891208907,2.2401385837131076
30m,,,close_beyond,14,1.0,-1.989297073134211,0.21122102962194883,35683,114.3634987758736,-18.958581115686105,0,12,0,17.779982803508922,1.9894430372450087
30m,,,close_beyond,14,1.5,-1.6396506619155788,0.2717499502289468,10046,32.1972846650345,-4.399358259409012,0,12,0,19.80389285443134,1.9685907496346369
30m,,,close_beyond,14,2.0,-0.2208636414373933,0.5740318906605922,3512,11.255909192076565,-0.20716842432088814,5,12,1,20.133560284960605,1.9659741719563804
30m,,,close_beyond,14,2.5,5.527240623894009,0.6415954415954416,1755,5.624749610505231,2.5907787122013763,12,12,3,28.647511358993683,2.044686211480035
30m,,,close_beyond,14,3.0,12.572746198797425,0.6264775413711584,423,1.355708880480748,1.4204153061450198,10,12,2,38.09967041015625,2.27195315890842
30m,,,close_beyond,20,1.0,-2.1610530307910594,0.17729489309254595,37322,119.61647006454486,-21.541461263792726,0,12,0,22.224906969198344,1.991656290160285
30m,,,close_beyond,20,1.5,-2.0626472708485584,0.16702677928370327,15273,48.94974404629424,-8.413837997152024,0,12,0,28.138793467831213,1.9603029886881511
30m,,,close_beyond,20,2.0,-1.331012376786734,0.34948842218632203,3714,11.90331626975295,-1.3202884399873394,5,12,0,26.854151685901684,1.9540219836764865
30m,,,close_beyond,20,2.5,3.4922178487588846,0.5905275779376499,1668,5.345915869129758,1.5557585680115256,7,12,3,31.981626066914437,2.019750807020399
30m,,,close_beyond,20,3.0,8.225254652913781,0.5828729281767956,724,2.3204095259292234,1.5904966041512338,10,12,2,38.16785302066255,2.0737446679009333
30m,,,close_beyond,50,1.0,-2.236778630917226,0.12325214648677063,28535,91.45426218562208,-17.046911613591735,0,12,0,38.302735944715494,2.010300954182943
30m,,,close_beyond,50,1.5,-2.1368518449474507,0.10321950216004937,19444,62.31773870465169,-11.096981243665676,0,12,0,47.315968073050385,1.9972258143954806
30m,,,close_beyond,50,2.0,-2.2890400997235507,0.10809432759719567,7845,25.14311150678834,-4.796132539238262,1,12,0,50.87811898104964,1.982781622144911
30m,,,close_beyond,50,2.5,-3.951052204068825,0.15782434239857335,2243,7.188782550634321,-2.366937928437937,0,12,0,51.53570050368677,1.9394457340240479
30m,,,close_beyond,50,3.0,-3.6493686488501624,0.32843791722296395,749,2.4005341642555087,-0.730036176627315,3,12,0,43.250322341918945,1.9600093364715576
30m,,,two_outside,9,1.0,-1.5387069985436945,0.4165348101265823,2528,8.102203427553974,-1.0389097598001673,1,12,0,10.56757094757943,2.029849158393012
30m,,,two_outside,14,1.0,-1.5877749963261591,0.42164584464964694,7364,23.60151346539061,-3.122824412983531,0,12,0,13.499910991523478,1.9958019256591797
30m,,,two_outside,14,1.5,-1.8573267299914404,0.315989847715736,788,2.525528600044514,-0.3908943146850448,2,12,1,22.475076946506523,2.0064332087834673
30m,,,two_outside,20,1.0,-2.582355245145586,0.41857730746619637,8505,27.258401958602274,-5.865906439340274,0,12,0,15.926845217648644,2.006934748755561
30m,,,two_outside,20,1.5,-1.606579428502592,0.3037974683544304,3002,9.621366570220344,-1.2881241338165454,1,12,0,25.205329988975222,1.9678931766086154
30m,,,two_outside,20,2.0,-2.606869511651395,0.2676056338028169,142,0.4551079456933007,-0.09886725234484704,6,12,0,34.24051245581836,1.83178981145223
30m,,,two_outside,50,1.0,-2.6544804916545246,0.4275993036872923,6319,20.252303583351882,-4.479945397756049,0,12,0,25.35732480763746,2.0399888356526694
30m,,,two_outside,50,1.5,-2.7288426361862776,0.29190371991247266,4570,14.646783886044961,-3.330730695937135,0,12,0,38.442318635100904,2.0504411061604815
30m,,,two_outside,50,2.0,-2.9668352999797656,0.2195504443282802,1913,6.131137324727354,-1.515839553668718,2,12,0,48.650360107421875,1.9935968187120225
30m,,,two_outside,50,2.5,-4.01256487429213,0.19770114942528735,435,1.394168706877365,-0.46618269850444954,2,12,1,54.78613520201421,1.9008384810553656
30m,,,two_outside,50,3.0,-0.06837501634959237,0.29411764705882354,68,0.21793901624749612,-0.001241798649928052,6,12,0,61.65008544921875,2.064481907420688
1h,,,reenter,5,1.0,-0.5909513814338412,0.4948453608247423,194,0.6217810322953995,-0.03062019666536051,4,12,1,7.3618006740486575,1.931691434648302
1h,,,reenter,9,1.0,-1.5266595199326864,0.41190765492102066,4938,15.826570811725169,-2.0134820831340843,0,12,0,14.104510560750683,2.040103806389703
1h,,,reenter,9,1.5,0.6199070326315755,0.49238578680203043,197,0.6313962028979057,0.03261724554610708,7,12,0,19.70481495009153,1.9169425964355469
1h,,,reenter,14,1.0,-2.1886706958110382,0.4111966198883356,6627,21.239911860936147,-3.87393105597002,0,12,0,17.916038804409595,2.0422342088487415
1h,,,reenter,14,1.5,-1.2885643857135916,0.3306930693069307,2020,6.4742148723541595,-0.695203559164403,6,12,1,28.500796285229768,2.0429182052612305
1h,,,reenter,14,2.0,2.7643990282362743,0.3787878787878788,66,0.2115337532551359,0.04873030849480579,7,12,0,34.18240630205116,1.911259823375278
1h,,,reenter,20,1.0,-2.3173209621091257,0.4175498753117207,6416,20.563644861893213,-3.971047107986063,0,12,0,22.074548239184423,2.059408360057407
1h,,,reenter,20,1.5,-2.4258275887198266,0.2926074853077637,3233,10.361948852634157,-2.0946917833019745,1,12,0,33.84798928029795,2.0538902282714844
1h,,,reenter,20,2.0,-1.061257775633886,0.29174311926605506,545,1.7467559927886223,-0.15447986495683444,4,12,0,39.7003173828125,2.053884996308221
1h,,,reenter,50,1.0,-1.2694554576522574,0.40535714285714286,3920,12.563822920608072,-1.3291011312952035,2,12,0,36.75347034380394,2.0268837610880532
1h,,,reenter,50,1.5,-1.449272922378289,0.3050205241553521,3167,10.150415099379021,-1.225893479535812,3,12,0,46.559949325730706,2.0502756039301553
1h,,,reenter,50,2.0,-2.0688628784944805,0.2593565331582403,1523,4.881301609205636,-0.8415619748350761,3,12,0,48.57510328292847,1.983894771999783
1h,,,reenter,50,2.5,-4.962166164761667,0.23728813559322035,413,1.3236884862783505,-0.547363518274585,2,12,0,46.733127757507816,2.0484754774305554
1h,,,reenter,50,3.0,-3.6421077579526293,0.26436781609195403,87,0.27883994747267915,-0.08463042799311238,4,12,0,38.60015869140625,1.8037441704008315
1h,,,close_beyond,5,1.0,0.1296281103824548,0.6300992824142337,10173,32.60504351309845,0.35221084829505567,8,12,1,10.10236637236801,2.0044263866212635
1h,,,close_beyond,5,1.5,3.05748667044545,0.6790442363577656,6194,19.852122237307753,5.058133260051847,12,12,3,13.499943033872253,1.9824295573764377
1h,,,close_beyond,9,1.0,-1.8580274741952527,0.27849301003080323,12661,40.579224999443575,-6.283109577543083,0,12,0,18.071871968711186,2.015832265218099
1h,,,close_beyond,9,1.5,0.3639719481422097,0.5870659285354807,3974,12.736895991453183,0.386322737274493,7,12,1,19.274579073144203,1.976535783873664
1h,,,close_beyond,9,2.0,5.724197394321629,0.6520417028670721,2302,7.378040908989741,3.519446878869788,11,12,3,25.796649680185624,1.956438786453671
1h,,,close_beyond,9,2.5,12.855326698614887,0.6289308176100629,477,1.5288121257984824,1.6377816114952841,10,12,3,37.09312558861919,2.104498545328776
1h,,,close_beyond,14,1.0,-2.065202343292195,0.20530358244099345,17837,57.168599345634235,-9.838727110944705,0,12,0,25.393961006004993,2.0313279496298895
1h,,,close_beyond,14,1.5,-1.5853185064556479,0.262779397473275,5145,16.490017583298094,-2.178494170548459,1,12,0,28.524800410683593,2.0037576887342663
1h,,,close_beyond,14,2.0,2.489251264998504,0.5742524075012672,1973,6.323577199581563,1.3117477119478418,9,12,2,30.097950962785625,1.9379754861195881
1h,,,close_beyond,14,2.5,5.9661919728693755,0.5985985985985987,999,3.2018518106345573,1.5919052142437644,9,12,3,36.09624054879248,1.9408265749613445
1h,,,close_beyond,14,3.0,14.615151326574583,0.6454545454545455,220,0.705112510850453,0.8587771706950278,11,12,1,39.849853515625,1.9381062189737954
1h,,,close_beyond,20,1.0,-2.0419867757723433,0.17703914514310262,18623,59.68777404349085,-10.15680377267467,0,12,0,32.22079097603525,2.0337337917751737
1h,,,close_beyond,20,1.5,-2.232359394029779,0.15738938627222007,7707,24.70137327783837,-4.595195223518219,0,12,0,40.67283268158231,2.036007775200738
1h,,,close_beyond,20,2.0,-0.9205666821332367,0.34651898734177217,1896,6.076787820783904,-0.4661740335172251,4,12,1,39.0001654624939,1.9940891199641757
1h,,,close_beyond,20,2.5,1.399351080303285,0.5220125786163522,954,3.0576242515969647,0.3565574833028113,7,12,3,42.449951171875,1.9882726669311523
1h,,,close_beyond,20,3.0,6.0863631900099255,0.5691056910569106,369,1.1826659841082598,0.5998445593127814,11,12,1,42.37070653136659,1.959138446384006
1h,,,close_beyond,50,1.0,-1.89593025061007,0.13498978897208985,14690,47.08228538360525,-7.438727427219462,0,12,0,49.52794526865811,2.0224245058165655
1h,,,close_beyond,50,1.5,-1.727137971316434,0.12160228898426323,9786,31.36468650537515,-4.514261751822464,1,12,0,57.125091552734375,2.0338980356852217
1h,,,close_beyond,50,2.0,-1.7949125605388054,0.12992434124706495,3833,12.284982973135394,-1.8375391870405064,1,12,0,56.90019130706787,1.9698460896809895
1h,,,close_beyond,50,2.5,-1.115654925389049,0.2080078125,1024,3.2819782323221087,-0.3051295983258171,3,12,0,50.50003528594971,1.9894245598051281
1h,,,close_beyond,50,3.0,2.4355960514069173,0.37988826815642457,358,1.1474103585657371,0.2328856782221754,6,12,1,44.9005126953125,1.9565384917789035
1h,,,two_outside,9,1.0,-2.1581561639339206,0.38567293777134587,1382,4.429388590887846,-0.7966093574902656,1,12,0,14.871998536011688,2.1855783462524414
1h,,,two_outside,14,1.0,-2.4446414132962,0.4055422328803624,3753,12.028578423735228,-2.4504634131453558,0,12,0,19.70334527270765,2.107505997021993
1h,,,two_outside,14,1.5,-2.4719282521312778,0.29475982532751094,458,1.4679160453159432,-0.3023819286811081,5,12,0,28.50238008652184,2.0687044991387262
1h,,,two_outside,20,1.0,-2.9684067601705593,0.4139194139194139,4368,13.999688397248995,-3.463064139889605,0,12,0,23.084943430504936,2.0838990145259437
1h,,,two_outside,20,1.5,-2.1994405590072277,0.2946138870863076,1541,4.938992632820673,-0.90525172643864,5,12,0,36.67302570179931,2.0826498667399087
1h,,,two_outside,20,2.0,-2.1668721066464456,0.2558139534883721,86,0.2756348906051771,-0.049772129672575216,5,12,0,47.444365274978665,2.085668808884091
1h,,,two_outside,50,1.0,-1.0897364289809561,0.41491628614916287,3285,10.528611809744264,-0.9561176529731198,3,12,0,38.23482345114044,2.0337740580240884
1h,,,two_outside,50,1.5,-1.822945718377871,0.3170091823349366,2287,7.329965055977209,-1.1135107012210888,1,12,0,46.30549048157073,2.0319366455078125
1h,,,two_outside,50,2.0,-3.5236180153662806,0.2545068928950159,943,3.022368626054442,-0.8874727116536055,2,12,0,41.99981689453125,1.999860339694553
1h,,,two_outside,50,2.5,-3.8060554583524424,0.2677595628415301,183,0.5865254067528769,-0.18602901881951447,4,12,0,47.7996826171875,1.9740062289767795
