pair,sig_tf,hold,d,is_n,is_wr,is_ppd,oos_n,oos_wr,oos_ppd,oos_dd
GBP_JPY,1,3072,trd,93,55.91397849462365,2.1874075025440063,40,60.0,6.500303362868676,-534.0000000000032
USD_JPY,3,512,ctr,554,44.94584837545126,-6.951703533921584,238,51.26050420168067,5.987237965412448,-1638.2000000000062
USD_JPY,48,512,trd,554,52.166064981949454,3.171815568223303,238,49.159663865546214,5.366808451647896,-1161.5000000000036
GBP_JPY,12,3072,ctr,93,51.61290322580645,3.9369351603948215,40,62.5,4.834645749338649,-1736.1000000000047
USD_JPY,12,512,trd,554,50.18050541516246,2.0865268378465793,238,47.89915966386555,4.181145293023513,-1133.8000000000166
USD_JPY,12,3072,trd,93,41.935483870967744,-3.214040051768938,40,60.0,3.8339003962431892,-1840.0000000000036
CHF_JPY,1,3072,trd,93,47.31182795698925,1.02464082830296,40,65.0,3.50971200166352,-1212.6999999999985
AUD_USD,1,3072,ctr,93,56.98924731182796,2.0734810658078304,40,62.5,3.430062266788379,-294.2999999999985
GBP_USD,1,3072,ctr,93,48.38709677419355,0.335903733488797,40,57.49999999999999,3.2654062359206324,-576.9000000000023
AUD_JPY,3,3072,ctr,93,51.61290322580645,1.4963799286695265,40,55.00000000000001,3.210909048900795,-517.8999999999945
NZD_JPY,3,3072,ctr,93,51.61290322580645,2.034542921783456,40,57.49999999999999,3.2036893360904912,-558.5000000000065
GBP_JPY,1,128,ctr,2201,47.16038164470695,-5.078390420770515,944,48.940677966101696,3.076762127005351,-1497.1000000000317
EUR_USD,12,512,trd,554,46.931407942238266,-1.2237133344530418,238,52.94117647058824,2.984536118202766,-840.1000000000146
EUR_JPY,1,256,ctr,1105,48.86877828054298,-0.5146606862348694,474,51.68776371308017,2.9656717073113668,-2048.1000000000154
USD_JPY,3,3072,trd,93,47.31182795698925,1.5588203795729945,40,50.0,2.6806094982844644,-1766.6000000000022
EUR_USD,1,3072,ctr,93,47.31182795698925,0.6992932157006047,40,55.00000000000001,2.648004343657234,-713.1000000000021
NZD_USD,3,3072,ctr,93,55.91397849462365,0.8294521779507721,40,65.0,2.620522856185644,-514.6000000000017
AUD_USD,3,3072,ctr,93,55.91397849462365,1.0114954702180636,40,67.5,2.549024409967339,-491.19999999999607
CHF_JPY,3,3072,ctr,93,53.76344086021505,-1.932865568717389,40,50.0,2.5415718031953696,-1353.9000000000015
GBP_USD,1,256,trd,1105,48.1447963800905,-2.221067586125016,474,50.84388185654009,2.5159534674167916,-1032.900000000031
AUD_JPY,3,512,trd,554,51.624548736462096,1.7100915835959845,238,51.26050420168067,2.4940614350241614,-738.5000000000006
AUD_JPY,1,256,ctr,1105,47.873303167420815,-2.0791574704353186,474,51.0548523206751,2.482649630904678,-1698.4000000000096
EUR_USD,1,256,trd,1105,47.601809954751126,-1.5317329750343243,474,49.15611814345991,2.4628536441667284,-1018.2000000000048
USD_JPY,1,3072,trd,93,49.46236559139785,3.0541048617354303,40,57.49999999999999,2.4092880329932975,-1479.600000000005
EUR_JPY,48,256,ctr,1105,46.9683257918552,-5.168615378535638,474,52.53164556962025,2.32032253965306,-1626.6000000000531
NZD_USD,1,512,ctr,554,50.0,0.8849216056273361,238,50.0,2.3035541744161203,-480.80000000002246
AUD_JPY,1,3072,ctr,93,54.83870967741935,0.28033471976605545,40,50.0,2.302622598569808,-770.6999999999994
EUR_USD,48,512,trd,554,48.55595667870036,-1.9058777502246835,238,47.89915966386555,2.2003821494170817,-709.0000000000197
EUR_JPY,12,3072,trd,93,49.46236559139785,-2.0172149497624354,40,47.5,2.170804616291005,-1504.900000000012
USD_JPY,3,128,trd,2201,47.25124943207633,-4.218962842944838,944,50.21186440677966,2.1041969432666074,-1421.1999999999991
EUR_JPY,48,512,trd,554,51.08303249097473,-0.430709649374001,238,53.78151260504202,2.0524944837862473,-1827.0000000000066
NZD_USD,1,3072,ctr,93,51.61290322580645,1.2948177713670348,40,57.49999999999999,2.041315573628417,-279.4000000000018
GBP_JPY,3,512,trd,554,51.624548736462096,4.439247176913405,238,48.739495798319325,2.018026177466136,-3365.699999999961
CAD_JPY,1,256,ctr,1105,46.78733031674208,-1.9758867406316598,474,48.10126582278481,1.9826262952995202,-1745.49999999999
EUR_USD,48,3072,ctr,93,50.53763440860215,-0.5281048024580133,40,62.5,1.9367461848595895,-751.0999999999958
AUD_JPY,12,3072,ctr,93,60.215053763440864,1.5726628399806633,40,55.00000000000001,1.8012018991948016,-516.5000000000007
USD_JPY,1,512,ctr,554,46.57039711191336,-3.7900457424001943,238,48.319327731092436,1.795845338077347,-1828.6000000000229
EUR_GBP,48,3072,ctr,93,37.634408602150536,-1.2409417204280053,40,57.49999999999999,1.661232628259177,-239.50000000000244
AUD_USD,3,512,ctr,554,46.20938628158845,-1.9209152431854972,238,52.10084033613446,1.5878710303479768,-443.49999999999994
GBP_JPY,48,256,ctr,1105,47.23981900452488,-6.201322676572677,474,51.0548523206751,1.5711026651108024,-2218.5999999999976
EUR_GBP,12,3072,ctr,93,48.38709677419355,0.3512399845878542,40,55.00000000000001,1.5415251319847831,-220.2000000000004
EUR_JPY,1,512,ctr,554,45.30685920577617,-6.007030300635139,238,50.84033613445378,1.496576597391446,-1193.6999999999898
AUD_USD,12,3072,ctr,93,58.06451612903226,0.5948274533437523,40,55.00000000000001,1.4886582026963064,-408.3999999999976
AUD_JPY,48,512,trd,554,50.90252707581227,1.7914533832581432,238,53.36134453781513,1.475616140845399,-1049.0000000000093
CAD_JPY,12,3072,trd,93,46.236559139784944,-1.914442150189195,40,52.5,1.4502306990284708,-676.5999999999992
AUD_USD,48,3072,ctr,93,53.76344086021505,0.586163467333223,40,55.00000000000001,1.3913085267377645,-412.5999999999985
EUR_JPY,3,3072,ctr,93,46.236559139784944,-0.7461982434128357,40,52.5,1.2813825768515041,-1389.9999999999977
AUD_USD,3,256,ctr,1105,49.59276018099548,-0.6960068761791636,474,52.95358649789029,1.2788207432738952,-896.7999999999931
AUD_USD,1,512,ctr,554,51.80505415162455,1.8766990387180962,238,50.42016806722689,1.2741628640413174,-650.9999999999875
CAD_JPY,3,3072,ctr,93,54.83870967741935,0.9346150426303567,40,57.49999999999999,1.2012670540531312,-946.0999999999999
EUR_USD,48,128,ctr,2201,47.79645615629259,-2.6257852774674832,944,49.25847457627119,1.1975407506670928,-895.1000000000107
NZD_JPY,12,3072,ctr,93,51.61290322580645,-0.6644380995662724,40,57.49999999999999,1.1963762808590475,-420.90000000000197
USD_JPY,48,256,ctr,1105,49.95475113122172,0.22217646884465025,474,51.26582278481012,1.1800737035453501,-2001.300000000026
CHF_JPY,12,3072,trd,93,49.46236559139785,-1.45714302650689,40,57.49999999999999,1.0021427168651529,-2165.7000000000066
AUD_USD,12,512,trd,554,46.931407942238266,-0.9396939309812068,238,50.84033613445378,0.971400713930985,-842.2999999999869
GBP_USD,12,3072,trd,93,52.68817204301075,-0.32086624052794505,40,47.5,0.951371833231243,-791.8999999999987
NZD_USD,48,3072,ctr,93,54.83870967741935,-0.6843553087859154,40,50.0,0.8339932765731012,-601.1000000000054
NZD_JPY,3,512,trd,554,52.34657039711191,0.7172187039982569,238,48.739495798319325,0.8100051985259512,-769.9999999999959
EUR_GBP,3,3072,trd,93,48.38709677419355,-0.8058502850255487,40,57.49999999999999,0.7485211926573748,-227.39999999999873
EUR_JPY,48,3072,trd,93,47.31182795698925,-2.08831938667642,40,40.0,0.7387396462692236,-2060.000000000005
EUR_USD,12,256,trd,1105,51.58371040723983,-0.10516286467949211,474,47.04641350210971,0.727793630072906,-1337.599999999985
EUR_JPY,1,3072,trd,93,48.38709677419355,2.554382082415339,40,57.49999999999999,0.6884345505585705,-851.6000000000105
EUR_USD,3,256,trd,1105,49.7737556561086,-0.611159564903772,474,48.31223628691983,0.6847082471725761,-1193.999999999999
GBP_JPY,3,3072,trd,93,52.68817204301075,0.8748634149715487,40,47.5,0.6250873929970411,-1531.7999999999984
EUR_USD,3,3072,ctr,93,44.086021505376344,-1.974592122032443,40,50.0,0.5922493444080886,-807.0000000000001
NZD_USD,3,256,ctr,1105,47.601809954751126,-1.1577873719362353,474,50.0,0.5794401765185446,-814.9000000000174
EUR_USD,12,128,ctr,2201,47.02407996365289,-2.0111402009503294,944,48.516949152542374,0.5337929600407637,-1727.5999999999513
NZD_USD,3,512,ctr,554,45.48736462093863,-1.8110718343394714,238,50.84033613445378,0.48837863752391236,-578.7000000000063
GBP_JPY,12,256,ctr,1105,47.782805429864254,-1.7804989181872737,474,48.734177215189874,0.4683497568244551,-2286.9000000000365
NZD_JPY,48,256,ctr,1105,46.244343891402714,-3.742642784457451,474,50.42194092827004,0.45297875535718285,-1242.600000000003
NZD_JPY,1,3072,ctr,93,48.38709677419355,-0.3470573706517595,40,47.5,0.4438958908540416,-853.3000000000072
GBP_JPY,48,3072,ctr,93,48.38709677419355,-0.9252539542971122,40,52.5,0.4247985860009237,-1691.700000000003
EUR_USD,1,512,ctr,554,46.75090252707581,-2.423326845750143,238,52.10084033613446,0.405701281147751,-936.0000000000034
EUR_GBP,1,3072,trd,93,55.91397849462365,0.9921757772750097,40,52.5,0.397317098529399,-276.5000000000006
GBP_USD,48,3072,ctr,93,52.68817204301075,0.5233246722453415,40,50.0,0.3584238069382996,-838.5999999999983
USD_JPY,48,3072,trd,93,50.53763440860215,3.686476254458163,40,52.5,0.35586197336041425,-2067.400000000006
GBP_JPY,1,256,ctr,1105,47.782805429864254,-0.5948274533435689,474,50.0,0.2692254196365468,-2490.100000000024
EUR_USD,12,3072,ctr,93,50.53763440860215,-0.7477916201503427,40,57.49999999999999,0.2347571133163301,-780.6999999999986
EUR_JPY,12,256,ctr,1105,47.873303167420815,-1.8473211551191306,474,51.47679324894515,0.22846897635240246,-1169.7999999999724
AUD_USD,1,256,trd,1105,49.321266968325794,0.21052490145152003,474,48.31223628691983,0.19469935191731894,-900.9999999999426
NZD_USD,12,3072,ctr,93,54.83870967741935,0.31847617542161283,40,52.5,0.15790210598057686,-538.2000000000064
CAD_JPY,48,3072,trd,93,48.38709677419355,0.18901431549414735,40,45.0,0.12226932985225786,-1353.600000000003
GBP_USD,48,512,ctr,554,48.55595667870036,0.4366848121399748,238,48.739495798319325,0.11854302646630457,-1766.399999999983
AUD_JPY,12,256,ctr,1105,47.23981900452488,-1.2326760786018152,474,45.78059071729958,0.08873259937850157,-1120.799999999973
AUD_USD,48,512,ctr,554,49.458483754512635,-1.1363763720249505,238,48.319327731092436,0.07685500733581843,-973.5999999999921
GBP_USD,1,512,ctr,554,50.722021660649816,0.6686207135025053,238,46.63865546218487,0.052866929288530935,-1478.5000000000045
GBP_USD,3,3072,ctr,93,45.16129032258064,-1.1732232090812762,40,57.49999999999999,0.0337696244353763,-782.6999999999982
EUR_GBP,48,512,ctr,554,47.65342960288809,-0.3051316452445194,238,48.739495798319325,-0.02026177466129225,-682.6999999999916
GBP_USD,12,512,ctr,554,49.81949458483754,-3.3866226696568145,238,47.05882352941176,-0.04424985270844313,-1348.800000000012
AUD_JPY,48,3072,ctr,93,45.16129032258064,0.6112591509499535,40,47.5,-0.09082864503309385,-1379.6000000000024
USD_JPY,3,256,ctr,1105,49.140271493212666,-0.9859018563709222,474,49.57805907172996,-0.11737855665816703,-1937.6000000000085
AUD_JPY,1,512,ctr,554,47.65342960288809,-0.11253223209078357,238,52.52100840336135,-0.12017328419758165,-1558.8999999999837
CAD_JPY,1,3072,trd,93,47.31182795698925,-0.04331993005266229,40,47.5,-0.1744375772558473,-961.8999999999985
NZD_USD,12,256,trd,1105,49.86425339366516,-0.773285647951519,474,49.789029535864984,-0.18445201760606275,-1202.6000000001052
GBP_USD,3,256,ctr,1105,46.69683257918552,-5.006688467580155,474,48.52320675105485,-0.247100493282303,-2038.1999999999769
USD_JPY,12,256,ctr,1105,47.23981900452488,-4.386566158527712,474,47.257383966244724,-0.2564162517472228,-1943.999999999991
CAD_JPY,12,512,trd,554,48.014440433213,1.0140847074166806,238,49.159663865546214,-0.2699241015213967,-1758.9999999999823
NZD_JPY,48,3072,ctr,93,51.61290322580645,0.6639401693357898,40,52.5,-0.2717872532144154,-885.6000000000039
NZD_JPY,48,512,trd,554,47.292418772563174,-0.3552234264317944,238,49.57983193277311,-0.28739114864317356,-1501.2999999999965
CHF_JPY,1,512,trd,554,46.931407942238266,-2.6497855145773683,238,49.159663865546214,-0.2995016346476314,-2126.800000000032
NZD_JPY,48,3072,trd,93,48.38709677419355,-1.1224343255713005,40,42.5,-0.30788581726603825,-1163.4000000000071
AUD_JPY,48,256,ctr,1105,45.339366515837106,-2.5594609707663007,474,47.257383966244724,-0.3090502870741272,-1380.0999999999917
USD_JPY,1,256,ctr,1105,47.601809954751126,-1.0367903259269617,474,47.257383966244724,-0.31137922669035145,-1763.999999999996
CAD_JPY,1,3072,ctr,93,50.53763440860215,-0.3783273891265378,40,50.0,-0.3442172752792552,-964.2999999999959
AUD_JPY,48,3072,trd,93,54.83870967741935,-0.9795283494205685,40,52.5,-0.3768224299065674,-1898.300000000011
GBP_USD,12,64,ctr,4368,46.38278388278388,-9.748478052539266,1872,47.80982905982906,-0.37915136952235357,-1787.2999999999317
CHF_JPY,48,3072,ctr,93,48.38709677419355,-0.4203527005799579,40,50.0,-0.3856724004482103,-2173.799999999997
NZD_USD,12,512,ctr,554,52.166064981949454,-0.1938940317529934,238,49.57983193277311,-0.42433279807789004,-1074.700000000033
GBP_USD,3,3072,trd,93,54.83870967741935,0.7859330758059532,40,40.0,-0.4271275256172071,-760.9000000000021
NZD_USD,1,256,trd,1105,49.411764705882355,-0.5058971141783335,474,49.57805907172996,-0.4343472384278851,-794.300000000118
NZD_USD,12,3072,trd,93,45.16129032258064,-0.679973522757585,40,47.5,-0.4515813915876587,-597.5000000000041
EUR_GBP,1,512,ctr,554,46.02888086642599,-2.011837303273189,238,47.05882352941176,-0.4792957730209125,-695.8000000000175
CHF_JPY,48,3072,trd,93,50.53763440860215,-0.14549521334930038,40,50.0,-0.4809260307522145,-2491.900000000021
EUR_USD,12,3072,trd,93,47.31182795698925,0.4340955749414889,40,42.5,-0.5393824151196827,-1098.0000000000168
EUR_GBP,12,512,trd,554,48.375451263537904,-0.06662306483967471,238,50.84033613445378,-0.5493968554694758,-966.400000000005
NZD_JPY,1,512,ctr,554,47.47292418772563,0.19897292010394482,238,47.89915966386555,-0.5901532987534475,-1512.5
EUR_USD,3,512,ctr,554,47.47292418772563,-2.7075454213141135,238,51.68067226890757,-0.6055243002207888,-1056.2000000000403
GBP_JPY,3,256,ctr,1105,46.425339366515836,-4.887981900631268,474,49.57805907172996,-0.6115795432228823,-2254.699999999997
CAD_JPY,48,3072,ctr,93,50.53763440860215,-0.6078732253825977,40,52.5,-0.64092418238736,-1026.0000000000007
EUR_GBP,1,3072,ctr,93,43.01075268817204,-1.3002950039024328,40,47.5,-0.6774885343622706,-541.0999999999976
EUR_USD,48,64,ctr,4367,47.62995191206778,-3.945698732451174,1872,47.756410256410255,-0.6835437773644838,-1216.599999999919
EUR_GBP,3,512,ctr,554,47.292418772563174,-0.8560416522590445,238,43.69747899159664,-0.6842424592494122,-840.2000000000065
USD_JPY,48,3072,ctr,93,48.38709677419355,-4.017101927503759,40,45.0,-0.7054358097570613,-1891.300000000001
GBP_USD,48,3072,trd,93,47.31182795698925,-0.8926893172230417,40,47.5,-0.7517817081201308,-849.6000000000015
NZD_USD,48,512,trd,554,50.18050541516246,-0.9691714006264338,238,47.89915966386555,-0.8032512736390469,-1027.100000000064
EUR_GBP,3,256,trd,1105,44.25339366515837,-3.9297649650758393,474,45.358649789029535,-0.8221156845304094,-963.9000000000331
NZD_JPY,1,256,ctr,1105,46.15384615384615,-4.114497080587606,474,50.0,-0.8279380335711121,-1785.6000000000195
GBP_USD,1,128,ctr,2201,47.61472058155384,-4.62497515288615,944,47.24576271186441,-0.8565839908503979,-1870.6999999999405
EUR_GBP,48,256,trd,1105,43.710407239819006,-3.5662758968178996,474,45.56962025316456,-0.8696260527016981,-834.100000000052
EUR_USD,3,3072,trd,93,55.91397849462365,1.6916681650678318,40,50.0,-0.8968746462114413,-1241.5000000000043
CAD_JPY,3,256,ctr,1105,46.9683257918552,-1.3495900967209071,474,46.62447257383967,-0.9017654194054067,-1582.2999999999952
AUD_USD,48,128,ctr,2201,48.20536119945479,-2.7927910767737276,944,49.47033898305085,-0.9355350438404816,-1270.4999999998477
CAD_JPY,3,512,ctr,554,45.667870036101085,-6.042881277230526,238,49.159663865546214,-0.9404258170348864,-2173.1999999999825
GBP_JPY,12,512,ctr,554,49.09747292418773,-1.9886337545322912,238,50.84033613445378,-0.955796818502227,-2038.2000000000091
AUD_USD,12,128,ctr,2201,46.97864606996819,-2.9992329503351276,944,47.563559322033896,-0.973263865623506,-1739.7999999999251
GBP_USD,3,512,ctr,554,48.55595667870036,-4.667697566662337,238,46.21848739495798,-1.0121571572148844,-1129.099999999963
NZD_JPY,1,3072,trd,93,50.53763440860215,-0.09102164613363029,40,47.5,-1.0235689613344954,-817.8000000000054
EUR_GBP,3,3072,ctr,93,49.46236559139785,0.5025111886108373,40,42.5,-1.0286926284902467,-728.9000000000057
AUD_JPY,12,512,trd,554,46.57039711191336,-2.2826117626137172,238,50.42016806722689,-1.0338162956459582,-1812.7000000000053
EUR_GBP,1,256,ctr,1105,48.86877828054298,-0.5067933885931679,474,48.52320675105485,-1.0366110231855272,-858.7000000000156
CAD_JPY,48,512,ctr,554,48.014440433213,-3.00590521542403,238,51.68067226890757,-1.065489874426613,-1001.7999999999895
GBP_USD,12,256,trd,1105,50.2262443438914,-0.6048856439995158,474,48.10126582278481,-1.0668872381963,-1412.9999999999932
NZD_USD,48,512,ctr,554,46.75090252707581,-1.17123148815938,238,47.89915966386555,-1.093204255860116,-1040.9000000000665
NZD_JPY,12,256,ctr,1105,47.05882352941176,-2.8345176300891097,474,48.10126582278481,-1.1211515312548506,-1043.2000000000212
NZD_USD,48,3072,trd,93,45.16129032258064,0.3546259101551992,40,50.0,-1.1276725621801829,-909.600000000007
CAD_JPY,48,128,trd,2201,46.524307133121305,-4.003259467095968,944,50.529661016949156,-1.1535237919201875,-1149.6999999999898
EUR_USD,12,64,ctr,4368,46.38278388278388,-5.520253707307476,1872,48.29059829059829,-1.155154049651582,-1149.2999999999115
EUR_GBP,3,512,trd,554,48.194945848375454,-1.021752832966195,238,50.42016806722689,-1.159113246999331,-735.7999999999998
GBP_JPY,48,3072,trd,93,51.61290322580645,0.32494926841797106,40,45.0,-1.1872934163556679,-3106.5999999999913
EUR_JPY,1,3072,ctr,93,50.53763440860215,-2.943166006382197,40,42.5,-1.2012670540531476,-1913.900000000018
NZD_JPY,1,128,ctr,2201,47.751022262607904,-3.463303925152308,944,49.36440677966102,-1.2014999480146065,-1364.7999999999402
CAD_JPY,1,512,ctr,554,49.458483754512635,-2.097282130825248,238,51.68067226890757,-1.2506405739171216,-1623.9999999999511
EUR_JPY,48,3072,ctr,93,51.61290322580645,1.7060085557059506,40,60.0,-1.251572149763801,-2151.1
GBP_USD,12,128,ctr,2201,46.84234438891413,-3.2269862377615857,944,47.88135593220339,-1.261120802190202,-2174.7999999999697
EUR_JPY,3,512,trd,554,50.54151624548736,2.843878718422486,238,53.78151260504202,-1.262751059921674,-2318.3999999999883
CHF_JPY,48,256,ctr,1105,47.511312217194565,-2.914883569290318,474,49.57805907172996,-1.270669454617025,-1896.400000000029
EUR_GBP,12,512,ctr,554,48.91696750902527,-1.8207316808109484,238,43.27731092436975,-1.2939588507792672,-1091.800000000005
EUR_USD,48,256,ctr,1105,45.61085972850679,-2.4751115897212013,474,49.789029535864984,-1.302575927359358,-1443.6000000000072
EUR_USD,3,512,trd,554,49.63898916967509,0.9824163447574669,238,44.957983193277315,-1.3274955812530624,-1125.9000000000178
GBP_USD,48,128,ctr,2201,47.069513857337576,-4.925625426056169,944,50.317796610169495,-1.3302903087923796,-1289.599999999981
GBP_USD,12,3072,ctr,93,47.31182795698925,-0.09490550193144742,40,50.0,-1.3447297344130735,-1356.1
EUR_GBP,1,512,trd,554,50.722021660649816,0.14330432033504667,238,47.05882352941176,-1.3640599332278307,-589.3000000000048
NZD_JPY,12,512,ctr,554,50.54151624548736,-0.662745136782565,238,46.21848739495798,-1.3836230260041564,-923.6000000000004
GBP_JPY,3,3072,ctr,93,47.31182795698925,-1.4980728914531833,40,50.0,-1.3875822233517845,-2484.6000000000117
AUD_USD,12,256,trd,1105,49.23076923076923,-2.9615894249101964,474,47.04641350210971,-1.4206531659020905,-1430.399999999949
AUD_USD,48,256,ctr,1105,48.32579185520362,-0.7719910293520102,474,48.52320675105485,-1.4465043956422061,-907.3999999999272
NZD_USD,12,512,trd,554,45.12635379061371,-1.8157523785061198,238,46.21848739495798,-1.472122731421273,-1409.5000000000757
GBP_USD,48,256,ctr,1105,45.97285067873303,-4.886786868078111,474,48.52320675105485,-1.480041126116182,-1382.4999999999573
GBP_USD,3,512,trd,554,48.91696750902527,2.372836720378618,238,51.68067226890757,-1.5897341820408468,-1350.4000000000265
EUR_GBP,3,128,ctr,2201,44.70695138573376,-3.9771679230186767,944,46.186440677966104,-1.6141880480115463,-1088.8000000000525
EUR_GBP,12,256,ctr,1105,48.959276018099544,-0.4457471423350955,474,46.835443037974684,-1.6430668992527429,-972.7000000000683
NZD_USD,48,256,ctr,1105,47.420814479638004,-1.3552665013486698,474,47.89029535864979,-1.6446971569842312,-1009.4000000001114
AUD_USD,48,3072,trd,93,46.236559139784944,-0.8687886661594999,40,45.0,-1.6460945207536208,-849.4999999999784
EUR_USD,3,128,trd,2201,46.706042707860064,-4.538833223011397,944,48.516949152542374,-1.6486563543313089,-1443.3999999999098
EUR_JPY,12,512,ctr,554,48.91696750902527,-3.612085478022823,238,48.319327731092436,-1.6528484456407893,-1277.2999999999738
AUD_JPY,12,128,ctr,2201,48.114493412085416,-5.8694023849275805,944,48.728813559322035,-1.664493143722071,-2327.0000000000487
EUR_JPY,12,512,trd,554,49.458483754512635,1.236659520445769,238,50.0,-1.675904947841456,-2390.8000000000075
AUD_USD,48,512,trd,554,47.833935018050546,-0.5386609233443312,238,48.739495798319325,-1.6782338874575917,-1594.5999999999615
GBP_JPY,1,512,trd,554,48.55595667870036,-2.3691520366729333,238,50.42016806722689,-1.681028614997141,-2165.0999999999676
CAD_JPY,3,3072,trd,93,44.086021505376344,-1.3515818176429257,40,40.0,-1.7199219065882334,-1198.099999999998
AUD_USD,12,3072,trd,93,41.935483870967744,-0.8754609312480864,40,45.0,-1.7434441967121623,-939.2999999999784
AUD_USD,48,256,trd,1105,48.68778280542986,-2.4492192177356746,474,47.04641350210971,-1.7469376061364343,-1231.0999999999542
CAD_JPY,12,256,ctr,1105,46.244343891402714,-4.088305950463786,474,46.41350210970464,-1.7546231068700828,-1449.8999999999824
AUD_USD,12,256,ctr,1105,47.601809954751126,-0.2849156778863939,474,48.52320675105485,-1.77278883587655,-1822.7999999999354
NZD_JPY,12,3072,trd,93,48.38709677419355,0.14350349242732843,40,37.5,-1.7760493513395013,-1363.000000000011
EUR_JPY,3,3072,trd,93,51.61290322580645,0.3596052124601116,40,47.5,-1.7942150803460812,-2090.6999999999925
EUR_GBP,12,256,trd,1105,44.25339366515837,-3.3952866556675256,474,44.72573839662447,-1.8165729006620426,-823.8000000000429
EUR_GBP,12,3072,trd,93,50.53763440860215,-0.7088534761260361,40,45.0,-1.8216965678176553,-1095.4999999999934
EUR_GBP,48,512,trd,554,47.65342960288809,-1.6935602999437263,238,45.378151260504204,-1.8230939315874508,-1078.9000000000106
AUD_JPY,3,256,ctr,1105,49.049773755656105,-2.340570841442722,474,47.89029535864979,-1.8326425840140026,-2692.2000000000335
NZD_USD,48,256,trd,1105,48.1447963800905,-2.650781375038384,474,47.89029535864979,-1.8496438432128084,-1048.0000000001348
AUD_JPY,12,512,ctr,554,51.26353790613718,0.06054831602763093,238,48.319327731092436,-1.8594253896006332,-1115.0000000000105
GBP_JPY,48,512,trd,554,52.166064981949454,2.823463578972359,238,51.26050420168067,-1.866412208449201,-2712.899999999937
CHF_JPY,12,3072,ctr,93,49.46236559139785,0.8183981268339019,40,42.5,-1.8687411480655776,-2277.1999999999966
CAD_JPY,1,512,trd,554,47.65342960288809,-0.324152580049136,238,45.378151260504204,-1.879454270300199,-1057.799999999995
EUR_GBP,48,3072,trd,93,61.29032258064516,0.9371046937827898,40,42.5,-1.9414040640920478,-1002.1999999999987
CAD_JPY,12,3072,ctr,93,52.68817204301075,1.471184659006696,40,45.0,-1.9688855515635733,-1036.099999999993
NZD_JPY,3,256,ctr,1105,47.873303167420815,-3.734974658907911,474,49.57805907172996,-2.0196564351976907,-1996.4000000000256
GBP_USD,1,64,ctr,4368,45.97069597069597,-10.450659263576757,1872,46.63461538461539,-2.045973452860612,-2689.9000000000065
CAD_JPY,48,512,trd,554,49.09747292418773,0.40471769134253976,238,45.378151260504204,-2.064604969790708,-1650.499999999964
EUR_JPY,3,512,ctr,554,48.014440433213,-5.203570080716119,238,44.537815126050425,-2.0660023335605704,-2738.8999999999987
NZD_USD,3,128,trd,2201,46.06996819627442,-5.375953526512069,944,47.66949152542373,-2.132377112623998,-1198.3000000003103
CAD_JPY,3,512,trd,554,51.624548736462096,3.606010729210986,238,47.89915966386555,-2.1896690271824353,-2462.399999999963
EUR_GBP,1,128,ctr,2201,45.11585642889596,-3.599338464122611,944,48.41101694915254,-2.195957164146528,-1145.3000000000313
NZD_USD,12,128,ctr,2201,47.478418900499776,-3.3368296466080656,944,46.186440677966104,-2.216451832769965,-1637.3000000002485
EUR_USD,48,3072,trd,93,48.38709677419355,0.2400023710963643,40,37.5,-2.241371486662942,-1549.700000000018
AUD_JPY,12,3072,trd,93,39.784946236559136,-1.9551728430432909,40,45.0,-2.268852974134463,-1823.400000000005
CHF_JPY,12,512,ctr,554,47.65342960288809,-1.3484946502138877,238,50.42016806722689,-2.2856213393714424,-1234.00000000004
NZD_JPY,12,512,trd,554,47.292418772563174,-2.2034408559657876,238,47.05882352941176,-2.3119383570347525,-2140.0000000000005
NZD_USD,1,3072,trd,93,46.236559139784944,-1.6070200258844725,40,42.5,-2.3349948592354988,-1420.8000000000097
EUR_USD,1,512,trd,554,49.81949458483754,0.7129365040160989,238,44.537815126050425,-2.338721162621603,-1513.1000000000538
NZD_USD,3,512,trd,554,51.44404332129964,-0.1256775901758212,238,44.957983193277315,-2.3848341670230755,-1025.30000000009
EUR_GBP,1,256,trd,1105,44.52488687782805,-3.4828227901876865,474,43.037974683544306,-2.423028776729258,-1353.6000000000734
EUR_USD,48,256,trd,1105,50.497737556561084,-1.0360932236041582,474,45.9915611814346,-2.4316458533091323,-2117.199999999977
EUR_GBP,12,128,trd,2201,44.025442980463424,-3.8434238631089173,944,44.597457627118644,-2.4512089460857727,-1376.3000000000566
EUR_USD,1,128,trd,2201,47.79645615629259,-2.39295310169024,944,49.25847457627119,-2.455633931356415,-1490.7000000000007
AUD_USD,1,64,ctr,4368,45.83333333333333,-8.53731255989417,1872,47.59615384615385,-2.4735667664005176,-1798.6999999996706
USD_JPY,1,128,trd,2201,47.069513857337576,-2.4003224691018907,944,48.6228813559322,-2.494760116909473,-2173.3000000001452
CHF_JPY,3,512,trd,554,52.888086642599276,2.1340293818353517,238,50.0,-2.5359823481164754,-3146.3000000000293
CHF_JPY,48,512,ctr,554,43.682310469314075,-5.119121113624992,238,49.159663865546214,-2.552983607314948,-2057.7000000000317
GBP_USD,12,512,trd,554,48.194945848375454,1.070450409508086,238,50.84033613445378,-2.5576414865472876,-2203.9999999999627
AUD_USD,1,128,ctr,2201,47.25124943207633,-3.4477685019606716,944,46.92796610169492,-2.5667243510502358,-1561.3999999998305
AUD_USD,12,512,ctr,554,50.18050541516246,-0.6826623460021477,238,46.21848739495798,-2.5727795940527582,-1499.5999999999476
EUR_GBP,48,256,ctr,1105,50.588235294117645,-0.3025424080460505,474,45.9915611814346,-2.590013747213088,-1154.600000000029
EUR_GBP,3,256,ctr,1105,49.23076923076923,-0.053577292800851155,474,46.20253164556962,-2.637524115384377,-1265.000000000054
EUR_JPY,1,128,ctr,2201,47.523852794184464,-4.272639721791235,944,48.516949152542374,-2.6528951168512753,-2398.4000000000256
GBP_USD,1,512,trd,554,47.292418772563174,-2.946651517995598,238,51.26050420168067,-2.6547582685442617,-2336.9999999999977
EUR_JPY,12,3072,ctr,93,50.53763440860215,1.5834181329592316,40,52.5,-2.6836371197855824,-1926.499999999996
GBP_USD,48,512,trd,554,48.55595667870036,-2.812807872039831,238,49.159663865546214,-2.720434365722036,-2208.100000000004
AUD_JPY,1,128,ctr,2201,47.478418900499776,-1.5369114494313485,944,47.13983050847458,-2.7334764275730734,-1630.4000000000274
NZD_USD,48,128,ctr,2201,47.523852794184464,-2.8666839229790733,944,46.71610169491525,-2.735805367189945,-1463.100000000231
USD_JPY,1,3072,ctr,93,50.53763440860215,-3.36979262786632,40,40.0,-2.7588618693899454,-1736.4999999999982
AUD_USD,3,128,trd,2201,47.342117219445704,-4.117982592200752,944,47.35169491525424,-2.765848688238269,-1540.9999999998602
AUD_JPY,1,3072,trd,93,41.935483870967744,-0.6351598020134508,40,50.0,-2.77027367350947,-875.6000000000031
AUD_JPY,1,512,trd,554,49.09747292418773,-2.0690992797794343,238,46.21848739495798,-2.773068401049009,-2161.3000000000047
CAD_JPY,48,256,ctr,1105,46.78733031674208,-2.786616741916,474,46.835443037974684,-2.7898367662857204,-1632.0999999999717
AUD_USD,3,3072,trd,93,44.086021505376344,-1.2765935249310787,40,32.5,-2.8038104039831953,-1533.9999999999868
EUR_JPY,3,256,ctr,1105,47.873303167420815,-3.4152038648870597,474,48.52320675105485,-2.8450326351905972,-2777.6000000000154
CAD_JPY,12,512,ctr,554,49.458483754512635,-3.5237526551338556,238,47.89915966386555,-2.860170742695923,-1153.2999999999395
AUD_USD,1,512,trd,554,45.667870036101085,-3.4895946413222005,238,46.63865546218487,-2.8755417441630913,-1630.3999999999673
GBP_JPY,48,512,ctr,554,46.02888086642599,-6.605542437684556,238,46.21848739495798,-2.8902140637455855,-1601.7000000000392
CHF_JPY,48,512,trd,554,53.24909747292419,1.5560319702822736,238,47.47899159663865,-2.9041877014429054,-2349.8000000000075
NZD_USD,3,3072,trd,93,43.01075268817204,-1.1408577440994214,40,35.0,-2.9142021417927255,-1643.2000000000157
CHF_JPY,3,512,ctr,554,43.32129963898917,-5.468269791244731,238,46.63865546218487,-2.9211889606413783,-3354.400000000018
EUR_USD,1,3072,trd,93,51.61290322580645,-0.9805242098815325,40,45.0,-2.9526296454605863,-1936.2000000000212
CAD_JPY,1,128,ctr,2201,46.06996819627442,-5.651010185834495,944,46.92796610169492,-2.9880295276271713,-2172.1999999999507
USD_JPY,48,128,trd,2201,49.750113584734216,-2.1214815400274536,944,50.529661016949156,-3.0199360003696762,-2466.199999999972
USD_JPY,3,3072,ctr,93,52.68817204301075,-1.8763006945336433,40,47.5,-3.030183334681112,-2715.0999999999954
AUD_USD,12,64,ctr,4368,46.61172161172161,-5.646628399805758,1872,47.38247863247863,-3.056966140267002,-1574.3999999998014
NZD_USD,1,256,ctr,1105,45.70135746606335,-3.5385909760026193,474,46.20253164556962,-3.0599937617691544,-1505.900000000108
GBP_JPY,1,512,ctr,554,49.458483754512635,-1.2260038135132911,238,47.05882352941176,-3.0755976571976458,-2911.0999999999854
NZD_JPY,1,512,trd,554,50.18050541516246,-2.947249034272234,238,45.378151260504204,-3.1054080842854606,-1641.2000000000016
USD_JPY,12,128,ctr,2201,48.47796456156293,-5.608287772058887,944,46.50423728813559,-3.1112304333262695,-3814.6000000000386
AUD_USD,48,64,ctr,4367,46.94298145179757,-5.225379424810912,1872,48.13034188034188,-3.1482605732233395,-1659.1999999997888
CHF_JPY,12,512,trd,554,49.63898916967509,-2.054260958910871,238,46.21848739495798,-3.1715499693864113,-3133.3999999999905
GBP_USD,48,256,trd,1105,50.85972850678733,0.267388533773255,474,47.67932489451477,-3.173646015041029,-2155.4000000000215
AUD_USD,3,512,trd,554,51.08303249097473,0.3160861103153421,238,44.957983193277315,-3.18924991046975,-1544.0999999999694
NZD_USD,1,128,trd,2201,46.61517492049069,-4.266465386933511,944,47.98728813559322,-3.2334997631790587,-1598.400000000304
CAD_JPY,48,256,trd,1105,49.502262443438916,-2.2116069117458457,474,48.31223628691983,-3.3080258308975607,-1914.799999999935
NZD_USD,12,256,ctr,1105,45.88235294117647,-3.2248949307937402,474,45.9915611814346,-3.3098889825909765,-2409.100000000092
AUD_JPY,48,128,trd,2201,45.842798727850976,-4.885591835524867,944,49.36440677966102,-3.3357402123310185,-2287.8000000000557
NZD_JPY,3,128,ctr,2201,47.114947751022264,-4.552675683419089,944,47.88135593220339,-3.3683453669580885,-2640.2999999999633
AUD_USD,1,256,ctr,1105,46.244343891402714,-3.4606151019075666,474,47.257383966244724,-3.3881413536959593,-1604.6999999999168
NZD_JPY,48,512,ctr,554,48.194945848375454,-2.748674458352633,238,43.69747899159664,-3.4081702343957345,-1824.099999999989
CHF_JPY,3,3072,trd,93,45.16129032258064,1.3979889151246039,40,50.0,-3.4081702343957945,-2523.9000000000174
AUD_USD,3,64,ctr,4368,45.81043956043956,-8.272015333088973,1872,46.68803418803419,-3.425171493593375,-1741.9999999997697
EUR_USD,1,64,ctr,4368,47.069597069597066,-7.553103666307472,1872,47.22222222222222,-3.502492288853107,-2136.300000000038
EUR_JPY,3,128,trd,2201,47.02407996365289,-5.94697991483811,944,46.39830508474576,-3.522288275591127,-2444.600000000023
EUR_GBP,48,128,ctr,2201,47.296683325761016,-3.0138720991120858,944,45.44491525423729,-3.536494807250473,-1553.2000000000958
EUR_JPY,3,256,trd,1105,48.68778280542986,-1.5708702911509094,474,48.9451476793249,-3.5721275833786783,-2768.9000000000533
GBP_USD,12,256,ctr,1105,46.69683257918552,-4.005948290340601,474,48.10126582278481,-3.586799902960911,-2478.900000000012
GBP_JPY,48,64,ctr,4367,46.71399129837417,-14.264804829132634,1872,47.38247863247863,-3.6065958896993457,-3193.6000000001177
GBP_USD,1,3072,trd,93,51.61290322580645,-0.7285715132534464,40,40.0,-3.6587641371024624,-2206.0999999999976
AUD_JPY,3,3072,trd,93,45.16129032258064,-1.8636532666791823,40,45.0,-3.678560123840457,-1676.200000000007
AUD_USD,1,3072,trd,93,43.01075268817204,-2.344653869332835,40,37.5,-3.684848260804234,-2003.4999999999868
EUR_GBP,48,128,trd,2201,42.571558382553384,-4.688710222389303,944,42.902542372881356,-3.7053429294273537,-1681.5000000000914
AUD_USD,3,128,ctr,2201,48.43253066787824,-2.2873918928260597,944,46.92796610169492,-3.735619144437684,-1826.5999999998508
NZD_JPY,3,3072,trd,93,48.38709677419355,-2.486464398976486,40,37.5,-3.783362406570945,-1627.0000000000039
GBP_JPY,12,512,trd,554,49.277978339350184,-1.6453606536323186,238,46.63865546218487,-3.8008294536925593,-3575.7999999999483
USD_JPY,1,256,trd,1105,49.049773755656105,-2.9248421739002315,474,50.84388185654009,-3.813871515543779,-3010.8000000000457
CHF_JPY,12,256,ctr,1105,46.9683257918552,-4.027060532113716,474,45.78059071729958,-3.8369280177443805,-2465.299999999962
NZD_JPY,12,128,ctr,2201,47.56928668786915,-4.9309034864994725,944,49.68220338983051,-3.839955639245312,-2656.3999999999314
USD_JPY,12,256,trd,1105,49.59276018099548,0.5781965836451765,474,50.84388185654009,-3.868834490486908,-2339.8000000000793
AUD_JPY,3,256,trd,1105,47.33031674208144,-2.1869095723134357,474,47.89029535864979,-3.8716292180261704,-2619.700000000008
EUR_JPY,12,128,ctr,2201,47.523852794184464,-7.015538189470321,944,48.41101694915254,-3.876519991220091,-2659.399999999958
USD_JPY,1,512,trd,554,51.624548736462096,1.8851638526363057,238,50.0,-3.9070291001929855,-1920.3000000000118
EUR_JPY,48,128,ctr,2201,49.159472966833256,-5.4181780100574,944,47.35169491525424,-3.9328803299330337,-3157.600000000014
AUD_USD,1,128,trd,2201,48.25079509313948,-2.94306642033582,944,47.35169491525424,-3.9347434816257167,-1804.0999999998435
NZD_USD,1,128,ctr,2201,47.296683325761016,-3.6136788547606224,944,45.86864406779661,-3.977363076603939,-1973.7000000003127
USD_JPY,3,256,trd,1105,47.69230769230769,-2.9873822108497294,474,48.52320675105485,-4.007872185575963,-2566.900000000023
NZD_USD,1,64,ctr,4368,45.19230769230769,-8.547868680781681,1872,47.06196581196581,-4.063766736366825,-1919.4000000005922
NZD_USD,3,256,trd,1105,47.873303167420815,-2.8984518716842618,474,45.78059071729958,-4.073781176715584,-1795.8000000001346
EUR_USD,48,512,ctr,554,49.277978339350184,0.1326486134026658,238,48.739495798319325,-4.133402030890934,-2213.5000000000337
USD_JPY,12,3072,ctr,93,58.06451612903226,2.8754474950355333,40,37.5,-4.183474232639837,-1895.200000000003
NZD_USD,1,512,trd,554,46.02888086642599,-2.8479617463125133,238,45.79831932773109,-4.200009703915284,-1831.4000000000924
EUR_JPY,48,64,ctr,4367,45.9354247767346,-10.755093806498722,1872,47.06196581196581,-4.273371301826201,-3792.699999999949
CAD_JPY,12,256,trd,1105,49.140271493212666,-0.8672948754680195,474,48.734177215189874,-4.343239490313199,-2234.7999999999606
CHF_JPY,48,128,trd,2201,45.888232621535664,-5.767625445815591,944,50.21186440677966,-4.347664475583987,-2689.2999999999665
AUD_JPY,48,512,ctr,554,46.75090252707581,-4.115891285232965,238,45.378151260504204,-4.368857826091991,-1929.0999999999954
CHF_JPY,1,3072,ctr,93,51.61290322580645,-1.551152254023479,40,35.0,-4.376310432863946,-2857.900000000007
GBP_USD,3,256,trd,1105,49.502262443438916,0.2509568361673318,474,47.67932489451477,-4.406586647874908,-3282.7000000000253
EUR_USD,3,256,ctr,1105,46.425339366515836,-2.9230496250702873,474,47.46835443037975,-4.418930027841068,-2245.0000000000355
EUR_USD,12,256,ctr,1105,45.61085972850679,-3.3457923907567166,474,48.734177215189874,-4.462015410741397,-2963.300000000014
AUD_USD,3,256,trd,1105,47.23981900452488,-2.5663324079469834,474,42.616033755274266,-4.472262745052536,-2143.0999999999194
NZD_USD,48,128,trd,2201,45.61562925942753,-5.123004969423047,944,47.13983050847458,-4.475057472593051,-2206.600000000331
USD_JPY,12,64,trd,4368,45.90201465201465,-7.8632146138576315,1872,49.03846153846153,-4.479482457863974,-2830.4000000003307
NZD_JPY,3,512,ctr,554,45.48736462093863,-3.4629055809679645,238,44.537815126050425,-4.50556658156486,-2390.100000000001
GBP_USD,3,128,trd,2201,47.342117219445704,-6.240161234550756,944,45.233050847457626,-4.689785705208696,-2936.7999999998956
EUR_GBP,48,64,ctr,4367,43.78291733455462,-6.83548661812547,1872,42.52136752136752,-4.783641971743606,-2127.800000000209
EUR_GBP,12,128,ctr,2201,45.70649704679691,-3.721729714777092,944,43.75,-4.790628790592053,-2165.500000000034
EUR_JPY,1,512,trd,554,53.24909747292419,3.6605838824727233,238,47.47899159663865,-4.825329990873691,-2659.3999999999896
CHF_JPY,3,256,trd,1105,47.420814479638004,-2.2861968602734444,474,47.46835443037975,-4.827891824451845,-3364.5000000001073
EUR_USD,12,512,ctr,554,50.722021660649816,-0.51027890020653,238,43.69747899159664,-4.917555999676618,-2712.8000000000343
CHF_JPY,1,256,ctr,1105,48.5972850678733,-2.003870419585463,474,49.36708860759494,-4.973450550466119,-3539.700000000023
CAD_JPY,12,128,trd,2201,47.114947751022264,-2.8091231883342394,944,47.88135593220339,-4.97764264177523,-2600.099999999945
NZD_USD,12,128,trd,2201,46.297137664697864,-4.619199162212874,944,47.66949152542373,-4.994411007013034,-2324.60000000033
NZD_JPY,3,256,trd,1105,47.873303167420815,-2.1343281399737486,474,46.62447257383967,-5.007918856786423,-2671.899999999986
EUR_USD,1,128,ctr,2201,46.887778282598816,-4.520409804483391,944,45.97457627118644,-5.0451818906458525,-2327.899999999867
EUR_GBP,1,128,trd,2201,45.02498864152658,-4.022280401901087,944,39.936440677966104,-5.045880572531299,-2154.700000000133
GBP_USD,48,64,ctr,4367,45.52324250057247,-8.543088550568175,1872,46.955128205128204,-5.067539710961305,-2325.099999999917
NZD_USD,3,128,ctr,2201,47.478418900499776,-2.532473152273939,944,46.186440677966104,-5.078485727158999,-2354.3000000002967
GBP_USD,3,128,ctr,2201,47.751022262607904,-2.883016034538776,944,49.36440677966102,-5.129256610792114,-2600.2999999999915
USD_JPY,12,128,trd,2201,47.20581553839164,-2.1057469447439168,944,50.317796610169495,-5.157203886187053,-2975.3000000000593
CHF_JPY,1,512,ctr,554,49.277978339350184,-0.6180310020845992,238,47.47899159663865,-5.157669674110223,-2950.2000000000153
CAD_JPY,3,256,trd,1105,47.511312217194565,-3.8810673885337224,474,48.52320675105485,-5.196097177777874,-3004.7999999999333
USD_JPY,48,128,ctr,2201,45.38845979100409,-5.5865780140094285,944,46.29237288135593,-5.248498319143647,-4034.4000000001106
GBP_JPY,12,128,trd,2201,47.069513857337576,-4.683631334037959,944,47.13983050847458,-5.280404791885819,-2904.100000000071
USD_JPY,48,256,trd,1105,47.782805429864254,-4.126248234027322,474,46.835443037974684,-5.3053244457794815,-3067.1000000000354
USD_JPY,1,64,ctr,4368,47.413003663003664,-9.27275551032952,1872,47.863247863247864,-5.34468352529468,-3878.100000000274
EUR_JPY,48,512,ctr,554,46.02888086642599,-2.10734032148114,238,44.537815126050425,-5.381247877268492,-2133.699999999972
AUD_JPY,3,512,ctr,554,46.3898916967509,-3.912038648870223,238,47.47899159663865,-5.387303120270755,-2899.9999999999864
AUD_JPY,48,256,trd,1105,50.95022624434389,-1.8467236388424944,474,48.52320675105485,-5.395221514966044,-3005.00000000003
NZD_JPY,48,128,trd,2201,45.433893684688776,-7.332918918384917,944,48.19915254237288,-5.465555491376155,-2615.299999999961
AUD_USD,12,128,trd,2201,47.97819173103135,-3.3202983629552683,944,46.71610169491525,-5.528203967052447,-2527.099999999819
AUD_USD,48,128,trd,2201,47.61472058155384,-3.651421966231361,944,44.809322033898304,-5.565932788835472,-2477.5999999998344
GBP_JPY,12,3072,trd,93,48.38709677419355,-4.5793647437733815,40,35.0,-5.597140579693392,-4674.300000000008
EUR_GBP,3,128,trd,2201,45.61562925942753,-3.627820073306633,944,42.16101694915254,-5.62764968866628,-2462.0000000000923
CHF_JPY,1,256,trd,1105,46.244343891402714,-5.054788527845633,474,44.72573839662447,-5.690531058304633,-2953.6000000001286
NZD_USD,3,64,ctr,4368,45.16941391941392,-8.305077900394656,1872,45.993589743589745,-5.696353407346229,-2647.7000000005396
AUD_JPY,3,128,trd,2201,46.251703771013176,-6.3633491735739796,944,47.77542372881356,-5.701477074500684,-2570.500000000057
USD_JPY,1,128,ctr,2201,47.88732394366197,-5.3258617453247075,944,48.19915254237288,-5.77367420260385,-3354.2000000000016
AUD_JPY,12,256,trd,1105,48.68778280542986,-3.1307861172309273,474,50.0,-5.793004401418672,-2885.0000000000377
CHF_JPY,3,256,ctr,1105,46.9683257918552,-4.872247305347905,474,46.62447257383967,-5.83608978431891,-3040.4999999999936
EUR_USD,3,128,ctr,2201,48.20536119945479,-2.353517027435408,944,46.71610169491525,-5.85215946767096,-2611.2000000000025
CAD_JPY,3,128,trd,2201,47.38755111313039,-4.245651903298696,944,47.66949152542373,-5.87544886383315,-2859.199999999948
AUD_JPY,3,128,ctr,2201,47.751022262607904,-2.377716436637263,944,45.97457627118644,-5.902231669420071,-2865.100000000038
NZD_JPY,12,256,trd,1105,49.321266968325794,-2.814700006915709,474,48.10126582278481,-5.906423760729264,-2889.6000000000313
EUR_GBP,1,64,trd,4368,40.705128205128204,-9.11461286912583,1872,41.82692307692308,-6.056174578053622,-2650.900000000271
EUR_USD,1,256,ctr,1105,49.59276018099548,-1.9963018800816874,474,46.62447257383967,-6.1970754248352184,-2905.2000000000585
NZD_JPY,1,256,trd,1105,49.321266968325794,-1.6689625465575084,474,46.20253164556962,-6.199637258413001,-3353.70000000001
USD_JPY,12,512,ctr,554,47.292418772563174,-4.029351011173918,238,50.42016806722689,-6.292329055139151,-2959.000000000029
USD_JPY,3,64,ctr,4368,47.68772893772894,-7.166908979539823,1872,48.07692307692308,-6.352182803277195,-3440.50000000037
GBP_USD,3,64,ctr,4368,45.58150183150183,-12.712656714648183,1872,45.4059829059829,-6.395501080137711,-3284.3999999999614
NZD_USD,12,64,ctr,4368,45.05494505494506,-7.296669597605565,1872,45.56623931623932,-6.405515520489379,-2962.600000000559
CAD_JPY,3,128,ctr,2201,46.79691049522944,-5.830464240903215,944,45.76271186440678,-6.518236197913575,-3175.099999999932
NZD_USD,48,64,ctr,4367,45.91252576139226,-6.37460239678359,1872,46.047008547008545,-6.549211094811049,-2843.000000000638
EUR_GBP,12,64,ctr,4368,44.001831501831504,-5.843510012942667,1872,42.2008547008547,-6.616983237642398,-2870.600000000188
EUR_JPY,12,256,trd,1105,49.502262443438916,-2.8733561880673086,474,45.9915611814346,-6.645629194921677,-3546.900000000021
GBP_JPY,3,512,ctr,554,45.12635379061371,-8.065374287436008,238,48.739495798319325,-6.77465244966092,-5429.699999999986
CHF_JPY,12,256,trd,1105,48.5972850678733,-2.7757618628915686,474,48.31223628691983,-6.827053591026373,-3246.0000000000828
AUD_JPY,3,64,ctr,4368,45.92490842490842,-9.050379869391826,1872,46.58119658119658,-6.865713988655415,-3222.7999999998906
EUR_JPY,12,64,ctr,4368,47.09249084249084,-9.283411217261408,1872,47.32905982905983,-6.964926816307015,-3137.3999999999214
EUR_GBP,3,64,ctr,4368,43.17765567765568,-7.279739969768993,1872,41.29273504273504,-6.989613576239793,-3048.3000000002266
EUR_GBP,3,64,trd,4368,41.59798534798535,-7.894484632332313,1872,40.97222222222222,-7.033164747063412,-3040.4000000002443
CHF_JPY,3,128,trd,2201,46.97864606996819,-6.001752240192238,944,46.29237288135593,-7.083935630696811,-4041.3000000000384
GBP_JPY,48,128,trd,2201,47.523852794184464,-4.961974332881988,944,48.41101694915254,-7.125856543788879,-3432.099999999984
GBP_USD,1,256,ctr,1105,48.23529411764706,-2.567228682361809,474,45.358649789029535,-7.169640608574003,-3486.3999999999583
GBP_JPY,1,3072,ctr,93,44.086021505376344,-2.827845365000612,40,37.5,-7.2627981932234205,-4030.2999999999965
EUR_USD,3,64,trd,4368,44.29945054945055,-6.860283543603412,1872,46.36752136752137,-7.296334923697261,-3170.4000000000265
USD_JPY,48,64,ctr,4367,46.18731394550034,-8.477063002005647,1872,46.52777777777778,-7.361312338991127,-3508.9000000004403
NZD_USD,48,64,trd,4367,44.99656514769865,-9.429404360841822,1872,44.177350427350426,-7.377149128381752,-3540.100000000475
AUD_JPY,1,64,ctr,4368,46.47435897435898,-9.360988747171811,1872,46.47435897435898,-7.377847810265045,-3735.699999999872
EUR_JPY,3,64,ctr,4368,46.81776556776557,-9.712527489898108,1872,46.20726495726496,-7.405562191698293,-3694.5999999999062
EUR_GBP,12,64,trd,4368,40.315934065934066,-9.363279226232677,1872,40.06410256410257,-7.405795085660807,-3208.000000000278
CAD_JPY,12,128,ctr,2201,46.660608814175376,-7.144004188936693,944,45.55084745762712,-7.416042419971498,-3662.2999999999583
EUR_USD,3,64,ctr,4368,47.34432234432234,-6.9045993341170275,1872,45.56623931623932,-7.440729179903594,-3332.900000000002
USD_JPY,48,512,ctr,554,45.48736462093863,-5.194706922613464,238,49.159663865546214,-7.4779922137635335,-3815.9000000000465
NZD_JPY,48,256,trd,1105,49.59276018099548,-1.9970985684505835,474,45.78059071729958,-7.480554047341297,-3468.7000000000244
NZD_USD,12,64,trd,4368,45.42124542124542,-8.497577727502264,1872,44.65811965811966,-7.520844702703422,-3296.90000000054
AUD_USD,48,32,ctr,8602,44.85003487561032,-13.098851401415528,3687,45.077298616761595,-7.628208819008719,-3523.199999999278
GBP_JPY,3,128,ctr,2201,46.569741026806,-8.734194173030494,944,45.76271186440678,-7.688994142994428,-4640.500000000133
AUD_JPY,48,64,ctr,4367,46.21021296084268,-8.074735375769224,1872,46.47435897435898,-7.772370181255229,-3422.399999999976
EUR_GBP,1,64,ctr,4368,43.223443223443226,-6.0497527144117935,1872,40.43803418803419,-7.966603745249582,-3465.0000000001987
EUR_USD,12,128,trd,2201,48.159927305770104,-4.901426016854458,944,46.71610169491525,-8.03460878204303,-3614.599999999966
CAD_JPY,1,256,trd,1105,48.50678733031674,-3.2477997213961114,474,47.04641350210971,-8.080488892482801,-4179.8999999999505
USD_JPY,3,512,trd,554,52.52707581227437,5.0453278534662,238,47.05882352941176,-8.098421727528086,-4038.9000000000515
AUD_JPY,1,256,trd,1105,48.77828054298642,-2.4418498503244814,474,44.72573839662447,-8.18692143294485,-4113.900000000014
NZD_USD,3,64,trd,4368,45.12362637362637,-7.3990440529945225,1872,44.230769230769226,-8.23000681584657,-3550.600000000628
GBP_JPY,3,256,trd,1105,49.86425339366516,-2.6555615052509163,474,47.89029535864979,-8.232102861499904,-5191.7000000000935
AUD_JPY,48,128,ctr,2201,49.432076328941385,-3.9049680395972692,944,44.38559322033898,-8.267968531589737,-4130.900000000019
EUR_JPY,1,64,ctr,4368,47.61904761904761,-8.801613926239087,1872,46.47435897435898,-8.46802444462419,-5462.800000000002
GBP_USD,48,128,trd,2201,46.97864606996819,-4.320042679733908,944,44.27966101694915,-8.488752007208431,-4080.499999999915
GBP_USD,12,128,trd,2201,47.523852794184464,-5.916008654501504,944,46.71610169491525,-8.557921513810607,-3840.8999999999314
EUR_USD,48,128,trd,2201,46.569741026806,-4.316059237890129,944,45.97457627118644,-8.698356572669361,-3919.099999999893
EUR_JPY,48,256,trd,1105,49.86425339366516,0.3276380916625875,474,44.936708860759495,-8.737482758222336,-4343.400000000002
NZD_JPY,48,128,ctr,2201,48.06905951840073,-4.0515586994536,944,45.233050847457626,-8.83739426775869,-3859.6999999999834
AUD_JPY,1,128,trd,2201,46.79691049522944,-7.171489937659869,944,46.61016949152542,-8.870232316347682,-3870.0000000000205
EUR_JPY,48,128,trd,2201,46.887778282598816,-4.151443503689838,944,47.03389830508475,-8.906563774360816,-4577.500000000008
GBP_USD,1,128,trd,2201,47.296683325761016,-4.58653493909244,944,47.35169491525424,-8.962458325150411,-4047.999999999965
EUR_JPY,12,128,trd,2201,47.932757837346664,-2.4977176221853457,944,45.97457627118644,-8.962924113073758,-4318.600000000015
USD_JPY,48,64,trd,4367,47.37806274330204,-6.789776622966749,1872,48.18376068376068,-9.0097357993608,-5307.900000000209
GBP_JPY,1,256,trd,1105,48.23529411764706,-6.90201009691859,474,47.46835443037975,-9.112907824359334,-4804.700000000106
AUD_USD,3,64,trd,4368,46.42857142857143,-4.450699572214034,1872,44.55128205128205,-9.14714323671706,-4011.7999999997073
EUR_GBP,48,64,trd,4367,41.470116784978245,-8.256579495944823,1872,39.743589743589745,-9.239136351559598,-3996.0000000002683
GBP_JPY,12,256,trd,1105,48.77828054298642,-5.455224019205957,474,48.734177215189874,-9.312032161547243,-4689.300000000068
EUR_JPY,3,128,ctr,2201,48.750567923671056,-3.4844161669249734,944,47.98728813559322,-9.317155828702722,-4481.199999999974
AUD_USD,3,32,ctr,8603,44.565849122399165,-13.738592161549228,3687,45.21291022511527,-9.342774164479664,-4220.899999999286
EUR_USD,12,32,ctr,8603,43.333720795071486,-14.688344283187545,3687,44.5348521833469,-9.346966255790523,-4245.100000000041
EUR_JPY,1,256,trd,1105,48.5972850678733,-4.404292474732959,474,45.78059071729958,-9.382831925880643,-4567.900000000035
CHF_JPY,48,256,trd,1105,49.23076923076923,-3.864436518835578,474,44.51476793248945,-9.39331215415373,-4550.300000000065
CAD_JPY,48,64,ctr,4367,45.729333638653536,-9.36566929133841,1872,44.01709401709402,-9.401696336771503,-4120.499999999764
CAD_JPY,1,128,trd,2201,47.66015447523853,-4.381686442268588,944,46.50423728813559,-9.405655534119555,-4238.999999999951
AUD_USD,48,64,trd,4367,45.27135333180673,-7.594133117299402,1872,43.108974358974365,-9.424054157087097,-4330.299999999667
CAD_JPY,3,64,ctr,4368,45.23809523809524,-10.101610172003163,1872,45.032051282051285,-9.458755357369167,-4387.199999999747
AUD_USD,12,64,trd,4368,46.10805860805861,-7.158942095850904,1872,43.85683760683761,-9.515348590043432,-4130.299999999664
AUD_USD,12,32,ctr,8603,44.06602348018133,-14.194895424770582,3687,45.375644155139675,-9.776888508945403,-4762.999999999286
NZD_USD,1,64,trd,4368,45.467032967032964,-7.132253035497832,1872,43.162393162393165,-9.862593486825975,-4264.200000000553
AUD_JPY,12,128,trd,2201,47.069513857337576,-2.832924253351602,944,45.021186440677965,-9.939215600198684,-4667.399999999997
USD_JPY,3,64,trd,4368,44.505494505494504,-8.218836384474013,1872,46.63461538461539,-10.018865335074732,-4551.70000000034
AUD_USD,1,64,trd,4368,47.0467032967033,-4.1563232199481694,1872,43.64316239316239,-10.098747963909917,-4333.4999999996735
AUD_JPY,12,64,trd,4368,46.7032967032967,-7.072003477607615,1872,43.91025641025641,-10.173972713514788,-5054.699999999919
EUR_JPY,1,128,trd,2201,48.34166288050886,-5.1603497367095095,944,45.86864406779661,-10.186548987442574,-4421.899999999962
CHF_JPY,12,128,ctr,2201,45.16129032258064,-9.167493059603594,944,45.021186440677965,-10.190275290828637,-5628.800000000034
CHF_JPY,1,128,trd,2201,47.20581553839164,-6.259182169355585,944,45.97457627118644,-10.291118376211417,-4891.899999999972
USD_JPY,3,128,ctr,2201,47.61472058155384,-3.5049308924216365,944,46.61016949152542,-10.372631262779931,-5458.900000000083
GBP_JPY,48,256,trd,1105,49.411764705882355,-1.1570902696132255,474,46.41350210970464,-10.41478506983359,-5104.500000000063
NZD_JPY,12,128,trd,2201,46.1608359836438,-6.380577559549091,944,43.75,-10.462994119889531,-4815.099999999982
GBP_JPY,3,128,trd,2201,47.79645615629259,-5.751791264485766,944,46.61016949152542,-10.63766459110711,-4856.200000000015
CAD_JPY,1,64,trd,4368,45.4441391941392,-8.668367796559759,1872,44.123931623931625,-10.666543442347738,-4685.999999999738
CAD_JPY,12,64,trd,4368,46.08516483516483,-8.862261828312661,1872,43.91025641025641,-10.769016785462155,-4791.699999999818
NZD_JPY,3,64,ctr,4368,44.61996336996337,-11.589724458846517,1872,44.65811965811966,-10.871024340653655,-4876.899999999998
NZD_JPY,3,128,trd,2201,45.93366651522036,-6.745062488267944,944,45.55084745762712,-10.934604392176755,-4714.4999999999845
USD_JPY,1,64,trd,4368,45.55860805860806,-6.09635898398563,1872,46.848290598290596,-11.026364613057247,-5289.0000000004
EUR_USD,48,32,ctr,8602,44.14089746570565,-12.219705786462669,3687,45.21291022511527,-11.033817219827869,-5076.2999999998
NZD_USD,3,32,ctr,8603,42.84551900499826,-17.281266165444087,3687,43.992405749932196,-11.139551078408108,-4895.600000001121
GBP_JPY,48,128,ctr,2201,47.705588368923216,-9.628277694899241,944,43.96186440677966,-11.20080219031266,-5453.500000000143
CHF_JPY,1,128,ctr,2201,45.11585642889596,-7.3293338207256316,944,46.29237288135593,-11.214775828009785,-5637.800000000057
EUR_USD,1,64,trd,4368,45.032051282051285,-6.208492871891626,1872,44.71153846153847,-11.234571814747746,-4833.600000000025
CAD_JPY,48,128,ctr,2201,47.523852794184464,-6.07166164455285,944,42.902542372881356,-11.24016126982654,-5317.899999999963
CHF_JPY,12,128,trd,2201,47.478418900499776,-4.324324879716551,944,47.24576271186441,-11.315618913392564,-5318.600000000015
AUD_USD,1,32,ctr,8603,44.93781239102639,-12.023023345418007,3687,44.48060754000542,-11.407612028232013,-5077.399999999287
NZD_JPY,1,64,ctr,4368,43.887362637362635,-12.35105978126629,1872,44.49786324786324,-11.542923419936962,-5482.299999999995
NZD_USD,12,32,ctr,8603,42.182959432756014,-17.50404015056549,3687,43.80254949823705,-11.837301387431586,-5273.200000001177
USD_JPY,12,64,ctr,4368,47.39010989010989,-7.506596982780554,1872,45.67307692307692,-11.89156568048795,-5502.700000000361
EUR_GBP,1,32,ctr,8603,39.70707892595606,-13.92491765380083,3687,37.99837266069976,-12.037590194425942,-5226.800000000454
EUR_GBP,3,32,ctr,8603,40.16040915959549,-12.395674329919146,3687,38.133984269053435,-12.329639222301417,-5359.000000000376
NZD_USD,48,32,ctr,8602,43.489886073006275,-15.533331884330865,3687,42.85326823976132,-12.336160253228783,-5507.700000001208
EUR_GBP,48,32,ctr,8602,39.316438037665655,-13.491419595136124,3687,39.300244100895036,-12.481718979241442,-5397.200000000377
AUD_JPY,12,64,ctr,4368,45.3525641025641,-10.350874045386528,1872,46.10042735042735,-12.543901666993921,-5393.199999999978
GBP_USD,3,64,trd,4368,46.38278388278388,-5.727093925053506,1872,45.45940170940171,-12.564862123539706,-5540.499999999852
GBP_JPY,12,128,ctr,2201,48.02362562471604,-9.741407443266771,944,45.233050847457626,-13.046253942215722,-6504.30000000008
NZD_JPY,1,128,trd,2201,45.842798727850976,-7.810931939655546,944,44.06779661016949,-13.101449811120238,-5636.400000000005
GBP_USD,48,32,ctr,8602,43.38525924203673,-22.778316324009637,3687,45.294277190127474,-13.12823261670622,-6041.199999999728
AUD_USD,1,32,trd,8603,44.33337207950715,-12.890915737162679,3687,42.88039056143206,-13.181332439955431,-5913.499999999355
EUR_GBP,12,32,ctr,8603,39.66058351737766,-14.28492121044546,3687,37.72714944399241,-13.220924413433892,-5700.10000000038
NZD_JPY,48,64,ctr,4367,45.8209297000229,-10.954664242879186,1872,43.215811965811966,-13.294518905306095,-5665.300000000053
NZD_USD,1,32,trd,8603,43.42671161222829,-14.6162439858138,3687,42.03959858963927,-13.41143167404359,-5875.700000001048
EUR_USD,1,32,trd,8603,43.6010693943973,-14.840511761625415,3687,43.72118253322485,-13.516466850733154,-5992.200000000054
EUR_USD,12,64,trd,4368,45.81043956043956,-8.247716337841497,1872,43.64316239316239,-13.581910053949272,-5815.300000000057
CAD_JPY,12,64,ctr,4368,44.82600732600733,-11.116591153834658,1872,44.177350427350426,-13.657600591476056,-6022.799999999716
USD_JPY,1,32,ctr,8603,44.565849122399165,-16.832730613818693,3687,46.189313805261726,-13.679026835947422,-6382.200000000517
CAD_JPY,1,64,ctr,4368,45.032051282051285,-11.344543613352949,1872,43.96367521367522,-13.760073934590471,-6445.799999999784
GBP_USD,48,64,trd,4367,46.25601099152736,-9.612742271707473,1872,43.91025641025641,-13.892823492716113,-6472.199999999911
NZD_JPY,12,64,ctr,4368,44.48260073260073,-11.47510091978786,1872,44.391025641025635,-13.96851403024386,-5999.299999999984
GBP_JPY,3,64,ctr,4368,46.17673992673993,-16.882822395004755,1872,46.52777777777778,-13.968979818167544,-6561.500000000181
EUR_USD,48,64,trd,4367,44.30959468742844,-9.830536954524346,1872,44.177350427350426,-14.053520326236374,-6155.700000000062
EUR_USD,3,32,ctr,8603,43.961408810879924,-13.592897776108687,3687,43.96528342826146,-14.12967665168682,-6117.3999999998305
NZD_JPY,12,64,trd,4368,44.116300366300365,-10.988822256690849,1872,42.73504273504273,-14.13037533357224,-6348.900000000059
USD_JPY,48,32,trd,8602,44.16414787258777,-12.548638496726289,3687,45.56550040683482,-14.302949759136016,-6510.8000000004085
NZD_USD,1,32,ctr,8603,42.93850982215506,-16.297156857902937,3687,43.178736099810145,-14.30807342629362,-6266.90000000126
CHF_JPY,3,128,ctr,2201,45.93366651522036,-7.507493257194898,944,45.97457627118644,-14.421958573524389,-6650.999999999969
EUR_GBP,12,32,trd,8603,37.173079158433104,-15.329180489829875,3687,37.13045836723624,-14.624809214099633,-6305.200000000538
USD_JPY,3,32,ctr,8603,45.112170173195395,-19.665555281124384,3687,47.21996202874966,-14.64367362499096,-6962.600000000386
NZD_JPY,48,64,trd,4367,43.73711930386993,-11.419332733972778,1872,43.91025641025641,-14.804370458510002,-6764.299999999987
AUD_USD,12,32,trd,8603,44.600720678832964,-10.826596587595828,3687,41.985353946297806,-14.812055959242038,-6386.49999999936
EUR_USD,3,32,trd,8603,43.10124375217947,-13.452481451110653,3687,44.0737727149444,-14.941312107944754,-6479.700000000102
AUD_JPY,48,64,trd,4367,45.798030684680555,-9.323843151977158,1872,43.53632478632478,-14.945504199253481,-6857.899999999907
CAD_JPY,3,64,trd,4368,45.39835164835165,-9.964579772572032,1872,43.05555555555556,-14.967862019569045,-6418.399999999778
CAD_JPY,48,64,trd,4367,45.385848408518434,-10.370990426698224,1872,44.07051282051282,-15.024921040166708,-6958.5999999997675
AUD_JPY,48,32,ctr,8602,44.29202511043943,-18.44373408154573,3687,44.77895307838351,-15.183521828032779,-7330.000000000016
AUD_USD,3,32,trd,8603,44.79832616529118,-11.159811497840094,3687,42.148087876322215,-15.24617030370778,-6725.599999999304
AUD_JPY,1,64,trd,4368,46.10805860805861,-8.023348975982705,1872,43.53632478632478,-15.340026570243664,-6572.400000000008
EUR_GBP,48,32,trd,8602,37.2006510113927,-16.066714747232155,3687,35.557363710333604,-15.364014648292082,-6592.100000000536
NZD_USD,48,32,trd,8602,42.594745408044645,-15.4108410476304,3687,42.36506644968809,-15.383344847108425,-6626.500000001207
EUR_GBP,3,32,trd,8603,37.21957456701151,-17.231373556349038,3687,36.72362354217521,-15.516094405232108,-6664.600000000539
USD_JPY,12,32,trd,8603,44.55422527025456,-11.235297720784851,3687,45.131543260103065,-15.536123285931478,-6894.300000000435
EUR_USD,1,32,ctr,8603,43.333720795071486,-12.19550637726064,3687,44.317873609981014,-15.554521908898417,-6777.799999999877
EUR_GBP,1,32,trd,8603,37.88213413925375,-15.656021893123913,3687,36.85923515052888,-15.808143433107585,-6782.800000000458
GBP_USD,1,32,ctr,8603,43.5197024293851,-19.403046463608117,3687,44.67046379170057,-15.820021025148796,-6862.299999999769
AUD_JPY,3,64,trd,4368,46.24542124542125,-8.419801025498957,1872,43.42948717948718,-15.852160391853296,-6953.199999999974
NZD_USD,12,32,trd,8603,43.64756480297571,-13.599968385383036,3687,41.415785191212365,-15.882203712905623,-6826.200000001245
GBP_USD,12,32,ctr,8603,44.03115192374753,-17.59048083857719,3687,43.96528342826146,-16.0163506347972,-7302.799999999776
GBP_JPY,12,64,ctr,4368,45.23809523809524,-19.076902162637282,1872,46.68803418803419,-16.463041253191612,-7446.8000000001275
NZD_JPY,1,64,trd,4368,45.97069597069597,-10.036082553670667,1872,42.628205128205124,-16.555965943879137,-7076.600000000042
NZD_USD,3,32,trd,8603,43.68243635940951,-13.658823738627014,3687,41.22592893951722,-16.579954021929105,-7185.500000001242
USD_JPY,12,32,ctr,8603,44.85644542601418,-18.886891986683626,3687,46.921616490371576,-16.64935642249108,-7838.000000000434
GBP_USD,1,64,trd,4368,45.92490842490842,-8.041075292187946,1872,44.230769230769226,-16.914389750816806,-7305.99999999977
AUD_USD,48,32,trd,8602,43.93164380376657,-11.904515950561352,3687,42.28369948467589,-16.960735649178723,-7327.99999999932
EUR_JPY,48,32,ctr,8602,44.6524064171123,-19.349269998715066,3687,45.86384594521291,-16.964461952566285,-8203.700000000035
EUR_JPY,1,64,trd,4368,45.1007326007326,-10.19342850650563,1872,44.65811965811966,-16.96679089218221,-7230.499999999851
CHF_JPY,48,128,ctr,2201,47.114947751022264,-7.7667157351882485,944,42.05508474576271,-17.158229728637213,-8111.600000000114
NZD_JPY,3,64,trd,4368,44.48260073260073,-10.89481302917427,1872,42.467948717948715,-17.227865023162444,-7510.700000000045
USD_JPY,3,32,trd,8603,44.44961060095316,-10.470178128613139,3687,44.833197721724986,-17.5418060834316,-7955.600000000419
GBP_JPY,1,64,ctr,4368,44.734432234432234,-18.7922852428891,1872,46.10042735042735,-17.834320899229688,-8875.400000000105
USD_JPY,48,32,ctr,8602,44.7686584515229,-17.425865104378794,3687,46.48765934363981,-17.882529949286543,-7831.900000000475
EUR_JPY,3,64,trd,4368,46.451465201465204,-9.353519793714469,1872,44.925213675213676,-18.029253145108104,-8041.199999999941
EUR_USD,48,32,trd,8602,43.04812834224599,-14.718518855155322,3687,42.82614591809059,-18.037171539803705,-7777.000000000134
GBP_JPY,1,64,trd,4368,46.77197802197802,-10.131884330016836,1872,44.49786324786324,-18.346687614801176,-7940.7000000001735
EUR_JPY,12,64,trd,4368,45.90201465201465,-9.700975508550734,1872,43.8034188034188,-18.469888520499385,-8846.899999999952
USD_JPY,1,32,trd,8603,44.79832616529118,-13.217657554412902,3687,45.86384594521291,-18.506452872475137,-7975.700000000341
GBP_USD,12,64,trd,4368,45.604395604395606,-8.55852438771344,1872,43.05555555555556,-18.581211834155066,-7955.79999999983
GBP_USD,3,32,trd,8603,43.961408810879924,-15.148630988252613,3687,43.44995931651749,-18.72234557489839,-8122.699999999695
GBP_USD,3,32,ctr,8603,43.14773916075787,-20.603855007458503,3687,43.80254949823705,-18.90749627438929,-8414.699999999792
AUD_JPY,1,32,ctr,8603,45.158665581773796,-16.220774360544667,3687,44.128017358285874,-18.942663262594937,-8475.500000000031
GBP_JPY,12,64,trd,4368,45.71886446886447,-9.904927730959502,1872,43.91025641025641,-19.71796726083925,-9017.200000000135
EUR_USD,12,32,trd,8603,43.5197024293851,-12.303358065185309,3687,43.50420395985896,-19.724022503841045,-8466.699999999943
CHF_JPY,12,64,ctr,4368,44.78021978021978,-12.39418053922718,1872,43.64316239316239,-19.836743181267035,-8531.200000000083
AUD_USD,3,16,ctr,16699,41.45757230971914,-25.07238048192271,7157,41.95892133575521,-20.231964234138424,-8721.29999999867
AUD_JPY,3,32,ctr,8603,44.76345460885737,-18.17086831523689,3687,44.23650664496881,-20.249198387301902,-9158.700000000066
AUD_USD,48,16,ctr,16697,42.52859795172785,-21.48399648287123,7157,42.02878300964091,-20.251993114837937,-8775.799999998597
CHF_JPY,1,64,ctr,4368,44.61996336996337,-17.954965767297136,1872,43.05555555555556,-20.292516664163475,-9790.999999999956
EUR_JPY,12,32,ctr,8603,44.69371149598977,-20.497795868364655,3687,44.6162191483591,-20.481160773078596,-9567.700000000019
CHF_JPY,48,64,trd,4367,43.302038012365465,-13.303301554056436,1872,43.00213675213676,-20.58246964638453,-9139.19999999993
CHF_JPY,3,64,ctr,4368,44.230769230769226,-14.950355170472346,1872,42.467948717948715,-20.639062879059214,-9371.100000000017
CAD_JPY,1,32,ctr,8603,43.6010693943973,-18.19954909651313,3687,43.287225386493084,-20.666544366529674,-9179.499999999563
NZD_JPY,48,32,ctr,8602,42.897000697512205,-23.000094448670566,3687,41.79549769460266,-20.8235148966645,-9060.799999999817
EUR_JPY,48,64,trd,4367,46.393405083581406,-8.158586826583656,1872,44.07051282051282,-21.161444034980196,-9481.799999999928
GBP_JPY,1,128,trd,2201,46.75147660154475,-9.444441853802182,944,43.43220338983051,-21.40342086110689,-9277.499999999973
CHF_JPY,3,64,trd,4368,44.07051282051282,-12.024815894249667,1872,42.68162393162393,-21.467699594514688,-9199.199999999866
CHF_JPY,48,64,ctr,4367,44.83627204030227,-13.065091731789854,1872,42.1474358974359,-21.524292827189367,-9324.999999999964
GBP_USD,12,32,trd,8603,43.11286760432407,-18.154337031584223,3687,43.287225386493084,-21.61349121449048,-9382.399999999721
GBP_USD,1,32,trd,8603,44.11251888875973,-16.338086722848132,3687,42.58204502305397,-21.809820824138885,-9750.299999999708
CHF_JPY,1,64,trd,4368,44.505494505494504,-9.00606407887896,1872,42.0940170940171,-21.81424580941042,-9310.899999999983
AUD_JPY,12,32,ctr,8603,44.36824363594095,-20.049459488830674,3687,44.04665039327366,-21.936980927185964,-9639.799999999996
AUD_USD,1,16,ctr,16699,42.21809689202946,-24.854984143290775,7157,41.441944949000984,-22.164285433727,-9566.299999998602
GBP_JPY,3,64,trd,4368,45.69597069597069,-11.966856815419838,1872,44.07051282051282,-22.21202869586332,-10018.20000000009
CHF_JPY,12,64,trd,4368,43.727106227106226,-14.305734694079634,1872,41.506410256410255,-22.270019292306863,-9908.099999999811
AUD_USD,12,16,ctr,16699,42.122282771423436,-21.402335925070897,7157,41.13455358390387,-22.308213902010117,-9662.099999998527
AUD_JPY,12,32,trd,8603,43.973032663024526,-14.102379987946618,3687,42.229454841334416,-22.62471679585967,-9825.59999999998
EUR_USD,1,16,ctr,16699,40.91861788131026,-26.651018484671084,7157,41.33016627078385,-23.323631574690527,-10041.69999999975
EUR_USD,3,16,ctr,16699,40.60722198934068,-26.50651913178292,7157,42.26631270085231,-23.37277220059313,-10097.79999999972
CAD_JPY,48,32,ctr,8602,43.21088119042083,-21.99069028542047,3687,43.178736099810145,-23.428433857420824,-10299.499999999634
EUR_JPY,1,32,ctr,8603,45.49575729396722,-17.389117853367257,3687,44.58909682668836,-23.827381213682656,-10591.80000000011
CAD_JPY,12,32,ctr,8603,42.97338137858887,-22.735195566049626,3687,42.39218877135883,-24.151103820337724,-10899.199999999499
EUR_JPY,3,32,trd,8603,43.85679414157852,-17.825703079461352,3687,43.178736099810145,-24.222136478633743,-10401.399999999878
AUD_JPY,3,32,trd,8603,43.6010693943973,-15.865351762020692,3687,42.03959858963927,-24.312499335743734,-10450.999999999904
CAD_JPY,3,32,trd,8603,42.88039056143206,-19.132072832175417,3687,41.84974233794413,-24.348365005832743,-10459.799999999515
USD_JPY,12,16,ctr,16699,43.134319420324566,-29.820244815698725,7157,45.21447533882912,-24.358146552224234,-10767.200000000885
CAD_JPY,3,32,ctr,8603,43.287225386493084,-19.978255465870713,3687,43.016002169785736,-24.362338643530375,-10835.099999999587
GBP_USD,48,32,trd,8602,44.26877470355731,-12.987713373970672,3687,41.95823162462707,-24.50160923258146,-10618.499999999729
CAD_JPY,12,32,trd,8603,42.857142857142854,-16.202450528062677,3687,42.47355573637103,-24.559599829025395,-10688.299999999655
NZD_USD,12,16,ctr,16699,40.200011976765076,-28.099895869354405,7157,39.751292440966886,-24.76361493941376,-10665.700000002354
NZD_USD,1,16,ctr,16699,39.89460446733337,-30.579787589288248,7157,39.8910157887383,-24.929901228012614,-10710.700000002258
CAD_JPY,48,32,trd,8602,42.79237386654267,-16.844979697487158,3687,41.68700840791972,-25.28226979194229,-11007.59999999953
AUD_JPY,1,32,trd,8603,43.287225386493084,-17.780491014532426,3687,42.148087876322215,-25.619034460450692,-11230.69999999995
EUR_GBP,12,16,ctr,16699,36.51715671597102,-25.35639988539848,7157,34.55358390387034,-25.659325115813697,-11039.400000000891
EUR_JPY,3,32,ctr,8603,45.40276647681041,-19.2814519013227,3687,44.67046379170057,-25.725932788836136,-11684.200000000126
EUR_USD,12,16,ctr,16699,41.230013773279836,-22.718763868443105,7157,41.81919798798379,-25.7487563970745,-11078.999999999796
NZD_USD,3,16,ctr,16699,40.188035211689325,-29.808692834350797,7157,39.58362442364119,-25.81443249425808,-11075.200000002269
USD_JPY,48,16,trd,16697,41.86380786967719,-26.270301030441182,7157,43.998882213217826,-25.843777133419753,-11236.70000000108
AUD_USD,12,16,trd,16699,41.03838553206779,-27.039603236543993,7157,40.170462484281124,-25.862408650344083,-11101.899999998752
EUR_GBP,3,16,ctr,16699,34.89430504820648,-27.058723757398955,7157,33.77113315635042,-25.920399246793423,-11140.900000000902
AUD_USD,1,16,trd,16699,40.94257141146176,-23.94566395636953,7157,39.86307111918402,-26.006337118627204,-11302.9999999987
NZD_JPY,1,32,ctr,8603,42.0434732070208,-22.75182643574809,3687,41.11743965283428,-26.013323937478585,-11333.199999999782
EUR_USD,48,16,ctr,16697,41.57633107743906,-23.24099309418138,7157,41.81919798798379,-26.03847648533348,-11370.199999999559
EUR_JPY,1,32,trd,8603,43.14773916075787,-19.59873304419113,3687,43.260103064822346,-26.120688053787227,-11381.899999999901
NZD_USD,48,16,ctr,16697,40.079056117865484,-27.71788379652231,7157,38.91295235433841,-26.212215380710813,-11270.800000002288
EUR_GBP,48,16,ctr,16697,35.431514643349104,-26.67571582410593,7157,34.49769456476177,-26.343101787139744,-11318.500000000879
NZD_JPY,3,32,ctr,8603,42.71765663140765,-21.677990100672556,3687,41.57851912123678,-26.54898004921244,-11598.699999999877
EUR_GBP,1,16,ctr,16699,35.22965447032757,-27.052947766725218,7157,33.64538214335616,-26.75136490186521,-11494.500000000779
EUR_GBP,1,16,trd,16699,33.41517456135098,-30.614443533330537,7157,32.751152717619114,-26.995204879685314,-11602.400000000998
USD_JPY,1,16,ctr,16699,42.67920234744595,-33.24650273170273,7157,45.38214335615481,-27.317763016533615,-12164.000000000959
EUR_GBP,48,16,trd,16697,33.78451218781817,-30.739722779321802,7157,31.8988402962135,-27.403467994410775,-11770.500000000911
NZD_USD,48,16,trd,16697,39.79157932562736,-32.819876110218225,7157,38.94089702389269,-27.478226956095373,-11813.000000002425
NZD_JPY,12,32,ctr,8603,42.25270254562362,-22.576853752753784,3687,40.87333875779767,-27.806374548016834,-12016.999999999922
EUR_GBP,3,16,trd,16699,33.2055811725253,-30.691124788826002,7157,32.62540170462484,-27.826170534757093,-11966.400000000887
NZD_USD,3,16,trd,16699,39.94849991017426,-30.81799741155487,7157,38.27022495458991,-27.876009842548108,-12035.70000000246
AUD_USD,48,16,trd,16697,41.2169850871414,-27.187189756861272,7157,39.27623305854408,-27.918629437516266,-11984.799999998671
NZD_JPY,12,32,trd,8603,42.15971172846682,-21.485390687519047,3687,40.41225928939517,-27.93027413560047,-12065.09999999995
AUD_USD,3,16,trd,16699,41.48751422240853,-23.781147808215604,7157,39.34609473242979,-27.93865831821578,-12033.899999998644
CAD_JPY,1,32,trd,8603,42.357317214925025,-20.87333484820008,3687,41.57851912123678,-28.04415928283344,-12143.199999999573
EUR_GBP,12,16,trd,16699,32.834301455176956,-32.12506426659206,7157,31.842950957104932,-28.087244665736822,-12070.500000000908
NZD_USD,1,16,trd,16699,39.96646505778789,-29.907581778126428,7157,37.9628335894928,-28.76054110879358,-12421.200000002496
USD_JPY,3,16,trd,16699,41.42164201449189,-29.428373724303086,7157,44.16655023054352,-28.84671187459037,-12982.400000000802
NZD_USD,12,16,trd,16699,39.45745254206839,-32.26358845671434,7157,38.10255693726422,-28.926827397392426,-12417.600000002385
GBP_JPY,48,32,ctr,8602,43.93164380376657,-30.797681858148707,3687,44.29075128831028,-29.157392419394373,-12978.000000000124
NZD_JPY,3,32,trd,8603,41.8574915727072,-22.399789762791546,3687,39.70707892595606,-29.18766863440486,-12536.699999999997
AUD_JPY,48,32,trd,8602,43.66426412462218,-15.5645023167582,3687,41.49715215622457,-29.378175895012852,-12727.799999999976
EUR_JPY,12,32,trd,8603,43.68243635940951,-16.63027218209978,3687,43.232980743151614,-29.466908494391284,-12836.599999999997
NZD_JPY,1,32,trd,8603,42.41543647564803,-21.139428763374262,3687,40.16815839435856,-29.723324746138726,-12992.300000000108
EUR_USD,48,16,trd,16697,39.66580822902318,-29.23607306928488,7157,40.715383540589634,-30.20844286819957,-12979.39999999984
EUR_USD,12,16,trd,16699,40.122163003772684,-29.737190053250227,7157,40.715383540589634,-30.498162956458543,-13132.999999999562
GBP_JPY,1,32,ctr,8603,44.28687667092874,-27.50795641134521,3687,44.0737727149444,-32.2255374698201,-14248.800000000207
GBP_USD,48,16,ctr,16697,41.44457088099659,-32.42969798160338,7157,41.26030459689814,-32.34128576874492,-14036.19999999926
GBP_JPY,48,64,trd,4367,45.11106022441035,-14.606285381203053,1872,43.215811965811966,-32.57441262433152,-14805.500000000004
GBP_JPY,12,32,ctr,8603,43.4848308729513,-29.706716723144904,3687,44.019528071602934,-32.840144634544174,-14829.100000000208
EUR_USD,3,16,trd,16699,40.52338463381041,-26.15039943093652,7157,40.26826882772111,-32.87414715293991,-14142.399999999667
GBP_USD,1,16,ctr,16699,41.158153182825316,-36.54509133660553,7157,41.050719575241025,-32.87507872878562,-14132.099999999295
EUR_USD,1,16,trd,16699,40.41559374812863,-25.953517817800716,7157,41.20441525778958,-32.92328777884253,-14246.599999999697
EUR_JPY,48,32,trd,8602,43.36200883515461,-17.59944358272683,3687,41.985353946297806,-32.983607314903594,-14411.500000000007
GBP_USD,3,16,ctr,16699,40.88867596862087,-35.4831057410161,7157,40.91099622746961,-33.4067756431715,-14368.399999999172
USD_JPY,3,16,ctr,16699,42.78699323312773,-29.084303935034097,7157,44.571747939080616,-33.78732437646854,-14657.700000001227
GBP_JPY,3,32,trd,8603,42.06672091131001,-29.514714826268015,3687,42.12096555465148,-34.64740177674094,-15255.900000000138
NZD_JPY,48,32,trd,8602,42.08323645663799,-20.976904336142336,3687,39.49010035259018,-34.913133786952805,-15063.900000000021
USD_JPY,1,16,trd,16699,42.25402718725672,-25.3409640482538,7157,43.35615481346933,-35.3162732345253,-15398.200000001038
GBP_USD,12,16,ctr,16699,42.002515120665905,-30.34974382279895,7157,40.869079223138186,-35.98398022249513,-15540.299999999157
GBP_JPY,3,32,ctr,8603,44.65883993955597,-26.8888299627537,3687,44.209384323298075,-36.63887804258242,-16199.100000000295
USD_JPY,48,16,ctr,16697,42.642390848655445,-32.08821742953611,7157,44.73941595640631,-36.79025911763915,-16044.800000000923
GBP_USD,12,16,trd,16699,40.014372118090904,-39.14289293512007,7157,40.07265614084113,-36.872470686088036,-15826.199999999217
USD_JPY,12,16,trd,16699,41.367746571651,-28.5459417698276,7157,43.52382283079503,-38.27588969883468,-16874.500000001044
GBP_JPY,12,32,trd,8603,43.380216203649894,-26.91083847894121,3687,42.310821806346624,-38.446135184779195,-16676.6000000002
GBP_JPY,1,32,trd,8603,42.60141810996164,-28.96559736808294,3687,42.256577163005154,-39.06074234950327,-16795.800000000247
AUD_JPY,3,16,ctr,16699,42.146236301574945,-34.987665161678514,7157,40.25429649294397,-39.38050575881118,-16903.299999999857
GBP_USD,3,16,trd,16699,40.69105934487095,-34.5026811171807,7157,40.030739136509716,-39.44967526541167,-17044.49999999918
AUD_USD,48,8,ctr,31538,39.05764474602068,-44.81362115807848,13519,39.07833419631629,-39.759191340405025,-17171.89999999741
AUD_JPY,48,16,ctr,16697,41.76199317242618,-33.11594542526527,7157,41.06469191001816,-39.810428011967986,-17150.099999999908
GBP_USD,1,16,trd,16699,40.61919875441643,-33.29271065708958,7157,39.8910157887383,-39.98137217979753,-17416.699999999055
CHF_JPY,48,32,ctr,8602,42.4319925598698,-28.39347553325037,3687,41.38866286954163,-40.48372445502134,-17785.700000000103
GBP_USD,48,16,trd,16697,39.91136132239325,-37.12109702723697,7157,39.681430767081174,-40.51516513983825,-17425.999999999127
CHF_JPY,12,32,trd,8603,41.334418226200164,-26.023825566346797,3687,40.92758340113914,-40.72150918983895,-17624.400000000114
CHF_JPY,1,32,ctr,8603,42.69440892711845,-25.602477005306064,3687,40.54787089774885,-40.92272957268087,-17802.69999999987
AUD_USD,1,8,ctr,31543,39.13071045873887,-44.75018484671361,13519,38.5605444189659,-41.0058727169749,-17639.79999999743
AUD_USD,3,8,ctr,31543,39.089496877278634,-46.26449026368087,13519,38.427398476218656,-41.054780448915444,-17694.199999997316
CHF_JPY,3,32,ctr,8603,42.822271300709055,-23.829247868484,3687,40.81909411445619,-41.39270958723661,-18237.299999999854
CHF_JPY,3,32,trd,8603,41.02057421829594,-28.532198895464614,3687,40.00542446433415,-41.52522625140096,-17842.700000000084
CHF_JPY,1,32,trd,8603,41.35766593048936,-26.435713453008518,3687,40.2766476810415,-41.995206265956696,-18123.5
GBP_JPY,48,32,trd,8602,42.897000697512205,-25.714212549027096,3687,42.03959858963927,-42.12888739992899,-18273.700000000263
CHF_JPY,12,32,ctr,8603,42.03184935487621,-26.179378970352055,3687,39.8969351776512,-42.196426648798614,-18612.199999999826
AUD_USD,12,8,ctr,31542,39.42362564200114,-43.900516701405216,13519,38.78985132036393,-42.39997597125194,-18239.59999999729
AUD_JPY,12,16,ctr,16699,41.72704952392359,-35.035466463805676,7157,40.352102836383956,-42.41371671499373,-18294.900000000005
CHF_JPY,48,32,trd,8602,41.38572425017438,-23.977033560893275,3687,39.43585570924871,-42.43421138361622,-18360.19999999984
AUD_JPY,1,16,trd,16699,41.194083478052576,-31.88346851875566,7157,40.25429649294397,-42.54902810669676,-18572.799999999945
AUD_JPY,1,16,ctr,16699,42.242050422180974,-34.80831069265571,7157,39.94690512784687,-44.418235042685446,-19090.799999999916
AUD_JPY,12,16,trd,16699,41.301874363734356,-31.007310485184814,7157,39.84909878440687,-44.55354643438847,-19232.19999999984
EUR_JPY,12,16,trd,16699,41.33181627642374,-35.090836305436774,7157,41.66550230543524,-45.789048900800104,-19849.49999999974
CAD_JPY,1,16,trd,16699,39.49937121983352,-35.96719351109886,7157,39.178426715104095,-46.24645264142722,-20086.19999999929
CAD_JPY,48,16,ctr,16697,40.061088818350605,-39.23590630217572,7157,40.15649014950398,-46.77628640411994,-20140.799999999163
CAD_JPY,3,16,ctr,16699,40.79885023055273,-38.48054614252176,7157,39.90498812351544,-46.98658965146598,-20175.39999999923
CAD_JPY,12,16,ctr,16699,39.912569614947,-41.965061895493356,7157,39.93293279306972,-47.01034483555156,-20225.199999999204
EUR_JPY,1,16,ctr,16699,42.32588777771124,-39.78641796500585,7157,42.26631270085231,-47.101872162470634,-20352.999999999734
AUD_JPY,48,16,trd,16697,41.288854285200934,-33.22947351781714,7157,39.13650971077267,-47.15683513741421,-20342.099999999977
NZD_USD,1,8,ctr,31543,37.00662587578861,-54.91811932542605,13519,35.660921665803684,-47.46518674261394,-20393.600000004382
AUD_JPY,3,16,trd,16699,40.97850170668902,-31.70222191485706,7157,39.94690512784687,-47.58675739057102,-20565.100000000057
CAD_JPY,12,16,trd,16699,40.098209473621175,-33.75976921328934,7157,38.91295235433841,-47.670832110715125,-20598.099999999267
CAD_JPY,3,16,trd,16699,38.876579435894364,-37.65736788547502,7157,38.94089702389269,-47.69458729480071,-20657.099999999242
EUR_GBP,12,8,ctr,31542,31.218692536934878,-49.49426491074112,13519,29.36607737258673,-47.70669778081085,-20483.800000001713
EUR_JPY,3,16,ctr,16699,42.27199233487035,-36.10173425937799,7157,41.53975129244097,-47.75653708859348,-20567.399999999656
CAD_JPY,48,16,trd,16697,39.80954662514224,-36.47388731364568,7157,38.689394997904145,-47.904890542146745,-20666.69999999934
EUR_USD,1,8,ctr,31543,37.770662270551306,-47.231172013158414,13519,38.486574450772984,-47.9235220590765,-20607.999999999167
EUR_JPY,48,16,trd,16697,41.69611307420495,-32.91766960748444,7157,41.4140002794467,-47.944482515624635,-20746.90000000008
AUD_USD,12,8,trd,31542,38.14279373533701,-48.167081674384356,13519,36.89622013462534,-48.05627161719779,-20633.399999997273
EUR_GBP,3,8,ctr,31543,31.338173287258662,-49.14720754008942,13519,29.41045935350248,-48.06488869378773,-20643.000000001823
EUR_GBP,48,8,ctr,31538,30.531422411059673,-51.92764994714726,13519,29.46223833123752,-48.365089010319934,-20770.500000001597
CAD_JPY,1,16,ctr,16699,40.050302413318164,-40.05729201039245,7157,39.66745843230404,-48.43472430483946,-20864.099999999184
EUR_USD,3,8,ctr,31543,37.39339948641537,-48.30839427380159,13519,38.86382128855684,-48.47431627831572,-20881.899999999267
EUR_USD,12,8,ctr,31542,37.806733878638006,-46.95133522362281,13519,39.13011317405133,-48.562583089771294,-20874.199999999455
NZD_USD,3,8,ctr,31543,36.397932980376,-56.21522757585366,13519,35.764479621273765,-48.72863648442072,-20978.10000000442
EUR_USD,48,8,ctr,31538,37.75128416513412,-48.26049338562848,13519,39.09312818995488,-48.93195291290621,-21112.79999999958
EUR_GBP,1,8,ctr,31543,31.271597501822907,-49.27059465120501,13519,29.203343442562318,-48.956639672843274,-21023.30000000165
NZD_USD,12,8,ctr,31542,36.49736858791452,-56.17668777601364,13519,35.9937865226718,-49.25544262561254,-21173.600000004422
NZD_USD,48,8,ctr,31538,36.75565983892447,-54.9524765113301,13519,35.32805680893557,-49.269882051232834,-21215.800000004205
EUR_JPY,48,16,ctr,16697,42.13331736240043,-38.98226064276443,7157,41.06469191001816,-49.38912375957342,-21495.09999999969
AUD_USD,3,8,trd,31543,38.47763370636908,-45.80569734930725,13519,37.25867297877062,-49.40146713953429,-21226.09999999727
AUD_USD,1,8,trd,31543,37.90698411691976,-47.290923640813894,13519,37.12552703602338,-49.45037487147483,-21233.499999997246
EUR_JPY,3,16,trd,16699,41.36175818911312,-36.17423290093722,7157,40.93894089702389,-49.577069186604575,-21870.800000000207
EUR_JPY,1,16,trd,16699,41.182106712976825,-32.5011011766565,7157,40.21237948861255,-50.231734112727416,-22404.000000000055
AUD_USD,48,8,trd,31538,38.50910013317268,-47.243719854963,13519,36.60773725867298,-50.697056248044696,-21761.499999997257
NZD_JPY,48,16,ctr,16697,39.37234233694676,-42.775293966547665,7157,37.47380187229286,-50.88453588715739,-21860.00000000004
EUR_JPY,12,16,ctr,16699,42.61333013952932,-37.135636589968016,7157,40.81318988402962,-51.544557374397954,-22231.500000000044
EUR_GBP,1,8,trd,31543,28.792442063215297,-59.38535018129332,13519,27.52422516458318,-51.799110474456,-22239.900000001617
NZD_USD,48,8,trd,31538,35.598325829158476,-58.9823254527347,13519,35.076558917079666,-52.15171193236012,-22388.200000004355
NZD_USD,12,8,trd,31542,35.85695263458246,-57.76966616939853,13519,34.41082920334344,-52.166151357980425,-22400.100000004193
EUR_GBP,48,8,trd,31538,29.52628575052318,-56.771017299126996,13519,27.265330275907985,-52.39066113697933,-22503.900000001697
NZD_JPY,1,16,trd,16699,38.64303251691718,-41.3252215493134,7157,36.733268129104374,-52.51828702794505,-22591.800000000083
EUR_GBP,3,8,trd,31543,28.725866277779538,-59.565800096822954,13519,27.317109253643018,-52.69086145351155,-22629.100000001465
NZD_USD,3,8,trd,31543,35.95726468630124,-57.73401436489536,13519,34.64013610474147,-52.692957499172245,-22633.00000000416
EUR_GBP,12,8,trd,31542,28.84408090799569,-59.21555597269611,13519,27.36149123455877,-53.04905236648843,-22791.9000000016
NZD_JPY,12,16,trd,16699,38.57716030900054,-43.2266179274639,7157,36.63546178566438,-53.19740582003873,-22909.10000000011
NZD_JPY,3,16,ctr,16699,39.46344092460626,-43.12016044418513,7157,36.55162777700154,-53.52858103346703,-22980.700000000015
NZD_USD,1,8,trd,31543,35.48172336176014,-59.28168110730547,13519,34.74369406021155,-53.956407240979026,-23163.100000004262
NZD_JPY,3,16,trd,16699,38.44541589316726,-42.83723648722056,7157,37.096548833310045,-54.48461074593076,-23477.900000000092
NZD_JPY,12,16,ctr,16699,39.58320857536379,-42.588370958021585,7157,37.0127148246472,-54.815785959359054,-23538.300000000017
USD_JPY,3,8,ctr,31543,39.9359604349618,-55.73203608018674,13519,42.9247725423478,-54.85258320530024,-24301.40000000197
NZD_JPY,1,16,ctr,16699,39.18198694532607,-44.4411693456761,7157,36.914908481207206,-55.494904751452744,-23833.60000000001
USD_JPY,1,8,ctr,31543,40.103985036299655,-55.34594097946482,13519,42.784229602781274,-55.57502027425613,-24453.600000002083
NZD_JPY,48,16,trd,16697,38.941127148589565,-43.09167883500114,7157,36.17437473801872,-57.12865589224041,-24585.20000000008
EUR_USD,48,8,trd,31538,36.397361912613356,-50.87721633290095,13519,36.637325245950144,-57.2744475122153,-24591.49999999952
EUR_USD,12,8,trd,31542,36.345190539598,-52.19593475533203,13519,36.60034026185369,-57.643817335350235,-24806.299999999483
EUR_USD,3,8,trd,31543,36.759344387027234,-50.84106659816741,13519,36.86663214734818,-57.73208414680582,-24799.599999999642
USD_JPY,12,8,ctr,31542,39.743833618667175,-60.34774973078603,13519,42.44396774909387,-57.87391656943995,-25006.500000002266
USD_JPY,48,8,trd,31538,39.35252711015283,-50.29563382369375,13519,41.26784525482654,-58.134524912495735,-25079.800000001847
EUR_USD,1,8,trd,31543,36.29965443997084,-51.90514350072474,13519,37.243878985132035,-58.28287836604503,-25033.19999999974
USD_JPY,48,8,ctr,31538,39.21935442957702,-60.00965510428307,13519,42.79902359641986,-60.04751591327005,-26280.000000001895
USD_JPY,12,8,trd,31542,38.83076532876799,-49.967199043662305,13519,41.622901102152525,-60.30812425632583,-25996.100000001687
GBP_USD,1,8,ctr,31543,38.47446343087214,-61.818834803740565,13519,38.131518603447,-62.34943982994795,-26916.299999998784
USD_JPY,1,8,trd,31543,38.848555939511144,-54.85996107450613,13519,41.282639248465124,-62.60702055150965,-27275.1000000017
USD_JPY,3,8,trd,31543,38.63931775671306,-54.58530275936794,13519,41.14209630889859,-63.329457620465554,-27202.70000000186
GBP_USD,3,8,ctr,31543,37.9957518308341,-63.81194993034747,13519,37.7912567497596,-64.24147037417526,-27637.599999998576
GBP_JPY,48,16,ctr,16697,41.17506138827334,-59.84493978403246,7157,41.09263657957244,-64.39448170696508,-27760.300000000203
GBP_USD,48,8,ctr,31538,38.04933730737523,-66.46910481233584,13519,37.976181670241886,-64.85863937247672,-27984.599999998492
GBP_USD,12,8,ctr,31542,38.27911990362057,-62.33140418300719,13519,37.665507803831645,-65.50352275221208,-28170.09999999861
GBP_JPY,3,16,trd,16699,39.94849991017426,-60.70894831997878,7157,40.57566019281822,-66.48470501253432,-29032.30000000004
GBP_JPY,12,16,trd,16699,40.295826097371105,-53.29337298333241,7157,39.80718178007545,-68.1694599309184,-29415.10000000055
GBP_JPY,1,16,trd,16699,39.7868135816516,-55.05744020391402,7157,39.83512644962973,-68.87163522521232,-30587.600000000348
GBP_JPY,1,16,ctr,16699,41.65518893346907,-55.40469674665756,7157,40.72935587536677,-68.96129940043726,-29766.300000000287
GBP_JPY,12,16,ctr,16699,41.481525839870656,-56.27607465001582,7157,40.75730054492105,-69.66347469473118,-30035.199999999964
GBP_JPY,3,16,ctr,16699,42.266003952332476,-49.92587083452678,7157,39.988822132178285,-71.34822961311525,-30635.8000000005
GBP_USD,12,8,trd,31542,37.137784541246596,-69.25382941937627,13519,37.132924032842666,-71.35614800780603,-30666.399999998397
GBP_USD,48,8,trd,31538,37.36444923584248,-65.10308301800877,13519,36.82225016643243,-72.00103138754139,-30927.399999998554
GBP_USD,3,8,trd,31543,37.421931965887836,-67.77627125341893,13519,37.007175086914714,-72.61820038584285,-31198.899999998448
GBP_JPY,48,16,trd,16697,40.72587890040127,-50.27332654936356,7157,39.47184574542406,-73.43845291868449,-31698.50000000048
GBP_USD,1,8,trd,31543,37.307802047997974,-69.5693180134146,13519,36.66691323322731,-74.51023093007016,-31987.299999998293
CHF_JPY,1,16,ctr,16699,39.6071621055153,-50.55595174819083,7157,38.17241861114992,-75.6425613714868,-32483.20000000007
AUD_USD,3,4,ctr,56776,35.54847118500775,-78.87443898871891,24333,34.015534459376155,-76.57669905154651,-32878.399999995214
AUD_JPY,12,8,trd,31542,38.358379303785426,-58.43131585966907,13519,37.12552703602338,-76.70316047271953,-33038.399999999965
AUD_USD,48,4,ctr,56767,35.49421318723907,-79.70638081782202,24333,34.044301976739405,-77.21366403658705,-33168.99999999547
CHF_JPY,48,16,trd,16697,38.89920344972151,-49.69084776573697,7157,37.403940198407156,-77.68387694511482,-33449.89999999977
AUD_JPY,48,8,ctr,31538,39.165451201724906,-64.1303265197232,13519,37.47318588653007,-77.99106408049535,-33531.09999999974
AUD_JPY,1,8,ctr,31543,39.34945946802777,-61.0761220719415,13519,37.14771802648124,-78.6531816133913,-33785.000000000015
AUD_USD,1,4,ctr,56777,35.313595293869,-80.49579940524123,24333,33.896354744585544,-79.5752088074465,-34172.59999999505
CHF_JPY,12,16,ctr,16699,38.984370321576144,-52.29811003863042,7157,37.20832751152718,-80.05869667178801,-34383.4999999998
CHF_JPY,3,16,trd,16699,37.924426612371995,-56.60092433238899,7157,37.306133854967165,-80.24221711354782,-34645.30000000006
AUD_USD,12,4,ctr,56775,35.53852928225451,-80.00185261659531,24333,33.670324251017135,-80.73525363029286,-34674.69999999528
AUD_JPY,3,8,ctr,31543,39.50163269188092,-61.07701834635655,13519,36.97019010281826,-80.91737670829315,-34786.59999999994
CHF_JPY,3,16,ctr,16699,40.13413976884843,-45.6988415218498,7157,37.41791253318429,-81.30351489666432,-34908.099999999744
CHF_JPY,12,16,trd,16699,38.40948559794,-49.50173386419679,7157,37.515718876624284,-81.48703533842414,-35076.600000000035
AUD_JPY,3,8,trd,31543,37.89747329042894,-64.54609826218248,13519,36.740883201420225,-82.7705139609298,-35602.700000000026
AUD_USD,12,4,trd,56775,34.19110523998239,-85.37292642684784,24333,32.363457033657994,-83.08445502118742,-35673.399999995316
CHF_JPY,48,16,ctr,16697,39.16871294244475,-51.783748110533836,7157,37.32010618974431,-83.86185506509732,-36116.90000000007
AUD_USD,1,4,trd,56777,34.41534424150625,-84.88405852655292,24333,32.13742654008959,-84.24449984403375,-36169.599999995415
AUD_JPY,1,8,trd,31543,37.88162191294423,-64.49700234145658,13519,36.56335527775723,-85.03470905583166,-36555.9999999999
AUD_JPY,48,8,trd,31538,38.23324243769421,-61.4791468005004,13519,36.23788741770841,-85.69682658872759,-36858.100000000246
CHF_JPY,1,16,trd,16699,38.247799269417335,-51.47154585601631,7157,36.55162777700154,-85.90317063872533,-37256.3999999998
EUR_JPY,3,8,ctr,31543,39.90742795548933,-67.38818443177581,13519,38.190694578001334,-85.95161258274221,-37171.599999999555
EUR_JPY,1,8,ctr,31543,39.64429508924325,-66.026245665338,13519,38.3016495302907,-85.99679401129764,-36931.59999999997
EUR_JPY,48,8,ctr,31538,39.7869237110787,-68.53103389679728,13519,38.486574450772984,-86.3330928918816,-37368.899999999674
EUR_GBP,12,4,ctr,56775,26.07661822985469,-91.86026022782853,24333,23.026342826614062,-86.59486570475418,-37182.4000000035
AUD_USD,48,4,trd,56767,34.18359258019624,-85.5113510309246,24333,31.989479307935724,-86.60604461489321,-37181.69999999506
EUR_GBP,48,4,ctr,56767,25.255870488135713,-96.65632420791127,24333,23.03045247195167,-86.91556068990941,-37320.30000000361
AUD_JPY,12,8,ctr,31542,39.04318052120981,-67.18881316748703,13519,36.585546268215104,-86.98473019650343,-37359.89999999973
EUR_GBP,1,4,ctr,56777,26.005248604188314,-92.64818502455608,24333,23.66744749928081,-87.10653373844016,-37401.20000000338
AUD_USD,3,4,trd,56776,34.13061857122728,-86.36659599481466,24333,32.01824682529898,-87.24300959993376,-37475.69999999524
CAD_JPY,1,8,trd,31543,36.10943791015439,-72.98860490619212,13519,35.19491086618833,-87.25861349537004,-37511.999999998676
EUR_GBP,3,4,ctr,56776,25.76088488093561,-93.5775220067433,24333,23.338675872272223,-87.3697039150746,-37519.500000003485
CAD_JPY,48,8,ctr,31538,36.790538398122905,-74.3869921655012,13519,35.82365559582809,-87.57604796506239,-37769.39999999837
CAD_JPY,12,8,trd,31542,36.64320588421786,-67.34755332496722,13519,35.180116872549746,-88.21767082933493,-37989.799999998686
NZD_USD,3,4,ctr,56776,32.2988586726786,-100.12530453769153,24333,30.44014301565775,-88.42471356123934,-37964.6000000081
CAD_JPY,3,8,ctr,31543,37.22220460958057,-71.43327003823234,13519,34.96560396479029,-88.68322585862023,-38134.19999999852
CAD_JPY,3,8,trd,31543,36.20771645055955,-72.19530246297512,13519,35.446408758044235,-89.0116063445084,-38277.89999999856
EUR_JPY,12,8,ctr,31542,39.75651512269355,-70.16872642487998,13519,38.46438346031511,-89.08031006319007,-38237.99999999964
CAD_JPY,12,8,ctr,31542,36.78587280451461,-76.2782307669495,13519,35.231895850284786,-89.47716137379366,-38412.39999999844
NZD_USD,48,4,ctr,56767,32.03445663854,-99.96158507790615,24333,30.473020178358606,-89.93037302313408,-38621.30000000829
CAD_JPY,48,8,trd,31538,36.63517027078445,-69.22733953111424,13519,34.58835712700644,-90.11878423806623,-38767.499999998814
EUR_USD,3,4,ctr,56776,33.748414823164715,-84.7958252897163,24333,34.110056302141125,-90.26597322181473,-38757.49999999992
CAD_JPY,1,8,ctr,31543,37.193672130108105,-70.31641253124248,13519,35.2171018566462,-90.43621870775858,-38834.89999999858
NZD_USD,1,4,ctr,56777,32.192613206051746,-99.70664479989489,24333,30.3579501089056,-90.58061296398664,-38896.60000000814
NZD_USD,12,4,ctr,56775,32.27653016292382,-99.5228089587984,24333,30.629186701187688,-90.83423448819416,-39006.30000000812
EUR_USD,48,4,ctr,56767,33.59874575017175,-86.33612266471488,24333,34.29088069699585,-91.82403382507496,-39435.60000000012
NZD_USD,12,4,trd,56775,31.207397622192868,-105.59457018939705,24333,29.70451650022603,-92.30915194715571,-39631.50000000829
EUR_USD,12,4,ctr,56775,33.777190664905326,-85.58604056550463,24333,33.96621871532487,-92.5238801797529,-39734.899999999994
NZD_USD,1,4,trd,56777,31.292600877115735,-105.41641075292816,24333,29.975753092508118,-92.56277347136323,-39739.40000000822
NZD_USD,48,4,trd,56767,31.414378071767047,-105.17471541904777,24333,29.860683023055113,-93.21301341221579,-40018.600000008126
EUR_JPY,12,8,trd,31542,38.56445374421406,-65.8911074007834,13519,36.97019010281826,-93.6408396196985,-40472.999999999796
NZD_USD,3,4,trd,56776,31.146963505706637,-105.03738626147836,24333,29.89356018575597,-94.71867287411052,-40678.80000000833
EUR_USD,1,4,ctr,56777,33.307501276925514,-87.31565101413575,24333,33.86347758188468,-95.42108106234716,-40974.10000000023
EUR_GBP,3,4,trd,56776,24.091165281104693,-102.2279643150062,24333,21.538651214400197,-95.46416644525564,-40989.80000000398
EUR_GBP,1,4,trd,56777,23.995632034098314,-103.39899663107363,24333,21.209879587391608,-95.72733662189006,-41102.70000000399
EUR_GBP,48,4,trd,56767,24.588229076752338,-99.12207470929955,24333,21.84687461472075,-95.9183096704208,-41183.60000000389
EUR_USD,1,4,trd,56777,32.328231502192786,-91.37746707633683,24333,32.67989972465376,-96.14444970714821,-41279.49999999929
EUR_GBP,12,4,trd,56775,23.924262439453987,-104.18044833480478,24333,21.850984260058357,-96.23900465557604,-41325.70000000409
EUR_JPY,48,8,trd,31538,38.53129557993532,-67.51714836147262,13519,36.94799911236038,-96.38805679100697,-41527.59999999961
EUR_JPY,1,8,trd,31543,38.55372031829566,-69.9196617235887,13519,37.132924032842666,-96.72435567159094,-41623.89999999956
EUR_JPY,3,8,trd,31543,38.41422819643027,-68.6746369752705,13519,37.243878985132035,-96.76953710014637,-41634.799999999785
NZD_JPY,12,8,trd,31542,34.978758480755815,-79.85088017071935,13519,32.02899622753162,-98.6692531451081,-42409.89999999985
EUR_USD,12,4,trd,56775,31.857331571994717,-93.10209822266305,24333,32.57715859121358,-99.04165058974246,-42525.8999999997
EUR_USD,48,4,trd,56767,32.20004580125777,-92.30471275155631,24333,32.2524966095426,-99.7414969444204,-42823.999999999534
NZD_JPY,1,8,ctr,31543,35.90971055384713,-78.48426086011469,13519,32.17693616391745,-100.22382033894391,-43035.10000000003
NZD_JPY,48,8,ctr,31538,35.5602764918511,-83.10405753860427,13519,32.16953916709816,-100.54800873352349,-43170.90000000015
NZD_JPY,3,8,trd,31543,34.77475192594237,-83.62041118762312,13519,31.770101338856428,-100.90992594988647,-43358.600000000035
EUR_USD,3,4,trd,56776,32.052275609412426,-93.86691905669645,24333,32.43332100439732,-101.29955754768062,-43496.09999999944
USD_JPY,3,4,ctr,56776,36.09095392419332,-99.36327211295108,24333,39.3991698516418,-102.58652957962042,-44060.700000003366
NZD_JPY,3,8,ctr,31543,36.20771645055955,-78.44392851144514,13519,31.79968932613359,-102.94192576504973,-44202.200000000164
NZD_JPY,48,8,trd,31538,35.423933033166335,-78.9439500489039,13519,31.40025149789186,-103.30384298141274,-44390.0
NZD_JPY,1,8,trd,31543,34.61623815109533,-83.35640857941677,13519,31.392854501072563,-103.6280313759923,-44515.70000000011
USD_JPY,12,4,ctr,56775,36.385733157199475,-99.6733830605003,24333,39.4525952410307,-105.09479754630352,-45115.20000000329
NZD_JPY,12,8,ctr,31542,36.0059603068924,-82.20987443068938,13519,31.54079443745839,-105.1825985698281,-45160.700000000244
USD_JPY,1,4,ctr,56777,36.21536889937827,-93.27099615685546,24333,39.42793736900506,-105.18516040341241,-45178.20000000303
USD_JPY,48,4,ctr,56767,36.15656983811017,-103.6937713275244,24333,39.40327949697941,-106.15236902603509,-45592.60000000361
USD_JPY,48,4,trd,56767,35.17888914334032,-94.90102055938985,24333,38.77039411498788,-106.60278594781448,-45836.800000003204
USD_JPY,1,4,trd,56777,34.87503742712718,-105.59028798941615,24333,38.74573624296223,-107.56999457043715,-46201.30000000381
USD_JPY,12,4,trd,56775,34.70541611624835,-99.18292178346641,24333,38.72107837093659,-107.66035742754605,-46325.900000003414
USD_JPY,3,4,trd,56776,35.24552627870931,-99.25293077387425,24333,38.77450376032549,-110.16862539422915,-47323.50000000346
GBP_USD,3,4,ctr,56776,34.0619275750317,-115.19765261462406,24333,33.682653187029956,-119.01556831440146,-51112.79999999803
GBP_JPY,3,8,ctr,31543,39.054623846812284,-100.81135280925365,13519,37.60633182927731,-120.75924540508154,-51876.60000000051
GBP_USD,48,4,ctr,56767,33.95106311765638,-117.86516444540689,24333,33.56758311757695,-121.177290066189,-52049.999999997795
GBP_USD,12,4,trd,56775,33.49889916336416,-121.9871304794521,24333,32.97168454362389,-122.76865450596027,-52729.499999997635
GBP_USD,1,4,trd,56777,33.765433185973194,-120.1770545055738,24333,32.44564994041014,-123.75263149381848,-53132.399999997164
GBP_USD,1,4,ctr,56777,34.288532328231504,-116.86910481233402,24333,33.66621460567953,-123.96083869551165,-53233.699999998455
GBP_JPY,48,8,ctr,31538,38.160314541188406,-105.26494037680578,13519,37.59153783563873,-124.68304287051055,-53856.10000000021
GBP_USD,12,4,ctr,56775,34.55394099515632,-115.05195822918277,24333,33.14018000246578,-124.94481568336987,-53649.899999997906
GBP_USD,48,4,trd,56767,33.56175242658587,-119.07921793338829,24333,32.54428142851272,-126.53618012314115,-54327.79999999773
GBP_JPY,12,8,ctr,31542,38.72297254454378,-103.45994329127784,13519,37.55455285154227,-126.87806845881084,-54466.700000000455
GBP_JPY,1,8,trd,31543,37.18416130361729,-106.78960274256742,13519,36.96279310599896,-128.63036262606443,-55316.10000000032
GBP_USD,3,4,trd,56776,33.45427645484007,-121.77501220126297,24333,32.429211359059714,-128.69790187492868,-55261.399999997535
GBP_JPY,1,8,ctr,31543,38.709063817645756,-101.10672502198153,13519,37.08854205192692,-131.10066887700444,-56465.60000000086
AUD_USD,48,2,ctr,94612,30.195958229400077,-138.1341115798278,40555,28.383676488719022,-131.13793191084403,-56313.299999993265
AUD_USD,1,2,ctr,94627,30.514546588183077,-134.38260563726652,40555,28.18641351251387,-131.6498328384923,-56530.29999999352
AUD_USD,12,2,ctr,94624,30.457389245857286,-135.43901441427556,40555,28.114905683639503,-132.47427746263833,-56884.1999999931
AUD_USD,3,2,ctr,94627,30.749151933380535,-132.45432102666996,40555,28.307237085439525,-132.62961773504108,-56943.79999999326
GBP_JPY,12,8,trd,31542,36.95073235685752,-104.5245181240667,13519,36.49678230638361,-132.852963044258,-57252.60000000043
GBP_JPY,48,8,trd,31538,37.51030502885408,-102.70249182465601,13519,36.45979732228715,-135.04798863255832,-58069.40000000089
GBP_JPY,3,8,trd,31543,36.619852265161846,-107.1775899781653,13519,36.44500332864857,-138.97178609798732,-59749.40000000045
AUD_USD,3,2,trd,94627,29.08366533864542,-143.33459449311508,40555,27.103932930588094,-139.86796206229562,-60066.09999999426
AUD_USD,12,2,trd,94624,29.37521136286777,-140.34203380786772,40555,27.296264332388116,-140.0233023346984,-60121.29999999446
AUD_USD,1,2,trd,94627,29.55921671404567,-141.4694474357448,40555,27.224756503513746,-140.8477469588444,-60477.799999993935
AUD_USD,48,2,trd,94612,29.635775588720247,-137.61636372616337,40555,27.027493527308593,-141.35964788649267,-60692.19999999419
AUD_JPY,48,4,ctr,56767,35.31276974298448,-112.63590116479858,24333,33.12785106645296,-142.7071723484625,-61272.799999999974
AUD_JPY,12,4,trd,56775,33.955085865257594,-113.3521240083357,24333,32.548391073850325,-144.6343698808955,-62126.79999999985
EUR_GBP,1,2,ctr,94627,20.346201401291385,-154.76428417590483,40555,17.694488965602268,-145.93112345922626,-62659.70000000778
AUD_JPY,3,4,ctr,56776,35.60483302804002,-110.12264811942133,24333,33.000452060987136,-146.47469796564363,-62901.1000000001
EUR_GBP,3,2,ctr,94627,20.55333044479905,-153.87697250517118,40555,17.657502157563805,-146.6128040848981,-62952.00000000818
AUD_JPY,1,4,trd,56777,33.86406467407577,-118.25842974144878,24333,32.23605802819217,-147.49523930547645,-63339.99999999993
AUD_JPY,1,4,ctr,56777,35.731017841731685,-107.62283919026837,24333,32.910039863559774,-147.90420110208734,-63517.99999999991
EUR_GBP,12,2,ctr,94624,20.35741460940142,-155.63695669786267,40555,17.37640241647146,-147.98734424639872,-63541.200000007695
CHF_JPY,48,8,trd,31538,35.23368634662946,-98.13836374593946,13519,32.916635845846585,-148.85021637420115,-64001.39999999989
AUD_JPY,3,4,trd,56776,34.24862618007609,-115.3460358233115,24333,32.145645830764806,-148.92474244192016,-63954.499999999745
EUR_GBP,48,2,ctr,94612,19.98583689172621,-159.49392426324073,40555,17.30982616200222,-149.19024155818283,-64057.700000007404
NZD_USD,1,2,ctr,94627,26.313842772147485,-167.43192799771722,40555,24.65787202564419,-149.49882605735286,-64193.800000015086
CHF_JPY,3,8,ctr,31543,36.27429223599531,-93.07700253905185,13519,33.286485686811154,-149.79413560066044,-64346.00000000016
NZD_USD,3,2,ctr,94627,26.42903188307777,-166.35669745799677,40555,24.596227345580076,-149.9422561602839,-64377.10000001487
CHF_JPY,12,8,trd,31542,35.46382600976476,-95.40572264100861,13519,33.175530734521786,-150.4508965724378,-64697.29999999968
AUD_JPY,12,4,ctr,56775,35.640686922060766,-112.52316976061557,24333,32.59770681790162,-150.76507052666827,-64736.29999999992
NZD_USD,48,2,ctr,94612,26.05906227539847,-169.41050356159425,40555,24.53704845271853,-151.45909453233676,-65036.10000001492
CHF_JPY,1,8,trd,31543,35.02520369020068,-100.30595362531062,13519,32.68732894444855,-151.74578699906357,-65219.499999999665
CHF_JPY,1,8,ctr,31543,36.2425894810259,-91.42616465288407,13519,33.2421037058954,-152.05064519482883,-65287.90000000001
EUR_USD,1,2,ctr,94627,28.330180603844568,-144.67412639918976,40555,28.760941930711382,-152.07905825814487,-65302.299999999355
NZD_USD,12,2,ctr,94624,26.20899560365235,-168.48843636077254,40555,24.25841449882875,-152.0823187736407,-65303.10000001475
AUD_JPY,48,4,trd,56767,34.539433121355714,-112.80818502454802,24333,32.01824682529898,-152.69226805910125,-65605.69999999988
NZD_USD,12,2,trd,94624,25.663679404802163,-173.62239579526587,40555,24.105535692269758,-153.15223363333826,-65756.0000000147
CHF_JPY,12,8,ctr,31542,35.993278802866016,-96.83836750017531,13519,32.753901915822176,-153.34553562145462,-65844.30000000009
NZD_USD,48,2,trd,94612,25.815964148311,-172.66617058063252,40555,23.826901738379977,-153.77545787464217,-66023.00000001452
CHF_JPY,3,8,trd,31543,35.183717465047714,-99.1705731137455,13519,32.64294696353281,-154.00229659323193,-66188.59999999969
CHF_JPY,48,8,ctr,31538,36.21979833851227,-94.08909552554609,13519,33.01279680449738,-154.94621581969125,-66597.19999999997
NZD_USD,3,2,trd,94627,25.443055364747906,-175.76269909800612,40555,23.76772284551843,-155.29229624669503,-66687.30000001474
EUR_GBP,48,2,trd,94612,18.988077622288927,-167.13705371522133,40555,16.641597830107262,-155.433662881382,-66739.50000000805
NZD_USD,1,2,trd,94627,25.56247159901508,-174.9215953526616,40555,23.706078165454322,-155.7357263496261,-66867.60000001441
EUR_USD,12,2,ctr,94624,28.52341900574907,-144.85855975656423,40555,28.67710516582419,-155.7725235955296,-66888.59999999931
EUR_USD,48,2,ctr,94612,28.246945419185725,-146.55978818205767,40555,28.706694612254964,-156.18264986194984,-67064.30000000025
EUR_GBP,12,2,trd,94624,18.621068650659453,-171.02967308510256,40555,16.575021575638022,-156.63656019316613,-67256.00000000761
EUR_USD,3,2,ctr,94627,28.43268834476418,-144.70589434789613,40555,28.474910615213904,-157.06392061273138,-67436.09999999961
EUR_GBP,3,2,trd,94627,18.426030625508577,-172.79881919403502,40555,16.29392183454568,-158.01110035466672,-67845.20000000735
CAD_JPY,3,4,ctr,56776,33.13547978018882,-125.82716841699465,24333,30.616857765174863,-158.29755992744478,-67976.1999999967
CAD_JPY,48,4,ctr,56767,32.90644212306446,-130.82808089390124,24333,30.53055521308511,-158.66017582569276,-68115.79999999696
EUR_GBP,1,2,trd,94627,18.644784258192693,-171.99227180668686,40555,16.256935026507215,-158.6927809803386,-68139.10000000741
EUR_JPY,3,4,ctr,56776,36.65457235451599,-119.36951125776628,24333,34.84979246291045,-159.56380439679575,-68526.7999999993
CAD_JPY,1,4,trd,56777,31.840357891399684,-135.7012244736641,24333,30.23877039411499,-159.7384748680088,-68588.49999999754
CAD_JPY,12,4,trd,56775,31.940114487010128,-129.19984904019753,24333,30.275757202153454,-160.12507884430315,-68769.49999999716
CAD_JPY,12,4,ctr,56775,33.12197269925143,-129.09827127317786,24333,30.452471951670574,-160.17328789435933,-68769.19999999709
EUR_JPY,48,4,ctr,56767,36.264026635192984,-122.79606793190881,24333,34.697735585418975,-160.3591372757386,-68843.9999999987
CAD_JPY,1,4,ctr,56777,33.22296000140902,-122.6025722443389,24333,30.489458759709038,-160.55989187065367,-68950.59999999659
EUR_JPY,12,4,ctr,56775,36.701012769704974,-122.27403787826316,24333,34.467595446512966,-161.58276215010815,-69374.69999999918
CAD_JPY,48,4,trd,56767,31.955185230855953,-127.29934893646175,24333,30.197673940738913,-161.6381909129697,-69445.39999999735
CAD_JPY,3,4,trd,56776,31.726433704382135,-132.32625337139993,24333,30.11137138864916,-162.00080681121767,-69560.69999999717
EUR_USD,3,2,trd,94627,27.080008876959006,-153.12987798733107,40555,27.574898286277893,-162.18339567713537,-69640.9000000001
EUR_USD,48,2,trd,94612,27.26398342704942,-151.24013317657418,40555,27.343114289236837,-163.0646664279169,-70018.0999999994
EUR_USD,12,2,trd,94624,26.98892458572878,-152.97014196939,40555,27.372703735667614,-163.4747926943372,-70187.30000000031
EUR_JPY,1,4,ctr,56777,36.69267485073181,-113.3274266689056,24333,34.40595076644885,-163.84392962350898,-70368.59999999899
EUR_JPY,1,4,trd,56777,34.651355302323125,-132.18992007429384,24333,33.403197304072656,-166.47190508646628,-71475.59999999899
EUR_USD,1,2,trd,94627,27.169835247867947,-153.30863494007698,40555,27.288866970780422,-167.1682580317219,-71773.60000000033
EUR_JPY,12,4,trd,56775,34.64376926464113,-123.23673618589379,24333,33.34155262400855,-168.73307255986714,-72494.69999999885
EUR_JPY,48,4,trd,56767,35.26520689837406,-122.40150801726877,24333,33.111412485102534,-169.95669743423664,-73048.79999999929
EUR_JPY,3,4,trd,56776,34.8738903762153,-125.85465416571948,24333,32.959355607611066,-170.75203031317946,-73309.99999999865
USD_JPY,3,2,ctr,94627,31.675948724993923,-164.22207055988827,40555,35.4678831216866,-171.19313147651079,-73544.70000000593
USD_JPY,12,2,ctr,94624,31.5691579303348,-171.17228030311827,40555,35.31500431512761,-173.3711558056127,-74432.80000000617
USD_JPY,1,2,ctr,94627,31.774229342576643,-159.74667364824114,40555,35.149796572555786,-173.5502512621001,-74526.00000000565
USD_JPY,48,2,ctr,94612,31.237052382361647,-170.80899040695334,40555,35.349525335963506,-175.01864769013412,-75155.80000000574
USD_JPY,48,2,trd,94612,30.70646429628377,-160.60948715163366,40555,34.725681173714705,-179.70307683422726,-77222.50000000595
NZD_JPY,48,4,ctr,56767,31.019782620184262,-145.2734352246111,24333,26.81954547322566,-180.95744371151585,-77693.89999999947
USD_JPY,1,2,trd,94627,30.256692064632716,-171.61016014781129,40555,34.925409937122424,-181.17147326226123,-77790.20000000595
USD_JPY,12,2,trd,94624,30.371787284409873,-160.27418093442228,40555,34.76020219455061,-181.3505687187487,-77941.70000000503
NZD_JPY,3,4,ctr,56776,31.52740594617444,-142.35655993439872,24333,27.09900135618296,-181.67662026500898,-78008.99999999994
NZD_JPY,1,4,ctr,56777,31.783997041055358,-138.49401555043903,24333,26.87708050795216,-182.23393551517304,-78250.79999999981
NZD_JPY,12,4,trd,56775,30.215763980625276,-148.0092630830173,24333,26.75790079316155,-182.94798840151043,-78554.89999999927
USD_JPY,3,2,trd,94627,30.264089530472276,-167.23146128692528,40555,34.60732338799162,-183.5285930478506,-78793.5000000055
NZD_JPY,12,4,ctr,56775,31.44165565830031,-143.42551655321554,24333,26.478444910204253,-184.38634150849612,-79166.19999999984
NZD_JPY,1,4,trd,56777,29.87301195906793,-152.94733676483622,24333,26.359265195413634,-185.10039439483344,-79472.79999999938
NZD_JPY,3,4,trd,56776,30.047907566577425,-148.70546913128848,24333,26.13734434718284,-185.65770964499754,-79712.09999999922
NZD_JPY,48,4,trd,56767,30.556485281941974,-145.75991305979989,24333,26.41680023014014,-186.37688619849067,-80041.99999999953
GBP_USD,1,2,ctr,94627,29.809673771756472,-189.09926239144235,40555,28.511897423252375,-198.31409909544865,-85155.99999999693
GBP_USD,3,2,ctr,94627,29.73569911336088,-190.4639895671692,40555,28.304771298236965,-201.14073310767031,-86361.49999999645
AUD_USD,3,1,ctr,141940,24.469494152458786,-201.75953684582768,60833,21.61491295842717,-202.78845788613665,-87068.29999999248
GBP_USD,48,2,ctr,94612,29.348285629729844,-197.8001948250764,40555,28.568610528911353,-202.84668137656035,-87104.89999999631
GBP_USD,12,2,ctr,94624,29.696482921880285,-193.93864630157736,40555,28.272716064603625,-203.7214310964182,-87479.89999999659
AUD_USD,12,1,ctr,141936,24.30672979370984,-204.63229551761862,60833,21.471898476156035,-203.9792447119162,-87587.89999999198
AUD_USD,48,1,ctr,141918,24.13365464564044,-206.0021015816975,60833,21.52943303798925,-204.0637852199859,-87623.39999999167
AUD_USD,1,1,ctr,141941,24.293896759921378,-203.63115699619448,60833,21.44888465142275,-204.4031117220708,-87769.09999999189
AUD_USD,1,1,trd,141941,23.71337386660655,-210.0494776672157,60833,21.26313020893265,-204.739876390579,-87906.19999999196
AUD_USD,48,1,trd,141918,23.872236079989854,-207.61937897033047,60833,21.18258182236615,-205.0792028926639,-88051.89999999215
AUD_USD,12,1,trd,141936,23.69870927742081,-209.03519378770665,60833,21.240116384199364,-205.16374340073367,-88088.19999999167
AUD_USD,3,1,trd,141940,23.633929829505426,-211.9186081664301,60833,21.09710190192823,-206.35453022651316,-88606.99999999155
GBP_USD,12,2,trd,94624,28.66397531281704,-201.02887402562234,40555,27.663666625570215,-209.4839263888634,-89945.6999999957
GBP_USD,48,2,trd,94612,29.012176045321947,-197.12938321855992,40555,27.367772161262483,-210.35867610872128,-90318.79999999586
GBP_USD,3,2,trd,94627,28.62607923742695,-204.51319060650204,40555,27.63161139193688,-212.06462437761127,-91063.09999999565
GBP_USD,1,2,trd,94627,28.50137909898866,-205.77355160591878,40555,27.424485266921465,-214.89125838983293,-92264.1999999956
EUR_GBP,3,1,ctr,141940,14.62871635902494,-236.60708444068175,60833,11.853763582266204,-221.7099277982682,-95196.50000000952
EUR_GBP,1,1,ctr,141941,14.69624703221761,-236.13912961006648,60833,11.8258182236615,-222.74747039730042,-95642.00000000812
EUR_GBP,12,1,ctr,141936,14.6847875098636,-238.05974609511475,60833,11.679516052142752,-223.69441724526075,-96048.60000000871
EUR_GBP,48,1,ctr,141918,14.38999985907355,-242.14894831999374,60833,11.587460753209607,-225.54639002808992,-96843.80000000917
NZD_USD,1,1,trd,141941,19.078349455055267,-260.4045643604621,60833,17.232423191359953,-226.25625082314622,-97144.70000001862
GBP_JPY,48,4,ctr,56767,33.97924850705515,-193.48144676394503,24333,33.67443389635474,-227.41117197879248,-97637.80000000133
NZD_USD,3,1,ctr,141940,19.708327462308016,-251.8413594285806,60833,17.123929446188747,-227.4754507122442,-97668.2000000195
NZD_USD,12,1,trd,141936,19.208657423063915,-258.6835183117947,60833,17.161737872536285,-228.2412060580611,-97997.00000001828
NZD_USD,48,1,trd,141918,19.306923716512355,-257.8915104871764,60833,17.046668748869855,-228.53907743497797,-98124.90000001955
GBP_JPY,12,4,ctr,56775,34.46939674152355,-185.71363558225107,24333,33.49771914683763,-229.26920000462337,-98433.90000000129
NZD_USD,48,1,ctr,141918,19.38725179328908,-255.51797666447527,60833,17.064751039731725,-229.3607273315849,-98484.90000001871
NZD_USD,12,1,ctr,141936,19.485542779844437,-254.77775358382786,60833,16.94968191606529,-229.65859870850176,-98612.80000001995
GBP_JPY,1,4,ctr,56777,34.67072934462899,-176.6055953921674,24333,33.74018822175646,-229.86610722826393,-98725.2000000016
NZD_USD,3,1,trd,141940,19.13907284768212,-261.63126527629714,60833,16.987490342412837,-230.42435405431866,-98941.60000001857
GBP_JPY,3,4,ctr,56776,34.622023390164856,-184.89902172516756,24333,33.74429786709407,-230.97002460635898,-99201.30000000205
EUR_GBP,48,1,trd,141918,13.903803604898604,-247.87215838924965,60833,11.237321848338896,-231.54783452516133,-99420.70000000844
NZD_USD,1,1,ctr,141941,19.616601263905427,-253.07094833975256,60833,16.87899659724163,-231.64355394341663,-99465.10000001985
EUR_GBP,12,1,trd,141936,13.613882313155226,-252.01513707902168,60833,11.145266549405749,-233.3998073079905,-100215.90000000902
EUR_GBP,1,1,trd,141941,13.604948534954664,-253.95148815935346,60833,10.998964377887003,-234.3467541559509,-100622.50000000952
EUR_GBP,3,1,trd,141940,13.436663378892492,-253.48044616130912,60833,10.971019019282299,-235.38429675498304,-101068.00000000859
EUR_USD,3,1,ctr,141940,22.343948147104413,-219.8732427706202,60833,21.77107819768875,-237.60191305753995,-102017.29999999821
GBP_JPY,3,4,trd,56776,33.16894462448922,-189.52071053853385,24333,32.77853121275634,-238.50717188637324,-102393.10000000084
EUR_USD,48,1,ctr,141918,21.99932355303767,-222.8092385816846,60833,22.00450413426923,-239.01488072270791,-102630.69999999729
EUR_USD,12,1,trd,141936,21.256059068876112,-225.31870735730803,60833,21.539296105732085,-239.183961738846,-102695.29999999826
EUR_USD,1,1,trd,141941,21.382828076454302,-226.12326302373495,60833,21.77765357618398,-239.31764287281766,-102752.69999999765
GBP_JPY,1,4,trd,56777,32.8425242615848,-198.32202570663551,24333,32.78264085809395,-239.61108926446835,-102867.10000000137
EUR_USD,1,1,ctr,141941,22.096504885832847,-220.72639642754294,60833,21.605049890684334,-239.69889028799517,-102925.69999999723
EUR_USD,12,1,ctr,141936,22.222691917483935,-221.5190017684381,60833,21.843407361136226,-239.83257142196686,-102982.29999999647
EUR_USD,48,1,trd,141918,21.47860031849378,-223.98515061400886,60833,21.37819933259908,-240.001652438105,-103046.39999999775
AUD_JPY,48,2,ctr,94612,30.50881494947787,-189.69329315641914,40555,27.767229688077922,-240.14325196677459,-103111.39999999836
GBP_JPY,12,4,trd,56775,33.04271246147072,-189.20432567008027,24333,33.02510993301278,-240.2079964881088,-103167.7000000016
AUD_JPY,3,2,ctr,94627,30.82735371511302,-184.23677451861417,40555,27.92257428183948,-240.26202788720306,-103162.39999999922
EUR_USD,3,1,trd,141940,21.387205861631674,-226.97372785741302,60833,21.61162526917956,-241.41462010327294,-103661.09999999644
GBP_JPY,48,4,trd,56767,33.811897757499956,-180.89994487200866,24333,32.84839518349567,-242.06602451393974,-103971.20000000173
AUD_JPY,1,2,ctr,94627,30.905555496845512,-182.26098736402798,40555,27.8239427937369,-242.7351288656808,-104225.59999999915
AUD_JPY,12,2,ctr,94624,30.756467703753803,-188.2137432695406,40555,27.582295647885584,-246.1982620750196,-105709.99999999857
AUD_JPY,12,2,trd,94624,29.583403787622593,-188.4797375986676,40555,26.914067315990632,-246.420908702332,-105822.09999999912
AUD_JPY,1,2,trd,94627,29.448254726452284,-194.27684051412893,40555,26.672420170139315,-249.88404191167083,-107292.59999999877
AUD_JPY,3,2,trd,94627,29.512718357339875,-192.46527074955853,40555,26.573788682036742,-252.3571428901485,-108363.29999999853
AUD_JPY,48,2,trd,94612,29.830254090390223,-186.9668263863462,40555,26.7291332757983,-252.475918810577,-108417.99999999964
CAD_JPY,48,2,ctr,94612,27.37919080032131,-218.33334373980802,40555,25.091850573295527,-262.1980772385323,-112581.3999999949
CAD_JPY,3,2,ctr,94627,27.840891077599416,-213.69681660557404,40555,25.02774010602885,-262.5662825918586,-112745.49999999582
USD_JPY,1,1,trd,141941,24.797627183125385,-249.6185988796763,60833,30.00838360758141,-263.31433799662307,-113069.60000000824
USD_JPY,3,1,trd,141940,24.719599830914472,-250.09701024513163,60833,30.00838360758141,-263.8371849404686,-113280.50000000805
CAD_JPY,1,2,ctr,94627,27.903241146818562,-209.81525128680963,40555,25.104179509308345,-264.1583457135149,-113426.99999999504
EUR_JPY,3,2,ctr,94627,31.995096536929207,-200.91365297029023,40555,29.850819874244856,-264.24125596386176,-113461.39999999804
CAD_JPY,12,2,ctr,94624,27.731865065945215,-216.72134441161853,40555,25.02034274442116,-265.19099753935296,-113863.69999999496
USD_JPY,12,1,ctr,141936,25.794019839927856,-249.15124156533807,60833,30.36016635707593,-265.26785254671853,-113894.30000000747
USD_JPY,48,1,trd,141918,25.082794289660228,-247.18461632699277,60833,29.81276609734848,-265.5657239236368,-114026.30000000945
USD_JPY,48,1,ctr,141918,25.430177990106962,-249.8549165670671,60833,30.374960958690185,-266.116052354951,-114267.30000000617
USD_JPY,12,1,trd,141936,24.71818284297148,-247.93061539831356,60833,29.827560698962735,-266.4139237318693,-114399.80000000786
CHF_JPY,3,4,ctr,56776,32.58947442581373,-165.44369258736452,24333,28.04421978383266,-266.47051696452274,-114424.10000000002
EUR_JPY,12,2,ctr,94624,31.889372675008453,-204.7860563728137,40555,29.660954259647394,-266.8878629437489,-114590.49999999785
USD_JPY,3,1,ctr,141940,25.901084965478372,-246.9939090487149,60833,30.179343448457253,-267.84459133811924,-115009.50000000748
USD_JPY,1,1,ctr,141941,25.714205197934355,-247.47520840950705,60833,30.179343448457253,-268.3674382819648,-115237.60000000725
EUR_JPY,48,2,ctr,94612,31.554136895954,-207.2576824509221,40555,29.38478609296018,-268.9687704908536,-115483.99999999783
CAD_JPY,12,2,trd,94624,26.74902773080825,-213.92875250693666,40555,24.389101220564665,-269.0924371844673,-115555.39999999477
EUR_JPY,1,2,ctr,94627,32.369196952244074,-193.9047870459072,40555,29.54752804832943,-270.0296024860485,-115946.79999999836
CAD_JPY,1,2,trd,94627,26.67737537912012,-220.59444491646477,40555,24.305264455677474,-270.1250890103053,-115993.89999999471
CHF_JPY,1,4,ctr,56777,32.49026894693274,-166.0193995198576,24333,28.072987301195905,-271.12373831775574,-116418.9999999995
CAD_JPY,3,2,trd,94627,26.6393312690881,-216.96174512689947,40555,24.38170385895697,-271.7171521319616,-116676.29999999424
CAD_JPY,48,2,trd,94612,27.10015642836004,-212.28239599284333,40555,24.3175933916903,-272.08535748528794,-116848.09999999503
CHF_JPY,48,4,ctr,56767,32.29693307731605,-170.72593564449778,24333,27.842847162289896,-273.2950087219688,-117343.99999999882
CHF_JPY,12,4,ctr,56775,32.58124174372523,-168.90898823343923,24333,27.752434964862534,-273.86210551852247,-117591.79999999973
CHF_JPY,12,4,trd,56775,30.853368560105682,-177.5703850067721,24333,27.60037808737106,-274.1329611958904,-117709.99999999978
CHF_JPY,48,4,trd,56767,31.245265735374428,-174.72770132090315,24333,27.5099658899437,-274.70005799244404,-117995.30000000054
CHF_JPY,1,4,trd,56777,30.945629392183456,-180.46674557148842,24333,27.279825751037684,-276.87132839665713,-118887.09999999976
EUR_JPY,1,2,trd,94627,30.24401069462204,-215.18991019472568,40555,28.57847367772161,-280.63349745271915,-120514.79999999824
CHF_JPY,3,4,trd,56776,30.956742285472732,-180.04589494067784,24333,27.308593268400937,-281.5245497498901,-120875.29999999938
EUR_JPY,48,2,trd,94612,30.9664735974295,-202.00561396575551,40555,28.741215633090867,-281.69432944791396,-120999.99999999836
EUR_JPY,12,2,trd,94624,30.63070679742983,-204.5134893646436,40555,28.465047466403647,-283.7752369950187,-121885.69999999854
EUR_JPY,3,2,trd,94627,30.525114396525304,-208.39485551131588,40555,28.27518185180619,-286.42184397490587,-122994.59999999798
NZD_JPY,3,2,ctr,94627,25.60368605154977,-237.53602307867007,40555,20.498089014918015,-299.8744978801556,-128757.59999999934
NZD_JPY,1,2,ctr,94627,25.79602016337832,-234.90934152678685,40555,20.416718037233387,-300.18541131892243,-128891.09999999909
NZD_JPY,48,2,ctr,94612,25.26000930114573,-244.2285041345983,40555,20.41918382443595,-301.8957845730843,-129625.49999999831
NZD_JPY,12,2,ctr,94624,25.50198681095705,-241.02850571532895,40555,20.298360251510296,-304.4524944837852,-130723.29999999856
NZD_JPY,12,2,trd,94624,24.675557997970916,-244.99800551279867,40555,20.009863148810258,-307.5234342617513,-132041.89999999935
GBP_USD,3,1,ctr,141940,23.867831478089332,-290.25378871554875,60833,21.734913615965016,-307.9854958815995,-132238.3999999944
GBP_USD,48,1,ctr,141918,23.427613128708128,-297.93595589760014,60833,21.853270428879064,-308.9932280535412,-132687.09999999314
GBP_USD,1,1,trd,141941,23.2448693471231,-301.30535018128273,60833,21.688885966498447,-309.2806192021847,-132792.69999999186
GBP_USD,12,1,ctr,141936,23.690959305602526,-295.30290083876747,60833,21.76943435306495,-309.8165082078821,-133040.8999999943
GBP_USD,12,1,trd,141936,23.2005974523729,-297.16605617521503,60833,21.432446205184686,-310.0503337453504,-133122.79999999324
NZD_JPY,48,2,trd,94612,24.91755802646599,-241.76125984251914,40555,19.889039575884603,-310.0801441724522,-133139.69999999966
GBP_USD,1,1,ctr,141941,23.647853685686307,-291.1798393582137,60833,21.512994591751188,-310.5862227510477,-133370.69999999536
GBP_USD,48,1,trd,141918,23.4628447413295,-294.47683458638306,60833,21.34861012937057,-310.8736138996911,-133476.99999999424
NZD_JPY,1,2,trd,94627,24.50569076479229,-251.15511198490344,40555,19.891505363087166,-311.79051742661403,-133874.09999999887
GBP_USD,3,1,trd,141940,23.122446103987603,-302.2278157262882,60833,21.466966942284614,-311.881346071633,-133918.69999999224
NZD_JPY,3,2,trd,94627,24.57332473818255,-248.49974965174465,40555,19.810134385402538,-312.1014308653809,-134007.5999999988
AUD_JPY,3,1,ctr,141940,25.016908552909676,-277.47908989418335,60833,21.75135206220308,-363.646919815624,-156141.09999999753
AUD_JPY,48,1,ctr,141918,24.686790963795996,-280.39477015184303,60833,21.373267798727664,-367.2709827524454,-157698.8999999981
AUD_JPY,1,1,ctr,141941,25.030822665755494,-276.6326085023499,60833,21.59847451218911,-368.6965266915416,-158306.89999999804
AUD_JPY,12,1,ctr,141936,24.982386427685718,-278.9574447485096,60833,21.2762809659231,-369.0987345632653,-158483.69999999873
AUD_JPY,12,1,trd,141936,23.934731146432195,-285.8601519477506,60833,21.36340473098483,-369.3325601007348,-158580.39999999802
AUD_JPY,1,1,trd,141941,23.887389830986113,-288.19902982641,60833,21.04121118471882,-369.73476797245854,-158757.19999999856
AUD_JPY,48,1,trd,141918,24.230189264223,-284.3726351771837,60833,21.266417898180265,-371.16031191155463,-159365.1999999989
AUD_JPY,3,1,trd,141940,23.805128927715934,-287.34876416482484,60833,20.888333634704846,-374.784374848376,-160924.9999999996
GBP_JPY,3,2,ctr,94627,29.74309657920044,-306.24103379799794,40555,28.504500061644677,-379.6630375564663,-163022.00000000125
GBP_JPY,1,2,ctr,94627,29.858285690130725,-298.26538653809797,40555,28.304771298236965,-381.5168734909881,-163818.50000000163
GBP_JPY,48,2,ctr,94612,29.206654546991924,-317.5639672393501,40555,28.403402786339537,-381.8273211418297,-163940.8000000009
GBP_JPY,12,2,ctr,94624,29.72290328035171,-310.85485531372217,40555,28.521760572062632,-384.39707311438303,-165043.60000000155
CAD_JPY,1,1,ctr,141941,21.310967232864357,-319.9793272014084,60833,18.55571811352391,-395.69801970817275,-169903.09999999526
CAD_JPY,3,1,ctr,141940,21.345639002395377,-319.7826447603649,60833,18.50969046405734,-396.2045640747038,-170121.39999999513
GBP_JPY,12,2,trd,94624,28.35961278322624,-313.69704106936257,40555,27.508322031808657,-398.0323158855421,-170930.90000000014
CAD_JPY,48,1,ctr,141918,21.013543031891654,-322.45145120974723,60833,18.37982673877665,-398.0413987500268,-170908.49999999514
CAD_JPY,12,1,ctr,141936,21.315240671852102,-321.50876969738283,60833,18.37653904952904,-398.1711206866518,-170964.19999999553
EUR_JPY,3,1,ctr,141940,26.432295336057486,-302.8415645283961,60833,23.74862328012756,-400.4127250672868,-171931.79999999574
GBP_JPY,48,2,trd,94612,28.875829704477233,-306.9370406741786,40555,27.626679817531745,-400.6020678580955,-172024.900000001
GBP_JPY,1,2,trd,94627,28.032168408593744,-326.0118515298497,40555,27.725311305634325,-400.912515508937,-172135.0000000005
GBP_JPY,3,2,trd,94627,28.340748412186795,-318.32380877107965,40555,27.525582542226605,-402.76635144345886,-172931.00000000047
CAD_JPY,12,1,trd,141936,20.536720775560816,-324.1717005700455,60833,18.052701658639226,-402.8776747570961,-172986.59999999637
CAD_JPY,48,1,trd,141918,20.83527107202751,-323.17783182998676,60833,18.049413969391615,-403.0073966937211,-173042.2999999969
CAD_JPY,3,1,trd,141940,20.555164153867832,-325.9086803860881,60833,17.919550244110926,-404.84423136904405,-173829.4999999971
CAD_JPY,1,1,trd,141941,20.540928977532918,-325.71548345665815,60833,17.873522594644353,-405.3507757355751,-174047.699999997
EUR_JPY,1,1,ctr,141941,26.43985881457789,-300.8538270482777,60833,23.56944421613269,-405.6849785705164,-174189.99999999764
EUR_JPY,48,1,ctr,141918,26.027706140165446,-304.47148934488285,60833,23.41327897687111,-408.41612605847354,-175363.7999999976
EUR_JPY,12,1,ctr,141936,26.34004058167061,-304.5904946699699,60833,23.50040274193283,-408.72936843685613,-175498.2999999961
EUR_JPY,12,1,trd,141936,25.212771953556533,-309.24853239016187,60833,22.82971413541992,-417.07116435428304,-179085.79999999792
EUR_JPY,48,1,trd,141918,25.52741724094195,-309.3139604224482,60833,22.916837900481646,-417.3844067326655,-179215.79999999705
EUR_JPY,1,1,trd,141941,25.11254676238719,-313.0001379187688,60833,22.76067266122006,-420.11555422062264,-180393.49999999764
EUR_JPY,3,1,trd,141940,25.047203043539522,-311.0082178247142,60833,22.58149359722519,-425.3878077238523,-182651.0999999982
CHF_JPY,3,2,ctr,94627,26.951081615183824,-282.0825544611262,40555,22.35482677844902,-447.4950341369855,-192145.19999999946
CHF_JPY,1,2,ctr,94627,27.06944106861678,-279.04418419467453,40555,22.364689927259278,-450.579714658687,-193469.69999999955
CHF_JPY,48,2,ctr,94612,26.623472709592868,-288.0607048083924,40555,22.150166440636173,-450.7071076556946,-193521.7999999986
CHF_JPY,12,2,ctr,94624,26.90226580994251,-285.43591539138623,40555,22.290716311182347,-450.83589801647145,-193575.90000000075
NZD_JPY,3,1,ctr,141940,19.134141186416795,-357.64994003101987,60833,13.903637828152482,-453.31645160172104,-194640.29999999574
NZD_JPY,1,1,ctr,141941,19.01494282835826,-358.44065323703853,60833,13.975966991599954,-454.71265090165383,-195239.7999999962
NZD_JPY,48,1,ctr,141918,18.800997759269436,-362.1070131101855,60833,13.783637170614634,-456.95169344870123,-196205.79999999487
NZD_JPY,12,1,ctr,141936,18.974749182730243,-360.93438741738066,60833,13.701444939424325,-458.40425308734564,-196829.49999999593
NZD_JPY,12,1,trd,141936,18.382933152970352,-368.1434212944194,60833,13.882267848043004,-459.42316416944743,-197262.39999999883
NZD_JPY,48,1,trd,141918,18.555081103172256,-366.9148282437075,60833,13.800075616852695,-460.87572380809195,-197886.0999999997
CHF_JPY,12,2,trd,94624,26.109655055799795,-291.5241083195905,40555,21.96030082603871,-462.5201880711159,-198606.09999999971
CHF_JPY,48,2,trd,94612,26.38777322115588,-288.84982463767363,40555,22.100850696584885,-462.6489784318928,-198666.90000000142
CHF_JPY,1,2,trd,94627,25.897471123463706,-297.703123721839,40555,21.88632720996178,-462.7763714289004,-198702.90000000078
NZD_JPY,1,1,trd,141941,18.343537103444387,-370.65249172586067,60833,13.607745795867373,-463.1147663551394,-198852.09999999843
NZD_JPY,3,1,trd,141940,18.290122587008597,-371.43912190398925,60833,13.680074959314844,-464.5109656550722,-199451.5999999984
CHF_JPY,3,2,trd,94627,26.060215371934014,-294.8875274405064,40555,21.89619035877204,-465.86105195060185,-200030.8000000014
GBP_JPY,3,1,ctr,141940,23.871354093278853,-461.50523992530617,60833,22.648891226801243,-572.9277626699675,-246003.7000000026
GBP_JPY,1,1,ctr,141941,23.618968444635446,-464.0190904869588,60833,22.607795111206087,-578.2426357681746,-248281.9000000026
GBP_JPY,12,1,ctr,141936,23.52539172584827,-464.7780357442734,60833,22.387519931616065,-580.5732056421385,-249283.60000000198
GBP_JPY,48,1,ctr,141918,23.2267929367663,-467.98122091701725,60833,22.348067660644716,-583.3546582258056,-250481.40000000343
GBP_JPY,48,1,trd,141918,23.086571118533236,-468.44897657554134,60833,22.228067003106865,-589.4681247184183,-253104.70000000167
GBP_JPY,12,1,trd,141936,22.78843986021869,-471.72973927819567,60833,22.18861473213552,-592.2495773020853,-254299.00000000282
GBP_JPY,1,1,trd,141941,22.696754285231187,-472.51139015402055,60833,21.968339552545494,-594.5801471760491,-255306.30000000226
GBP_JPY,3,1,trd,141940,22.57573622657461,-475.0199626552301,60833,21.927243436950338,-599.8950202742565,-257580.00000000306
CHF_JPY,3,1,ctr,141940,21.030012681414682,-427.18012072833193,60833,15.856525241234198,-674.2384991278014,-289503.60000000166
CHF_JPY,1,1,ctr,141941,21.127088015443036,-425.7807376085622,60833,15.864744464353228,-674.7175620068607,-289706.60000000056
CHF_JPY,12,1,ctr,141936,21.088377860444144,-426.0588814353145,60833,15.67570233261552,-682.5763358478769,-293082.80000000016
CHF_JPY,48,1,ctr,141918,20.907848194027537,-428.1081630919212,60833,15.534331694968193,-683.6485796471893,-293543.1999999999
CHF_JPY,48,1,trd,141918,20.631632351075975,-436.96942905977215,60833,15.733236894448737,-686.5024622529265,-294767.70000000123
CHF_JPY,12,1,trd,141936,20.450061999774547,-439.0925039765374,60833,15.591866256801406,-687.574706052239,-295228.1000000013
CHF_JPY,1,1,trd,141941,20.41129765184126,-439.3875774311265,60833,15.402824125063699,-695.4334798932549,-298604.2999999986
CHF_JPY,3,1,trd,141940,20.34803438072425,-437.9838125253284,60833,15.41104334818273,-695.9125427723143,-298809.0999999982
