spike,m1_min,peak_mode,peak_frac,tp_K,sl_K,max_hold,n,sum_pips,ppd,wr,tp_pct,sl_pct,time_pct,mean_pnl,mdd,mean_sp_entry
30.0,0.0,0,0.3,1.0,1.0,12,13458,-32626.8,-91.62,13.5,10.1,80.1,9.8,-2.42,32624.3,3.23
30.0,0.0,0,0.3,1.0,1.0,60,13330,-31656.3,-88.89,14.2,13.8,84.5,1.7,-2.37,31653.8,3.19
30.0,0.0,0,0.3,1.0,1.0,120,13306,-31391.9,-88.15,14.4,14.2,84.9,0.9,-2.36,31389.4,3.18
30.0,0.0,0,0.3,1.0,2.0,12,12857,-34753.6,-97.59,25.0,16.5,34.8,48.7,-2.7,34750.9,3.2
30.0,0.0,0,0.3,1.0,2.0,60,12121,-29996.8,-84.23,35.3,32.6,53.9,13.5,-2.47,29991.8,3.07
30.0,0.0,0,0.3,1.0,2.0,120,11965,-28663.4,-80.49,37.2,36.0,57.6,6.4,-2.4,28658.4,3.01
30.0,0.0,0,0.3,1.0,3.0,12,12636,-35648.3,-100.1,27.2,17.8,15.4,66.8,-2.82,35645.6,3.21
30.0,0.0,0,0.3,1.0,3.0,60,11459,-29042.1,-81.55,44.6,41.0,34.9,24.1,-2.53,29034.6,3.08
30.0,0.0,0,0.3,1.0,3.0,120,11198,-27326.9,-76.74,49.1,47.4,40.6,12.0,-2.44,27319.4,3.02
30.0,0.0,0,0.3,2.0,1.0,12,13369,-31686.2,-88.98,12.0,4.9,81.0,14.2,-2.37,31683.7,3.23
30.0,0.0,0,0.3,2.0,1.0,60,13133,-30340.7,-85.2,10.8,9.3,87.6,3.0,-2.31,30338.2,3.19
30.0,0.0,0,0.3,2.0,1.0,120,13086,-29982.1,-84.19,10.8,10.0,88.4,1.6,-2.29,29979.6,3.18
30.0,0.0,0,0.3,2.0,2.0,12,12734,-33186.7,-93.19,23.0,7.6,35.2,57.2,-2.61,33184.0,3.21
30.0,0.0,0,0.3,2.0,2.0,60,11721,-27632.4,-77.59,28.9,21.4,58.0,20.6,-2.36,27627.4,3.08
30.0,0.0,0,0.3,2.0,2.0,120,11477,-26116.7,-73.34,29.7,25.9,63.5,10.7,-2.28,26113.5,3.02
30.0,0.0,0,0.3,2.0,3.0,12,12516,-34050.1,-95.62,25.1,8.1,15.6,76.3,-2.72,34047.4,3.21
30.0,0.0,0,0.3,2.0,3.0,60,10993,-26631.4,-74.78,37.1,26.7,38.2,35.1,-2.42,26623.9,3.1
30.0,0.0,0,0.3,2.0,3.0,120,10576,-24411.9,-68.55,40.4,34.5,46.0,19.5,-2.31,24404.7,3.03
30.0,0.0,0,0.3,3.0,1.0,12,13315,-31401.6,-88.18,11.5,2.5,81.2,16.2,-2.36,31399.1,3.24
30.0,0.0,0,0.3,3.0,1.0,60,12953,-29683.4,-83.35,9.1,6.4,89.2,4.4,-2.29,29680.9,3.2
30.0,0.0,0,0.3,3.0,1.0,120,12880,-29290.9,-82.25,8.8,7.3,90.3,2.4,-2.27,29288.4,3.19
30.0,0.0,0,0.3,3.0,2.0,12,12666,-32715.7,-91.87,22.4,3.7,35.3,61.1,-2.58,32713.0,3.21
30.0,0.0,0,0.3,3.0,2.0,60,11412,-26362.2,-74.03,26.1,14.1,59.7,26.2,-2.31,26357.3,3.09
30.0,0.0,0,0.3,3.0,2.0,120,11062,-24577.5,-69.02,25.8,18.6,66.5,14.9,-2.22,24580.4,3.03
30.0,0.0,0,0.3,3.0,3.0,12,12444,-33578.7,-94.29,24.3,3.9,15.6,80.5,-2.7,33576.0,3.22
30.0,0.0,0,0.3,3.0,3.0,60,10648,-25046.1,-70.33,33.8,17.5,39.3,43.2,-2.35,25038.6,3.11
30.0,0.0,0,0.3,3.0,3.0,120,10064,-22598.2,-63.46,35.7,24.7,48.6,26.7,-2.25,22591.8,3.05
30.0,0.0,0,0.5,1.0,1.0,12,16441,-38630.1,-108.48,14.3,11.1,79.6,9.3,-2.35,38627.6,3.19
30.0,0.0,0,0.5,1.0,1.0,60,16270,-37407.2,-105.04,14.9,14.6,84.0,1.5,-2.3,37404.7,3.15
30.0,0.0,0,0.5,1.0,1.0,120,16242,-37186.3,-104.42,15.0,14.9,84.3,0.8,-2.29,37183.8,3.14
30.0,0.0,0,0.5,1.0,2.0,12,15541,-41363.2,-116.15,25.8,17.5,35.6,46.9,-2.66,41360.5,3.16
30.0,0.0,0,0.5,1.0,2.0,60,14583,-35493.2,-99.67,35.7,33.1,54.3,12.5,-2.43,35488.2,3.02
30.0,0.0,0,0.5,1.0,2.0,120,14397,-34010.6,-95.5,37.4,36.3,57.8,5.9,-2.36,34005.6,2.97
30.0,0.0,0,0.5,1.0,3.0,12,15175,-42476.2,-119.28,28.1,18.8,16.2,65.0,-2.8,42473.5,3.17
30.0,0.0,0,0.5,1.0,3.0,60,13601,-34424.2,-96.67,44.9,41.4,35.7,22.9,-2.53,34416.7,3.04
30.0,0.0,0,0.5,1.0,3.0,120,13259,-32387.2,-90.95,49.2,47.5,41.1,11.4,-2.44,32379.7,2.98
30.0,0.0,0,0.5,2.0,1.0,12,16270,-37347.5,-104.87,12.4,5.3,80.7,14.0,-2.3,37345.0,3.2
30.0,0.0,0,0.5,2.0,1.0,60,15923,-35683.0,-100.2,11.2,9.8,87.4,2.8,-2.24,35680.5,3.15
30.0,0.0,0,0.5,2.0,1.0,120,15867,-35310.3,-99.15,11.1,10.5,88.1,1.4,-2.23,35307.8,3.14
30.0,0.0,0,0.5,2.0,2.0,12,15321,-39241.9,-110.19,23.5,8.0,36.0,56.0,-2.56,39239.2,3.17
30.0,0.0,0,0.5,2.0,2.0,60,13922,-32406.2,-91.0,29.1,21.8,58.6,19.6,-2.33,32401.2,3.04
30.0,0.0,0,0.5,2.0,2.0,120,13619,-30668.4,-86.12,29.7,26.2,63.9,9.9,-2.25,30665.2,2.98
30.0,0.0,0,0.5,2.0,3.0,12,14971,-40358.3,-113.33,25.6,8.6,16.5,75.0,-2.7,40355.6,3.18
30.0,0.0,0,0.5,2.0,3.0,60,12864,-31277.7,-87.83,37.1,27.1,39.1,33.8,-2.43,31270.2,3.06
30.0,0.0,0,0.5,2.0,3.0,120,12316,-28676.3,-80.53,40.2,34.6,46.7,18.7,-2.33,28669.1,3.0
30.0,0.0,0,0.5,3.0,1.0,12,16181,-36823.6,-103.4,11.9,2.7,80.9,16.4,-2.28,36821.1,3.2
30.0,0.0,0,0.5,3.0,1.0,60,15650,-34650.0,-97.3,9.5,6.8,89.0,4.2,-2.21,34651.1,3.16
30.0,0.0,0,0.5,3.0,1.0,120,15556,-34220.0,-96.09,9.1,7.7,90.0,2.3,-2.2,34221.0,3.15
30.0,0.0,0,0.5,3.0,2.0,12,15209,-38525.7,-108.18,22.9,3.8,36.1,60.1,-2.53,38523.0,3.17
30.0,0.0,0,0.5,3.0,2.0,60,13448,-30582.2,-85.88,26.2,14.5,60.3,25.2,-2.27,30579.2,3.05
30.0,0.0,0,0.5,3.0,2.0,120,12998,-28545.9,-80.16,25.7,18.9,67.1,14.0,-2.2,28550.7,3.0
30.0,0.0,0,0.5,3.0,3.0,12,14850,-39714.4,-111.52,24.9,4.0,16.5,79.5,-2.67,39711.7,3.18
30.0,0.0,0,0.5,3.0,3.0,60,12377,-29208.6,-82.02,33.8,17.9,40.1,42.0,-2.36,29201.0,3.08
30.0,0.0,0,0.5,3.0,3.0,120,11619,-26437.8,-74.24,35.4,24.8,49.4,25.8,-2.28,26431.3,3.03
30.0,0.0,0,0.7,1.0,1.0,12,17815,-41433.1,-116.35,14.5,11.3,79.5,9.3,-2.33,41430.6,3.18
30.0,0.0,0,0.7,1.0,1.0,60,17619,-39999.7,-112.32,15.2,14.8,83.8,1.4,-2.27,39997.2,3.13
30.0,0.0,0,0.7,1.0,1.0,120,17578,-39661.1,-111.37,15.3,15.1,84.1,0.8,-2.26,39658.6,3.12
30.0,0.0,0,0.7,1.0,2.0,12,16737,-44315.7,-124.44,26.1,17.8,36.1,46.1,-2.65,44313.0,3.15
30.0,0.0,0,0.7,1.0,2.0,60,15655,-37683.5,-105.82,36.0,33.5,54.4,12.1,-2.41,37678.5,3.01
30.0,0.0,0,0.7,1.0,2.0,120,15458,-36048.4,-101.23,37.6,36.6,57.8,5.6,-2.33,36043.4,2.95
30.0,0.0,0,0.7,1.0,3.0,12,16284,-45586.7,-128.01,28.4,19.1,16.7,64.2,-2.8,45584.0,3.16
30.0,0.0,0,0.7,1.0,3.0,60,14509,-36624.2,-102.84,45.1,41.7,36.0,22.3,-2.52,36616.7,3.03
30.0,0.0,0,0.7,1.0,3.0,120,14147,-34379.8,-96.54,49.3,47.7,41.3,11.0,-2.43,34372.3,2.97
30.0,0.0,0,0.7,2.0,1.0,12,17590,-39880.8,-111.99,12.7,5.5,80.5,14.0,-2.27,39878.3,3.19
30.0,0.0,0,0.7,2.0,1.0,60,17188,-37713.1,-105.9,11.6,10.2,87.1,2.8,-2.19,37710.6,3.14
30.0,0.0,0,0.7,2.0,1.0,120,17117,-37235.3,-104.56,11.5,10.9,87.8,1.4,-2.18,37232.8,3.13
30.0,0.0,0,0.7,2.0,2.0,12,16458,-41880.5,-117.6,23.8,8.2,36.4,55.3,-2.54,41877.8,3.16
30.0,0.0,0,0.7,2.0,2.0,60,14869,-34123.9,-95.82,29.3,22.1,58.7,19.1,-2.29,34118.9,3.03
30.0,0.0,0,0.7,2.0,2.0,120,14542,-32121.4,-90.2,30.0,26.5,63.9,9.6,-2.21,32118.2,2.97
30.0,0.0,0,0.7,2.0,3.0,12,16028,-43111.7,-121.06,25.9,8.8,16.9,74.3,-2.69,43109.0,3.17
30.0,0.0,0,0.7,2.0,3.0,60,13669,-32715.9,-91.87,37.5,27.6,39.3,33.1,-2.39,32708.4,3.05
30.0,0.0,0,0.7,2.0,3.0,120,13078,-29760.4,-83.57,40.7,35.0,46.7,18.3,-2.28,29753.2,2.99
30.0,0.0,0,0.7,3.0,1.0,12,17470,-39310.9,-110.39,12.1,2.8,80.8,16.4,-2.25,39308.4,3.19
30.0,0.0,0,0.7,3.0,1.0,60,16854,-36446.2,-102.34,9.9,7.1,88.7,4.2,-2.16,36447.3,3.15
30.0,0.0,0,0.7,3.0,1.0,120,16744,-35924.0,-100.88,9.4,8.0,89.8,2.2,-2.15,35925.1,3.14
30.0,0.0,0,0.7,3.0,2.0,12,16319,-41070.9,-115.33,23.1,4.0,36.5,59.5,-2.52,41068.2,3.16
30.0,0.0,0,0.7,3.0,2.0,60,14321,-31897.9,-89.57,26.5,14.8,60.4,24.8,-2.23,31894.8,3.04
30.0,0.0,0,0.7,3.0,2.0,120,13838,-29695.3,-83.39,26.1,19.2,67.0,13.8,-2.15,29700.1,2.99
30.0,0.0,0,0.7,3.0,3.0,12,15883,-42367.5,-118.97,25.1,4.2,16.9,78.9,-2.67,42364.8,3.17
30.0,0.0,0,0.7,3.0,3.0,60,13114,-30404.5,-85.38,34.1,18.3,40.4,41.3,-2.32,30397.0,3.07
30.0,0.0,0,0.7,3.0,3.0,120,12297,-26890.7,-75.51,36.0,25.4,49.3,25.3,-2.19,26884.2,3.02
30.0,0.0,1,0.5,1.0,1.0,12,38845,-98217.1,-275.8,13.0,9.8,81.2,9.0,-2.53,98214.8,3.29
30.0,0.0,1,0.5,1.0,1.0,60,38030,-93829.0,-263.48,13.5,13.1,85.6,1.2,-2.47,93826.7,3.22
30.0,0.0,1,0.5,1.0,1.0,120,37872,-92563.7,-259.93,13.6,13.5,86.0,0.6,-2.44,92561.4,3.2
30.0,0.0,1,0.5,1.0,2.0,12,34027,-96291.1,-270.39,23.7,15.5,35.2,49.3,-2.83,96286.9,3.18
30.0,0.0,1,0.5,1.0,2.0,60,30121,-75064.6,-210.79,34.6,31.9,55.0,13.1,-2.49,75060.1,2.95
30.0,0.0,1,0.5,1.0,2.0,120,29475,-70921.4,-199.15,36.6,35.5,58.7,5.8,-2.41,70918.8,2.88
30.0,0.0,1,0.5,1.0,3.0,12,32427,-96817.1,-271.87,25.4,16.3,14.8,68.9,-2.99,96813.0,3.2
30.0,0.0,1,0.5,1.0,3.0,60,26341,-68916.9,-193.52,43.2,39.4,35.2,25.4,-2.62,68910.1,2.99
30.0,0.0,1,0.5,1.0,3.0,120,25196,-63149.0,-177.33,48.1,46.4,41.4,12.1,-2.51,63144.1,2.9
30.0,0.0,1,0.5,2.0,1.0,12,38103,-94976.7,-266.7,11.4,4.7,82.3,13.1,-2.49,94974.4,3.3
30.0,0.0,1,0.5,2.0,1.0,60,36369,-88088.6,-247.36,10.3,8.9,88.7,2.4,-2.42,88086.3,3.24
30.0,0.0,1,0.5,2.0,1.0,120,36122,-86480.0,-242.84,10.1,9.5,89.4,1.1,-2.39,86477.7,3.22
30.0,0.0,1,0.5,2.0,2.0,12,33244,-92446.3,-259.6,21.2,6.7,35.6,57.7,-2.78,92442.1,3.19
30.0,0.0,1,0.5,2.0,2.0,60,27736,-66985.6,-188.1,28.0,20.4,58.8,20.8,-2.42,66983.8,2.98
30.0,0.0,1,0.5,2.0,2.0,120,26643,-61595.6,-172.97,28.9,25.3,64.6,10.2,-2.31,61601.4,2.9
30.0,0.0,1,0.5,2.0,3.0,12,31715,-92576.1,-259.96,23.0,6.9,14.8,78.3,-2.92,92571.9,3.21
30.0,0.0,1,0.5,2.0,3.0,60,24105,-61302.3,-172.14,35.5,24.9,37.7,37.4,-2.54,61298.6,3.02
30.0,0.0,1,0.5,2.0,3.0,120,22356,-53696.3,-150.78,39.3,33.2,46.3,20.5,-2.4,53694.3,2.94
30.0,0.0,1,0.5,3.0,1.0,12,37750,-93686.1,-263.08,10.9,2.4,82.6,15.0,-2.48,93683.8,3.3
30.0,0.0,1,0.5,3.0,1.0,60,35195,-85286.2,-239.49,8.7,6.0,90.1,3.9,-2.42,85283.9,3.26
30.0,0.0,1,0.5,3.0,1.0,120,34741,-83019.1,-233.12,8.2,7.0,91.2,1.8,-2.39,83016.8,3.23
30.0,0.0,1,0.5,3.0,2.0,12,32907,-90658.2,-254.58,20.7,3.3,35.6,61.1,-2.75,90654.0,3.19
30.0,0.0,1,0.5,3.0,2.0,60,26319,-62115.8,-174.43,25.5,13.3,59.9,26.8,-2.36,62117.7,3.0
30.0,0.0,1,0.5,3.0,2.0,120,24740,-55198.4,-155.0,25.5,18.3,67.0,14.7,-2.23,55213.7,2.92
30.0,0.0,1,0.5,3.0,3.0,12,31429,-90886.2,-255.22,22.5,3.3,14.7,82.0,-2.89,90882.0,3.22
30.0,0.0,1,0.5,3.0,3.0,60,22859,-57227.9,-160.7,32.4,15.7,38.4,45.9,-2.5,57225.1,3.05
30.0,0.0,1,0.5,3.0,3.0,120,20625,-48587.6,-136.44,34.7,23.5,48.5,28.1,-2.36,48593.9,2.97
30.0,5.0,0,0.3,1.0,1.0,12,5741,-13178.5,-37.01,16.6,13.7,78.4,7.9,-2.3,13176.3,3.31
30.0,5.0,0,0.3,1.0,1.0,60,5714,-12982.6,-36.46,17.1,16.7,81.9,1.4,-2.27,12980.4,3.28
30.0,5.0,0,0.3,1.0,1.0,120,5711,-12873.7,-36.15,17.2,16.9,82.0,1.0,-2.25,12871.5,3.27
30.0,5.0,0,0.3,1.0,2.0,12,5530,-14339.5,-40.27,29.9,22.0,39.3,38.7,-2.59,14338.3,3.28
30.0,5.0,0,0.3,1.0,2.0,60,5391,-12949.4,-36.36,38.2,36.3,54.3,9.3,-2.4,12951.6,3.17
30.0,5.0,0,0.3,1.0,2.0,120,5356,-12540.4,-35.21,39.0,38.3,56.7,5.0,-2.34,12542.7,3.14
30.0,5.0,0,0.3,1.0,3.0,12,5432,-14955.1,-42.0,33.2,24.2,20.3,55.5,-2.75,14953.9,3.29
30.0,5.0,0,0.3,1.0,3.0,60,5189,-13044.5,-36.63,48.3,45.7,38.0,16.3,-2.51,13046.7,3.19
30.0,5.0,0,0.3,1.0,3.0,120,5129,-12783.1,-35.9,50.4,49.5,42.1,8.4,-2.49,12785.4,3.14
30.0,5.0,0,0.3,2.0,1.0,12,5710,-12531.4,-35.19,14.6,7.4,79.6,13.0,-2.19,12529.2,3.31
30.0,5.0,0,0.3,2.0,1.0,60,5655,-12150.1,-34.12,13.3,12.1,85.4,2.5,-2.15,12147.9,3.28
30.0,5.0,0,0.3,2.0,1.0,120,5648,-12035.0,-33.8,13.2,12.5,85.9,1.6,-2.13,12032.8,3.27
30.0,5.0,0,0.3,2.0,2.0,12,5488,-13368.0,-37.54,27.1,11.4,40.0,48.6,-2.44,13366.8,3.29
30.0,5.0,0,0.3,2.0,2.0,60,5266,-11516.6,-32.34,31.6,26.0,59.0,14.9,-2.19,11521.0,3.18
30.0,5.0,0,0.3,2.0,2.0,120,5211,-10899.6,-30.61,32.0,29.5,62.8,7.7,-2.09,10904.1,3.14
30.0,5.0,0,0.3,2.0,3.0,12,5387,-13874.6,-38.96,30.2,12.5,20.6,66.9,-2.58,13873.4,3.3
30.0,5.0,0,0.3,2.0,3.0,60,5026,-11203.7,-31.46,41.0,33.0,41.7,25.3,-2.23,11208.1,3.2
30.0,5.0,0,0.3,2.0,3.0,120,4929,-10523.0,-29.55,42.9,39.1,47.4,13.5,-2.13,10527.5,3.15
30.0,5.0,0,0.3,3.0,1.0,12,5684,-12391.1,-34.8,13.7,4.0,80.2,15.8,-2.18,12388.9,3.31
30.0,5.0,0,0.3,3.0,1.0,60,5600,-11784.9,-33.09,11.1,8.7,87.5,3.8,-2.1,11782.7,3.28
30.0,5.0,0,0.3,3.0,1.0,120,5589,-11645.7,-32.7,10.7,9.6,88.4,2.0,-2.08,11643.5,3.28
30.0,5.0,0,0.3,3.0,2.0,12,5456,-13152.0,-36.93,26.0,5.8,40.2,54.0,-2.41,13150.8,3.29
30.0,5.0,0,0.3,3.0,2.0,60,5162,-10884.5,-30.56,27.9,18.3,61.7,20.0,-2.11,10891.1,3.19
30.0,5.0,0,0.3,3.0,2.0,120,5084,-10246.6,-28.77,27.4,22.3,66.8,10.9,-2.02,10253.3,3.15
30.0,5.0,0,0.3,3.0,3.0,12,5353,-13642.1,-38.31,29.0,6.3,20.8,72.9,-2.55,13640.9,3.3
30.0,5.0,0,0.3,3.0,3.0,60,4897,-10344.3,-29.05,36.9,23.3,43.6,33.1,-2.11,10350.9,3.21
30.0,5.0,0,0.3,3.0,3.0,120,4764,-9456.5,-26.55,37.9,30.1,50.9,19.1,-1.98,9463.2,3.16
30.0,5.0,0,0.5,1.0,1.0,12,7211,-15869.4,-44.56,17.4,14.7,77.7,7.6,-2.2,15867.2,3.25
30.0,5.0,0,0.5,1.0,1.0,60,7175,-15542.5,-43.64,18.0,17.6,81.1,1.3,-2.17,15540.3,3.22
30.0,5.0,0,0.5,1.0,1.0,120,7172,-15463.4,-43.42,18.0,17.8,81.2,1.0,-2.16,15461.2,3.21
30.0,5.0,0,0.5,1.0,2.0,12,6875,-17447.7,-48.99,30.7,23.0,40.4,36.6,-2.54,17447.7,3.23
30.0,5.0,0,0.5,1.0,2.0,60,6700,-15778.3,-44.31,38.4,36.7,54.7,8.5,-2.35,15783.4,3.12
30.0,5.0,0,0.5,1.0,2.0,120,6661,-15330.6,-43.05,39.3,38.6,56.9,4.5,-2.3,15335.8,3.09
30.0,5.0,0,0.5,1.0,3.0,12,6698,-18275.8,-51.32,33.9,25.1,21.3,53.5,-2.73,18275.8,3.24
30.0,5.0,0,0.5,1.0,3.0,60,6367,-15782.8,-44.32,48.5,46.0,38.6,15.4,-2.48,15787.9,3.13
30.0,5.0,0,0.5,1.0,3.0,120,6292,-15390.6,-43.22,50.7,49.8,42.5,7.7,-2.45,15395.8,3.09
30.0,5.0,0,0.5,2.0,1.0,12,7148,-15060.6,-42.29,14.9,7.9,79.2,12.9,-2.11,15058.4,3.25
30.0,5.0,0,0.5,2.0,1.0,60,7066,-14501.6,-40.72,13.8,12.6,85.0,2.4,-2.05,14499.4,3.22
30.0,5.0,0,0.5,2.0,1.0,120,7055,-14400.3,-40.44,13.6,13.1,85.5,1.4,-2.04,14398.1,3.22
30.0,5.0,0,0.5,2.0,2.0,12,6794,-16207.0,-45.51,27.5,11.7,41.2,47.1,-2.39,16207.0,3.23
30.0,5.0,0,0.5,2.0,2.0,60,6489,-14008.7,-39.34,31.6,26.3,59.8,13.9,-2.16,14013.1,3.13
30.0,5.0,0,0.5,2.0,2.0,120,6428,-13361.1,-37.52,31.9,29.5,63.3,7.2,-2.08,13365.5,3.09
30.0,5.0,0,0.5,2.0,3.0,12,6616,-16983.3,-47.69,30.4,12.8,21.8,65.4,-2.57,16983.3,3.24
30.0,5.0,0,0.5,2.0,3.0,60,6095,-13437.5,-37.73,41.0,33.4,42.4,24.2,-2.2,13441.9,3.15
30.0,5.0,0,0.5,2.0,3.0,120,5971,-12625.7,-35.45,42.9,39.2,48.0,12.8,-2.11,12630.1,3.11
30.0,5.0,0,0.5,3.0,1.0,12,7108,-14810.7,-41.59,14.0,4.2,79.8,16.0,-2.08,14808.5,3.26
30.0,5.0,0,0.5,3.0,1.0,60,6977,-13906.1,-39.05,11.6,9.2,87.2,3.6,-1.99,13903.9,3.22
30.0,5.0,0,0.5,3.0,1.0,120,6959,-13776.5,-38.69,11.1,10.1,88.0,2.0,-1.98,13774.3,3.22
30.0,5.0,0,0.5,3.0,2.0,12,6744,-15884.9,-44.61,26.3,6.0,41.5,52.5,-2.36,15884.9,3.23
30.0,5.0,0,0.5,3.0,2.0,60,6327,-13040.9,-36.62,28.0,18.8,62.4,18.8,-2.06,13047.5,3.14
30.0,5.0,0,0.5,3.0,2.0,120,6224,-12441.3,-34.94,27.2,22.4,67.3,10.3,-2.0,12447.9,3.11
30.0,5.0,0,0.5,3.0,3.0,12,6558,-16609.5,-46.64,29.1,6.5,22.0,71.5,-2.53,16609.5,3.25
30.0,5.0,0,0.5,3.0,3.0,60,5896,-12406.9,-34.84,36.8,23.6,44.5,31.9,-2.1,12413.5,3.16
30.0,5.0,0,0.5,3.0,3.0,120,5720,-11479.4,-32.24,37.6,29.9,51.8,18.3,-2.01,11486.0,3.12
30.0,5.0,0,0.7,1.0,1.0,12,7932,-17227.0,-48.37,17.8,15.1,77.4,7.5,-2.17,17224.8,3.24
30.0,5.0,0,0.7,1.0,1.0,60,7895,-16922.4,-47.52,18.2,17.9,80.8,1.2,-2.14,16920.2,3.21
30.0,5.0,0,0.7,1.0,1.0,120,7889,-16829.3,-47.26,18.3,18.1,81.0,0.9,-2.13,16827.1,3.2
30.0,5.0,0,0.7,1.0,2.0,12,7520,-18976.4,-53.29,30.9,23.4,40.6,36.0,-2.52,18976.4,3.21
30.0,5.0,0,0.7,1.0,2.0,60,7306,-16919.8,-47.51,38.7,37.0,54.7,8.2,-2.32,16924.9,3.11
30.0,5.0,0,0.7,1.0,2.0,120,7261,-16336.0,-45.87,39.6,38.9,56.7,4.4,-2.25,16341.2,3.08
30.0,5.0,0,0.7,1.0,3.0,12,7297,-19950.8,-56.02,34.0,25.4,21.7,52.9,-2.73,19950.8,3.23
30.0,5.0,0,0.7,1.0,3.0,60,6907,-17018.7,-47.79,48.7,46.3,38.9,14.8,-2.46,17023.8,3.12
30.0,5.0,0,0.7,1.0,3.0,120,6826,-16424.6,-46.12,51.0,50.1,42.6,7.3,-2.41,16429.8,3.08
30.0,5.0,0,0.7,2.0,1.0,12,7853,-16237.0,-45.59,15.3,8.1,78.9,13.0,-2.07,16234.8,3.24
30.0,5.0,0,0.7,2.0,1.0,60,7756,-15618.3,-43.86,14.1,13.0,84.8,2.2,-2.01,15616.1,3.21
30.0,5.0,0,0.7,2.0,1.0,120,7741,-15485.1,-43.48,14.0,13.4,85.3,1.3,-2.0,15482.9,3.2
30.0,5.0,0,0.7,2.0,2.0,12,7410,-17558.9,-49.31,27.7,11.9,41.4,46.7,-2.37,17558.9,3.22
30.0,5.0,0,0.7,2.0,2.0,60,7029,-14921.0,-41.9,31.7,26.5,59.9,13.6,-2.12,14925.4,3.12
30.0,5.0,0,0.7,2.0,2.0,120,6961,-14161.9,-39.77,32.0,29.6,63.3,7.1,-2.03,14166.3,3.08
30.0,5.0,0,0.7,2.0,3.0,12,7195,-18442.1,-51.79,30.5,12.9,22.1,65.0,-2.56,18442.1,3.23
30.0,5.0,0,0.7,2.0,3.0,60,6574,-14313.5,-40.19,41.3,33.6,42.7,23.7,-2.18,14317.9,3.14
30.0,5.0,0,0.7,2.0,3.0,120,6440,-13329.3,-37.43,43.2,39.5,48.1,12.4,-2.07,13333.7,3.09
30.0,5.0,0,0.7,3.0,1.0,12,7797,-15988.2,-44.9,14.4,4.3,79.5,16.2,-2.05,15986.0,3.25
30.0,5.0,0,0.7,3.0,1.0,60,7643,-14969.4,-42.04,11.8,9.6,87.0,3.4,-1.96,14967.2,3.22
30.0,5.0,0,0.7,3.0,1.0,120,7620,-14850.8,-41.7,11.3,10.4,87.8,1.8,-1.95,14848.6,3.21
30.0,5.0,0,0.7,3.0,2.0,12,7340,-17129.8,-48.1,26.5,6.1,41.6,52.2,-2.33,17129.8,3.22
30.0,5.0,0,0.7,3.0,2.0,60,6818,-13798.2,-38.75,28.1,18.9,62.6,18.5,-2.02,13804.8,3.13
30.0,5.0,0,0.7,3.0,2.0,120,6705,-13083.1,-36.74,27.5,22.5,67.3,10.2,-1.95,13089.7,3.09
30.0,5.0,0,0.7,3.0,3.0,12,7122,-17925.6,-50.34,29.3,6.7,22.2,71.1,-2.52,17925.6,3.23
30.0,5.0,0,0.7,3.0,3.0,60,6329,-12901.8,-36.23,37.1,24.0,44.5,31.5,-2.04,12908.4,3.15
30.0,5.0,0,0.7,3.0,3.0,120,6143,-11855.2,-33.29,38.1,30.4,51.7,17.9,-1.93,11861.8,3.11
30.0,5.0,1,0.5,1.0,1.0,12,17605,-42115.3,-118.26,16.0,13.1,79.6,7.3,-2.39,42113.1,3.33
30.0,5.0,1,0.5,1.0,1.0,60,17454,-40808.3,-114.59,16.4,16.2,83.0,0.9,-2.34,40806.1,3.29
30.0,5.0,1,0.5,1.0,1.0,120,17433,-40561.7,-113.9,16.4,16.3,83.2,0.5,-2.33,40559.5,3.28
30.0,5.0,1,0.5,1.0,2.0,12,15842,-43859.0,-123.16,28.2,20.5,40.3,39.2,-2.77,43857.6,3.25
30.0,5.0,1,0.5,1.0,2.0,60,14996,-37248.4,-104.6,36.7,35.0,55.8,9.2,-2.48,37250.6,3.08
30.0,5.0,1,0.5,1.0,2.0,120,14860,-35834.4,-100.63,37.9,37.3,58.1,4.5,-2.41,35836.6,3.02
30.0,5.0,1,0.5,1.0,3.0,12,15009,-44273.8,-124.32,31.1,22.3,19.6,58.1,-2.95,44272.4,3.27
30.0,5.0,1,0.5,1.0,3.0,60,13532,-35039.6,-98.39,46.8,44.2,38.3,17.5,-2.59,35041.8,3.1
30.0,5.0,1,0.5,1.0,3.0,120,13305,-33328.0,-93.59,50.0,49.0,42.6,8.4,-2.5,33330.2,3.03
30.0,5.0,1,0.5,2.0,1.0,12,17277,-40134.3,-112.7,13.7,6.8,81.2,12.0,-2.32,40132.1,3.34
30.0,5.0,1,0.5,2.0,1.0,60,16889,-37967.0,-106.61,12.4,11.4,86.8,1.8,-2.25,37964.8,3.29
30.0,5.0,1,0.5,2.0,1.0,120,16852,-37770.7,-106.06,12.2,11.8,87.4,0.8,-2.24,37768.5,3.28
30.0,5.0,1,0.5,2.0,2.0,12,15466,-41598.6,-116.81,25.0,9.8,41.3,48.9,-2.69,41597.2,3.26
30.0,5.0,1,0.5,2.0,2.0,60,14102,-33045.0,-92.79,29.7,24.2,60.8,15.1,-2.34,33049.4,3.09
30.0,5.0,1,0.5,2.0,2.0,120,13874,-31325.9,-87.97,30.3,27.9,64.8,7.4,-2.26,31330.3,3.03
30.0,5.0,1,0.5,2.0,3.0,12,14647,-41666.9,-117.0,27.8,10.6,19.8,69.6,-2.84,41665.5,3.29
30.0,5.0,1,0.5,2.0,3.0,60,12520,-30168.5,-84.72,39.0,30.8,42.0,27.2,-2.41,30174.1,3.13
30.0,5.0,1,0.5,2.0,3.0,120,12110,-27916.2,-78.39,41.4,37.3,48.3,14.4,-2.31,27920.6,3.06
30.0,5.0,1,0.5,3.0,1.0,12,17077,-39335.2,-110.46,13.1,3.7,81.7,14.7,-2.3,39333.0,3.34
30.0,5.0,1,0.5,3.0,1.0,60,16430,-36629.9,-102.86,10.3,8.0,88.7,3.2,-2.23,36627.7,3.3
30.0,5.0,1,0.5,3.0,1.0,120,16349,-36214.8,-101.69,9.8,8.9,89.7,1.4,-2.22,36212.6,3.29
30.0,5.0,1,0.5,3.0,2.0,12,15256,-40560.7,-113.9,24.1,5.1,41.5,53.4,-2.66,40559.3,3.26
30.0,5.0,1,0.5,3.0,2.0,60,13369,-30124.7,-84.59,26.7,16.8,62.6,20.6,-2.25,30131.3,3.11
30.0,5.0,1,0.5,3.0,2.0,120,13006,-27754.8,-77.94,26.3,21.3,67.8,10.9,-2.13,27761.4,3.05
30.0,5.0,1,0.5,3.0,3.0,12,14458,-40746.3,-114.42,26.9,5.4,19.9,74.7,-2.82,40744.9,3.29
30.0,5.0,1,0.5,3.0,3.0,60,11831,-27872.6,-78.27,35.1,20.8,43.5,35.6,-2.36,27882.9,3.15
30.0,5.0,1,0.5,3.0,3.0,120,11253,-24836.3,-69.74,36.5,28.1,51.3,20.6,-2.21,24842.9,3.09
30.0,10.0,0,0.3,1.0,1.0,12,1614,-3643.6,-10.23,21.6,19.8,75.0,5.1,-2.26,3641.3,3.67
30.0,10.0,0,0.3,1.0,1.0,60,1610,-3660.3,-10.28,21.9,21.7,77.5,0.8,-2.27,3658.0,3.65
30.0,10.0,0,0.3,1.0,1.0,120,1608,-3646.4,-10.24,21.9,21.8,77.5,0.7,-2.27,3644.1,3.65
30.0,10.0,0,0.3,1.0,2.0,12,1555,-4142.7,-11.63,37.0,31.7,45.6,22.7,-2.66,4138.1,3.65
30.0,10.0,0,0.3,1.0,2.0,60,1536,-3995.0,-11.22,39.9,39.5,54.6,5.9,-2.6,3995.4,3.55
30.0,10.0,0,0.3,1.0,2.0,120,1531,-3926.1,-11.02,40.4,40.0,55.7,4.2,-2.56,3923.8,3.54
30.0,10.0,0,0.3,1.0,3.0,12,1526,-4419.7,-12.41,42.4,35.6,28.8,35.5,-2.9,4412.8,3.66
30.0,10.0,0,0.3,1.0,3.0,60,1494,-4156.7,-11.67,50.1,49.3,41.0,9.6,-2.78,4151.9,3.55
30.0,10.0,0,0.3,1.0,3.0,120,1483,-3988.6,-11.2,51.5,51.0,42.8,6.2,-2.69,3981.7,3.51
30.0,10.0,0,0.3,2.0,1.0,12,1606,-3258.3,-9.15,18.7,13.3,77.3,9.3,-2.03,3256.0,3.67
30.0,10.0,0,0.3,2.0,1.0,60,1602,-3224.3,-9.05,17.7,17.0,81.6,1.4,-2.01,3222.1,3.66
30.0,10.0,0,0.3,2.0,1.0,120,1600,-3201.2,-8.99,17.7,17.2,81.7,1.1,-2.0,3199.0,3.65
30.0,10.0,0,0.3,2.0,2.0,12,1544,-3623.0,-10.17,32.9,20.3,47.2,32.5,-2.35,3620.7,3.66
30.0,10.0,0,0.3,2.0,2.0,60,1521,-3466.1,-9.73,33.4,31.3,60.3,8.4,-2.28,3477.3,3.55
30.0,10.0,0,0.3,2.0,2.0,120,1509,-3349.4,-9.41,33.8,32.4,62.1,5.5,-2.22,3357.9,3.51
30.0,10.0,0,0.3,2.0,3.0,12,1516,-3802.6,-10.68,38.1,22.6,29.7,47.7,-2.51,3795.7,3.66
30.0,10.0,0,0.3,2.0,3.0,60,1477,-3442.3,-9.67,43.2,39.7,46.0,14.2,-2.33,3450.1,3.54
30.0,10.0,0,0.3,2.0,3.0,120,1458,-3236.5,-9.09,44.2,42.2,48.8,8.9,-2.22,3244.6,3.48
30.0,10.0,0,0.3,3.0,1.0,12,1598,-3151.0,-8.85,17.3,8.1,78.4,13.5,-1.97,3148.7,3.67
30.0,10.0,0,0.3,3.0,1.0,60,1591,-3065.1,-8.61,14.3,12.9,84.9,2.3,-1.93,3062.8,3.65
30.0,10.0,0,0.3,3.0,1.0,120,1588,-3023.8,-8.49,14.2,13.5,85.2,1.3,-1.9,3021.5,3.64
30.0,10.0,0,0.3,3.0,2.0,12,1534,-3496.3,-9.82,31.0,11.9,48.0,40.1,-2.28,3504.8,3.65
30.0,10.0,0,0.3,3.0,2.0,60,1502,-3236.1,-9.09,28.6,24.2,64.1,11.7,-2.15,3258.6,3.55
30.0,10.0,0,0.3,3.0,2.0,120,1489,-3140.5,-8.82,28.7,26.1,67.1,6.8,-2.11,3163.2,3.51
30.0,10.0,0,0.3,3.0,3.0,12,1506,-3644.5,-10.23,36.1,13.3,30.1,56.6,-2.42,3647.8,3.66
30.0,10.0,0,0.3,3.0,3.0,60,1451,-2973.2,-8.35,38.1,31.3,49.0,19.7,-2.05,3059.8,3.53
30.0,10.0,0,0.3,3.0,3.0,120,1431,-2759.9,-7.75,38.9,35.2,53.2,11.6,-1.93,2855.3,3.48
30.0,10.0,0,0.5,1.0,1.0,12,2114,-4387.8,-12.32,22.3,21.0,74.6,4.4,-2.08,4388.6,3.51
30.0,10.0,0,0.5,1.0,1.0,60,2109,-4375.8,-12.29,22.8,22.6,76.7,0.8,-2.07,4376.6,3.49
30.0,10.0,0,0.5,1.0,1.0,120,2107,-4365.7,-12.26,22.7,22.6,76.7,0.7,-2.07,4366.5,3.48
30.0,10.0,0,0.5,1.0,2.0,12,2020,-5127.9,-14.4,37.3,32.7,46.8,20.5,-2.54,5126.3,3.49
30.0,10.0,0,0.5,1.0,2.0,60,1998,-4892.6,-13.74,40.4,39.9,55.0,5.1,-2.45,4903.8,3.41
30.0,10.0,0,0.5,1.0,2.0,120,1993,-4836.1,-13.58,40.8,40.4,55.9,3.6,-2.43,4844.6,3.4
30.0,10.0,0,0.5,1.0,3.0,12,1958,-5513.8,-15.48,42.3,36.5,29.7,33.9,-2.82,5509.9,3.5
30.0,10.0,0,0.5,1.0,3.0,60,1920,-5099.4,-14.32,50.7,49.8,41.8,8.3,-2.66,5105.4,3.41
30.0,10.0,0,0.5,1.0,3.0,120,1909,-4926.5,-13.83,52.0,51.4,43.2,5.3,-2.58,4929.8,3.38
30.0,10.0,0,0.5,2.0,1.0,12,2096,-3870.4,-10.87,19.1,14.0,77.1,8.9,-1.85,3873.7,3.51
30.0,10.0,0,0.5,2.0,1.0,60,2090,-3818.3,-10.72,18.2,17.6,81.1,1.3,-1.83,3816.1,3.49
30.0,10.0,0,0.5,2.0,1.0,120,2088,-3788.0,-10.64,18.2,17.8,81.2,1.0,-1.81,3785.8,3.48
30.0,10.0,0,0.5,2.0,2.0,12,1993,-4405.0,-12.37,33.0,20.4,48.4,31.3,-2.21,4412.4,3.5
30.0,10.0,0,0.5,2.0,2.0,60,1963,-4228.0,-11.87,33.5,31.3,61.1,7.6,-2.15,4240.4,3.41
30.0,10.0,0,0.5,2.0,2.0,120,1951,-4105.7,-11.53,33.8,32.4,62.8,4.8,-2.1,4115.4,3.38
30.0,10.0,0,0.5,2.0,3.0,12,1934,-4803.0,-13.49,37.4,22.2,30.7,47.1,-2.48,4805.3,3.51
30.0,10.0,0,0.5,2.0,3.0,60,1877,-4275.0,-12.0,43.0,39.8,47.5,12.7,-2.28,4277.5,3.41
30.0,10.0,0,0.5,2.0,3.0,120,1858,-4065.7,-11.42,44.0,42.0,49.9,8.0,-2.19,4065.1,3.36
30.0,10.0,0,0.5,3.0,1.0,12,2086,-3638.4,-10.22,17.8,8.8,77.9,13.3,-1.74,3641.7,3.51
30.0,10.0,0,0.5,3.0,1.0,60,2077,-3477.0,-9.76,15.3,13.9,84.0,2.1,-1.67,3477.8,3.49
30.0,10.0,0,0.5,3.0,1.0,120,2073,-3434.7,-9.64,15.1,14.4,84.3,1.3,-1.66,3435.5,3.48
30.0,10.0,0,0.5,3.0,2.0,12,1981,-4136.9,-11.62,31.2,12.4,49.1,38.6,-2.09,4157.8,3.5
30.0,10.0,0,0.5,3.0,2.0,60,1937,-3801.3,-10.67,29.1,24.8,64.7,10.5,-1.96,3830.2,3.42
30.0,10.0,0,0.5,3.0,2.0,120,1922,-3717.0,-10.44,28.9,26.5,67.4,6.0,-1.93,3743.2,3.38
30.0,10.0,0,0.5,3.0,3.0,12,1920,-4447.5,-12.49,35.6,13.7,30.9,55.4,-2.32,4463.3,3.51
30.0,10.0,0,0.5,3.0,3.0,60,1837,-3603.4,-10.12,38.1,31.5,50.5,18.0,-1.96,3622.4,3.41
30.0,10.0,0,0.5,3.0,3.0,120,1815,-3461.5,-9.72,38.5,34.9,54.4,10.7,-1.91,3477.4,3.37
30.0,10.0,0,0.7,1.0,1.0,12,2391,-4840.7,-13.59,22.9,21.5,74.2,4.3,-2.02,4841.5,3.49
30.0,10.0,0,0.7,1.0,1.0,60,2386,-4830.8,-13.57,23.3,23.1,76.2,0.8,-2.02,4831.6,3.48
30.0,10.0,0,0.7,1.0,1.0,120,2384,-4820.0,-13.54,23.3,23.1,76.2,0.7,-2.02,4820.8,3.47
30.0,10.0,0,0.7,1.0,2.0,12,2269,-5733.6,-16.1,37.4,32.7,46.9,20.4,-2.53,5732.0,3.47
30.0,10.0,0,0.7,1.0,2.0,60,2240,-5367.7,-15.07,40.9,40.4,54.8,4.9,-2.4,5366.1,3.39
30.0,10.0,0,0.7,1.0,2.0,120,2235,-5282.9,-14.83,41.4,40.9,55.7,3.5,-2.36,5282.1,3.37
30.0,10.0,0,0.7,1.0,3.0,12,2190,-6172.8,-17.33,42.2,36.3,29.8,33.9,-2.82,6168.9,3.49
30.0,10.0,0,0.7,1.0,3.0,60,2144,-5713.0,-16.04,50.9,50.0,42.0,8.0,-2.66,5709.5,3.4
30.0,10.0,0,0.7,1.0,3.0,120,2130,-5506.0,-15.46,52.3,51.6,43.3,5.1,-2.58,5506.8,3.36
30.0,10.0,0,0.7,2.0,1.0,12,2366,-4232.5,-11.89,19.6,14.3,76.8,8.9,-1.79,4235.8,3.49
30.0,10.0,0,0.7,2.0,1.0,60,2359,-4153.1,-11.66,18.6,17.9,80.7,1.4,-1.76,4155.3,3.47
30.0,10.0,0,0.7,2.0,1.0,120,2357,-4109.2,-11.54,18.7,18.2,80.8,1.0,-1.74,4111.4,3.47
30.0,10.0,0,0.7,2.0,2.0,12,2233,-4952.6,-13.91,33.1,20.3,48.7,31.0,-2.22,4950.8,3.48
30.0,10.0,0,0.7,2.0,2.0,60,2194,-4651.2,-13.06,33.6,31.3,61.1,7.7,-2.12,4646.6,3.39
30.0,10.0,0,0.7,2.0,2.0,120,2183,-4480.0,-12.58,34.1,32.4,62.7,4.9,-2.05,4475.4,3.36
30.0,10.0,0,0.7,2.0,3.0,12,2155,-5382.2,-15.11,37.5,22.1,31.0,46.9,-2.5,5378.1,3.49
30.0,10.0,0,0.7,2.0,3.0,60,2087,-4829.1,-13.56,43.1,39.7,47.7,12.6,-2.31,4822.2,3.39
30.0,10.0,0,0.7,2.0,3.0,120,2066,-4560.7,-12.81,44.2,42.0,50.2,7.8,-2.21,4554.1,3.35
30.0,10.0,0,0.7,3.0,1.0,12,2345,-4009.2,-11.26,18.0,8.9,77.7,13.3,-1.71,4012.5,3.5
30.0,10.0,0,0.7,3.0,1.0,60,2332,-3794.3,-10.65,15.5,14.1,83.7,2.2,-1.63,3801.6,3.47
30.0,10.0,0,0.7,3.0,1.0,120,2327,-3776.1,-10.6,15.4,14.6,84.1,1.4,-1.62,3782.1,3.47
30.0,10.0,0,0.7,3.0,2.0,12,2209,-4626.3,-12.99,31.2,12.3,49.3,38.5,-2.09,4624.5,3.48
30.0,10.0,0,0.7,3.0,2.0,60,2150,-4138.7,-11.62,29.3,24.7,64.7,10.6,-1.92,4140.9,3.4
30.0,10.0,0,0.7,3.0,2.0,120,2134,-4012.8,-11.27,29.3,26.6,67.3,6.1,-1.88,4019.3,3.37
30.0,10.0,0,0.7,3.0,3.0,12,2132,-4946.0,-13.89,35.7,13.8,31.1,55.0,-2.32,4949.3,3.5
30.0,10.0,0,0.7,3.0,3.0,60,2035,-3957.0,-11.11,38.4,31.4,50.4,18.1,-1.94,3959.5,3.4
30.0,10.0,0,0.7,3.0,3.0,120,2008,-3746.6,-10.52,39.2,35.2,54.4,10.4,-1.87,3753.0,3.35
30.0,10.0,1,0.5,1.0,1.0,12,5271,-12006.0,-33.71,20.8,18.9,76.4,4.7,-2.28,12003.6,3.56
30.0,10.0,1,0.5,1.0,1.0,60,5257,-11759.5,-33.02,21.1,21.0,78.4,0.6,-2.24,11756.9,3.54
30.0,10.0,1,0.5,1.0,1.0,120,5250,-11645.0,-32.7,21.2,21.1,78.6,0.3,-2.22,11642.4,3.53
30.0,10.0,1,0.5,1.0,2.0,12,4807,-13085.5,-36.75,35.4,29.4,46.1,24.5,-2.72,13083.1,3.47
30.0,10.0,1,0.5,1.0,2.0,60,4721,-11529.5,-32.38,40.3,39.5,54.9,5.6,-2.44,11524.3,3.33
30.0,10.0,1,0.5,1.0,2.0,120,4699,-11201.5,-31.45,41.1,40.6,55.8,3.6,-2.38,11196.3,3.29
30.0,10.0,1,0.5,1.0,3.0,12,4522,-13425.9,-37.7,40.3,33.1,26.6,40.3,-2.97,13423.5,3.5
30.0,10.0,1,0.5,1.0,3.0,60,4379,-11459.0,-32.18,51.2,50.0,41.0,9.0,-2.62,11453.9,3.33
30.0,10.0,1,0.5,1.0,3.0,120,4348,-11097.5,-31.16,52.6,52.0,42.8,5.2,-2.55,11092.4,3.28
30.0,10.0,1,0.5,2.0,1.0,12,5175,-11004.1,-30.9,17.6,11.6,79.0,9.4,-2.13,11001.7,3.57
30.0,10.0,1,0.5,2.0,1.0,60,5145,-10603.1,-29.77,16.3,15.6,83.1,1.3,-2.06,10600.5,3.53
30.0,10.0,1,0.5,2.0,1.0,120,5135,-10481.7,-29.43,16.2,15.9,83.5,0.6,-2.04,10479.1,3.52
30.0,10.0,1,0.5,2.0,2.0,12,4683,-11993.6,-33.68,30.8,16.6,48.3,35.1,-2.56,11991.2,3.48
30.0,10.0,1,0.5,2.0,2.0,60,4546,-10182.3,-28.59,32.4,29.9,61.7,8.4,-2.24,10177.1,3.33
30.0,10.0,1,0.5,2.0,2.0,120,4516,-9975.2,-28.01,32.7,31.4,63.8,4.8,-2.21,9970.0,3.29
30.0,10.0,1,0.5,2.0,3.0,12,4403,-12257.2,-34.42,35.5,18.7,27.6,53.7,-2.78,12254.8,3.51
30.0,10.0,1,0.5,2.0,3.0,60,4169,-9853.9,-27.67,42.6,38.7,46.8,14.6,-2.36,9850.2,3.34
30.0,10.0,1,0.5,2.0,3.0,120,4116,-9581.8,-26.91,43.9,41.8,50.3,7.9,-2.33,9574.0,3.29
30.0,10.0,1,0.5,3.0,1.0,12,5103,-10504.6,-29.5,16.4,7.3,79.9,12.8,-2.06,10502.2,3.57
30.0,10.0,1,0.5,3.0,1.0,60,5043,-9990.5,-28.05,13.5,11.7,85.7,2.6,-1.98,9989.6,3.53
30.0,10.0,1,0.5,3.0,1.0,120,5031,-9852.0,-27.67,13.2,12.4,86.5,1.1,-1.96,9851.1,3.52
30.0,10.0,1,0.5,3.0,2.0,12,4605,-11170.2,-31.37,29.6,10.4,48.7,40.9,-2.43,11167.8,3.49
30.0,10.0,1,0.5,3.0,2.0,60,4396,-9081.8,-25.5,28.5,22.9,64.8,12.2,-2.07,9076.6,3.34
30.0,10.0,1,0.5,3.0,2.0,120,4354,-8740.6,-24.54,28.3,25.6,67.7,6.7,-2.01,8735.4,3.3
30.0,10.0,1,0.5,3.0,3.0,12,4327,-11525.9,-32.37,34.0,11.1,27.9,61.0,-2.66,11523.5,3.51
30.0,10.0,1,0.5,3.0,3.0,60,3976,-8649.9,-24.29,38.1,29.5,49.6,20.9,-2.18,8646.2,3.35
30.0,10.0,1,0.5,3.0,3.0,120,3906,-8270.3,-23.22,38.6,34.2,54.2,11.6,-2.12,8262.5,3.3
50.0,0.0,0,0.3,1.0,1.0,12,2747,-7858.0,-22.07,18.5,16.2,75.6,8.2,-2.86,7855.5,4.16
50.0,0.0,0,0.3,1.0,1.0,60,2728,-7658.2,-21.5,19.3,18.8,78.8,2.4,-2.81,7655.7,4.11
50.0,0.0,0,0.3,1.0,1.0,120,2725,-7618.9,-21.39,19.4,18.9,79.1,2.0,-2.8,7616.4,4.1
50.0,0.0,0,0.3,1.0,2.0,12,2677,-8275.5,-23.24,31.6,25.1,39.4,35.4,-3.09,8270.5,4.11
50.0,0.0,0,0.3,1.0,2.0,60,2596,-7166.3,-20.12,38.4,36.7,50.6,12.6,-2.76,7161.3,3.92
50.0,0.0,0,0.3,1.0,2.0,120,2571,-6696.2,-18.8,39.2,38.0,52.5,9.6,-2.6,6691.2,3.85
50.0,0.0,0,0.3,1.0,3.0,12,2643,-8540.1,-23.98,36.0,28.5,22.5,49.0,-3.23,8532.6,4.13
50.0,0.0,0,0.3,1.0,3.0,60,2529,-7170.7,-20.14,48.3,46.1,36.2,17.8,-2.84,7163.2,3.91
50.0,0.0,0,0.3,1.0,3.0,120,2496,-6711.1,-18.85,50.4,48.9,38.9,12.2,-2.69,6703.6,3.85
50.0,0.0,0,0.3,2.0,1.0,12,2736,-7440.2,-20.89,16.1,9.5,77.2,13.2,-2.72,7437.7,4.17
50.0,0.0,0,0.3,2.0,1.0,60,2712,-7167.3,-20.13,15.3,13.7,82.7,3.6,-2.64,7164.8,4.11
50.0,0.0,0,0.3,2.0,1.0,120,2710,-7111.9,-19.97,15.2,14.2,83.1,2.7,-2.62,7109.4,4.1
50.0,0.0,0,0.3,2.0,2.0,12,2665,-7606.5,-21.36,28.7,14.4,40.1,45.5,-2.85,7601.5,4.12
50.0,0.0,0,0.3,2.0,2.0,60,2563,-6452.8,-18.12,32.1,27.0,55.7,17.3,-2.52,6447.8,3.91
50.0,0.0,0,0.3,2.0,2.0,120,2531,-5948.3,-16.7,32.3,29.5,58.5,12.0,-2.35,5943.3,3.84
50.0,0.0,0,0.3,2.0,3.0,12,2630,-7831.7,-21.99,32.7,15.9,23.0,61.1,-2.98,7824.2,4.13
50.0,0.0,0,0.3,2.0,3.0,60,2484,-6281.9,-17.64,41.3,34.3,40.5,25.2,-2.53,6274.4,3.92
50.0,0.0,0,0.3,2.0,3.0,120,2440,-5815.2,-16.33,42.7,38.7,44.8,16.6,-2.38,5807.7,3.85
50.0,0.0,0,0.3,3.0,1.0,12,2721,-7256.7,-20.38,15.3,6.0,77.8,16.2,-2.67,7254.2,4.18
50.0,0.0,0,0.3,3.0,1.0,60,2689,-6851.9,-19.24,13.2,10.7,84.6,4.8,-2.55,6849.4,4.12
50.0,0.0,0,0.3,3.0,1.0,120,2687,-6780.7,-19.04,12.9,11.4,85.4,3.2,-2.52,6778.2,4.11
50.0,0.0,0,0.3,3.0,2.0,12,2645,-7356.2,-20.66,27.5,8.4,40.4,51.2,-2.78,7351.2,4.13
50.0,0.0,0,0.3,3.0,2.0,60,2520,-5886.1,-16.53,29.1,20.3,57.8,21.9,-2.34,5881.1,3.93
50.0,0.0,0,0.3,3.0,2.0,120,2487,-5306.9,-14.9,28.7,23.9,61.6,14.5,-2.13,5301.9,3.86
50.0,0.0,0,0.3,3.0,3.0,12,2610,-7524.3,-21.13,31.5,9.4,23.1,67.5,-2.88,7516.8,4.14
50.0,0.0,0,0.3,3.0,3.0,60,2428,-5486.6,-15.41,37.9,25.9,42.1,32.0,-2.26,5479.1,3.94
50.0,0.0,0,0.3,3.0,3.0,120,2379,-5003.9,-14.05,38.2,31.4,47.9,20.7,-2.1,5025.3,3.86
50.0,0.0,0,0.5,1.0,1.0,12,3343,-9126.4,-25.63,19.1,17.2,75.4,7.4,-2.73,9126.4,4.05
50.0,0.0,0,0.5,1.0,1.0,60,3318,-8846.6,-24.84,20.0,19.5,78.2,2.3,-2.67,8846.6,3.99
50.0,0.0,0,0.5,1.0,1.0,120,3314,-8827.2,-24.79,20.0,19.6,78.6,1.8,-2.66,8827.2,3.98
50.0,0.0,0,0.5,1.0,2.0,12,3242,-9822.9,-27.58,32.2,26.3,40.7,33.0,-3.03,9820.4,4.01
50.0,0.0,0,0.5,1.0,2.0,60,3144,-8499.9,-23.87,38.8,37.1,51.2,11.7,-2.7,8497.4,3.82
50.0,0.0,0,0.5,1.0,2.0,120,3113,-7970.0,-22.38,39.6,38.4,53.0,8.6,-2.56,7967.5,3.76
50.0,0.0,0,0.5,1.0,3.0,12,3186,-10265.6,-28.83,36.6,29.5,23.9,46.5,-3.22,10260.6,4.03
50.0,0.0,0,0.5,1.0,3.0,60,3033,-8528.2,-23.95,48.6,46.4,37.0,16.6,-2.81,8523.2,3.82
50.0,0.0,0,0.5,1.0,3.0,120,2994,-8040.9,-22.58,50.6,49.2,39.4,11.4,-2.69,8035.9,3.77
50.0,0.0,0,0.5,2.0,1.0,12,3315,-8578.3,-24.09,16.3,10.3,77.3,12.4,-2.59,8580.8,4.06
50.0,0.0,0,0.5,2.0,1.0,60,3279,-8178.0,-22.96,15.9,14.3,82.3,3.4,-2.49,8180.5,4.0
50.0,0.0,0,0.5,2.0,1.0,120,3276,-8128.6,-22.83,15.8,14.8,82.7,2.5,-2.48,8131.1,3.99
50.0,0.0,0,0.5,2.0,2.0,12,3207,-9043.4,-25.39,28.6,15.0,41.6,43.4,-2.82,9043.4,4.03
50.0,0.0,0,0.5,2.0,2.0,60,3071,-7533.4,-21.15,32.4,27.3,56.4,16.2,-2.45,7533.4,3.83
50.0,0.0,0,0.5,2.0,2.0,120,3033,-6967.2,-19.56,32.6,29.9,59.1,11.0,-2.3,6967.2,3.77
50.0,0.0,0,0.5,2.0,3.0,12,3151,-9458.4,-26.56,32.6,16.2,24.5,59.3,-3.0,9455.9,4.04
50.0,0.0,0,0.5,2.0,3.0,60,2942,-7311.6,-20.53,41.5,34.9,41.4,23.7,-2.49,7309.1,3.84
50.0,0.0,0,0.5,2.0,3.0,120,2891,-6790.4,-19.07,42.9,39.1,45.3,15.5,-2.35,6787.9,3.78
50.0,0.0,0,0.5,3.0,1.0,12,3296,-8284.3,-23.26,15.4,6.6,77.9,15.5,-2.51,8286.9,4.07
50.0,0.0,0,0.5,3.0,1.0,60,3251,-7740.1,-21.73,13.7,11.3,84.2,4.5,-2.38,7745.1,4.01
50.0,0.0,0,0.5,3.0,1.0,120,3248,-7671.9,-21.54,13.4,11.9,85.0,3.1,-2.36,7676.9,4.0
50.0,0.0,0,0.5,3.0,2.0,12,3179,-8634.6,-24.25,27.4,9.2,41.9,48.9,-2.72,8634.7,4.04
50.0,0.0,0,0.5,3.0,2.0,60,3014,-6852.4,-19.24,29.3,20.9,58.7,20.5,-2.27,6854.9,3.85
50.0,0.0,0,0.5,3.0,2.0,120,2968,-6244.9,-17.54,28.7,24.1,62.2,13.7,-2.1,6247.4,3.79
50.0,0.0,0,0.5,3.0,3.0,12,3123,-9061.3,-25.44,31.3,9.8,24.7,65.5,-2.9,9058.9,4.05
50.0,0.0,0,0.5,3.0,3.0,60,2868,-6449.0,-18.11,37.9,26.4,43.2,30.4,-2.25,6449.0,3.86
50.0,0.0,0,0.5,3.0,3.0,120,2801,-5883.7,-16.52,38.1,31.5,48.5,20.0,-2.1,5883.7,3.8
50.0,0.0,0,0.7,1.0,1.0,12,3616,-9762.0,-27.41,19.5,17.6,75.2,7.2,-2.7,9761.9,4.05
50.0,0.0,0,0.7,1.0,1.0,60,3590,-9452.7,-26.54,20.3,19.8,77.9,2.2,-2.63,9452.6,3.98
50.0,0.0,0,0.7,1.0,1.0,120,3583,-9389.5,-26.37,20.3,20.0,78.2,1.8,-2.62,9389.4,3.97
50.0,0.0,0,0.7,1.0,2.0,12,3499,-10540.2,-29.6,32.6,26.9,40.9,32.2,-3.01,10537.5,4.01
50.0,0.0,0,0.7,1.0,2.0,60,3389,-9020.6,-25.33,39.1,37.5,51.3,11.2,-2.66,9017.9,3.8
50.0,0.0,0,0.7,1.0,2.0,120,3357,-8424.2,-23.66,39.9,38.8,52.9,8.3,-2.51,8421.5,3.74
50.0,0.0,0,0.7,1.0,3.0,12,3427,-11086.5,-31.13,36.7,29.9,24.3,45.8,-3.24,11081.2,4.03
50.0,0.0,0,0.7,1.0,3.0,60,3255,-9261.6,-26.01,48.5,46.4,37.6,16.1,-2.85,9256.3,3.81
50.0,0.0,0,0.7,1.0,3.0,120,3216,-8681.5,-24.38,50.4,49.0,40.0,11.0,-2.7,8676.2,3.76
50.0,0.0,0,0.7,2.0,1.0,12,3575,-9118.8,-25.61,16.6,10.8,77.2,12.0,-2.55,9121.2,4.06
50.0,0.0,0,0.7,2.0,1.0,60,3538,-8592.4,-24.13,16.4,14.9,81.8,3.4,-2.43,8594.8,3.99
50.0,0.0,0,0.7,2.0,1.0,120,3532,-8496.9,-23.86,16.3,15.4,82.2,2.5,-2.41,8499.3,3.98
50.0,0.0,0,0.7,2.0,2.0,12,3445,-9689.6,-27.21,28.9,15.5,42.1,42.4,-2.81,9689.4,4.02
50.0,0.0,0,0.7,2.0,2.0,60,3292,-7932.7,-22.28,32.6,27.7,56.6,15.7,-2.41,7932.5,3.81
50.0,0.0,0,0.7,2.0,2.0,120,3252,-7270.3,-20.42,32.9,30.3,59.0,10.7,-2.24,7270.1,3.75
50.0,0.0,0,0.7,2.0,3.0,12,3374,-10179.1,-28.58,32.8,16.7,25.0,58.2,-3.02,10176.3,4.04
50.0,0.0,0,0.7,2.0,3.0,60,3138,-7956.9,-22.34,41.3,34.9,42.1,23.0,-2.54,7954.1,3.83
50.0,0.0,0,0.7,2.0,3.0,120,3085,-7294.4,-20.48,42.9,39.2,45.9,14.9,-2.36,7291.6,3.77
50.0,0.0,0,0.7,3.0,1.0,12,3549,-8854.4,-24.86,15.5,6.8,77.9,15.3,-2.49,8856.9,4.06
50.0,0.0,0,0.7,3.0,1.0,60,3498,-8142.3,-22.86,14.1,11.6,84.0,4.5,-2.33,8147.2,4.01
50.0,0.0,0,0.7,3.0,1.0,120,3491,-8053.6,-22.62,13.7,12.2,84.7,3.1,-2.31,8058.5,3.99
50.0,0.0,0,0.7,3.0,2.0,12,3411,-9233.9,-25.93,27.6,9.4,42.2,48.3,-2.71,9233.8,4.03
50.0,0.0,0,0.7,3.0,2.0,60,3222,-7068.3,-19.85,29.6,21.4,58.7,20.0,-2.19,7070.6,3.83
50.0,0.0,0,0.7,3.0,2.0,120,3172,-6394.4,-17.96,29.1,24.5,62.1,13.4,-2.02,6396.7,3.78
50.0,0.0,0,0.7,3.0,3.0,12,3339,-9757.7,-27.4,31.4,10.0,25.2,64.8,-2.92,9755.0,4.06
50.0,0.0,0,0.7,3.0,3.0,60,3055,-6859.6,-19.26,38.0,26.7,43.7,29.6,-2.25,6859.3,3.85
50.0,0.0,0,0.7,3.0,3.0,120,2985,-6109.8,-17.16,38.5,31.9,48.6,19.5,-2.05,6109.5,3.8
50.0,0.0,1,0.5,1.0,1.0,12,8007,-24295.9,-68.22,18.1,15.8,77.2,7.0,-3.03,24296.4,4.22
50.0,0.0,1,0.5,1.0,1.0,60,7904,-23469.8,-65.91,18.4,18.2,80.5,1.3,-2.97,23472.8,4.13
50.0,0.0,1,0.5,1.0,1.0,120,7871,-23042.0,-64.7,18.5,18.4,80.8,0.9,-2.93,23045.0,4.1
50.0,0.0,1,0.5,1.0,2.0,12,7370,-24567.4,-68.99,30.9,24.9,40.0,35.1,-3.33,24565.4,4.08
50.0,0.0,1,0.5,1.0,2.0,60,6937,-19667.1,-55.23,37.8,36.1,52.2,11.7,-2.84,19667.6,3.71
50.0,0.0,1,0.5,1.0,2.0,120,6843,-18463.1,-51.85,38.9,38.0,54.2,7.8,-2.7,18463.6,3.6
50.0,0.0,1,0.5,1.0,3.0,12,7105,-24956.8,-70.08,34.9,27.4,22.0,50.6,-3.51,24952.3,4.11
50.0,0.0,1,0.5,1.0,3.0,60,6478,-19288.3,-54.16,47.5,45.2,37.2,17.6,-2.98,19286.3,3.74
50.0,0.0,1,0.5,1.0,3.0,120,6345,-17827.7,-50.06,49.9,48.6,40.3,11.1,-2.81,17825.7,3.61
50.0,0.0,1,0.5,2.0,1.0,12,7872,-23300.5,-65.43,15.2,8.9,79.4,11.8,-2.96,23301.8,4.24
50.0,0.0,1,0.5,2.0,1.0,60,7711,-22135.0,-62.16,14.0,13.0,84.8,2.2,-2.87,22143.5,4.15
50.0,0.0,1,0.5,2.0,1.0,120,7676,-21667.5,-60.84,13.9,13.5,85.3,1.2,-2.82,21676.0,4.11
50.0,0.0,1,0.5,2.0,2.0,12,7197,-23395.1,-65.7,26.6,13.1,41.5,45.4,-3.25,23393.9,4.1
50.0,0.0,1,0.5,2.0,2.0,60,6600,-17643.6,-49.54,30.6,26.0,57.7,16.2,-2.67,17649.6,3.75
50.0,0.0,1,0.5,2.0,2.0,120,6487,-16326.9,-45.85,31.3,28.8,60.9,10.3,-2.52,16332.9,3.63
50.0,0.0,1,0.5,2.0,3.0,12,6921,-23576.2,-66.2,30.5,14.5,22.5,63.0,-3.41,23572.6,4.14
50.0,0.0,1,0.5,2.0,3.0,60,6083,-17082.3,-47.97,39.5,32.9,41.7,25.3,-2.81,17085.8,3.79
50.0,0.0,1,0.5,2.0,3.0,120,5909,-15344.8,-43.09,41.6,37.9,46.4,15.8,-2.6,15348.3,3.65
50.0,0.0,1,0.5,3.0,1.0,12,7769,-22767.1,-63.93,14.1,5.2,80.1,14.7,-2.93,22768.4,4.26
50.0,0.0,1,0.5,3.0,1.0,60,7521,-21458.0,-60.26,11.4,9.3,87.2,3.5,-2.85,21469.9,4.17
50.0,0.0,1,0.5,3.0,1.0,120,7472,-20923.1,-58.75,11.1,10.1,88.1,1.9,-2.8,20929.6,4.13
50.0,0.0,1,0.5,3.0,2.0,12,7093,-22585.5,-63.42,25.4,7.4,41.7,50.9,-3.18,22584.3,4.12
50.0,0.0,1,0.5,3.0,2.0,60,6324,-16728.6,-46.98,26.7,18.5,60.5,21.0,-2.65,16738.0,3.78
50.0,0.0,1,0.5,3.0,2.0,120,6179,-15323.0,-43.03,26.6,22.0,64.8,13.3,-2.48,15327.0,3.66
50.0,0.0,1,0.5,3.0,3.0,12,6818,-22796.8,-64.02,29.1,8.1,22.6,69.3,-3.34,22793.2,4.16
50.0,0.0,1,0.5,3.0,3.0,60,5777,-15733.6,-44.18,35.5,23.6,43.6,32.8,-2.72,15740.5,3.84
50.0,0.0,1,0.5,3.0,3.0,120,5552,-13688.0,-38.44,36.6,29.7,49.4,20.9,-2.47,13689.5,3.7
50.0,5.0,0,0.3,1.0,1.0,12,1838,-4973.0,-13.96,19.9,17.8,74.4,7.8,-2.71,4970.5,4.16
50.0,5.0,0,0.3,1.0,1.0,60,1824,-4867.8,-13.67,20.6,20.1,77.4,2.5,-2.67,4865.3,4.1
50.0,5.0,0,0.3,1.0,1.0,120,1822,-4812.3,-13.51,20.6,20.2,77.5,2.3,-2.64,4809.8,4.09
50.0,5.0,0,0.3,1.0,2.0,12,1803,-5361.8,-15.06,33.8,28.0,41.2,30.8,-2.97,5356.8,4.13
50.0,5.0,0,0.3,1.0,2.0,60,1761,-4985.1,-14.0,38.8,37.7,51.1,11.2,-2.83,4980.1,3.97
50.0,5.0,0,0.3,1.0,2.0,120,1748,-4615.5,-12.96,39.6,38.7,52.7,8.6,-2.64,4610.5,3.91
50.0,5.0,0,0.3,1.0,3.0,12,1776,-5604.0,-15.74,39.0,31.9,25.2,42.8,-3.16,5596.5,4.15
50.0,5.0,0,0.3,1.0,3.0,60,1719,-5102.6,-14.33,48.5,46.7,37.3,16.0,-2.97,5095.1,3.97
50.0,5.0,0,0.3,1.0,3.0,120,1702,-4766.5,-13.38,50.2,49.2,39.8,11.0,-2.8,4759.0,3.91
50.0,5.0,0,0.3,2.0,1.0,12,1835,-4597.2,-12.91,17.4,11.3,76.0,12.7,-2.51,4594.7,4.16
50.0,5.0,0,0.3,2.0,1.0,60,1818,-4420.1,-12.41,16.8,15.1,81.1,3.8,-2.43,4417.6,4.09
50.0,5.0,0,0.3,2.0,1.0,120,1817,-4374.5,-12.28,16.6,15.5,81.5,3.0,-2.41,4372.0,4.09
50.0,5.0,0,0.3,2.0,2.0,12,1799,-4826.7,-13.55,30.5,16.7,42.1,41.1,-2.68,4821.7,4.13
50.0,5.0,0,0.3,2.0,2.0,60,1746,-4430.3,-12.44,32.6,28.7,56.2,15.1,-2.54,4425.3,3.97
50.0,5.0,0,0.3,2.0,2.0,120,1728,-4009.6,-11.26,33.0,30.7,58.7,10.6,-2.32,4004.6,3.89
50.0,5.0,0,0.3,2.0,3.0,12,1771,-5013.7,-14.08,35.2,18.6,25.8,55.6,-2.83,5006.2,4.15
50.0,5.0,0,0.3,2.0,3.0,60,1697,-4375.4,-12.29,41.8,36.1,41.5,22.4,-2.58,4367.9,3.98
50.0,5.0,0,0.3,2.0,3.0,120,1674,-3987.0,-11.2,43.1,39.9,45.5,14.6,-2.38,3979.5,3.89
50.0,5.0,0,0.3,3.0,1.0,12,1826,-4470.5,-12.55,16.2,7.3,76.9,15.8,-2.45,4468.0,4.17
50.0,5.0,0,0.3,3.0,1.0,60,1803,-4141.6,-11.63,14.5,12.0,83.3,4.8,-2.3,4139.1,4.09
50.0,5.0,0,0.3,3.0,1.0,120,1802,-4081.5,-11.46,14.0,12.7,84.0,3.3,-2.26,4079.0,4.09
50.0,5.0,0,0.3,3.0,2.0,12,1786,-4675.2,-13.13,28.8,10.2,42.8,47.0,-2.62,4670.2,4.14
50.0,5.0,0,0.3,3.0,2.0,60,1726,-4029.8,-11.32,29.4,22.5,58.8,18.7,-2.33,4024.8,3.97
50.0,5.0,0,0.3,3.0,2.0,120,1707,-3600.6,-10.11,29.3,25.2,62.2,12.7,-2.11,3595.6,3.9
50.0,5.0,0,0.3,3.0,3.0,12,1757,-4780.3,-13.42,33.5,11.6,26.1,62.3,-2.72,4772.8,4.15
50.0,5.0,0,0.3,3.0,3.0,60,1668,-3808.4,-10.69,38.1,28.2,43.5,28.2,-2.28,3834.2,3.99
50.0,5.0,0,0.3,3.0,3.0,120,1640,-3339.4,-9.38,39.0,33.2,48.8,18.0,-2.04,3413.8,3.9
50.0,5.0,0,0.5,1.0,1.0,12,2266,-5761.1,-16.18,20.7,19.1,73.9,7.0,-2.54,5758.6,4.01
50.0,5.0,0,0.5,1.0,1.0,60,2250,-5602.5,-15.73,21.6,21.1,76.5,2.4,-2.49,5600.0,3.95
50.0,5.0,0,0.5,1.0,1.0,120,2248,-5581.4,-15.67,21.5,21.1,76.7,2.2,-2.48,5578.9,3.95
50.0,5.0,0,0.5,1.0,2.0,12,2204,-6337.2,-17.8,34.5,29.4,42.2,28.4,-2.88,6332.2,3.99
50.0,5.0,0,0.5,1.0,2.0,60,2155,-5791.1,-16.26,39.7,38.5,51.2,10.3,-2.69,5786.1,3.85
50.0,5.0,0,0.5,1.0,2.0,120,2139,-5425.9,-15.24,40.4,39.6,52.8,7.6,-2.54,5420.9,3.8
50.0,5.0,0,0.5,1.0,3.0,12,2165,-6736.3,-18.92,39.3,33.0,26.4,40.6,-3.11,6728.8,4.01
50.0,5.0,0,0.5,1.0,3.0,60,2096,-5954.6,-16.72,49.1,47.3,37.9,14.8,-2.84,5947.1,3.86
50.0,5.0,0,0.5,1.0,3.0,120,2076,-5648.9,-15.86,50.7,49.7,40.2,10.1,-2.72,5641.4,3.8
50.0,5.0,0,0.5,2.0,1.0,12,2255,-5334.5,-14.98,17.4,11.8,76.1,12.1,-2.37,5332.0,4.02
50.0,5.0,0,0.5,2.0,1.0,60,2233,-5069.9,-14.24,17.3,15.6,80.7,3.7,-2.27,5067.4,3.96
50.0,5.0,0,0.5,2.0,1.0,120,2232,-5044.7,-14.17,17.0,16.1,81.1,2.8,-2.26,5042.2,3.95
50.0,5.0,0,0.5,2.0,2.0,12,2187,-5738.0,-16.11,30.2,17.2,43.5,39.3,-2.62,5733.0,4.0
50.0,5.0,0,0.5,2.0,2.0,60,2119,-5168.7,-14.51,32.9,28.8,57.0,14.2,-2.44,5163.7,3.86
50.0,5.0,0,0.5,2.0,2.0,120,2098,-4738.4,-13.31,33.3,31.0,59.4,9.6,-2.26,4733.4,3.79
50.0,5.0,0,0.5,2.0,3.0,12,2149,-6115.3,-17.17,34.7,18.8,27.3,54.0,-2.85,6107.8,4.02
50.0,5.0,0,0.5,2.0,3.0,60,2048,-5128.7,-14.4,41.8,36.3,42.7,21.0,-2.5,5121.2,3.87
50.0,5.0,0,0.5,2.0,3.0,120,2021,-4760.5,-13.37,43.1,40.0,46.4,13.6,-2.36,4753.0,3.8
50.0,5.0,0,0.5,3.0,1.0,12,2245,-5111.8,-14.35,16.3,7.8,76.9,15.2,-2.28,5109.3,4.03
50.0,5.0,0,0.5,3.0,1.0,60,2216,-4708.3,-13.22,14.9,12.5,83.0,4.5,-2.12,4705.8,3.96
50.0,5.0,0,0.5,3.0,1.0,120,2215,-4663.0,-13.09,14.4,13.1,83.7,3.2,-2.11,4660.5,3.95
50.0,5.0,0,0.5,3.0,2.0,12,2171,-5467.5,-15.35,28.7,10.9,44.1,45.0,-2.52,5462.5,4.01
50.0,5.0,0,0.5,3.0,2.0,60,2093,-4627.8,-13.0,29.7,23.0,59.5,17.5,-2.21,4622.8,3.87
50.0,5.0,0,0.5,3.0,2.0,120,2068,-4200.5,-11.8,29.4,25.5,62.8,11.7,-2.03,4195.5,3.8
50.0,5.0,0,0.5,3.0,3.0,12,2132,-5778.5,-16.23,33.1,11.9,27.6,60.6,-2.71,5771.0,4.03
50.0,5.0,0,0.5,3.0,3.0,60,2012,-4479.5,-12.58,38.1,28.6,44.8,26.6,-2.23,4472.0,3.88
50.0,5.0,0,0.5,3.0,3.0,120,1977,-4049.3,-11.37,38.6,33.1,49.8,17.1,-2.05,4041.8,3.81
50.0,5.0,0,0.7,1.0,1.0,12,2471,-6212.8,-17.45,21.1,19.5,73.7,6.8,-2.51,6210.2,4.0
50.0,5.0,0,0.7,1.0,1.0,60,2455,-6033.1,-16.94,22.0,21.5,76.2,2.3,-2.46,6030.5,3.94
50.0,5.0,0,0.7,1.0,1.0,120,2451,-5981.5,-16.8,22.0,21.5,76.4,2.1,-2.44,5978.9,3.93
50.0,5.0,0,0.7,1.0,2.0,12,2396,-6867.4,-19.28,34.9,29.8,42.2,28.0,-2.87,6862.2,3.99
50.0,5.0,0,0.7,1.0,2.0,60,2340,-6083.0,-17.08,40.5,39.1,51.1,9.8,-2.6,6077.8,3.82
50.0,5.0,0,0.7,1.0,2.0,120,2324,-5681.2,-15.95,41.2,40.3,52.4,7.3,-2.44,5676.0,3.77
50.0,5.0,0,0.7,1.0,3.0,12,2346,-7367.1,-20.69,39.3,33.2,26.9,39.9,-3.14,7359.3,4.01
50.0,5.0,0,0.7,1.0,3.0,60,2265,-6466.1,-18.16,49.3,47.4,38.5,14.1,-2.85,6458.3,3.83
50.0,5.0,0,0.7,1.0,3.0,120,2243,-6067.3,-17.04,50.9,49.8,40.6,9.6,-2.7,6059.5,3.78
50.0,5.0,0,0.7,2.0,1.0,12,2454,-5708.3,-16.03,17.8,12.1,76.0,11.8,-2.33,5705.7,4.0
50.0,5.0,0,0.7,2.0,1.0,60,2431,-5390.9,-15.14,17.7,16.0,80.4,3.6,-2.22,5388.3,3.94
50.0,5.0,0,0.7,2.0,1.0,120,2428,-5328.3,-14.96,17.5,16.6,80.7,2.7,-2.19,5327.8,3.93
50.0,5.0,0,0.7,2.0,2.0,12,2367,-6215.2,-17.45,30.6,17.4,43.9,38.8,-2.63,6210.0,3.99
50.0,5.0,0,0.7,2.0,2.0,60,2288,-5416.8,-15.21,33.4,29.2,57.1,13.7,-2.37,5411.6,3.83
50.0,5.0,0,0.7,2.0,2.0,120,2266,-4899.2,-13.76,33.8,31.4,59.1,9.4,-2.16,4894.0,3.78
50.0,5.0,0,0.7,2.0,3.0,12,2318,-6649.0,-18.67,34.9,18.9,28.0,53.1,-2.87,6641.2,4.01
50.0,5.0,0,0.7,2.0,3.0,60,2200,-5609.0,-15.75,41.9,36.2,43.5,20.3,-2.55,5601.2,3.85
50.0,5.0,0,0.7,2.0,3.0,120,2170,-5080.7,-14.27,43.3,40.0,46.9,13.1,-2.34,5072.9,3.79
50.0,5.0,0,0.7,3.0,1.0,12,2440,-5522.2,-15.51,16.5,7.9,76.9,15.2,-2.26,5519.6,4.01
50.0,5.0,0,0.7,3.0,1.0,60,2410,-5023.4,-14.11,15.1,12.7,82.9,4.5,-2.08,5020.8,3.95
50.0,5.0,0,0.7,3.0,1.0,120,2406,-4967.1,-13.95,14.7,13.3,83.5,3.2,-2.06,4964.5,3.93
50.0,5.0,0,0.7,3.0,2.0,12,2347,-5906.4,-16.59,29.1,10.8,44.3,44.9,-2.52,5901.2,4.0
50.0,5.0,0,0.7,3.0,2.0,60,2254,-4773.7,-13.4,30.2,23.2,59.6,17.2,-2.12,4768.5,3.85
50.0,5.0,0,0.7,3.0,2.0,120,2226,-4283.3,-12.03,30.0,25.8,62.6,11.6,-1.92,4300.3,3.78
50.0,5.0,0,0.7,3.0,3.0,12,2297,-6253.3,-17.56,33.3,11.9,28.1,60.0,-2.72,6245.5,4.02
50.0,5.0,0,0.7,3.0,3.0,60,2158,-4769.4,-13.39,38.4,28.7,45.2,26.1,-2.21,4761.6,3.87
50.0,5.0,0,0.7,3.0,3.0,120,2118,-4193.5,-11.78,39.1,33.3,49.9,16.8,-1.98,4185.7,3.8
50.0,5.0,1,0.5,1.0,1.0,12,5575,-16201.8,-45.5,19.5,17.3,76.1,6.6,-2.91,16199.3,4.2
50.0,5.0,1,0.5,1.0,1.0,60,5533,-15779.5,-44.31,19.9,19.6,79.1,1.3,-2.85,15777.0,4.13
50.0,5.0,1,0.5,1.0,1.0,120,5522,-15589.0,-43.78,20.0,19.8,79.3,0.9,-2.82,15586.5,4.12
50.0,5.0,1,0.5,1.0,2.0,12,5216,-17127.9,-48.1,32.2,26.9,41.7,31.5,-3.28,17122.9,4.09
50.0,5.0,1,0.5,1.0,2.0,60,4996,-14190.1,-39.85,38.2,36.7,52.2,11.1,-2.84,14185.1,3.8
50.0,5.0,1,0.5,1.0,2.0,120,4933,-13342.5,-37.47,39.4,38.5,53.8,7.7,-2.7,13337.5,3.7
50.0,5.0,1,0.5,1.0,3.0,12,5012,-17460.2,-49.03,36.7,29.7,23.8,46.5,-3.48,17452.7,4.12
50.0,5.0,1,0.5,1.0,3.0,60,4697,-13992.5,-39.29,47.9,45.9,37.8,16.3,-2.98,13985.0,3.82
50.0,5.0,1,0.5,1.0,3.0,120,4617,-13275.0,-37.28,50.0,48.8,40.5,10.7,-2.88,13267.5,3.71
50.0,5.0,1,0.5,2.0,1.0,12,5488,-15359.9,-43.13,16.4,10.0,78.4,11.6,-2.8,15357.4,4.21
50.0,5.0,1,0.5,2.0,1.0,60,5422,-14667.1,-41.19,15.3,14.4,83.4,2.2,-2.71,14664.6,4.14
50.0,5.0,1,0.5,2.0,1.0,120,5409,-14450.1,-40.58,15.3,14.8,84.0,1.2,-2.67,14447.6,4.12
50.0,5.0,1,0.5,2.0,2.0,12,5098,-16019.7,-44.98,28.1,14.8,43.2,42.0,-3.14,16014.7,4.11
50.0,5.0,1,0.5,2.0,2.0,60,4799,-12510.1,-35.13,31.5,27.5,57.4,15.1,-2.61,12505.1,3.83
50.0,5.0,1,0.5,2.0,2.0,120,4721,-11576.9,-32.51,32.3,30.0,59.9,10.0,-2.45,11571.9,3.72
50.0,5.0,1,0.5,2.0,3.0,12,4892,-16088.0,-45.18,32.5,16.5,24.4,59.2,-3.29,16080.5,4.15
50.0,5.0,1,0.5,2.0,3.0,60,4468,-12116.8,-34.02,40.5,34.8,42.3,22.9,-2.71,12109.3,3.85
50.0,5.0,1,0.5,2.0,3.0,120,4367,-11181.0,-31.4,42.4,39.2,46.2,14.6,-2.56,11173.5,3.75
50.0,5.0,1,0.5,3.0,1.0,12,5417,-14932.6,-41.93,15.2,6.1,79.3,14.6,-2.76,14930.1,4.23
50.0,5.0,1,0.5,3.0,1.0,60,5303,-14170.2,-39.79,12.5,10.3,86.1,3.6,-2.67,14167.7,4.15
50.0,5.0,1,0.5,3.0,1.0,120,5282,-13873.4,-38.96,12.2,11.1,87.0,1.9,-2.63,13870.9,4.13
50.0,5.0,1,0.5,3.0,2.0,12,5013,-15279.7,-42.91,26.8,8.8,43.5,47.7,-3.05,15274.7,4.13
50.0,5.0,1,0.5,3.0,2.0,60,4613,-11639.3,-32.68,27.7,20.0,60.1,19.8,-2.52,11634.3,3.86
50.0,5.0,1,0.5,3.0,2.0,120,4519,-10559.8,-29.65,27.8,23.6,63.7,12.7,-2.34,10554.8,3.75
50.0,5.0,1,0.5,3.0,3.0,12,4812,-15589.6,-43.78,30.9,9.4,24.7,65.9,-3.24,15582.2,4.16
50.0,5.0,1,0.5,3.0,3.0,60,4259,-11027.5,-30.97,36.4,25.4,44.4,30.2,-2.59,11020.0,3.9
50.0,5.0,1,0.5,3.0,3.0,120,4128,-9821.7,-27.58,37.5,31.4,49.4,19.2,-2.38,9814.2,3.78
50.0,10.0,0,0.3,1.0,1.0,12,868,-2029.8,-5.7,24.0,22.4,72.2,5.4,-2.34,2027.7,4.06
50.0,10.0,0,0.3,1.0,1.0,60,865,-2055.8,-5.77,24.0,23.7,74.8,1.5,-2.38,2053.7,4.03
50.0,10.0,0,0.3,1.0,1.0,120,864,-2056.9,-5.78,24.0,23.7,74.9,1.4,-2.38,2054.8,4.03
50.0,10.0,0,0.3,1.0,2.0,12,851,-2328.3,-6.54,39.1,34.3,45.7,20.0,-2.74,2328.5,4.05
50.0,10.0,0,0.3,1.0,2.0,60,842,-2270.5,-6.38,41.2,40.5,52.7,6.8,-2.7,2271.0,3.96
50.0,10.0,0,0.3,1.0,2.0,120,840,-2193.6,-6.16,41.5,41.0,53.2,5.8,-2.61,2193.8,3.96
50.0,10.0,0,0.3,1.0,3.0,12,837,-2483.0,-6.97,46.1,40.1,31.5,28.3,-2.97,2477.9,4.07
50.0,10.0,0,0.3,1.0,3.0,60,819,-2331.3,-6.55,51.5,50.3,39.2,10.5,-2.85,2326.5,3.98
50.0,10.0,0,0.3,1.0,3.0,120,815,-2216.9,-6.23,52.4,51.5,40.5,8.0,-2.72,2211.8,3.95
50.0,10.0,0,0.3,2.0,1.0,12,864,-1757.2,-4.93,20.8,15.7,74.8,9.5,-2.03,1758.3,4.06
50.0,10.0,0,0.3,2.0,1.0,60,861,-1738.0,-4.88,19.9,19.0,78.9,2.1,-2.02,1739.1,4.03
50.0,10.0,0,0.3,2.0,1.0,120,860,-1733.4,-4.87,19.9,19.2,79.0,1.9,-2.02,1734.5,4.03
50.0,10.0,0,0.3,2.0,2.0,12,847,-1973.2,-5.54,34.6,23.4,47.3,29.3,-2.33,1984.2,4.06
50.0,10.0,0,0.3,2.0,2.0,60,836,-2015.4,-5.66,34.0,31.9,58.6,9.4,-2.41,2030.1,3.96
50.0,10.0,0,0.3,2.0,2.0,120,830,-1883.2,-5.29,34.8,32.8,60.0,7.2,-2.27,1897.1,3.92
50.0,10.0,0,0.3,2.0,3.0,12,833,-2069.4,-5.81,41.1,27.0,32.7,40.3,-2.48,2075.1,4.07
50.0,10.0,0,0.3,2.0,3.0,60,812,-1841.0,-5.17,44.5,41.0,43.8,15.1,-2.27,1853.3,3.97
50.0,10.0,0,0.3,2.0,3.0,120,803,-1696.9,-4.77,45.3,42.8,46.6,10.6,-2.11,1709.0,3.9
50.0,10.0,0,0.3,3.0,1.0,12,859,-1690.5,-4.75,18.9,10.4,76.3,13.4,-1.97,1694.8,4.06
50.0,10.0,0,0.3,3.0,1.0,60,854,-1592.0,-4.47,16.6,14.8,82.0,3.3,-1.86,1599.4,4.03
50.0,10.0,0,0.3,3.0,1.0,120,853,-1581.8,-4.44,16.4,15.5,82.4,2.1,-1.85,1599.8,4.03
50.0,10.0,0,0.3,3.0,2.0,12,841,-1921.5,-5.4,32.0,14.4,48.5,37.1,-2.28,1944.3,4.06
50.0,10.0,0,0.3,3.0,2.0,60,828,-1873.4,-5.26,29.6,25.4,62.2,12.4,-2.26,1902.3,3.97
50.0,10.0,0,0.3,3.0,2.0,120,822,-1788.5,-5.02,29.9,26.9,64.5,8.6,-2.18,1823.8,3.92
50.0,10.0,0,0.3,3.0,3.0,12,825,-1968.1,-5.53,38.3,16.8,33.3,49.8,-2.39,1985.7,4.07
50.0,10.0,0,0.3,3.0,3.0,60,797,-1588.7,-4.46,39.5,32.9,47.2,19.9,-1.99,1625.7,3.97
50.0,10.0,0,0.3,3.0,3.0,120,788,-1468.5,-4.12,39.7,36.0,51.1,12.8,-1.86,1510.5,3.9
50.0,10.0,0,0.5,1.0,1.0,12,1089,-2325.7,-6.53,25.0,23.9,71.3,4.8,-2.14,2328.7,3.89
50.0,10.0,0,0.5,1.0,1.0,60,1086,-2347.1,-6.59,25.2,24.9,73.7,1.5,-2.16,2350.1,3.87
50.0,10.0,0,0.5,1.0,1.0,120,1085,-2352.0,-6.6,25.2,24.9,73.7,1.4,-2.17,2355.0,3.87
50.0,10.0,0,0.5,1.0,2.0,12,1061,-2724.8,-7.65,40.0,36.1,46.1,17.8,-2.57,2732.8,3.89
50.0,10.0,0,0.5,1.0,2.0,60,1051,-2611.5,-7.33,42.2,41.4,52.5,6.1,-2.48,2619.5,3.81
50.0,10.0,0,0.5,1.0,2.0,120,1049,-2542.6,-7.14,42.6,41.8,53.0,5.1,-2.42,2550.6,3.81
50.0,10.0,0,0.5,1.0,3.0,12,1039,-3006.4,-8.44,46.1,41.1,32.1,26.8,-2.89,3009.1,3.9
50.0,10.0,0,0.5,1.0,3.0,60,1018,-2738.7,-7.69,52.1,50.8,39.9,9.3,-2.69,2741.4,3.82
50.0,10.0,0,0.5,1.0,3.0,120,1014,-2642.6,-7.42,53.0,52.0,40.9,7.1,-2.61,2645.3,3.8
50.0,10.0,0,0.5,2.0,1.0,12,1085,-1984.8,-5.57,21.3,16.8,74.2,9.0,-1.83,1987.9,3.89
50.0,10.0,0,0.5,2.0,1.0,60,1082,-1946.0,-5.46,20.8,20.0,78.0,2.0,-1.8,1943.6,3.87
50.0,10.0,0,0.5,2.0,1.0,120,1081,-1941.0,-5.45,20.8,20.2,78.1,1.8,-1.8,1938.6,3.87
50.0,10.0,0,0.5,2.0,2.0,12,1052,-2275.6,-6.39,34.8,24.2,48.0,27.8,-2.16,2290.6,3.89
50.0,10.0,0,0.5,2.0,2.0,60,1037,-2276.0,-6.39,34.7,32.5,58.9,8.6,-2.19,2282.2,3.82
50.0,10.0,0,0.5,2.0,2.0,120,1031,-2142.1,-6.02,35.4,33.5,60.1,6.4,-2.08,2148.3,3.78
50.0,10.0,0,0.5,2.0,3.0,12,1032,-2539.2,-7.13,40.3,26.9,33.5,39.5,-2.46,2549.0,3.9
50.0,10.0,0,0.5,2.0,3.0,60,1004,-2180.6,-6.12,44.5,41.2,45.1,13.6,-2.17,2176.8,3.83
50.0,10.0,0,0.5,2.0,3.0,120,995,-2055.5,-5.77,45.3,42.9,47.5,9.5,-2.07,2051.3,3.77
50.0,10.0,0,0.5,3.0,1.0,12,1080,-1815.9,-5.1,19.7,11.6,75.4,13.1,-1.68,1824.9,3.9
50.0,10.0,0,0.5,3.0,1.0,60,1076,-1675.7,-4.71,17.9,16.3,80.8,3.0,-1.56,1678.9,3.87
50.0,10.0,0,0.5,3.0,1.0,120,1075,-1662.8,-4.67,17.8,16.8,81.1,2.0,-1.55,1670.0,3.87
50.0,10.0,0,0.5,3.0,2.0,12,1046,-2101.4,-5.9,32.6,16.0,49.0,35.0,-2.01,2129.9,3.9
50.0,10.0,0,0.5,3.0,2.0,60,1028,-1981.5,-5.56,30.6,26.8,62.2,11.0,-1.93,2001.2,3.83
50.0,10.0,0,0.5,3.0,2.0,120,1022,-1899.5,-5.33,30.9,28.1,64.3,7.6,-1.86,1927.2,3.79
50.0,10.0,0,0.5,3.0,3.0,12,1024,-2303.3,-6.47,38.2,17.8,34.0,48.2,-2.25,2326.6,3.91
50.0,10.0,0,0.5,3.0,3.0,60,988,-1799.0,-5.05,39.8,33.8,48.0,18.2,-1.82,1808.7,3.82
50.0,10.0,0,0.5,3.0,3.0,120,980,-1749.1,-4.91,39.9,36.3,51.9,11.7,-1.78,1758.4,3.77
50.0,10.0,0,0.7,1.0,1.0,12,1214,-2553.9,-7.17,25.4,24.3,71.2,4.5,-2.1,2564.4,3.89
50.0,10.0,0,0.7,1.0,1.0,60,1211,-2563.7,-7.2,25.7,25.4,73.2,1.4,-2.12,2574.2,3.87
50.0,10.0,0,0.7,1.0,1.0,120,1210,-2563.3,-7.2,25.7,25.4,73.3,1.3,-2.12,2573.8,3.87
50.0,10.0,0,0.7,1.0,2.0,12,1176,-3023.6,-8.49,40.2,36.3,46.0,17.7,-2.57,3028.9,3.9
50.0,10.0,0,0.7,1.0,2.0,60,1163,-2849.0,-8.0,42.6,41.8,52.5,5.8,-2.45,2854.3,3.8
50.0,10.0,0,0.7,1.0,2.0,120,1161,-2769.0,-7.78,43.1,42.2,52.9,4.9,-2.39,2776.2,3.8
50.0,10.0,0,0.7,1.0,3.0,12,1150,-3357.1,-9.43,46.0,41.1,32.2,26.7,-2.92,3357.2,3.91
50.0,10.0,0,0.7,1.0,3.0,60,1124,-3077.7,-8.64,52.0,50.7,40.4,8.9,-2.74,3077.9,3.81
50.0,10.0,0,0.7,1.0,3.0,120,1118,-2959.7,-8.31,53.0,51.9,41.2,6.9,-2.65,2959.8,3.8
50.0,10.0,0,0.7,2.0,1.0,12,1207,-2152.8,-6.05,21.7,17.0,74.2,8.9,-1.78,2158.2,3.88
50.0,10.0,0,0.7,2.0,1.0,60,1204,-2082.7,-5.85,21.2,20.3,77.6,2.2,-1.73,2102.9,3.87
50.0,10.0,0,0.7,2.0,1.0,120,1203,-2063.7,-5.79,21.4,20.5,77.6,1.8,-1.72,2083.9,3.87
50.0,10.0,0,0.7,2.0,2.0,12,1161,-2560.7,-7.19,35.0,23.8,48.5,27.7,-2.21,2560.9,3.89
50.0,10.0,0,0.7,2.0,2.0,60,1143,-2507.2,-7.04,34.7,32.3,59.2,8.5,-2.19,2522.2,3.81
50.0,10.0,0,0.7,2.0,2.0,120,1138,-2341.4,-6.57,35.6,33.3,60.3,6.4,-2.06,2356.4,3.78
50.0,10.0,0,0.7,2.0,3.0,12,1136,-2862.7,-8.04,40.4,26.4,34.0,39.6,-2.52,2858.3,3.9
50.0,10.0,0,0.7,2.0,3.0,60,1101,-2536.8,-7.12,44.1,40.5,46.1,13.4,-2.3,2546.6,3.82
50.0,10.0,0,0.7,2.0,3.0,120,1090,-2353.4,-6.61,45.2,42.4,48.3,9.4,-2.16,2363.2,3.77
50.0,10.0,0,0.7,3.0,1.0,12,1196,-1994.9,-5.6,19.8,11.7,75.4,12.9,-1.67,2000.3,3.89
50.0,10.0,0,0.7,3.0,1.0,60,1192,-1806.6,-5.07,18.1,16.3,80.5,3.2,-1.52,1836.2,3.86
50.0,10.0,0,0.7,3.0,1.0,120,1191,-1811.7,-5.09,18.1,16.8,80.9,2.3,-1.52,1845.2,3.86
50.0,10.0,0,0.7,3.0,2.0,12,1149,-2333.6,-6.55,32.7,15.7,49.3,35.0,-2.03,2336.9,3.9
50.0,10.0,0,0.7,3.0,2.0,60,1126,-2132.7,-5.99,30.9,26.6,62.3,11.1,-1.89,2158.3,3.82
50.0,10.0,0,0.7,3.0,2.0,120,1120,-2047.2,-5.75,31.2,28.0,64.4,7.6,-1.83,2093.0,3.78
50.0,10.0,0,0.7,3.0,3.0,12,1123,-2568.3,-7.21,38.2,17.6,34.3,48.1,-2.29,2563.9,3.92
50.0,10.0,0,0.7,3.0,3.0,60,1078,-2013.7,-5.65,39.9,33.4,48.4,18.2,-1.87,2023.7,3.82
50.0,10.0,0,0.7,3.0,3.0,120,1067,-1928.9,-5.42,40.4,36.3,52.1,11.6,-1.81,1936.7,3.78
50.0,10.0,1,0.5,1.0,1.0,12,2685,-6829.0,-19.18,23.1,21.6,74.4,4.0,-2.54,6826.6,4.08
50.0,10.0,1,0.5,1.0,1.0,60,2678,-6718.4,-18.87,23.3,23.1,76.0,1.0,-2.51,6715.8,4.05
50.0,10.0,1,0.5,1.0,1.0,120,2675,-6638.5,-18.64,23.5,23.3,76.1,0.5,-2.48,6635.9,4.05
50.0,10.0,1,0.5,1.0,2.0,12,2516,-7404.0,-20.79,38.0,33.1,44.8,22.1,-2.94,7401.6,4.0
50.0,10.0,1,0.5,1.0,2.0,60,2470,-6536.4,-18.35,41.5,40.4,51.8,7.8,-2.65,6531.2,3.84
50.0,10.0,1,0.5,1.0,2.0,120,2455,-6321.4,-17.75,42.5,41.7,52.6,5.7,-2.57,6316.2,3.79
50.0,10.0,1,0.5,1.0,3.0,12,2412,-7702.9,-21.63,43.8,37.4,28.0,34.7,-3.19,7700.5,4.02
50.0,10.0,1,0.5,1.0,3.0,60,2337,-6585.0,-18.49,51.9,50.3,38.7,11.0,-2.82,6577.2,3.83
50.0,10.0,1,0.5,1.0,3.0,120,2313,-6281.8,-17.64,53.1,52.2,40.3,7.5,-2.72,6274.0,3.78
50.0,10.0,1,0.5,2.0,1.0,12,2632,-6276.1,-17.62,19.1,13.6,77.6,8.8,-2.38,6275.4,4.1
50.0,10.0,1,0.5,2.0,1.0,60,2619,-5993.5,-16.83,18.2,17.5,80.9,1.6,-2.29,5990.9,4.06
50.0,10.0,1,0.5,2.0,1.0,120,2614,-5877.2,-16.5,18.4,17.9,81.2,0.9,-2.25,5874.6,4.05
50.0,10.0,1,0.5,2.0,2.0,12,2446,-6772.8,-19.02,32.5,19.8,47.5,32.7,-2.77,6770.4,4.02
50.0,10.0,1,0.5,2.0,2.0,60,2384,-5727.8,-16.08,33.7,31.1,58.6,10.3,-2.4,5722.6,3.85
50.0,10.0,1,0.5,2.0,2.0,120,2365,-5567.3,-15.63,34.4,32.5,60.2,7.3,-2.35,5562.1,3.8
50.0,10.0,1,0.5,2.0,3.0,12,2341,-6929.2,-19.46,38.2,22.8,29.4,47.8,-2.96,6928.4,4.04
50.0,10.0,1,0.5,2.0,3.0,60,2237,-5651.4,-15.87,43.5,39.5,44.7,15.7,-2.53,5643.6,3.86
50.0,10.0,1,0.5,2.0,3.0,120,2205,-5427.1,-15.24,44.7,42.1,47.7,10.2,-2.46,5419.3,3.8
50.0,10.0,1,0.5,3.0,1.0,12,2601,-5972.9,-16.77,17.4,9.0,78.7,12.3,-2.3,5970.5,4.11
50.0,10.0,1,0.5,3.0,1.0,60,2575,-5630.5,-15.81,14.8,13.3,84.2,2.6,-2.19,5627.9,4.06
50.0,10.0,1,0.5,3.0,1.0,120,2569,-5508.7,-15.47,14.9,13.8,84.7,1.4,-2.14,5506.1,4.04
50.0,10.0,1,0.5,3.0,2.0,12,2407,-6213.2,-17.45,30.9,13.1,48.2,38.8,-2.58,6210.8,4.03
50.0,10.0,1,0.5,3.0,2.0,60,2318,-5195.4,-14.59,29.2,23.9,62.3,13.8,-2.24,5190.2,3.86
50.0,10.0,1,0.5,3.0,2.0,120,2297,-4920.9,-13.82,29.7,26.3,64.6,9.1,-2.14,4915.7,3.81
50.0,10.0,1,0.5,3.0,3.0,12,2303,-6395.7,-17.96,36.3,14.4,29.9,55.7,-2.78,6393.3,4.05
50.0,10.0,1,0.5,3.0,3.0,60,2151,-5020.9,-14.1,38.6,30.5,47.9,21.6,-2.33,5013.1,3.88
50.0,10.0,1,0.5,3.0,3.0,120,2116,-4648.7,-13.05,39.4,34.9,51.8,13.2,-2.2,4640.9,3.81
80.0,0.0,0,0.3,1.0,1.0,12,628,-2155.9,-6.05,22.8,21.8,69.6,8.6,-3.43,2151.9,5.51
80.0,0.0,0,0.3,1.0,1.0,60,624,-2119.9,-5.95,23.7,22.8,72.4,4.8,-3.4,2115.5,5.47
80.0,0.0,0,0.3,1.0,1.0,120,622,-2055.0,-5.77,23.8,22.8,72.5,4.7,-3.3,2057.1,5.46
80.0,0.0,0,0.3,1.0,2.0,12,621,-2344.6,-6.58,33.5,30.1,41.1,28.8,-3.78,2340.4,5.5
80.0,0.0,0,0.3,1.0,2.0,60,605,-2107.9,-5.92,37.0,35.0,48.3,16.7,-3.48,2098.4,5.3
80.0,0.0,0,0.3,1.0,2.0,120,600,-1920.2,-5.39,38.3,36.2,49.0,14.8,-3.2,1917.2,5.27
80.0,0.0,0,0.3,1.0,3.0,12,610,-2245.1,-6.3,42.1,37.7,26.4,35.9,-3.68,2238.8,5.54
80.0,0.0,0,0.3,1.0,3.0,60,592,-1974.4,-5.54,48.6,46.3,33.3,20.4,-3.34,1970.6,5.34
80.0,0.0,0,0.3,1.0,3.0,120,585,-1774.7,-4.98,50.6,48.2,34.9,16.9,-3.03,1770.2,5.25
80.0,0.0,0,0.3,2.0,1.0,12,627,-1964.7,-5.52,19.5,15.3,72.2,12.4,-3.13,1962.7,5.52
80.0,0.0,0,0.3,2.0,1.0,60,623,-1899.1,-5.33,19.6,17.8,76.6,5.6,-3.05,1912.8,5.47
80.0,0.0,0,0.3,2.0,1.0,120,621,-1841.5,-5.17,19.5,18.0,76.7,5.3,-2.97,1861.7,5.46
80.0,0.0,0,0.3,2.0,2.0,12,619,-2023.3,-5.68,30.5,21.3,42.2,36.5,-3.27,2028.3,5.5
80.0,0.0,0,0.3,2.0,2.0,60,603,-1903.9,-5.35,31.8,27.9,52.2,19.9,-3.16,1914.3,5.3
80.0,0.0,0,0.3,2.0,2.0,120,596,-1687.7,-4.74,33.1,29.5,53.7,16.8,-2.83,1704.6,5.25
80.0,0.0,0,0.3,2.0,3.0,12,607,-1863.1,-5.23,38.6,26.0,27.5,46.5,-3.07,1864.6,5.54
80.0,0.0,0,0.3,2.0,3.0,60,587,-1666.9,-4.68,42.4,37.6,37.5,24.9,-2.84,1686.5,5.35
80.0,0.0,0,0.3,2.0,3.0,120,577,-1426.0,-4.0,44.4,40.4,40.0,19.6,-2.47,1458.4,5.25
80.0,0.0,0,0.3,3.0,1.0,12,625,-1957.2,-5.5,17.1,9.6,73.9,16.5,-3.13,1959.3,5.53
80.0,0.0,0,0.3,3.0,1.0,60,618,-1811.8,-5.09,16.3,13.6,79.4,7.0,-2.93,1833.0,5.47
80.0,0.0,0,0.3,3.0,1.0,120,616,-1774.3,-4.98,15.7,13.8,80.4,5.8,-2.88,1812.6,5.45
80.0,0.0,0,0.3,3.0,2.0,12,616,-2021.8,-5.68,27.6,13.3,43.3,43.3,-3.28,2038.5,5.51
80.0,0.0,0,0.3,3.0,2.0,60,598,-1887.8,-5.3,27.3,21.7,55.9,22.4,-3.16,1910.7,5.31
80.0,0.0,0,0.3,3.0,2.0,120,591,-1735.0,-4.87,27.9,22.8,58.4,18.8,-2.94,1776.8,5.27
80.0,0.0,0,0.3,3.0,3.0,12,604,-1811.2,-5.09,35.3,16.4,28.5,55.1,-3.0,1824.4,5.55
80.0,0.0,0,0.3,3.0,3.0,60,578,-1414.6,-3.97,37.7,30.6,40.5,28.9,-2.45,1485.4,5.34
80.0,0.0,0,0.3,3.0,3.0,120,568,-1236.9,-3.47,38.9,32.7,44.4,22.9,-2.18,1319.4,5.26
80.0,0.0,0,0.5,1.0,1.0,12,759,-2400.4,-6.74,23.5,22.8,69.4,7.8,-3.16,2392.2,5.25
80.0,0.0,0,0.5,1.0,1.0,60,755,-2342.7,-6.58,24.6,23.6,71.8,4.6,-3.1,2333.4,5.21
80.0,0.0,0,0.5,1.0,1.0,120,753,-2290.9,-6.43,24.6,23.6,72.0,4.4,-3.04,2289.4,5.2
80.0,0.0,0,0.5,1.0,2.0,12,746,-2681.4,-7.53,34.3,31.2,42.6,26.1,-3.59,2675.7,5.25
80.0,0.0,0,0.5,1.0,2.0,60,728,-2406.2,-6.76,37.5,35.4,49.5,15.1,-3.31,2399.4,5.07
80.0,0.0,0,0.5,1.0,2.0,120,723,-2253.5,-6.33,38.6,36.4,50.3,13.3,-3.12,2253.2,5.04
80.0,0.0,0,0.5,1.0,3.0,12,730,-2678.7,-7.52,42.2,38.2,28.6,33.2,-3.67,2669.5,5.29
80.0,0.0,0,0.5,1.0,3.0,60,708,-2346.5,-6.59,48.3,45.9,35.5,18.6,-3.31,2339.1,5.11
80.0,0.0,0,0.5,1.0,3.0,120,701,-2177.8,-6.12,50.2,47.8,36.9,15.3,-3.11,2174.6,5.04
80.0,0.0,0,0.5,2.0,1.0,12,756,-2126.8,-5.97,20.1,16.8,72.1,11.1,-2.81,2121.9,5.25
80.0,0.0,0,0.5,2.0,1.0,60,752,-2033.2,-5.71,20.7,18.9,75.7,5.5,-2.7,2043.3,5.22
80.0,0.0,0,0.5,2.0,1.0,120,750,-1984.5,-5.57,20.5,19.2,75.9,4.9,-2.65,2002.4,5.21
80.0,0.0,0,0.5,2.0,2.0,12,741,-2296.9,-6.45,30.6,21.7,44.0,34.3,-3.1,2303.6,5.26
80.0,0.0,0,0.5,2.0,2.0,60,721,-2111.0,-5.93,32.3,28.2,53.5,18.3,-2.93,2121.9,5.08
80.0,0.0,0,0.5,2.0,2.0,120,714,-1918.8,-5.39,33.2,30.1,55.0,14.8,-2.69,1937.5,5.04
80.0,0.0,0,0.5,2.0,3.0,12,726,-2263.6,-6.36,37.9,25.8,30.3,43.9,-3.12,2267.4,5.29
80.0,0.0,0,0.5,2.0,3.0,60,698,-1977.6,-5.55,41.8,37.0,39.8,23.2,-2.83,1997.7,5.13
80.0,0.0,0,0.5,2.0,3.0,120,688,-1750.4,-4.92,43.8,40.1,42.3,17.6,-2.54,1776.3,5.04
80.0,0.0,0,0.5,3.0,1.0,12,754,-2075.1,-5.83,17.9,10.9,73.7,15.4,-2.75,2077.4,5.26
80.0,0.0,0,0.5,3.0,1.0,60,747,-1882.4,-5.29,17.7,15.0,78.4,6.6,-2.52,1903.1,5.21
80.0,0.0,0,0.5,3.0,1.0,120,745,-1851.5,-5.2,17.0,15.2,79.3,5.5,-2.49,1890.6,5.19
80.0,0.0,0,0.5,3.0,2.0,12,738,-2250.1,-6.32,28.0,13.8,45.1,41.1,-3.05,2270.7,5.26
80.0,0.0,0,0.5,3.0,2.0,60,715,-2040.6,-5.73,28.0,22.7,56.9,20.4,-2.85,2066.8,5.09
80.0,0.0,0,0.5,3.0,2.0,120,707,-1936.2,-5.44,28.1,23.5,59.5,17.0,-2.74,1982.5,5.05
80.0,0.0,0,0.5,3.0,3.0,12,723,-2173.5,-6.1,35.0,16.0,31.1,52.8,-3.01,2190.8,5.29
80.0,0.0,0,0.5,3.0,3.0,60,688,-1654.5,-4.65,37.5,30.7,42.6,26.7,-2.4,1692.5,5.12
80.0,0.0,0,0.5,3.0,3.0,120,677,-1511.2,-4.24,38.4,32.6,46.2,21.1,-2.23,1561.6,5.05
80.0,0.0,0,0.7,1.0,1.0,12,822,-2494.6,-7.01,24.3,23.7,68.9,7.4,-3.03,2499.1,5.18
80.0,0.0,0,0.7,1.0,1.0,60,818,-2423.0,-6.8,25.4,24.4,71.0,4.5,-2.96,2426.4,5.14
80.0,0.0,0,0.7,1.0,1.0,120,815,-2355.6,-6.61,25.5,24.5,71.2,4.3,-2.89,2366.8,5.12
80.0,0.0,0,0.7,1.0,2.0,12,804,-2826.0,-7.94,35.1,32.1,43.2,24.8,-3.51,2830.3,5.16
80.0,0.0,0,0.7,1.0,2.0,60,786,-2507.9,-7.04,38.2,36.0,49.5,14.5,-3.19,2511.1,5.0
80.0,0.0,0,0.7,1.0,2.0,120,781,-2344.8,-6.58,39.3,37.0,50.3,12.7,-3.0,2354.5,4.97
80.0,0.0,0,0.7,1.0,3.0,12,785,-2899.2,-8.14,42.3,38.6,29.9,31.5,-3.69,2901.4,5.21
80.0,0.0,0,0.7,1.0,3.0,60,763,-2530.3,-7.11,48.1,45.6,36.6,17.8,-3.32,2534.3,5.04
80.0,0.0,0,0.7,1.0,3.0,120,756,-2378.8,-6.68,49.9,47.4,38.1,14.6,-3.15,2387.0,4.99
80.0,0.0,0,0.7,2.0,1.0,12,816,-2179.7,-6.12,20.7,17.3,71.8,10.9,-2.67,2181.3,5.17
80.0,0.0,0,0.7,2.0,1.0,60,812,-2060.8,-5.79,21.2,19.5,75.1,5.4,-2.54,2095.0,5.14
80.0,0.0,0,0.7,2.0,1.0,120,809,-1993.8,-5.6,21.3,19.8,75.3,4.9,-2.46,2035.8,5.11
80.0,0.0,0,0.7,2.0,2.0,12,795,-2445.7,-6.87,30.8,22.0,45.3,32.7,-3.08,2451.7,5.17
80.0,0.0,0,0.7,2.0,2.0,60,775,-2204.1,-6.19,32.4,28.4,54.1,17.5,-2.84,2235.0,5.01
80.0,0.0,0,0.7,2.0,2.0,120,768,-2011.7,-5.65,33.3,30.1,55.5,14.5,-2.62,2050.4,4.96
80.0,0.0,0,0.7,2.0,3.0,12,776,-2459.3,-6.91,38.0,26.0,32.1,41.9,-3.17,2462.4,5.22
80.0,0.0,0,0.7,2.0,3.0,60,747,-2172.9,-6.1,41.2,36.4,41.4,22.2,-2.91,2213.0,5.06
80.0,0.0,0,0.7,2.0,3.0,120,737,-1954.9,-5.49,43.1,39.3,43.7,17.0,-2.65,1995.1,4.97
80.0,0.0,0,0.7,3.0,1.0,12,810,-2122.9,-5.96,18.4,11.0,73.6,15.4,-2.62,2129.0,5.19
80.0,0.0,0,0.7,3.0,1.0,60,803,-1903.5,-5.35,17.8,15.2,78.2,6.6,-2.37,1945.8,5.13
80.0,0.0,0,0.7,3.0,1.0,120,800,-1862.2,-5.23,17.5,15.4,79.0,5.6,-2.33,1915.0,5.11
80.0,0.0,0,0.7,3.0,2.0,12,789,-2324.0,-6.53,28.4,14.1,46.0,39.9,-2.95,2337.7,5.19
80.0,0.0,0,0.7,3.0,2.0,60,766,-2052.5,-5.76,28.3,23.0,57.2,19.8,-2.68,2095.2,5.02
80.0,0.0,0,0.7,3.0,2.0,120,758,-1944.2,-5.46,28.8,23.9,59.5,16.6,-2.56,1997.4,4.98
80.0,0.0,0,0.7,3.0,3.0,12,770,-2332.5,-6.55,35.2,16.1,32.6,51.3,-3.03,2342.9,5.23
80.0,0.0,0,0.7,3.0,3.0,60,734,-1817.6,-5.1,36.9,30.0,44.0,26.0,-2.48,1872.1,5.06
80.0,0.0,0,0.7,3.0,3.0,120,723,-1654.4,-4.65,38.2,32.2,47.3,20.5,-2.29,1711.7,5.0
80.0,0.0,1,0.5,1.0,1.0,12,1866,-7229.5,-20.3,21.1,19.2,74.0,6.9,-3.87,7226.8,5.54
80.0,0.0,1,0.5,1.0,1.0,60,1851,-6962.6,-19.55,21.6,21.0,76.1,2.9,-3.76,6959.9,5.47
80.0,0.0,1,0.5,1.0,1.0,120,1846,-6819.9,-19.15,22.0,21.5,76.5,2.0,-3.69,6817.2,5.44
80.0,0.0,1,0.5,1.0,2.0,12,1768,-7985.1,-22.42,31.4,28.0,42.4,29.6,-4.52,7984.6,5.43
80.0,0.0,1,0.5,1.0,2.0,60,1682,-6416.1,-18.02,35.9,33.9,49.7,16.4,-3.81,6415.6,5.03
80.0,0.0,1,0.5,1.0,2.0,120,1662,-6078.1,-17.07,36.8,35.4,51.3,13.3,-3.66,6077.6,4.92
80.0,0.0,1,0.5,1.0,3.0,12,1728,-8334.2,-23.4,36.5,31.4,28.2,40.4,-4.82,8339.6,5.45
80.0,0.0,1,0.5,1.0,3.0,60,1618,-6531.5,-18.34,44.9,42.4,37.5,20.1,-4.04,6538.6,5.03
80.0,0.0,1,0.5,1.0,3.0,120,1593,-6188.2,-17.38,46.3,44.8,39.6,15.6,-3.88,6202.3,4.9
80.0,0.0,1,0.5,2.0,1.0,12,1842,-6843.3,-19.22,17.7,12.5,76.8,10.6,-3.72,6840.6,5.56
80.0,0.0,1,0.5,2.0,1.0,60,1824,-6471.0,-18.17,17.2,15.6,80.4,3.9,-3.55,6468.3,5.48
80.0,0.0,1,0.5,2.0,1.0,120,1817,-6328.8,-17.77,17.2,16.2,81.2,2.5,-3.48,6326.1,5.46
80.0,0.0,1,0.5,2.0,2.0,12,1737,-7525.3,-21.13,27.0,17.7,44.8,37.4,-4.33,7529.9,5.46
80.0,0.0,1,0.5,2.0,2.0,60,1639,-5857.9,-16.45,29.8,25.7,54.7,19.6,-3.57,5860.6,5.06
80.0,0.0,1,0.5,2.0,2.0,120,1616,-5587.4,-15.69,30.0,27.8,57.2,15.0,-3.46,5590.2,4.95
80.0,0.0,1,0.5,2.0,3.0,12,1685,-7675.0,-21.55,32.0,20.4,29.3,50.4,-4.55,7685.6,5.5
80.0,0.0,1,0.5,2.0,3.0,60,1557,-5665.8,-15.91,39.0,33.3,41.3,25.4,-3.64,5692.5,5.09
80.0,0.0,1,0.5,2.0,3.0,120,1526,-5379.5,-15.11,39.4,36.7,44.7,18.6,-3.53,5414.4,4.96
80.0,0.0,1,0.5,3.0,1.0,12,1820,-6593.0,-18.51,16.2,8.3,77.8,13.9,-3.62,6590.3,5.59
80.0,0.0,1,0.5,3.0,1.0,60,1797,-6250.2,-17.55,14.1,11.6,83.2,5.2,-3.48,6247.5,5.5
80.0,0.0,1,0.5,3.0,1.0,120,1786,-6050.9,-16.99,13.9,12.4,84.5,3.1,-3.39,6048.2,5.47
80.0,0.0,1,0.5,3.0,2.0,12,1711,-7081.4,-19.89,25.5,11.2,44.9,43.9,-4.14,7088.9,5.48
80.0,0.0,1,0.5,3.0,2.0,60,1601,-5509.8,-15.47,25.9,19.8,57.6,22.6,-3.44,5510.9,5.09
80.0,0.0,1,0.5,3.0,2.0,120,1574,-5257.3,-14.76,25.3,22.2,61.0,16.8,-3.34,5254.6,4.98
80.0,0.0,1,0.5,3.0,3.0,12,1655,-7311.9,-20.53,30.0,12.5,29.5,58.0,-4.42,7325.3,5.53
80.0,0.0,1,0.5,3.0,3.0,60,1515,-5237.0,-14.71,35.0,25.9,43.9,30.2,-3.46,5254.0,5.14
80.0,0.0,1,0.5,3.0,3.0,120,1479,-4948.4,-13.9,34.5,30.0,48.2,21.8,-3.35,4968.0,5.0
80.0,5.0,0,0.3,1.0,1.0,12,540,-1809.7,-5.08,23.3,22.2,69.1,8.7,-3.35,1805.7,5.49
80.0,5.0,0,0.3,1.0,1.0,60,536,-1767.9,-4.96,24.3,23.3,71.8,4.9,-3.3,1763.5,5.44
80.0,5.0,0,0.3,1.0,1.0,120,535,-1732.4,-4.86,24.1,23.4,72.0,4.7,-3.24,1734.5,5.45
80.0,5.0,0,0.3,1.0,2.0,12,534,-2020.1,-5.67,34.6,31.1,41.8,27.2,-3.78,2016.7,5.49
80.0,5.0,0,0.3,1.0,2.0,60,522,-1910.2,-5.36,36.8,35.2,48.7,16.1,-3.66,1900.7,5.34
80.0,5.0,0,0.3,1.0,2.0,120,517,-1760.4,-4.94,37.7,36.2,49.5,14.3,-3.41,1757.4,5.3
80.0,5.0,0,0.3,1.0,3.0,12,524,-1904.2,-5.35,43.9,39.3,27.5,33.2,-3.63,1897.9,5.53
80.0,5.0,0,0.3,1.0,3.0,60,510,-1742.8,-4.89,49.0,47.1,33.1,19.8,-3.42,1739.0,5.38
80.0,5.0,0,0.3,1.0,3.0,120,504,-1560.1,-4.38,50.6,48.8,34.3,16.9,-3.1,1560.0,5.3
80.0,5.0,0,0.3,2.0,1.0,12,539,-1618.7,-4.55,20.4,16.1,71.6,12.2,-3.0,1616.7,5.5
80.0,5.0,0,0.3,2.0,1.0,60,535,-1539.0,-4.32,20.6,18.7,75.5,5.8,-2.88,1552.7,5.45
80.0,5.0,0,0.3,2.0,1.0,120,534,-1510.8,-4.24,20.2,18.9,75.7,5.4,-2.83,1531.0,5.45
80.0,5.0,0,0.3,2.0,2.0,12,532,-1710.8,-4.8,32.0,22.6,42.9,34.6,-3.22,1717.0,5.49
80.0,5.0,0,0.3,2.0,2.0,60,520,-1663.7,-4.67,32.3,29.2,51.7,19.0,-3.2,1674.1,5.34
80.0,5.0,0,0.3,2.0,2.0,120,514,-1478.3,-4.15,33.3,30.4,53.3,16.3,-2.88,1495.2,5.3
80.0,5.0,0,0.3,2.0,3.0,12,521,-1529.8,-4.3,40.5,27.8,28.6,43.6,-2.94,1532.5,5.54
80.0,5.0,0,0.3,2.0,3.0,60,506,-1383.9,-3.89,43.7,39.7,36.6,23.7,-2.74,1403.5,5.39
80.0,5.0,0,0.3,2.0,3.0,120,498,-1169.0,-3.28,45.0,41.6,38.8,19.7,-2.35,1220.5,5.31
80.0,5.0,0,0.3,3.0,1.0,12,536,-1582.4,-4.44,18.1,10.6,73.1,16.2,-2.95,1584.5,5.51
80.0,5.0,0,0.3,3.0,1.0,60,529,-1414.8,-3.97,17.6,14.7,78.1,7.2,-2.67,1436.0,5.44
80.0,5.0,0,0.3,3.0,1.0,120,528,-1401.6,-3.94,16.9,15.0,79.0,6.1,-2.65,1439.9,5.44
80.0,5.0,0,0.3,3.0,2.0,12,529,-1653.3,-4.64,29.3,14.9,44.0,41.0,-3.13,1672.3,5.5
80.0,5.0,0,0.3,3.0,2.0,60,516,-1608.9,-4.52,27.9,23.3,55.2,21.5,-3.12,1636.1,5.34
80.0,5.0,0,0.3,3.0,2.0,120,510,-1485.9,-4.17,28.4,23.9,57.8,18.2,-2.91,1530.9,5.31
80.0,5.0,0,0.3,3.0,3.0,12,518,-1447.6,-4.07,37.3,18.5,29.7,51.7,-2.79,1476.4,5.54
80.0,5.0,0,0.3,3.0,3.0,60,499,-1150.6,-3.23,38.7,32.7,39.9,27.5,-2.31,1218.7,5.37
80.0,5.0,0,0.3,3.0,3.0,120,491,-1016.4,-2.85,39.3,33.6,43.6,22.8,-2.07,1095.2,5.31
80.0,5.0,0,0.5,1.0,1.0,12,653,-2033.4,-5.71,23.7,23.0,68.9,8.1,-3.11,2025.2,5.25
80.0,5.0,0,0.5,1.0,1.0,60,649,-1971.6,-5.54,25.0,23.9,71.3,4.8,-3.04,1962.3,5.21
80.0,5.0,0,0.5,1.0,1.0,120,648,-1949.2,-5.47,24.7,23.9,71.6,4.5,-3.01,1947.7,5.21
80.0,5.0,0,0.5,1.0,2.0,12,643,-2317.7,-6.51,35.1,32.0,42.9,25.0,-3.6,2312.8,5.27
80.0,5.0,0,0.5,1.0,2.0,60,630,-2117.6,-5.95,37.8,35.9,49.4,14.8,-3.36,2110.8,5.12
80.0,5.0,0,0.5,1.0,2.0,120,625,-2009.9,-5.64,38.6,36.8,50.4,12.8,-3.22,2009.6,5.09
80.0,5.0,0,0.5,1.0,3.0,12,631,-2293.2,-6.44,43.4,39.5,30.0,30.6,-3.63,2284.8,5.3
80.0,5.0,0,0.5,1.0,3.0,60,614,-2020.6,-5.67,48.9,46.6,35.2,18.2,-3.29,2013.2,5.15
80.0,5.0,0,0.5,1.0,3.0,120,608,-1876.0,-5.27,50.5,48.5,36.3,15.1,-3.09,1872.8,5.08
80.0,5.0,0,0.5,2.0,1.0,12,651,-1795.4,-5.04,20.4,16.9,71.6,11.5,-2.76,1790.5,5.26
80.0,5.0,0,0.5,2.0,1.0,60,647,-1687.4,-4.74,21.2,19.2,75.1,5.7,-2.61,1697.5,5.22
80.0,5.0,0,0.5,2.0,1.0,120,646,-1668.1,-4.68,20.7,19.5,75.4,5.1,-2.58,1686.0,5.22
80.0,5.0,0,0.5,2.0,2.0,12,638,-1962.0,-5.51,31.5,22.7,44.5,32.8,-3.08,1969.9,5.27
80.0,5.0,0,0.5,2.0,2.0,60,624,-1816.7,-5.1,32.9,29.3,53.0,17.6,-2.91,1827.6,5.13
80.0,5.0,0,0.5,2.0,2.0,120,618,-1667.0,-4.68,33.5,30.7,54.7,14.6,-2.7,1685.7,5.1
80.0,5.0,0,0.5,2.0,3.0,12,627,-1905.3,-5.35,38.9,27.1,31.7,41.1,-3.04,1910.3,5.3
80.0,5.0,0,0.5,2.0,3.0,60,608,-1658.7,-4.66,42.8,38.5,39.5,22.0,-2.73,1678.8,5.17
80.0,5.0,0,0.5,2.0,3.0,120,600,-1479.5,-4.15,44.0,40.7,41.7,17.7,-2.47,1512.3,5.1
80.0,5.0,0,0.5,3.0,1.0,12,648,-1706.9,-4.79,18.5,11.6,72.8,15.6,-2.63,1709.2,5.27
80.0,5.0,0,0.5,3.0,1.0,60,641,-1488.1,-4.18,18.7,15.9,77.2,6.9,-2.32,1508.8,5.2
80.0,5.0,0,0.5,3.0,1.0,120,640,-1481.5,-4.16,18.0,16.1,78.1,5.8,-2.31,1520.6,5.21
80.0,5.0,0,0.5,3.0,2.0,12,635,-1839.0,-5.16,29.4,15.3,45.4,39.4,-2.9,1861.9,5.28
80.0,5.0,0,0.5,3.0,2.0,60,619,-1680.1,-4.72,29.1,24.2,55.9,19.9,-2.71,1710.5,5.13
80.0,5.0,0,0.5,3.0,2.0,120,612,-1599.5,-4.49,29.2,24.8,58.7,16.5,-2.61,1649.0,5.1
80.0,5.0,0,0.5,3.0,3.0,12,624,-1766.5,-4.96,36.4,17.8,32.5,49.7,-2.83,1786.1,5.31
80.0,5.0,0,0.5,3.0,3.0,60,600,-1338.1,-3.76,38.5,32.3,42.2,25.5,-2.23,1380.3,5.15
80.0,5.0,0,0.5,3.0,3.0,120,591,-1234.3,-3.47,39.1,33.5,45.7,20.8,-2.09,1287.9,5.11
80.0,5.0,0,0.7,1.0,1.0,12,714,-2149.2,-6.04,24.4,23.7,68.6,7.7,-3.01,2153.7,5.17
80.0,5.0,0,0.7,1.0,1.0,60,710,-2073.5,-5.82,25.5,24.5,70.8,4.6,-2.92,2076.9,5.13
80.0,5.0,0,0.7,1.0,1.0,120,709,-2050.5,-5.76,25.4,24.5,71.1,4.4,-2.89,2061.7,5.13
80.0,5.0,0,0.7,1.0,2.0,12,699,-2478.5,-6.96,35.6,32.6,43.6,23.7,-3.55,2482.8,5.17
80.0,5.0,0,0.7,1.0,2.0,60,686,-2233.7,-6.27,38.3,36.3,49.6,14.1,-3.26,2236.9,5.03
80.0,5.0,0,0.7,1.0,2.0,120,681,-2115.1,-5.94,39.2,37.3,50.5,12.2,-3.11,2124.8,5.0
80.0,5.0,0,0.7,1.0,3.0,12,685,-2525.7,-7.09,43.2,39.4,31.4,29.2,-3.69,2527.9,5.21
80.0,5.0,0,0.7,1.0,3.0,60,668,-2213.8,-6.22,48.5,46.1,36.5,17.4,-3.31,2217.8,5.07
80.0,5.0,0,0.7,1.0,3.0,120,662,-2085.9,-5.86,50.0,47.9,37.8,14.4,-3.15,2094.1,5.02
80.0,5.0,0,0.7,2.0,1.0,12,709,-1885.5,-5.29,20.7,17.1,71.7,11.3,-2.66,1887.1,5.17
80.0,5.0,0,0.7,2.0,1.0,60,705,-1752.2,-4.92,21.3,19.4,74.9,5.7,-2.49,1786.4,5.13
80.0,5.0,0,0.7,2.0,1.0,120,704,-1729.6,-4.86,21.2,19.7,75.1,5.1,-2.46,1771.6,5.13
80.0,5.0,0,0.7,2.0,2.0,12,690,-2146.8,-6.03,31.3,22.5,46.1,31.4,-3.11,2152.8,5.18
80.0,5.0,0,0.7,2.0,2.0,60,676,-1956.2,-5.49,32.5,29.0,54.0,17.0,-2.89,1987.1,5.04
80.0,5.0,0,0.7,2.0,2.0,120,670,-1800.4,-5.06,33.3,30.3,55.5,14.2,-2.69,1839.1,5.01
80.0,5.0,0,0.7,2.0,3.0,12,676,-2141.3,-6.01,38.6,26.6,33.9,39.5,-3.17,2144.4,5.22
80.0,5.0,0,0.7,2.0,3.0,60,655,-1890.5,-5.31,41.7,37.3,41.5,21.2,-2.89,1930.6,5.09
80.0,5.0,0,0.7,2.0,3.0,120,647,-1714.6,-4.81,43.0,39.4,43.6,17.0,-2.65,1754.8,5.02
80.0,5.0,0,0.7,3.0,1.0,12,703,-1808.7,-5.08,18.6,11.4,73.1,15.5,-2.57,1814.8,5.18
80.0,5.0,0,0.7,3.0,1.0,60,696,-1568.5,-4.4,18.4,15.7,77.4,6.9,-2.25,1610.8,5.12
80.0,5.0,0,0.7,3.0,1.0,120,695,-1566.5,-4.4,18.0,15.8,78.3,5.9,-2.25,1619.3,5.12
80.0,5.0,0,0.7,3.0,2.0,12,685,-1974.8,-5.55,29.3,15.0,46.6,38.4,-2.88,1990.2,5.19
80.0,5.0,0,0.7,3.0,2.0,60,669,-1769.6,-4.97,29.0,23.9,56.7,19.4,-2.65,1812.3,5.05
80.0,5.0,0,0.7,3.0,2.0,120,662,-1675.9,-4.71,29.5,24.8,59.1,16.2,-2.53,1729.1,5.02
80.0,5.0,0,0.7,3.0,3.0,12,671,-1949.2,-5.47,36.2,17.4,34.3,48.3,-2.9,1959.6,5.23
80.0,5.0,0,0.7,3.0,3.0,60,645,-1516.6,-4.26,37.7,31.2,44.0,24.8,-2.35,1571.1,5.08
80.0,5.0,0,0.7,3.0,3.0,120,636,-1391.7,-3.91,38.5,32.7,47.2,20.1,-2.19,1449.0,5.04
80.0,5.0,1,0.5,1.0,1.0,12,1635,-6238.0,-17.52,21.7,19.4,73.4,7.2,-3.82,6235.3,5.54
80.0,5.0,1,0.5,1.0,1.0,60,1622,-6016.4,-16.89,22.1,21.4,75.5,3.1,-3.71,6013.7,5.48
80.0,5.0,1,0.5,1.0,1.0,120,1618,-5906.1,-16.58,22.4,21.9,76.0,2.2,-3.65,5903.4,5.46
80.0,5.0,1,0.5,1.0,2.0,12,1552,-7000.7,-19.66,32.2,28.6,42.6,28.8,-4.51,7000.2,5.46
80.0,5.0,1,0.5,1.0,2.0,60,1490,-5641.6,-15.84,36.1,34.2,48.6,17.2,-3.79,5641.1,5.15
80.0,5.0,1,0.5,1.0,2.0,120,1472,-5347.1,-15.02,37.2,35.7,50.3,14.0,-3.63,5346.6,5.04
80.0,5.0,1,0.5,1.0,3.0,12,1513,-7252.3,-20.37,37.3,32.5,28.0,39.5,-4.79,7257.7,5.49
80.0,5.0,1,0.5,1.0,3.0,60,1430,-5640.4,-15.84,45.2,42.7,36.6,20.8,-3.94,5647.5,5.15
80.0,5.0,1,0.5,1.0,3.0,120,1409,-5415.7,-15.21,46.8,45.1,38.7,16.3,-3.84,5429.8,5.04
80.0,5.0,1,0.5,2.0,1.0,12,1617,-5862.2,-16.46,18.4,12.8,76.1,11.1,-3.63,5859.5,5.57
80.0,5.0,1,0.5,2.0,1.0,60,1601,-5531.8,-15.53,17.7,16.1,79.6,4.2,-3.46,5529.1,5.49
80.0,5.0,1,0.5,2.0,1.0,120,1596,-5437.0,-15.27,17.7,16.7,80.6,2.7,-3.41,5434.3,5.47
80.0,5.0,1,0.5,2.0,2.0,12,1529,-6550.0,-18.39,27.9,18.4,45.1,36.5,-4.28,6554.7,5.49
80.0,5.0,1,0.5,2.0,2.0,60,1457,-5038.9,-14.15,30.5,26.4,53.3,20.4,-3.46,5041.7,5.18
80.0,5.0,1,0.5,2.0,2.0,120,1435,-4857.1,-13.64,30.5,28.3,55.9,15.8,-3.38,4859.9,5.08
80.0,5.0,1,0.5,2.0,3.0,12,1475,-6631.5,-18.62,32.9,21.2,29.2,49.6,-4.5,6642.1,5.54
80.0,5.0,1,0.5,2.0,3.0,60,1380,-4846.0,-13.61,39.3,33.8,40.4,25.8,-3.51,4872.7,5.21
80.0,5.0,1,0.5,2.0,3.0,120,1354,-4706.3,-13.22,39.8,36.9,43.9,19.3,-3.48,4741.2,5.09
80.0,5.0,1,0.5,3.0,1.0,12,1601,-5659.9,-15.89,16.9,8.5,77.1,14.4,-3.54,5657.2,5.59
80.0,5.0,1,0.5,3.0,1.0,60,1579,-5343.5,-15.01,14.7,11.9,82.5,5.6,-3.38,5340.8,5.51
80.0,5.0,1,0.5,3.0,1.0,120,1571,-5206.2,-14.62,14.4,12.7,83.9,3.4,-3.31,5203.5,5.49
80.0,5.0,1,0.5,3.0,2.0,12,1507,-6199.1,-17.41,26.1,11.5,45.4,43.1,-4.11,6206.6,5.51
80.0,5.0,1,0.5,3.0,2.0,60,1425,-4730.4,-13.28,26.6,20.1,56.2,23.6,-3.32,4731.5,5.22
80.0,5.0,1,0.5,3.0,2.0,120,1400,-4521.2,-12.7,26.0,22.6,59.6,17.7,-3.23,4518.5,5.12
80.0,5.0,1,0.5,3.0,3.0,12,1449,-6304.6,-17.7,30.8,13.2,29.6,57.2,-4.35,6318.0,5.57
80.0,5.0,1,0.5,3.0,3.0,60,1345,-4532.9,-12.73,35.1,25.9,43.3,30.9,-3.37,4549.9,5.26
80.0,5.0,1,0.5,3.0,3.0,120,1315,-4363.4,-12.25,34.7,29.7,47.6,22.7,-3.32,4383.0,5.14
80.0,10.0,0,0.3,1.0,1.0,12,386,-1079.5,-3.03,26.2,25.4,68.9,5.7,-2.8,1093.2,5.0
80.0,10.0,0,0.3,1.0,1.0,60,384,-1059.2,-2.97,27.1,26.6,70.8,2.6,-2.76,1072.9,4.97
80.0,10.0,0,0.3,1.0,1.0,120,383,-1051.4,-2.95,27.2,26.6,71.0,2.3,-2.75,1065.1,4.98
80.0,10.0,0,0.3,1.0,2.0,12,382,-1294.2,-3.63,37.7,34.3,45.5,20.2,-3.39,1311.1,5.01
80.0,10.0,0,0.3,1.0,2.0,60,377,-1227.4,-3.45,39.3,38.2,51.2,10.6,-3.26,1244.6,4.91
80.0,10.0,0,0.3,1.0,2.0,120,376,-1190.2,-3.34,39.6,38.6,51.9,9.6,-3.17,1207.1,4.92
80.0,10.0,0,0.3,1.0,3.0,12,376,-1219.9,-3.43,47.6,43.1,31.4,25.5,-3.24,1232.4,5.03
80.0,10.0,0,0.3,1.0,3.0,60,371,-1165.2,-3.27,51.2,49.9,36.1,14.0,-3.14,1183.9,4.94
80.0,10.0,0,0.3,1.0,3.0,120,370,-1146.4,-3.22,51.9,50.5,37.3,12.2,-3.1,1166.7,4.94
80.0,10.0,0,0.3,2.0,1.0,12,385,-916.4,-2.57,22.6,18.7,71.9,9.4,-2.38,932.1,5.0
80.0,10.0,0,0.3,2.0,1.0,60,383,-855.2,-2.4,23.0,21.7,74.9,3.4,-2.23,887.0,4.98
80.0,10.0,0,0.3,2.0,1.0,120,382,-850.5,-2.39,23.0,21.7,75.1,3.1,-2.23,882.3,4.98
80.0,10.0,0,0.3,2.0,2.0,12,381,-1048.8,-2.95,34.4,26.0,47.0,27.0,-2.75,1075.3,5.01
80.0,10.0,0,0.3,2.0,2.0,60,376,-1064.2,-2.99,34.0,31.4,54.8,13.8,-2.83,1110.5,4.92
80.0,10.0,0,0.3,2.0,2.0,120,374,-994.5,-2.79,34.8,32.1,56.4,11.5,-2.66,1040.0,4.92
80.0,10.0,0,0.3,2.0,3.0,12,374,-912.6,-2.56,43.6,32.4,32.6,35.0,-2.44,934.7,5.04
80.0,10.0,0,0.3,2.0,3.0,60,369,-841.4,-2.36,45.5,42.3,39.6,18.2,-2.28,913.3,4.93
80.0,10.0,0,0.3,2.0,3.0,120,366,-798.4,-2.24,46.2,43.2,42.1,14.8,-2.18,870.6,4.94
80.0,10.0,0,0.3,3.0,1.0,12,384,-902.4,-2.53,19.8,12.0,74.0,14.1,-2.35,922.2,5.0
80.0,10.0,0,0.3,3.0,1.0,60,381,-788.7,-2.21,18.9,16.3,78.5,5.2,-2.07,828.0,4.95
80.0,10.0,0,0.3,3.0,1.0,120,380,-799.3,-2.24,18.4,16.6,79.7,3.7,-2.1,849.2,4.96
80.0,10.0,0,0.3,3.0,2.0,12,379,-1044.0,-2.93,31.1,16.4,48.5,35.1,-2.75,1083.3,5.01
80.0,10.0,0,0.3,3.0,2.0,60,373,-1043.5,-2.93,29.0,24.7,59.0,16.4,-2.8,1108.3,4.92
80.0,10.0,0,0.3,3.0,2.0,120,371,-1039.3,-2.92,29.1,25.1,61.7,13.2,-2.8,1113.9,4.92
80.0,10.0,0,0.3,3.0,3.0,12,372,-892.4,-2.51,39.5,20.4,34.1,45.4,-2.4,927.3,5.04
80.0,10.0,0,0.3,3.0,3.0,60,362,-746.7,-2.1,39.5,34.3,43.9,21.8,-2.06,807.1,4.92
80.0,10.0,0,0.3,3.0,3.0,120,359,-771.0,-2.17,39.6,34.8,47.9,17.3,-2.15,841.2,4.92
80.0,10.0,0,0.5,1.0,1.0,12,468,-1178.6,-3.31,27.1,26.5,67.7,5.8,-2.52,1188.1,4.81
80.0,10.0,0,0.5,1.0,1.0,60,466,-1156.0,-3.25,28.1,27.5,69.7,2.8,-2.48,1164.8,4.79
80.0,10.0,0,0.5,1.0,1.0,120,465,-1152.0,-3.23,28.2,27.5,69.9,2.6,-2.48,1162.1,4.8
80.0,10.0,0,0.5,1.0,2.0,12,461,-1438.3,-4.04,38.8,35.8,45.6,18.7,-3.12,1453.7,4.83
80.0,10.0,0,0.5,1.0,2.0,60,456,-1342.4,-3.77,40.8,39.3,50.7,10.1,-2.94,1357.4,4.75
80.0,10.0,0,0.5,1.0,2.0,120,455,-1325.4,-3.72,41.1,39.8,51.4,8.8,-2.91,1341.4,4.76
80.0,10.0,0,0.5,1.0,3.0,12,453,-1468.9,-4.12,46.8,42.8,33.6,23.6,-3.24,1479.9,4.85
80.0,10.0,0,0.5,1.0,3.0,60,447,-1372.4,-3.85,51.0,49.2,37.8,13.0,-3.07,1383.0,4.78
80.0,10.0,0,0.5,1.0,3.0,120,446,-1375.4,-3.86,51.6,50.0,38.8,11.2,-3.08,1387.0,4.78
80.0,10.0,0,0.5,2.0,1.0,12,466,-948.4,-2.66,23.8,20.4,70.4,9.2,-2.04,961.2,4.82
80.0,10.0,0,0.5,2.0,1.0,60,464,-874.6,-2.46,24.6,23.1,73.3,3.7,-1.88,903.0,4.8
80.0,10.0,0,0.5,2.0,1.0,120,463,-869.5,-2.44,24.6,23.3,73.4,3.2,-1.88,899.0,4.8
80.0,10.0,0,0.5,2.0,2.0,12,458,-1120.6,-3.15,35.4,27.1,47.2,25.8,-2.45,1148.3,4.85
80.0,10.0,0,0.5,2.0,2.0,60,452,-1097.8,-3.08,35.8,32.5,54.2,13.3,-2.43,1144.6,4.77
80.0,10.0,0,0.5,2.0,2.0,120,450,-1033.6,-2.9,36.4,33.8,55.8,10.4,-2.3,1080.9,4.77
80.0,10.0,0,0.5,2.0,3.0,12,451,-1109.1,-3.11,42.8,31.7,35.0,33.3,-2.46,1132.4,4.86
80.0,10.0,0,0.5,2.0,3.0,60,444,-991.4,-2.78,45.5,41.7,41.4,16.9,-2.23,1056.1,4.78
80.0,10.0,0,0.5,2.0,3.0,120,441,-955.5,-2.68,46.0,43.1,43.5,13.4,-2.17,1021.8,4.79
80.0,10.0,0,0.5,3.0,1.0,12,464,-874.8,-2.46,21.6,13.8,72.0,14.2,-1.89,894.8,4.82
80.0,10.0,0,0.5,3.0,1.0,60,461,-726.3,-2.04,21.3,18.7,76.1,5.2,-1.58,772.2,4.78
80.0,10.0,0,0.5,3.0,1.0,120,460,-734.2,-2.06,20.9,18.9,77.2,3.9,-1.6,787.7,4.78
80.0,10.0,0,0.5,3.0,2.0,12,455,-1053.9,-2.96,32.7,17.6,48.4,34.1,-2.32,1097.1,4.85
80.0,10.0,0,0.5,3.0,2.0,60,448,-987.1,-2.77,31.5,26.8,57.6,15.6,-2.2,1055.1,4.78
80.0,10.0,0,0.5,3.0,2.0,120,446,-988.2,-2.77,31.6,27.4,60.3,12.3,-2.22,1067.3,4.77
80.0,10.0,0,0.5,3.0,3.0,12,448,-1034.4,-2.9,39.5,20.1,36.2,43.8,-2.31,1073.2,4.87
80.0,10.0,0,0.5,3.0,3.0,60,436,-814.9,-2.29,40.4,34.6,45.0,20.4,-1.87,878.5,4.77
80.0,10.0,0,0.5,3.0,3.0,120,433,-851.6,-2.39,40.2,35.3,48.5,16.2,-1.97,926.3,4.77
80.0,10.0,0,0.7,1.0,1.0,12,519,-1276.6,-3.58,27.2,26.6,68.0,5.4,-2.46,1298.8,4.75
80.0,10.0,0,0.7,1.0,1.0,60,517,-1248.6,-3.51,28.0,27.5,69.8,2.7,-2.42,1270.1,4.73
80.0,10.0,0,0.7,1.0,1.0,120,516,-1239.3,-3.48,28.3,27.5,70.0,2.5,-2.4,1262.1,4.73
80.0,10.0,0,0.7,1.0,2.0,12,510,-1578.8,-4.43,38.6,35.7,46.7,17.6,-3.1,1600.7,4.75
80.0,10.0,0,0.7,1.0,2.0,60,505,-1468.4,-4.12,40.6,39.0,51.5,9.5,-2.91,1489.6,4.68
80.0,10.0,0,0.7,1.0,2.0,120,504,-1444.6,-4.06,41.1,39.5,52.2,8.3,-2.87,1467.1,4.68
80.0,10.0,0,0.7,1.0,3.0,12,500,-1640.9,-4.61,46.6,42.8,35.0,22.2,-3.28,1659.8,4.78
80.0,10.0,0,0.7,1.0,3.0,60,494,-1539.4,-4.32,50.6,48.8,39.1,12.1,-3.12,1557.6,4.7
80.0,10.0,0,0.7,1.0,3.0,120,493,-1531.2,-4.3,51.3,49.5,40.0,10.5,-3.11,1550.7,4.71
80.0,10.0,0,0.7,2.0,1.0,12,516,-1035.8,-2.91,23.4,19.8,71.1,9.1,-2.01,1055.1,4.74
80.0,10.0,0,0.7,2.0,1.0,60,514,-945.2,-2.65,23.9,22.6,73.7,3.7,-1.84,997.5,4.72
80.0,10.0,0,0.7,2.0,1.0,120,513,-932.1,-2.62,24.4,22.8,73.9,3.3,-1.82,985.7,4.72
80.0,10.0,0,0.7,2.0,2.0,12,505,-1290.9,-3.62,34.5,25.7,49.1,25.1,-2.56,1314.0,4.76
80.0,10.0,0,0.7,2.0,2.0,60,498,-1244.2,-3.49,34.7,31.5,55.8,12.7,-2.5,1303.8,4.69
80.0,10.0,0,0.7,2.0,2.0,120,496,-1170.5,-3.29,35.7,32.7,57.3,10.1,-2.36,1230.6,4.69
80.0,10.0,0,0.7,2.0,3.0,12,495,-1314.0,-3.69,42.0,30.3,37.4,32.3,-2.65,1332.7,4.78
80.0,10.0,0,0.7,2.0,3.0,60,485,-1206.3,-3.39,43.9,40.0,43.7,16.3,-2.49,1262.1,4.71
80.0,10.0,0,0.7,2.0,3.0,120,482,-1154.4,-3.24,44.8,41.5,45.6,12.9,-2.4,1212.6,4.72
80.0,10.0,0,0.7,3.0,1.0,12,512,-983.6,-2.76,20.9,13.1,73.0,13.9,-1.92,1007.4,4.74
80.0,10.0,0,0.7,3.0,1.0,60,508,-825.9,-2.32,20.1,17.5,77.2,5.3,-1.63,886.3,4.7
80.0,10.0,0,0.7,3.0,1.0,120,507,-833.7,-2.34,20.1,17.8,78.1,4.1,-1.64,898.1,4.7
80.0,10.0,0,0.7,3.0,2.0,12,501,-1190.8,-3.34,31.9,16.8,50.3,32.9,-2.38,1226.5,4.77
80.0,10.0,0,0.7,3.0,2.0,60,493,-1128.4,-3.17,30.4,25.4,59.2,15.4,-2.29,1206.7,4.7
80.0,10.0,0,0.7,3.0,2.0,120,491,-1114.1,-3.13,31.0,26.3,61.7,12.0,-2.27,1195.6,4.7
80.0,10.0,0,0.7,3.0,3.0,12,491,-1208.6,-3.39,38.9,19.3,38.3,42.4,-2.46,1236.3,4.79
80.0,10.0,0,0.7,3.0,3.0,60,476,-990.7,-2.78,39.3,32.8,46.8,20.4,-2.08,1061.0,4.71
80.0,10.0,0,0.7,3.0,3.0,120,473,-973.7,-2.73,39.7,34.5,49.9,15.6,-2.06,1047.2,4.71
80.0,10.0,1,0.5,1.0,1.0,12,1108,-3643.9,-10.23,24.5,22.8,72.7,4.5,-3.29,3644.8,5.19
80.0,10.0,1,0.5,1.0,1.0,60,1102,-3530.5,-9.91,24.8,24.3,73.6,2.1,-3.2,3531.4,5.15
80.0,10.0,1,0.5,1.0,1.0,120,1100,-3482.6,-9.78,25.2,24.7,74.0,1.3,-3.17,3483.5,5.14
80.0,10.0,1,0.5,1.0,2.0,12,1058,-4261.7,-11.97,35.5,32.1,45.3,22.6,-4.03,4260.6,5.15
80.0,10.0,1,0.5,1.0,2.0,60,1032,-3639.5,-10.22,38.5,36.8,49.8,13.4,-3.53,3638.4,4.94
80.0,10.0,1,0.5,1.0,2.0,120,1023,-3494.5,-9.81,39.5,38.1,50.9,10.9,-3.42,3493.4,4.87
80.0,10.0,1,0.5,1.0,3.0,12,1030,-4565.2,-12.82,41.1,36.6,31.8,31.6,-4.43,4562.1,5.19
80.0,10.0,1,0.5,1.0,3.0,60,996,-3902.7,-10.96,46.9,45.1,38.8,16.2,-3.92,3908.7,4.95
80.0,10.0,1,0.5,1.0,3.0,120,984,-3762.3,-10.56,48.2,46.7,40.5,12.7,-3.82,3768.3,4.85
80.0,10.0,1,0.5,2.0,1.0,12,1090,-3344.8,-9.39,20.6,15.5,76.1,8.3,-3.07,3344.2,5.22
80.0,10.0,1,0.5,2.0,1.0,60,1081,-3135.9,-8.81,19.7,18.5,78.5,3.0,-2.9,3133.9,5.15
80.0,10.0,1,0.5,2.0,1.0,120,1079,-3091.8,-8.68,20.0,19.0,79.1,1.9,-2.87,3089.8,5.14
80.0,10.0,1,0.5,2.0,2.0,12,1036,-3939.8,-11.06,30.5,20.9,48.6,30.5,-3.8,3937.2,5.18
80.0,10.0,1,0.5,2.0,2.0,60,1003,-3202.1,-8.99,31.8,28.5,55.5,16.0,-3.19,3198.1,4.97
80.0,10.0,1,0.5,2.0,2.0,120,994,-3137.3,-8.81,32.2,30.0,57.3,12.7,-3.16,3133.3,4.9
80.0,10.0,1,0.5,2.0,3.0,12,999,-4157.8,-11.68,35.7,24.2,33.8,41.9,-4.16,4153.5,5.24
80.0,10.0,1,0.5,2.0,3.0,60,955,-3361.1,-9.44,39.7,35.7,44.0,20.3,-3.52,3393.9,4.99
80.0,10.0,1,0.5,2.0,3.0,120,942,-3346.4,-9.4,40.6,37.8,47.1,15.1,-3.55,3389.5,4.91
80.0,10.0,1,0.5,3.0,1.0,12,1080,-3175.6,-8.92,18.9,10.5,77.2,12.3,-2.94,3175.0,5.24
80.0,10.0,1,0.5,3.0,1.0,60,1069,-2991.2,-8.4,16.2,14.0,81.9,4.0,-2.8,2989.2,5.17
80.0,10.0,1,0.5,3.0,1.0,120,1067,-2927.9,-8.22,16.4,14.7,82.8,2.5,-2.74,2925.9,5.16
80.0,10.0,1,0.5,3.0,2.0,12,1024,-3633.5,-10.2,28.9,13.9,48.8,37.3,-3.55,3630.9,5.2
80.0,10.0,1,0.5,3.0,2.0,60,986,-2927.6,-8.22,28.0,22.7,58.7,18.6,-2.97,2923.6,4.98
80.0,10.0,1,0.5,3.0,2.0,120,977,-2856.2,-8.02,28.0,24.7,61.2,14.1,-2.92,2852.2,4.92
80.0,10.0,1,0.5,3.0,3.0,12,985,-3855.9,-10.83,33.8,15.7,34.2,50.1,-3.91,3851.3,5.26
80.0,10.0,1,0.5,3.0,3.0,60,932,-2929.2,-8.23,35.9,28.9,46.7,24.5,-3.14,2937.7,5.01
80.0,10.0,1,0.5,3.0,3.0,120,920,-2862.1,-8.04,36.4,32.1,50.3,17.6,-3.11,2873.2,4.93
120.0,0.0,0,0.3,1.0,1.0,12,216,-773.2,-2.17,25.9,24.1,66.7,9.3,-3.58,785.7,6.31
120.0,0.0,0,0.3,1.0,1.0,60,215,-734.5,-2.06,27.4,25.6,68.8,5.6,-3.42,747.0,6.27
120.0,0.0,0,0.3,1.0,1.0,120,214,-703.5,-1.98,27.6,26.2,68.7,5.1,-3.29,716.0,6.23
120.0,0.0,0,0.3,1.0,2.0,12,212,-778.7,-2.19,38.2,33.5,38.7,27.8,-3.67,791.2,6.3
120.0,0.0,0,0.3,1.0,2.0,60,207,-656.8,-1.84,41.5,37.7,43.0,19.3,-3.17,669.3,6.17
120.0,0.0,0,0.3,1.0,2.0,120,206,-604.3,-1.7,42.2,39.8,44.2,16.0,-2.93,625.9,6.13
120.0,0.0,0,0.3,1.0,3.0,12,211,-817.5,-2.3,45.0,39.3,29.4,31.3,-3.87,830.0,6.32
120.0,0.0,0,0.3,1.0,3.0,60,206,-741.7,-2.08,48.5,44.2,33.5,22.3,-3.6,758.4,6.19
120.0,0.0,0,0.3,1.0,3.0,120,205,-691.2,-1.94,49.3,46.8,34.1,19.0,-3.37,713.1,6.14
120.0,0.0,0,0.3,2.0,1.0,12,216,-686.2,-1.93,22.7,18.1,69.9,12.0,-3.18,695.9,6.31
120.0,0.0,0,0.3,2.0,1.0,60,215,-602.7,-1.69,24.2,20.9,72.1,7.0,-2.8,629.9,6.27
120.0,0.0,0,0.3,2.0,1.0,120,214,-585.5,-1.64,23.8,21.0,72.0,7.0,-2.74,612.7,6.23
120.0,0.0,0,0.3,2.0,2.0,12,211,-624.5,-1.75,35.5,26.1,40.3,33.6,-2.96,655.4,6.3
120.0,0.0,0,0.3,2.0,2.0,60,206,-546.3,-1.53,37.4,31.1,46.1,22.8,-2.65,599.0,6.16
120.0,0.0,0,0.3,2.0,2.0,120,205,-481.1,-1.35,37.6,32.7,47.8,19.5,-2.35,534.6,6.12
120.0,0.0,0,0.3,2.0,3.0,12,210,-630.0,-1.77,42.4,30.0,31.0,39.0,-3.0,669.9,6.31
120.0,0.0,0,0.3,2.0,3.0,60,205,-537.8,-1.51,45.4,38.5,35.1,26.3,-2.62,620.2,6.18
120.0,0.0,0,0.3,2.0,3.0,120,204,-460.2,-1.29,45.6,40.7,35.8,23.5,-2.26,549.0,6.14
120.0,0.0,0,0.3,3.0,1.0,12,216,-677.8,-1.9,19.9,13.4,72.2,14.4,-3.14,698.6,6.32
120.0,0.0,0,0.3,3.0,1.0,60,213,-547.0,-1.54,21.1,16.4,75.1,8.5,-2.57,592.1,6.28
120.0,0.0,0,0.3,3.0,1.0,120,212,-511.4,-1.44,20.8,17.5,75.0,7.5,-2.41,567.0,6.24
120.0,0.0,0,0.3,3.0,2.0,12,212,-579.8,-1.63,33.0,19.3,42.5,38.2,-2.73,638.5,6.29
120.0,0.0,0,0.3,3.0,2.0,60,205,-477.8,-1.34,33.7,25.9,49.3,24.9,-2.33,551.2,6.17
120.0,0.0,0,0.3,3.0,2.0,120,204,-424.2,-1.19,33.8,27.5,51.5,21.1,-2.08,518.9,6.12
120.0,0.0,0,0.3,3.0,3.0,12,211,-541.4,-1.52,39.8,22.3,32.2,45.5,-2.57,595.8,6.3
120.0,0.0,0,0.3,3.0,3.0,60,203,-403.2,-1.13,40.9,32.5,38.4,29.1,-1.99,513.7,6.14
120.0,0.0,0,0.3,3.0,3.0,120,202,-335.0,-0.94,41.1,34.7,40.1,25.2,-1.66,476.9,6.1
120.0,0.0,0,0.5,1.0,1.0,12,260,-819.5,-2.3,28.1,26.5,64.6,8.8,-3.15,827.8,5.97
120.0,0.0,0,0.5,1.0,1.0,60,259,-776.8,-2.18,29.3,27.8,66.4,5.8,-3.0,784.4,5.93
120.0,0.0,0,0.5,1.0,1.0,120,258,-749.7,-2.11,29.5,28.3,66.7,5.0,-2.91,758.6,5.9
120.0,0.0,0,0.5,1.0,2.0,12,257,-880.3,-2.47,38.9,35.0,39.7,25.3,-3.43,889.6,5.96
120.0,0.0,0,0.5,1.0,2.0,60,251,-757.1,-2.13,41.8,38.2,44.2,17.5,-3.02,766.0,5.86
120.0,0.0,0,0.5,1.0,2.0,120,250,-733.3,-2.06,42.0,39.6,46.0,14.4,-2.93,743.2,5.82
120.0,0.0,0,0.5,1.0,3.0,12,256,-988.1,-2.77,44.5,39.8,32.0,28.1,-3.86,997.3,5.97
120.0,0.0,0,0.5,1.0,3.0,60,250,-908.9,-2.55,47.6,44.0,36.0,20.0,-3.64,923.4,5.87
120.0,0.0,0,0.5,1.0,3.0,120,249,-890.5,-2.5,48.2,45.8,36.9,17.3,-3.58,905.5,5.83
120.0,0.0,0,0.5,2.0,1.0,12,259,-677.3,-1.9,25.1,21.2,67.2,11.6,-2.62,683.8,5.98
120.0,0.0,0,0.5,2.0,1.0,60,258,-582.9,-1.64,26.7,23.6,69.0,7.4,-2.26,606.9,5.94
120.0,0.0,0,0.5,2.0,1.0,120,257,-565.4,-1.59,26.5,24.1,69.3,6.6,-2.2,589.9,5.91
120.0,0.0,0,0.5,2.0,2.0,12,255,-675.6,-1.9,36.1,27.5,41.2,31.4,-2.65,703.8,5.97
120.0,0.0,0,0.5,2.0,2.0,60,249,-592.0,-1.66,38.2,31.7,47.0,21.3,-2.38,644.2,5.86
120.0,0.0,0,0.5,2.0,2.0,120,248,-543.5,-1.53,37.9,33.9,49.2,16.9,-2.19,603.2,5.82
120.0,0.0,0,0.5,2.0,3.0,12,254,-739.7,-2.08,42.1,30.3,33.1,36.6,-2.91,773.6,5.98
120.0,0.0,0,0.5,2.0,3.0,60,248,-647.1,-1.82,44.8,38.3,37.5,24.2,-2.61,701.1,5.87
120.0,0.0,0,0.5,2.0,3.0,120,247,-589.6,-1.66,44.9,40.9,38.5,20.6,-2.39,650.9,5.84
120.0,0.0,0,0.5,3.0,1.0,12,258,-649.4,-1.82,22.1,15.5,69.8,14.7,-2.52,662.7,6.0
120.0,0.0,0,0.5,3.0,1.0,60,255,-509.5,-1.43,23.1,18.8,72.5,8.6,-2.0,557.8,5.96
120.0,0.0,0,0.5,3.0,1.0,120,254,-471.3,-1.32,22.8,19.7,72.8,7.5,-1.86,526.5,5.92
120.0,0.0,0,0.5,3.0,2.0,12,255,-618.8,-1.74,33.3,20.0,43.5,36.5,-2.43,682.7,5.97
120.0,0.0,0,0.5,3.0,2.0,60,247,-516.5,-1.45,34.0,26.3,50.6,23.1,-2.09,594.2,5.87
120.0,0.0,0,0.5,3.0,2.0,120,246,-471.0,-1.32,33.7,28.0,53.3,18.7,-1.91,574.9,5.84
120.0,0.0,0,0.5,3.0,3.0,12,254,-631.0,-1.77,39.4,22.4,34.3,43.3,-2.48,689.6,5.97
120.0,0.0,0,0.5,3.0,3.0,60,245,-502.0,-1.41,40.0,32.2,41.2,26.5,-2.05,579.7,5.84
120.0,0.0,0,0.5,3.0,3.0,120,244,-445.3,-1.25,40.2,34.4,43.0,22.5,-1.83,544.0,5.8
120.0,0.0,0,0.7,1.0,1.0,12,284,-846.5,-2.38,28.5,27.1,64.4,8.5,-2.98,867.5,5.87
120.0,0.0,0,0.7,1.0,1.0,60,283,-798.4,-2.24,29.7,28.3,66.1,5.7,-2.82,818.7,5.84
120.0,0.0,0,0.7,1.0,1.0,120,282,-766.0,-2.15,30.1,28.7,66.3,5.0,-2.72,787.6,5.81
120.0,0.0,0,0.7,1.0,2.0,12,280,-938.7,-2.64,38.9,35.0,40.7,24.3,-3.35,963.1,5.88
120.0,0.0,0,0.7,1.0,2.0,60,274,-816.7,-2.29,41.6,38.3,45.3,16.4,-2.98,847.1,5.78
120.0,0.0,0,0.7,1.0,2.0,120,273,-787.6,-2.21,42.1,39.6,46.9,13.6,-2.89,818.5,5.74
120.0,0.0,0,0.7,1.0,3.0,12,279,-1088.9,-3.06,43.7,39.4,33.7,26.9,-3.9,1114.3,5.89
120.0,0.0,0,0.7,1.0,3.0,60,273,-1006.2,-2.83,47.3,44.0,37.7,18.3,-3.69,1037.6,5.79
120.0,0.0,0,0.7,1.0,3.0,120,272,-973.9,-2.73,48.2,45.6,38.6,15.8,-3.58,1005.8,5.75
120.0,0.0,0,0.7,2.0,1.0,12,283,-709.8,-1.99,25.1,20.8,67.5,11.7,-2.51,724.1,5.88
120.0,0.0,0,0.7,2.0,1.0,60,282,-599.4,-1.68,26.2,23.4,69.1,7.4,-2.13,646.7,5.85
120.0,0.0,0,0.7,2.0,1.0,120,281,-573.9,-1.61,26.7,23.8,69.4,6.8,-2.04,622.5,5.82
120.0,0.0,0,0.7,2.0,2.0,12,277,-756.7,-2.12,35.4,26.4,42.6,31.0,-2.73,791.0,5.87
120.0,0.0,0,0.7,2.0,2.0,60,270,-671.8,-1.89,36.7,30.7,48.9,20.4,-2.49,750.4,5.78
120.0,0.0,0,0.7,2.0,2.0,120,269,-615.3,-1.73,37.2,32.7,50.9,16.4,-2.29,701.4,5.75
120.0,0.0,0,0.7,2.0,3.0,12,276,-864.5,-2.43,40.6,29.0,35.1,35.9,-3.13,904.7,5.88
120.0,0.0,0,0.7,2.0,3.0,60,269,-772.3,-2.17,43.1,36.8,40.1,23.0,-2.87,843.9,5.79
120.0,0.0,0,0.7,2.0,3.0,120,268,-691.7,-1.94,44.0,39.6,41.0,19.4,-2.58,770.6,5.76
120.0,0.0,0,0.7,3.0,1.0,12,280,-685.1,-1.92,22.1,15.0,70.0,15.0,-2.45,706.8,5.9
120.0,0.0,0,0.7,3.0,1.0,60,276,-529.3,-1.49,22.5,18.1,72.8,9.1,-1.92,594.5,5.87
120.0,0.0,0,0.7,3.0,1.0,120,275,-491.0,-1.38,22.9,18.9,73.1,8.0,-1.79,556.6,5.83
120.0,0.0,0,0.7,3.0,2.0,12,275,-641.7,-1.8,33.5,20.0,44.0,36.0,-2.33,726.4,5.88
120.0,0.0,0,0.7,3.0,2.0,60,266,-555.7,-1.56,33.1,25.2,51.9,22.9,-2.09,665.0,5.8
120.0,0.0,0,0.7,3.0,2.0,120,265,-499.7,-1.4,33.6,27.2,54.3,18.5,-1.89,627.3,5.76
120.0,0.0,0,0.7,3.0,3.0,12,274,-744.3,-2.09,38.3,21.9,36.1,42.0,-2.72,824.8,5.89
120.0,0.0,0,0.7,3.0,3.0,60,264,-600.2,-1.69,39.0,30.3,43.2,26.5,-2.27,703.5,5.77
120.0,0.0,0,0.7,3.0,3.0,120,263,-506.5,-1.42,39.9,33.5,44.9,21.7,-1.93,622.8,5.74
120.0,0.0,1,0.5,1.0,1.0,12,615,-2634.0,-7.4,24.4,22.1,71.5,6.3,-4.28,2635.6,6.33
120.0,0.0,1,0.5,1.0,1.0,60,613,-2548.8,-7.16,24.8,24.0,72.9,3.1,-4.16,2550.4,6.3
120.0,0.0,1,0.5,1.0,1.0,120,613,-2518.2,-7.07,25.4,24.6,73.4,2.0,-4.11,2519.8,6.3
120.0,0.0,1,0.5,1.0,2.0,12,595,-3018.3,-8.48,34.1,30.9,40.0,29.1,-5.07,3027.3,6.24
120.0,0.0,1,0.5,1.0,2.0,60,579,-2501.8,-7.03,37.8,35.6,44.9,19.5,-4.32,2512.8,6.02
120.0,0.0,1,0.5,1.0,2.0,120,573,-2401.2,-6.74,38.9,37.0,46.8,16.2,-4.19,2417.4,5.93
120.0,0.0,1,0.5,1.0,3.0,12,586,-3197.0,-8.98,38.6,35.2,28.5,36.3,-5.46,3238.6,6.28
120.0,0.0,1,0.5,1.0,3.0,60,561,-2524.8,-7.09,44.7,42.1,34.0,23.9,-4.5,2585.4,5.98
120.0,0.0,1,0.5,1.0,3.0,120,554,-2420.2,-6.8,46.6,44.4,36.3,19.3,-4.37,2486.0,5.87
120.0,0.0,1,0.5,2.0,1.0,12,604,-2410.0,-6.77,20.9,15.7,74.5,9.8,-3.99,2422.6,6.37
120.0,0.0,1,0.5,2.0,1.0,60,602,-2250.2,-6.32,20.9,19.4,76.7,3.8,-3.74,2266.2,6.34
120.0,0.0,1,0.5,2.0,1.0,120,602,-2221.8,-6.24,21.4,20.1,77.4,2.5,-3.69,2237.8,6.34
120.0,0.0,1,0.5,2.0,2.0,12,581,-2741.1,-7.7,29.8,22.0,42.9,35.1,-4.72,2776.8,6.29
120.0,0.0,1,0.5,2.0,2.0,60,561,-2150.1,-6.04,32.1,28.3,49.7,21.9,-3.83,2208.8,6.06
120.0,0.0,1,0.5,2.0,2.0,120,555,-2121.1,-5.96,32.6,29.7,52.3,18.0,-3.82,2185.0,5.97
120.0,0.0,1,0.5,2.0,3.0,12,571,-2871.5,-8.06,34.2,25.4,30.5,44.1,-5.03,2966.1,6.33
120.0,0.0,1,0.5,2.0,3.0,60,544,-2067.8,-5.81,39.5,34.7,37.7,27.6,-3.8,2217.6,6.03
120.0,0.0,1,0.5,2.0,3.0,120,536,-2065.8,-5.8,40.9,37.1,41.2,21.6,-3.85,2222.0,5.92
120.0,0.0,1,0.5,3.0,1.0,12,599,-2236.2,-6.28,19.4,12.4,76.0,11.7,-3.73,2259.4,6.39
120.0,0.0,1,0.5,3.0,1.0,60,597,-2115.5,-5.94,17.9,15.2,79.4,5.4,-3.54,2142.3,6.37
120.0,0.0,1,0.5,3.0,1.0,120,596,-2084.9,-5.85,18.1,15.9,80.7,3.4,-3.5,2107.0,6.35
120.0,0.0,1,0.5,3.0,2.0,12,576,-2497.3,-7.01,28.5,16.5,43.8,39.8,-4.34,2531.6,6.31
120.0,0.0,1,0.5,3.0,2.0,60,556,-1921.6,-5.4,28.8,23.0,52.5,24.5,-3.46,1970.9,6.08
120.0,0.0,1,0.5,3.0,2.0,120,550,-1940.9,-5.45,28.7,24.5,55.3,20.2,-3.53,1986.9,5.99
120.0,0.0,1,0.5,3.0,3.0,12,562,-2656.0,-7.46,32.6,17.8,31.3,50.9,-4.73,2741.7,6.38
120.0,0.0,1,0.5,3.0,3.0,60,535,-1906.2,-5.35,35.5,27.7,40.9,31.4,-3.56,2034.8,6.08
120.0,0.0,1,0.5,3.0,3.0,120,527,-1931.6,-5.42,35.9,30.7,44.6,24.7,-3.67,2052.1,5.96
120.0,5.0,0,0.3,1.0,1.0,12,203,-739.9,-2.08,25.6,23.6,67.5,8.9,-3.64,752.4,6.31
120.0,5.0,0,0.3,1.0,1.0,60,202,-712.4,-2.0,26.7,25.2,69.8,5.0,-3.53,724.9,6.27
120.0,5.0,0,0.3,1.0,1.0,120,202,-706.4,-1.98,26.7,25.7,69.8,4.5,-3.5,718.9,6.27
120.0,5.0,0,0.3,1.0,2.0,12,199,-730.9,-2.05,38.7,33.7,38.7,27.6,-3.67,743.4,6.31
120.0,5.0,0,0.3,1.0,2.0,60,195,-683.5,-1.92,40.5,37.4,43.6,19.0,-3.51,696.0,6.21
120.0,5.0,0,0.3,1.0,2.0,120,195,-658.0,-1.85,40.5,39.0,44.6,16.4,-3.37,673.6,6.21
120.0,5.0,0,0.3,1.0,3.0,12,198,-731.2,-2.05,46.5,40.4,28.8,30.8,-3.69,743.7,6.32
120.0,5.0,0,0.3,1.0,3.0,60,194,-715.9,-2.01,49.0,45.4,32.5,22.2,-3.69,732.6,6.23
120.0,5.0,0,0.3,1.0,3.0,120,194,-692.4,-1.94,49.0,47.4,33.0,19.6,-3.57,714.3,6.23
120.0,5.0,0,0.3,2.0,1.0,12,203,-656.3,-1.84,22.7,18.2,70.4,11.3,-3.23,666.0,6.31
120.0,5.0,0,0.3,2.0,1.0,60,202,-586.0,-1.65,23.8,20.8,72.8,6.4,-2.9,613.2,6.27
120.0,5.0,0,0.3,2.0,1.0,120,202,-593.8,-1.67,23.3,20.8,72.8,6.4,-2.94,621.0,6.27
120.0,5.0,0,0.3,2.0,2.0,12,198,-590.6,-1.66,35.9,26.3,40.4,33.3,-2.98,621.5,6.3
120.0,5.0,0,0.3,2.0,2.0,60,194,-593.5,-1.67,36.1,30.4,46.9,22.7,-3.06,642.6,6.2
120.0,5.0,0,0.3,2.0,2.0,120,194,-524.9,-1.47,36.1,32.0,48.5,19.6,-2.71,574.8,6.2
120.0,5.0,0,0.3,2.0,3.0,12,197,-551.1,-1.55,43.7,31.0,30.5,38.6,-2.8,594.4,6.32
120.0,5.0,0,0.3,2.0,3.0,60,193,-541.5,-1.52,45.1,38.9,34.7,26.4,-2.81,613.9,6.22
120.0,5.0,0,0.3,2.0,3.0,120,193,-460.5,-1.29,45.1,40.9,35.2,23.8,-2.39,539.3,6.22
120.0,5.0,0,0.3,3.0,1.0,12,202,-637.5,-1.79,19.8,13.9,72.8,13.4,-3.16,658.3,6.32
120.0,5.0,0,0.3,3.0,1.0,60,199,-532.0,-1.49,20.6,16.6,75.9,7.5,-2.67,577.1,6.28
120.0,5.0,0,0.3,3.0,1.0,120,199,-525.6,-1.48,20.1,17.1,75.9,7.0,-2.64,581.2,6.28
120.0,5.0,0,0.3,3.0,2.0,12,198,-528.7,-1.48,33.3,20.2,42.4,37.4,-2.67,594.7,6.29
120.0,5.0,0,0.3,3.0,2.0,60,192,-528.3,-1.48,32.3,25.5,50.0,24.5,-2.75,591.0,6.2
120.0,5.0,0,0.3,3.0,2.0,120,192,-475.5,-1.34,32.3,26.6,52.1,21.4,-2.48,564.6,6.2
120.0,5.0,0,0.3,3.0,3.0,12,197,-471.4,-1.32,40.6,23.4,32.0,44.7,-2.39,536.6,6.31
120.0,5.0,0,0.3,3.0,3.0,60,190,-436.3,-1.23,40.0,32.6,38.4,28.9,-2.3,532.1,6.18
120.0,5.0,0,0.3,3.0,3.0,120,190,-368.9,-1.04,40.0,34.2,40.0,25.8,-1.94,487.3,6.18
120.0,5.0,0,0.5,1.0,1.0,12,242,-782.7,-2.2,27.7,26.0,65.3,8.7,-3.23,791.0,6.01
120.0,5.0,0,0.5,1.0,1.0,60,241,-751.2,-2.11,28.6,27.4,67.2,5.4,-3.12,758.8,5.98
120.0,5.0,0,0.5,1.0,1.0,120,241,-749.1,-2.1,28.6,27.8,67.6,4.6,-3.11,758.0,5.98
120.0,5.0,0,0.5,1.0,2.0,12,239,-821.9,-2.31,39.3,35.1,39.3,25.5,-3.44,831.2,6.01
120.0,5.0,0,0.5,1.0,2.0,60,234,-770.9,-2.16,41.0,38.0,44.4,17.5,-3.29,779.8,5.93
120.0,5.0,0,0.5,1.0,2.0,120,234,-775.0,-2.18,40.6,39.3,46.2,14.5,-3.31,784.9,5.93
120.0,5.0,0,0.5,1.0,3.0,12,238,-891.2,-2.5,45.4,40.3,31.5,28.2,-3.74,900.4,6.02
120.0,5.0,0,0.5,1.0,3.0,60,233,-870.2,-2.44,47.6,44.6,35.2,20.2,-3.73,884.7,5.94
120.0,5.0,0,0.5,1.0,3.0,120,233,-879.7,-2.47,47.6,46.4,36.1,17.6,-3.78,894.7,5.94
120.0,5.0,0,0.5,2.0,1.0,12,241,-660.0,-1.85,24.5,20.7,68.0,11.2,-2.74,666.5,6.03
120.0,5.0,0,0.5,2.0,1.0,60,240,-578.8,-1.63,25.8,22.9,70.0,7.1,-2.41,602.8,5.99
120.0,5.0,0,0.5,2.0,1.0,120,240,-586.3,-1.65,25.4,23.3,70.4,6.2,-2.44,610.8,5.99
120.0,5.0,0,0.5,2.0,2.0,12,237,-636.7,-1.79,36.3,27.4,40.9,31.6,-2.69,664.9,6.02
120.0,5.0,0,0.5,2.0,2.0,60,232,-631.9,-1.77,37.1,31.0,47.4,21.6,-2.72,681.5,5.94
120.0,5.0,0,0.5,2.0,2.0,120,232,-582.1,-1.63,36.6,33.2,49.6,17.2,-2.51,639.2,5.94
120.0,5.0,0,0.5,2.0,3.0,12,236,-655.8,-1.84,42.8,30.9,32.6,36.4,-2.78,689.7,6.02
120.0,5.0,0,0.5,2.0,3.0,60,231,-647.2,-1.82,44.2,38.1,37.2,24.7,-2.8,701.2,5.94
120.0,5.0,0,0.5,2.0,3.0,120,231,-588.4,-1.65,44.2,40.7,38.1,21.2,-2.55,649.7,5.94
120.0,5.0,0,0.5,3.0,1.0,12,239,-615.2,-1.73,21.8,15.5,70.3,14.2,-2.57,628.5,6.05
120.0,5.0,0,0.5,3.0,1.0,60,236,-500.6,-1.41,22.5,18.6,73.3,8.1,-2.12,548.9,6.0
120.0,5.0,0,0.5,3.0,1.0,120,236,-491.6,-1.38,22.0,19.1,73.7,7.2,-2.08,546.8,6.0
120.0,5.0,0,0.5,3.0,2.0,12,236,-552.6,-1.55,33.9,20.3,42.8,36.9,-2.34,609.0,6.02
120.0,5.0,0,0.5,3.0,2.0,60,229,-545.8,-1.53,33.2,26.2,50.7,23.1,-2.38,612.6,5.95
120.0,5.0,0,0.5,3.0,2.0,120,229,-503.2,-1.41,32.8,27.5,53.3,19.2,-2.2,596.2,5.95
120.0,5.0,0,0.5,3.0,3.0,12,235,-552.6,-1.55,40.0,23.0,34.0,43.0,-2.35,606.6,6.02
120.0,5.0,0,0.5,3.0,3.0,60,227,-525.6,-1.48,39.2,32.2,41.0,26.9,-2.32,603.3,5.92
120.0,5.0,0,0.5,3.0,3.0,120,227,-471.8,-1.32,39.2,33.9,42.7,23.3,-2.08,570.5,5.92
120.0,5.0,0,0.7,1.0,1.0,12,265,-814.0,-2.29,27.9,26.4,65.3,8.3,-3.07,835.0,5.92
120.0,5.0,0,0.7,1.0,1.0,60,264,-777.1,-2.18,28.8,27.7,67.0,5.3,-2.94,797.4,5.88
120.0,5.0,0,0.7,1.0,1.0,120,264,-769.7,-2.16,29.2,28.0,67.4,4.5,-2.92,791.3,5.88
120.0,5.0,0,0.7,1.0,2.0,12,261,-884.6,-2.48,39.1,34.9,40.6,24.5,-3.39,905.6,5.92
120.0,5.0,0,0.7,1.0,2.0,60,256,-834.8,-2.34,40.6,37.9,45.7,16.4,-3.26,860.9,5.85
120.0,5.0,0,0.7,1.0,2.0,120,256,-833.6,-2.34,40.6,39.1,47.3,13.7,-3.26,860.2,5.85
120.0,5.0,0,0.7,1.0,3.0,12,260,-996.3,-2.8,44.2,39.6,33.5,26.9,-3.83,1017.4,5.92
120.0,5.0,0,0.7,1.0,3.0,60,255,-971.8,-2.73,47.1,44.3,37.3,18.4,-3.81,998.9,5.85
120.0,5.0,0,0.7,1.0,3.0,120,255,-967.4,-2.72,47.5,45.9,38.0,16.1,-3.79,995.0,5.85
120.0,5.0,0,0.7,2.0,1.0,12,264,-701.1,-1.97,24.2,20.1,68.6,11.4,-2.66,715.4,5.93
120.0,5.0,0,0.7,2.0,1.0,60,263,-603.9,-1.7,25.1,22.4,70.3,7.2,-2.3,651.2,5.89
120.0,5.0,0,0.7,2.0,1.0,120,263,-603.4,-1.69,25.5,22.8,70.7,6.5,-2.29,652.0,5.89
120.0,5.0,0,0.7,2.0,2.0,12,258,-726.4,-2.04,35.3,26.0,42.6,31.4,-2.82,752.1,5.92
120.0,5.0,0,0.7,2.0,2.0,60,252,-720.3,-2.02,35.3,29.8,49.6,20.6,-2.86,779.1,5.86
120.0,5.0,0,0.7,2.0,2.0,120,252,-662.5,-1.86,35.7,31.7,51.6,16.7,-2.63,728.8,5.86
120.0,5.0,0,0.7,2.0,3.0,12,257,-789.3,-2.22,40.9,29.2,35.0,35.8,-3.07,820.8,5.92
120.0,5.0,0,0.7,2.0,3.0,60,251,-781.0,-2.19,42.2,36.3,40.2,23.5,-3.11,839.5,5.86
120.0,5.0,0,0.7,2.0,3.0,120,251,-699.1,-1.96,43.0,39.0,41.0,19.9,-2.79,764.9,5.86
120.0,5.0,0,0.7,3.0,1.0,12,261,-670.3,-1.88,21.5,14.6,70.9,14.6,-2.57,687.3,5.95
120.0,5.0,0,0.7,3.0,1.0,60,257,-539.8,-1.52,21.4,17.5,73.9,8.6,-2.1,594.7,5.91
120.0,5.0,0,0.7,3.0,1.0,120,257,-530.7,-1.49,21.8,17.9,74.3,7.8,-2.07,586.8,5.91
120.0,5.0,0,0.7,3.0,2.0,12,256,-601.4,-1.69,33.6,19.9,43.8,36.3,-2.35,662.1,5.92
120.0,5.0,0,0.7,3.0,2.0,60,248,-610.9,-1.72,31.9,24.6,52.4,23.0,-2.46,687.1,5.87
120.0,5.0,0,0.7,3.0,2.0,120,248,-557.8,-1.57,32.3,26.2,54.8,19.0,-2.25,652.3,5.87
120.0,5.0,0,0.7,3.0,3.0,12,255,-652.7,-1.83,38.8,22.4,36.1,41.6,-2.56,709.2,5.93
120.0,5.0,0,0.7,3.0,3.0,60,246,-610.6,-1.71,38.2,30.1,43.1,26.8,-2.48,694.1,5.84
120.0,5.0,0,0.7,3.0,3.0,120,246,-519.8,-1.46,39.0,32.9,44.7,22.4,-2.11,616.3,5.84
120.0,5.0,1,0.5,1.0,1.0,12,577,-2412.4,-6.77,25.0,22.4,71.1,6.6,-4.18,2414.0,6.29
120.0,5.0,1,0.5,1.0,1.0,60,575,-2348.0,-6.59,25.2,24.3,72.3,3.3,-4.08,2349.6,6.28
120.0,5.0,1,0.5,1.0,1.0,120,575,-2309.7,-6.49,26.1,25.0,72.9,2.1,-4.02,2311.3,6.28
120.0,5.0,1,0.5,1.0,2.0,12,561,-2824.7,-7.93,34.6,31.2,40.1,28.7,-5.04,2833.7,6.22
120.0,5.0,1,0.5,1.0,2.0,60,547,-2402.9,-6.75,38.0,35.8,44.8,19.4,-4.39,2411.9,6.02
120.0,5.0,1,0.5,1.0,2.0,120,544,-2343.4,-6.58,38.6,36.9,46.5,16.5,-4.31,2356.5,5.97
120.0,5.0,1,0.5,1.0,3.0,12,553,-2985.2,-8.38,39.2,35.6,28.4,36.0,-5.4,3013.7,6.26
120.0,5.0,1,0.5,1.0,3.0,60,533,-2444.3,-6.86,45.2,42.6,33.6,23.8,-4.59,2491.8,6.0
120.0,5.0,1,0.5,1.0,3.0,120,529,-2388.3,-6.71,46.5,44.6,35.7,19.7,-4.51,2441.0,5.93
120.0,5.0,1,0.5,2.0,1.0,12,568,-2211.0,-6.21,21.3,15.7,74.1,10.2,-3.89,2223.6,6.33
120.0,5.0,1,0.5,2.0,1.0,60,566,-2072.0,-5.82,21.2,19.6,76.3,4.1,-3.66,2088.0,6.32
120.0,5.0,1,0.5,2.0,1.0,120,566,-2035.9,-5.72,21.9,20.3,77.0,2.7,-3.6,2051.9,6.32
120.0,5.0,1,0.5,2.0,2.0,12,548,-2574.9,-7.23,30.1,21.9,43.1,35.0,-4.7,2594.4,6.28
120.0,5.0,1,0.5,2.0,2.0,60,530,-2079.0,-5.84,32.1,28.5,49.8,21.7,-3.92,2115.5,6.07
120.0,5.0,1,0.5,2.0,2.0,120,527,-2101.0,-5.9,32.1,29.6,52.2,18.2,-3.99,2142.7,6.02
120.0,5.0,1,0.5,2.0,3.0,12,539,-2686.7,-7.54,34.7,25.4,30.4,44.2,-4.98,2755.4,6.31
120.0,5.0,1,0.5,2.0,3.0,60,516,-2037.5,-5.72,39.5,34.9,37.6,27.5,-3.95,2161.4,6.06
120.0,5.0,1,0.5,2.0,3.0,120,511,-2094.0,-5.88,40.3,37.0,41.1,21.9,-4.1,2224.3,5.99
120.0,5.0,1,0.5,3.0,1.0,12,564,-2058.8,-5.78,19.7,12.2,75.7,12.1,-3.65,2082.0,6.35
120.0,5.0,1,0.5,3.0,1.0,60,562,-1961.7,-5.51,18.0,15.1,79.2,5.7,-3.49,1988.5,6.33
120.0,5.0,1,0.5,3.0,1.0,120,562,-1938.4,-5.44,18.3,15.8,80.6,3.6,-3.45,1960.5,6.33
120.0,5.0,1,0.5,3.0,2.0,12,544,-2360.5,-6.63,28.7,16.4,44.1,39.5,-4.34,2390.1,6.29
120.0,5.0,1,0.5,3.0,2.0,60,527,-1857.6,-5.22,28.8,23.1,52.6,24.3,-3.52,1892.8,6.07
120.0,5.0,1,0.5,3.0,2.0,120,524,-1900.7,-5.34,28.4,24.6,55.2,20.2,-3.63,1928.2,6.02
120.0,5.0,1,0.5,3.0,3.0,12,531,-2502.6,-7.03,33.0,17.7,31.5,50.8,-4.71,2558.6,6.35
120.0,5.0,1,0.5,3.0,3.0,60,509,-1886.1,-5.3,35.6,27.7,40.9,31.4,-3.71,1992.5,6.09
120.0,5.0,1,0.5,3.0,3.0,120,504,-1942.8,-5.46,35.5,30.8,44.4,24.8,-3.85,2041.1,6.02
120.0,10.0,0,0.3,1.0,1.0,12,177,-622.8,-1.75,26.6,25.4,66.1,8.5,-3.52,635.3,6.28
120.0,10.0,0,0.3,1.0,1.0,60,176,-592.4,-1.66,27.8,26.7,68.2,5.1,-3.37,604.9,6.23
120.0,10.0,0,0.3,1.0,1.0,120,176,-583.0,-1.64,28.4,27.3,68.2,4.5,-3.31,595.5,6.23
120.0,10.0,0,0.3,1.0,2.0,12,174,-660.3,-1.85,37.9,33.9,39.1,27.0,-3.79,672.8,6.32
120.0,10.0,0,0.3,1.0,2.0,60,172,-616.2,-1.73,40.1,37.8,44.2,18.0,-3.58,629.1,6.22
120.0,10.0,0,0.3,1.0,2.0,120,172,-585.5,-1.64,40.7,39.0,45.3,15.7,-3.4,598.4,6.22
120.0,10.0,0,0.3,1.0,3.0,12,173,-664.6,-1.87,45.7,41.0,29.5,29.5,-3.84,677.1,6.35
120.0,10.0,0,0.3,1.0,3.0,60,171,-643.6,-1.81,48.5,46.2,32.7,21.1,-3.76,659.1,6.24
120.0,10.0,0,0.3,1.0,3.0,120,171,-604.2,-1.7,49.7,48.0,33.3,18.7,-3.53,618.9,6.24
120.0,10.0,0,0.3,2.0,1.0,12,177,-546.3,-1.53,23.2,19.8,69.5,10.7,-3.09,560.3,6.28
120.0,10.0,0,0.3,2.0,1.0,60,176,-476.8,-1.34,24.4,22.2,71.6,6.2,-2.71,513.7,6.23
120.0,10.0,0,0.3,2.0,1.0,120,176,-470.8,-1.32,25.0,22.2,71.6,6.2,-2.68,506.9,6.23
120.0,10.0,0,0.3,2.0,2.0,12,174,-560.7,-1.57,34.5,26.4,41.4,32.2,-3.22,587.9,6.32
120.0,10.0,0,0.3,2.0,2.0,60,172,-570.5,-1.6,34.9,30.2,48.3,21.5,-3.32,609.6,6.22
120.0,10.0,0,0.3,2.0,2.0,120,172,-493.0,-1.38,36.0,31.4,50.0,18.6,-2.87,531.3,6.22
120.0,10.0,0,0.3,2.0,3.0,12,173,-531.3,-1.49,42.2,31.8,31.2,37.0,-3.07,569.0,6.35
120.0,10.0,0,0.3,2.0,3.0,60,170,-478.0,-1.34,44.1,39.4,35.3,25.3,-2.81,528.5,6.19
120.0,10.0,0,0.3,2.0,3.0,120,170,-377.4,-1.06,45.9,41.2,35.9,22.9,-2.22,432.2,6.19
120.0,10.0,0,0.3,3.0,1.0,12,176,-531.4,-1.49,19.9,14.8,72.2,13.1,-3.02,556.5,6.29
120.0,10.0,0,0.3,3.0,1.0,60,175,-445.5,-1.25,20.6,17.1,75.4,7.4,-2.55,499.3,6.24
120.0,10.0,0,0.3,3.0,1.0,120,175,-425.3,-1.19,21.1,17.7,75.4,6.9,-2.43,489.6,6.24
120.0,10.0,0,0.3,3.0,2.0,12,174,-518.3,-1.46,31.6,20.1,43.7,36.2,-2.98,564.9,6.31
120.0,10.0,0,0.3,3.0,2.0,60,171,-518.0,-1.45,31.0,25.1,51.5,23.4,-3.03,562.4,6.22
120.0,10.0,0,0.3,3.0,2.0,120,171,-463.0,-1.3,32.2,25.7,53.8,20.5,-2.71,517.7,6.22
120.0,10.0,0,0.3,3.0,3.0,12,173,-471.0,-1.32,38.7,23.7,32.9,43.4,-2.72,512.8,6.33
120.0,10.0,0,0.3,3.0,3.0,60,169,-419.4,-1.18,39.1,33.1,39.1,27.8,-2.48,479.0,6.19
120.0,10.0,0,0.3,3.0,3.0,120,169,-339.1,-0.95,40.8,34.3,40.8,24.9,-2.01,439.7,6.19
120.0,10.0,0,0.5,1.0,1.0,12,211,-649.9,-1.82,28.9,28.0,64.0,8.1,-3.08,658.2,5.99
120.0,10.0,0,0.5,1.0,1.0,60,210,-614.7,-1.73,30.0,29.0,65.7,5.2,-2.93,622.3,5.94
120.0,10.0,0,0.5,1.0,1.0,120,210,-608.2,-1.71,30.5,29.5,65.7,4.8,-2.9,617.1,5.94
120.0,10.0,0,0.5,1.0,2.0,12,209,-727.7,-2.04,39.2,35.9,39.7,24.4,-3.48,737.0,6.03
120.0,10.0,0,0.5,1.0,2.0,60,207,-667.6,-1.87,41.5,39.1,44.4,16.4,-3.23,676.5,5.94
120.0,10.0,0,0.5,1.0,2.0,120,207,-661.6,-1.86,41.5,40.1,45.9,14.0,-3.2,671.5,5.94
120.0,10.0,0,0.5,1.0,3.0,12,208,-794.4,-2.23,45.2,41.3,32.2,26.4,-3.82,802.7,6.03
120.0,10.0,0,0.5,1.0,3.0,60,206,-746.0,-2.09,48.5,46.1,35.0,18.9,-3.62,759.3,5.94
120.0,10.0,0,0.5,1.0,3.0,120,206,-732.9,-2.06,49.0,47.6,35.4,17.0,-3.56,746.7,5.94
120.0,10.0,0,0.5,2.0,1.0,12,210,-536.8,-1.51,25.2,22.4,67.1,10.5,-2.56,545.0,6.0
120.0,10.0,0,0.5,2.0,1.0,60,209,-455.6,-1.28,26.8,24.4,68.9,6.7,-2.18,496.5,5.96
120.0,10.0,0,0.5,2.0,1.0,120,209,-448.3,-1.26,27.3,24.9,68.9,6.2,-2.15,485.5,5.96
120.0,10.0,0,0.5,2.0,2.0,12,208,-587.1,-1.65,35.6,27.9,41.8,30.3,-2.82,613.5,6.04
120.0,10.0,0,0.5,2.0,2.0,60,206,-573.4,-1.61,36.9,31.6,48.1,20.4,-2.78,613.0,5.96
120.0,10.0,0,0.5,2.0,2.0,120,206,-509.8,-1.43,37.4,33.5,50.0,16.5,-2.47,549.9,5.96
120.0,10.0,0,0.5,2.0,3.0,12,207,-609.0,-1.71,42.0,31.9,33.3,34.8,-2.94,645.9,6.05
120.0,10.0,0,0.5,2.0,3.0,60,204,-533.0,-1.5,44.6,39.2,37.3,23.5,-2.61,580.3,5.92
120.0,10.0,0,0.5,2.0,3.0,120,204,-447.9,-1.26,45.6,41.7,37.7,20.6,-2.2,495.7,5.92
120.0,10.0,0,0.5,3.0,1.0,12,208,-498.4,-1.4,22.1,16.3,69.7,13.9,-2.4,524.8,6.03
120.0,10.0,0,0.5,3.0,1.0,60,207,-403.3,-1.13,22.7,19.3,72.9,7.7,-1.95,469.1,5.98
120.0,10.0,0,0.5,3.0,1.0,120,207,-379.5,-1.07,23.2,19.8,72.9,7.2,-1.83,452.2,5.98
120.0,10.0,0,0.5,3.0,2.0,12,207,-525.0,-1.47,32.9,20.3,44.0,35.7,-2.54,578.8,6.04
120.0,10.0,0,0.5,3.0,2.0,60,204,-499.1,-1.4,32.8,26.5,51.5,22.1,-2.45,553.8,5.97
120.0,10.0,0,0.5,3.0,2.0,120,204,-449.4,-1.26,33.3,27.5,53.9,18.6,-2.2,523.3,5.97
120.0,10.0,0,0.5,3.0,3.0,12,206,-527.7,-1.48,38.8,23.3,35.0,41.7,-2.56,576.7,6.05
120.0,10.0,0,0.5,3.0,3.0,60,202,-457.2,-1.28,39.6,33.2,41.1,25.7,-2.26,519.9,5.93
120.0,10.0,0,0.5,3.0,3.0,120,202,-383.8,-1.08,40.6,34.7,42.6,22.8,-1.9,457.6,5.93
120.0,10.0,0,0.7,1.0,1.0,12,232,-682.3,-1.92,28.9,28.0,64.2,7.8,-2.94,703.3,5.9
120.0,10.0,0,0.7,1.0,1.0,60,231,-641.7,-1.8,29.9,29.0,65.8,5.2,-2.78,662.0,5.86
120.0,10.0,0,0.7,1.0,1.0,120,231,-629.9,-1.77,30.7,29.4,65.8,4.8,-2.73,651.5,5.86
120.0,10.0,0,0.7,1.0,2.0,12,230,-806.9,-2.27,38.3,34.8,41.7,23.5,-3.51,827.9,5.94
120.0,10.0,0,0.7,1.0,2.0,60,228,-748.0,-2.1,40.4,38.2,46.5,15.4,-3.28,768.3,5.86
120.0,10.0,0,0.7,1.0,2.0,120,228,-736.7,-2.07,40.8,39.0,47.8,13.2,-3.23,758.3,5.86
120.0,10.0,0,0.7,1.0,3.0,12,229,-906.0,-2.54,43.7,39.7,34.5,25.8,-3.96,927.0,5.94
120.0,10.0,0,0.7,1.0,3.0,60,227,-855.8,-2.4,47.1,44.9,37.4,17.6,-3.77,876.1,5.86
120.0,10.0,0,0.7,1.0,3.0,120,227,-837.4,-2.35,48.0,46.3,37.9,15.9,-3.69,859.0,5.86
120.0,10.0,0,0.7,2.0,1.0,12,231,-582.8,-1.64,24.7,21.2,68.0,10.8,-2.52,597.3,5.92
120.0,10.0,0,0.7,2.0,1.0,60,230,-485.6,-1.36,25.7,23.5,69.6,7.0,-2.11,538.3,5.88
120.0,10.0,0,0.7,2.0,1.0,120,230,-470.3,-1.32,27.0,23.9,69.6,6.5,-2.04,520.1,5.88
120.0,10.0,0,0.7,2.0,2.0,12,228,-700.6,-1.97,33.8,25.4,44.3,30.3,-3.07,723.1,5.94
120.0,10.0,0,0.7,2.0,2.0,60,225,-671.0,-1.88,34.7,29.8,50.7,19.6,-2.98,719.8,5.87
120.0,10.0,0,0.7,2.0,2.0,120,225,-599.4,-1.68,36.0,31.6,52.4,16.0,-2.66,648.7,5.87
120.0,10.0,0,0.7,2.0,3.0,12,227,-756.2,-2.12,39.6,29.1,36.1,34.8,-3.33,779.1,5.95
120.0,10.0,0,0.7,2.0,3.0,60,223,-663.8,-1.86,42.2,36.8,40.4,22.9,-2.98,715.7,5.84
120.0,10.0,0,0.7,2.0,3.0,120,223,-564.3,-1.58,43.9,39.5,40.8,19.7,-2.53,616.6,5.84
120.0,10.0,0,0.7,3.0,1.0,12,228,-562.2,-1.58,21.5,14.9,70.6,14.5,-2.47,583.4,5.94
120.0,10.0,0,0.7,3.0,1.0,60,226,-451.2,-1.27,21.2,17.7,73.9,8.4,-2.0,525.0,5.9
120.0,10.0,0,0.7,3.0,1.0,120,226,-427.3,-1.2,22.6,18.1,73.9,8.0,-1.89,500.1,5.9
120.0,10.0,0,0.7,3.0,2.0,12,226,-604.9,-1.7,31.9,19.0,45.6,35.4,-2.68,649.1,5.95
120.0,10.0,0,0.7,3.0,2.0,60,222,-577.2,-1.62,31.1,24.3,53.6,22.1,-2.6,643.9,5.89
120.0,10.0,0,0.7,3.0,2.0,120,222,-517.0,-1.45,32.4,25.7,55.9,18.5,-2.33,605.4,5.89
120.0,10.0,0,0.7,3.0,3.0,12,225,-648.9,-1.82,37.3,21.8,37.3,40.9,-2.88,677.9,5.96
120.0,10.0,0,0.7,3.0,3.0,60,220,-543.0,-1.52,38.2,30.5,43.2,26.4,-2.47,611.5,5.85
120.0,10.0,0,0.7,3.0,3.0,120,220,-441.3,-1.24,40.0,33.2,44.5,22.3,-2.01,515.7,5.85
120.0,10.0,1,0.5,1.0,1.0,12,513,-2093.5,-5.88,25.7,23.6,70.6,5.8,-4.08,2101.2,6.24
120.0,10.0,1,0.5,1.0,1.0,60,512,-2018.8,-5.67,26.4,25.4,71.3,3.3,-3.94,2026.5,6.22
120.0,10.0,1,0.5,1.0,1.0,120,512,-1979.3,-5.56,27.1,26.2,71.9,2.0,-3.87,1987.0,6.22
120.0,10.0,1,0.5,1.0,2.0,12,504,-2503.5,-7.03,35.1,31.9,40.1,28.0,-4.97,2506.4,6.2
120.0,10.0,1,0.5,1.0,2.0,60,493,-2154.4,-6.05,38.5,36.3,44.6,19.1,-4.37,2162.1,6.03
120.0,10.0,1,0.5,1.0,2.0,120,490,-2059.2,-5.78,39.4,37.6,46.1,16.3,-4.2,2072.1,5.97
120.0,10.0,1,0.5,1.0,3.0,12,497,-2648.4,-7.44,40.0,36.6,28.8,34.6,-5.33,2680.5,6.23
120.0,10.0,1,0.5,1.0,3.0,60,482,-2222.4,-6.24,45.6,43.2,33.6,23.2,-4.61,2273.5,5.99
120.0,10.0,1,0.5,1.0,3.0,120,479,-2128.2,-5.98,47.0,45.3,35.5,19.2,-4.44,2184.5,5.93
120.0,10.0,1,0.5,2.0,1.0,12,503,-1919.1,-5.39,21.5,16.5,74.2,9.3,-3.82,1937.8,6.29
120.0,10.0,1,0.5,2.0,1.0,60,502,-1787.8,-5.02,21.7,20.1,75.9,4.0,-3.56,1807.0,6.27
120.0,10.0,1,0.5,2.0,1.0,120,502,-1746.1,-4.9,22.5,20.9,76.5,2.6,-3.48,1765.3,6.27
120.0,10.0,1,0.5,2.0,2.0,12,493,-2299.8,-6.46,30.2,22.5,43.4,34.1,-4.66,2314.0,6.25
120.0,10.0,1,0.5,2.0,2.0,60,479,-1910.5,-5.36,31.9,28.8,50.1,21.1,-3.99,1938.2,6.09
120.0,10.0,1,0.5,2.0,2.0,120,476,-1867.9,-5.25,32.6,30.0,52.1,17.9,-3.92,1900.8,6.03
120.0,10.0,1,0.5,2.0,3.0,12,484,-2397.3,-6.73,35.1,26.2,30.8,43.0,-4.95,2462.5,6.3
120.0,10.0,1,0.5,2.0,3.0,60,466,-1904.9,-5.35,39.3,35.4,38.0,26.6,-4.09,2021.6,6.05
120.0,10.0,1,0.5,2.0,3.0,120,462,-1878.8,-5.28,40.7,37.4,40.9,21.6,-4.07,2001.9,5.99
120.0,10.0,1,0.5,3.0,1.0,12,499,-1788.2,-5.02,19.6,12.6,76.0,11.4,-3.58,1817.5,6.31
120.0,10.0,1,0.5,3.0,1.0,60,498,-1692.0,-4.75,18.3,15.7,79.1,5.2,-3.4,1722.0,6.29
120.0,10.0,1,0.5,3.0,1.0,120,498,-1652.5,-4.64,18.9,16.3,80.1,3.6,-3.32,1677.8,6.29
120.0,10.0,1,0.5,3.0,2.0,12,488,-2125.6,-5.97,28.5,16.4,44.7,38.9,-4.36,2146.7,6.28
120.0,10.0,1,0.5,3.0,2.0,60,475,-1719.2,-4.83,28.4,23.6,53.3,23.2,-3.62,1738.1,6.1
120.0,10.0,1,0.5,3.0,2.0,120,472,-1684.9,-4.73,28.8,25.0,55.5,19.5,-3.57,1705.5,6.05
120.0,10.0,1,0.5,3.0,3.0,12,476,-2241.4,-6.29,33.2,18.1,31.9,50.0,-4.71,2282.0,6.34
120.0,10.0,1,0.5,3.0,3.0,60,459,-1755.1,-4.93,35.3,28.5,41.4,30.1,-3.82,1847.7,6.09
120.0,10.0,1,0.5,3.0,3.0,120,455,-1722.9,-4.84,36.0,31.4,44.4,24.2,-3.79,1811.2,6.03
