pair,ws_thr,tp_pips,hold_min,trades,is_n,oos_n,is_pd,oos_pd,is_net,oos_net,oos_dd,oos_wr,tp_rate,n_long_pct
USD_JPY,0.3,1.0,1,376994,251915,125079,-2744.81,-2850.46,-435372.2,-226065.0,-661437.2,8.2,40.8,49.0
USD_JPY,0.3,1.0,2,242175,161903,80272,-1750.54,-1805.78,-277664.4,-143213.6,-420877.9,11.2,55.5,49.2
USD_JPY,0.3,1.0,5,139076,93120,45956,-1008.58,-1021.86,-159977.3,-81042.1,-241019.4,14.5,71.0,49.3
USD_JPY,0.3,1.0,10,94868,63674,31194,-673.12,-684.66,-106767.3,-54299.6,-161066.9,16.5,79.8,49.3
USD_JPY,0.3,1.0,30,52330,34965,17365,-374.29,-375.97,-59368.3,-29817.5,-89185.8,18.4,88.4,49.5
USD_JPY,0.3,2.0,1,324631,216693,107938,-2349.84,-2464.9,-372724.0,-195486.8,-568210.8,18.4,18.6,49.0
USD_JPY,0.3,2.0,2,191221,127671,63550,-1378.18,-1425.44,-218602.5,-113049.0,-331652.6,31.3,32.5,49.0
USD_JPY,0.3,2.0,5,99566,66676,32890,-711.81,-733.6,-112904.7,-58180.9,-171086.6,49.3,52.4,49.5
USD_JPY,0.3,2.0,10,63779,42803,20976,-445.95,-457.21,-70734.5,-36260.6,-106996.1,61.9,65.7,49.3
USD_JPY,0.3,2.0,30,33184,22353,10831,-231.99,-236.68,-36797.8,-18770.9,-55570.2,75.3,80.0,49.6
USD_JPY,0.3,3.0,1,309139,206078,103061,-2231.5,-2341.53,-353952.9,-185702.7,-539655.6,14.6,8.1,48.8
USD_JPY,0.3,3.0,2,173167,115468,57699,-1250.47,-1314.57,-198345.9,-104256.4,-302602.8,23.6,17.9,48.9
USD_JPY,0.3,3.0,5,83464,55758,27706,-593.51,-616.74,-94139.9,-48912.9,-143052.8,39.2,36.9,49.2
USD_JPY,0.3,3.0,10,50554,33904,16650,-352.54,-370.75,-55919.2,-29403.9,-85324.4,51.7,52.2,49.0
USD_JPY,0.3,3.0,30,24985,16780,8205,-171.84,-175.81,-27256.8,-13942.9,-41226.8,69.5,71.6,49.6
USD_JPY,0.3,5.0,1,302305,201483,100822,-2183.11,-2296.63,-346277.5,-182141.9,-528419.4,13.3,2.1,48.7
USD_JPY,0.3,5.0,2,163429,108796,54633,-1171.75,-1236.2,-185859.4,-98041.1,-283900.9,20.5,6.2,48.8
USD_JPY,0.3,5.0,5,72581,48340,24241,-513.28,-543.28,-81414.8,-43087.0,-124501.8,31.5,18.3,49.0
USD_JPY,0.3,5.0,10,41005,27388,13617,-279.36,-301.63,-44311.7,-23922.1,-68233.9,41.2,32.9,48.8
USD_JPY,0.3,5.0,30,18177,12246,5931,-124.58,-135.65,-19760.2,-10758.5,-30559.8,57.0,56.0,49.4
USD_JPY,0.5,1.0,1,358825,240370,118455,-2617.53,-2701.33,-415184.3,-214238.0,-629422.2,8.6,41.0,48.9
USD_JPY,0.5,1.0,2,234583,156968,77615,-1700.61,-1750.6,-269744.5,-138837.5,-408581.9,11.5,55.6,49.1
USD_JPY,0.5,1.0,5,137015,91741,45274,-986.66,-1001.6,-156500.5,-79435.1,-235935.7,14.9,71.1,49.4
USD_JPY,0.5,1.0,10,93082,62266,30816,-661.1,-679.83,-104860.7,-53916.5,-158777.1,16.8,79.7,49.4
USD_JPY,0.5,1.0,30,52085,34804,17281,-370.94,-375.58,-58837.5,-29786.3,-88623.8,18.9,88.4,49.3
USD_JPY,0.5,2.0,1,310220,207568,102652,-2249.07,-2325.07,-356739.4,-184397.1,-541136.6,19.1,18.9,49.0
USD_JPY,0.5,2.0,2,186375,124685,61690,-1342.61,-1386.95,-212960.0,-109997.0,-322958.1,31.5,32.8,49.1
USD_JPY,0.5,2.0,5,98138,65696,32442,-701.16,-722.53,-111215.0,-57302.5,-168518.5,49.7,52.6,49.4
USD_JPY,0.5,2.0,10,63264,42376,20888,-443.71,-453.84,-70380.0,-35993.2,-106375.4,61.9,65.7,49.3
USD_JPY,0.5,2.0,30,33402,22527,10875,-228.9,-234.39,-36306.8,-18589.3,-54897.6,75.5,80.4,50.0
USD_JPY,0.5,3.0,1,295512,197649,97863,-2130.16,-2212.85,-337878.7,-175497.4,-513376.1,15.1,8.4,48.8
USD_JPY,0.5,3.0,2,168945,112815,56130,-1213.86,-1262.72,-192538.6,-100144.3,-292683.4,24.3,18.1,48.8
USD_JPY,0.5,3.0,5,82623,55231,27392,-587.3,-602.7,-93155.7,-47799.4,-140955.1,39.5,37.1,49.3
USD_JPY,0.5,3.0,10,50326,33689,16637,-350.62,-364.4,-55614.1,-28900.2,-84514.4,52.0,52.3,49.0
USD_JPY,0.5,3.0,30,24838,16805,8033,-165.83,-186.94,-26302.7,-14826.0,-41138.7,69.3,71.8,49.5
USD_JPY,0.5,5.0,1,288810,193134,95676,-2090.86,-2170.2,-331645.4,-172115.3,-503760.7,13.7,2.1,48.8
USD_JPY,0.5,5.0,2,159255,106253,53002,-1141.33,-1196.9,-181033.5,-94924.5,-275958.5,20.9,6.2,48.9
USD_JPY,0.5,5.0,5,71755,47805,23950,-509.61,-542.03,-80832.6,-42987.8,-123820.4,31.6,18.4,48.9
USD_JPY,0.5,5.0,10,40670,27162,13508,-281.62,-311.48,-44669.1,-24703.1,-69372.2,40.9,32.6,48.9
USD_JPY,0.5,5.0,30,18343,12363,5980,-117.36,-139.56,-18615.1,-11068.2,-29706.2,57.3,56.9,49.6
USD_JPY,1.0,1.0,1,319412,214948,104464,-2329.53,-2362.21,-369501.3,-187342.6,-556844.0,9.3,42.3,49.2
USD_JPY,1.0,1.0,2,217623,145987,71636,-1575.91,-1607.43,-249965.7,-127482.8,-377448.5,12.1,56.4,49.2
USD_JPY,1.0,1.0,5,131046,87832,43214,-945.06,-971.72,-149901.7,-77065.6,-226967.2,15.3,71.3,49.1
USD_JPY,1.0,1.0,10,91253,61050,30203,-646.43,-660.74,-102534.1,-52402.0,-154936.1,17.2,80.1,49.4
USD_JPY,1.0,1.0,30,51452,34518,16934,-367.5,-375.29,-58292.0,-29763.6,-88055.6,19.5,88.5,49.3
USD_JPY,1.0,2.0,1,278440,187251,91189,-2008.45,-2044.95,-318573.7,-162181.5,-480755.2,20.4,20.0,49.0
USD_JPY,1.0,2.0,2,174480,117034,57446,-1247.8,-1285.05,-197921.3,-101915.1,-299837.0,32.7,33.5,49.3
USD_JPY,1.0,2.0,5,95322,63969,31353,-674.83,-696.69,-107038.8,-55253.0,-162292.5,50.1,53.1,49.5
USD_JPY,1.0,2.0,10,61941,41565,20376,-437.62,-449.29,-69414.3,-35632.4,-105048.4,62.2,65.9,49.2
USD_JPY,1.0,2.0,30,32966,22283,10683,-230.78,-242.64,-36605.1,-19243.0,-55850.2,74.9,80.3,49.8
USD_JPY,1.0,3.0,1,265031,178218,86813,-1911.97,-1948.4,-303269.9,-154524.6,-457794.5,16.1,8.9,49.0
USD_JPY,1.0,3.0,2,158566,106338,52228,-1137.43,-1176.79,-180414.8,-93328.9,-273744.2,25.0,18.7,49.2
USD_JPY,1.0,3.0,5,80472,53919,26553,-563.82,-587.25,-89430.5,-46574.1,-136006.6,40.1,37.6,49.4
USD_JPY,1.0,3.0,10,49825,33523,16302,-338.99,-355.32,-53769.6,-28180.0,-81949.5,52.5,53.0,49.3
USD_JPY,1.0,3.0,30,24971,16924,8047,-168.39,-185.32,-26710.1,-14697.1,-41423.2,68.8,72.0,49.6
USD_JPY,1.0,5.0,1,258853,174085,84768,-1857.49,-1897.17,-294628.6,-150461.8,-445090.4,14.8,2.3,48.9
USD_JPY,1.0,5.0,2,149424,100123,49301,-1067.54,-1100.02,-169330.1,-87241.1,-256571.6,21.7,6.4,49.3
USD_JPY,1.0,5.0,5,69811,46597,23214,-488.41,-519.72,-77470.0,-41218.0,-118694.4,32.3,18.8,49.0
USD_JPY,1.0,5.0,10,40171,26815,13356,-274.7,-289.45,-43571.3,-22955.7,-66527.0,42.1,33.2,49.3
USD_JPY,1.0,5.0,30,18238,12261,5977,-118.48,-124.68,-18792.1,-9887.8,-28688.2,58.3,57.4,49.1
USD_JPY,1.5,1.0,1,287296,193405,93891,-2092.66,-2107.41,-331930.5,-167135.0,-499065.5,9.6,43.8,49.3
USD_JPY,1.5,1.0,2,203007,136208,66799,-1466.22,-1489.84,-232566.1,-118156.6,-350722.7,12.2,57.8,49.4
USD_JPY,1.5,1.0,5,126463,84467,41996,-909.31,-928.45,-144231.4,-73633.9,-217865.3,15.2,72.2,49.6
USD_JPY,1.5,1.0,10,89250,59637,29613,-632.22,-653.39,-100280.7,-51819.1,-152099.8,16.7,80.5,49.5
USD_JPY,1.5,1.0,30,51859,34679,17180,-367.12,-372.36,-58231.3,-29531.6,-87762.9,19.2,89.0,49.5
USD_JPY,1.5,2.0,1,251508,169340,82168,-1817.06,-1835.25,-288216.1,-145550.5,-433766.6,21.3,20.8,49.2
USD_JPY,1.5,2.0,2,163550,109772,53778,-1174.06,-1194.41,-186225.9,-94726.7,-280952.6,33.4,34.4,49.3
USD_JPY,1.5,2.0,5,92042,61565,30477,-655.39,-663.14,-103955.0,-52592.6,-156547.6,51.4,53.7,49.6
USD_JPY,1.5,2.0,10,61161,40867,20294,-427.64,-435.22,-67830.4,-34516.6,-102348.8,63.0,66.7,49.4
USD_JPY,1.5,2.0,30,32993,22226,10767,-224.48,-239.06,-35605.5,-18959.8,-54572.6,75.2,80.6,49.2
USD_JPY,1.5,3.0,1,239666,161371,78295,-1731.36,-1747.36,-274622.8,-138579.9,-413204.8,16.9,9.3,49.3
USD_JPY,1.5,3.0,2,148797,99893,48904,-1067.89,-1079.12,-169384.9,-85582.9,-254969.8,26.0,19.2,49.3
USD_JPY,1.5,3.0,5,77732,52143,25589,-551.08,-561.16,-87410.8,-44504.3,-131917.2,40.5,37.8,49.6
USD_JPY,1.5,3.0,10,48845,32735,16110,-336.35,-342.6,-53350.8,-27171.0,-80529.1,53.2,53.2,49.4
USD_JPY,1.5,3.0,30,25057,16802,8255,-164.56,-171.49,-26102.7,-13600.9,-39714.1,70.1,72.6,49.7
USD_JPY,1.5,5.0,1,233991,157600,76391,-1680.87,-1705.2,-266614.1,-135236.5,-401853.3,15.4,2.4,49.2
USD_JPY,1.5,5.0,2,140199,94138,46061,-993.2,-1020.46,-157537.2,-80931.1,-238468.3,22.1,6.6,49.2
USD_JPY,1.5,5.0,5,67715,45277,22438,-473.12,-487.02,-75044.7,-38624.9,-113669.8,33.1,19.1,49.0
USD_JPY,1.5,5.0,10,39460,26350,13110,-263.78,-291.32,-41839.5,-23104.2,-64944.4,41.9,33.2,49.2
USD_JPY,1.5,5.0,30,18219,12233,5986,-116.69,-126.48,-18508.8,-10030.9,-28559.4,58.1,57.6,49.7
USD_JPY,2.0,1.0,1,253701,170839,82862,-1847.69,-1857.31,-293073.9,-147300.5,-440374.4,9.7,45.5,49.4
USD_JPY,2.0,1.0,2,185262,124228,61034,-1339.86,-1359.34,-212524.5,-107806.9,-320331.4,12.1,58.9,49.5
USD_JPY,2.0,1.0,5,120239,80301,39938,-860.37,-874.29,-136468.9,-69338.3,-205807.2,14.7,73.3,49.7
USD_JPY,2.0,1.0,10,86269,57607,28662,-612.32,-631.2,-97123.8,-50059.4,-147183.2,16.2,81.0,49.7
USD_JPY,2.0,1.0,30,51183,34014,17169,-363.46,-370.71,-57651.3,-29400.7,-87052.0,17.9,89.1,49.6
USD_JPY,2.0,2.0,1,223311,150452,72859,-1622.62,-1620.19,-257374.4,-128494.9,-385869.3,22.5,21.7,49.5
USD_JPY,2.0,2.0,2,150964,101400,49564,-1083.96,-1091.7,-171933.7,-86580.8,-258514.4,34.8,35.5,49.7
USD_JPY,2.0,2.0,5,88202,59060,29142,-624.71,-635.51,-99088.9,-50401.3,-149490.2,52.1,54.6,49.5
USD_JPY,2.0,2.0,10,59140,39691,19449,-411.23,-424.31,-65227.8,-33651.6,-98880.1,62.5,66.7,49.6
USD_JPY,2.0,2.0,30,32467,21962,10505,-224.49,-227.5,-35608.2,-18042.7,-53651.6,75.6,80.7,49.7
USD_JPY,2.0,3.0,1,213041,143674,69367,-1545.92,-1541.82,-245208.6,-122278.9,-367489.6,17.7,9.8,49.5
USD_JPY,2.0,3.0,2,137543,92554,44989,-985.56,-990.2,-156326.3,-78531.1,-234859.4,26.7,19.9,49.5
USD_JPY,2.0,3.0,5,74732,50153,24579,-521.17,-520.63,-82665.7,-41290.2,-123958.9,42.1,38.9,49.4
USD_JPY,2.0,3.0,10,47584,31931,15653,-324.08,-333.15,-51405.0,-26421.3,-77831.9,53.2,53.5,49.4
USD_JPY,2.0,3.0,30,24441,16484,7957,-172.03,-172.15,-27287.1,-13652.8,-40948.9,69.4,71.9,49.4
USD_JPY,2.0,5.0,1,207918,140312,67606,-1499.74,-1502.0,-237883.8,-119120.9,-357007.4,16.3,2.6,49.3
USD_JPY,2.0,5.0,2,129590,87217,42373,-916.86,-939.21,-145429.8,-74487.1,-219916.9,22.9,6.9,49.4
USD_JPY,2.0,5.0,5,65034,43526,21508,-449.79,-462.04,-71344.0,-36643.5,-107988.8,34.1,19.6,49.0
USD_JPY,2.0,5.0,10,38572,25823,12749,-263.41,-278.11,-41780.4,-22056.3,-63840.2,42.3,33.6,49.4
USD_JPY,2.0,5.0,30,17956,12022,5934,-115.19,-128.66,-18270.3,-10203.6,-28513.2,57.9,57.1,49.7
USD_JPY,3.0,1.0,1,179219,120310,58909,-1307.25,-1343.22,-207351.9,-106528.6,-313880.5,10.4,49.2,50.0
USD_JPY,3.0,1.0,2,140920,94522,46398,-1020.95,-1046.41,-161939.3,-82989.2,-244928.5,12.6,61.7,49.9
USD_JPY,3.0,1.0,5,99188,66386,32802,-710.51,-733.62,-112698.0,-58181.9,-170879.9,14.5,74.8,50.1
USD_JPY,3.0,1.0,10,75523,50515,25008,-533.3,-552.04,-84590.6,-43781.0,-128371.6,16.0,82.2,50.1
USD_JPY,3.0,1.0,30,47173,31415,15758,-332.57,-347.16,-52751.8,-27533.0,-80284.8,17.7,89.6,50.0
USD_JPY,3.0,2.0,1,160310,107893,52417,-1166.61,-1187.62,-185043.2,-94188.3,-279231.5,25.1,24.6,50.0
USD_JPY,3.0,2.0,2,117760,79195,38565,-853.27,-859.68,-135342.8,-68180.0,-203522.8,37.4,38.1,50.0
USD_JPY,3.0,2.0,5,75214,50470,24744,-535.11,-541.52,-84877.9,-42946.8,-127824.7,53.6,56.1,50.1
USD_JPY,3.0,2.0,10,53298,35872,17426,-368.46,-385.78,-58444.1,-30595.3,-89040.2,64.3,68.1,50.3
USD_JPY,3.0,2.0,30,30830,20701,10129,-210.09,-213.27,-33324.3,-16914.3,-50240.9,76.8,81.4,50.3
USD_JPY,3.0,3.0,1,153219,103255,49964,-1112.26,-1126.27,-176423.2,-89322.3,-265746.0,19.8,11.7,50.0
USD_JPY,3.0,3.0,2,108008,72851,35157,-778.44,-784.17,-123474.1,-62191.1,-185665.7,28.8,22.0,50.0
USD_JPY,3.0,3.0,5,64372,43312,21060,-453.01,-462.44,-71854.1,-36675.3,-108532.0,42.7,40.1,50.0
USD_JPY,3.0,3.0,10,43082,29023,14059,-300.37,-311.52,-47644.0,-24705.8,-72353.5,54.0,54.2,50.0
USD_JPY,3.0,3.0,30,23474,15747,7727,-154.35,-154.09,-24482.0,-12220.8,-36718.6,71.4,72.9,50.3
USD_JPY,3.0,5.0,1,149389,100761,48628,-1080.97,-1100.95,-171459.8,-87314.2,-258774.6,17.9,3.3,49.9
USD_JPY,3.0,5.0,2,101753,68657,33096,-728.16,-735.24,-115497.5,-58310.7,-173808.3,24.8,7.9,49.9
USD_JPY,3.0,5.0,5,56421,37904,18517,-387.85,-393.35,-61518.7,-31195.8,-92723.8,35.3,20.9,50.0
USD_JPY,3.0,5.0,10,35388,23765,11623,-248.58,-258.83,-39428.1,-20527.6,-59960.8,43.3,34.5,50.2
USD_JPY,3.0,5.0,30,17269,11615,5654,-111.27,-117.43,-17649.5,-9312.9,-26975.1,58.7,57.7,50.3
EUR_JPY,0.3,1.0,1,394790,261809,132981,-4716.31,-4925.93,-760413.9,-397105.4,-1157519.3,1.0,42.6,49.2
EUR_JPY,0.3,1.0,2,253336,167895,85441,-3018.82,-3134.2,-486725.9,-252664.8,-739390.7,1.3,57.2,49.2
EUR_JPY,0.3,1.0,5,147269,97308,49961,-1737.32,-1800.84,-280109.8,-145175.0,-425284.8,1.5,72.7,49.1
EUR_JPY,0.3,1.0,10,100208,66115,34093,-1172.69,-1227.97,-189073.9,-98993.3,-288067.2,1.8,81.0,49.1
EUR_JPY,0.3,1.0,30,56550,37361,19189,-664.92,-679.45,-107205.5,-54773.8,-161979.3,2.2,89.5,49.3
EUR_JPY,0.3,2.0,1,335246,222630,112616,-4005.64,-4176.38,-645830.9,-336680.0,-982511.0,3.7,19.0,49.1
EUR_JPY,0.3,2.0,2,196623,130405,66218,-2340.51,-2443.49,-377361.9,-196983.0,-574344.9,5.8,33.3,49.2
EUR_JPY,0.3,2.0,5,102615,68165,34450,-1205.02,-1257.67,-194285.4,-101387.4,-295672.8,8.9,53.7,49.0
EUR_JPY,0.3,2.0,10,65799,43662,22137,-765.41,-794.56,-123407.9,-64053.5,-187461.4,10.8,66.8,49.2
EUR_JPY,0.3,2.0,30,35309,23385,11924,-398.67,-405.52,-64277.0,-32690.8,-96967.8,13.6,81.5,49.6
EUR_JPY,0.3,3.0,1,318823,211842,106981,-3805.6,-3963.48,-613578.8,-319517.0,-933095.8,8.0,8.1,49.1
EUR_JPY,0.3,3.0,2,177578,117938,59640,-2106.51,-2208.74,-339633.5,-178058.3,-517691.8,16.7,18.1,49.2
EUR_JPY,0.3,3.0,5,85384,56682,28702,-1003.91,-1049.36,-161860.2,-84594.8,-246455.1,33.5,37.5,49.0
EUR_JPY,0.3,3.0,10,51821,34453,17368,-592.3,-624.71,-95496.2,-50360.8,-145857.9,46.7,52.9,49.1
EUR_JPY,0.3,3.0,30,25640,17062,8578,-294.85,-299.61,-47538.8,-24153.3,-71692.4,63.6,72.3,49.3
EUR_JPY,0.3,5.0,1,311799,207290,104509,-3721.43,-3875.26,-600008.5,-312405.1,-912413.6,6.0,1.9,49.0
EUR_JPY,0.3,5.0,2,167105,111045,56060,-1980.66,-2079.76,-319342.2,-167660.1,-487002.3,11.8,5.6,49.0
EUR_JPY,0.3,5.0,5,73745,48968,24777,-869.13,-905.15,-140129.8,-72969.0,-213098.8,23.9,17.9,49.2
EUR_JPY,0.3,5.0,10,41442,27576,13866,-481.79,-509.71,-77679.6,-41090.7,-118771.6,34.9,31.9,49.0
EUR_JPY,0.3,5.0,30,18404,12280,6124,-209.25,-215.96,-33737.3,-17410.0,-51152.9,54.2,55.9,49.3
EUR_JPY,0.5,1.0,1,383661,254209,129452,-4576.34,-4784.47,-737846.6,-385701.1,-1123547.7,1.0,42.9,49.1
EUR_JPY,0.5,1.0,2,249767,165285,84482,-2964.46,-3092.25,-477961.9,-249282.9,-727244.8,1.3,57.6,49.2
EUR_JPY,0.5,1.0,5,146316,96744,49572,-1726.09,-1784.76,-278299.2,-143878.9,-422178.1,1.6,72.8,49.1
EUR_JPY,0.5,1.0,10,100279,65908,34371,-1167.05,-1226.5,-188163.5,-98874.5,-287038.0,1.9,81.2,49.1
EUR_JPY,0.5,1.0,30,56661,37334,19327,-666.53,-688.67,-107464.7,-55517.0,-162981.7,2.2,89.4,49.2
EUR_JPY,0.5,2.0,1,326354,216558,109796,-3898.73,-4062.04,-628595.2,-327462.5,-956057.7,3.7,19.2,49.2
EUR_JPY,0.5,2.0,2,193689,128498,65191,-2301.42,-2398.64,-371059.5,-193366.8,-564426.4,6.0,33.4,49.1
EUR_JPY,0.5,2.0,5,101852,67551,34301,-1200.39,-1243.82,-193538.9,-100270.9,-293809.8,8.9,53.7,49.1
EUR_JPY,0.5,2.0,10,65628,43493,22135,-758.05,-781.29,-122220.8,-62984.2,-185205.0,11.2,66.9,49.5
EUR_JPY,0.5,2.0,30,35030,23236,11794,-399.97,-410.25,-64487.6,-33072.6,-97560.2,13.6,81.2,49.2
EUR_JPY,0.5,3.0,1,310244,206009,104235,-3697.33,-3864.53,-596122.4,-311540.1,-907662.6,8.0,8.1,49.1
EUR_JPY,0.5,3.0,2,175061,116174,58887,-2071.31,-2154.19,-333959.0,-173660.9,-507620.0,17.1,18.3,49.1
EUR_JPY,0.5,3.0,5,84749,56227,28522,-998.97,-1028.58,-161064.4,-82919.0,-243983.4,33.8,37.4,49.2
EUR_JPY,0.5,3.0,10,51343,34108,17235,-599.56,-618.3,-96666.9,-49844.6,-146512.2,47.1,52.6,48.9
EUR_JPY,0.5,3.0,30,25611,16940,8671,-292.66,-298.47,-47186.1,-24061.5,-71247.9,64.1,72.4,48.9
EUR_JPY,0.5,5.0,1,303438,201645,101793,-3611.94,-3751.74,-582355.1,-302447.4,-884802.5,6.1,2.0,49.0
EUR_JPY,0.5,5.0,2,164769,109453,55316,-1943.24,-2034.38,-313309.2,-164001.7,-477311.0,12.0,5.8,49.2
EUR_JPY,0.5,5.0,5,73319,48707,24612,-856.22,-897.8,-138048.9,-72376.5,-210425.3,23.9,18.0,49.2
EUR_JPY,0.5,5.0,10,41358,27497,13861,-476.39,-495.04,-76809.2,-39907.7,-116718.2,35.8,32.2,49.5
EUR_JPY,0.5,5.0,30,18407,12314,6093,-205.73,-208.59,-33170.4,-16815.7,-49989.3,54.5,56.1,49.5
EUR_JPY,1.0,1.0,1,350958,232174,118784,-4164.92,-4356.01,-671512.6,-351160.9,-1022673.5,1.1,44.1,49.2
EUR_JPY,1.0,1.0,2,236654,156386,80268,-2797.59,-2920.48,-451057.3,-235435.6,-686492.9,1.3,58.4,49.3
EUR_JPY,1.0,1.0,5,142521,94078,48443,-1669.03,-1731.71,-269098.1,-139601.9,-408700.0,1.6,73.5,49.4
EUR_JPY,1.0,1.0,10,98847,65149,33698,-1148.56,-1201.88,-185182.9,-96889.7,-282072.6,1.8,81.6,49.3
EUR_JPY,1.0,1.0,30,56536,37227,19309,-659.96,-696.1,-106405.3,-56116.0,-162521.3,2.0,89.7,49.3
EUR_JPY,1.0,2.0,1,300320,199269,101051,-3565.03,-3717.37,-574791.6,-299676.9,-874468.4,3.9,20.0,49.0
EUR_JPY,1.0,2.0,2,184878,122623,62255,-2182.33,-2264.46,-351859.1,-182550.1,-534409.2,6.3,34.3,49.3
EUR_JPY,1.0,2.0,5,99688,66153,33535,-1171.25,-1210.21,-188841.5,-97561.2,-286402.6,8.8,54.2,49.3
EUR_JPY,1.0,2.0,10,64952,43123,21829,-744.13,-776.11,-119975.9,-62566.0,-182541.9,10.6,67.4,49.2
EUR_JPY,1.0,2.0,30,34799,22986,11813,-391.85,-404.18,-63178.4,-32583.3,-95761.6,13.0,81.5,49.6
EUR_JPY,1.0,3.0,1,285389,189510,95879,-3387.31,-3520.37,-546137.7,-283795.8,-829933.4,8.5,8.6,49.1
EUR_JPY,1.0,3.0,2,166766,110673,56093,-1978.17,-2046.47,-318941.9,-164976.6,-483918.4,17.4,18.7,49.2
EUR_JPY,1.0,3.0,5,82996,55078,27918,-971.66,-1006.08,-156661.9,-81105.1,-237767.1,34.3,37.8,49.3
EUR_JPY,1.0,3.0,10,51453,34228,17225,-578.93,-608.61,-93341.1,-49063.5,-142404.9,47.6,53.7,49.0
EUR_JPY,1.0,3.0,30,25680,17178,8502,-284.1,-303.18,-45805.2,-24440.7,-70246.2,63.6,72.5,48.9
EUR_JPY,1.0,5.0,1,278930,185384,93546,-3308.5,-3428.79,-533431.7,-276412.9,-809844.6,6.4,2.0,49.0
EUR_JPY,1.0,5.0,2,156999,104335,52664,-1851.16,-1932.64,-298462.9,-155800.0,-454262.9,12.0,6.0,49.1
EUR_JPY,1.0,5.0,5,71852,47746,24106,-830.53,-877.99,-133907.3,-70779.5,-204686.9,24.0,18.3,49.4
EUR_JPY,1.0,5.0,10,40874,27168,13706,-472.49,-479.72,-76179.3,-38672.8,-114853.4,36.0,32.5,49.3
EUR_JPY,1.0,5.0,30,18492,12307,6185,-208.66,-209.39,-33643.0,-16880.2,-50532.8,55.2,56.6,49.5
EUR_JPY,1.5,1.0,1,311370,206103,105267,-3704.99,-3868.11,-597356.8,-311828.9,-909185.7,1.1,45.5,49.3
EUR_JPY,1.5,1.0,2,218144,143931,74213,-2584.25,-2697.98,-416659.4,-217498.5,-634157.9,1.4,59.3,49.4
EUR_JPY,1.5,1.0,5,136622,89751,46871,-1601.51,-1673.61,-258212.3,-134918.7,-393130.9,1.6,74.0,49.5
EUR_JPY,1.5,1.0,10,96368,63126,33242,-1121.39,-1181.53,-180802.3,-95249.3,-276051.6,1.7,81.9,49.4
EUR_JPY,1.5,1.0,30,55798,36736,19062,-662.69,-686.31,-106845.8,-55327.3,-162173.1,2.1,89.8,49.2
EUR_JPY,1.5,2.0,1,268308,178116,90192,-3185.51,-3314.52,-513601.7,-267200.6,-780802.3,4.1,20.9,49.2
EUR_JPY,1.5,2.0,2,172208,114116,58092,-2040.82,-2113.43,-329043.2,-170374.8,-499418.0,6.3,35.0,49.2
EUR_JPY,1.5,2.0,5,96471,63804,32667,-1126.16,-1158.76,-181571.5,-93413.7,-274985.2,9.2,54.8,49.3
EUR_JPY,1.5,2.0,10,63553,41924,21629,-734.83,-756.29,-118476.7,-60968.9,-179445.5,10.8,67.4,49.1
EUR_JPY,1.5,2.0,30,34884,22937,11947,-389.64,-404.92,-62822.1,-32643.1,-95465.2,13.6,82.0,49.7
EUR_JPY,1.5,3.0,1,255151,169593,85558,-3024.09,-3138.18,-487575.4,-252984.9,-740560.2,9.2,9.2,49.3
EUR_JPY,1.5,3.0,2,155807,103446,52361,-1843.75,-1904.17,-297268.5,-153505.2,-450773.7,18.2,19.3,49.3
EUR_JPY,1.5,3.0,5,80412,53204,27208,-939.72,-970.88,-151510.9,-78267.4,-229778.3,34.9,38.3,49.6
EUR_JPY,1.5,3.0,10,50540,33562,16978,-575.28,-597.7,-92752.6,-48183.9,-140936.9,47.8,53.9,49.5
EUR_JPY,1.5,3.0,30,25845,17247,8598,-280.4,-293.96,-45209.5,-23697.6,-68908.2,63.9,73.2,49.1
EUR_JPY,1.5,5.0,1,249096,165727,83369,-2954.01,-3050.28,-476276.3,-245899.0,-722175.3,6.8,2.2,49.3
EUR_JPY,1.5,5.0,2,146666,97517,49149,-1732.25,-1782.38,-279291.0,-143687.4,-422978.4,13.0,6.3,49.3
EUR_JPY,1.5,5.0,5,69679,46281,23398,-809.03,-830.97,-130440.9,-66988.6,-197429.5,24.9,18.6,49.4
EUR_JPY,1.5,5.0,10,40165,26662,13503,-454.62,-471.49,-73299.3,-38009.0,-111309.7,35.9,32.5,48.9
EUR_JPY,1.5,5.0,30,18432,12296,6136,-199.78,-204.16,-32209.9,-16458.6,-48674.0,55.8,56.8,49.0
EUR_JPY,2.0,1.0,1,266071,176243,89828,-3180.15,-3318.27,-512736.9,-267503.3,-780240.2,1.3,47.2,49.4
EUR_JPY,2.0,1.0,2,194995,128930,66065,-2323.46,-2417.99,-374612.6,-194926.7,-569539.4,1.4,60.4,49.4
EUR_JPY,2.0,1.0,5,127371,83913,43458,-1501.27,-1565.83,-242050.0,-126229.9,-368279.8,1.6,74.7,49.4
EUR_JPY,2.0,1.0,10,91872,60369,31503,-1081.19,-1123.45,-174321.0,-90567.6,-264888.6,1.8,82.2,49.6
EUR_JPY,2.0,1.0,30,55177,36275,18902,-658.02,-672.01,-106093.7,-54174.0,-160267.7,2.2,90.1,49.6
EUR_JPY,2.0,2.0,1,231337,153654,77683,-2760.97,-2861.3,-445152.8,-230664.1,-675816.9,4.4,22.1,49.4
EUR_JPY,2.0,2.0,2,156080,103540,52540,-1853.15,-1901.86,-298783.9,-153319.2,-452103.1,6.6,36.3,49.4
EUR_JPY,2.0,2.0,5,91444,60549,30895,-1073.01,-1095.72,-173001.9,-88331.8,-261333.7,9.4,55.5,49.4
EUR_JPY,2.0,2.0,10,61633,40733,20900,-712.24,-725.26,-114834.8,-58467.3,-173302.1,11.2,68.3,49.5
EUR_JPY,2.0,2.0,30,34513,22804,11709,-386.33,-401.7,-62288.4,-32383.1,-94671.6,13.4,82.2,49.8
EUR_JPY,2.0,3.0,1,220356,146592,73764,-2623.35,-2710.85,-422964.2,-218535.8,-641500.0,10.0,9.9,49.4
EUR_JPY,2.0,3.0,2,141631,94108,47523,-1671.38,-1726.17,-269477.7,-139156.0,-408633.7,19.2,20.2,49.6
EUR_JPY,2.0,3.0,5,76857,50994,25863,-889.02,-914.85,-143336.9,-73751.2,-217088.1,35.8,39.4,49.3
EUR_JPY,2.0,3.0,10,48965,32535,16430,-553.04,-573.45,-89167.5,-46228.5,-135396.3,48.6,54.5,49.5
EUR_JPY,2.0,3.0,30,25544,16884,8660,-280.54,-291.15,-45232.0,-23471.5,-68705.1,64.3,73.5,49.4
EUR_JPY,2.0,5.0,1,214947,143164,71783,-2553.66,-2628.68,-411728.7,-211911.4,-623640.1,7.5,2.4,49.4
EUR_JPY,2.0,5.0,2,133204,88707,44497,-1576.36,-1609.35,-254157.4,-129738.0,-383895.4,13.6,6.6,49.5
EUR_JPY,2.0,5.0,5,66226,44071,22155,-767.03,-804.53,-123668.1,-64857.2,-188525.3,24.6,18.7,49.4
EUR_JPY,2.0,5.0,10,39138,26013,13125,-440.24,-458.9,-70980.2,-36994.7,-107976.2,36.9,33.3,49.5
EUR_JPY,2.0,5.0,30,18237,12092,6145,-192.91,-199.59,-31103.4,-16090.0,-47196.3,55.8,57.0,49.5
EUR_JPY,3.0,1.0,1,175757,116432,59325,-2139.57,-2240.06,-344963.7,-180583.2,-525546.9,1.6,50.9,50.1
EUR_JPY,3.0,1.0,2,139920,92720,47200,-1690.94,-1754.35,-272631.2,-141427.7,-414058.9,1.8,63.4,50.3
EUR_JPY,3.0,1.0,5,100284,66352,33932,-1206.47,-1244.89,-194520.1,-100357.4,-294877.5,1.8,76.2,50.1
EUR_JPY,3.0,1.0,10,77028,50775,26253,-919.99,-946.86,-148331.3,-76331.6,-224662.9,2.0,83.4,50.2
EUR_JPY,3.0,1.0,30,49968,32703,17265,-598.6,-617.19,-96512.6,-49755.0,-146267.5,2.2,90.6,50.3
EUR_JPY,3.0,2.0,1,156462,104071,52391,-1891.51,-1970.62,-304968.7,-158861.8,-463830.5,5.4,25.8,50.1
EUR_JPY,3.0,2.0,2,116218,77412,38806,-1392.88,-1424.39,-224575.3,-114827.9,-339403.2,7.5,39.8,50.3
EUR_JPY,3.0,2.0,5,75573,50139,25434,-890.69,-909.91,-143605.8,-73352.6,-216958.5,9.5,58.0,50.0
EUR_JPY,3.0,2.0,10,54374,35926,18448,-629.77,-642.73,-101538.6,-51813.7,-153352.3,11.5,69.8,50.2
EUR_JPY,3.0,2.0,30,32334,21311,11023,-371.51,-374.57,-59898.7,-30196.2,-90095.3,13.1,82.8,50.2
EUR_JPY,3.0,3.0,1,149267,99541,49726,-1798.48,-1865.95,-289969.6,-150424.3,-440393.9,12.1,12.1,49.9
EUR_JPY,3.0,3.0,2,106157,70883,35274,-1270.85,-1296.39,-204900.3,-104509.0,-309409.4,21.6,22.9,50.3
EUR_JPY,3.0,3.0,5,64422,42935,21487,-753.62,-770.52,-121506.1,-62115.9,-183622.0,37.9,41.7,50.1
EUR_JPY,3.0,3.0,10,43763,29050,14713,-505.47,-508.51,-81497.7,-40993.5,-122491.2,50.3,55.8,50.2
EUR_JPY,3.0,3.0,30,24153,15982,8171,-268.52,-266.95,-43293.0,-21520.6,-64814.1,65.9,74.2,49.8
EUR_JPY,3.0,5.0,1,145376,97090,48286,-1748.47,-1801.05,-281906.9,-145192.2,-427099.1,9.2,3.2,50.1
EUR_JPY,3.0,5.0,2,99660,66737,32923,-1192.19,-1208.97,-192217.9,-97461.4,-289679.3,15.4,7.7,50.1
EUR_JPY,3.0,5.0,5,55933,37385,18548,-658.55,-663.21,-106178.8,-53465.2,-159644.0,27.1,20.7,50.3
EUR_JPY,3.0,5.0,10,35218,23443,11775,-401.06,-416.86,-64663.6,-33605.4,-98269.8,38.1,34.7,50.3
EUR_JPY,3.0,5.0,30,17552,11635,5917,-190.11,-186.53,-30652.0,-15037.0,-45692.8,57.7,58.5,49.7
GBP_JPY,0.3,1.0,1,434716,287931,146785,-6912.61,-7627.4,-1132053.6,-624556.2,-1756609.7,0.7,50.1,49.3
GBP_JPY,0.3,1.0,2,286798,189476,97322,-4575.11,-5066.3,-749249.1,-414845.2,-1164094.3,0.8,63.6,49.5
GBP_JPY,0.3,1.0,5,170525,112944,57581,-2721.16,-3006.12,-445634.8,-246151.0,-691785.8,1.0,77.1,49.7
GBP_JPY,0.3,1.0,10,117623,77491,40132,-1853.43,-2103.6,-303530.4,-172249.6,-475780.0,1.2,84.1,49.9
GBP_JPY,0.3,1.0,30,67441,44501,22940,-1076.12,-1212.58,-176231.9,-99289.6,-275521.5,1.3,91.2,49.6
GBP_JPY,0.3,2.0,1,359090,238347,120743,-5733.12,-6283.13,-938893.4,-514482.9,-1453376.2,1.8,26.9,49.3
GBP_JPY,0.3,2.0,2,216781,143984,72797,-3473.86,-3801.43,-568901.7,-311273.7,-880175.3,2.7,42.1,49.3
GBP_JPY,0.3,2.0,5,117903,78208,39695,-1878.27,-2061.79,-307597.6,-168826.2,-476423.7,3.7,61.4,49.4
GBP_JPY,0.3,2.0,10,77762,51777,25985,-1230.89,-1353.83,-201578.9,-110856.2,-312435.1,4.3,72.9,49.3
GBP_JPY,0.3,2.0,30,42562,28408,14154,-683.31,-764.05,-111903.8,-62563.1,-174466.9,5.0,85.0,49.9
GBP_JPY,0.3,3.0,1,334121,221859,112262,-5314.94,-5840.77,-870408.6,-478260.9,-1348669.5,5.2,13.8,49.3
GBP_JPY,0.3,3.0,2,190860,126625,64235,-3037.9,-3344.14,-497505.7,-273829.0,-771334.7,9.5,26.5,49.3
GBP_JPY,0.3,3.0,5,96300,64027,32273,-1528.35,-1690.24,-250291.8,-138402.3,-388694.1,16.6,47.2,49.5
GBP_JPY,0.3,3.0,10,60218,40037,20181,-941.83,-1054.37,-154239.9,-86334.9,-240574.8,21.7,61.4,49.3
GBP_JPY,0.3,3.0,30,31321,20755,10566,-496.16,-543.77,-81255.1,-44525.8,-125780.9,27.6,78.1,49.5
GBP_JPY,0.3,5.0,1,321151,213458,107693,-5088.94,-5571.09,-833397.4,-456179.0,-1289576.4,6.4,4.0,49.2
GBP_JPY,0.3,5.0,2,174093,115629,58464,-2757.26,-3026.87,-451546.8,-247849.5,-699396.4,13.4,10.6,49.3
GBP_JPY,0.3,5.0,5,79684,52952,26732,-1254.52,-1400.11,-205447.8,-114645.1,-320092.9,27.7,27.0,49.3
GBP_JPY,0.3,5.0,10,46692,31046,15646,-727.31,-793.92,-119109.3,-65008.5,-184117.8,41.7,43.1,49.5
GBP_JPY,0.3,5.0,30,21913,14545,7368,-347.89,-389.23,-56973.5,-31871.1,-88848.4,60.4,64.7,49.4
GBP_JPY,0.5,1.0,1,425107,281506,143601,-6750.77,-7448.63,-1105550.3,-609918.2,-1715468.5,0.7,50.4,49.5
GBP_JPY,0.5,1.0,2,283138,187057,96081,-4502.56,-4999.58,-737368.3,-409381.7,-1146750.1,0.8,63.9,49.5
GBP_JPY,0.5,1.0,5,169404,112086,57318,-2706.78,-2977.21,-443279.5,-243783.8,-687063.3,1.1,77.1,49.5
GBP_JPY,0.5,1.0,10,117233,77388,39845,-1859.28,-2079.78,-304487.2,-170299.5,-474786.7,1.2,84.2,49.8
GBP_JPY,0.5,1.0,30,67225,44601,22624,-1098.69,-1183.43,-179929.3,-96902.8,-276832.1,1.4,91.2,49.6
GBP_JPY,0.5,2.0,1,351850,233521,118329,-5599.71,-6159.57,-917044.4,-504365.4,-1421409.8,1.9,27.1,49.4
GBP_JPY,0.5,2.0,2,214464,142299,72165,-3427.19,-3762.56,-561258.5,-308090.4,-869348.8,2.6,42.4,49.7
GBP_JPY,0.5,2.0,5,117524,77988,39536,-1864.16,-2045.32,-305286.1,-167477.6,-472763.7,3.8,61.6,49.2
GBP_JPY,0.5,2.0,10,77458,51369,26089,-1222.75,-1346.31,-200246.2,-110240.3,-310486.5,4.5,72.9,49.2
GBP_JPY,0.5,2.0,30,41823,27928,13895,-680.26,-743.56,-111404.0,-60885.1,-172289.0,5.1,84.7,48.9
GBP_JPY,0.5,3.0,1,327501,217427,110074,-5189.34,-5719.1,-849839.8,-468298.3,-1318138.1,5.3,14.0,49.3
GBP_JPY,0.5,3.0,2,188724,125256,63468,-3000.47,-3305.66,-491376.2,-270678.2,-762054.4,9.6,26.6,49.4
GBP_JPY,0.5,3.0,5,95650,63454,32196,-1521.56,-1677.94,-249179.7,-137395.2,-386574.9,16.7,47.3,49.4
GBP_JPY,0.5,3.0,10,60067,39767,20300,-934.06,-1039.48,-152967.8,-85116.2,-238084.0,21.7,61.5,49.7
GBP_JPY,0.5,3.0,30,31146,20670,10476,-483.83,-531.77,-79234.4,-43542.8,-122778.3,27.6,78.2,49.5
GBP_JPY,0.5,5.0,1,314616,209078,105538,-4964.47,-5440.33,-813012.8,-445471.5,-1258484.3,6.5,4.1,49.4
GBP_JPY,0.5,5.0,2,172261,114394,57867,-2722.49,-2988.04,-445852.6,-244670.2,-690522.8,13.5,10.7,49.5
GBP_JPY,0.5,5.0,5,79374,52722,26652,-1241.84,-1374.25,-203371.3,-112527.9,-315899.2,27.9,27.1,49.2
GBP_JPY,0.5,5.0,10,46471,30891,15580,-713.78,-801.52,-116892.8,-65631.2,-182523.9,41.1,42.9,49.7
GBP_JPY,0.5,5.0,30,21886,14547,7339,-345.23,-372.27,-56536.3,-30483.0,-87019.3,60.8,65.0,49.4
GBP_JPY,1.0,1.0,1,396278,262102,134176,-6271.46,-6958.23,-1027055.4,-569762.6,-1596818.0,0.7,51.4,49.4
GBP_JPY,1.0,1.0,2,270552,178714,91838,-4303.67,-4796.68,-704796.7,-392767.9,-1097564.5,0.9,64.4,49.5
GBP_JPY,1.0,1.0,5,165759,109075,56684,-2662.37,-2956.27,-436006.9,-242068.7,-678075.6,1.0,77.5,49.5
GBP_JPY,1.0,1.0,10,115017,75638,39379,-1833.31,-2082.99,-300235.2,-170561.8,-470797.0,1.2,84.2,49.6
GBP_JPY,1.0,1.0,30,67130,44494,22636,-1106.57,-1234.49,-181218.9,-101084.2,-282303.1,1.3,91.3,49.3
GBP_JPY,1.0,2.0,1,329643,218564,111079,-5216.02,-5757.26,-854208.9,-471422.7,-1325631.6,1.9,27.8,49.4
GBP_JPY,1.0,2.0,2,207066,137288,69778,-3279.47,-3627.31,-537066.4,-297015.6,-834081.9,2.7,43.3,49.4
GBP_JPY,1.0,2.0,5,115145,76090,39055,-1839.82,-2012.39,-301300.7,-164780.8,-466081.5,3.8,61.8,49.3
GBP_JPY,1.0,2.0,10,76862,50881,25981,-1218.48,-1334.39,-199546.1,-109263.9,-308810.0,4.4,73.3,49.6
GBP_JPY,1.0,2.0,30,41920,27888,14032,-684.2,-748.31,-112049.2,-61274.2,-173323.4,5.2,84.8,49.2
GBP_JPY,1.0,3.0,1,306633,203545,103088,-4837.95,-5325.65,-792293.4,-436081.1,-1228374.5,5.4,14.2,49.2
GBP_JPY,1.0,3.0,2,182088,120750,61338,-2874.64,-3172.06,-470769.3,-259738.5,-730507.7,10.1,27.2,49.3
GBP_JPY,1.0,3.0,5,94118,62439,31679,-1495.9,-1640.74,-244978.3,-134348.8,-379327.1,16.8,47.4,49.3
GBP_JPY,1.0,3.0,10,59462,39465,19997,-942.14,-1014.04,-154290.6,-83032.8,-237323.5,21.6,61.5,49.4
GBP_JPY,1.0,3.0,30,31087,20721,10366,-495.47,-524.1,-81141.6,-42915.3,-124056.9,27.4,78.2,49.4
GBP_JPY,1.0,5.0,1,294609,195762,98847,-4630.68,-5084.92,-758350.7,-416370.0,-1174720.6,6.6,4.2,49.4
GBP_JPY,1.0,5.0,2,166134,110303,55831,-2606.59,-2890.31,-426871.5,-236668.0,-663539.5,13.7,10.9,49.3
GBP_JPY,1.0,5.0,5,78071,51780,26291,-1225.98,-1361.36,-200774.2,-111472.9,-312247.1,28.2,27.2,49.4
GBP_JPY,1.0,5.0,10,46012,30593,15419,-706.21,-804.29,-115653.9,-65858.1,-181512.0,41.1,42.7,49.4
GBP_JPY,1.0,5.0,30,21945,14633,7312,-342.59,-391.1,-56105.5,-32024.5,-88130.4,60.4,65.2,49.6
GBP_JPY,1.5,1.0,1,363720,240324,123396,-5766.65,-6409.58,-944383.4,-524837.2,-1469220.6,0.7,52.5,49.4
GBP_JPY,1.5,1.0,2,255842,168816,87026,-4083.59,-4553.03,-668754.4,-372816.8,-1041571.2,0.9,65.1,49.5
GBP_JPY,1.5,1.0,5,160491,105671,54820,-2577.93,-2881.01,-422178.1,-235906.4,-658084.5,1.0,77.8,49.5
GBP_JPY,1.5,1.0,10,113605,74594,39011,-1817.67,-2037.3,-297673.2,-166820.4,-464493.6,1.2,84.6,49.3
GBP_JPY,1.5,1.0,30,67033,44043,22990,-1093.7,-1234.54,-179111.9,-101088.0,-280199.9,1.4,91.6,49.4
GBP_JPY,1.5,2.0,1,305044,202014,103030,-4818.73,-5335.08,-789146.1,-436853.4,-1225999.5,1.9,28.7,49.4
GBP_JPY,1.5,2.0,2,197186,130737,66449,-3122.27,-3465.39,-511322.7,-283757.6,-795080.3,2.8,43.7,49.2
GBP_JPY,1.5,2.0,5,112617,74456,38161,-1799.64,-1966.66,-294720.6,-161036.6,-455757.2,3.7,62.1,49.4
GBP_JPY,1.5,2.0,10,75887,50392,25495,-1185.13,-1326.98,-194084.5,-108657.8,-302742.3,4.2,73.3,49.5
GBP_JPY,1.5,2.0,30,41965,27922,14043,-671.28,-751.82,-109933.6,-61561.4,-171495.0,5.1,85.2,49.3
GBP_JPY,1.5,3.0,1,284182,188469,95713,-4471.65,-4936.52,-732306.4,-404218.2,-1136524.6,5.6,14.9,49.4
GBP_JPY,1.5,3.0,2,173985,115389,58596,-2739.45,-3028.97,-448630.1,-248021.5,-696651.6,10.2,27.7,49.2
GBP_JPY,1.5,3.0,5,92183,61071,31112,-1446.71,-1616.3,-236921.8,-132347.8,-369269.6,17.2,47.9,49.0
GBP_JPY,1.5,3.0,10,58981,39073,19908,-918.31,-1007.13,-150387.6,-82466.9,-232854.5,22.0,62.0,49.3
GBP_JPY,1.5,3.0,30,31192,20767,10425,-486.1,-540.39,-79607.3,-44249.0,-123856.3,27.7,78.4,49.4
GBP_JPY,1.5,5.0,1,272816,181132,91684,-4271.58,-4705.55,-699541.1,-385305.4,-1084846.5,7.0,4.5,49.3
GBP_JPY,1.5,5.0,2,158750,105413,53337,-2478.73,-2759.04,-405932.3,-225919.0,-631851.3,13.7,11.2,49.2
GBP_JPY,1.5,5.0,5,76519,50791,25728,-1187.12,-1318.68,-194409.8,-107977.4,-302387.2,28.7,27.6,49.0
GBP_JPY,1.5,5.0,10,45585,30267,15318,-695.18,-784.46,-113847.3,-64234.2,-178081.5,41.5,43.2,49.0
GBP_JPY,1.5,5.0,30,21803,14499,7304,-335.33,-374.23,-54915.2,-30643.4,-85559.0,60.8,65.2,49.4
GBP_JPY,2.0,1.0,1,328081,216303,111778,-5223.04,-5824.75,-855358.2,-476949.3,-1332307.4,0.8,53.6,49.5
GBP_JPY,2.0,1.0,2,238148,156951,81197,-3809.85,-4259.34,-623925.4,-348768.7,-972694.1,0.9,65.9,49.5
GBP_JPY,2.0,1.0,5,153373,101048,52325,-2480.57,-2773.97,-406233.5,-227141.2,-633374.7,1.0,78.0,49.4
GBP_JPY,2.0,1.0,10,110948,73171,37777,-1786.32,-2006.76,-292539.7,-164320.1,-456859.8,1.2,85.0,49.3
GBP_JPY,2.0,1.0,30,65705,43435,22270,-1094.87,-1219.38,-179302.2,-99846.7,-279148.9,1.4,91.6,49.2
GBP_JPY,2.0,2.0,1,277883,183814,94069,-4395.42,-4881.14,-719821.5,-399683.3,-1119504.8,2.1,29.7,49.4
GBP_JPY,2.0,2.0,2,185873,123097,62776,-2937.42,-3266.99,-481051.6,-267511.5,-748563.0,2.8,44.7,49.4
GBP_JPY,2.0,2.0,5,109158,72220,36938,-1724.64,-1920.24,-282437.8,-157235.1,-439672.9,3.8,62.8,49.4
GBP_JPY,2.0,2.0,10,74309,49387,24922,-1166.92,-1320.93,-191102.5,-108162.2,-299264.7,4.4,73.6,49.2
GBP_JPY,2.0,2.0,30,41886,27696,14190,-669.17,-748.22,-109587.8,-61266.6,-170854.4,5.3,85.4,49.4
GBP_JPY,2.0,3.0,1,259446,171914,87532,-4076.19,-4515.99,-667542.9,-369784.1,-1037327.0,6.0,15.6,49.2
GBP_JPY,2.0,3.0,2,164193,108784,55409,-2585.13,-2864.83,-423357.6,-234581.1,-657938.7,10.5,28.4,49.5
GBP_JPY,2.0,3.0,5,89346,59144,30202,-1413.46,-1572.94,-231477.8,-128797.5,-360275.3,17.1,48.0,49.3
GBP_JPY,2.0,3.0,10,58026,38554,19472,-902.96,-988.84,-147874.8,-80969.3,-228844.0,21.8,62.2,49.4
GBP_JPY,2.0,3.0,30,31040,20641,10399,-479.81,-534.74,-78576.6,-43786.1,-122362.7,27.2,78.6,49.3
GBP_JPY,2.0,5.0,1,249014,165255,83759,-3894.82,-4300.82,-637840.3,-352164.8,-990005.1,7.4,4.8,49.4
GBP_JPY,2.0,5.0,2,149905,99430,50475,-2346.21,-2583.76,-384229.8,-211566.8,-595796.6,14.6,11.6,49.3
GBP_JPY,2.0,5.0,5,74503,49414,25089,-1162.46,-1289.33,-190371.4,-105574.7,-295946.1,28.8,27.8,49.3
GBP_JPY,2.0,5.0,10,44860,29741,15119,-689.62,-773.71,-112936.7,-63353.7,-176290.4,42.0,43.4,49.5
GBP_JPY,2.0,5.0,30,21920,14543,7377,-336.84,-370.5,-55163.4,-30337.5,-85500.9,61.3,65.8,49.8
GBP_JPY,3.0,1.0,1,250704,165107,85597,-4061.48,-4582.86,-665134.4,-375259.4,-1040393.8,0.9,56.0,49.6
GBP_JPY,3.0,1.0,2,194030,127765,66265,-3153.78,-3563.12,-516482.5,-291759.8,-808242.3,1.0,67.7,49.7
GBP_JPY,3.0,1.0,5,134200,88371,45829,-2198.32,-2479.25,-360010.9,-203009.1,-563019.9,1.0,79.3,49.6
GBP_JPY,3.0,1.0,10,100957,66092,34865,-1644.28,-1884.39,-269278.3,-154299.8,-423578.1,1.2,85.6,49.5
GBP_JPY,3.0,1.0,30,63128,41291,21837,-1051.17,-1225.42,-172145.8,-100341.0,-272486.8,1.4,92.0,49.6
GBP_JPY,3.0,2.0,1,216887,143425,73462,-3486.1,-3906.38,-570907.0,-319866.9,-890773.9,2.3,32.1,49.6
GBP_JPY,3.0,2.0,2,155600,102960,52640,-2497.25,-2794.64,-408966.4,-228834.3,-637800.7,3.1,46.6,49.7
GBP_JPY,3.0,2.0,5,98230,64937,33293,-1573.29,-1752.35,-257652.0,-143487.8,-401139.8,3.9,64.1,49.6
GBP_JPY,3.0,2.0,10,69266,45756,23510,-1093.63,-1218.66,-179099.5,-99787.6,-278887.1,4.6,74.5,49.3
GBP_JPY,3.0,2.0,30,40419,26793,13626,-639.29,-739.11,-104694.8,-60520.4,-165215.3,5.0,85.6,49.8
GBP_JPY,3.0,3.0,1,203367,134637,68730,-3249.03,-3626.39,-532081.5,-296940.4,-829021.8,6.6,17.3,49.5
GBP_JPY,3.0,3.0,2,138953,92194,46759,-2215.29,-2468.39,-362790.9,-202120.1,-564911.1,10.9,30.2,49.6
GBP_JPY,3.0,3.0,5,81687,54040,27647,-1294.33,-1424.01,-211968.4,-116602.6,-328571.0,17.5,50.0,49.6
GBP_JPY,3.0,3.0,10,54824,36305,18519,-847.4,-931.58,-138776.1,-76280.7,-215056.8,22.1,63.3,49.6
GBP_JPY,3.0,3.0,30,30306,20061,10245,-469.96,-527.29,-76963.3,-43176.0,-120139.3,27.1,79.0,49.7
GBP_JPY,3.0,5.0,1,195322,129574,65748,-3097.69,-3435.56,-507298.4,-281315.1,-788613.5,8.6,5.5,49.5
GBP_JPY,3.0,5.0,2,127065,84382,42683,-2010.57,-2233.24,-329264.7,-182864.5,-512129.2,15.6,12.5,49.5
GBP_JPY,3.0,5.0,5,68311,45352,22959,-1064.75,-1178.24,-174369.9,-96478.0,-270848.0,30.0,29.1,49.4
GBP_JPY,3.0,5.0,10,42581,28324,14257,-650.37,-735.87,-106508.2,-60255.0,-166763.2,42.4,44.2,49.5
GBP_JPY,3.0,5.0,30,21371,14184,7187,-323.74,-357.47,-53017.4,-29271.1,-82290.3,62.0,66.0,49.6
AUD_JPY,0.3,1.0,1,367375,239657,127718,-3828.65,-4374.88,-598773.1,-342099.4,-940872.4,1.2,37.8,49.2
AUD_JPY,0.3,1.0,2,231638,150334,81304,-2402.51,-2802.55,-375734.7,-219149.0,-594883.8,1.6,52.8,49.4
AUD_JPY,0.3,1.0,5,131768,84722,47046,-1356.12,-1612.68,-212086.7,-126105.4,-338192.1,2.0,69.3,49.3
AUD_JPY,0.3,1.0,10,88409,56570,31839,-899.45,-1089.4,-140667.6,-85186.9,-225854.5,2.3,78.4,49.4
AUD_JPY,0.3,1.0,30,48780,31165,17615,-505.33,-617.92,-79029.7,-48319.5,-127349.2,2.7,87.7,49.7
AUD_JPY,0.3,2.0,1,316743,208589,108154,-3330.21,-3717.35,-520820.0,-290683.0,-811503.1,5.8,13.7,49.2
AUD_JPY,0.3,2.0,2,181474,118796,62678,-1891.49,-2157.78,-295815.4,-168730.4,-464545.8,10.2,26.6,49.3
AUD_JPY,0.3,2.0,5,91811,59564,32247,-945.26,-1100.05,-147831.7,-86020.1,-233851.8,16.8,47.4,49.2
AUD_JPY,0.3,2.0,10,57771,37201,20570,-585.7,-691.71,-91598.7,-54089.4,-145688.0,20.9,61.8,49.5
AUD_JPY,0.3,2.0,30,29943,19111,10832,-299.42,-363.59,-46827.1,-28431.2,-75258.3,26.3,78.0,49.2
AUD_JPY,0.3,3.0,1,305975,202429,103546,-3218.63,-3556.43,-503369.2,-278099.8,-781469.0,8.4,5.4,49.1
AUD_JPY,0.3,3.0,2,167633,110434,57199,-1755.86,-1965.89,-274603.6,-153725.6,-428329.2,17.1,13.1,49.2
AUD_JPY,0.3,3.0,5,78169,50993,27176,-807.88,-927.87,-126345.8,-72555.7,-198901.6,34.1,30.6,49.3
AUD_JPY,0.3,3.0,10,46213,29852,16361,-469.55,-543.36,-73433.4,-42488.8,-115923.7,48.3,46.3,49.4
AUD_JPY,0.3,3.0,30,22282,14196,8086,-222.87,-253.89,-34855.3,-19853.6,-54712.1,66.6,67.7,49.0
AUD_JPY,0.3,5.0,1,301610,200085,101525,-3175.83,-3481.92,-496676.4,-272273.6,-768949.9,6.8,1.2,49.1
AUD_JPY,0.3,5.0,2,160816,106540,54276,-1694.39,-1855.91,-264990.8,-145125.7,-410116.5,12.8,3.7,48.9
AUD_JPY,0.3,5.0,5,69509,45836,23673,-732.64,-808.81,-114578.7,-63246.2,-177824.9,24.0,12.6,49.2
AUD_JPY,0.3,5.0,10,38080,24839,13241,-397.05,-437.67,-62095.6,-34224.0,-96325.2,35.8,25.0,49.4
AUD_JPY,0.3,5.0,30,16198,10448,5750,-166.39,-194.8,-26022.2,-15232.7,-41261.3,53.7,49.0,49.5
AUD_JPY,0.5,1.0,1,356059,231938,124121,-3699.79,-4258.93,-578619.1,-333032.8,-911651.9,1.2,38.1,49.3
AUD_JPY,0.5,1.0,2,227709,147678,80031,-2363.17,-2755.17,-369581.7,-215444.1,-585025.9,1.5,53.0,49.3
AUD_JPY,0.5,1.0,5,130652,84054,46598,-1334.53,-1602.41,-208710.0,-125302.9,-334012.8,2.0,69.5,49.2
AUD_JPY,0.5,1.0,10,87973,56374,31599,-897.47,-1071.53,-140357.9,-83789.5,-224147.4,2.4,78.6,49.4
AUD_JPY,0.5,1.0,30,49244,31368,17876,-510.74,-626.1,-79875.3,-48958.7,-128834.0,2.4,88.0,49.7
AUD_JPY,0.5,2.0,1,307770,202275,105495,-3217.43,-3612.21,-503182.7,-282461.3,-785644.0,5.9,13.9,49.3
AUD_JPY,0.5,2.0,2,178831,116905,61926,-1861.51,-2133.83,-291125.9,-166858.1,-457984.0,10.4,26.9,49.2
AUD_JPY,0.5,2.0,5,91141,59093,32048,-933.79,-1097.78,-146038.4,-85842.7,-231881.1,16.6,47.5,49.3
AUD_JPY,0.5,2.0,10,57400,36984,20416,-578.19,-688.62,-90425.2,-53848.0,-144273.1,20.8,61.6,49.7
AUD_JPY,0.5,2.0,30,29601,19026,10575,-298.61,-368.87,-46701.1,-28844.1,-75545.2,26.3,77.7,49.6
AUD_JPY,0.5,3.0,1,297149,196212,100937,-3109.66,-3451.86,-486327.5,-269922.6,-756250.1,8.4,5.4,49.1
AUD_JPY,0.5,3.0,2,165061,108598,56463,-1728.61,-1929.9,-270341.4,-150911.5,-421252.9,17.2,13.0,49.2
AUD_JPY,0.5,3.0,5,77483,50533,26950,-804.7,-917.58,-125849.4,-71751.3,-197600.7,34.0,30.3,49.2
AUD_JPY,0.5,3.0,10,46060,29793,16267,-465.53,-544.84,-72805.6,-42604.4,-115411.6,48.3,46.3,49.4
AUD_JPY,0.5,3.0,30,22284,14256,8028,-220.51,-269.03,-34486.6,-21037.3,-55527.1,66.2,67.8,49.3
AUD_JPY,0.5,5.0,1,292931,193868,99063,-3066.85,-3385.67,-479633.1,-264747.1,-744380.2,6.9,1.2,49.1
AUD_JPY,0.5,5.0,2,158297,104755,53542,-1663.19,-1828.14,-260110.1,-142954.0,-403064.1,12.9,3.7,49.1
AUD_JPY,0.5,5.0,5,69095,45508,23587,-727.51,-803.82,-113777.8,-62856.2,-176634.0,24.2,12.6,49.1
AUD_JPY,0.5,5.0,10,38071,24874,13197,-384.04,-433.27,-60061.6,-33880.0,-93947.3,35.6,25.6,49.2
AUD_JPY,0.5,5.0,30,16264,10487,5777,-159.24,-192.37,-24904.7,-15042.9,-39954.0,53.3,49.4,49.5
AUD_JPY,1.0,1.0,1,319390,205963,113427,-3282.43,-3862.23,-513347.9,-302012.4,-815360.3,1.3,39.5,49.3
AUD_JPY,1.0,1.0,2,213339,137310,76029,-2186.79,-2586.97,-341997.6,-202291.4,-544289.0,1.7,54.2,49.4
AUD_JPY,1.0,1.0,5,126456,81050,45406,-1292.79,-1551.03,-202182.0,-121284.9,-323466.9,2.1,70.1,49.3
AUD_JPY,1.0,1.0,10,86819,55386,31433,-876.52,-1070.42,-137080.8,-83703.3,-220784.0,2.3,79.1,49.6
AUD_JPY,1.0,1.0,30,48923,31127,17796,-500.43,-618.74,-78264.1,-48383.1,-126647.1,2.7,88.1,49.9
AUD_JPY,1.0,2.0,1,277222,180511,96711,-2863.44,-3290.07,-447821.3,-257271.8,-705093.2,6.3,14.8,49.3
AUD_JPY,1.0,2.0,2,168460,109458,59002,-1731.29,-2006.42,-270761.3,-156894.5,-427655.8,10.8,27.6,49.3
AUD_JPY,1.0,2.0,5,88622,57317,31305,-904.86,-1077.15,-141514.2,-84229.1,-225743.2,16.6,47.7,49.4
AUD_JPY,1.0,2.0,10,56845,36417,20428,-566.97,-679.69,-88669.2,-53149.2,-141818.4,21.1,62.3,49.0
AUD_JPY,1.0,2.0,30,29213,18678,10535,-297.27,-366.06,-46491.1,-28624.3,-75115.4,25.4,77.6,49.5
AUD_JPY,1.0,3.0,1,267436,174989,92447,-2770.29,-3147.17,-433253.3,-246097.6,-679350.9,8.9,5.7,49.2
AUD_JPY,1.0,3.0,2,155574,101789,53785,-1605.61,-1828.08,-251105.3,-142949.6,-394054.9,17.7,13.7,49.4
AUD_JPY,1.0,3.0,5,75545,49122,26423,-777.7,-896.78,-121625.8,-70125.1,-191750.9,34.4,30.9,49.4
AUD_JPY,1.0,3.0,10,45489,29323,16166,-465.28,-538.2,-72766.1,-42085.0,-114852.8,48.9,46.6,49.3
AUD_JPY,1.0,3.0,30,22094,14276,7818,-215.23,-274.16,-33659.8,-21438.3,-55101.2,65.7,67.8,48.8
AUD_JPY,1.0,5.0,1,263603,172967,90636,-2728.54,-3071.95,-426723.6,-240215.0,-666938.5,7.3,1.3,49.3
AUD_JPY,1.0,5.0,2,149032,98092,50940,-1546.99,-1733.3,-241937.1,-135537.4,-377474.6,13.1,3.8,49.3
AUD_JPY,1.0,5.0,5,67309,44242,23067,-701.09,-779.54,-109645.5,-60957.1,-170602.5,24.9,12.9,49.6
AUD_JPY,1.0,5.0,10,37472,24490,12982,-380.11,-429.19,-59447.1,-33561.4,-93008.5,35.6,25.4,49.0
AUD_JPY,1.0,5.0,30,16320,10565,5755,-156.91,-187.85,-24539.5,-14689.1,-39235.1,53.7,50.1,49.5
AUD_JPY,1.5,1.0,1,270707,171742,98965,-2758.79,-3385.91,-431454.3,-264766.0,-696220.3,1.4,41.2,49.5
AUD_JPY,1.5,1.0,2,190956,121451,69505,-1940.78,-2373.83,-303523.2,-185624.6,-489147.7,1.7,55.5,49.4
AUD_JPY,1.5,1.0,5,118633,75614,43019,-1196.59,-1474.91,-187138.0,-115332.3,-302470.3,2.0,70.8,49.5
AUD_JPY,1.5,1.0,10,83659,53132,30527,-843.37,-1038.88,-131896.8,-81236.3,-213133.1,2.3,79.6,49.9
AUD_JPY,1.5,1.0,30,48451,30803,17648,-489.4,-614.06,-76537.9,-48017.2,-124555.1,2.6,88.5,49.9
AUD_JPY,1.5,2.0,1,237200,152149,85051,-2425.56,-2907.46,-379339.2,-227353.1,-606692.3,6.5,15.8,49.4
AUD_JPY,1.5,2.0,2,152643,98215,54428,-1557.36,-1863.42,-243560.0,-145712.3,-389272.3,10.9,28.8,49.3
AUD_JPY,1.5,2.0,5,84330,54118,30212,-852.98,-1020.33,-133400.3,-79785.8,-213186.1,17.3,48.7,49.3
AUD_JPY,1.5,2.0,10,54779,35117,19662,-547.38,-663.24,-85606.1,-51863.0,-137470.1,21.4,62.3,49.2
AUD_JPY,1.5,2.0,30,29201,18492,10709,-288.28,-357.42,-45084.1,-27949.3,-73034.4,26.0,78.4,49.6
AUD_JPY,1.5,3.0,1,228844,147486,81358,-2343.13,-2769.92,-366447.6,-216597.4,-583045.0,9.6,6.3,49.4
AUD_JPY,1.5,3.0,2,140961,91365,49596,-1446.41,-1696.88,-226207.9,-132690.0,-358897.9,18.4,14.3,49.4
AUD_JPY,1.5,3.0,5,72096,46661,25435,-729.46,-860.87,-114081.8,-67316.6,-181398.3,35.0,31.8,48.9
AUD_JPY,1.5,3.0,10,44341,28481,15860,-444.82,-526.35,-69566.8,-41158.6,-110727.4,48.9,47.1,49.0
AUD_JPY,1.5,3.0,30,21927,14146,7781,-213.07,-262.21,-33322.8,-20503.7,-53830.2,66.0,67.7,49.3
AUD_JPY,1.5,5.0,1,225256,145641,79615,-2303.7,-2705.15,-360282.2,-211532.6,-571814.8,7.8,1.5,49.3
AUD_JPY,1.5,5.0,2,134925,87946,46979,-1395.46,-1600.83,-218239.2,-125178.7,-343417.9,14.0,4.0,49.4
AUD_JPY,1.5,5.0,5,64156,41922,22234,-655.85,-749.84,-102570.6,-58634.9,-161205.5,25.1,13.4,49.3
AUD_JPY,1.5,5.0,10,36478,23795,12683,-367.26,-423.97,-57436.6,-33152.9,-90594.4,35.5,25.6,49.6
AUD_JPY,1.5,5.0,30,16126,10368,5758,-162.08,-185.53,-25348.6,-14508.1,-39873.8,54.3,49.9,49.0
AUD_JPY,2.0,1.0,1,215100,133534,81566,-2175.47,-2815.73,-340228.0,-220180.1,-560408.0,1.6,43.8,49.7
AUD_JPY,2.0,1.0,2,160359,100196,60163,-1619.4,-2071.05,-253261.9,-161948.7,-415210.6,1.8,57.5,49.5
AUD_JPY,2.0,1.0,5,106250,66651,39599,-1069.38,-1355.17,-167242.5,-105969.5,-273212.0,2.2,72.2,49.7
AUD_JPY,2.0,1.0,10,77079,48540,28539,-781.74,-978.77,-122258.1,-76536.4,-198794.5,2.3,80.1,49.8
AUD_JPY,2.0,1.0,30,46766,29531,17235,-476.28,-607.66,-74487.0,-47517.1,-122004.1,2.6,89.0,49.9
AUD_JPY,2.0,2.0,1,190081,119332,70749,-1928.23,-2438.3,-301560.9,-190666.0,-492226.9,7.3,17.7,49.5
AUD_JPY,2.0,2.0,2,130431,82587,47844,-1323.22,-1650.48,-206941.1,-129061.1,-336002.2,11.5,30.6,49.3
AUD_JPY,2.0,2.0,5,76716,48908,27808,-773.39,-958.09,-120952.9,-74918.9,-195871.7,17.3,49.8,49.6
AUD_JPY,2.0,2.0,10,51911,32969,18942,-515.67,-633.32,-80646.9,-49523.4,-130171.4,21.8,63.4,49.8
AUD_JPY,2.0,2.0,30,28720,18209,10511,-282.48,-352.84,-44178.0,-27590.8,-71769.9,26.4,78.9,49.7
AUD_JPY,2.0,3.0,1,183059,115505,67554,-1861.27,-2326.74,-291089.1,-181942.7,-473031.8,10.6,7.2,49.5
AUD_JPY,2.0,3.0,2,120516,76877,43639,-1224.5,-1507.73,-191502.8,-117899.3,-309402.1,19.1,15.4,49.4
AUD_JPY,2.0,3.0,5,66181,42339,23842,-668.88,-802.38,-104607.8,-62743.4,-167351.2,36.3,33.1,49.4
AUD_JPY,2.0,3.0,10,42045,26849,15196,-416.83,-499.69,-65189.8,-39074.3,-104265.9,49.8,48.1,49.7
AUD_JPY,2.0,3.0,30,21482,13778,7704,-208.83,-253.99,-32659.2,-19861.5,-52522.5,67.0,68.5,49.2
AUD_JPY,2.0,5.0,1,179957,113908,66049,-1829.98,-2266.04,-286194.6,-177196.4,-463390.9,8.6,1.7,49.5
AUD_JPY,2.0,5.0,2,115221,73915,41306,-1175.22,-1416.46,-183795.0,-110762.1,-294557.1,14.6,4.6,49.5
AUD_JPY,2.0,5.0,5,58751,38052,20699,-599.26,-699.15,-93719.6,-54670.9,-148390.6,25.5,14.0,49.8
AUD_JPY,2.0,5.0,10,34824,22550,12274,-345.76,-404.12,-54073.7,-31600.9,-85683.9,36.8,26.7,49.1
AUD_JPY,2.0,5.0,30,15832,10203,5629,-149.93,-180.57,-23448.2,-14120.1,-37577.6,54.3,50.5,49.8
AUD_JPY,3.0,1.0,1,118952,70389,48563,-1216.84,-1760.2,-190304.1,-137641.3,-327945.4,2.1,49.4,50.1
AUD_JPY,3.0,1.0,2,96960,57887,39073,-995.49,-1411.58,-155686.6,-110380.3,-266066.9,2.3,61.9,50.0
AUD_JPY,3.0,1.0,5,72242,43651,28591,-741.31,-1027.24,-115935.0,-80326.5,-196261.5,2.4,74.7,50.0
AUD_JPY,3.0,1.0,10,56953,34738,22215,-582.88,-795.72,-91157.5,-62222.4,-153379.9,2.8,82.1,50.0
AUD_JPY,3.0,1.0,30,37711,23215,14496,-395.84,-529.39,-61905.9,-41396.7,-103302.6,2.9,89.4,50.0
AUD_JPY,3.0,2.0,1,107112,64079,43033,-1088.78,-1555.59,-170276.7,-121641.3,-291918.0,9.0,22.8,50.0
AUD_JPY,3.0,2.0,2,81875,49591,32284,-834.58,-1159.71,-130522.3,-90685.0,-221207.3,13.2,36.0,49.9
AUD_JPY,3.0,2.0,5,55482,34017,21465,-564.94,-753.17,-88351.9,-58895.0,-147246.9,19.0,53.9,50.0
AUD_JPY,3.0,2.0,10,40846,25290,15556,-407.88,-541.77,-63789.9,-42364.5,-106154.8,22.5,66.3,50.0
AUD_JPY,3.0,2.0,30,25039,15630,9409,-246.4,-323.84,-38535.4,-25323.2,-63858.9,26.1,80.3,50.2
AUD_JPY,3.0,3.0,1,102925,61981,40944,-1050.9,-1474.9,-164352.8,-115331.9,-279684.7,13.2,10.1,50.1
AUD_JPY,3.0,3.0,2,76025,46461,29564,-774.25,-1056.8,-121086.8,-82638.0,-203724.8,22.7,19.6,50.0
AUD_JPY,3.0,3.0,5,48421,30046,18375,-492.82,-644.09,-77073.2,-50365.4,-127438.7,38.7,37.1,50.1
AUD_JPY,3.0,3.0,10,33723,21044,12679,-337.98,-420.44,-52858.3,-32876.8,-85737.0,52.2,51.2,50.1
AUD_JPY,3.0,3.0,30,19118,12028,7090,-187.87,-234.71,-29381.1,-18353.2,-47736.9,68.0,70.0,50.0
AUD_JPY,3.0,5.0,1,100771,60904,39867,-1027.58,-1428.41,-160706.0,-111696.3,-272402.3,10.8,2.7,50.1
AUD_JPY,3.0,5.0,2,72283,44459,27824,-742.17,-992.69,-116069.8,-77624.5,-193694.3,17.1,6.2,49.9
AUD_JPY,3.0,5.0,5,43084,26986,16098,-439.14,-562.91,-68678.1,-44017.5,-112695.7,28.1,17.0,50.2
AUD_JPY,3.0,5.0,10,28087,17698,10389,-291.09,-349.99,-45524.7,-27367.6,-72897.5,38.2,29.1,50.1
AUD_JPY,3.0,5.0,30,14334,9055,5279,-137.5,-176.33,-21503.7,-13788.7,-35300.3,54.4,52.1,49.5
CAD_JPY,0.3,1.0,1,279130,186053,93077,-3806.03,-4200.14,-449027.6,-247762.1,-696789.7,0.9,38.8,49.5
CAD_JPY,0.3,1.0,2,176940,118093,58847,-2404.33,-2635.75,-283658.2,-155480.1,-439138.4,1.3,54.1,49.6
CAD_JPY,0.3,1.0,5,101012,67685,33327,-1372.51,-1489.64,-161925.7,-87872.4,-249798.0,1.7,70.1,49.7
CAD_JPY,0.3,1.0,10,68007,45463,22544,-917.16,-1003.02,-108204.2,-59167.3,-167371.5,1.9,79.1,49.6
CAD_JPY,0.3,1.0,30,37662,25318,12344,-515.07,-551.53,-60767.1,-32534.5,-93301.5,2.4,88.1,50.0
CAD_JPY,0.3,2.0,1,239079,159047,80032,-3261.15,-3617.53,-384743.4,-213394.7,-598138.1,6.5,13.6,49.4
CAD_JPY,0.3,2.0,2,136840,91163,45677,-1868.61,-2058.48,-220454.3,-121427.6,-341881.9,12.8,27.1,49.4
CAD_JPY,0.3,2.0,5,69300,46331,22969,-939.06,-1022.04,-110788.6,-60289.0,-171077.7,22.8,48.0,49.7
CAD_JPY,0.3,2.0,10,43850,29353,14497,-579.4,-641.25,-68356.0,-37826.6,-106182.7,30.2,62.6,49.6
CAD_JPY,0.3,2.0,30,22801,15297,7504,-297.64,-340.56,-35115.0,-20089.3,-55204.3,36.8,78.4,49.6
CAD_JPY,0.3,3.0,1,230863,153479,77384,-3147.24,-3499.07,-371304.7,-206406.7,-577711.4,6.3,4.6,49.3
CAD_JPY,0.3,3.0,2,126044,83859,42185,-1713.5,-1907.78,-202155.7,-112538.3,-314694.1,14.0,12.6,49.7
CAD_JPY,0.3,3.0,5,58615,39200,19415,-790.41,-876.62,-93250.4,-51711.0,-144961.5,28.9,30.8,49.7
CAD_JPY,0.3,3.0,10,34803,23323,11480,-461.56,-514.12,-54454.3,-30327.1,-84781.5,42.9,47.0,50.0
CAD_JPY,0.3,3.0,30,16854,11295,5559,-222.55,-246.97,-26256.4,-14568.3,-40828.1,62.2,68.4,50.0
CAD_JPY,0.3,5.0,1,228168,151657,76511,-3109.2,-3438.62,-366817.2,-202841.0,-569658.1,5.8,0.8,49.5
CAD_JPY,0.3,5.0,2,121141,80534,40607,-1638.76,-1841.82,-193337.7,-108647.2,-301984.9,11.2,3.0,49.5
CAD_JPY,0.3,5.0,5,52087,34677,17410,-704.05,-793.75,-83062.7,-46822.4,-129885.1,21.5,12.0,49.5
CAD_JPY,0.3,5.0,10,28475,18982,9493,-385.04,-430.1,-45426.0,-25371.2,-70797.2,31.3,24.9,49.7
CAD_JPY,0.3,5.0,30,12121,8109,4012,-167.95,-193.77,-19814.8,-11430.6,-31249.0,49.2,49.1,50.6
CAD_JPY,0.5,1.0,1,272732,181869,90863,-3712.89,-4081.78,-438039.4,-240780.0,-678819.4,0.9,39.1,49.3
CAD_JPY,0.5,1.0,2,174661,116745,57916,-2371.21,-2607.6,-279750.4,-153819.7,-433570.1,1.2,54.2,49.5
CAD_JPY,0.5,1.0,5,100200,66987,33213,-1356.36,-1481.11,-160020.3,-87369.0,-247389.3,1.6,70.2,49.8
CAD_JPY,0.5,1.0,10,68466,45738,22728,-919.89,-1003.45,-108526.7,-59192.3,-167718.9,2.0,79.4,49.5
CAD_JPY,0.5,1.0,30,37713,25423,12290,-516.65,-563.88,-60953.8,-33262.6,-94216.4,2.4,88.1,49.7
CAD_JPY,0.5,2.0,1,233975,155736,78239,-3187.12,-3514.3,-376010.2,-207305.0,-583315.1,6.6,13.8,49.4
CAD_JPY,0.5,2.0,2,135287,90082,45205,-1843.58,-2022.85,-217502.0,-119325.7,-336827.7,13.1,27.4,49.4
CAD_JPY,0.5,2.0,5,68916,46075,22841,-929.99,-1003.36,-109718.3,-59187.3,-168905.6,23.0,48.1,49.3
CAD_JPY,0.5,2.0,10,43895,29522,14373,-577.41,-640.45,-68121.8,-37779.2,-105901.0,29.5,62.7,49.6
CAD_JPY,0.5,2.0,30,22676,15272,7404,-298.38,-342.49,-35202.1,-20203.1,-55405.1,36.2,78.2,49.1
CAD_JPY,0.5,3.0,1,225868,150223,75645,-3066.56,-3394.35,-361787.0,-200229.6,-562016.5,6.5,4.6,49.2
CAD_JPY,0.5,3.0,2,124552,82870,41682,-1685.29,-1865.25,-198826.5,-110029.2,-308855.8,14.4,12.8,49.4
CAD_JPY,0.5,3.0,5,58407,38898,19509,-788.39,-851.94,-93012.3,-50255.0,-143267.3,30.2,31.1,49.4
CAD_JPY,0.5,3.0,10,34684,23211,11473,-462.42,-505.31,-54554.9,-29808.0,-84362.9,43.6,47.0,49.7
CAD_JPY,0.5,3.0,30,16923,11318,5605,-219.7,-249.13,-25919.8,-14696.0,-40616.6,62.2,68.3,50.1
CAD_JPY,0.5,5.0,1,223266,148468,74798,-3030.0,-3340.47,-357473.0,-197050.8,-554523.8,6.0,0.9,49.3
CAD_JPY,0.5,5.0,2,119644,79563,40081,-1619.23,-1810.15,-191033.9,-106779.0,-297812.9,11.5,2.9,49.5
CAD_JPY,0.5,5.0,5,51775,34483,17292,-696.29,-793.61,-82146.8,-46814.3,-128961.1,21.2,11.9,49.3
CAD_JPY,0.5,5.0,10,28429,18932,9497,-382.37,-411.03,-45110.7,-24246.5,-69357.2,32.7,25.1,49.9
CAD_JPY,0.5,5.0,30,12162,8166,3996,-154.87,-197.74,-18271.3,-11664.6,-29939.6,48.6,49.8,49.8
CAD_JPY,1.0,1.0,1,245801,164174,81627,-3341.38,-3644.85,-394208.9,-215005.8,-609214.7,1.0,40.0,49.3
CAD_JPY,1.0,1.0,2,163971,109593,54378,-2222.59,-2429.72,-262216.7,-143326.8,-405543.5,1.3,55.0,49.3
CAD_JPY,1.0,1.0,5,97602,65222,32380,-1310.0,-1446.79,-154551.4,-85344.9,-239896.2,1.5,71.1,49.7
CAD_JPY,1.0,1.0,10,66693,44500,22193,-897.74,-996.71,-105913.0,-58794.7,-164707.6,1.8,79.4,49.6
CAD_JPY,1.0,1.0,30,37828,25354,12474,-515.4,-575.09,-60805.7,-33924.1,-94729.8,2.6,88.5,49.3
CAD_JPY,1.0,2.0,1,212637,141962,70675,-2880.6,-3143.74,-339847.0,-185446.2,-525293.3,7.0,14.4,49.2
CAD_JPY,1.0,2.0,2,128139,85618,42521,-1728.62,-1898.38,-203938.7,-111983.4,-315922.0,13.4,28.0,49.3
CAD_JPY,1.0,2.0,5,67403,45149,22254,-898.17,-983.53,-105964.2,-58017.7,-163981.8,23.2,49.0,49.7
CAD_JPY,1.0,2.0,10,43181,28913,14268,-572.0,-633.31,-67483.5,-37358.2,-104841.7,30.0,62.8,49.5
CAD_JPY,1.0,2.0,30,22707,15227,7480,-295.05,-338.98,-34809.5,-19996.4,-54805.9,37.5,78.6,49.8
CAD_JPY,1.0,3.0,1,205292,137051,68241,-2775.87,-3035.87,-327491.4,-179082.8,-506574.2,6.9,4.9,49.4
CAD_JPY,1.0,3.0,2,117953,78708,39245,-1595.5,-1742.65,-188233.8,-102797.4,-291031.2,14.7,13.0,49.3
CAD_JPY,1.0,3.0,5,57083,38178,18905,-754.97,-840.34,-89069.7,-49570.8,-138640.5,29.8,31.6,49.6
CAD_JPY,1.0,3.0,10,34435,23085,11350,-446.03,-503.33,-52622.0,-29691.1,-82313.1,43.1,47.7,49.3
CAD_JPY,1.0,3.0,30,16794,11267,5527,-214.01,-249.51,-25248.2,-14718.2,-39968.2,61.6,68.4,49.7
CAD_JPY,1.0,5.0,1,202788,135355,67433,-2737.05,-2991.19,-322911.6,-176447.5,-499359.2,6.2,0.9,49.4
CAD_JPY,1.0,5.0,2,113350,75597,37753,-1527.1,-1680.5,-180164.1,-99131.3,-279295.4,12.0,3.1,49.1
CAD_JPY,1.0,5.0,5,50623,33738,16885,-673.63,-749.62,-79473.5,-44219.0,-123692.6,22.4,12.2,49.2
CAD_JPY,1.0,5.0,10,28141,18759,9382,-378.06,-401.95,-44602.3,-23710.8,-68313.1,32.7,25.5,49.4
CAD_JPY,1.0,5.0,30,12226,8173,4053,-155.01,-181.86,-18287.9,-10727.7,-29015.9,50.1,50.3,49.5
CAD_JPY,1.5,1.0,1,210058,141297,68761,-2877.67,-3085.55,-339502.2,-182013.3,-521515.5,1.1,41.4,49.4
CAD_JPY,1.5,1.0,2,147679,99166,48513,-2009.16,-2177.02,-237036.5,-128420.0,-365456.5,1.4,56.2,49.5
CAD_JPY,1.5,1.0,5,91757,61451,30306,-1241.49,-1367.12,-146468.9,-80645.1,-227114.0,1.6,71.5,49.6
CAD_JPY,1.5,1.0,10,64202,43003,21199,-868.68,-965.14,-102485.0,-56932.9,-159417.8,2.1,79.8,49.9
CAD_JPY,1.5,1.0,30,37369,25288,12081,-518.94,-566.22,-61223.5,-33400.8,-94624.3,2.4,88.8,49.5
CAD_JPY,1.5,2.0,1,183533,123496,60037,-2505.3,-2684.1,-295570.2,-158332.3,-453902.5,7.4,15.2,49.5
CAD_JPY,1.5,2.0,2,116987,78566,38421,-1594.8,-1722.08,-188150.7,-101583.9,-289734.6,13.7,28.7,49.7
CAD_JPY,1.5,2.0,5,64403,43186,21217,-857.79,-933.26,-101200.5,-55051.9,-156252.4,23.4,49.4,49.9
CAD_JPY,1.5,2.0,10,42105,28326,13779,-548.53,-601.82,-64714.2,-35500.6,-100214.8,30.3,63.3,49.9
CAD_JPY,1.5,2.0,30,22239,15100,7139,-300.06,-331.71,-35400.1,-19567.2,-54967.2,37.0,78.5,49.8
CAD_JPY,1.5,3.0,1,177349,119334,58015,-2412.66,-2590.02,-284640.1,-152782.4,-437422.5,7.4,5.3,49.4
CAD_JPY,1.5,3.0,2,108005,72443,35562,-1467.98,-1580.69,-173189.4,-93243.1,-266432.5,15.0,13.4,49.6
CAD_JPY,1.5,3.0,5,54603,36538,18065,-729.9,-801.62,-86112.6,-47286.9,-133399.5,30.3,31.8,49.7
CAD_JPY,1.5,3.0,10,33637,22503,11134,-440.48,-480.4,-51967.3,-28338.4,-80305.7,44.3,47.9,50.1
CAD_JPY,1.5,3.0,30,16635,11132,5503,-214.59,-238.32,-25317.3,-14058.4,-39375.7,62.4,68.6,49.8
CAD_JPY,1.5,5.0,1,175141,117860,57281,-2376.29,-2539.41,-280349.6,-149797.4,-430147.0,6.8,1.0,49.4
CAD_JPY,1.5,5.0,2,103739,69535,34204,-1411.89,-1517.62,-166572.5,-89522.7,-256095.2,12.4,3.1,49.4
CAD_JPY,1.5,5.0,5,48519,32479,16040,-651.95,-720.14,-76915.5,-42480.2,-119395.7,22.5,12.3,49.9
CAD_JPY,1.5,5.0,10,27571,18446,9125,-353.92,-401.14,-41754.9,-23662.6,-65417.5,32.5,26.0,49.7
CAD_JPY,1.5,5.0,30,12059,8100,3959,-154.28,-177.87,-18201.2,-10492.6,-28707.2,50.6,50.6,49.9
CAD_JPY,2.0,1.0,1,165223,112091,53132,-2306.1,-2427.44,-272069.2,-143192.3,-415261.5,1.3,43.3,49.6
CAD_JPY,2.0,1.0,2,123522,83622,39900,-1713.56,-1819.93,-202162.0,-107355.9,-309517.9,1.5,57.6,49.8
CAD_JPY,2.0,1.0,5,81823,55345,26478,-1123.2,-1216.76,-132513.0,-71775.6,-204288.6,1.6,72.4,49.9
CAD_JPY,2.0,1.0,10,59904,40530,19374,-816.5,-885.53,-96328.7,-52236.5,-148565.2,1.9,80.7,50.1
CAD_JPY,2.0,1.0,30,36019,24413,11606,-502.82,-537.98,-59321.9,-31735.1,-91057.0,2.4,89.0,49.7
CAD_JPY,2.0,2.0,1,146498,99445,47053,-2033.92,-2124.34,-239958.1,-125312.8,-365271.0,8.0,16.6,49.6
CAD_JPY,2.0,2.0,2,100132,67893,32239,-1382.67,-1449.79,-163124.5,-85521.6,-248646.2,14.6,30.1,49.8
CAD_JPY,2.0,2.0,5,58792,39692,19100,-799.72,-851.04,-94349.1,-50201.8,-144550.9,23.8,50.2,49.8
CAD_JPY,2.0,2.0,10,39636,26679,12957,-527.64,-570.8,-62249.9,-33670.7,-95920.7,30.1,63.8,49.6
CAD_JPY,2.0,2.0,30,21867,14826,7041,-284.69,-314.77,-33587.2,-18568.0,-52155.3,37.5,79.1,50.1
CAD_JPY,2.0,3.0,1,141696,96245,45451,-1963.08,-2047.28,-231600.4,-120767.1,-352367.5,8.1,6.0,49.5
CAD_JPY,2.0,3.0,2,92672,62763,29909,-1284.06,-1340.5,-151491.0,-79074.9,-230565.9,15.9,14.1,49.7
CAD_JPY,2.0,3.0,5,50299,33919,16380,-681.37,-720.37,-80387.0,-42494.0,-122881.0,31.6,32.6,50.0
CAD_JPY,2.0,3.0,10,31886,21549,10337,-424.18,-467.05,-50044.2,-27550.6,-77594.8,43.3,47.9,50.0
CAD_JPY,2.0,3.0,30,16206,11000,5206,-210.37,-240.45,-24819.0,-14183.8,-39004.0,61.1,68.7,49.4
CAD_JPY,2.0,5.0,1,139790,94945,44845,-1936.63,-2012.82,-228479.1,-118734.1,-347213.2,7.3,1.2,49.5
CAD_JPY,2.0,5.0,2,89023,60284,28739,-1227.99,-1279.28,-144875.7,-75463.4,-220339.1,13.3,3.5,49.5
CAD_JPY,2.0,5.0,5,44835,30226,14609,-605.09,-652.08,-71387.0,-38465.5,-109852.5,23.2,13.0,49.9
CAD_JPY,2.0,5.0,10,26209,17613,8596,-344.11,-393.5,-40597.7,-23212.0,-63809.7,32.4,26.1,50.4
CAD_JPY,2.0,5.0,30,11859,8019,3840,-153.41,-180.89,-18099.3,-10670.5,-28780.4,49.5,50.3,49.2
CAD_JPY,3.0,1.0,1,85243,58573,26670,-1265.77,-1334.55,-149332.4,-78723.7,-228056.1,1.8,48.5,50.6
CAD_JPY,3.0,1.0,2,70968,48761,22207,-1047.18,-1107.59,-123543.8,-65335.4,-188879.2,1.9,61.4,50.6
CAD_JPY,3.0,1.0,5,53857,36975,16882,-781.66,-843.49,-92218.4,-49756.4,-141974.8,2.2,74.6,50.7
CAD_JPY,3.0,1.0,10,42997,29421,13576,-626.57,-678.66,-73921.9,-40033.4,-113955.3,2.3,82.0,50.7
CAD_JPY,3.0,1.0,30,28901,19866,9035,-424.24,-461.15,-50051.0,-27203.0,-77253.9,2.7,89.5,50.6
CAD_JPY,3.0,2.0,1,77413,53313,24100,-1131.87,-1177.53,-133535.1,-69461.0,-202996.2,10.0,21.1,50.5
CAD_JPY,3.0,2.0,2,60488,41607,18881,-873.54,-915.15,-103058.9,-53983.5,-157042.5,16.0,34.7,50.6
CAD_JPY,3.0,2.0,5,41732,28708,13024,-586.09,-612.02,-69146.3,-36102.6,-105248.9,25.3,53.8,50.6
CAD_JPY,3.0,2.0,10,30890,21209,9681,-429.29,-448.41,-50647.0,-26451.3,-77098.3,30.3,66.0,50.8
CAD_JPY,3.0,2.0,30,18935,13006,5929,-257.91,-282.23,-30428.0,-16648.5,-47076.5,36.9,80.0,50.5
CAD_JPY,3.0,3.0,1,74904,51637,23267,-1091.06,-1135.27,-128721.5,-66968.3,-195689.7,10.5,8.4,50.5
CAD_JPY,3.0,3.0,2,56489,38926,17563,-812.14,-846.03,-95815.2,-49906.3,-145721.5,18.8,17.6,50.5
CAD_JPY,3.0,3.0,5,36453,25113,11340,-505.17,-534.64,-59598.5,-31537.9,-91136.4,34.3,36.4,50.6
CAD_JPY,3.0,3.0,10,25564,17575,7989,-343.6,-374.63,-40537.0,-22099.2,-62636.2,46.1,51.2,50.3
CAD_JPY,3.0,3.0,30,14464,9912,4552,-193.41,-213.8,-22818.2,-12611.7,-35432.8,63.1,70.1,50.5
CAD_JPY,3.0,5.0,1,73694,50829,22865,-1071.95,-1111.4,-126466.6,-65560.3,-192026.9,9.3,1.9,50.5
CAD_JPY,3.0,5.0,2,54108,37270,16838,-777.29,-803.41,-91702.9,-47392.6,-139095.6,15.6,4.9,50.5
CAD_JPY,3.0,5.0,5,32599,22416,10183,-451.38,-488.43,-53252.5,-28812.0,-82064.5,25.4,15.3,50.6
CAD_JPY,3.0,5.0,10,21351,14672,6679,-283.21,-315.21,-33412.4,-18594.0,-52006.3,34.0,28.8,50.0
CAD_JPY,3.0,5.0,30,10695,7357,3338,-141.88,-161.16,-16738.6,-9506.5,-26250.3,50.7,51.6,50.1
NZD_JPY,0.3,1.0,1,287378,188666,98712,-4508.91,-5002.63,-554298.3,-307496.9,-861795.2,0.3,37.1,49.6
NZD_JPY,0.3,1.0,2,180995,118519,62476,-2829.69,-3190.84,-347865.6,-196131.4,-543997.0,0.4,52.6,49.7
NZD_JPY,0.3,1.0,5,102433,66710,35723,-1595.25,-1808.28,-196110.4,-111149.4,-307259.8,0.7,69.1,49.4
NZD_JPY,0.3,1.0,10,68785,44931,23854,-1070.52,-1219.51,-131603.3,-74960.0,-206563.3,0.8,78.2,49.9
NZD_JPY,0.3,1.0,30,39009,25343,13666,-601.03,-707.54,-73887.0,-43490.6,-117377.6,1.0,88.2,49.8
NZD_JPY,0.3,2.0,1,248116,163917,84199,-3907.67,-4252.33,-480385.5,-261378.0,-741763.5,1.7,12.2,49.6
NZD_JPY,0.3,2.0,2,141058,92810,48248,-2217.41,-2443.59,-272594.7,-150200.3,-422795.0,3.2,25.3,49.5
NZD_JPY,0.3,2.0,5,70763,46360,24403,-1104.7,-1245.35,-135805.5,-76547.9,-212353.4,4.9,46.5,49.6
NZD_JPY,0.3,2.0,10,44149,28746,15403,-681.4,-783.32,-83767.9,-48148.2,-131916.1,6.5,60.8,49.9
NZD_JPY,0.3,2.0,30,22802,14774,8028,-351.2,-417.84,-43175.0,-25683.4,-68858.4,8.5,77.3,49.4
NZD_JPY,0.3,3.0,1,240585,159327,81258,-3786.7,-4085.24,-465514.9,-251107.5,-716622.5,4.8,4.0,49.7
NZD_JPY,0.3,3.0,2,130570,86311,44259,-2057.48,-2239.22,-252934.8,-137638.5,-390573.2,12.1,11.2,49.6
NZD_JPY,0.3,3.0,5,60349,39696,20653,-942.17,-1041.69,-115825.0,-64029.6,-179854.6,28.7,29.3,49.5
NZD_JPY,0.3,3.0,10,35485,23142,12343,-553.43,-620.06,-68035.5,-38113.0,-106148.7,42.8,45.0,49.9
NZD_JPY,0.3,3.0,30,17076,11064,6012,-256.69,-308.99,-31555.6,-18992.6,-50548.5,61.1,67.1,49.5
NZD_JPY,0.3,5.0,1,238152,157957,80195,-3745.21,-4007.68,-460413.5,-246340.6,-706754.1,3.9,0.7,49.7
NZD_JPY,0.3,5.0,2,126130,83671,42459,-1983.15,-2142.63,-243796.4,-131701.2,-375497.6,8.7,2.5,49.5
NZD_JPY,0.3,5.0,5,53967,35695,18272,-847.11,-926.0,-104138.5,-56918.7,-161057.2,19.4,10.7,49.7
NZD_JPY,0.3,5.0,10,29334,19306,10028,-456.18,-515.15,-56080.0,-31664.5,-87744.5,29.6,23.2,49.6
NZD_JPY,0.3,5.0,30,12434,8154,4280,-189.93,-237.28,-23348.9,-14585.2,-37938.5,48.0,48.0,49.4
NZD_JPY,0.5,1.0,1,280628,184023,96605,-4388.87,-4893.82,-539541.2,-300809.0,-840350.3,0.3,37.5,49.5
NZD_JPY,0.5,1.0,2,178770,116766,62004,-2789.82,-3146.32,-342964.0,-193395.2,-536359.2,0.5,52.9,49.4
NZD_JPY,0.5,1.0,5,101909,66381,35528,-1585.83,-1808.39,-194952.8,-111156.3,-306109.1,0.6,69.4,49.4
NZD_JPY,0.5,1.0,10,68863,45030,23833,-1066.57,-1214.36,-131118.0,-74643.1,-205761.1,0.8,78.6,49.8
NZD_JPY,0.5,1.0,30,38701,25313,13388,-599.31,-716.17,-73675.4,-44021.1,-117696.4,0.9,88.2,49.9
NZD_JPY,0.5,2.0,1,242445,159852,82593,-3797.03,-4159.14,-466783.8,-255650.5,-722434.3,1.8,12.5,49.5
NZD_JPY,0.5,2.0,2,139352,91597,47755,-2186.49,-2416.79,-268794.4,-148553.0,-417347.5,3.1,25.6,49.4
NZD_JPY,0.5,2.0,5,70337,45975,24362,-1092.84,-1235.69,-134346.8,-75954.1,-210300.8,5.2,46.6,49.4
NZD_JPY,0.5,2.0,10,44153,28851,15302,-679.99,-767.95,-83593.9,-47203.6,-130797.5,6.3,61.0,49.8
NZD_JPY,0.5,2.0,30,22512,14644,7868,-347.83,-413.53,-42760.6,-25418.2,-68178.8,8.7,77.1,49.1
NZD_JPY,0.5,3.0,1,235016,155384,79632,-3678.85,-4012.0,-452256.1,-246606.0,-698862.1,4.6,4.1,49.5
NZD_JPY,0.5,3.0,2,128942,85149,43793,-2023.99,-2213.48,-248817.7,-136056.2,-384873.8,12.0,11.3,49.7
NZD_JPY,0.5,3.0,5,59964,39385,20579,-940.92,-1043.34,-115670.9,-64130.9,-179801.9,28.7,29.1,49.3
NZD_JPY,0.5,3.0,10,35501,23232,12269,-543.24,-622.24,-66783.0,-38247.1,-105030.4,42.8,45.4,50.1
NZD_JPY,0.5,3.0,30,16955,10963,5992,-260.42,-308.0,-32014.4,-18931.7,-50946.3,61.2,66.7,50.1
NZD_JPY,0.5,5.0,1,232647,154036,78611,-3639.12,-3929.82,-447372.1,-241554.3,-688926.3,3.9,0.7,49.5
NZD_JPY,0.5,5.0,2,124559,82519,42040,-1953.14,-2107.62,-240106.9,-129549.5,-369656.3,8.8,2.5,49.6
NZD_JPY,0.5,5.0,5,53685,35466,18219,-840.07,-913.01,-103273.1,-56120.0,-159393.1,20.1,10.7,49.6
NZD_JPY,0.5,5.0,10,29358,19299,10059,-452.26,-506.74,-55597.8,-31147.6,-86745.5,30.5,23.6,49.2
NZD_JPY,0.5,5.0,30,12517,8200,4317,-182.4,-225.41,-22423.2,-13855.0,-36282.5,49.6,48.7,50.1
NZD_JPY,1.0,1.0,1,252972,164726,88246,-3927.42,-4453.08,-482813.8,-273717.9,-756531.7,0.3,38.6,49.5
NZD_JPY,1.0,1.0,2,167732,109191,58541,-2603.38,-2966.12,-320044.4,-182318.4,-502362.8,0.5,53.7,49.6
NZD_JPY,1.0,1.0,5,99006,64342,34664,-1527.25,-1763.22,-187751.4,-108379.8,-296131.2,0.6,70.0,49.5
NZD_JPY,1.0,1.0,10,67847,44240,23607,-1046.5,-1202.23,-128651.1,-73897.6,-202548.7,0.8,79.0,49.7
NZD_JPY,1.0,1.0,30,38474,25036,13438,-596.48,-712.84,-73327.9,-43816.5,-117144.3,1.1,88.2,49.8
NZD_JPY,1.0,2.0,1,219977,144190,75787,-3413.46,-3810.87,-419630.1,-234242.9,-653873.0,1.7,12.9,49.7
NZD_JPY,1.0,2.0,2,131750,86358,45392,-2057.34,-2297.85,-252917.1,-141242.4,-394159.5,3.2,26.0,49.4
NZD_JPY,1.0,2.0,5,68849,44993,23856,-1067.4,-1199.19,-131220.3,-73710.7,-204931.0,5.1,47.2,49.1
NZD_JPY,1.0,2.0,10,43679,28456,15223,-666.0,-758.9,-81873.8,-46647.1,-128520.9,6.7,61.6,49.7
NZD_JPY,1.0,2.0,30,22915,15029,7886,-346.07,-416.31,-42543.8,-25589.2,-68133.1,8.7,77.9,49.9
NZD_JPY,1.0,3.0,1,213368,140160,73208,-3308.05,-3656.49,-406671.9,-224753.5,-631425.5,5.1,4.3,49.5
NZD_JPY,1.0,3.0,2,122091,80372,41719,-1904.3,-2109.22,-234102.9,-129647.3,-363750.2,12.1,11.6,49.4
NZD_JPY,1.0,3.0,5,58731,38587,20144,-904.37,-1017.87,-111177.3,-62565.7,-173743.0,28.6,29.8,49.5
NZD_JPY,1.0,3.0,10,35175,22992,12183,-532.79,-611.64,-65498.4,-37595.5,-103094.1,42.9,45.7,49.6
NZD_JPY,1.0,3.0,30,16867,10895,5972,-253.13,-304.88,-31117.8,-18740.3,-49858.3,61.8,67.1,49.0
NZD_JPY,1.0,5.0,1,211158,138948,72210,-3273.83,-3602.91,-402465.3,-221460.6,-623925.9,4.0,0.8,49.5
NZD_JPY,1.0,5.0,2,117972,77860,40112,-1836.69,-2008.66,-225792.1,-123466.2,-349258.2,8.8,2.7,49.4
NZD_JPY,1.0,5.0,5,52482,34641,17841,-810.54,-894.52,-99642.7,-54983.5,-154626.2,19.6,11.0,49.3
NZD_JPY,1.0,5.0,10,28927,18994,9933,-445.27,-491.53,-54739.1,-30212.7,-84951.8,31.3,23.4,49.2
NZD_JPY,1.0,5.0,30,12489,8157,4332,-181.03,-224.07,-22254.2,-13773.2,-36029.9,50.0,49.0,49.5
NZD_JPY,1.5,1.0,1,210508,135847,74661,-3266.25,-3804.68,-401532.9,-233862.4,-635395.3,0.3,40.0,49.8
NZD_JPY,1.5,1.0,2,148199,95839,52360,-2296.93,-2666.89,-282371.1,-163925.6,-446296.7,0.5,54.8,49.9
NZD_JPY,1.5,1.0,5,92631,60085,32546,-1430.2,-1643.51,-175820.9,-101021.7,-276842.6,0.7,70.8,50.1
NZD_JPY,1.5,1.0,10,65110,42159,22951,-993.15,-1165.66,-122092.1,-71649.8,-193741.9,0.8,79.5,49.9
NZD_JPY,1.5,1.0,30,37960,24623,13337,-582.87,-702.78,-71655.1,-43197.9,-114853.0,1.1,88.5,49.8
NZD_JPY,1.5,2.0,1,185178,120165,65013,-2866.27,-3287.57,-352362.8,-202077.6,-554440.4,1.8,13.9,49.8
NZD_JPY,1.5,2.0,2,118462,77055,41407,-1837.74,-2095.22,-225921.0,-128787.1,-354708.1,3.3,27.1,49.7
NZD_JPY,1.5,2.0,5,65090,42373,22717,-998.88,-1147.12,-122796.5,-70510.2,-193306.6,5.3,47.8,49.6
NZD_JPY,1.5,2.0,10,42403,27595,14808,-639.45,-742.83,-78610.1,-45659.5,-124269.7,6.4,62.0,49.6
NZD_JPY,1.5,2.0,30,22416,14633,7783,-334.77,-408.76,-41154.4,-25125.3,-66279.7,8.4,77.9,49.4
NZD_JPY,1.5,3.0,1,179674,116900,62774,-2776.46,-3153.33,-341321.5,-193826.2,-535147.8,5.3,4.7,49.8
NZD_JPY,1.5,3.0,2,110015,71935,38080,-1706.32,-1927.85,-209764.4,-118499.6,-328264.0,12.9,12.3,49.8
NZD_JPY,1.5,3.0,5,55803,36508,19295,-853.28,-974.54,-104897.2,-59902.0,-164799.2,29.0,30.4,49.7
NZD_JPY,1.5,3.0,10,34194,22297,11897,-514.14,-591.32,-63205.7,-36346.6,-99552.3,43.9,46.6,50.2
NZD_JPY,1.5,3.0,30,16949,11001,5948,-254.9,-300.89,-31335.3,-18494.6,-49829.9,61.9,68.0,50.2
NZD_JPY,1.5,5.0,1,177755,115837,61918,-2740.62,-3093.68,-336916.1,-190159.4,-527075.4,4.3,0.9,49.8
NZD_JPY,1.5,5.0,2,106114,69616,36498,-1643.05,-1830.74,-201986.8,-112530.3,-314517.1,9.4,2.8,49.8
NZD_JPY,1.5,5.0,5,49919,32808,17111,-767.71,-860.61,-94377.8,-52898.9,-147276.7,20.4,11.2,49.6
NZD_JPY,1.5,5.0,10,28167,18523,9644,-422.51,-488.75,-51941.3,-30041.9,-81983.2,30.6,23.8,49.4
NZD_JPY,1.5,5.0,30,12379,8051,4328,-180.29,-218.77,-22163.5,-13447.1,-35613.1,50.1,49.1,49.4
NZD_JPY,2.0,1.0,1,160605,102253,58352,-2510.8,-3037.98,-308663.0,-186736.0,-495399.1,0.4,42.4,50.0
NZD_JPY,2.0,1.0,2,120839,77177,43662,-1885.54,-2268.45,-231796.7,-139434.8,-371231.5,0.5,56.6,50.0
NZD_JPY,2.0,1.0,5,80800,51831,28969,-1258.79,-1496.67,-154747.9,-91995.9,-246743.7,0.6,71.7,50.0
NZD_JPY,2.0,1.0,10,59218,38287,20931,-922.19,-1087.24,-113368.2,-66829.2,-180197.4,0.8,80.0,49.8
NZD_JPY,2.0,1.0,30,36287,23413,12874,-564.02,-696.71,-69337.8,-42824.8,-112162.6,1.1,89.0,49.8
NZD_JPY,2.0,2.0,1,143048,91703,51345,-2226.21,-2653.03,-273676.9,-163073.8,-436750.7,2.1,15.4,49.9
NZD_JPY,2.0,2.0,2,98889,63611,35278,-1538.05,-1816.97,-189079.1,-111683.7,-300762.8,3.4,28.6,49.8
NZD_JPY,2.0,2.0,5,58652,37823,20829,-902.66,-1056.65,-110967.3,-64949.4,-175916.7,5.4,49.0,49.9
NZD_JPY,2.0,2.0,10,39551,25603,13948,-598.86,-700.1,-73620.5,-43033.0,-116653.5,6.7,62.6,50.0
NZD_JPY,2.0,2.0,30,21906,14258,7648,-331.89,-395.57,-40800.4,-24314.6,-65115.0,8.5,78.5,49.4
NZD_JPY,2.0,3.0,1,138799,89208,49591,-2158.77,-2547.75,-265386.3,-156603.0,-421989.3,5.9,5.5,49.8
NZD_JPY,2.0,3.0,2,92099,59558,32541,-1427.25,-1656.38,-175457.9,-101812.7,-277270.6,13.9,13.5,49.8
NZD_JPY,2.0,3.0,5,50560,32788,17772,-777.27,-901.4,-95553.2,-55406.6,-150959.8,30.1,31.4,49.9
NZD_JPY,2.0,3.0,10,32195,20949,11246,-481.59,-562.73,-59204.2,-34589.5,-93794.3,43.4,47.2,50.4
NZD_JPY,2.0,3.0,30,16519,10693,5826,-244.47,-305.56,-30053.6,-18781.9,-48836.0,61.1,68.1,49.5
NZD_JPY,2.0,5.0,1,137082,88260,48822,-2127.04,-2492.59,-261485.9,-153212.1,-414698.0,4.8,1.0,49.8
NZD_JPY,2.0,5.0,2,88754,57608,31146,-1380.5,-1578.43,-169710.2,-97021.2,-266731.4,10.1,3.1,49.9
NZD_JPY,2.0,5.0,5,45359,29610,15749,-696.59,-797.93,-85634.5,-49046.4,-134680.9,20.9,11.9,49.8
NZD_JPY,2.0,5.0,10,26635,17376,9259,-403.93,-461.41,-49657.2,-28361.2,-78018.4,31.5,24.3,50.2
NZD_JPY,2.0,5.0,30,12150,7950,4200,-181.85,-218.68,-22355.9,-13441.7,-35800.1,49.7,49.4,49.3
NZD_JPY,3.0,1.0,1,78022,48323,29699,-1282.59,-1700.42,-157674.4,-104519.6,-262194.0,0.6,47.6,50.6
NZD_JPY,3.0,1.0,2,65554,40803,24751,-1070.5,-1395.68,-131601.0,-85788.2,-217389.2,0.7,60.9,50.7
NZD_JPY,3.0,1.0,5,50442,31723,18719,-825.94,-1042.46,-101536.5,-64077.1,-165613.6,0.8,74.4,50.8
NZD_JPY,3.0,1.0,10,40751,25712,15039,-661.18,-835.05,-81281.4,-51327.8,-132609.2,1.0,81.8,50.9
NZD_JPY,3.0,1.0,30,28084,17881,10203,-460.2,-590.52,-56574.2,-36297.7,-92871.9,1.1,89.7,51.1
NZD_JPY,3.0,2.0,1,71187,44386,26801,-1154.59,-1510.39,-141938.9,-92839.5,-234778.5,3.0,20.2,50.6
NZD_JPY,3.0,2.0,2,56225,35268,20957,-899.86,-1156.77,-110623.8,-71103.4,-181727.2,4.4,33.7,50.5
NZD_JPY,3.0,2.0,5,39361,24964,14397,-628.33,-774.82,-77243.5,-47626.1,-124869.6,6.0,52.6,50.5
NZD_JPY,3.0,2.0,10,29576,18784,10792,-457.4,-571.29,-56229.5,-35115.5,-91345.0,7.2,65.5,50.7
NZD_JPY,3.0,2.0,30,18493,11870,6623,-287.38,-360.54,-35328.6,-22161.3,-57489.9,8.5,79.6,50.8
NZD_JPY,3.0,3.0,1,68978,43144,25834,-1115.27,-1439.38,-137104.3,-88474.7,-225579.0,8.0,8.2,50.5
NZD_JPY,3.0,3.0,2,52743,33227,19516,-840.8,-1059.34,-103362.9,-65114.5,-168477.3,16.9,17.5,50.6
NZD_JPY,3.0,3.0,5,34688,22090,12598,-549.51,-666.39,-67554.0,-40961.1,-108515.1,32.2,35.2,50.7
NZD_JPY,3.0,3.0,10,24692,15796,8896,-380.95,-470.08,-46832.2,-28894.4,-75726.6,44.8,50.0,50.4
NZD_JPY,3.0,3.0,30,14191,9156,5035,-218.63,-277.75,-26876.7,-17072.3,-43949.0,60.2,68.8,50.4
NZD_JPY,3.0,5.0,1,67838,42531,25307,-1091.66,-1399.21,-134202.1,-86005.6,-220207.8,6.5,1.8,50.6
NZD_JPY,3.0,5.0,2,50639,32047,18592,-801.46,-1007.61,-98527.1,-61934.9,-160462.0,11.9,4.7,50.6
NZD_JPY,3.0,5.0,5,31299,20050,11249,-489.95,-593.28,-60232.1,-36467.0,-96699.1,22.8,14.5,50.7
NZD_JPY,3.0,5.0,10,20797,13401,7396,-318.77,-388.87,-39187.2,-23902.9,-63090.1,31.8,26.8,50.5
NZD_JPY,3.0,5.0,30,10672,6891,3781,-159.18,-212.86,-19569.2,-13083.9,-32667.5,49.4,50.6,50.4
CHF_JPY,0.3,1.0,1,360956,240350,120606,-8651.69,-9332.17,-1156439.4,-623699.2,-1780138.6,0.3,51.4,49.5
CHF_JPY,0.3,1.0,2,238831,159061,79770,-5783.78,-6263.96,-773096.0,-418640.4,-1191736.4,0.4,64.6,49.3
CHF_JPY,0.3,1.0,5,142861,95197,47664,-3511.72,-3845.91,-469399.0,-257034.5,-726433.5,0.4,77.8,49.6
CHF_JPY,0.3,1.0,10,99161,65706,33455,-2458.72,-2747.43,-328647.6,-183619.6,-512267.2,0.5,84.6,49.5
CHF_JPY,0.3,1.0,30,56275,37583,18692,-1470.62,-1645.56,-196573.0,-109977.9,-306550.9,0.6,91.4,49.8
CHF_JPY,0.3,2.0,1,295055,196271,98784,-7012.47,-7577.28,-937331.6,-506413.9,-1443745.4,0.6,27.4,49.3
CHF_JPY,0.3,2.0,2,178623,118891,59732,-4291.33,-4615.74,-573605.9,-308484.5,-882090.4,0.9,43.2,49.3
CHF_JPY,0.3,2.0,5,97470,65143,32327,-2370.86,-2581.13,-316904.0,-172505.5,-489409.5,1.2,62.2,49.4
CHF_JPY,0.3,2.0,10,64152,42742,21410,-1575.69,-1707.4,-210617.1,-114111.2,-324728.3,1.5,73.3,49.7
CHF_JPY,0.3,2.0,30,34924,23247,11677,-882.43,-995.09,-117951.3,-66504.8,-184456.1,1.9,84.9,50.1
CHF_JPY,0.3,3.0,1,273523,181844,91679,-6442.11,-6959.08,-861092.8,-465097.6,-1326190.4,1.7,13.5,49.2
CHF_JPY,0.3,3.0,2,155912,103668,52244,-3692.4,-4009.78,-493549.7,-267986.3,-761536.0,3.1,26.7,49.4
CHF_JPY,0.3,3.0,5,78507,52329,26178,-1882.21,-2024.95,-251587.8,-135334.2,-386922.0,5.4,47.5,49.4
CHF_JPY,0.3,3.0,10,49382,32994,16388,-1189.05,-1293.69,-158936.0,-86461.6,-245397.6,6.9,61.8,49.6
CHF_JPY,0.3,3.0,30,25611,17031,8580,-624.64,-707.06,-83493.5,-47255.1,-130748.5,8.5,78.0,49.8
CHF_JPY,0.3,5.0,1,262993,174960,88033,-6156.78,-6577.9,-822953.8,-439622.0,-1262575.8,4.2,3.8,49.3
CHF_JPY,0.3,5.0,2,142201,94521,47680,-3338.09,-3598.34,-446190.5,-240488.8,-686679.4,10.0,10.3,49.4
CHF_JPY,0.3,5.0,5,64784,43077,21707,-1548.27,-1664.17,-206951.0,-111221.5,-318172.5,23.8,26.5,49.4
CHF_JPY,0.3,5.0,10,37973,25278,12695,-892.87,-977.79,-119347.1,-65348.9,-184696.1,37.6,42.9,49.1
CHF_JPY,0.3,5.0,30,18025,12105,5920,-426.87,-478.51,-57057.7,-31980.2,-89037.9,56.3,65.1,49.4
CHF_JPY,0.5,1.0,1,354826,236194,118632,-8511.45,-9193.73,-1137693.5,-614446.5,-1752140.0,0.3,51.8,49.5
CHF_JPY,0.5,1.0,2,236443,157399,79044,-5723.51,-6231.31,-765040.5,-416458.6,-1181499.1,0.4,64.9,49.4
CHF_JPY,0.5,1.0,5,142476,95024,47452,-3509.24,-3845.47,-469067.7,-257005.0,-726072.7,0.4,78.0,49.5
CHF_JPY,0.5,1.0,10,98849,65746,33103,-2469.08,-2708.96,-330032.9,-181048.4,-511081.3,0.5,84.7,49.6
CHF_JPY,0.5,1.0,30,57118,37843,19275,-1484.74,-1711.15,-198460.3,-114361.6,-312821.9,0.5,91.5,49.6
CHF_JPY,0.5,2.0,1,290211,193139,97072,-6900.41,-7428.3,-922352.7,-496457.0,-1418809.7,0.6,27.6,49.4
CHF_JPY,0.5,2.0,2,177140,118030,59110,-4254.21,-4593.15,-568644.5,-306975.0,-875619.5,0.9,43.3,49.3
CHF_JPY,0.5,2.0,5,97258,64995,32263,-2366.98,-2552.55,-316385.2,-170595.0,-486980.2,1.2,62.4,49.6
CHF_JPY,0.5,2.0,10,64071,42733,21338,-1581.18,-1698.17,-211351.1,-113494.0,-324845.1,1.5,73.3,49.8
CHF_JPY,0.5,2.0,30,35061,23421,11640,-877.92,-960.23,-117348.2,-64175.6,-181523.8,2.0,85.1,49.7
CHF_JPY,0.5,3.0,1,269048,179029,90019,-6340.46,-6823.47,-847505.5,-456034.4,-1303539.9,1.8,13.7,49.2
CHF_JPY,0.5,3.0,2,154550,102838,51712,-3664.75,-3972.43,-489853.7,-265490.5,-755344.2,3.1,26.8,49.4
CHF_JPY,0.5,3.0,5,78533,52395,26138,-1876.69,-2027.3,-250849.7,-135491.1,-386340.8,5.4,47.9,49.5
CHF_JPY,0.5,3.0,10,49242,32898,16344,-1194.66,-1282.74,-159685.3,-85729.9,-245415.2,6.6,61.7,49.8
CHF_JPY,0.5,3.0,30,25888,17296,8592,-627.03,-707.62,-83812.3,-47292.4,-131104.7,8.6,78.3,50.0
CHF_JPY,0.5,5.0,1,258657,172210,86447,-6054.95,-6454.06,-809342.6,-431345.5,-1240688.1,4.2,3.8,49.2
CHF_JPY,0.5,5.0,2,140917,93717,47200,-3311.77,-3563.11,-442672.7,-238133.9,-680806.6,10.2,10.3,49.4
CHF_JPY,0.5,5.0,5,64480,42894,21586,-1529.56,-1647.42,-204450.9,-110102.3,-314553.2,23.9,26.4,49.4
CHF_JPY,0.5,5.0,10,37735,25156,12579,-893.62,-970.22,-119446.4,-64842.6,-184289.0,37.4,42.5,49.4
CHF_JPY,0.5,5.0,30,17994,11954,6040,-425.28,-476.26,-56845.8,-31830.1,-88675.9,57.1,65.2,49.4
CHF_JPY,1.0,1.0,1,335177,223351,111826,-8075.92,-8734.33,-1079477.9,-583743.6,-1663221.5,0.3,52.4,49.4
CHF_JPY,1.0,1.0,2,228573,151860,76713,-5547.43,-6097.27,-741504.0,-407500.3,-1149004.3,0.4,65.4,49.3
CHF_JPY,1.0,1.0,5,140019,93137,46882,-3435.29,-3820.75,-459182.9,-255352.8,-714535.8,0.4,78.2,49.4
CHF_JPY,1.0,1.0,10,97688,64973,32715,-2438.24,-2707.47,-325910.5,-180949.2,-506859.7,0.4,84.7,49.5
CHF_JPY,1.0,1.0,30,57183,37846,19337,-1466.75,-1730.9,-196054.8,-115681.8,-311736.6,0.5,91.7,49.7
CHF_JPY,1.0,2.0,1,275589,183671,91918,-6584.11,-7077.76,-880073.6,-473029.6,-1353103.1,0.7,28.1,49.3
CHF_JPY,1.0,2.0,2,172013,114545,57468,-4134.39,-4464.67,-552629.1,-298388.2,-851017.3,0.9,43.9,49.5
CHF_JPY,1.0,2.0,5,95815,63874,31941,-2326.45,-2526.67,-310968.0,-168865.5,-479833.5,1.3,62.6,49.6
CHF_JPY,1.0,2.0,10,63734,42540,21194,-1560.13,-1699.98,-208536.6,-113615.1,-322151.6,1.6,73.5,49.5
CHF_JPY,1.0,2.0,30,34889,23438,11451,-875.77,-951.1,-117060.4,-63565.4,-180625.8,1.7,85.1,49.3
CHF_JPY,1.0,3.0,1,255941,170509,85432,-6053.29,-6494.33,-809120.9,-434037.0,-1243157.8,1.8,13.9,49.2
CHF_JPY,1.0,3.0,2,150311,100139,50172,-3568.25,-3849.57,-476955.0,-257279.3,-734234.2,3.2,27.2,49.2
CHF_JPY,1.0,3.0,5,77408,51678,25730,-1851.02,-2009.22,-247419.5,-134282.6,-381702.1,5.2,47.8,49.4
CHF_JPY,1.0,3.0,10,48955,32695,16260,-1178.23,-1254.95,-157489.5,-83872.6,-241362.1,6.9,61.9,49.8
CHF_JPY,1.0,3.0,30,25534,17066,8468,-615.07,-687.26,-82214.7,-45931.9,-128146.6,8.8,78.2,49.4
CHF_JPY,1.0,5.0,1,245987,163987,82000,-5772.78,-6134.01,-771626.2,-409955.6,-1181581.8,4.4,3.9,49.1
CHF_JPY,1.0,5.0,2,137010,91146,45864,-3221.11,-3459.94,-430553.9,-231239.1,-661793.0,10.4,10.5,49.5
CHF_JPY,1.0,5.0,5,63766,42440,21326,-1514.28,-1644.14,-202407.7,-109883.1,-312290.8,23.8,26.6,49.6
CHF_JPY,1.0,5.0,10,37592,25026,12566,-882.9,-962.97,-118013.7,-64358.1,-182371.8,38.0,42.9,49.4
CHF_JPY,1.0,5.0,30,17991,12029,5962,-422.9,-470.42,-56528.0,-31439.4,-87967.4,56.8,65.7,49.8
CHF_JPY,1.5,1.0,1,310753,206924,103829,-7523.31,-8174.77,-1005613.3,-546346.4,-1551959.7,0.3,53.3,49.2
CHF_JPY,1.5,1.0,2,217781,144714,73067,-5323.47,-5846.99,-711568.6,-390773.1,-1102341.7,0.4,66.0,49.3
CHF_JPY,1.5,1.0,5,136470,90700,45770,-3376.96,-3759.89,-451385.8,-251285.7,-702671.6,0.4,78.6,49.4
CHF_JPY,1.5,1.0,10,97336,64565,32771,-2440.88,-2782.2,-326263.4,-185943.5,-512206.9,0.4,85.2,49.3
CHF_JPY,1.5,1.0,30,57291,37770,19521,-1470.6,-1753.32,-196569.6,-117180.1,-313749.6,0.5,91.7,49.7
CHF_JPY,1.5,2.0,1,257467,171556,85911,-6173.93,-6651.18,-825246.9,-444520.0,-1269766.9,0.7,28.9,49.3
CHF_JPY,1.5,2.0,2,165177,110136,55041,-3993.75,-4319.39,-533829.6,-288678.6,-822508.2,0.9,44.3,49.6
CHF_JPY,1.5,2.0,5,93852,62569,31283,-2300.15,-2495.95,-307453.0,-166812.6,-474265.6,1.2,62.8,49.7
CHF_JPY,1.5,2.0,10,62981,41850,21131,-1535.26,-1681.41,-205213.0,-112374.2,-317587.2,1.5,73.8,49.7
CHF_JPY,1.5,2.0,30,34884,23364,11520,-872.74,-970.77,-116656.3,-64879.8,-181536.2,1.7,85.1,50.2
CHF_JPY,1.5,3.0,1,239097,159396,79701,-5696.75,-6092.51,-761463.4,-407182.1,-1168645.4,1.9,14.4,49.2
CHF_JPY,1.5,3.0,2,144516,96223,48293,-3447.61,-3713.95,-460829.5,-248215.2,-709044.7,3.3,27.5,49.3
CHF_JPY,1.5,3.0,5,75853,50626,25227,-1826.34,-1977.71,-244120.0,-132176.5,-376296.5,5.2,48.0,49.8
CHF_JPY,1.5,3.0,10,48524,32410,16114,-1175.58,-1272.51,-157135.3,-85045.8,-242181.1,6.6,62.1,49.4
CHF_JPY,1.5,3.0,30,25495,17038,8457,-624.37,-694.19,-83457.5,-46394.7,-129852.2,8.5,78.3,49.6
CHF_JPY,1.5,5.0,1,229912,153420,76492,-5413.47,-5749.94,-723598.6,-384287.3,-1107885.9,4.5,4.1,49.2
CHF_JPY,1.5,5.0,2,131695,87686,44009,-3102.37,-3331.67,-414682.8,-222666.2,-637349.0,10.4,10.6,49.2
CHF_JPY,1.5,5.0,5,62796,41794,21002,-1483.17,-1607.4,-198250.3,-107427.7,-305678.0,24.1,27.1,49.5
CHF_JPY,1.5,5.0,10,37260,24809,12451,-875.36,-960.19,-117006.5,-64172.4,-181178.9,37.8,43.1,49.8
CHF_JPY,1.5,5.0,30,17891,11933,5958,-425.92,-481.89,-56931.4,-32206.2,-89137.6,56.2,65.4,50.7
CHF_JPY,2.0,1.0,1,277636,184754,92882,-6794.08,-7419.57,-908140.0,-495874.0,-1404014.0,0.3,54.5,49.5
CHF_JPY,2.0,1.0,2,201242,133587,67655,-4966.91,-5473.16,-663909.2,-365789.0,-1029698.3,0.4,66.8,49.3
CHF_JPY,2.0,1.0,5,130095,86278,43817,-3258.15,-3624.8,-435504.5,-242257.2,-677761.7,0.4,78.8,49.6
CHF_JPY,2.0,1.0,10,94329,62299,32030,-2394.49,-2702.14,-320062.6,-180592.6,-500655.2,0.5,85.4,49.5
CHF_JPY,2.0,1.0,30,56668,37473,19195,-1486.33,-1749.43,-198672.3,-116919.9,-315592.2,0.5,91.9,49.7
CHF_JPY,2.0,2.0,1,232806,155118,77688,-5639.61,-6101.07,-753825.7,-407754.4,-1161580.1,0.8,29.9,49.4
CHF_JPY,2.0,2.0,2,155100,103323,51777,-3760.76,-4084.03,-502686.7,-272948.8,-775635.4,1.0,45.2,49.4
CHF_JPY,2.0,2.0,5,90795,60576,30219,-2231.08,-2402.94,-298219.8,-160596.4,-458816.3,1.2,63.2,49.5
CHF_JPY,2.0,2.0,10,61616,41106,20510,-1512.52,-1633.76,-202173.4,-109189.8,-311363.2,1.5,74.0,49.6
CHF_JPY,2.0,2.0,30,34754,23075,11679,-871.8,-990.68,-116530.4,-66210.0,-182740.4,1.7,85.5,49.7
CHF_JPY,2.0,3.0,1,216603,144447,72156,-5198.08,-5578.39,-694807.9,-372821.9,-1067629.7,2.0,15.2,49.4
CHF_JPY,2.0,3.0,2,136232,90718,45514,-3263.6,-3528.39,-436233.6,-235814.0,-672047.6,3.4,28.3,49.3
CHF_JPY,2.0,3.0,5,73883,49272,24611,-1769.22,-1922.46,-236484.9,-128484.2,-364969.1,5.1,48.7,49.6
CHF_JPY,2.0,3.0,10,47806,31909,15897,-1147.87,-1271.36,-153432.0,-84969.1,-238401.0,6.9,62.5,49.6
CHF_JPY,2.0,3.0,30,25586,17115,8471,-639.38,-708.01,-85463.2,-47318.3,-132781.5,7.6,78.6,49.7
CHF_JPY,2.0,5.0,1,208050,138845,69205,-4936.04,-5244.89,-659782.1,-350532.6,-1010314.7,4.8,4.4,49.4
CHF_JPY,2.0,5.0,2,124054,82645,41409,-2948.1,-3150.83,-394061.1,-210580.0,-604641.0,10.9,11.0,49.5
CHF_JPY,2.0,5.0,5,61160,40723,20437,-1435.32,-1552.58,-191853.3,-103763.9,-295617.2,25.0,27.8,49.3
CHF_JPY,2.0,5.0,10,36801,24537,12264,-863.05,-936.66,-115360.5,-62600.3,-177960.8,38.2,43.4,49.5
CHF_JPY,2.0,5.0,30,17988,12078,5910,-416.81,-473.17,-55713.2,-31623.7,-87337.0,56.7,66.0,49.7
CHF_JPY,3.0,1.0,1,204397,136140,68257,-5202.23,-5742.52,-695363.0,-383791.3,-1079154.4,0.4,57.0,49.8
CHF_JPY,3.0,1.0,2,159509,106158,53351,-4069.33,-4560.16,-543931.8,-304770.4,-848702.2,0.4,68.6,49.6
CHF_JPY,3.0,1.0,5,111606,74249,37357,-2896.53,-3227.78,-387168.4,-215722.6,-602891.1,0.4,79.9,49.8
CHF_JPY,3.0,1.0,10,84603,56295,28308,-2223.72,-2497.06,-297237.1,-166886.3,-464123.4,0.5,86.1,49.8
CHF_JPY,3.0,1.0,30,53717,35691,18026,-1489.5,-1681.78,-199096.5,-112399.0,-311495.5,0.6,92.2,49.3
CHF_JPY,3.0,2.0,1,176526,117807,58719,-4417.09,-4800.12,-590416.2,-320807.5,-911223.7,0.8,32.8,49.7
CHF_JPY,3.0,2.0,2,127486,84894,42592,-3177.25,-3485.58,-424691.4,-232952.5,-657644.0,1.1,47.5,49.6
CHF_JPY,3.0,2.0,5,81116,53977,27139,-2029.76,-2219.01,-271310.4,-148303.8,-419614.2,1.4,64.9,49.6
CHF_JPY,3.0,2.0,10,57371,38233,19138,-1434.4,-1588.87,-191731.2,-106189.3,-297920.5,1.6,75.1,49.6
CHF_JPY,3.0,2.0,30,33680,22499,11181,-882.95,-1004.14,-118020.9,-67109.9,-185130.8,1.8,85.9,49.6
CHF_JPY,3.0,3.0,1,165179,110264,54915,-4067.74,-4390.79,-543720.5,-293450.8,-837171.2,2.3,17.4,49.6
CHF_JPY,3.0,3.0,2,113224,75492,37732,-2760.98,-3008.63,-369050.6,-201076.2,-570126.8,3.6,30.5,49.5
CHF_JPY,3.0,3.0,5,66672,44395,22277,-1632.93,-1780.61,-218267.5,-119004.0,-337271.5,5.5,50.1,49.8
CHF_JPY,3.0,3.0,10,44996,29968,15028,-1098.45,-1211.49,-146825.4,-80967.8,-227793.2,6.5,63.8,49.9
CHF_JPY,3.0,3.0,30,24864,16557,8307,-621.47,-710.64,-83069.4,-47494.5,-130563.9,8.2,79.1,49.9
CHF_JPY,3.0,5.0,1,158369,105928,52441,-3858.14,-4112.82,-515703.4,-274873.2,-790576.5,5.5,5.3,49.6
CHF_JPY,3.0,5.0,2,103319,69006,34313,-2494.22,-2680.04,-333393.7,-179115.5,-512509.2,11.6,12.3,49.5
CHF_JPY,3.0,5.0,5,55613,37095,18518,-1321.01,-1426.74,-176573.9,-95353.7,-271927.6,25.8,29.1,49.7
CHF_JPY,3.0,5.0,10,34670,23162,11508,-821.52,-887.74,-109809.4,-59330.7,-169140.2,38.4,44.2,49.9
CHF_JPY,3.0,5.0,30,17522,11714,5808,-408.16,-467.19,-54556.8,-31223.9,-85780.7,57.3,66.7,49.6
EUR_USD,0.3,1.0,1,316721,209718,107003,-2346.15,-2447.74,-346183.2,-180586.6,-526769.9,4.1,29.1,49.8
EUR_USD,0.3,1.0,2,195460,129337,66123,-1442.62,-1510.19,-212864.0,-111416.9,-324280.9,5.8,44.4,49.7
EUR_USD,0.3,1.0,5,108103,71386,36717,-792.83,-826.72,-116984.6,-60993.1,-177977.7,8.2,62.9,50.0
EUR_USD,0.3,1.0,10,71034,46856,24178,-519.54,-542.46,-76659.7,-40020.9,-116680.7,9.5,73.5,49.7
EUR_USD,0.3,1.0,30,38189,25370,12819,-273.55,-290.15,-40363.3,-21406.5,-61769.8,10.7,84.8,49.7
EUR_USD,0.3,2.0,1,284939,188892,96047,-2117.29,-2191.87,-312414.3,-161709.4,-474123.6,11.3,8.9,49.8
EUR_USD,0.3,2.0,2,161212,106887,54325,-1187.28,-1240.36,-175187.8,-91509.9,-266697.8,21.3,19.4,49.5
EUR_USD,0.3,2.0,5,78717,52082,26635,-579.6,-594.02,-85521.6,-43825.0,-129346.5,40.3,38.8,49.8
EUR_USD,0.3,2.0,10,47911,31711,16200,-347.26,-352.53,-51239.5,-26008.3,-77247.8,54.2,54.0,49.0
EUR_USD,0.3,2.0,30,23779,15708,8071,-166.88,-179.94,-24624.0,-13275.0,-37902.8,71.4,72.7,49.5
EUR_USD,0.3,3.0,1,278699,184931,93768,-2063.4,-2142.5,-304462.9,-158067.3,-462530.2,9.1,3.1,49.8
EUR_USD,0.3,3.0,2,152437,101104,51333,-1120.95,-1168.24,-165399.7,-86188.8,-251588.5,16.6,8.4,49.6
EUR_USD,0.3,3.0,5,69178,45854,23324,-509.06,-531.92,-75114.1,-39243.7,-114358.0,29.8,22.8,49.6
EUR_USD,0.3,3.0,10,39919,26417,13502,-285.04,-292.95,-42059.0,-21612.8,-63671.7,43.4,38.3,49.8
EUR_USD,0.3,3.0,30,18559,12257,6302,-122.83,-128.01,-18123.7,-9444.4,-27568.1,63.0,62.0,49.6
EUR_USD,0.3,5.0,1,276537,183603,92934,-2046.9,-2118.57,-302028.1,-156301.3,-458329.4,8.7,0.6,49.8
EUR_USD,0.3,5.0,2,148510,98619,49891,-1096.47,-1144.94,-161787.5,-84469.8,-246257.3,14.9,1.9,49.6
EUR_USD,0.3,5.0,5,63684,42233,21451,-465.41,-480.79,-68673.1,-35471.2,-104144.3,25.6,8.1,49.7
EUR_USD,0.3,5.0,10,34152,22624,11528,-251.6,-250.09,-37125.2,-18450.8,-55576.9,34.6,18.0,49.4
EUR_USD,0.3,5.0,30,13894,9164,4730,-94.09,-101.02,-13883.0,-7453.2,-21379.4,49.7,41.3,50.6
EUR_USD,0.5,1.0,1,299598,197865,101733,-2213.28,-2321.88,-326577.5,-171301.0,-497878.5,4.2,29.5,49.8
EUR_USD,0.5,1.0,2,189291,125011,64280,-1395.34,-1461.2,-205887.9,-107802.7,-313690.6,5.9,44.7,49.8
EUR_USD,0.5,1.0,5,106045,69893,36152,-781.12,-817.58,-115257.2,-60318.7,-175576.0,8.4,62.8,49.8
EUR_USD,0.5,1.0,10,70007,46394,23613,-513.05,-534.21,-75702.1,-39412.7,-115114.8,9.4,73.3,49.7
EUR_USD,0.5,1.0,30,37734,24790,12944,-272.84,-284.8,-40259.0,-21011.9,-61270.9,10.8,84.7,49.6
EUR_USD,0.5,2.0,1,270066,178628,91438,-1995.07,-2083.32,-294379.6,-153700.7,-448080.3,11.4,9.2,49.9
EUR_USD,0.5,2.0,2,156378,103551,52827,-1153.78,-1201.68,-170245.1,-88656.3,-258901.4,21.6,19.5,49.7
EUR_USD,0.5,2.0,5,77561,51182,26379,-570.07,-588.54,-84116.6,-43420.5,-127537.1,40.3,38.8,49.8
EUR_USD,0.5,2.0,10,47585,31412,16173,-346.09,-350.93,-51066.7,-25890.3,-76956.9,54.6,54.0,49.7
EUR_USD,0.5,2.0,30,23748,15670,8078,-159.51,-172.77,-23536.0,-12746.4,-36284.6,71.9,72.8,49.8
EUR_USD,0.5,3.0,1,264220,174982,89238,-1950.33,-2036.92,-287778.2,-150277.9,-438056.1,9.2,3.2,49.8
EUR_USD,0.5,3.0,2,147916,97996,49920,-1091.96,-1142.55,-161122.2,-84294.0,-245416.3,16.5,8.4,49.8
EUR_USD,0.5,3.0,5,68335,45220,23115,-504.12,-519.3,-74384.9,-38312.2,-112698.1,30.4,23.0,50.2
EUR_USD,0.5,3.0,10,39543,26190,13353,-285.46,-293.02,-42121.0,-21617.9,-63738.9,43.0,38.2,49.7
EUR_USD,0.5,3.0,30,18421,12191,6230,-126.09,-128.1,-18604.7,-9451.0,-28063.8,63.0,61.7,49.7
EUR_USD,0.5,5.0,1,262087,173686,88401,-1941.19,-2019.01,-286429.1,-148956.0,-435385.1,8.7,0.6,49.8
EUR_USD,0.5,5.0,2,144192,95664,48528,-1061.0,-1114.09,-156555.1,-82193.8,-238748.9,15.1,2.0,49.7
EUR_USD,0.5,5.0,5,62919,41715,21204,-452.88,-465.55,-66823.6,-34346.5,-101170.2,25.9,8.3,49.9
EUR_USD,0.5,5.0,10,33880,22458,11422,-241.77,-259.8,-35674.6,-19167.6,-54846.5,34.2,18.0,49.4
EUR_USD,0.5,5.0,30,13972,9276,4696,-88.31,-100.41,-13030.3,-7408.0,-20451.1,49.5,42.0,50.0
EUR_USD,1.0,1.0,1,255563,168248,87315,-1880.42,-1971.47,-277463.3,-145448.9,-422912.2,4.7,31.0,50.0
EUR_USD,1.0,1.0,2,170852,112382,58470,-1257.85,-1316.66,-185600.7,-97139.3,-282740.0,6.4,45.7,50.0
EUR_USD,1.0,1.0,5,99958,65803,34155,-735.86,-770.13,-108578.7,-56817.7,-165396.4,8.3,63.3,50.0
EUR_USD,1.0,1.0,10,68174,45003,23171,-491.8,-512.89,-72567.4,-37839.5,-110406.9,9.6,74.1,49.8
EUR_USD,1.0,1.0,30,37210,24533,12677,-270.85,-280.47,-39964.7,-20692.1,-60656.8,11.1,84.8,50.2
EUR_USD,1.0,2.0,1,231607,152948,78659,-1707.23,-1786.18,-251908.6,-131778.8,-383687.4,12.4,10.0,49.8
EUR_USD,1.0,2.0,2,142301,94049,48252,-1046.68,-1094.84,-154440.9,-80773.7,-235214.6,22.4,20.2,50.2
EUR_USD,1.0,2.0,5,74067,48925,25142,-542.27,-567.24,-80013.8,-41849.0,-121862.8,40.6,39.4,49.9
EUR_USD,1.0,2.0,10,46357,30555,15802,-338.9,-355.47,-50006.7,-26225.1,-76231.8,54.5,54.1,50.0
EUR_USD,1.0,2.0,30,23519,15512,8007,-162.69,-175.08,-24005.1,-12916.8,-36923.0,72.1,72.9,49.8
EUR_USD,1.0,3.0,1,226315,149630,76685,-1671.29,-1749.14,-246604.9,-129046.1,-375651.0,9.8,3.4,49.8
EUR_USD,1.0,3.0,2,134651,89142,45509,-990.85,-1042.29,-146203.9,-76897.1,-223101.1,16.9,8.9,50.0
EUR_USD,1.0,3.0,5,65504,43329,22175,-475.49,-497.87,-70160.4,-36731.1,-106891.4,31.1,23.5,50.1
EUR_USD,1.0,3.0,10,38834,25708,13126,-277.01,-293.38,-40874.4,-21644.6,-62522.6,42.7,38.7,49.8
EUR_USD,1.0,3.0,30,18243,11976,6267,-124.89,-123.46,-18428.1,-9108.6,-27538.6,63.9,61.9,50.4
EUR_USD,1.0,5.0,1,224431,148485,75946,-1659.09,-1733.72,-244804.9,-127908.1,-372713.0,9.3,0.7,49.8
EUR_USD,1.0,5.0,2,131154,86951,44203,-965.98,-1020.45,-142533.5,-75285.4,-217818.9,15.2,2.1,49.9
EUR_USD,1.0,5.0,5,60179,39890,20289,-435.45,-451.51,-64252.9,-33310.8,-97563.6,26.3,8.4,50.0
EUR_USD,1.0,5.0,10,33186,21971,11215,-237.65,-247.73,-35065.8,-18276.5,-53354.7,34.5,18.4,49.6
EUR_USD,1.0,5.0,30,13834,9103,4731,-93.34,-98.64,-13773.1,-7277.1,-21055.2,51.1,41.9,50.3
EUR_USD,1.5,1.0,1,202036,133304,68732,-1486.08,-1547.27,-219276.9,-114152.7,-333429.6,5.2,33.7,50.0
EUR_USD,1.5,1.0,2,144431,95325,49106,-1062.68,-1112.07,-156802.2,-82044.8,-238847.0,6.8,47.7,50.3
EUR_USD,1.5,1.0,5,90553,59710,30843,-665.7,-697.19,-98226.8,-51436.4,-149663.2,8.7,64.4,50.1
EUR_USD,1.5,1.0,10,63648,41766,21882,-458.41,-480.24,-67640.2,-35430.3,-103070.5,10.0,74.6,50.2
EUR_USD,1.5,1.0,30,36215,23927,12288,-258.19,-268.71,-38097.6,-19824.8,-57922.4,11.0,85.3,50.6
EUR_USD,1.5,2.0,1,183834,121811,62023,-1354.97,-1404.85,-199931.1,-103645.6,-303576.8,14.1,11.3,50.0
EUR_USD,1.5,2.0,2,121525,80543,40982,-894.18,-928.15,-131939.4,-68476.1,-200415.9,24.2,21.8,50.4
EUR_USD,1.5,2.0,5,68130,45076,23054,-495.71,-516.42,-73143.2,-38099.5,-111243.1,41.9,40.7,50.1
EUR_USD,1.5,2.0,10,43916,28983,14933,-318.53,-329.43,-47000.2,-24304.5,-71305.0,55.1,55.0,50.0
EUR_USD,1.5,2.0,30,22916,15179,7737,-162.31,-172.41,-23949.3,-12719.8,-36669.4,71.6,73.1,50.0
EUR_USD,1.5,3.0,1,179454,119082,60372,-1324.92,-1370.24,-195496.3,-101092.0,-296588.2,11.3,4.1,50.0
EUR_USD,1.5,3.0,2,115049,76404,38645,-843.09,-874.33,-124401.7,-64505.4,-188907.5,18.6,10.1,50.3
EUR_USD,1.5,3.0,5,60196,39858,20338,-443.24,-453.91,-65401.6,-33487.9,-98891.1,32.3,24.5,50.0
EUR_USD,1.5,3.0,10,36836,24353,12483,-266.54,-271.53,-39329.3,-20032.7,-59362.0,44.2,39.3,50.0
EUR_USD,1.5,3.0,30,17813,11759,6054,-121.14,-130.82,-17874.4,-9651.7,-27531.0,63.0,61.7,50.1
EUR_USD,1.5,5.0,1,177674,118019,59655,-1312.42,-1356.98,-193652.6,-100113.7,-293766.3,10.7,0.8,50.0
EUR_USD,1.5,5.0,2,111761,74339,37422,-823.7,-846.11,-121539.5,-62423.0,-183962.8,16.9,2.4,50.2
EUR_USD,1.5,5.0,5,55328,36695,18633,-409.02,-406.78,-60352.4,-30011.2,-90364.6,27.4,8.8,50.3
EUR_USD,1.5,5.0,10,31600,20903,10697,-233.99,-224.21,-34525.5,-16541.5,-51067.0,35.4,18.7,50.2
EUR_USD,1.5,5.0,30,13585,8979,4606,-90.39,-90.54,-13336.8,-6679.7,-20031.4,51.3,42.2,49.6
EUR_USD,2.0,1.0,1,146174,96617,49557,-1084.4,-1127.58,-160006.7,-83189.6,-243196.3,6.0,36.7,50.4
EUR_USD,2.0,1.0,2,111755,73905,37850,-830.46,-858.97,-122537.3,-63372.2,-185909.5,7.5,50.2,50.4
EUR_USD,2.0,1.0,5,75875,50110,25765,-560.98,-580.49,-82774.2,-42826.5,-125600.7,9.5,66.1,50.7
EUR_USD,2.0,1.0,10,56010,36832,19178,-406.94,-415.41,-60045.7,-30647.6,-90693.3,10.6,75.8,50.3
EUR_USD,2.0,1.0,30,33479,22171,11308,-243.21,-249.52,-35885.8,-18408.8,-54294.6,10.9,85.6,50.6
EUR_USD,2.0,2.0,1,133837,88894,44943,-997.84,-1020.97,-147235.5,-75323.8,-222559.3,16.5,13.1,50.3
EUR_USD,2.0,2.0,2,95633,63612,32021,-709.52,-727.07,-104693.0,-53640.7,-158334.1,26.7,24.0,50.4
EUR_USD,2.0,2.0,5,58363,38676,19687,-430.25,-442.46,-63485.5,-32643.5,-96129.3,44.3,42.5,50.4
EUR_USD,2.0,2.0,10,39750,26241,13509,-287.27,-292.24,-42387.5,-21560.3,-63948.1,57.0,56.4,50.6
EUR_USD,2.0,2.0,30,21786,14329,7457,-152.34,-152.45,-22478.9,-11247.4,-33726.6,72.8,73.7,50.9
EUR_USD,2.0,3.0,1,130550,86887,43663,-974.44,-990.78,-143781.5,-73096.7,-216878.2,13.3,4.9,50.3
EUR_USD,2.0,3.0,2,90523,60311,30212,-671.07,-680.08,-99018.7,-50173.8,-149193.6,20.6,11.4,50.5
EUR_USD,2.0,3.0,5,51887,34509,17378,-381.62,-391.17,-56309.9,-28859.6,-85172.3,33.7,26.2,50.6
EUR_USD,2.0,3.0,10,33448,22064,11384,-242.24,-242.72,-35742.7,-17907.5,-53651.0,45.9,40.5,50.3
EUR_USD,2.0,3.0,30,17084,11310,5774,-114.42,-123.32,-16882.7,-9097.9,-25989.0,63.7,62.5,51.2
EUR_USD,2.0,5.0,1,129091,86009,43082,-965.21,-977.21,-142420.5,-72095.2,-214515.6,12.6,1.0,50.3
EUR_USD,2.0,5.0,2,87708,58578,29130,-655.11,-658.21,-96663.6,-48560.3,-145224.9,18.5,2.8,50.4
EUR_USD,2.0,5.0,5,47504,31683,15821,-349.56,-356.55,-51579.5,-26305.4,-77887.4,27.9,9.7,50.4
EUR_USD,2.0,5.0,10,28734,19082,9652,-209.65,-206.75,-30935.3,-15253.5,-46195.7,36.6,20.0,50.7
EUR_USD,2.0,5.0,30,13082,8714,4368,-85.51,-95.34,-12617.4,-7034.2,-19657.0,50.6,42.8,50.7
EUR_USD,3.0,1.0,1,74994,49112,25882,-556.11,-600.17,-82055.6,-44278.9,-126334.5,8.0,42.9,50.7
EUR_USD,3.0,1.0,2,62906,41313,21593,-466.92,-494.84,-68895.5,-36507.5,-105403.0,9.3,55.6,50.9
EUR_USD,3.0,1.0,5,48064,31714,16350,-356.07,-374.96,-52539.8,-27663.1,-80203.0,10.9,69.7,51.0
EUR_USD,3.0,1.0,10,38293,25155,13138,-280.31,-293.13,-41360.7,-21626.5,-62987.1,11.5,78.0,51.1
EUR_USD,3.0,1.0,30,26067,17208,8859,-185.68,-195.45,-27398.5,-14419.7,-41818.2,11.8,86.9,51.1
EUR_USD,3.0,2.0,1,69500,45723,23777,-517.55,-549.96,-76366.8,-40574.6,-116941.4,21.2,17.6,50.7
EUR_USD,3.0,2.0,2,55347,36552,18795,-411.54,-429.42,-60724.8,-31681.3,-92406.1,32.3,29.5,51.0
EUR_USD,3.0,2.0,5,38887,25729,13158,-287.43,-304.24,-42411.0,-22445.7,-64856.7,48.3,47.0,51.2
EUR_USD,3.0,2.0,10,29187,19178,10009,-208.85,-209.85,-30816.5,-15482.3,-46298.8,61.2,60.3,51.4
EUR_USD,3.0,2.0,30,18006,11829,6177,-125.92,-127.91,-18580.1,-9436.8,-28017.9,74.5,75.6,51.1
EUR_USD,3.0,3.0,1,67686,44640,23046,-503.71,-531.09,-74324.5,-39182.1,-113506.6,17.1,7.4,50.7
EUR_USD,3.0,3.0,2,52449,34749,17700,-387.69,-405.73,-57204.6,-29933.3,-87137.9,24.7,15.2,51.0
EUR_USD,3.0,3.0,5,35060,23268,11792,-256.33,-268.19,-37821.9,-19786.4,-57608.4,37.7,30.6,51.2
EUR_USD,3.0,3.0,10,25064,16559,8505,-179.78,-174.94,-26526.5,-12906.9,-39433.4,49.7,44.7,51.5
EUR_USD,3.0,3.0,30,14484,9502,4982,-95.89,-99.54,-14149.3,-7343.6,-21493.9,66.1,64.9,51.2
EUR_USD,3.0,5.0,1,66746,44085,22661,-495.33,-518.49,-73088.5,-38252.7,-111341.1,16.0,1.7,50.8
EUR_USD,3.0,5.0,2,50617,33641,16976,-375.68,-387.32,-55433.5,-28575.4,-84008.9,22.1,4.0,51.0
EUR_USD,3.0,5.0,5,32026,21362,10664,-231.81,-251.65,-34204.9,-18565.9,-52770.8,30.4,12.2,51.5
EUR_USD,3.0,5.0,10,21665,14410,7255,-155.44,-149.49,-22935.5,-11029.2,-33964.7,38.8,23.4,51.6
EUR_USD,3.0,5.0,30,11303,7469,3834,-76.57,-73.82,-11298.0,-5446.4,-16749.5,53.8,45.1,51.6
GBP_USD,0.3,1.0,1,347090,227161,119929,-3061.91,-3337.24,-473412.3,-257991.2,-731403.6,3.5,34.8,50.0
GBP_USD,0.3,1.0,2,218882,142597,76285,-1911.28,-2126.0,-295510.1,-164354.5,-459864.7,4.7,49.9,49.9
GBP_USD,0.3,1.0,5,123203,79837,43366,-1072.88,-1203.49,-165881.4,-93038.0,-258919.4,6.2,67.1,49.9
GBP_USD,0.3,1.0,10,81806,52730,29076,-720.2,-804.47,-111352.2,-62190.7,-173542.9,6.9,76.4,50.0
GBP_USD,0.3,1.0,30,45102,28961,16141,-396.85,-457.88,-61358.3,-35396.9,-96755.2,7.8,86.8,50.0
GBP_USD,0.3,2.0,1,304692,200847,103845,-2708.54,-2899.15,-418776.7,-224124.0,-642900.8,13.0,12.7,50.0
GBP_USD,0.3,2.0,2,175482,115152,60330,-1545.8,-1669.26,-239001.4,-129044.9,-368046.3,24.1,24.9,50.0
GBP_USD,0.3,2.0,5,88028,57399,30629,-769.66,-843.5,-118999.2,-65208.5,-184207.6,40.7,44.9,49.8
GBP_USD,0.3,2.0,10,54951,35648,19303,-471.6,-534.28,-72915.8,-41303.1,-114218.9,51.4,59.4,49.7
GBP_USD,0.3,2.0,30,27792,17826,9966,-242.15,-277.22,-37439.7,-21430.9,-58870.8,64.6,75.9,49.8
GBP_USD,0.3,3.0,1,295191,195174,100017,-2633.04,-2777.96,-407103.9,-214755.2,-621859.1,10.4,4.9,49.9
GBP_USD,0.3,3.0,2,163036,107563,55473,-1440.05,-1543.44,-222652.0,-119318.2,-341970.2,19.0,12.3,50.2
GBP_USD,0.3,3.0,5,75969,49748,26221,-660.78,-717.72,-102165.1,-55484.5,-157649.6,34.9,29.2,50.2
GBP_USD,0.3,3.0,10,44654,28987,15667,-387.15,-414.69,-59857.9,-32058.7,-91917.6,48.8,44.3,49.9
GBP_USD,0.3,3.0,30,21438,13747,7691,-179.43,-195.48,-27742.5,-15112.0,-42856.2,68.6,66.7,50.2
GBP_USD,0.3,5.0,1,291348,193087,98261,-2597.42,-2727.31,-401596.9,-210839.3,-612436.2,9.4,1.0,49.9
GBP_USD,0.3,5.0,2,156747,103862,52885,-1395.8,-1468.09,-215809.1,-113493.7,-329302.7,16.1,3.3,50.2
GBP_USD,0.3,5.0,5,68062,44927,23135,-596.63,-633.16,-92247.8,-48947.3,-141196.0,27.1,11.9,49.9
GBP_USD,0.3,5.0,10,37200,24435,12765,-322.45,-349.03,-49855.8,-26982.5,-76845.7,36.1,23.8,50.2
GBP_USD,0.3,5.0,30,15672,10182,5490,-132.0,-159.77,-20408.7,-12351.2,-32768.9,53.2,47.6,50.3
GBP_USD,0.5,1.0,1,329283,214833,114450,-2885.97,-3181.06,-446210.3,-245917.6,-692127.9,3.7,35.2,50.0
GBP_USD,0.5,1.0,2,212142,137924,74218,-1854.61,-2062.61,-286748.1,-159454.0,-446202.1,4.9,50.2,50.0
GBP_USD,0.5,1.0,5,120805,78358,42447,-1056.62,-1187.73,-163368.3,-91819.9,-255188.3,6.2,67.0,50.0
GBP_USD,0.5,1.0,10,81004,52404,28600,-710.84,-806.84,-109905.4,-62374.2,-172279.6,6.9,76.6,49.9
GBP_USD,0.5,1.0,30,45525,29244,16281,-400.94,-462.18,-61991.2,-35730.0,-97721.3,8.0,87.0,50.3
GBP_USD,0.5,2.0,1,289850,190358,99492,-2557.49,-2760.76,-395422.0,-213425.9,-608848.0,13.4,13.0,50.1
GBP_USD,0.5,2.0,2,170476,111705,58771,-1497.25,-1627.01,-231495.5,-125778.8,-357274.4,24.1,25.1,50.0
GBP_USD,0.5,2.0,5,86868,56537,30331,-753.34,-828.15,-116477.2,-64021.5,-180498.8,40.9,45.1,50.1
GBP_USD,0.5,2.0,10,54297,35156,19141,-471.0,-522.99,-72822.9,-40430.5,-113253.3,51.7,59.2,49.9
GBP_USD,0.5,2.0,30,28037,17826,10211,-236.96,-264.13,-36638.0,-20419.0,-57057.2,66.0,76.6,49.7
GBP_USD,0.5,3.0,1,280639,184960,95679,-2484.17,-2642.35,-384086.9,-204271.8,-588358.7,10.8,5.0,50.0
GBP_USD,0.5,3.0,2,158524,104375,54149,-1398.32,-1494.3,-216198.6,-115519.3,-331717.9,19.4,12.4,50.0
GBP_USD,0.5,3.0,5,74920,49078,25842,-651.7,-713.01,-100762.4,-55120.5,-155882.9,34.6,29.1,49.9
GBP_USD,0.5,3.0,10,44222,28731,15491,-389.86,-414.09,-60278.2,-32012.2,-92291.4,48.9,44.2,50.0
GBP_USD,0.5,3.0,30,21160,13673,7487,-176.95,-200.25,-27359.6,-15480.7,-42842.9,67.3,66.1,50.1
GBP_USD,0.5,5.0,1,276967,182993,93974,-2445.04,-2606.9,-378037.0,-201531.3,-579568.3,9.6,1.0,50.0
GBP_USD,0.5,5.0,2,152404,100810,51594,-1355.81,-1425.26,-209627.0,-110182.0,-319809.0,16.2,3.3,50.1
GBP_USD,0.5,5.0,5,67215,44309,22906,-583.99,-625.96,-90292.8,-48391.0,-138683.9,27.0,11.9,50.2
GBP_USD,0.5,5.0,10,37047,24345,12702,-316.83,-344.76,-48985.9,-26652.2,-75655.0,36.2,24.0,49.8
GBP_USD,0.5,5.0,30,15762,10218,5544,-134.62,-148.18,-20813.5,-11455.7,-32299.5,54.1,47.9,49.9
GBP_USD,1.0,1.0,1,285907,184610,101297,-2476.02,-2815.13,-382826.6,-217628.6,-600455.2,3.8,36.3,49.9
GBP_USD,1.0,1.0,2,193172,124586,68586,-1679.03,-1907.12,-259600.2,-147433.0,-407033.2,5.0,50.8,50.1
GBP_USD,1.0,1.0,5,114896,74104,40792,-997.88,-1148.14,-154286.5,-88758.9,-243045.4,6.1,67.5,50.1
GBP_USD,1.0,1.0,10,78634,50712,27922,-687.18,-783.29,-106246.7,-60553.5,-166800.2,6.8,76.9,50.1
GBP_USD,1.0,1.0,30,44080,28391,15689,-390.69,-451.33,-60406.7,-34891.0,-95297.7,8.2,86.7,50.0
GBP_USD,1.0,2.0,1,253230,164734,88496,-2201.44,-2444.99,-340372.7,-189014.1,-529386.8,14.0,13.6,50.1
GBP_USD,1.0,2.0,2,157004,102180,54824,-1365.75,-1511.4,-211163.3,-116841.4,-328004.6,24.9,25.7,50.2
GBP_USD,1.0,2.0,5,83357,54079,29278,-717.61,-808.82,-110952.9,-62527.4,-173480.3,41.0,45.3,50.0
GBP_USD,1.0,2.0,10,52893,34330,18563,-455.57,-512.8,-70437.1,-39642.9,-110080.0,51.5,59.3,49.8
GBP_USD,1.0,2.0,30,27466,17518,9948,-234.03,-265.04,-36184.3,-20489.5,-56674.7,65.2,76.4,50.2
GBP_USD,1.0,3.0,1,245254,160066,85188,-2129.43,-2347.7,-329239.0,-181493.6,-510732.7,11.1,5.4,50.1
GBP_USD,1.0,3.0,2,146149,95628,50521,-1275.32,-1397.44,-197182.1,-108031.4,-305213.5,19.7,12.9,50.0
GBP_USD,1.0,3.0,5,72130,47080,25050,-630.05,-685.24,-97414.5,-52973.9,-150388.5,35.1,29.2,49.8
GBP_USD,1.0,3.0,10,43438,28185,15253,-375.67,-399.52,-58084.0,-30885.8,-88970.2,49.2,44.8,49.7
GBP_USD,1.0,3.0,30,20736,13405,7331,-177.47,-198.9,-27439.9,-15376.4,-42826.9,66.7,65.8,49.8
GBP_USD,1.0,5.0,1,241907,158264,83643,-2098.82,-2306.47,-324505.8,-178306.1,-502811.9,10.0,1.1,50.0
GBP_USD,1.0,5.0,2,140479,92395,48084,-1229.01,-1330.71,-190021.4,-102873.1,-292894.5,16.5,3.5,50.1
GBP_USD,1.0,5.0,5,64731,42513,22218,-567.92,-597.08,-87808.0,-46158.6,-133966.5,27.6,12.1,49.8
GBP_USD,1.0,5.0,10,36283,23720,12563,-317.78,-334.95,-49133.6,-25894.3,-75028.9,37.3,24.0,50.2
GBP_USD,1.0,5.0,30,15646,10091,5555,-131.89,-138.02,-20392.6,-10669.7,-31065.8,55.0,47.9,50.1
GBP_USD,1.5,1.0,1,245705,157183,88522,-2105.62,-2463.99,-325558.2,-190483.2,-516041.4,4.1,38.0,50.2
GBP_USD,1.5,1.0,2,173772,111389,62383,-1500.01,-1745.44,-231921.4,-134934.5,-366855.9,5.2,52.1,50.4
GBP_USD,1.5,1.0,5,108199,69343,38856,-937.26,-1091.84,-144913.4,-84407.0,-229320.4,6.4,68.2,50.5
GBP_USD,1.5,1.0,10,75383,48392,26991,-661.87,-760.68,-102333.4,-58805.7,-161139.0,7.0,77.3,50.1
GBP_USD,1.5,1.0,30,43299,27611,15688,-376.31,-453.28,-58182.9,-35041.4,-93224.3,8.3,86.9,50.5
GBP_USD,1.5,2.0,1,218993,141328,77665,-1874.67,-2139.49,-289849.8,-165397.2,-455247.0,14.9,14.7,50.2
GBP_USD,1.5,2.0,2,142374,92174,50200,-1226.86,-1396.96,-189689.3,-107994.3,-297683.6,25.3,26.5,50.2
GBP_USD,1.5,2.0,5,79107,51103,28004,-677.9,-765.85,-104812.4,-59205.3,-164017.7,41.4,46.1,49.9
GBP_USD,1.5,2.0,10,51590,33276,18314,-436.48,-496.25,-67485.9,-38363.5,-105849.4,52.5,60.1,50.3
GBP_USD,1.5,2.0,30,27245,17361,9884,-235.35,-262.33,-36387.8,-20280.1,-56670.3,65.0,76.6,49.8
GBP_USD,1.5,3.0,1,212000,137311,74689,-1819.93,-2048.1,-281385.4,-158331.9,-439717.3,12.1,5.9,50.2
GBP_USD,1.5,3.0,2,132876,86442,46434,-1150.89,-1277.58,-177942.7,-98765.8,-276708.5,20.4,13.4,50.2
GBP_USD,1.5,3.0,5,68774,44617,24157,-594.14,-644.09,-91862.3,-49792.5,-141654.9,36.5,30.1,50.1
GBP_USD,1.5,3.0,10,42191,27313,14878,-364.09,-404.48,-56292.5,-31268.8,-87566.7,48.7,44.9,50.1
GBP_USD,1.5,3.0,30,20777,13332,7445,-177.91,-193.24,-27507.0,-14939.0,-42448.1,67.6,66.4,49.8
GBP_USD,1.5,5.0,1,208970,135703,73267,-1790.92,-2007.5,-276900.3,-155193.2,-432093.5,10.8,1.2,50.2
GBP_USD,1.5,5.0,2,127653,83479,44174,-1109.03,-1212.85,-171470.5,-93761.7,-265232.2,17.2,3.7,50.2
GBP_USD,1.5,5.0,5,61678,40394,21284,-537.49,-577.13,-83103.9,-44615.9,-127719.7,28.0,12.5,50.1
GBP_USD,1.5,5.0,10,35254,23052,12202,-300.9,-339.55,-46523.5,-26249.2,-72772.6,36.4,24.2,49.9
GBP_USD,1.5,5.0,30,15432,9967,5465,-134.18,-144.74,-20745.4,-11189.0,-31956.8,54.3,47.8,49.5
GBP_USD,2.0,1.0,1,203698,129348,74350,-1734.93,-2081.34,-268243.9,-160902.1,-429146.1,4.4,40.2,50.3
GBP_USD,2.0,1.0,2,150711,96044,54667,-1297.82,-1536.9,-200660.6,-118812.7,-319473.3,5.5,53.9,50.3
GBP_USD,2.0,1.0,5,98869,63170,35699,-854.56,-1007.41,-132126.7,-77879.4,-210006.1,6.3,69.4,50.2
GBP_USD,2.0,1.0,10,71171,45387,25784,-618.36,-725.99,-95607.6,-56123.9,-151731.5,7.3,78.1,50.0
GBP_USD,2.0,1.0,30,42206,26776,15430,-365.36,-449.56,-56489.2,-34754.4,-91243.6,8.1,87.5,50.4
GBP_USD,2.0,2.0,1,182754,117097,65657,-1555.31,-1821.45,-240471.4,-140810.6,-381282.0,16.0,16.0,50.3
GBP_USD,2.0,2.0,2,125116,80507,44609,-1071.37,-1232.7,-165647.9,-95296.4,-260944.3,26.7,28.2,50.5
GBP_USD,2.0,2.0,5,73329,47235,26094,-629.09,-723.75,-97266.6,-55950.6,-153217.3,42.1,47.3,50.3
GBP_USD,2.0,2.0,10,48988,31571,17417,-423.42,-477.5,-65466.9,-36913.8,-102380.6,52.2,60.6,50.3
GBP_USD,2.0,2.0,30,26466,16926,9540,-229.17,-258.12,-35433.2,-19954.7,-55389.4,64.4,76.7,50.1
GBP_USD,2.0,3.0,1,176850,113744,63106,-1507.87,-1735.26,-233136.5,-134147.4,-367283.9,13.1,6.6,50.3
GBP_USD,2.0,3.0,2,116777,75508,41269,-999.26,-1132.06,-154498.7,-87516.2,-242014.8,21.8,14.5,50.2
GBP_USD,2.0,3.0,5,63939,41337,22602,-547.58,-607.54,-84662.9,-46966.8,-131629.7,37.2,31.3,50.5
GBP_USD,2.0,3.0,10,40449,26118,14331,-347.92,-382.92,-53792.4,-29602.7,-83396.4,49.3,45.7,50.3
GBP_USD,2.0,3.0,30,20421,13086,7335,-173.58,-196.22,-26838.0,-15169.5,-42009.7,67.5,67.0,50.3
GBP_USD,2.0,5.0,1,174197,112352,61845,-1482.97,-1696.86,-229288.0,-131178.6,-360466.6,11.9,1.4,50.3
GBP_USD,2.0,5.0,2,112030,72824,39206,-958.44,-1081.25,-148187.5,-83587.9,-231775.4,18.0,4.1,50.3
GBP_USD,2.0,5.0,5,57287,37360,19927,-492.82,-540.46,-76196.1,-41781.0,-117977.1,28.5,13.1,50.5
GBP_USD,2.0,5.0,10,33903,22091,11812,-291.2,-312.17,-45023.2,-24132.8,-69163.0,37.9,25.3,50.3
GBP_USD,2.0,5.0,30,15185,9817,5368,-129.38,-143.14,-20004.3,-11065.3,-31098.4,55.1,48.5,50.1
GBP_USD,3.0,1.0,1,118202,73409,44793,-1010.63,-1302.47,-156257.8,-100690.0,-256947.7,5.3,45.8,50.3
GBP_USD,3.0,1.0,2,96100,60051,36049,-829.65,-1053.06,-128275.1,-81408.9,-209684.0,6.1,58.6,50.5
GBP_USD,3.0,1.0,5,70306,44293,26013,-614.46,-764.68,-95004.2,-59114.9,-154119.0,7.1,72.4,50.4
GBP_USD,3.0,1.0,10,54475,34322,20153,-485.56,-596.24,-75074.6,-46093.1,-121167.7,7.6,79.7,50.1
GBP_USD,3.0,1.0,30,35721,22584,13137,-321.73,-401.92,-49743.8,-31071.3,-80815.0,8.5,88.4,50.3
GBP_USD,3.0,2.0,1,107734,67489,40245,-915.2,-1154.18,-141503.1,-89225.8,-230728.8,19.7,20.3,50.6
GBP_USD,3.0,2.0,2,82219,51886,30333,-707.1,-857.61,-109327.5,-66299.2,-175627.4,30.6,33.0,50.5
GBP_USD,3.0,2.0,5,54718,34787,19931,-472.37,-570.8,-73034.2,-44126.6,-117161.3,45.2,51.2,50.7
GBP_USD,3.0,2.0,10,39638,25250,14388,-341.44,-407.86,-52791.3,-31530.1,-84322.2,54.7,63.4,50.5
GBP_USD,3.0,2.0,30,23698,15137,8561,-199.58,-242.29,-30857.7,-18730.8,-49590.4,64.9,78.4,50.5
GBP_USD,3.0,3.0,1,104309,65679,38630,-886.01,-1096.94,-136989.3,-84801.2,-221790.5,16.3,8.9,50.5
GBP_USD,3.0,3.0,2,76941,48962,27979,-662.06,-785.08,-102363.8,-60691.9,-163056.5,24.9,17.8,50.3
GBP_USD,3.0,3.0,5,48229,30928,17301,-414.8,-488.45,-64133.8,-37760.3,-101895.0,39.8,34.9,50.4
GBP_USD,3.0,3.0,10,33444,21351,12093,-283.4,-331.37,-43818.1,-25617.1,-69440.8,52.3,49.2,49.9
GBP_USD,3.0,3.0,30,18731,11948,6783,-157.62,-175.15,-24369.6,-13540.1,-37913.9,68.6,68.7,50.0
GBP_USD,3.0,5.0,1,102437,64746,37691,-868.94,-1068.36,-134349.6,-82591.2,-216940.7,14.4,2.1,50.5
GBP_USD,3.0,5.0,2,73615,47118,26497,-629.47,-747.16,-97325.3,-57760.3,-155086.4,20.4,5.4,50.4
GBP_USD,3.0,5.0,5,43335,28003,15332,-369.76,-430.41,-57170.5,-33273.3,-90445.7,30.7,15.5,50.4
GBP_USD,3.0,5.0,10,28049,18083,9966,-239.87,-262.67,-37087.1,-20306.5,-57401.6,40.3,28.0,50.0
GBP_USD,3.0,5.0,30,14177,9073,5104,-115.94,-122.64,-17926.2,-9481.1,-27428.6,57.6,51.4,51.2
AUD_USD,0.3,1.0,1,273802,178191,95611,-1881.57,-2053.69,-245657.7,-134064.9,-379722.6,9.0,25.2,49.6
AUD_USD,0.3,1.0,2,166669,107538,59131,-1133.47,-1264.26,-147985.7,-82530.7,-230516.4,13.0,40.7,49.6
AUD_USD,0.3,1.0,5,90453,57806,32647,-605.06,-693.5,-78996.2,-45272.0,-124268.1,18.1,59.8,49.7
AUD_USD,0.3,1.0,10,58898,37286,21612,-393.2,-456.02,-51335.9,-29768.9,-81104.8,21.0,71.2,49.7
AUD_USD,0.3,1.0,30,31563,19912,11651,-208.37,-249.05,-27205.3,-16258.3,-43463.6,23.1,83.5,49.7
AUD_USD,0.3,2.0,1,250302,164707,85595,-1736.75,-1832.87,-226749.8,-119649.5,-346399.3,13.6,6.2,49.6
AUD_USD,0.3,2.0,2,139221,91080,48141,-963.18,-1038.96,-125752.6,-67823.2,-193575.9,23.6,14.9,49.4
AUD_USD,0.3,2.0,5,66174,42781,23393,-447.73,-501.02,-58455.5,-32706.5,-91161.9,40.5,33.5,49.4
AUD_USD,0.3,2.0,10,39701,25371,14330,-266.29,-302.19,-34766.8,-19727.0,-54494.3,54.5,49.1,49.6
AUD_USD,0.3,2.0,30,19329,12157,7172,-127.56,-145.54,-16654.4,-9500.6,-26157.3,72.0,69.8,49.6
AUD_USD,0.3,3.0,1,246643,162906,83737,-1715.87,-1801.33,-224024.5,-117590.7,-341615.2,11.9,1.9,49.5
AUD_USD,0.3,3.0,2,133579,88015,45564,-930.14,-984.77,-121438.9,-64285.6,-185724.5,19.8,5.5,49.7
AUD_USD,0.3,3.0,5,59211,38665,20546,-408.48,-441.58,-53331.3,-28826.1,-82157.4,32.6,17.7,49.4
AUD_USD,0.3,3.0,10,33456,21560,11896,-218.17,-243.07,-28484.0,-15867.5,-44353.4,44.2,32.9,49.5
AUD_USD,0.3,3.0,30,14944,9432,5512,-92.54,-112.82,-12081.6,-7364.7,-19471.3,62.6,57.1,49.5
AUD_USD,0.3,5.0,1,245507,162453,83054,-1711.47,-1785.34,-223449.5,-116547.0,-339996.6,11.6,0.3,49.8
AUD_USD,0.3,5.0,2,131404,87016,44388,-917.54,-942.78,-119793.8,-61544.5,-181338.3,18.9,1.2,49.6
AUD_USD,0.3,5.0,5,55720,36770,18950,-380.55,-396.08,-49684.3,-25856.0,-75540.2,29.0,5.5,49.6
AUD_USD,0.3,5.0,10,29357,19206,10151,-198.97,-208.98,-25977.5,-13642.1,-39623.2,36.6,13.3,49.8
AUD_USD,0.3,5.0,30,11655,7510,4145,-72.6,-86.57,-9479.1,-5651.5,-15131.7,49.7,36.3,49.9
AUD_USD,0.5,1.0,1,261045,169197,91848,-1777.71,-1972.14,-232097.4,-128741.2,-360838.5,9.2,25.6,49.7
AUD_USD,0.5,1.0,2,161856,104118,57738,-1098.67,-1232.82,-143442.3,-80478.4,-223920.7,13.3,40.8,49.7
AUD_USD,0.5,1.0,5,89140,56727,32413,-597.59,-682.51,-78021.5,-44554.3,-122575.8,18.3,60.0,49.4
AUD_USD,0.5,1.0,10,58623,37110,21513,-388.26,-453.34,-50691.2,-29594.1,-80285.4,21.0,71.4,49.4
AUD_USD,0.5,1.0,30,31594,19817,11777,-205.31,-247.64,-26805.8,-16166.2,-42972.1,24.0,83.6,49.7
AUD_USD,0.5,2.0,1,238762,156522,82240,-1647.49,-1770.02,-215096.5,-115546.7,-330643.2,13.5,6.2,49.7
AUD_USD,0.5,2.0,2,135726,88566,47160,-934.6,-1016.19,-122022.0,-66337.1,-188359.1,23.6,15.1,49.7
AUD_USD,0.5,2.0,5,65307,42145,23162,-445.25,-490.5,-58132.0,-32019.8,-90151.9,40.8,33.4,49.7
AUD_USD,0.5,2.0,10,39431,25134,14297,-265.11,-293.54,-34613.4,-19162.1,-53782.2,54.6,49.4,49.8
AUD_USD,0.5,2.0,30,19240,12165,7075,-122.47,-147.87,-15990.1,-9653.3,-25656.0,71.2,69.8,50.7
AUD_USD,0.5,3.0,1,235281,154832,80449,-1631.51,-1733.59,-213009.6,-113168.9,-326178.6,12.0,1.9,49.7
AUD_USD,0.5,3.0,2,130104,85545,44559,-902.71,-963.36,-117857.7,-62888.3,-180746.0,19.9,5.6,49.6
AUD_USD,0.5,3.0,5,58562,38184,20378,-399.4,-429.63,-52146.2,-28046.5,-80192.6,32.6,17.7,49.6
AUD_USD,0.5,3.0,10,33180,21393,11787,-222.21,-243.54,-29011.9,-15898.2,-44910.2,43.8,32.4,49.4
AUD_USD,0.5,3.0,30,14931,9493,5438,-93.21,-106.87,-12170.1,-6976.8,-19185.1,62.5,56.8,49.4
AUD_USD,0.5,5.0,1,234202,154396,79806,-1625.39,-1716.3,-212210.8,-112040.0,-324250.8,11.7,0.3,49.8
AUD_USD,0.5,5.0,2,127993,84592,43401,-896.15,-933.02,-117001.3,-60907.3,-177908.6,18.8,1.2,49.6
AUD_USD,0.5,5.0,5,55114,36331,18783,-377.67,-394.46,-49308.1,-25750.4,-75058.5,28.7,5.5,50.0
AUD_USD,0.5,5.0,10,29221,19140,10081,-196.69,-211.81,-25679.3,-13827.3,-39510.2,36.5,13.4,49.7
AUD_USD,0.5,5.0,30,11630,7496,4134,-74.41,-87.61,-9714.5,-5719.5,-15446.6,49.8,36.1,49.9
AUD_USD,1.0,1.0,1,217723,138522,79201,-1454.31,-1688.83,-189875.2,-110247.1,-300122.3,9.7,27.1,49.7
AUD_USD,1.0,1.0,2,144430,91865,52565,-964.93,-1121.71,-125980.7,-73225.4,-199206.1,13.6,41.9,49.6
AUD_USD,1.0,1.0,5,83641,53148,30493,-556.4,-655.83,-72643.2,-42812.6,-115455.8,17.9,60.5,49.6
AUD_USD,1.0,1.0,10,56364,35763,20601,-370.42,-439.92,-48362.6,-28718.3,-77080.9,20.9,71.7,49.5
AUD_USD,1.0,1.0,30,31216,19664,11552,-202.02,-243.92,-26375.7,-15923.2,-42298.9,24.0,83.9,49.5
AUD_USD,1.0,2.0,1,199884,128832,71052,-1354.72,-1525.08,-176871.6,-99557.0,-276428.6,14.4,6.8,49.8
AUD_USD,1.0,2.0,2,121969,78767,43202,-825.27,-930.22,-107747.4,-60724.5,-168471.9,24.2,15.6,49.8
AUD_USD,1.0,2.0,5,62268,40002,22266,-413.22,-467.69,-53950.6,-30530.7,-84481.3,41.5,34.3,49.6
AUD_USD,1.0,2.0,10,38394,24459,13935,-253.6,-281.99,-33110.3,-18408.1,-51518.6,55.0,50.0,49.9
AUD_USD,1.0,2.0,30,19079,12125,6954,-116.05,-149.99,-15151.4,-9791.4,-24962.6,70.9,70.1,49.4
AUD_USD,1.0,3.0,1,196964,127474,69490,-1341.32,-1486.26,-175123.2,-97023.2,-272146.4,12.9,2.1,49.8
AUD_USD,1.0,3.0,2,116982,76142,40840,-801.06,-891.28,-104586.6,-58182.8,-162769.4,20.0,5.9,49.7
AUD_USD,1.0,3.0,5,55841,36202,19639,-379.67,-416.4,-49569.8,-27182.8,-76752.5,33.2,18.2,50.1
AUD_USD,1.0,3.0,10,32346,20826,11520,-214.53,-250.78,-28009.3,-16370.6,-44380.1,43.2,32.8,49.5
AUD_USD,1.0,3.0,30,14738,9337,5401,-95.93,-113.1,-12524.6,-7383.4,-19912.3,61.5,56.6,50.3
AUD_USD,1.0,5.0,1,195914,127054,68860,-1335.37,-1474.58,-174346.3,-96260.4,-270606.7,12.5,0.4,49.7
AUD_USD,1.0,5.0,2,115042,75254,39788,-791.25,-858.53,-103306.2,-56044.7,-159350.9,19.1,1.3,49.7
AUD_USD,1.0,5.0,5,52444,34423,18021,-354.16,-383.26,-46238.7,-25019.5,-71258.2,28.8,5.7,49.7
AUD_USD,1.0,5.0,10,28470,18554,9916,-192.15,-198.78,-25087.1,-12976.3,-38063.6,36.8,13.6,49.9
AUD_USD,1.0,5.0,30,11532,7408,4124,-73.94,-88.47,-9653.3,-5775.5,-15438.8,49.8,36.0,49.2
AUD_USD,1.5,1.0,1,157669,96934,60735,-1028.23,-1303.47,-134246.3,-85090.8,-219337.1,10.6,29.9,50.1
AUD_USD,1.5,1.0,2,114422,70911,43511,-750.7,-926.13,-98011.7,-60457.6,-158469.3,14.5,44.6,49.9
AUD_USD,1.5,1.0,5,72769,45165,27604,-476.41,-585.36,-62199.6,-38212.1,-100411.7,18.3,62.2,49.8
AUD_USD,1.5,1.0,10,51306,31939,19367,-333.31,-408.74,-43517.2,-26682.6,-70199.8,20.7,73.0,49.8
AUD_USD,1.5,1.0,30,29340,18359,10981,-194.83,-237.55,-25437.1,-15507.0,-40944.2,23.9,83.9,49.8
AUD_USD,1.5,2.0,1,145524,90701,54823,-959.54,-1181.61,-125277.0,-77135.5,-202412.5,16.1,8.1,50.1
AUD_USD,1.5,2.0,2,97823,61682,36141,-653.21,-776.31,-85282.8,-50677.5,-135960.3,25.9,17.3,50.0
AUD_USD,1.5,2.0,5,55199,34934,20265,-363.61,-430.09,-47473.3,-28076.0,-75549.4,42.5,35.6,49.8
AUD_USD,1.5,2.0,10,35645,22455,13190,-233.76,-273.64,-30520.1,-17863.5,-48383.7,55.5,50.7,49.9
AUD_USD,1.5,2.0,30,18460,11620,6840,-116.88,-142.35,-15259.6,-9292.7,-24558.6,71.2,70.4,49.6
AUD_USD,1.5,3.0,1,143195,89650,53545,-948.56,-1147.46,-123844.6,-74906.1,-198750.6,14.4,2.7,50.0
AUD_USD,1.5,3.0,2,93798,59669,34129,-629.66,-731.4,-82208.6,-47745.5,-129954.1,21.6,6.8,49.8
AUD_USD,1.5,3.0,5,49605,31798,17807,-329.56,-379.55,-43027.6,-24777.1,-67806.1,34.0,19.3,49.9
AUD_USD,1.5,3.0,10,30166,19231,10935,-197.61,-235.9,-25800.4,-15399.3,-41199.8,44.6,33.6,50.0
AUD_USD,1.5,3.0,30,14232,9000,5232,-91.2,-113.86,-11907.0,-7433.1,-19351.6,61.8,57.0,49.8
AUD_USD,1.5,5.0,1,142250,89268,52982,-943.27,-1132.75,-123153.8,-73946.0,-197099.8,13.8,0.5,50.0
AUD_USD,1.5,5.0,2,92064,58875,33189,-622.79,-707.92,-81311.6,-46212.7,-127524.4,20.6,1.5,50.1
AUD_USD,1.5,5.0,5,46555,30175,16380,-314.59,-339.14,-41073.4,-22139.0,-63215.9,30.4,6.0,49.9
AUD_USD,1.5,5.0,10,26617,17258,9359,-172.75,-198.55,-22553.8,-12961.6,-35515.6,37.3,14.1,49.8
AUD_USD,1.5,5.0,30,11277,7226,4051,-66.84,-85.6,-8727.2,-5588.1,-14333.5,50.6,36.8,49.8
AUD_USD,2.0,1.0,1,103105,60271,42834,-651.2,-934.78,-85020.8,-61022.5,-146043.3,12.1,33.7,50.3
AUD_USD,2.0,1.0,2,80667,47820,32847,-518.73,-715.38,-67724.9,-46699.7,-114425.0,15.8,47.8,50.3
AUD_USD,2.0,1.0,5,56671,33942,22729,-367.3,-485.73,-47954.7,-31708.7,-79663.7,20.1,64.3,50.4
AUD_USD,2.0,1.0,10,42302,25581,16721,-276.16,-356.53,-36056.1,-23274.1,-59330.5,21.6,73.8,49.9
AUD_USD,2.0,1.0,30,26337,16228,10109,-170.99,-216.04,-22324.8,-14102.8,-36428.0,24.5,84.8,50.1
AUD_USD,2.0,2.0,1,95655,56758,38897,-612.73,-852.22,-79998.3,-55632.9,-135631.2,18.4,10.2,50.3
AUD_USD,2.0,2.0,2,70145,42380,27765,-456.71,-606.97,-59627.5,-39623.0,-99251.7,28.5,20.1,50.1
AUD_USD,2.0,2.0,5,44187,27132,17055,-289.9,-363.14,-37849.0,-23706.0,-61556.3,44.6,38.0,50.1
AUD_USD,2.0,2.0,10,30694,18956,11738,-198.69,-244.6,-25940.7,-15967.7,-41909.7,56.7,52.8,50.5
AUD_USD,2.0,2.0,30,17033,10542,6491,-106.08,-137.91,-13849.7,-9002.7,-22859.2,71.5,71.1,49.9
AUD_USD,2.0,3.0,1,93897,56003,37894,-603.64,-827.38,-78811.7,-54011.6,-132823.3,16.3,3.5,50.3
AUD_USD,2.0,3.0,2,67067,40930,26137,-438.31,-575.82,-57225.8,-37589.8,-94817.9,23.4,8.3,50.2
AUD_USD,2.0,3.0,5,39901,24777,15124,-265.67,-326.12,-34686.4,-21289.2,-55980.1,35.0,21.0,50.3
AUD_USD,2.0,3.0,10,26250,16393,9857,-170.58,-202.98,-22271.5,-13250.8,-35529.7,46.1,35.9,50.4
AUD_USD,2.0,3.0,30,13421,8382,5039,-82.55,-103.05,-10778.2,-6727.3,-17515.2,62.2,58.6,50.4
AUD_USD,2.0,5.0,1,93106,55679,37427,-598.47,-819.47,-78136.3,-53494.9,-131631.2,15.7,0.7,50.3
AUD_USD,2.0,5.0,2,65645,40305,25340,-433.61,-558.35,-56611.9,-36449.2,-93063.5,22.0,1.8,50.3
AUD_USD,2.0,5.0,5,37434,23564,13870,-250.42,-295.3,-32695.4,-19277.3,-51979.3,31.0,7.0,50.6
AUD_USD,2.0,5.0,10,23144,14713,8431,-151.64,-173.93,-19797.8,-11354.1,-31155.8,38.4,15.4,50.6
AUD_USD,2.0,5.0,30,10546,6699,3847,-70.87,-82.8,-9253.3,-5405.3,-14670.5,50.5,37.0,50.6
AUD_USD,3.0,1.0,1,41974,21672,20302,-253.06,-458.3,-33040.1,-29918.1,-62958.3,16.2,42.0,50.9
AUD_USD,3.0,1.0,2,35918,18888,17030,-221.6,-381.3,-28932.1,-24891.2,-53823.7,19.7,54.9,50.8
AUD_USD,3.0,1.0,5,28616,15357,13259,-178.6,-293.7,-23318.2,-19172.5,-42491.1,22.7,69.6,50.6
AUD_USD,3.0,1.0,10,23621,12868,10753,-148.13,-235.08,-19339.7,-15346.1,-34686.2,24.6,77.8,50.9
AUD_USD,3.0,1.0,30,17008,9612,7396,-108.78,-165.09,-14202.3,-10777.0,-24979.7,25.5,86.8,50.7
AUD_USD,3.0,2.0,1,39057,20513,18544,-239.14,-420.27,-31222.6,-27435.3,-58657.9,24.0,16.2,50.8
AUD_USD,3.0,2.0,2,31974,17234,14740,-199.28,-330.54,-26018.0,-21577.8,-47596.1,33.8,27.2,51.0
AUD_USD,3.0,2.0,5,23542,13067,10475,-148.27,-236.01,-19357.6,-15407.0,-34766.0,48.7,44.7,50.9
AUD_USD,3.0,2.0,10,18495,10427,8068,-115.3,-167.78,-15053.2,-10952.5,-26008.3,60.5,58.2,50.9
AUD_USD,3.0,2.0,30,12205,7038,5167,-75.52,-107.69,-9859.4,-7030.0,-16901.4,73.1,74.3,51.0
AUD_USD,3.0,3.0,1,38135,20179,17956,-233.72,-409.47,-30515.1,-26729.9,-57245.0,20.5,6.4,50.9
AUD_USD,3.0,3.0,2,30521,16633,13888,-189.4,-312.06,-24728.5,-20371.3,-45100.2,27.6,13.0,51.1
AUD_USD,3.0,3.0,5,21543,12119,9424,-136.98,-209.73,-17883.7,-13691.3,-31576.7,38.9,27.2,50.7
AUD_USD,3.0,3.0,10,16128,9255,6873,-98.44,-143.71,-12852.2,-9381.6,-22237.1,49.4,42.0,50.7
AUD_USD,3.0,3.0,30,9940,5826,4114,-62.65,-82.36,-8179.1,-5376.8,-13557.5,64.5,61.9,50.8
AUD_USD,3.0,5.0,1,37632,19973,17659,-230.75,-399.46,-30126.7,-26076.9,-56203.6,19.5,1.5,50.9
AUD_USD,3.0,5.0,2,29638,16274,13364,-185.02,-299.72,-24156.8,-19565.6,-43722.7,25.7,3.5,51.1
AUD_USD,3.0,5.0,5,20061,11464,8597,-127.57,-189.2,-16656.2,-12351.3,-29010.3,33.2,10.1,50.9
AUD_USD,3.0,5.0,10,14339,8363,5976,-87.8,-121.53,-11462.9,-7933.8,-19400.5,40.5,20.1,51.0
AUD_USD,3.0,5.0,30,7979,4767,3212,-51.78,-68.01,-6760.4,-4439.7,-11203.9,51.3,40.6,50.9
NZD_USD,0.3,1.0,1,257670,169821,87849,-2075.04,-2245.6,-263156.6,-142393.3,-405549.9,3.0,20.9,50.1
NZD_USD,0.3,1.0,2,154587,101513,53074,-1244.52,-1358.09,-157830.5,-86116.4,-243946.9,4.6,36.3,49.9
NZD_USD,0.3,1.0,5,82153,53650,28503,-662.17,-736.93,-83976.6,-46728.6,-130705.2,6.9,56.1,50.1
NZD_USD,0.3,1.0,10,53135,34622,18513,-420.09,-474.97,-53275.9,-30117.7,-83393.6,8.4,68.7,50.2
NZD_USD,0.3,1.0,30,27960,18213,9747,-229.99,-264.19,-29167.3,-16752.4,-45919.7,9.8,81.6,49.8
NZD_USD,0.3,2.0,1,239779,158658,81121,-1933.05,-2063.65,-245149.7,-130856.3,-376006.0,7.3,4.0,49.9
NZD_USD,0.3,2.0,2,132236,87358,44878,-1068.03,-1143.92,-135447.6,-72535.7,-207983.3,15.8,11.2,50.1
NZD_USD,0.3,2.0,5,61516,40431,21085,-497.05,-541.55,-63035.8,-34339.8,-97375.7,32.0,28.7,49.9
NZD_USD,0.3,2.0,10,36464,23942,12522,-286.37,-324.45,-36317.5,-20573.1,-56890.5,46.3,45.2,50.0
NZD_USD,0.3,2.0,30,17401,11322,6079,-135.51,-165.41,-17185.5,-10488.5,-27675.0,65.5,66.8,49.7
NZD_USD,0.3,3.0,1,237617,157517,80100,-1916.99,-2038.56,-243112.8,-129265.0,-372377.8,6.4,1.0,50.0
NZD_USD,0.3,3.0,2,128226,84969,43257,-1033.37,-1092.71,-131051.9,-69288.9,-200340.8,13.0,3.5,50.1
NZD_USD,0.3,3.0,5,56068,36984,19084,-451.79,-479.05,-57295.6,-30376.7,-87672.3,25.1,13.6,50.0
NZD_USD,0.3,3.0,10,31062,20436,10626,-247.09,-271.94,-31336.3,-17244.0,-48580.3,36.0,27.6,49.9
NZD_USD,0.3,3.0,30,13556,8835,4721,-107.69,-127.45,-13657.3,-8081.8,-21760.8,54.9,52.5,50.0
NZD_USD,0.3,5.0,1,237047,157234,79813,-1909.44,-2027.14,-242155.1,-128540.9,-370696.0,6.2,0.2,49.9
NZD_USD,0.3,5.0,2,126982,84294,42688,-1025.2,-1078.91,-130015.7,-68413.6,-198429.3,12.4,0.7,49.9
NZD_USD,0.3,5.0,5,53531,35480,18051,-430.77,-455.93,-54629.9,-28910.3,-83541.1,22.1,3.3,49.7
NZD_USD,0.3,5.0,10,27913,18471,9442,-227.12,-240.57,-28803.5,-15254.5,-44058.0,30.2,9.7,50.1
NZD_USD,0.3,5.0,30,10805,7094,3711,-77.79,-98.6,-9865.0,-6252.0,-16135.5,43.2,31.6,49.9
NZD_USD,0.5,1.0,1,242721,159596,83125,-1951.08,-2118.68,-247435.4,-134345.5,-381780.9,3.0,21.1,50.1
NZD_USD,0.5,1.0,2,149294,97952,51342,-1195.67,-1309.76,-151634.8,-83052.1,-234687.0,4.8,36.6,50.1
NZD_USD,0.5,1.0,5,80705,52740,27965,-648.5,-727.1,-82243.0,-46105.4,-128348.3,6.9,56.2,49.9
NZD_USD,0.5,1.0,10,52699,34431,18268,-419.88,-470.35,-53248.9,-29825.0,-83073.9,8.5,68.6,50.4
NZD_USD,0.5,1.0,30,28049,18374,9675,-232.37,-267.01,-29468.7,-16931.1,-46399.8,10.0,81.7,49.8
NZD_USD,0.5,2.0,1,226325,149525,76800,-1820.23,-1949.39,-230841.2,-123611.0,-354452.2,7.5,4.1,50.1
NZD_USD,0.5,2.0,2,127998,84462,43536,-1033.91,-1110.16,-131120.2,-70395.5,-201515.7,15.6,11.2,50.0
NZD_USD,0.5,2.0,5,60681,39847,20834,-482.93,-537.51,-61245.4,-34083.5,-95328.9,32.0,29.0,50.2
NZD_USD,0.5,2.0,10,36184,23677,12507,-287.55,-320.48,-36466.5,-20321.6,-56788.1,46.7,45.3,50.3
NZD_USD,0.5,2.0,30,17347,11322,6025,-136.73,-159.2,-17340.0,-10095.1,-27439.9,65.1,67.0,50.0
NZD_USD,0.5,3.0,1,224278,148407,75871,-1799.56,-1923.46,-228220.6,-121966.9,-350187.5,6.6,1.0,50.1
NZD_USD,0.5,3.0,2,124207,82187,42020,-1000.67,-1060.43,-126905.2,-67241.6,-194146.8,13.1,3.6,50.1
NZD_USD,0.5,3.0,5,55304,36452,18852,-443.54,-477.18,-56249.4,-30258.0,-86507.4,25.0,13.9,50.6
NZD_USD,0.5,3.0,10,30878,20256,10622,-249.32,-258.55,-31619.2,-16394.5,-48015.1,36.5,27.8,49.7
NZD_USD,0.5,3.0,30,13462,8817,4645,-108.14,-124.06,-13714.7,-7866.4,-21607.2,54.7,52.2,50.1
NZD_USD,0.5,5.0,1,223735,148146,75589,-1794.11,-1912.31,-227529.5,-121259.8,-348789.3,6.5,0.2,50.1
NZD_USD,0.5,5.0,2,122960,81498,41462,-987.57,-1042.76,-125243.4,-66121.6,-191365.1,12.5,0.7,49.9
NZD_USD,0.5,5.0,5,52817,34981,17836,-423.11,-452.26,-53658.9,-28678.0,-82336.9,22.3,3.3,50.3
NZD_USD,0.5,5.0,10,27776,18349,9427,-223.03,-226.57,-28284.8,-14367.1,-42651.9,31.3,10.0,49.8
NZD_USD,0.5,5.0,30,10764,7082,3682,-81.18,-99.09,-10295.2,-6283.4,-16601.1,43.5,31.1,49.4
NZD_USD,1.0,1.0,1,192883,125909,66974,-1542.88,-1716.39,-195667.9,-108836.0,-304503.9,3.4,22.6,50.2
NZD_USD,1.0,1.0,2,128651,84039,44612,-1036.04,-1149.32,-131390.2,-72878.2,-204268.4,5.0,37.3,50.2
NZD_USD,1.0,1.0,5,74655,48672,25983,-597.88,-668.26,-75823.2,-42374.6,-118197.8,7.1,56.8,50.2
NZD_USD,1.0,1.0,10,50206,32624,17582,-398.67,-457.5,-50559.6,-29010.3,-79569.9,8.0,69.0,50.1
NZD_USD,1.0,1.0,30,27228,17801,9427,-222.27,-266.71,-28188.2,-16912.3,-45100.6,9.3,81.7,50.5
NZD_USD,1.0,2.0,1,180707,118647,62060,-1445.71,-1583.19,-183344.6,-100390.0,-283734.6,8.2,4.6,50.1
NZD_USD,1.0,2.0,2,111534,73336,38198,-898.16,-978.66,-113904.2,-62057.0,-175961.2,16.3,11.9,50.3
NZD_USD,1.0,2.0,5,56728,37198,19530,-455.24,-502.68,-57733.8,-31874.8,-89608.6,32.6,29.3,50.3
NZD_USD,1.0,2.0,10,34863,22754,12109,-276.49,-307.13,-35064.1,-19475.1,-54539.2,47.2,45.7,50.4
NZD_USD,1.0,2.0,30,17275,11218,6057,-137.6,-157.81,-17449.9,-10006.7,-27481.7,65.7,66.9,50.1
NZD_USD,1.0,3.0,1,178940,117706,61234,-1431.47,-1556.07,-181538.5,-98670.4,-280208.9,7.2,1.2,50.1
NZD_USD,1.0,3.0,2,108239,71412,36827,-868.99,-937.3,-110205.5,-59434.4,-169639.9,13.4,3.8,50.3
NZD_USD,1.0,3.0,5,51854,34148,17706,-421.2,-446.03,-53416.9,-28282.7,-81699.6,25.6,13.9,50.2
NZD_USD,1.0,3.0,10,29803,19535,10268,-238.0,-262.81,-30182.6,-16664.6,-46847.2,36.2,28.0,50.1
NZD_USD,1.0,3.0,30,13499,8819,4680,-100.66,-121.93,-12765.9,-7731.9,-20518.7,55.9,54.0,50.1
NZD_USD,1.0,5.0,1,178442,117471,60971,-1426.21,-1545.14,-180871.7,-97977.3,-278849.1,7.0,0.2,50.1
NZD_USD,1.0,5.0,2,107137,70814,36323,-859.02,-915.65,-108940.9,-58061.5,-167002.4,13.1,0.7,50.2
NZD_USD,1.0,5.0,5,49536,32793,16743,-398.85,-422.03,-50581.9,-26761.2,-77343.1,22.9,3.5,50.4
NZD_USD,1.0,5.0,10,26798,17692,9106,-216.99,-230.67,-27518.8,-14626.5,-42145.3,30.2,9.7,50.3
NZD_USD,1.0,5.0,30,10570,6942,3628,-83.14,-99.64,-10544.3,-6318.4,-16878.1,42.2,30.9,50.6
NZD_USD,1.5,1.0,1,131643,84807,46836,-1061.69,-1229.91,-134643.2,-77988.6,-212631.9,3.9,25.2,50.5
NZD_USD,1.5,1.0,2,97108,62767,34341,-787.65,-897.11,-99890.0,-56885.9,-156776.0,5.4,39.9,50.4
NZD_USD,1.5,1.0,5,62800,40658,22142,-509.34,-574.27,-64594.8,-36414.7,-101009.4,7.3,58.4,50.3
NZD_USD,1.5,1.0,10,44761,29099,15662,-358.2,-406.8,-45427.0,-25795.5,-71222.5,8.9,70.3,50.3
NZD_USD,1.5,1.0,30,25824,16753,9071,-210.98,-254.4,-26756.0,-16131.8,-42887.8,9.6,82.4,50.1
NZD_USD,1.5,2.0,1,123865,80310,43555,-996.89,-1137.69,-126425.5,-72140.8,-198566.3,9.7,5.7,50.5
NZD_USD,1.5,2.0,2,85406,55734,29672,-688.7,-774.98,-87341.3,-49141.7,-136483.0,17.9,13.3,50.6
NZD_USD,1.5,2.0,5,48881,31899,16982,-394.4,-444.55,-50017.5,-28189.1,-78206.6,33.6,30.7,50.6
NZD_USD,1.5,2.0,10,31774,20695,11079,-249.49,-289.12,-31640.6,-18333.4,-49974.0,47.5,46.7,50.6
NZD_USD,1.5,2.0,30,16412,10715,5697,-131.56,-162.56,-16684.4,-10308.0,-27021.0,64.7,67.2,50.8
NZD_USD,1.5,3.0,1,122494,79630,42864,-985.88,-1114.53,-125028.8,-70672.2,-195701.0,8.4,1.6,50.5
NZD_USD,1.5,3.0,2,82792,54223,28569,-669.4,-739.03,-84893.0,-46862.0,-131755.0,14.8,4.5,50.5
NZD_USD,1.5,3.0,5,44690,29286,15404,-362.26,-405.24,-45941.3,-25696.1,-71637.4,25.5,14.9,50.5
NZD_USD,1.5,3.0,10,27273,17836,9437,-217.34,-244.19,-27563.4,-15484.1,-43047.5,37.0,28.6,50.8
NZD_USD,1.5,3.0,30,12784,8354,4430,-103.56,-121.51,-13133.7,-7705.2,-20849.6,54.5,53.0,50.7
NZD_USD,1.5,5.0,1,122059,79419,42640,-981.48,-1101.19,-124471.2,-69826.2,-194297.3,8.3,0.3,50.5
NZD_USD,1.5,5.0,2,81832,53729,28103,-660.52,-721.89,-83767.0,-45775.0,-129541.9,14.2,0.9,50.6
NZD_USD,1.5,5.0,5,42713,28127,14586,-347.34,-383.79,-44050.2,-24336.0,-68386.3,22.8,3.7,50.6
NZD_USD,1.5,5.0,10,24623,16248,8375,-195.71,-218.01,-24819.6,-13824.0,-38643.6,30.8,10.4,50.7
NZD_USD,1.5,5.0,30,10291,6727,3564,-81.38,-96.14,-10321.2,-6096.3,-16450.0,43.8,31.3,50.6
NZD_USD,2.0,1.0,1,77294,48407,28887,-633.55,-796.52,-80346.6,-50507.6,-130854.2,4.9,28.7,50.2
NZD_USD,2.0,1.0,2,62271,39382,22889,-514.12,-627.53,-65200.7,-39791.4,-104992.2,6.3,43.2,50.4
NZD_USD,2.0,1.0,5,45030,28662,16368,-373.47,-442.09,-47363.1,-28033.1,-75396.2,8.1,60.7,50.0
NZD_USD,2.0,1.0,10,34408,21962,12446,-285.36,-339.87,-36189.0,-21551.4,-57740.4,9.1,71.4,50.2
NZD_USD,2.0,1.0,30,21930,14096,7834,-187.98,-226.82,-23839.0,-14382.6,-38221.6,10.0,82.9,50.4
NZD_USD,2.0,2.0,1,73123,46092,27031,-594.7,-737.97,-75419.9,-46794.7,-122214.6,11.8,7.5,50.1
NZD_USD,2.0,2.0,2,55782,35574,20208,-455.16,-547.32,-57724.0,-34705.7,-92429.7,20.4,15.9,50.3
NZD_USD,2.0,2.0,5,36487,23464,13023,-299.3,-350.62,-37957.4,-22232.9,-60190.4,35.7,33.2,50.0
NZD_USD,2.0,2.0,10,25665,16504,9161,-211.62,-246.45,-26837.6,-15627.2,-42465.4,48.9,48.0,50.2
NZD_USD,2.0,2.0,30,14808,9547,5261,-121.15,-150.22,-15363.9,-9525.1,-24890.7,65.5,68.6,51.0
NZD_USD,2.0,3.0,1,72193,45647,26546,-585.3,-720.22,-74227.3,-45669.0,-119896.3,10.1,2.3,50.1
NZD_USD,2.0,3.0,2,54079,34665,19414,-440.33,-520.05,-55842.4,-32976.6,-88819.0,16.7,5.8,50.3
NZD_USD,2.0,3.0,5,33617,21755,11862,-274.8,-316.14,-34850.7,-20046.5,-54897.3,27.7,16.9,50.0
NZD_USD,2.0,3.0,10,22453,14594,7859,-180.0,-211.36,-22827.3,-13402.3,-36231.1,37.5,30.7,50.0
NZD_USD,2.0,3.0,30,11831,7709,4122,-95.21,-116.58,-12074.5,-7392.3,-19485.2,55.3,54.5,50.6
NZD_USD,2.0,5.0,1,71833,45468,26365,-582.46,-711.07,-73868.1,-45088.8,-118956.9,9.9,0.5,50.1
NZD_USD,2.0,5.0,2,53310,34265,19045,-431.86,-504.54,-54768.5,-31993.2,-86761.7,16.0,1.2,50.4
NZD_USD,2.0,5.0,5,32034,20832,11202,-260.56,-297.67,-33044.1,-18875.5,-51919.6,24.8,4.5,49.8
NZD_USD,2.0,5.0,10,20302,13278,7024,-163.14,-190.76,-20689.7,-12096.2,-32809.4,31.4,11.4,49.9
NZD_USD,2.0,5.0,30,9417,6138,3279,-78.47,-98.21,-9951.4,-6227.3,-16202.8,43.2,32.0,50.3
NZD_USD,3.0,1.0,1,26846,15823,11023,-243.43,-359.66,-30871.6,-22806.0,-53677.5,7.2,37.0,50.2
NZD_USD,3.0,1.0,2,23656,14081,9575,-216.3,-310.01,-27431.5,-19657.8,-47089.3,8.3,50.0,50.4
NZD_USD,3.0,1.0,5,19550,11786,7764,-179.42,-251.12,-22753.9,-15923.7,-38677.6,9.4,65.7,50.0
NZD_USD,3.0,1.0,10,16661,10114,6547,-152.43,-209.51,-19331.5,-13285.0,-32616.5,10.5,75.1,50.2
NZD_USD,3.0,1.0,30,12785,7900,4885,-119.77,-168.16,-15189.0,-10662.8,-25857.4,10.6,85.2,50.3
NZD_USD,3.0,2.0,1,25458,15093,10365,-226.83,-329.72,-28766.2,-20907.6,-49673.8,16.5,12.5,50.1
NZD_USD,3.0,2.0,2,21600,12982,8618,-191.24,-269.81,-24252.6,-17108.6,-41361.3,24.9,22.2,50.3
NZD_USD,3.0,2.0,5,16722,10195,6527,-147.24,-200.09,-18673.0,-12687.6,-31360.6,40.2,40.2,50.2
NZD_USD,3.0,2.0,10,13514,8318,5196,-117.9,-156.98,-14952.7,-9953.9,-24907.2,51.3,53.6,50.4
NZD_USD,3.0,2.0,30,9391,5847,3544,-83.86,-111.48,-10635.7,-7069.1,-17705.5,65.3,70.9,50.3
NZD_USD,3.0,3.0,1,25000,14889,10111,-220.81,-319.16,-28003.0,-20238.2,-48241.2,13.8,4.8,50.2
NZD_USD,3.0,3.0,2,20893,12605,8288,-183.19,-257.76,-23231.9,-16344.5,-39576.5,19.9,9.7,50.7
NZD_USD,3.0,3.0,5,15630,9596,6034,-134.68,-178.16,-17079.9,-11297.2,-28377.1,32.2,23.1,50.3
NZD_USD,3.0,3.0,10,12238,7575,4663,-103.35,-130.61,-13107.4,-8282.1,-21390.9,42.1,36.8,50.5
NZD_USD,3.0,3.0,30,7956,4978,2978,-66.24,-86.05,-8400.2,-5456.4,-13858.0,57.6,58.4,50.0
NZD_USD,3.0,5.0,1,24788,14791,9997,-217.97,-311.83,-27643.3,-19772.9,-47416.1,13.6,1.1,50.2
NZD_USD,3.0,5.0,2,20510,12427,8083,-178.6,-244.1,-22649.5,-15478.6,-38128.1,18.8,2.5,50.5
NZD_USD,3.0,5.0,5,14830,9175,5655,-128.32,-168.09,-16273.0,-10658.9,-26931.9,27.7,7.3,50.2
NZD_USD,3.0,5.0,10,11164,6978,4186,-90.54,-120.99,-11482.4,-7671.9,-19155.1,33.9,15.6,50.4
NZD_USD,3.0,5.0,30,6606,4188,2418,-52.68,-70.94,-6681.0,-4498.3,-11195.8,45.8,36.4,50.3
EUR_GBP,0.3,1.0,1,237418,158873,78545,-2000.05,-2025.02,-245672.2,-124369.3,-370041.5,1.2,13.1,49.7
EUR_GBP,0.3,1.0,2,138078,92771,45307,-1166.34,-1169.07,-143264.7,-71800.2,-215064.9,2.3,25.6,49.7
EUR_GBP,0.3,1.0,5,70230,47579,22651,-598.68,-586.1,-73537.6,-35996.1,-109533.7,4.0,46.1,50.1
EUR_GBP,0.3,1.0,10,44260,29983,14277,-374.05,-362.02,-45945.5,-22234.3,-68179.8,5.2,60.9,50.1
EUR_GBP,0.3,1.0,30,22862,15641,7221,-198.56,-190.18,-24389.1,-11680.4,-36069.5,6.8,77.2,49.7
EUR_GBP,0.3,2.0,1,227494,151678,75816,-1893.31,-1932.37,-232560.6,-118679.2,-351239.9,2.5,1.8,49.7
EUR_GBP,0.3,2.0,2,124271,82903,41368,-1036.16,-1046.24,-127274.9,-64256.4,-191531.3,6.6,5.7,49.8
EUR_GBP,0.3,2.0,5,55541,37176,18365,-463.52,-465.13,-56936.0,-28566.5,-85502.6,16.6,17.6,49.8
EUR_GBP,0.3,2.0,10,31257,21071,10186,-262.52,-255.25,-32245.6,-15676.8,-47922.5,28.1,31.7,49.4
EUR_GBP,0.3,2.0,30,14043,9514,4529,-116.71,-107.13,-14335.6,-6579.4,-20915.4,51.0,56.1,49.4
EUR_GBP,0.3,3.0,1,226528,150972,75556,-1878.23,-1916.2,-230708.5,-117686.3,-348394.8,2.4,0.4,49.7
EUR_GBP,0.3,3.0,2,122368,81509,40859,-1011.81,-1030.77,-124283.5,-63306.3,-187589.8,6.0,1.5,49.6
EUR_GBP,0.3,3.0,5,52422,34973,17449,-434.62,-440.27,-53385.8,-27040.1,-80425.9,13.2,6.6,49.7
EUR_GBP,0.3,3.0,10,27864,18652,9212,-232.15,-228.96,-28516.1,-14061.7,-42577.8,21.5,15.3,50.1
EUR_GBP,0.3,3.0,30,11212,7555,3657,-94.23,-89.95,-11575.0,-5524.7,-17109.1,38.7,38.0,49.3
EUR_GBP,0.3,5.0,1,226245,150778,75467,-1873.58,-1911.78,-230136.9,-117414.9,-347551.8,2.4,0.1,49.7
EUR_GBP,0.3,5.0,2,121862,81140,40722,-1005.08,-1022.15,-123457.1,-62777.1,-186234.2,5.8,0.2,49.8
EUR_GBP,0.3,5.0,5,51275,34114,17161,-422.02,-429.65,-51837.4,-26387.8,-78225.1,12.5,1.2,49.7
EUR_GBP,0.3,5.0,10,26346,17549,8797,-214.31,-212.11,-26324.5,-13027.2,-39351.7,19.7,4.0,49.7
EUR_GBP,0.3,5.0,30,9489,6364,3125,-75.99,-77.8,-9334.7,-4778.0,-14116.3,30.1,16.6,49.4
EUR_GBP,0.5,1.0,1,218276,146942,71334,-1845.12,-1831.48,-226641.3,-112483.2,-339124.5,1.3,13.7,50.0
EUR_GBP,0.5,1.0,2,131696,88755,42941,-1118.72,-1107.49,-137415.6,-68018.1,-205433.7,2.3,26.3,49.8
EUR_GBP,0.5,1.0,5,68802,46618,22184,-585.04,-568.79,-71862.6,-34932.8,-106795.3,3.7,46.7,49.9
EUR_GBP,0.5,1.0,10,43833,29818,14015,-371.61,-353.35,-45645.7,-21701.5,-67347.1,4.9,61.3,50.2
EUR_GBP,0.5,1.0,30,23055,15696,7359,-200.37,-192.08,-24611.7,-11796.6,-36408.3,6.7,77.9,49.9
EUR_GBP,0.5,2.0,1,208969,140269,68700,-1742.67,-1746.24,-214057.0,-107247.9,-321304.9,2.7,2.0,50.1
EUR_GBP,0.5,2.0,2,118386,79286,39100,-988.75,-991.5,-121450.3,-60894.3,-182344.6,6.8,5.8,50.0
EUR_GBP,0.5,2.0,5,54347,36432,17915,-454.51,-454.12,-55828.2,-27890.6,-83718.7,17.0,17.8,50.2
EUR_GBP,0.5,2.0,10,30978,20867,10111,-254.31,-250.91,-31238.1,-15410.1,-46648.3,28.5,32.1,50.1
EUR_GBP,0.5,2.0,30,13912,9395,4517,-120.98,-110.09,-14860.1,-6761.6,-21622.2,50.2,55.7,50.2
EUR_GBP,0.5,3.0,1,208018,139566,68452,-1724.42,-1733.86,-211814.9,-106487.7,-318302.6,2.6,0.5,50.2
EUR_GBP,0.5,3.0,2,116554,77947,38607,-966.57,-971.74,-118726.9,-59680.5,-178407.4,6.1,1.6,50.0
EUR_GBP,0.5,3.0,5,51323,34284,17039,-422.77,-426.99,-51930.4,-26224.0,-78154.4,13.8,6.6,50.0
EUR_GBP,0.5,3.0,10,27635,18511,9124,-226.17,-221.49,-27780.7,-13603.0,-41383.7,22.0,15.6,49.9
EUR_GBP,0.5,3.0,30,11173,7535,3638,-91.01,-84.34,-11178.5,-5180.2,-16362.5,39.3,38.4,50.6
EUR_GBP,0.5,5.0,1,207745,139364,68381,-1719.4,-1728.33,-211198.3,-106148.0,-317346.3,2.6,0.1,50.2
EUR_GBP,0.5,5.0,2,116033,77560,38473,-959.24,-965.16,-117825.6,-59276.6,-177102.2,6.1,0.3,50.0
EUR_GBP,0.5,5.0,5,50235,33497,16738,-409.04,-417.66,-50243.9,-25651.3,-75895.2,13.2,1.3,49.9
EUR_GBP,0.5,5.0,10,26086,17383,8703,-212.86,-207.56,-26145.7,-12747.6,-38893.3,20.2,4.2,49.6
EUR_GBP,0.5,5.0,30,9426,6319,3107,-76.86,-79.18,-9441.0,-4862.9,-14311.3,30.2,16.7,49.7
EUR_GBP,1.0,1.0,1,143139,99660,43479,-1279.19,-1171.55,-157127.0,-71952.5,-229079.5,1.6,16.8,50.2
EUR_GBP,1.0,1.0,2,99022,68584,30438,-879.91,-809.71,-108081.5,-49729.4,-157811.0,2.7,29.7,50.3
EUR_GBP,1.0,1.0,5,58890,40582,18308,-519.28,-481.25,-63784.8,-29556.8,-93341.6,4.1,49.2,50.2
EUR_GBP,1.0,1.0,10,39970,27436,12534,-345.36,-320.61,-42421.2,-19690.4,-62111.6,5.3,62.9,50.4
EUR_GBP,1.0,1.0,30,22093,15054,7039,-192.78,-184.11,-23680.0,-11307.5,-34987.5,6.7,78.4,49.5
EUR_GBP,1.0,2.0,1,136633,95024,41609,-1202.36,-1102.86,-147689.6,-67733.5,-215423.1,3.8,2.7,50.2
EUR_GBP,1.0,2.0,2,89038,61384,27654,-771.88,-717.9,-94811.6,-44090.9,-138902.5,8.2,7.1,50.4
EUR_GBP,1.0,2.0,5,46904,32033,14871,-398.68,-375.55,-48971.5,-23064.8,-72036.2,19.2,19.8,50.2
EUR_GBP,1.0,2.0,10,28337,19354,8983,-241.31,-223.79,-29640.2,-13744.5,-43384.7,29.7,32.9,50.2
EUR_GBP,1.0,2.0,30,13489,9223,4266,-115.08,-105.82,-14135.1,-6499.0,-20634.1,50.3,56.6,50.0
EUR_GBP,1.0,3.0,1,135856,94468,41388,-1190.94,-1091.85,-146286.0,-67057.4,-213343.4,3.5,0.7,50.2
EUR_GBP,1.0,3.0,2,87398,60190,27208,-750.05,-702.5,-92130.7,-43145.3,-135276.0,7.4,1.9,50.3
EUR_GBP,1.0,3.0,5,44124,30057,14067,-370.72,-354.11,-45537.1,-21748.3,-67285.4,15.4,7.5,50.3
EUR_GBP,1.0,3.0,10,25309,17148,8161,-211.77,-201.98,-26012.0,-12404.9,-38416.9,22.7,16.1,50.1
EUR_GBP,1.0,3.0,30,10836,7333,3503,-91.43,-78.65,-11231.1,-4830.4,-16061.6,40.4,38.8,49.7
EUR_GBP,1.0,5.0,1,135596,94278,41318,-1185.0,-1086.05,-145557.1,-66701.1,-212258.1,3.5,0.1,50.3
EUR_GBP,1.0,5.0,2,86935,59825,27110,-741.63,-694.19,-91096.6,-42634.6,-133731.2,7.4,0.3,50.3
EUR_GBP,1.0,5.0,5,43060,29287,13773,-360.44,-345.99,-44273.3,-21249.5,-65522.8,14.5,1.4,50.5
EUR_GBP,1.0,5.0,10,23832,16085,7747,-196.07,-189.48,-24083.7,-11637.4,-35721.1,20.3,4.2,50.6
EUR_GBP,1.0,5.0,30,9089,6119,2970,-79.23,-71.13,-9732.4,-4368.8,-14111.8,30.5,16.1,49.9
EUR_GBP,1.5,1.0,1,79694,57293,22401,-784.18,-676.41,-96322.6,-41542.9,-137865.5,2.2,21.4,50.3
EUR_GBP,1.5,1.0,2,61922,44283,17639,-599.13,-517.23,-73593.2,-31766.7,-105359.9,3.4,34.8,50.5
EUR_GBP,1.5,1.0,5,42538,30162,12376,-403.5,-348.3,-49563.1,-21391.3,-70954.4,5.1,53.7,50.4
EUR_GBP,1.5,1.0,10,31618,22223,9395,-296.64,-254.91,-36437.5,-15655.8,-52093.2,6.1,66.0,50.3
EUR_GBP,1.5,1.0,30,19210,13324,5886,-182.11,-164.23,-22369.3,-10086.2,-32455.5,7.1,79.8,50.5
EUR_GBP,1.5,2.0,1,75843,54488,21355,-728.04,-627.05,-89427.2,-38511.2,-127938.7,4.9,3.9,50.5
EUR_GBP,1.5,2.0,2,55737,39724,16013,-519.91,-451.2,-63862.3,-27710.8,-91573.1,10.4,9.3,50.7
EUR_GBP,1.5,2.0,5,34219,24143,10076,-311.52,-265.67,-38264.6,-16316.8,-54581.3,22.1,22.9,50.3
EUR_GBP,1.5,2.0,10,22972,16054,6918,-204.93,-174.86,-25172.7,-10739.5,-35913.7,33.4,36.5,50.6
EUR_GBP,1.5,2.0,30,12188,8438,3750,-103.55,-91.77,-12719.5,-5636.2,-18356.6,52.7,58.8,50.4
EUR_GBP,1.5,3.0,1,75276,54062,21214,-716.48,-616.65,-88006.8,-37872.3,-125879.5,4.6,1.1,50.5
EUR_GBP,1.5,3.0,2,54535,38851,15684,-503.5,-437.9,-61846.9,-26894.1,-88741.0,9.3,2.8,50.8
EUR_GBP,1.5,3.0,5,32086,22594,9492,-284.81,-248.7,-34984.4,-15274.4,-50258.8,17.8,9.2,50.6
EUR_GBP,1.5,3.0,10,20430,14258,6172,-176.17,-156.12,-21639.1,-9588.1,-31228.0,25.2,18.8,50.9
EUR_GBP,1.5,3.0,30,9836,6806,3030,-81.09,-74.08,-9960.4,-4549.9,-14512.1,40.0,40.3,51.2
EUR_GBP,1.5,5.0,1,75061,53904,21157,-711.12,-613.36,-87349.0,-37670.1,-125019.5,4.5,0.2,50.5
EUR_GBP,1.5,5.0,2,54097,38535,15562,-496.13,-430.94,-60940.5,-26466.5,-87407.0,9.2,0.5,50.8
EUR_GBP,1.5,5.0,5,31161,21929,9232,-275.89,-240.12,-33888.8,-14747.5,-48636.3,16.7,1.8,50.5
EUR_GBP,1.5,5.0,10,19124,13305,5819,-161.63,-143.57,-19853.0,-8817.4,-28670.5,22.8,4.9,50.5
EUR_GBP,1.5,5.0,30,8253,5674,2579,-70.42,-67.51,-8650.4,-4146.2,-12800.2,32.0,17.8,50.1
EUR_GBP,2.0,1.0,1,40958,29804,11154,-461.36,-392.55,-56669.9,-24109.0,-80778.9,3.0,27.3,50.4
EUR_GBP,2.0,1.0,2,34467,25011,9456,-378.67,-319.5,-46513.4,-19622.4,-66135.9,4.0,41.0,50.4
EUR_GBP,2.0,1.0,5,26572,19174,7398,-286.23,-237.57,-35158.9,-14590.8,-49749.7,5.8,59.0,50.2
EUR_GBP,2.0,1.0,10,21313,15262,6051,-226.57,-187.93,-27830.3,-11542.3,-39372.6,6.3,69.6,50.6
EUR_GBP,2.0,1.0,30,14789,10329,4460,-155.09,-138.2,-19049.6,-8487.6,-27537.3,7.5,82.1,50.6
EUR_GBP,2.0,2.0,1,38763,28217,10546,-419.86,-358.75,-51573.1,-22033.4,-73606.5,6.8,6.2,50.5
EUR_GBP,2.0,2.0,2,31193,22657,8536,-325.19,-274.81,-39943.4,-16877.6,-56821.1,12.9,12.8,50.5
EUR_GBP,2.0,2.0,5,21851,15754,6097,-216.7,-179.91,-26618.3,-11049.4,-37667.7,25.5,27.5,50.2
EUR_GBP,2.0,2.0,10,16220,11627,4593,-156.63,-128.06,-19238.8,-7864.8,-27103.6,36.8,41.5,50.8
EUR_GBP,2.0,2.0,30,9834,6932,2902,-89.11,-75.14,-10945.5,-4614.8,-15560.3,54.3,62.2,51.1
EUR_GBP,2.0,3.0,1,38306,27884,10422,-409.17,-348.76,-50259.9,-21419.3,-71679.2,6.4,1.9,50.4
EUR_GBP,2.0,3.0,2,30356,22037,8319,-310.52,-263.89,-38142.4,-16207.3,-54349.8,11.5,4.2,50.5
EUR_GBP,2.0,3.0,5,20461,14759,5702,-197.59,-164.86,-24270.1,-10125.2,-34395.3,20.6,11.9,50.5
EUR_GBP,2.0,3.0,10,14453,10343,4110,-137.54,-111.25,-16894.6,-6832.6,-23727.2,28.5,22.5,50.6
EUR_GBP,2.0,3.0,30,7985,5620,2365,-73.62,-56.75,-9043.2,-3485.3,-12528.5,44.4,44.0,50.9
EUR_GBP,2.0,5.0,1,38110,27741,10369,-404.06,-346.39,-49632.0,-21273.7,-70905.7,6.2,0.4,50.5
EUR_GBP,2.0,5.0,2,30002,21773,8229,-303.69,-258.83,-37303.5,-15896.3,-53199.8,11.3,0.8,50.6
EUR_GBP,2.0,5.0,5,19777,14252,5525,-189.25,-155.69,-23246.7,-9562.2,-32808.8,19.6,2.4,50.4
EUR_GBP,2.0,5.0,10,13400,9563,3837,-123.95,-102.11,-15225.5,-6271.2,-21496.7,25.0,6.6,50.3
EUR_GBP,2.0,5.0,30,6740,4737,2003,-62.32,-52.78,-7654.9,-3241.7,-10896.6,34.4,20.4,50.7
EUR_GBP,3.0,1.0,1,12724,9333,3391,-199.67,-179.45,-24526.3,-11021.4,-35547.7,4.3,40.6,49.5
EUR_GBP,3.0,1.0,2,11492,8441,3051,-177.75,-153.54,-21833.4,-9429.7,-31263.1,5.2,53.3,50.0
EUR_GBP,3.0,1.0,5,9922,7258,2664,-149.43,-127.19,-18355.4,-7811.4,-26166.8,6.8,68.0,49.8
EUR_GBP,3.0,1.0,10,8848,6453,2395,-133.52,-108.69,-16400.5,-6675.5,-23076.0,7.7,76.9,50.0
EUR_GBP,3.0,1.0,30,7399,5338,2061,-114.75,-93.33,-14095.1,-5732.2,-19827.3,8.4,86.4,49.6
EUR_GBP,3.0,2.0,1,11796,8668,3128,-172.81,-158.5,-21226.3,-9734.3,-30960.6,9.8,13.6,49.3
EUR_GBP,3.0,2.0,2,10260,7553,2707,-143.46,-126.19,-17622.1,-7750.3,-25373.1,16.6,22.3,49.7
EUR_GBP,3.0,2.0,5,8298,6085,2213,-107.91,-91.89,-13254.4,-5643.6,-18898.8,28.7,37.9,49.6
EUR_GBP,3.0,2.0,10,7013,5099,1914,-90.79,-71.98,-11152.2,-4420.6,-15573.5,38.9,51.1,49.8
EUR_GBP,3.0,2.0,30,5262,3772,1490,-66.0,-54.09,-8107.2,-3322.2,-11430.1,51.3,68.4,49.1
EUR_GBP,3.0,3.0,1,11505,8442,3063,-164.53,-152.64,-20209.5,-9374.8,-29584.3,8.9,4.9,49.5
EUR_GBP,3.0,3.0,2,9821,7217,2604,-132.01,-119.32,-16215.5,-7328.0,-23544.2,15.1,8.9,49.7
EUR_GBP,3.0,3.0,5,7679,5631,2048,-94.99,-81.75,-11668.0,-5020.8,-16688.8,23.7,19.2,49.2
EUR_GBP,3.0,3.0,10,6294,4575,1719,-74.65,-59.89,-9169.4,-3678.1,-12847.5,32.5,31.1,49.6
EUR_GBP,3.0,3.0,30,4424,3171,1253,-50.61,-40.43,-6216.6,-2482.8,-8702.9,47.1,51.7,49.0
EUR_GBP,3.0,5.0,1,11365,8340,3025,-161.08,-149.58,-19785.8,-9186.6,-28972.3,8.6,1.2,49.5
EUR_GBP,3.0,5.0,2,9600,7059,2541,-127.01,-114.09,-15601.4,-7006.8,-22609.0,14.6,2.2,49.8
EUR_GBP,3.0,5.0,5,7321,5385,1936,-88.19,-75.13,-10832.0,-4614.3,-15446.3,21.8,5.4,49.9
EUR_GBP,3.0,5.0,10,5804,4237,1567,-67.18,-52.37,-8252.1,-3216.4,-11468.5,28.8,11.0,49.8
EUR_GBP,3.0,5.0,30,3782,2732,1050,-43.04,-31.92,-5287.0,-1960.6,-7253.6,37.5,27.2,49.2
