pair,ws_thr,tp_pips,hold_min,trades,is_n,oos_n,is_pd,oos_pd,is_net,oos_net,oos_dd,oos_wr,tp_rate,n_long_pct
USD_JPY,0.3,1.0,1,379858,253984,125874,-2742.47,-2859.97,-435000.5,-226819.1,-661820.6,8.7,41.0,51.0
USD_JPY,0.3,1.0,2,243221,162755,80466,-1756.39,-1822.08,-278593.2,-144505.9,-423100.1,11.4,54.9,51.0
USD_JPY,0.3,1.0,5,139219,93206,46013,-994.83,-1029.77,-157797.2,-81669.7,-239467.9,14.8,70.4,50.8
USD_JPY,0.3,1.0,10,93535,63056,30479,-663.95,-694.49,-105313.9,-55078.5,-160393.3,16.7,79.1,50.5
USD_JPY,0.3,1.0,30,51230,34914,16316,-363.35,-368.63,-57633.6,-29235.3,-86869.8,19.3,87.9,50.4
USD_JPY,0.3,2.0,1,326292,217814,108478,-2360.69,-2479.13,-374444.3,-196615.7,-571061.0,18.9,19.1,51.1
USD_JPY,0.3,2.0,2,192166,128481,63685,-1384.66,-1450.06,-219630.0,-115002.1,-334633.1,31.2,32.7,51.0
USD_JPY,0.3,2.0,5,99697,66939,32758,-718.1,-738.66,-113902.3,-58581.5,-172484.9,49.2,52.1,50.8
USD_JPY,0.3,2.0,10,63142,42366,20776,-448.38,-467.19,-71121.1,-37052.3,-108174.5,61.3,64.9,50.6
USD_JPY,0.3,2.0,30,32428,21885,10543,-237.21,-225.42,-37625.8,-17877.6,-55512.1,75.6,79.2,50.4
USD_JPY,0.3,3.0,1,309885,206654,103231,-2235.43,-2366.05,-354575.7,-187647.3,-542223.0,14.7,8.6,51.2
USD_JPY,0.3,3.0,2,174008,116141,57867,-1257.33,-1336.06,-199434.1,-105960.4,-305394.4,23.6,18.3,51.2
USD_JPY,0.3,3.0,5,83574,55946,27628,-599.42,-644.95,-95077.8,-51149.6,-146229.3,38.5,36.5,50.7
USD_JPY,0.3,3.0,10,50325,33931,16394,-359.48,-390.6,-57020.2,-30978.2,-88000.2,50.5,51.1,50.6
USD_JPY,0.3,3.0,30,24529,16540,7989,-174.73,-180.98,-27714.8,-14353.2,-42069.9,68.4,70.6,50.2
USD_JPY,0.3,5.0,1,302544,201647,100897,-2183.54,-2310.88,-346345.0,-183271.7,-529616.7,13.6,2.3,51.2
USD_JPY,0.3,5.0,2,163629,108956,54673,-1178.68,-1257.06,-186958.0,-99695.0,-286653.0,20.5,6.3,51.2
USD_JPY,0.3,5.0,5,72770,48446,24324,-523.04,-561.51,-82963.3,-44532.6,-127500.3,31.4,18.4,51.1
USD_JPY,0.3,5.0,10,40885,27274,13611,-292.14,-305.98,-46337.6,-24266.6,-70613.5,40.9,32.4,51.2
USD_JPY,0.3,5.0,30,18217,12238,5979,-130.52,-138.4,-20702.1,-10976.4,-31710.2,57.0,55.8,51.3
USD_JPY,0.5,1.0,1,361821,242760,119061,-2622.21,-2710.87,-415925.7,-214994.5,-630921.1,8.9,41.2,50.9
USD_JPY,0.5,1.0,2,236325,158610,77715,-1705.76,-1752.52,-270561.2,-138989.2,-409551.3,11.7,55.2,50.8
USD_JPY,0.5,1.0,5,136690,91808,44882,-980.17,-1012.26,-155470.4,-80280.8,-235752.2,15.2,70.3,50.7
USD_JPY,0.5,1.0,10,92159,62001,30158,-648.88,-679.93,-102922.7,-53924.3,-156847.9,17.2,78.9,50.4
USD_JPY,0.5,1.0,30,50763,34493,16270,-362.17,-366.68,-57446.4,-29080.8,-86530.4,19.5,87.8,50.6
USD_JPY,0.5,2.0,1,311914,208952,102962,-2260.18,-2375.61,-358501.6,-188405.4,-546908.0,19.2,19.4,51.0
USD_JPY,0.5,2.0,2,187214,125392,61822,-1359.99,-1423.47,-215716.4,-112893.1,-328610.6,31.2,32.7,51.0
USD_JPY,0.5,2.0,5,98490,66170,32320,-706.03,-730.25,-111988.6,-57914.8,-169904.4,49.2,52.2,50.6
USD_JPY,0.5,2.0,10,62749,42205,20544,-445.06,-462.47,-70594.6,-36678.1,-107275.1,61.6,64.9,50.6
USD_JPY,0.5,2.0,30,32530,22066,10464,-229.41,-233.01,-36388.3,-18479.3,-54876.0,75.4,79.4,50.5
USD_JPY,0.5,3.0,1,296266,198231,98035,-2151.18,-2264.35,-341212.2,-179581.6,-520793.9,15.0,8.8,51.1
USD_JPY,0.5,3.0,2,169621,113384,56237,-1226.32,-1300.21,-194514.4,-103117.3,-297631.7,24.0,18.5,51.1
USD_JPY,0.5,3.0,5,82684,55349,27335,-592.98,-639.1,-94056.0,-50685.7,-144743.6,38.6,36.8,50.9
USD_JPY,0.5,3.0,10,50095,33751,16344,-353.57,-387.78,-56082.2,-30754.2,-86839.7,50.7,51.4,50.4
USD_JPY,0.5,3.0,30,24585,16654,7931,-170.83,-181.09,-27095.8,-14362.2,-41459.8,68.5,70.9,50.3
USD_JPY,0.5,5.0,1,289130,193347,95783,-2095.21,-2210.93,-332334.3,-175345.3,-507679.6,13.7,2.4,51.0
USD_JPY,0.5,5.0,2,159525,106459,53066,-1154.36,-1222.76,-183100.6,-96975.2,-280075.8,20.5,6.5,51.1
USD_JPY,0.5,5.0,5,71934,47929,24005,-528.26,-560.35,-83791.5,-44440.2,-128234.5,31.1,18.3,51.0
USD_JPY,0.5,5.0,10,40770,27286,13484,-277.66,-321.04,-44042.2,-25461.3,-69510.9,40.3,32.7,50.8
USD_JPY,0.5,5.0,30,18141,12193,5948,-131.28,-144.02,-20823.1,-11422.2,-32272.5,57.1,55.8,50.1
USD_JPY,1.0,1.0,1,321569,217083,104486,-2355.96,-2400.6,-373693.6,-190387.3,-564081.9,9.5,41.6,50.8
USD_JPY,1.0,1.0,2,218116,147294,70822,-1590.04,-1626.13,-252207.4,-128965.8,-381174.2,12.4,55.2,50.7
USD_JPY,1.0,1.0,5,130292,87924,42368,-945.1,-963.92,-149908.9,-76446.9,-226356.8,15.7,70.2,50.6
USD_JPY,1.0,1.0,10,88925,60007,28918,-632.4,-654.35,-100308.8,-51895.2,-152204.9,17.4,78.9,50.9
USD_JPY,1.0,1.0,30,49959,33947,16012,-353.56,-363.44,-56080.8,-28823.6,-84905.4,19.8,87.9,50.6
USD_JPY,1.0,2.0,1,279638,188266,91372,-2046.16,-2116.3,-324554.6,-167840.1,-492395.8,20.1,20.0,50.9
USD_JPY,1.0,2.0,2,175181,117795,57386,-1283.35,-1329.5,-203561.3,-105440.4,-309002.8,31.8,33.1,50.6
USD_JPY,1.0,2.0,5,94966,63908,31058,-684.97,-705.97,-108647.2,-55989.7,-164637.9,49.5,52.3,50.3
USD_JPY,1.0,2.0,10,61444,41472,19972,-435.17,-459.49,-69025.2,-36441.3,-105467.9,61.2,64.8,50.5
USD_JPY,1.0,2.0,30,32112,21747,10365,-225.04,-224.17,-35695.5,-17778.2,-53479.1,75.7,79.3,50.9
USD_JPY,1.0,3.0,1,265806,178846,86960,-1950.44,-2023.52,-309372.7,-160482.0,-469854.7,15.8,9.2,51.0
USD_JPY,1.0,3.0,2,159176,106794,52382,-1167.81,-1223.54,-185234.2,-97036.8,-282271.1,24.3,18.8,50.9
USD_JPY,1.0,3.0,5,80235,53869,26366,-583.1,-619.36,-92489.2,-49120.3,-141612.3,38.9,36.8,50.6
USD_JPY,1.0,3.0,10,49153,33062,16091,-356.26,-380.14,-56508.6,-30148.5,-86669.8,51.2,51.4,50.1
USD_JPY,1.0,3.0,30,24631,16529,8102,-165.24,-175.75,-26209.4,-13938.3,-40149.6,69.6,71.3,50.3
USD_JPY,1.0,5.0,1,259126,174312,84814,-1904.81,-1981.12,-302133.7,-157119.4,-459253.1,14.4,2.5,51.1
USD_JPY,1.0,5.0,2,149770,100378,49392,-1099.38,-1151.2,-174379.3,-91299.6,-265678.9,20.8,6.7,50.8
USD_JPY,1.0,5.0,5,69979,46766,23213,-501.88,-539.64,-79607.2,-42797.6,-122407.5,31.5,18.9,50.5
USD_JPY,1.0,5.0,10,40173,26898,13275,-279.62,-312.33,-44353.0,-24770.2,-69155.9,40.4,32.8,50.7
USD_JPY,1.0,5.0,30,18247,12296,5951,-118.37,-132.79,-18774.8,-10531.7,-29311.2,57.8,56.9,50.5
USD_JPY,1.5,1.0,1,288650,195006,93644,-2121.63,-2166.02,-336524.9,-171783.3,-508308.2,9.8,42.5,50.7
USD_JPY,1.5,1.0,2,202690,136750,65940,-1485.14,-1514.39,-235567.4,-120103.8,-355671.2,12.6,55.7,50.5
USD_JPY,1.5,1.0,5,124809,84378,40431,-899.91,-920.45,-142741.0,-72999.5,-215740.5,15.7,70.5,50.4
USD_JPY,1.5,1.0,10,86715,58598,28117,-616.45,-633.11,-97778.7,-50211.2,-147989.9,17.7,79.0,50.7
USD_JPY,1.5,1.0,30,48850,33130,15720,-344.82,-349.88,-54694.0,-27748.8,-82442.8,18.9,87.8,50.4
USD_JPY,1.5,2.0,1,252706,170424,82282,-1850.24,-1914.33,-293479.0,-151822.6,-445301.6,20.7,20.8,50.8
USD_JPY,1.5,2.0,2,163995,110535,53460,-1204.34,-1254.84,-191027.9,-99519.2,-290547.1,32.0,33.5,50.6
USD_JPY,1.5,2.0,5,91292,61542,29750,-675.27,-692.11,-107109.1,-54890.2,-161999.3,48.9,51.9,50.4
USD_JPY,1.5,2.0,10,59624,40175,19449,-429.09,-455.44,-68060.6,-36120.1,-104182.1,60.8,64.5,50.3
USD_JPY,1.5,2.0,30,31454,21388,10066,-222.75,-237.8,-35332.5,-18859.9,-54198.6,74.8,79.1,50.7
USD_JPY,1.5,3.0,1,240467,162057,78410,-1767.08,-1839.83,-280288.6,-145913.7,-426202.3,16.2,9.7,50.8
USD_JPY,1.5,3.0,2,149460,100464,48996,-1092.09,-1161.33,-173223.9,-92103.1,-265327.0,24.7,19.3,50.7
USD_JPY,1.5,3.0,5,77689,52149,25540,-575.77,-593.47,-91326.1,-47066.8,-138392.8,39.6,37.0,50.6
USD_JPY,1.5,3.0,10,48201,32419,15782,-353.13,-368.59,-56012.1,-29232.4,-85248.9,51.2,51.2,50.6
USD_JPY,1.5,3.0,30,24113,16291,7822,-168.91,-188.53,-26791.6,-14951.6,-41747.6,68.7,70.8,50.6
USD_JPY,1.5,5.0,1,234334,157866,76468,-1722.96,-1797.56,-273290.6,-142561.3,-415851.9,14.8,2.8,50.8
USD_JPY,1.5,5.0,2,140559,94374,46185,-1033.19,-1083.36,-163880.7,-85919.2,-249799.9,21.0,7.0,50.9
USD_JPY,1.5,5.0,5,67889,45479,22410,-494.53,-540.33,-78440.7,-42853.0,-121296.1,30.9,18.9,50.8
USD_JPY,1.5,5.0,10,39487,26423,13064,-278.97,-304.97,-44249.6,-24186.7,-68436.2,40.6,33.0,50.5
USD_JPY,1.5,5.0,30,17953,12001,5952,-130.21,-135.03,-20653.9,-10709.1,-31379.4,58.5,55.8,49.9
USD_JPY,2.0,1.0,1,254790,172320,82470,-1874.36,-1916.68,-297304.0,-152008.9,-449312.9,10.0,43.6,50.5
USD_JPY,2.0,1.0,2,185197,125233,59964,-1366.76,-1386.39,-216791.4,-109952.0,-326743.3,12.6,56.3,50.5
USD_JPY,2.0,1.0,5,117349,79436,37913,-860.34,-877.24,-136464.2,-69572.8,-206037.0,15.4,70.5,50.5
USD_JPY,2.0,1.0,10,82990,55954,27036,-599.69,-611.83,-95120.8,-48523.2,-143644.0,17.5,78.9,50.5
USD_JPY,2.0,1.0,30,47272,31940,15332,-342.3,-357.93,-54294.2,-28386.6,-82680.9,19.6,87.5,50.1
USD_JPY,2.0,2.0,1,224533,151673,72860,-1652.26,-1709.63,-262076.0,-135588.0,-397664.0,21.5,21.5,50.6
USD_JPY,2.0,2.0,2,151398,102236,49162,-1118.93,-1155.51,-177480.0,-91641.4,-269121.4,32.7,34.2,50.6
USD_JPY,2.0,2.0,5,87369,58908,28461,-651.26,-658.55,-103301.1,-52228.3,-155531.1,49.5,52.3,50.3
USD_JPY,2.0,2.0,10,57922,39181,18741,-411.68,-440.37,-65299.3,-34925.1,-100227.6,60.8,64.8,50.1
USD_JPY,2.0,2.0,30,31111,21010,10101,-214.57,-230.79,-34035.0,-18303.5,-52341.6,75.3,79.3,50.0
USD_JPY,2.0,3.0,1,213921,144422,69499,-1576.33,-1634.58,-250031.4,-129636.1,-379667.5,16.9,10.3,50.6
USD_JPY,2.0,3.0,2,138287,93221,45066,-1025.78,-1077.26,-162706.4,-85435.8,-248142.2,24.9,19.9,50.6
USD_JPY,2.0,3.0,5,74501,50155,24346,-557.0,-580.15,-88348.8,-46011.0,-134359.8,39.5,37.4,50.2
USD_JPY,2.0,3.0,10,47011,31557,15454,-350.19,-354.87,-55545.8,-28144.5,-83694.2,51.9,51.3,50.3
USD_JPY,2.0,3.0,30,23413,15872,7541,-179.09,-194.56,-28406.7,-15429.8,-43858.3,67.6,69.9,51.2
USD_JPY,2.0,5.0,1,208263,140523,67740,-1534.35,-1604.66,-243373.0,-127262.9,-370635.9,15.3,3.0,50.7
USD_JPY,2.0,5.0,2,129942,87451,42491,-964.26,-1009.94,-152947.9,-80096.5,-233044.4,21.3,7.3,50.6
USD_JPY,2.0,5.0,5,65062,43588,21474,-492.37,-526.07,-78098.5,-41721.9,-119820.4,31.1,19.0,50.6
USD_JPY,2.0,5.0,10,38449,25709,12740,-276.99,-305.89,-43934.8,-24259.7,-68195.8,40.9,32.7,50.8
USD_JPY,2.0,5.0,30,17905,12046,5859,-117.1,-129.62,-18574.1,-10280.0,-28856.7,58.3,56.6,50.8
USD_JPY,3.0,1.0,1,180505,121603,58902,-1340.28,-1381.06,-212590.4,-109529.4,-322119.8,11.1,46.3,49.8
USD_JPY,3.0,1.0,2,141109,95246,45863,-1045.82,-1075.77,-165884.8,-85317.6,-251202.4,13.4,58.3,49.8
USD_JPY,3.0,1.0,5,97638,65855,31783,-717.73,-745.18,-113843.1,-59098.9,-172941.9,15.7,71.7,49.8
USD_JPY,3.0,1.0,10,72255,48782,23473,-527.01,-544.88,-83593.1,-43213.7,-126806.9,17.6,79.5,50.0
USD_JPY,3.0,1.0,30,43143,29159,13984,-323.3,-322.96,-51281.5,-25613.7,-76895.2,19.4,87.6,49.5
USD_JPY,3.0,2.0,1,161770,109150,52620,-1202.09,-1245.9,-190670.8,-98810.6,-289481.4,24.3,24.3,49.9
USD_JPY,3.0,2.0,2,118621,80207,38414,-881.64,-913.4,-139842.2,-72440.3,-212282.5,35.5,36.9,50.0
USD_JPY,3.0,2.0,5,74910,50594,24316,-559.36,-577.39,-88723.0,-45792.2,-134517.1,51.1,54.0,49.8
USD_JPY,3.0,2.0,10,52147,35316,16831,-383.86,-408.41,-60886.3,-32390.0,-93279.9,61.7,65.5,50.1
USD_JPY,3.0,2.0,30,29504,20071,9433,-209.2,-225.72,-33182.2,-17901.7,-51087.5,75.2,79.5,49.4
USD_JPY,3.0,3.0,1,154168,103960,50208,-1150.36,-1187.47,-182465.4,-94176.6,-276642.0,19.2,12.2,50.0
USD_JPY,3.0,3.0,2,108809,73543,35266,-816.52,-843.75,-129512.9,-66916.8,-196429.6,27.3,22.0,50.2
USD_JPY,3.0,3.0,5,64651,43647,21004,-480.54,-495.57,-76222.4,-39302.9,-115525.3,41.2,39.2,49.8
USD_JPY,3.0,3.0,10,42935,28939,13996,-328.69,-330.99,-52135.2,-26250.4,-78391.7,52.9,52.5,49.7
USD_JPY,3.0,3.0,30,22616,15243,7373,-163.18,-172.25,-25883.1,-13661.2,-39550.4,68.5,70.6,49.5
USD_JPY,3.0,5.0,1,149689,100942,48747,-1117.43,-1163.82,-177243.1,-92300.8,-269543.9,17.2,3.7,50.1
USD_JPY,3.0,5.0,2,102110,68949,33161,-767.54,-807.26,-121744.6,-64022.8,-185767.3,23.0,8.4,50.2
USD_JPY,3.0,5.0,5,56638,38077,18561,-424.48,-444.29,-67328.8,-35236.3,-102565.1,33.1,20.7,49.9
USD_JPY,3.0,5.0,10,35405,23755,11650,-256.16,-275.63,-40630.8,-21859.7,-62495.1,42.2,34.2,50.2
USD_JPY,3.0,5.0,30,16949,11402,5547,-128.86,-143.83,-20438.8,-11406.5,-31845.3,56.6,55.5,49.3
EUR_JPY,0.3,1.0,1,388571,258620,129951,-4710.42,-4953.44,-759463.7,-399323.2,-1158786.9,1.1,40.2,50.9
EUR_JPY,0.3,1.0,2,246535,164155,82380,-2990.29,-3120.59,-482125.7,-251567.0,-733692.7,1.4,54.5,50.8
EUR_JPY,0.3,1.0,5,140873,94285,46588,-1697.94,-1749.5,-273759.6,-141036.2,-414795.8,1.8,70.5,50.7
EUR_JPY,0.3,1.0,10,94540,63284,31256,-1126.02,-1164.68,-181548.4,-93890.8,-275439.2,2.0,79.0,50.6
EUR_JPY,0.3,1.0,30,51914,34725,17189,-610.58,-621.51,-98443.5,-50103.2,-148546.7,2.5,88.1,50.7
EUR_JPY,0.3,2.0,1,334271,222280,111991,-4062.15,-4302.18,-654942.6,-346821.1,-1001763.7,3.5,18.0,50.9
EUR_JPY,0.3,2.0,2,194820,129686,65134,-2372.57,-2499.99,-382531.5,-201537.0,-584068.5,5.9,31.6,51.0
EUR_JPY,0.3,2.0,5,100548,66986,33562,-1215.86,-1267.65,-196033.2,-102191.8,-298225.0,9.1,51.7,50.8
EUR_JPY,0.3,2.0,10,63765,42643,21122,-762.08,-794.65,-122869.9,-64061.1,-186931.0,11.2,64.7,50.6
EUR_JPY,0.3,2.0,30,32847,21952,10895,-383.93,-400.37,-61901.0,-32275.6,-94176.6,14.2,79.4,50.4
EUR_JPY,0.3,3.0,1,318715,211889,106826,-3870.82,-4105.08,-624093.8,-330932.1,-955025.9,7.6,7.8,50.9
EUR_JPY,0.3,3.0,2,176967,117621,59346,-2155.5,-2285.9,-347532.5,-184278.8,-531811.6,16.1,17.3,51.1
EUR_JPY,0.3,3.0,5,84462,56322,28140,-1023.53,-1088.54,-165024.7,-87752.9,-252777.8,31.4,35.8,51.1
EUR_JPY,0.3,3.0,10,50755,33806,16949,-618.91,-636.76,-99787.8,-51332.8,-151120.9,45.6,50.9,50.9
EUR_JPY,0.3,3.0,30,24737,16429,8308,-297.13,-297.34,-47906.2,-23970.2,-71876.8,63.7,70.4,50.6
EUR_JPY,0.3,5.0,1,311879,207374,104505,-3797.78,-4024.54,-612318.4,-324439.7,-936758.1,5.7,1.9,51.0
EUR_JPY,0.3,5.0,2,167191,111113,56078,-2039.24,-2171.02,-328788.1,-175017.1,-503805.5,11.1,5.7,51.1
EUR_JPY,0.3,5.0,5,73582,48892,24690,-896.84,-959.83,-144597.7,-77377.3,-221975.1,22.3,17.2,51.0
EUR_JPY,0.3,5.0,10,41211,27437,13774,-484.95,-517.41,-78188.4,-41711.2,-119899.6,33.9,31.3,50.5
EUR_JPY,0.3,5.0,30,18276,12188,6088,-212.07,-210.5,-34192.2,-16969.5,-51161.7,54.6,55.2,50.8
EUR_JPY,0.5,1.0,1,377283,250980,126303,-4564.18,-4809.28,-735884.5,-387701.7,-1123586.2,1.1,40.3,50.9
EUR_JPY,0.5,1.0,2,242436,161429,81007,-2937.9,-3063.08,-473679.1,-246930.7,-720609.8,1.5,54.7,50.9
EUR_JPY,0.5,1.0,5,139545,93264,46281,-1677.63,-1731.17,-270484.5,-139558.5,-410042.9,1.7,70.5,50.9
EUR_JPY,0.5,1.0,10,93133,62095,31038,-1111.68,-1156.43,-179236.9,-93226.3,-272463.2,2.0,78.9,50.7
EUR_JPY,0.5,1.0,30,51903,34579,17324,-615.29,-622.65,-99204.1,-50195.1,-149399.3,2.5,88.1,50.7
EUR_JPY,0.5,2.0,1,325219,216137,109082,-3951.9,-4176.69,-637166.3,-336705.0,-973871.3,3.6,18.1,50.9
EUR_JPY,0.5,2.0,2,191902,127669,64233,-2333.19,-2470.47,-376182.1,-199157.8,-575339.8,5.9,31.7,50.8
EUR_JPY,0.5,2.0,5,99657,66342,33315,-1205.15,-1262.94,-194306.5,-101812.1,-296118.6,8.9,51.5,50.8
EUR_JPY,0.5,2.0,10,63269,42339,20930,-760.39,-792.17,-122598.1,-63861.2,-186459.3,11.4,64.6,50.3
EUR_JPY,0.5,2.0,30,32470,21779,10691,-380.59,-398.9,-61362.7,-32157.7,-93520.4,13.7,79.2,50.1
EUR_JPY,0.5,3.0,1,310224,206108,104116,-3771.21,-4000.74,-608034.1,-322520.5,-930554.6,7.8,7.9,50.9
EUR_JPY,0.5,3.0,2,174495,115948,58547,-2129.85,-2259.59,-343396.9,-182157.4,-525554.7,16.1,17.3,51.0
EUR_JPY,0.5,3.0,5,84135,56060,28075,-1010.66,-1079.43,-162949.7,-87018.6,-249968.6,31.7,36.0,51.1
EUR_JPY,0.5,3.0,10,50654,33776,16878,-609.83,-644.33,-98322.5,-51943.2,-150266.0,45.1,51.0,50.8
EUR_JPY,0.5,3.0,30,24754,16607,8147,-290.95,-301.02,-46909.7,-24267.2,-71177.2,62.5,70.3,50.8
EUR_JPY,0.5,5.0,1,303470,201704,101766,-3691.55,-3916.56,-595191.1,-315734.2,-910925.3,5.7,1.9,51.1
EUR_JPY,0.5,5.0,2,164772,109480,55292,-2021.65,-2146.74,-325951.5,-173059.7,-499011.5,11.2,5.7,50.9
EUR_JPY,0.5,5.0,5,73154,48640,24514,-890.91,-949.02,-143641.6,-76505.5,-220147.1,22.4,17.2,50.7
EUR_JPY,0.5,5.0,10,41034,27323,13711,-483.48,-520.77,-77951.9,-41981.6,-119933.6,34.0,31.2,50.7
EUR_JPY,0.5,5.0,30,18220,12204,6016,-210.28,-219.47,-33902.8,-17692.3,-51595.2,54.3,55.4,50.7
EUR_JPY,1.0,1.0,1,343841,228820,115021,-4163.18,-4408.06,-671232.0,-355356.8,-1026588.9,1.2,40.7,50.7
EUR_JPY,1.0,1.0,2,228224,152213,76011,-2770.61,-2917.97,-446707.3,-235232.6,-681940.0,1.5,54.7,50.8
EUR_JPY,1.0,1.0,5,134508,90061,44447,-1619.89,-1675.82,-261176.3,-135097.1,-396273.4,1.7,70.4,50.8
EUR_JPY,1.0,1.0,10,92152,61643,30509,-1099.26,-1135.14,-177234.2,-91510.0,-268744.2,2.0,79.2,50.7
EUR_JPY,1.0,1.0,30,51092,34327,16765,-610.31,-618.4,-98400.9,-49852.6,-148253.5,2.4,88.0,50.3
EUR_JPY,1.0,2.0,1,298908,198622,100286,-3633.23,-3861.87,-585787.6,-311326.0,-897113.6,3.8,18.7,50.9
EUR_JPY,1.0,2.0,2,182623,121544,61079,-2227.55,-2364.25,-359149.4,-190594.5,-549743.9,6.1,32.1,50.8
EUR_JPY,1.0,2.0,5,97127,64714,32413,-1184.56,-1234.6,-190986.5,-99527.2,-290513.7,9.3,51.5,50.3
EUR_JPY,1.0,2.0,10,61973,41348,20625,-752.59,-789.17,-121340.3,-63618.9,-184959.2,11.3,64.1,50.8
EUR_JPY,1.0,2.0,30,32248,21578,10670,-384.41,-389.71,-61978.8,-31416.4,-93395.2,14.8,79.3,50.5
EUR_JPY,1.0,3.0,1,285139,189467,95672,-3468.01,-3698.86,-559149.2,-298184.8,-857334.1,8.0,8.2,50.9
EUR_JPY,1.0,3.0,2,166219,110526,55693,-2032.6,-2167.31,-327717.5,-174718.4,-502436.2,16.3,17.7,50.9
EUR_JPY,1.0,3.0,5,82321,54816,27505,-1001.18,-1057.52,-161420.6,-85252.1,-246673.0,32.3,36.2,50.5
EUR_JPY,1.0,3.0,10,50109,33446,16663,-598.45,-630.9,-96488.0,-50860.3,-147348.7,45.3,51.2,50.7
EUR_JPY,1.0,3.0,30,24671,16395,8276,-289.78,-296.86,-46721.8,-23931.4,-70653.6,63.3,70.6,50.6
EUR_JPY,1.0,5.0,1,279020,185473,93547,-3391.16,-3606.32,-546759.4,-290724.6,-837483.9,6.0,2.1,50.9
EUR_JPY,1.0,5.0,2,157044,104431,52613,-1920.89,-2053.81,-309706.0,-165568.2,-475274.5,11.3,5.9,50.9
EUR_JPY,1.0,5.0,5,71660,47580,24080,-871.23,-934.7,-140468.5,-75351.0,-215819.5,22.5,17.4,50.9
EUR_JPY,1.0,5.0,10,40545,26948,13597,-493.73,-524.37,-79604.9,-42272.1,-121877.0,33.8,30.9,50.8
EUR_JPY,1.0,5.0,30,18170,12211,5959,-210.41,-227.27,-33924.0,-18321.6,-52245.6,53.3,54.9,50.0
EUR_JPY,1.5,1.0,1,305004,203141,101863,-3709.51,-3927.38,-598086.4,-316607.0,-914693.4,1.2,41.5,50.6
EUR_JPY,1.5,1.0,2,210575,140327,70248,-2564.88,-2698.17,-413537.8,-217513.5,-631051.3,1.5,55.2,50.6
EUR_JPY,1.5,1.0,5,128307,85810,42497,-1553.72,-1604.38,-250507.6,-129337.7,-379845.2,1.8,70.5,50.6
EUR_JPY,1.5,1.0,10,88660,59351,29309,-1064.63,-1090.18,-171651.5,-87885.6,-259537.1,2.1,79.0,50.6
EUR_JPY,1.5,1.0,30,50412,33801,16611,-598.41,-615.74,-96481.2,-49638.0,-146119.2,2.4,88.1,50.6
EUR_JPY,1.5,2.0,1,267195,177767,89428,-3258.44,-3469.45,-525359.6,-279690.3,-805049.9,4.1,19.4,50.6
EUR_JPY,1.5,2.0,2,170421,113565,56856,-2078.42,-2209.62,-335105.4,-178128.9,-513234.2,6.4,32.7,50.6
EUR_JPY,1.5,2.0,5,93756,62572,31184,-1140.12,-1188.41,-183821.6,-95803.8,-279625.4,9.4,51.9,50.4
EUR_JPY,1.5,2.0,10,60837,40681,20156,-740.21,-771.62,-119344.7,-62204.4,-181549.1,11.3,64.5,50.7
EUR_JPY,1.5,2.0,30,32024,21459,10565,-376.85,-389.51,-60759.6,-31400.1,-92159.7,14.3,79.5,50.1
EUR_JPY,1.5,3.0,1,254950,169548,85402,-3112.26,-3316.27,-501791.9,-267341.8,-769133.8,8.6,8.7,50.6
EUR_JPY,1.5,3.0,2,155361,103402,51959,-1899.85,-2039.7,-306313.7,-164431.3,-470745.9,16.7,18.2,50.7
EUR_JPY,1.5,3.0,5,79345,52932,26413,-977.91,-1032.01,-157668.4,-83196.0,-240865.4,32.1,36.1,50.6
EUR_JPY,1.5,3.0,10,49012,32674,16338,-591.17,-618.47,-95314.9,-49858.2,-145175.0,45.1,51.1,50.4
EUR_JPY,1.5,3.0,30,24182,16142,8040,-286.92,-293.39,-46260.7,-23651.8,-69914.4,63.1,70.3,50.3
EUR_JPY,1.5,5.0,1,249265,165831,83434,-3044.27,-3242.5,-490829.0,-261394.9,-752223.9,6.5,2.3,50.7
EUR_JPY,1.5,5.0,2,146683,97595,49088,-1798.34,-1936.09,-289947.7,-156078.7,-446027.4,11.6,6.2,50.7
EUR_JPY,1.5,5.0,5,69445,46165,23280,-850.97,-910.89,-137202.1,-73431.9,-210634.0,22.7,17.7,50.6
EUR_JPY,1.5,5.0,10,39919,26574,13345,-489.98,-515.5,-78999.3,-41557.2,-120556.5,34.1,31.2,50.2
EUR_JPY,1.5,5.0,30,18013,12072,5941,-207.6,-217.12,-33471.8,-17502.8,-50974.6,54.2,55.1,50.3
EUR_JPY,2.0,1.0,1,261395,174113,87282,-3198.22,-3384.61,-515651.1,-272851.4,-788502.5,1.4,42.7,50.6
EUR_JPY,2.0,1.0,2,188317,125690,62627,-2305.87,-2427.47,-371776.0,-195691.1,-567467.1,1.7,55.8,50.5
EUR_JPY,2.0,1.0,5,119341,79910,39431,-1454.53,-1501.19,-234514.3,-121018.7,-355533.0,1.9,70.5,50.4
EUR_JPY,2.0,1.0,10,84065,56411,27654,-1012.61,-1044.95,-163263.4,-84239.1,-247502.4,2.4,78.9,50.5
EUR_JPY,2.0,1.0,30,48116,32258,15858,-577.2,-592.77,-93062.7,-47786.0,-140848.7,2.5,87.9,50.7
EUR_JPY,2.0,2.0,1,230688,153588,77100,-2828.76,-3019.08,-456082.8,-243383.9,-699466.6,4.4,20.5,50.5
EUR_JPY,2.0,2.0,2,154433,103016,51417,-1893.57,-2020.64,-305300.9,-162894.4,-468195.3,6.5,33.5,50.5
EUR_JPY,2.0,2.0,5,88550,59204,29346,-1091.76,-1147.87,-176025.1,-92535.9,-268561.0,9.6,52.0,50.5
EUR_JPY,2.0,2.0,10,58654,39379,19275,-706.74,-750.04,-113947.7,-60464.6,-174412.3,11.6,64.5,50.2
EUR_JPY,2.0,2.0,30,31080,20821,10259,-375.57,-391.93,-60553.8,-31595.2,-92149.0,13.9,78.9,50.1
EUR_JPY,2.0,3.0,1,220242,146597,73645,-2708.93,-2887.33,-436762.5,-232762.8,-669525.3,9.3,9.4,50.5
EUR_JPY,2.0,3.0,2,141259,94187,47072,-1731.88,-1865.22,-279231.5,-150365.1,-429597.6,17.2,19.0,50.4
EUR_JPY,2.0,3.0,5,75756,50566,25190,-926.8,-989.22,-149427.7,-79745.9,-229174.6,32.5,36.9,50.2
EUR_JPY,2.0,3.0,10,47698,31909,15789,-580.55,-609.11,-93602.1,-49103.9,-142708.4,45.5,51.3,50.3
EUR_JPY,2.0,3.0,30,24070,16137,7933,-281.12,-299.95,-45324.9,-24180.6,-69507.9,62.1,70.5,50.2
EUR_JPY,2.0,5.0,1,215122,143250,71872,-2651.53,-2815.87,-427507.0,-227002.0,-654509.0,7.0,2.6,50.6
EUR_JPY,2.0,5.0,2,133260,88801,44459,-1638.02,-1768.23,-264099.2,-142546.5,-406646.6,12.1,6.5,50.5
EUR_JPY,2.0,5.0,5,66240,44110,22130,-820.51,-873.95,-132290.5,-70453.7,-202744.2,22.8,18.1,50.6
EUR_JPY,2.0,5.0,10,38890,25911,12979,-476.11,-502.79,-76763.4,-40532.7,-117296.1,34.3,31.5,50.0
EUR_JPY,2.0,5.0,30,17757,11883,5874,-210.86,-224.24,-33997.1,-18076.9,-52089.8,53.5,55.0,50.5
EUR_JPY,3.0,1.0,1,173228,115354,57874,-2166.65,-2292.9,-349330.0,-184842.8,-534172.8,1.9,45.4,49.9
EUR_JPY,3.0,1.0,2,136002,90810,45192,-1694.63,-1784.99,-273225.5,-143897.3,-417122.8,2.1,57.7,50.0
EUR_JPY,3.0,1.0,5,95216,63852,31364,-1170.34,-1220.35,-188694.5,-98379.1,-287073.5,2.4,71.5,49.7
EUR_JPY,3.0,1.0,10,70703,47423,23280,-868.01,-889.18,-139949.1,-71681.7,-211630.8,2.7,79.3,49.7
EUR_JPY,3.0,1.0,30,43355,29086,14269,-525.85,-535.68,-84783.1,-43183.8,-127966.9,3.0,87.8,49.6
EUR_JPY,3.0,2.0,1,156161,104151,52010,-1962.13,-2080.38,-316354.5,-167710.7,-484065.2,5.4,23.3,49.9
EUR_JPY,3.0,2.0,2,115140,77011,38129,-1442.42,-1532.74,-232562.0,-123561.9,-356123.9,7.6,36.1,49.8
EUR_JPY,3.0,2.0,5,73516,49178,24338,-918.05,-960.37,-148017.9,-77420.6,-225438.5,10.5,53.4,49.5
EUR_JPY,3.0,2.0,10,51637,34538,17099,-629.7,-668.27,-101527.1,-53873.0,-155400.1,12.4,65.5,49.3
EUR_JPY,3.0,2.0,30,29372,19775,9597,-349.09,-360.0,-56283.7,-29021.5,-85305.2,14.8,79.6,49.4
EUR_JPY,3.0,3.0,1,149484,99747,49737,-1885.95,-1992.95,-304072.8,-160662.3,-464735.1,11.4,11.5,49.9
EUR_JPY,3.0,3.0,2,106113,70964,35149,-1330.75,-1408.39,-214558.0,-113538.0,-328095.9,20.0,21.4,49.7
EUR_JPY,3.0,3.0,5,63717,42585,21132,-800.86,-832.74,-129122.9,-67131.7,-196255.7,34.8,38.7,49.8
EUR_JPY,3.0,3.0,10,42541,28545,13996,-526.06,-550.85,-84817.0,-44406.7,-129224.7,46.1,52.2,49.5
EUR_JPY,3.0,3.0,30,22642,15183,7459,-275.44,-279.85,-44408.7,-22560.5,-66970.3,63.2,70.6,49.7
EUR_JPY,3.0,5.0,1,145548,97205,48343,-1837.54,-1940.94,-296267.6,-156469.7,-452737.3,8.5,3.4,49.9
EUR_JPY,3.0,5.0,2,99901,66877,33024,-1255.94,-1335.58,-202496.2,-107667.9,-310164.1,13.9,7.9,50.0
EUR_JPY,3.0,5.0,5,55828,37383,18445,-698.46,-745.27,-112612.9,-60079.8,-172693.8,24.6,19.7,49.8
EUR_JPY,3.0,5.0,10,34915,23326,11589,-440.01,-467.66,-70942.9,-37700.4,-108645.8,34.9,32.2,50.0
EUR_JPY,3.0,5.0,30,17024,11416,5608,-195.38,-214.47,-31500.6,-17289.8,-48792.9,54.5,55.6,48.9
GBP_JPY,0.3,1.0,1,426602,283437,143165,-6787.43,-7491.84,-1111553.6,-613455.6,-1725009.2,0.8,47.6,50.5
GBP_JPY,0.3,1.0,2,277904,184739,93165,-4397.04,-4830.51,-720088.0,-395537.8,-1115625.8,1.0,61.3,50.6
GBP_JPY,0.3,1.0,5,162901,108480,54421,-2556.85,-2813.84,-418726.9,-230406.2,-649133.1,1.3,75.2,50.4
GBP_JPY,0.3,1.0,10,110771,73523,37248,-1715.82,-1919.65,-280994.1,-157187.3,-438181.4,1.2,82.5,50.8
GBP_JPY,0.3,1.0,30,62059,41308,20751,-965.09,-1055.76,-158048.8,-86449.0,-244497.8,1.7,90.1,50.4
GBP_JPY,0.3,2.0,1,357242,237342,119900,-5731.91,-6343.4,-938694.8,-519417.9,-1458112.7,1.9,25.7,50.6
GBP_JPY,0.3,2.0,2,214541,142398,72143,-3441.56,-3791.78,-563611.3,-310483.2,-874094.5,2.9,40.5,50.5
GBP_JPY,0.3,2.0,5,114767,76367,38400,-1829.29,-2027.08,-299576.7,-165983.8,-465560.5,4.0,59.4,50.8
GBP_JPY,0.3,2.0,10,74174,49412,24762,-1171.47,-1304.08,-191847.4,-106781.9,-298629.3,4.7,70.7,50.5
GBP_JPY,0.3,2.0,30,39792,26282,13510,-614.24,-686.16,-100592.5,-56185.3,-156777.7,5.6,83.4,50.1
GBP_JPY,0.3,3.0,1,333597,221566,112031,-5383.53,-5946.24,-881641.0,-486897.0,-1368537.9,5.3,13.1,50.7
GBP_JPY,0.3,3.0,2,189827,126039,63788,-3056.13,-3392.82,-500491.9,-277815.3,-778307.2,9.4,25.4,50.8
GBP_JPY,0.3,3.0,5,94613,63038,31575,-1519.34,-1690.2,-248816.3,-138398.8,-387215.1,15.9,45.3,50.8
GBP_JPY,0.3,3.0,10,58965,39148,19817,-929.97,-1034.47,-152298.0,-84705.8,-237003.7,21.3,59.6,50.6
GBP_JPY,0.3,3.0,30,29817,19875,9942,-460.38,-524.27,-75395.3,-42929.3,-118326.0,26.8,76.3,50.9
GBP_JPY,0.3,5.0,1,321149,213426,107723,-5174.14,-5715.87,-847349.8,-468033.7,-1315383.5,6.3,4.0,50.8
GBP_JPY,0.3,5.0,2,173986,115488,58498,-2809.81,-3090.72,-460151.8,-253078.1,-713229.9,13.1,10.3,50.7
GBP_JPY,0.3,5.0,5,79178,52599,26579,-1280.39,-1439.35,-209684.1,-117858.5,-327542.7,26.7,25.8,50.5
GBP_JPY,0.3,5.0,10,46027,30596,15431,-730.98,-812.94,-119709.7,-66566.2,-186277.7,40.5,41.3,50.5
GBP_JPY,0.3,5.0,30,21402,14226,7176,-331.04,-371.35,-54212.5,-30407.0,-84636.5,60.5,63.3,50.5
GBP_JPY,0.5,1.0,1,416478,276795,139683,-6610.39,-7295.49,-1082560.1,-597378.1,-1679938.1,0.8,47.8,50.5
GBP_JPY,0.5,1.0,2,273544,182062,91482,-4329.95,-4763.74,-709100.3,-390070.0,-1099170.3,1.0,61.2,50.6
GBP_JPY,0.5,1.0,5,160888,107209,53679,-2520.02,-2776.53,-412695.0,-227351.5,-640046.5,1.3,75.1,50.5
GBP_JPY,0.5,1.0,10,110230,73370,36860,-1703.28,-1910.04,-278939.3,-156399.9,-435339.2,1.3,82.5,50.7
GBP_JPY,0.5,1.0,30,62122,41211,20911,-950.46,-1060.25,-155653.6,-86816.5,-242470.1,1.6,90.2,50.5
GBP_JPY,0.5,2.0,1,349629,232253,117376,-5614.53,-6209.06,-919471.7,-508418.2,-1427889.8,1.9,25.7,50.6
GBP_JPY,0.5,2.0,2,211841,140645,71196,-3400.05,-3765.85,-556813.5,-308360.0,-865173.5,2.9,40.5,50.5
GBP_JPY,0.5,2.0,5,113910,75758,38152,-1811.54,-2016.54,-296668.7,-165120.8,-461789.5,4.0,59.3,50.7
GBP_JPY,0.5,2.0,10,73866,48993,24873,-1163.91,-1282.3,-190609.9,-104998.9,-295608.7,4.8,70.7,50.5
GBP_JPY,0.5,2.0,30,39728,26304,13424,-615.65,-686.7,-100823.5,-56228.8,-157052.3,5.8,83.4,50.0
GBP_JPY,0.5,3.0,1,326768,217043,109725,-5268.68,-5833.53,-862832.9,-477668.1,-1340500.9,5.2,13.3,50.6
GBP_JPY,0.5,3.0,2,187599,124531,63068,-3026.73,-3364.05,-495677.4,-275458.8,-771136.3,9.7,25.5,50.5
GBP_JPY,0.5,3.0,5,93986,62543,31443,-1513.12,-1696.44,-247798.8,-138909.9,-386708.7,16.2,45.2,50.5
GBP_JPY,0.5,3.0,10,58853,39097,19756,-927.5,-1028.77,-151893.5,-84238.8,-236132.3,21.1,59.7,50.7
GBP_JPY,0.5,3.0,30,29997,19889,10108,-462.09,-518.7,-75675.2,-42473.0,-118148.1,27.8,76.7,50.9
GBP_JPY,0.5,5.0,1,314481,209018,105463,-5067.81,-5599.05,-829937.6,-458467.9,-1288405.5,6.3,4.0,50.6
GBP_JPY,0.5,5.0,2,172033,114195,57838,-2778.55,-3067.24,-455032.7,-251155.3,-706188.0,13.2,10.4,50.5
GBP_JPY,0.5,5.0,5,78849,52334,26515,-1279.17,-1421.44,-209485.2,-116391.7,-325877.0,27.0,25.8,50.5
GBP_JPY,0.5,5.0,10,45929,30504,15425,-724.59,-812.79,-118663.7,-66553.5,-185219.0,40.5,41.2,50.6
GBP_JPY,0.5,5.0,30,21283,14142,7141,-339.96,-380.49,-55674.4,-31156.0,-86844.5,60.3,62.9,50.2
GBP_JPY,1.0,1.0,1,386407,256729,129678,-6129.59,-6801.56,-1003821.7,-556933.8,-1560755.6,0.8,48.0,50.6
GBP_JPY,1.0,1.0,2,260303,173083,87220,-4114.59,-4555.59,-673832.1,-373026.1,-1046858.2,1.1,61.2,50.5
GBP_JPY,1.0,1.0,5,156192,104019,52173,-2447.1,-2710.22,-400753.1,-221921.2,-622674.3,1.3,75.0,50.6
GBP_JPY,1.0,1.0,10,107904,71923,35981,-1668.64,-1850.41,-273267.3,-151517.8,-424785.1,1.4,82.4,50.8
GBP_JPY,1.0,1.0,30,60966,40441,20525,-952.06,-1065.22,-155915.7,-87223.3,-243139.0,1.6,90.0,50.7
GBP_JPY,1.0,2.0,1,327452,217456,109996,-5245.88,-5831.64,-859098.8,-477513.6,-1336612.5,2.0,26.2,50.7
GBP_JPY,1.0,2.0,2,203731,135304,68427,-3266.25,-3631.48,-534902.5,-297357.5,-832260.0,3.0,40.8,50.7
GBP_JPY,1.0,2.0,5,111802,74275,37527,-1779.34,-1976.21,-291396.9,-161818.7,-453215.5,4.0,59.4,50.6
GBP_JPY,1.0,2.0,10,72902,48469,24433,-1149.4,-1271.89,-188233.0,-104146.6,-292379.6,4.7,70.4,50.7
GBP_JPY,1.0,2.0,30,39235,26220,13015,-605.08,-680.79,-99091.3,-55745.2,-154836.5,5.6,83.4,50.8
GBP_JPY,1.0,3.0,1,306139,203313,102826,-4926.88,-5475.9,-806857.6,-448384.1,-1255241.7,5.4,13.6,50.6
GBP_JPY,1.0,3.0,2,180805,120048,60757,-2914.58,-3253.96,-477310.2,-266444.4,-743754.7,9.7,25.7,50.8
GBP_JPY,1.0,3.0,5,92488,61507,30981,-1487.47,-1658.56,-243597.5,-135808.4,-379405.9,16.4,45.4,50.7
GBP_JPY,1.0,3.0,10,57939,38660,19279,-913.7,-1031.88,-149633.1,-84493.8,-234126.9,21.1,59.4,50.4
GBP_JPY,1.0,3.0,30,29650,19664,9986,-449.94,-506.78,-73684.9,-41496.4,-115181.4,27.7,76.3,50.6
GBP_JPY,1.0,5.0,1,294596,195765,98831,-4747.52,-5254.62,-777484.5,-430265.1,-1207749.6,6.5,4.1,50.7
GBP_JPY,1.0,5.0,2,165885,110102,55783,-2683.75,-2967.33,-439507.9,-242974.2,-682482.0,13.4,10.5,50.7
GBP_JPY,1.0,5.0,5,77543,51533,26010,-1255.49,-1400.25,-205607.0,-114656.7,-320263.7,26.8,25.9,50.8
GBP_JPY,1.0,5.0,10,45436,30229,15207,-718.81,-818.94,-117717.3,-67057.1,-184776.2,40.1,41.2,50.6
GBP_JPY,1.0,5.0,30,21069,14017,7052,-339.4,-387.03,-55582.4,-31691.5,-87284.9,59.2,62.7,50.0
GBP_JPY,1.5,1.0,1,354428,235398,119030,-5627.26,-6282.81,-921555.7,-514456.4,-1436012.1,0.9,48.4,50.6
GBP_JPY,1.5,1.0,2,245515,163422,82093,-3883.91,-4314.33,-636054.1,-353270.8,-989324.9,1.1,61.4,50.7
GBP_JPY,1.5,1.0,5,150328,100183,50145,-2373.96,-2620.64,-388775.0,-214586.5,-603361.5,1.3,74.9,50.7
GBP_JPY,1.5,1.0,10,104903,70214,34689,-1638.8,-1815.24,-268380.9,-148637.4,-417018.2,1.4,82.3,50.8
GBP_JPY,1.5,1.0,30,59457,39582,19875,-921.99,-1037.45,-150990.5,-84950.0,-235940.5,1.8,90.0,50.6
GBP_JPY,1.5,2.0,1,302929,201050,101879,-4854.35,-5424.98,-794980.1,-444214.9,-1239195.0,2.1,26.8,50.7
GBP_JPY,1.5,2.0,2,193726,128525,65201,-3127.82,-3474.24,-512232.3,-284481.9,-796714.1,3.0,40.9,50.8
GBP_JPY,1.5,2.0,5,108685,72093,36592,-1742.61,-1939.62,-285380.5,-158822.6,-444203.1,4.0,59.3,50.7
GBP_JPY,1.5,2.0,10,71610,47592,24018,-1125.43,-1259.05,-184308.1,-103094.7,-287402.8,5.0,70.5,50.6
GBP_JPY,1.5,2.0,30,38759,25662,13097,-604.8,-687.38,-99045.7,-56285.0,-155330.8,5.6,83.2,49.9
GBP_JPY,1.5,3.0,1,283594,188343,95251,-4567.79,-5109.27,-748049.9,-418363.1,-1166413.0,5.6,14.0,50.7
GBP_JPY,1.5,3.0,2,172745,114600,58145,-2796.51,-3111.47,-457974.4,-254777.2,-712751.6,9.9,26.0,50.9
GBP_JPY,1.5,3.0,5,90506,60096,30410,-1453.89,-1614.19,-238097.9,-132174.8,-370272.7,16.8,45.6,50.7
GBP_JPY,1.5,3.0,10,57218,38112,19106,-899.24,-1017.0,-147265.3,-83275.2,-230540.4,21.2,59.5,50.4
GBP_JPY,1.5,3.0,30,29404,19578,9826,-448.98,-519.4,-73528.0,-42530.3,-116058.3,27.4,76.4,50.7
GBP_JPY,1.5,5.0,1,272813,181193,91620,-4396.13,-4915.18,-719938.5,-402470.6,-1122409.1,6.7,4.3,50.7
GBP_JPY,1.5,5.0,2,158446,105164,53282,-2571.58,-2870.68,-421137.9,-235060.8,-656198.7,13.3,10.7,50.7
GBP_JPY,1.5,5.0,5,76000,50421,25579,-1243.49,-1374.81,-203641.9,-112573.6,-316215.4,27.1,26.0,50.5
GBP_JPY,1.5,5.0,10,44711,29704,15007,-721.5,-820.76,-118157.7,-67206.1,-185365.7,39.8,40.8,50.8
GBP_JPY,1.5,5.0,30,20971,13962,7009,-332.41,-393.67,-54437.5,-32234.6,-86675.5,59.7,62.8,49.8
GBP_JPY,2.0,1.0,1,319538,212036,107502,-5094.27,-5724.7,-834270.2,-468756.5,-1303026.7,0.9,48.9,50.5
GBP_JPY,2.0,1.0,2,227799,151456,76343,-3616.49,-4040.16,-592260.3,-330821.2,-923081.5,1.1,61.6,50.4
GBP_JPY,2.0,1.0,5,143667,95811,47856,-2267.98,-2520.16,-371419.5,-206359.2,-577778.6,1.4,74.9,50.6
GBP_JPY,2.0,1.0,10,101102,67344,33758,-1587.91,-1751.47,-260045.7,-143416.3,-403462.0,1.5,82.2,50.6
GBP_JPY,2.0,1.0,30,58755,39399,19356,-926.69,-1011.86,-151761.1,-82854.2,-234615.3,1.8,90.1,50.3
GBP_JPY,2.0,2.0,1,275554,182730,92824,-4443.1,-4990.26,-727631.2,-408618.3,-1136249.5,2.2,27.3,50.5
GBP_JPY,2.0,2.0,2,182166,120823,61343,-2939.7,-3291.91,-481423.5,-269552.0,-750975.5,3.1,41.2,50.7
GBP_JPY,2.0,2.0,5,105121,69795,35326,-1683.04,-1889.16,-275624.9,-154690.4,-430315.3,4.1,59.5,50.5
GBP_JPY,2.0,2.0,10,70170,46578,23592,-1108.35,-1237.69,-181510.4,-101345.8,-282856.2,5.0,70.7,50.7
GBP_JPY,2.0,2.0,30,38338,25592,12746,-607.35,-681.69,-99462.8,-55819.3,-155282.2,5.9,83.2,50.1
GBP_JPY,2.0,3.0,1,258661,171611,87050,-4190.53,-4697.28,-686268.1,-384628.4,-1070896.5,5.9,14.5,50.7
GBP_JPY,2.0,3.0,2,163030,108190,54840,-2646.07,-2973.04,-433338.2,-243441.7,-676779.9,10.1,26.4,50.7
GBP_JPY,2.0,3.0,5,87636,58130,29506,-1423.52,-1582.47,-233124.1,-129577.6,-362701.7,16.9,45.4,50.5
GBP_JPY,2.0,3.0,10,56020,37336,18684,-895.58,-1003.57,-146665.4,-82175.4,-228840.9,21.2,59.4,50.1
GBP_JPY,2.0,3.0,30,29137,19432,9705,-451.61,-513.99,-73958.9,-42086.8,-116045.7,27.9,76.4,50.0
GBP_JPY,2.0,5.0,1,248981,165237,83744,-4028.54,-4526.26,-659739.9,-370624.4,-1030364.2,7.1,4.6,50.6
GBP_JPY,2.0,5.0,2,149749,99342,50407,-2432.75,-2727.17,-398402.9,-223309.6,-621712.5,13.7,11.0,50.7
GBP_JPY,2.0,5.0,5,73843,48972,24871,-1198.87,-1343.6,-196334.3,-110018.6,-306352.9,27.4,26.3,50.7
GBP_JPY,2.0,5.0,10,44128,29323,14805,-707.11,-797.9,-115800.7,-65334.3,-181136.8,40.3,41.2,50.3
GBP_JPY,2.0,5.0,30,20999,13972,7027,-320.73,-360.03,-52525.4,-29480.7,-82008.3,60.4,63.4,49.7
GBP_JPY,3.0,1.0,1,244695,161980,82715,-3977.56,-4496.29,-651390.7,-368170.6,-1019561.3,1.1,50.5,50.3
GBP_JPY,3.0,1.0,2,186047,123379,62668,-3006.67,-3380.57,-492392.4,-276812.0,-769204.4,1.3,62.5,50.3
GBP_JPY,3.0,1.0,5,125080,83207,41873,-2004.61,-2226.97,-328287.4,-182351.4,-510638.9,1.5,75.1,50.2
GBP_JPY,3.0,1.0,10,91035,60462,30573,-1444.05,-1609.71,-236487.0,-131807.9,-368294.9,1.7,82.2,50.2
GBP_JPY,3.0,1.0,30,54488,36447,18041,-868.35,-954.65,-142206.1,-78170.2,-220376.3,1.8,89.7,50.3
GBP_JPY,3.0,2.0,1,215544,142807,72737,-3522.46,-3991.64,-576860.0,-326848.7,-903708.7,2.6,29.4,50.4
GBP_JPY,3.0,2.0,2,153316,101769,51547,-2508.49,-2813.91,-410805.7,-230411.9,-641217.6,3.4,42.7,50.3
GBP_JPY,3.0,2.0,5,94585,62775,31810,-1529.44,-1710.98,-250470.4,-140100.7,-390571.1,4.6,60.1,50.3
GBP_JPY,3.0,2.0,10,65152,43220,21932,-1047.83,-1176.95,-171599.9,-96372.8,-267972.8,5.1,70.8,50.3
GBP_JPY,3.0,2.0,30,36699,24376,12323,-575.5,-637.05,-94247.8,-52163.6,-146411.5,6.5,83.4,50.3
GBP_JPY,3.0,3.0,1,203141,134689,68452,-3342.27,-3785.56,-547351.6,-309973.8,-857325.4,6.7,16.2,50.4
GBP_JPY,3.0,3.0,2,138052,91646,46406,-2264.12,-2549.42,-370786.6,-208754.7,-579541.3,10.9,27.9,50.4
GBP_JPY,3.0,3.0,5,79973,53026,26947,-1301.15,-1457.36,-213085.3,-119333.4,-332418.7,17.7,46.4,50.4
GBP_JPY,3.0,3.0,10,52476,34878,17598,-847.52,-951.09,-138795.8,-77878.5,-216674.3,22.4,59.6,49.9
GBP_JPY,3.0,3.0,30,27833,18688,9145,-449.21,-501.42,-73565.1,-41058.0,-114623.1,27.8,76.0,50.9
GBP_JPY,3.0,5.0,1,195368,129621,65747,-3212.13,-3626.06,-526038.6,-296913.6,-822952.2,8.1,5.4,50.4
GBP_JPY,3.0,5.0,2,127227,84503,42724,-2090.98,-2338.34,-342432.2,-191470.8,-533903.0,15.0,12.2,50.4
GBP_JPY,3.0,5.0,5,67902,45072,22830,-1111.12,-1249.79,-181964.8,-102337.2,-284302.0,28.6,27.5,50.5
GBP_JPY,3.0,5.0,10,42086,27979,14107,-670.67,-767.25,-109832.7,-62824.6,-172659.1,40.6,41.8,50.5
GBP_JPY,3.0,5.0,30,20506,13606,6900,-323.74,-352.84,-53018.4,-28891.9,-81913.8,60.4,63.2,49.8
AUD_JPY,0.3,1.0,1,362413,237321,125092,-3842.64,-4390.77,-600960.8,-343342.2,-944303.0,1.3,35.5,50.6
AUD_JPY,0.3,1.0,2,226783,147821,78962,-2394.82,-2768.48,-374532.5,-216485.1,-591017.6,1.7,50.4,50.6
AUD_JPY,0.3,1.0,5,127321,82531,44790,-1329.22,-1547.85,-207880.6,-121036.1,-328916.7,2.2,67.4,50.7
AUD_JPY,0.3,1.0,10,84584,54501,30083,-867.61,-1037.86,-135687.8,-81157.2,-216845.0,2.5,76.7,50.6
AUD_JPY,0.3,1.0,30,46417,29983,16434,-473.17,-569.95,-73999.9,-44568.0,-118567.9,3.2,86.8,51.0
AUD_JPY,0.3,2.0,1,316610,208672,107938,-3391.56,-3797.39,-530415.0,-296942.0,-827357.0,5.8,13.3,50.8
AUD_JPY,0.3,2.0,2,180776,118393,62383,-1939.98,-2180.37,-303398.3,-170497.4,-473895.6,10.3,25.5,50.8
AUD_JPY,0.3,2.0,5,90236,58779,31457,-954.88,-1111.05,-149335.8,-86880.2,-236216.0,16.4,45.3,50.7
AUD_JPY,0.3,2.0,10,56054,36108,19946,-591.47,-696.44,-92501.8,-54458.8,-146960.6,21.0,59.5,50.4
AUD_JPY,0.3,2.0,30,28496,18351,10145,-296.49,-344.31,-46369.2,-26923.6,-73292.9,26.1,76.2,50.5
AUD_JPY,0.3,3.0,1,305994,202491,103503,-3292.41,-3637.21,-514908.2,-284416.7,-799324.9,8.1,5.3,50.8
AUD_JPY,0.3,3.0,2,167460,110423,57037,-1804.87,-2022.87,-282267.8,-158181.3,-440449.1,16.4,12.7,50.8
AUD_JPY,0.3,3.0,5,77558,50726,26832,-833.34,-968.42,-130327.7,-75727.1,-206055.9,32.5,29.2,50.7
AUD_JPY,0.3,3.0,10,45540,29571,15969,-482.94,-560.7,-75528.9,-43844.7,-119374.7,46.6,44.4,50.8
AUD_JPY,0.3,3.0,30,21403,13838,7565,-227.03,-265.45,-35505.3,-20757.4,-56263.8,65.4,65.5,50.7
AUD_JPY,0.3,5.0,1,301657,200117,101540,-3246.39,-3585.93,-507711.7,-280406.6,-788118.4,6.4,1.2,50.9
AUD_JPY,0.3,5.0,2,160927,106618,54309,-1739.82,-1905.16,-272094.7,-148976.6,-421071.3,12.6,3.7,51.0
AUD_JPY,0.3,5.0,5,69488,45810,23678,-746.15,-859.37,-116692.9,-67199.9,-183895.1,23.1,12.3,50.7
AUD_JPY,0.3,5.0,10,38010,24892,13118,-406.27,-458.15,-63537.8,-35825.7,-99363.5,34.5,24.5,50.7
AUD_JPY,0.3,5.0,30,16047,10399,5648,-172.67,-198.84,-27004.6,-15548.7,-42553.3,53.1,48.0,49.8
AUD_JPY,0.5,1.0,1,351604,229735,121869,-3723.39,-4278.38,-582311.1,-334553.4,-916864.5,1.3,35.7,50.6
AUD_JPY,0.5,1.0,2,222630,144907,77723,-2340.83,-2722.3,-366088.8,-212874.3,-578963.1,1.7,50.5,50.8
AUD_JPY,0.5,1.0,5,125765,81419,44346,-1309.18,-1547.71,-204746.0,-121025.1,-325771.2,2.2,67.4,50.6
AUD_JPY,0.5,1.0,10,83691,54117,29574,-866.97,-1028.78,-135587.5,-80446.7,-216034.2,2.5,76.6,50.7
AUD_JPY,0.5,1.0,30,45634,29364,16270,-473.41,-574.21,-74037.7,-44901.3,-118939.1,3.1,86.5,50.7
AUD_JPY,0.5,2.0,1,307644,202405,105239,-3287.22,-3717.6,-514096.9,-290702.9,-804799.9,5.8,13.5,50.8
AUD_JPY,0.5,2.0,2,177871,116390,61481,-1905.51,-2170.3,-298007.4,-169709.4,-467716.8,10.2,25.6,50.7
AUD_JPY,0.5,2.0,5,89573,58245,31328,-946.27,-1109.2,-147989.1,-86735.1,-234724.3,16.6,45.4,50.5
AUD_JPY,0.5,2.0,10,55633,35861,19772,-586.81,-706.08,-91772.4,-55212.8,-146985.2,20.6,59.1,50.3
AUD_JPY,0.5,2.0,30,28124,18128,9996,-296.19,-347.47,-46321.9,-27170.9,-73492.8,26.6,75.7,50.5
AUD_JPY,0.5,3.0,1,297319,196302,101017,-3188.29,-3566.21,-498624.6,-278864.4,-777489.0,8.2,5.4,50.8
AUD_JPY,0.5,3.0,2,164968,108652,56316,-1773.1,-2007.38,-277299.1,-156969.5,-434268.6,16.3,12.8,50.8
AUD_JPY,0.5,3.0,5,77180,50525,26655,-827.03,-960.17,-129340.7,-75082.2,-204424.4,32.3,29.3,50.5
AUD_JPY,0.5,3.0,10,45414,29474,15940,-486.74,-567.14,-76121.8,-44348.3,-120472.4,46.9,44.6,50.5
AUD_JPY,0.5,3.0,30,21342,13774,7568,-226.73,-276.79,-35458.1,-21644.4,-57106.8,64.8,65.6,50.1
AUD_JPY,0.5,5.0,1,293006,193944,99062,-3150.18,-3497.91,-492664.9,-273524.0,-766188.9,6.5,1.2,50.8
AUD_JPY,0.5,5.0,2,158397,104846,53551,-1702.65,-1903.18,-266282.2,-148821.5,-415103.7,12.4,3.8,50.8
AUD_JPY,0.5,5.0,5,69038,45489,23549,-750.77,-840.63,-117415.2,-65734.4,-183149.6,23.5,12.3,50.6
AUD_JPY,0.5,5.0,10,37871,24775,13096,-408.72,-466.73,-63920.7,-36496.2,-100416.9,34.3,24.5,50.6
AUD_JPY,0.5,5.0,30,16159,10449,5710,-170.48,-195.67,-26661.5,-15300.8,-41962.3,53.8,48.4,50.7
AUD_JPY,1.0,1.0,1,314484,203689,110795,-3306.98,-3905.33,-517187.2,-305382.4,-822569.6,1.4,36.3,50.6
AUD_JPY,1.0,1.0,2,207486,134245,73241,-2175.66,-2571.97,-340257.8,-201118.5,-541376.3,1.8,50.9,50.5
AUD_JPY,1.0,1.0,5,120782,78141,42641,-1259.16,-1513.39,-196922.7,-118341.4,-315264.1,2.2,67.3,50.3
AUD_JPY,1.0,1.0,10,81782,52698,29084,-851.69,-1008.43,-133198.0,-78855.3,-212053.3,2.6,76.7,50.4
AUD_JPY,1.0,1.0,30,45062,28873,16189,-472.52,-557.09,-73899.0,-43562.3,-117461.2,2.8,86.7,50.3
AUD_JPY,1.0,2.0,1,277014,180630,96384,-2943.72,-3417.0,-460375.6,-267196.9,-727572.6,6.1,14.1,50.7
AUD_JPY,1.0,2.0,2,167259,108881,58378,-1789.67,-2078.78,-279891.7,-162552.6,-442444.3,10.4,26.0,50.6
AUD_JPY,1.0,2.0,5,87087,56440,30647,-922.21,-1089.58,-144226.1,-85201.0,-229427.2,16.3,45.6,50.5
AUD_JPY,1.0,2.0,10,54854,35463,19391,-572.23,-688.56,-89493.3,-53843.2,-143336.5,20.8,59.4,50.4
AUD_JPY,1.0,2.0,30,27600,17943,9657,-289.82,-346.84,-45325.8,-27121.4,-72447.2,26.5,75.6,50.0
AUD_JPY,1.0,3.0,1,267665,175164,92501,-2855.97,-3278.85,-446653.1,-256394.3,-703047.4,8.5,5.7,50.6
AUD_JPY,1.0,3.0,2,155377,101772,53605,-1671.26,-1911.44,-261372.1,-149467.9,-410840.0,17.0,13.1,50.6
AUD_JPY,1.0,3.0,5,75162,49034,26128,-806.54,-936.89,-126136.6,-73261.5,-199400.6,32.5,29.6,51.0
AUD_JPY,1.0,3.0,10,44575,28937,15638,-478.22,-555.03,-74790.2,-43401.2,-118198.2,46.5,44.4,50.5
AUD_JPY,1.0,3.0,30,21196,13649,7547,-220.17,-263.58,-34432.3,-20610.8,-55048.4,65.2,65.6,50.9
AUD_JPY,1.0,5.0,1,263690,173033,90657,-2820.78,-3209.26,-441149.8,-250952.4,-692102.3,6.8,1.4,50.7
AUD_JPY,1.0,5.0,2,149145,98218,50927,-1605.76,-1818.11,-251129.6,-142169.3,-393298.9,12.6,3.9,50.5
AUD_JPY,1.0,5.0,5,67296,44316,22980,-729.11,-832.7,-114027.9,-65114.0,-179141.9,23.2,12.6,50.7
AUD_JPY,1.0,5.0,10,37283,24411,12872,-409.37,-469.71,-64022.8,-36729.9,-100761.3,33.4,24.1,50.6
AUD_JPY,1.0,5.0,30,15807,10216,5591,-181.21,-203.41,-28340.6,-15905.6,-44246.2,52.4,47.1,49.9
AUD_JPY,1.5,1.0,1,267403,170561,96842,-2800.02,-3434.46,-437902.8,-268561.9,-706464.7,1.5,37.6,50.5
AUD_JPY,1.5,1.0,2,185740,118767,66973,-1947.56,-2358.94,-304583.9,-184460.4,-489044.4,1.9,51.5,50.4
AUD_JPY,1.5,1.0,5,112738,72277,40461,-1178.98,-1425.65,-184383.9,-111480.6,-295864.4,2.3,67.2,50.4
AUD_JPY,1.5,1.0,10,77740,49770,27970,-805.85,-975.83,-126028.5,-76306.0,-202334.5,2.7,76.5,50.4
AUD_JPY,1.5,1.0,30,43387,27880,15507,-452.05,-537.4,-70697.0,-42022.6,-112719.6,3.1,86.5,50.3
AUD_JPY,1.5,2.0,1,236956,152222,84734,-2512.67,-3031.68,-392963.1,-237066.2,-630029.4,6.5,15.0,50.7
AUD_JPY,1.5,2.0,2,151851,97922,53929,-1617.4,-1918.26,-252949.0,-150001.2,-402950.2,10.8,27.0,50.6
AUD_JPY,1.5,2.0,5,82635,53215,29420,-878.47,-1046.41,-137386.9,-81825.3,-219212.4,16.8,45.8,50.3
AUD_JPY,1.5,2.0,10,53100,34227,18873,-559.0,-676.52,-87423.1,-52901.4,-140324.6,20.7,59.5,50.6
AUD_JPY,1.5,2.0,30,27522,17737,9785,-287.52,-337.04,-44965.8,-26355.0,-71321.0,26.2,75.9,49.8
AUD_JPY,1.5,3.0,1,228970,147639,81331,-2434.61,-2898.29,-380755.3,-226635.6,-607390.9,9.2,6.3,50.6
AUD_JPY,1.5,3.0,2,140922,91417,49505,-1516.11,-1763.23,-237108.2,-137878.0,-374986.2,17.6,13.8,50.5
AUD_JPY,1.5,3.0,5,71523,46439,25084,-772.94,-904.12,-120882.3,-70699.2,-191581.5,33.0,29.9,50.3
AUD_JPY,1.5,3.0,10,43546,28168,15378,-461.26,-543.45,-72138.3,-42496.2,-114634.5,46.8,44.8,50.6
AUD_JPY,1.5,3.0,30,20870,13409,7461,-222.98,-265.8,-34872.1,-20784.6,-55656.8,64.9,65.2,50.5
AUD_JPY,1.5,5.0,1,225366,145720,79646,-2396.41,-2843.71,-374780.4,-222368.1,-597148.5,7.2,1.6,50.7
AUD_JPY,1.5,5.0,2,135064,88117,46947,-1454.63,-1679.53,-227493.5,-131333.1,-358826.6,13.2,4.2,50.5
AUD_JPY,1.5,5.0,5,64212,42076,22136,-692.5,-804.86,-108301.6,-62936.9,-171238.5,23.4,12.9,50.5
AUD_JPY,1.5,5.0,10,36299,23710,12589,-397.32,-462.05,-62138.5,-36130.6,-98269.1,33.4,24.2,50.6
AUD_JPY,1.5,5.0,30,15809,10199,5610,-177.7,-194.73,-27790.2,-15227.6,-43017.8,52.5,47.3,50.5
AUD_JPY,2.0,1.0,1,212909,132890,80019,-2214.41,-2872.59,-346317.0,-224626.1,-570943.1,1.7,39.6,50.3
AUD_JPY,2.0,1.0,2,156624,98569,58055,-1638.25,-2072.23,-256210.6,-162040.6,-418251.3,2.0,52.9,50.3
AUD_JPY,2.0,1.0,5,100971,63992,36979,-1061.45,-1313.54,-166002.9,-102713.8,-268716.7,2.4,67.8,50.3
AUD_JPY,2.0,1.0,10,71670,45655,26015,-745.29,-924.17,-116557.8,-72267.1,-188824.9,2.7,76.6,50.4
AUD_JPY,2.0,1.0,30,41349,26281,15068,-431.53,-526.24,-67487.8,-41150.2,-108638.0,3.3,86.4,50.5
AUD_JPY,2.0,2.0,1,190144,119593,70551,-1998.57,-2544.59,-312561.2,-198978.0,-511539.2,7.2,16.7,50.5
AUD_JPY,2.0,2.0,2,129994,82555,47439,-1384.75,-1708.1,-216564.7,-133567.6,-350132.3,11.4,28.6,50.5
AUD_JPY,2.0,2.0,5,75460,48164,27296,-808.5,-976.15,-126442.7,-76331.7,-202774.6,17.4,46.7,50.2
AUD_JPY,2.0,2.0,10,50071,32008,18063,-532.29,-644.59,-83246.8,-50404.3,-133651.2,21.6,59.7,50.4
AUD_JPY,2.0,2.0,30,26470,16836,9634,-281.44,-333.04,-44015.1,-26042.7,-70058.0,27.3,75.6,50.6
AUD_JPY,2.0,3.0,1,183468,115799,67669,-1937.15,-2436.76,-302956.4,-190545.7,-493502.1,10.1,7.3,50.5
AUD_JPY,2.0,3.0,2,120615,77012,43603,-1292.74,-1575.33,-202175.4,-123184.9,-325360.4,18.6,15.1,50.6
AUD_JPY,2.0,3.0,5,65637,42242,23395,-713.76,-851.22,-111627.1,-66562.6,-178189.7,33.5,30.8,50.3
AUD_JPY,2.0,3.0,10,41259,26537,14722,-449.51,-527.75,-70300.1,-41268.4,-111568.4,47.3,45.4,50.7
AUD_JPY,2.0,3.0,30,20514,13144,7370,-219.17,-257.93,-34276.4,-20169.0,-54445.4,65.4,65.7,50.4
AUD_JPY,2.0,5.0,1,180109,114013,66096,-1901.75,-2388.31,-297420.1,-186756.9,-484177.1,8.0,1.9,50.6
AUD_JPY,2.0,5.0,2,115352,74072,41280,-1244.77,-1486.74,-194672.4,-116257.3,-310929.6,13.9,4.7,50.4
AUD_JPY,2.0,5.0,5,58815,38121,20694,-642.44,-753.1,-100472.9,-58889.8,-159362.8,24.2,13.6,50.4
AUD_JPY,2.0,5.0,10,34648,22503,12145,-380.48,-439.86,-59503.5,-34395.2,-93898.6,34.5,25.3,50.6
AUD_JPY,2.0,5.0,30,15489,10004,5485,-168.77,-198.57,-26394.2,-15527.4,-41921.6,53.0,48.0,49.6
AUD_JPY,3.0,1.0,1,118189,70335,47854,-1233.24,-1794.22,-192869.6,-140301.5,-333171.1,2.4,44.2,49.6
AUD_JPY,3.0,1.0,2,95861,57721,38140,-1001.43,-1409.72,-156615.7,-110234.8,-266850.5,2.8,56.7,49.8
AUD_JPY,3.0,1.0,5,69766,42476,27290,-736.34,-988.11,-115157.9,-77266.8,-192424.7,3.2,70.1,49.6
AUD_JPY,3.0,1.0,10,53587,32893,20694,-562.1,-740.42,-87907.8,-57898.3,-145806.2,3.3,77.9,49.8
AUD_JPY,3.0,1.0,30,34541,21353,13188,-364.93,-454.65,-57071.7,-35552.3,-92623.9,4.1,87.1,49.7
AUD_JPY,3.0,2.0,1,107359,64406,42953,-1135.35,-1623.52,-177561.1,-126953.4,-304514.4,9.1,21.2,49.8
AUD_JPY,3.0,2.0,2,82023,49907,32116,-874.73,-1209.35,-136800.8,-94566.8,-231367.6,13.3,33.1,49.8
AUD_JPY,3.0,2.0,5,54931,33839,21092,-587.51,-772.15,-91882.5,-60379.3,-152261.8,19.1,50.5,49.5
AUD_JPY,3.0,2.0,10,39470,24397,15073,-429.46,-547.26,-67165.0,-42793.4,-109958.4,23.0,61.8,49.8
AUD_JPY,3.0,2.0,30,23487,14577,8910,-250.93,-309.42,-39243.9,-24195.6,-63439.5,28.2,77.1,49.7
AUD_JPY,3.0,3.0,1,103286,62221,41065,-1097.08,-1553.33,-171575.8,-121465.0,-293040.8,12.7,10.2,49.8
AUD_JPY,3.0,3.0,2,76340,46700,29640,-821.97,-1113.9,-128549.6,-87103.0,-215652.6,21.8,19.0,49.9
AUD_JPY,3.0,3.0,5,48301,30015,18286,-525.31,-677.41,-82154.5,-52971.2,-135125.7,37.0,35.0,49.7
AUD_JPY,3.0,3.0,10,33367,20863,12504,-369.81,-452.86,-57835.9,-35412.3,-93248.2,49.3,48.2,50.2
AUD_JPY,3.0,3.0,30,18431,11656,6775,-195.22,-239.43,-30531.2,-18722.7,-49254.0,66.2,67.3,50.1
AUD_JPY,3.0,5.0,1,100950,60997,39953,-1073.22,-1510.64,-167843.8,-118126.2,-285970.0,10.1,3.0,49.9
AUD_JPY,3.0,5.0,2,72596,44677,27919,-783.28,-1039.97,-122499.4,-81322.2,-203821.6,16.4,6.8,50.1
AUD_JPY,3.0,5.0,5,43196,27061,16135,-477.34,-596.08,-74652.5,-46611.6,-121264.0,26.4,16.4,49.7
AUD_JPY,3.0,5.0,10,28169,17784,10385,-310.27,-384.4,-48523.7,-30058.7,-78588.0,36.5,28.1,49.9
AUD_JPY,3.0,5.0,30,14008,8895,5113,-157.57,-181.55,-24642.8,-14196.4,-38839.2,54.0,49.6,50.0
CAD_JPY,0.3,1.0,1,275616,183977,91639,-3821.38,-4197.11,-450838.6,-247583.1,-698421.7,1.0,36.7,50.4
CAD_JPY,0.3,1.0,2,172916,115736,57180,-2385.91,-2597.58,-281484.9,-153228.5,-434713.4,1.3,51.8,50.2
CAD_JPY,0.3,1.0,5,97634,65534,32100,-1339.81,-1437.13,-158067.5,-84775.0,-242842.4,1.9,68.5,50.2
CAD_JPY,0.3,1.0,10,65079,43752,21327,-880.5,-960.71,-103879.1,-56671.5,-160550.7,2.2,77.7,50.4
CAD_JPY,0.3,1.0,30,35563,23983,11580,-474.65,-518.89,-55997.8,-30608.9,-86606.7,2.6,87.1,49.9
CAD_JPY,0.3,2.0,1,238802,158992,79810,-3330.84,-3700.73,-392966.2,-218302.4,-611268.7,6.3,13.0,50.5
CAD_JPY,0.3,2.0,2,136205,90897,45308,-1891.29,-2105.91,-223130.4,-124225.4,-347355.8,12.6,26.0,50.4
CAD_JPY,0.3,2.0,5,68414,45805,22609,-943.15,-1037.64,-111271.4,-61209.6,-172481.0,22.1,46.4,49.8
CAD_JPY,0.3,2.0,10,42608,28585,14023,-585.91,-643.37,-69124.0,-37951.9,-107075.9,28.4,60.3,49.7
CAD_JPY,0.3,2.0,30,21625,14721,6904,-291.39,-328.13,-34377.6,-19355.8,-53733.5,36.6,76.6,50.5
CAD_JPY,0.3,3.0,1,230955,153544,77411,-3221.11,-3586.91,-380020.1,-211588.3,-591608.4,6.3,4.6,50.7
CAD_JPY,0.3,3.0,2,125822,83699,42123,-1755.16,-1959.65,-207070.5,-115597.6,-322668.1,13.6,12.2,50.3
CAD_JPY,0.3,3.0,5,58318,38893,19425,-813.47,-900.62,-95971.8,-53126.6,-149098.4,28.3,29.8,50.1
CAD_JPY,0.3,3.0,10,34520,23103,11417,-475.49,-522.89,-56096.9,-30844.6,-86945.5,42.4,45.8,50.4
CAD_JPY,0.3,3.0,30,16376,11043,5333,-219.62,-246.35,-25910.4,-14531.9,-40446.3,60.6,66.8,50.2
CAD_JPY,0.3,5.0,1,228288,151753,76535,-3181.06,-3547.7,-375294.6,-209275.2,-584569.9,5.5,0.9,50.6
CAD_JPY,0.3,5.0,2,121186,80561,40625,-1690.37,-1890.07,-199426.2,-111493.6,-310919.9,11.0,3.0,50.2
CAD_JPY,0.3,5.0,5,51988,34588,17400,-740.92,-824.39,-87411.9,-48629.9,-136043.7,20.9,11.5,50.2
CAD_JPY,0.3,5.0,10,28442,18945,9497,-394.04,-438.55,-46488.0,-25869.4,-72359.0,31.5,24.5,50.0
CAD_JPY,0.3,5.0,30,12147,8150,3997,-159.51,-185.74,-18818.9,-10956.5,-29777.0,49.8,49.5,50.6
CAD_JPY,0.5,1.0,1,268760,179471,89289,-3729.22,-4085.62,-439965.9,-241006.4,-680972.3,1.1,36.6,50.3
CAD_JPY,0.5,1.0,2,170225,114010,56215,-2353.2,-2562.52,-277625.9,-151160.3,-428786.2,1.4,51.7,50.3
CAD_JPY,0.5,1.0,5,96159,64642,31517,-1336.46,-1426.46,-157672.3,-84145.3,-241817.6,1.9,67.9,50.3
CAD_JPY,0.5,1.0,10,64281,43359,20922,-882.86,-951.85,-104157.5,-56148.6,-160306.0,2.2,77.2,50.3
CAD_JPY,0.5,1.0,30,34682,23395,11287,-473.42,-525.82,-55852.9,-31017.6,-86870.5,2.4,86.9,50.1
CAD_JPY,0.5,2.0,1,233480,155532,77948,-3252.26,-3608.17,-383694.5,-212842.6,-596537.1,6.3,13.1,50.6
CAD_JPY,0.5,2.0,2,134582,89805,44777,-1874.41,-2074.84,-221139.1,-122392.7,-343531.8,12.4,26.0,50.5
CAD_JPY,0.5,2.0,5,67889,45456,22433,-943.7,-1031.04,-111335.3,-60819.8,-172155.1,22.1,46.4,50.3
CAD_JPY,0.5,2.0,10,42533,28590,13943,-583.98,-630.78,-68896.4,-37209.2,-106105.6,28.8,60.5,50.5
CAD_JPY,0.5,2.0,30,21485,14554,6931,-288.44,-331.3,-34029.6,-19543.1,-53572.7,35.8,76.3,50.0
CAD_JPY,0.5,3.0,1,225992,150318,75674,-3142.58,-3502.66,-370754.7,-206618.3,-577373.0,6.3,4.6,50.7
CAD_JPY,0.5,3.0,2,124295,82738,41557,-1741.7,-1935.6,-205482.5,-114179.3,-319661.8,13.4,12.1,50.5
CAD_JPY,0.5,3.0,5,58054,38744,19310,-813.14,-896.58,-95932.8,-52888.6,-148821.4,28.4,29.7,50.5
CAD_JPY,0.5,3.0,10,34465,23127,11338,-470.32,-524.21,-55487.2,-30922.8,-86413.9,41.9,45.9,50.0
CAD_JPY,0.5,3.0,30,16254,10996,5258,-217.37,-250.62,-25645.0,-14783.7,-40432.7,60.0,66.4,50.7
CAD_JPY,0.5,5.0,1,223377,148564,74813,-3107.74,-3468.99,-366644.3,-204632.0,-571276.3,5.5,0.9,50.8
CAD_JPY,0.5,5.0,2,119699,79586,40113,-1683.36,-1868.8,-198599.3,-110238.8,-308838.1,11.0,3.0,50.6
CAD_JPY,0.5,5.0,5,51723,34427,17296,-727.18,-825.97,-85791.3,-48723.0,-134515.8,20.5,11.4,50.8
CAD_JPY,0.5,5.0,10,28305,18886,9419,-395.35,-447.36,-46643.1,-26389.4,-73034.1,30.3,24.2,50.4
CAD_JPY,0.5,5.0,30,12100,8106,3994,-161.8,-186.14,-19088.4,-10980.1,-30077.8,49.3,49.5,50.9
CAD_JPY,1.0,1.0,1,242472,162511,79961,-3375.97,-3668.04,-398289.6,-216373.8,-614663.5,1.1,37.1,50.6
CAD_JPY,1.0,1.0,2,159322,106897,52425,-2213.72,-2396.17,-261169.9,-141347.9,-402517.8,1.4,51.7,50.6
CAD_JPY,1.0,1.0,5,92832,62513,30319,-1285.65,-1387.21,-151678.2,-81829.9,-233508.1,1.8,68.0,50.7
CAD_JPY,1.0,1.0,10,62224,42003,20221,-862.09,-927.16,-101707.1,-54692.3,-156399.4,2.1,76.8,50.3
CAD_JPY,1.0,1.0,30,34394,23262,11132,-464.46,-505.92,-54796.6,-29843.6,-84640.2,2.5,87.0,50.8
CAD_JPY,1.0,2.0,1,212143,141808,70335,-2969.34,-3259.93,-350316.2,-192300.1,-542616.3,6.5,13.5,50.7
CAD_JPY,1.0,2.0,2,127228,85104,42124,-1784.55,-1952.21,-210537.5,-115158.6,-325696.1,12.7,26.3,50.9
CAD_JPY,1.0,2.0,5,66096,44317,21779,-923.56,-1012.55,-108960.2,-59729.1,-168689.3,22.0,46.3,50.7
CAD_JPY,1.0,2.0,10,41718,28100,13618,-577.9,-630.8,-68179.1,-37210.3,-105389.3,28.9,60.3,50.6
CAD_JPY,1.0,2.0,30,21196,14255,6941,-292.94,-314.89,-34560.1,-18574.8,-53134.9,37.6,76.2,50.7
CAD_JPY,1.0,3.0,1,205305,137053,68252,-2879.43,-3166.57,-339709.0,-186792.7,-526501.7,6.5,4.8,50.7
CAD_JPY,1.0,3.0,2,117786,78587,39199,-1657.5,-1828.06,-195548.0,-107835.2,-303383.2,13.6,12.4,50.8
CAD_JPY,1.0,3.0,5,56594,37772,18822,-793.21,-872.95,-93581.6,-51494.5,-145076.1,28.4,29.9,50.7
CAD_JPY,1.0,3.0,10,33571,22474,11097,-480.27,-520.64,-56661.1,-30712.0,-87374.0,41.7,44.9,50.3
CAD_JPY,1.0,3.0,30,16060,10824,5236,-228.38,-249.14,-26944.2,-14696.4,-41641.4,61.2,66.1,50.7
CAD_JPY,1.0,5.0,1,202818,135385,67433,-2844.31,-3124.46,-335566.4,-184309.1,-519875.5,5.9,1.0,50.7
CAD_JPY,1.0,5.0,2,113417,75627,37790,-1597.76,-1772.27,-188500.7,-104544.6,-293045.3,11.2,3.1,50.8
CAD_JPY,1.0,5.0,5,50591,33741,16850,-719.69,-809.26,-84907.9,-47737.7,-132646.4,20.2,11.6,50.7
CAD_JPY,1.0,5.0,10,27973,18670,9303,-398.02,-434.34,-46957.6,-25621.1,-72585.9,30.7,24.2,50.5
CAD_JPY,1.0,5.0,30,11967,8041,3926,-163.42,-190.97,-19279.9,-11264.9,-30551.1,48.8,48.8,50.6
CAD_JPY,1.5,1.0,1,207010,139711,67299,-2927.71,-3114.58,-345405.6,-183725.7,-529131.3,1.2,37.6,50.4
CAD_JPY,1.5,1.0,2,143144,96512,46632,-2007.76,-2148.51,-236871.5,-126738.5,-363610.0,1.4,52.0,50.2
CAD_JPY,1.5,1.0,5,86743,58502,28241,-1210.75,-1291.54,-142842.0,-76186.5,-219028.5,2.0,68.0,50.4
CAD_JPY,1.5,1.0,10,59931,40545,19386,-824.93,-873.63,-97323.4,-51534.7,-148858.1,2.3,77.3,50.0
CAD_JPY,1.5,1.0,30,33268,22334,10934,-463.64,-494.75,-54699.7,-29185.0,-83884.8,2.7,86.6,50.2
CAD_JPY,1.5,2.0,1,183143,123351,59792,-2605.42,-2780.17,-307381.9,-163999.5,-471381.3,7.0,14.1,50.6
CAD_JPY,1.5,2.0,2,116144,78106,38038,-1642.67,-1784.44,-193798.9,-105262.5,-299061.3,13.0,26.6,50.5
CAD_JPY,1.5,2.0,5,62915,42399,20516,-886.74,-969.22,-104615.5,-57173.2,-161788.7,22.1,46.4,50.4
CAD_JPY,1.5,2.0,10,40535,27362,13173,-553.31,-606.42,-65278.2,-35772.1,-101050.3,29.4,60.5,50.4
CAD_JPY,1.5,2.0,30,20832,14011,6821,-290.92,-313.29,-34322.2,-18480.9,-52803.1,37.5,76.1,49.9
CAD_JPY,1.5,3.0,1,177419,119423,57996,-2520.22,-2695.95,-297330.9,-159031.1,-456362.1,7.2,5.2,50.6
CAD_JPY,1.5,3.0,2,107889,72426,35463,-1536.54,-1682.73,-181278.0,-99262.4,-280540.5,13.8,12.8,50.4
CAD_JPY,1.5,3.0,5,54164,36332,17832,-769.3,-850.61,-90760.8,-50176.5,-140937.3,28.4,29.9,50.3
CAD_JPY,1.5,3.0,10,32874,22138,10736,-452.97,-512.07,-53440.1,-30206.5,-83649.8,41.6,45.3,50.2
CAD_JPY,1.5,3.0,30,15933,10743,5190,-219.11,-252.29,-25849.7,-14882.1,-40734.9,61.3,66.2,50.3
CAD_JPY,1.5,5.0,1,175188,117920,57268,-2490.64,-2668.21,-293840.5,-157394.8,-451235.3,6.3,1.1,50.7
CAD_JPY,1.5,5.0,2,103859,69666,34193,-1475.73,-1613.67,-174103.8,-95189.0,-269292.8,11.3,3.4,50.5
CAD_JPY,1.5,5.0,5,48544,32457,16087,-696.8,-761.64,-82207.6,-44928.3,-127136.1,20.6,11.9,50.2
CAD_JPY,1.5,5.0,10,27374,18279,9095,-389.91,-435.6,-46000.9,-25695.4,-71704.4,30.6,24.3,50.6
CAD_JPY,1.5,5.0,30,11848,7953,3895,-164.9,-187.33,-19455.1,-11050.5,-30517.8,48.6,48.5,49.8
CAD_JPY,2.0,1.0,1,163651,111386,52265,-2360.59,-2444.07,-278497.8,-144173.5,-422671.3,1.4,38.9,50.3
CAD_JPY,2.0,1.0,2,120574,82001,38573,-1718.26,-1792.66,-202716.6,-105747.4,-308464.0,1.8,52.9,50.2
CAD_JPY,2.0,1.0,5,78409,53446,24963,-1095.65,-1137.09,-129262.6,-67075.9,-196338.5,2.2,68.8,50.2
CAD_JPY,2.0,1.0,10,55416,37700,17716,-774.65,-810.07,-91391.9,-47785.3,-139177.2,2.5,77.3,49.9
CAD_JPY,2.0,1.0,30,31939,21609,10330,-440.64,-475.74,-51986.4,-28063.5,-80049.8,2.7,86.7,49.4
CAD_JPY,2.0,2.0,1,146500,99593,46907,-2124.06,-2218.17,-250592.1,-130847.9,-381440.0,7.6,15.3,50.4
CAD_JPY,2.0,2.0,2,99579,67603,31976,-1437.62,-1516.74,-169606.9,-89471.1,-259078.0,13.6,27.6,50.6
CAD_JPY,2.0,2.0,5,57558,38944,18614,-831.79,-869.93,-98132.7,-51316.4,-149449.1,22.7,46.7,50.4
CAD_JPY,2.0,2.0,10,38240,25826,12414,-534.33,-566.31,-63038.9,-33406.0,-96444.9,29.5,60.6,49.9
CAD_JPY,2.0,2.0,30,20384,13747,6637,-281.73,-305.41,-33238.3,-18015.9,-51254.2,37.8,76.5,50.2
CAD_JPY,2.0,3.0,1,141878,96389,45489,-2056.69,-2152.99,-242644.3,-127003.0,-369647.3,7.8,6.0,50.5
CAD_JPY,2.0,3.0,2,92797,62907,29890,-1342.14,-1423.86,-158343.1,-83992.3,-242335.5,14.9,13.7,50.5
CAD_JPY,2.0,3.0,5,50065,33771,16294,-728.6,-768.29,-85958.5,-45320.6,-131279.1,29.8,30.6,50.1
CAD_JPY,2.0,3.0,10,31352,21141,10211,-449.85,-486.16,-53072.3,-28678.1,-81751.3,42.4,45.5,50.0
CAD_JPY,2.0,3.0,30,15680,10530,5150,-225.19,-242.31,-26567.4,-14293.5,-40862.8,61.4,66.2,50.6
CAD_JPY,2.0,5.0,1,139861,95036,44825,-2027.85,-2124.56,-239242.0,-125325.9,-364567.9,6.8,1.3,50.6
CAD_JPY,2.0,5.0,2,89148,60407,28741,-1294.53,-1375.53,-152726.5,-81140.9,-233867.4,11.9,3.6,50.5
CAD_JPY,2.0,5.0,5,44884,30273,14611,-655.47,-700.85,-77331.1,-41342.3,-118673.6,21.6,12.3,50.2
CAD_JPY,2.0,5.0,10,26094,17560,8534,-378.22,-405.78,-44621.5,-23936.8,-68561.4,31.4,24.5,50.0
CAD_JPY,2.0,5.0,30,11672,7826,3846,-162.54,-181.68,-19176.2,-10717.1,-29896.4,49.3,48.9,50.9
CAD_JPY,3.0,1.0,1,84454,58199,26255,-1307.32,-1329.68,-154235.2,-78436.7,-232671.9,2.2,42.2,49.4
CAD_JPY,3.0,1.0,2,69514,47947,21567,-1063.39,-1078.95,-125456.9,-63646.0,-189102.9,2.5,55.2,49.4
CAD_JPY,3.0,1.0,5,51307,35337,15970,-771.3,-780.32,-90996.7,-46030.2,-137026.8,2.9,69.4,49.4
CAD_JPY,3.0,1.0,10,39826,27377,12449,-589.24,-597.56,-69516.8,-35249.4,-104766.2,3.2,77.6,49.4
CAD_JPY,3.0,1.0,30,25693,17682,8011,-374.14,-383.44,-44140.6,-22619.0,-66759.6,3.7,86.6,49.2
CAD_JPY,3.0,2.0,1,77489,53384,24105,-1206.31,-1230.41,-142317.6,-72580.5,-214898.1,9.8,18.7,49.4
CAD_JPY,3.0,2.0,2,60273,41514,18759,-933.65,-952.34,-110149.7,-56177.6,-166327.3,15.6,30.9,49.5
CAD_JPY,3.0,2.0,5,40733,27995,12738,-622.32,-628.56,-73420.2,-37078.0,-110498.2,24.4,48.9,49.6
CAD_JPY,3.0,2.0,10,29738,20366,9372,-440.73,-449.97,-51995.8,-26543.5,-78539.4,30.6,61.8,49.4
CAD_JPY,3.0,2.0,30,17653,11980,5673,-255.39,-269.0,-30130.8,-15868.3,-45999.1,38.1,77.0,50.3
CAD_JPY,3.0,3.0,1,75136,51786,23350,-1170.91,-1188.78,-138141.3,-70124.7,-208266.1,10.6,8.3,49.5
CAD_JPY,3.0,3.0,2,56640,38996,17644,-875.17,-885.51,-103251.2,-52235.5,-155486.7,18.5,16.8,49.6
CAD_JPY,3.0,3.0,5,36227,24895,11332,-556.77,-564.46,-65686.9,-33296.8,-98983.7,31.8,33.1,49.4
CAD_JPY,3.0,3.0,10,25216,17240,7976,-372.35,-382.23,-43929.0,-22547.4,-66477.5,44.6,47.5,49.7
CAD_JPY,3.0,3.0,30,13814,9402,4412,-197.62,-219.03,-23315.4,-12920.2,-36236.6,60.9,66.8,50.1
CAD_JPY,3.0,5.0,1,73785,50909,22876,-1152.77,-1172.49,-136001.7,-69163.8,-205165.5,8.9,2.1,49.6
CAD_JPY,3.0,5.0,2,54247,37378,16869,-845.19,-856.79,-99713.7,-50541.5,-150255.2,14.4,4.9,49.5
CAD_JPY,3.0,5.0,5,32693,22428,10265,-504.55,-504.56,-59526.4,-29763.5,-89289.9,24.2,14.6,49.7
CAD_JPY,3.0,5.0,10,21211,14523,6688,-324.4,-337.01,-38271.8,-19879.6,-58154.6,33.1,26.6,50.1
CAD_JPY,3.0,5.0,30,10591,7211,3380,-149.21,-168.33,-17603.7,-9929.8,-27536.7,50.1,50.0,49.7
NZD_JPY,0.3,1.0,1,284149,186792,97357,-4497.76,-4972.55,-552928.1,-305648.3,-858576.4,0.4,35.3,50.3
NZD_JPY,0.3,1.0,2,177461,116401,61060,-2785.09,-3118.43,-342382.5,-191680.6,-534063.1,0.5,50.7,50.4
NZD_JPY,0.3,1.0,5,99499,65047,34452,-1560.89,-1754.15,-191886.7,-107822.5,-299709.2,0.8,67.5,50.1
NZD_JPY,0.3,1.0,10,66296,43157,23139,-1023.09,-1168.19,-125773.0,-71805.2,-197578.2,0.8,76.9,50.0
NZD_JPY,0.3,1.0,30,36568,24035,12533,-563.55,-644.21,-69279.4,-39598.0,-108877.4,1.1,87.0,50.0
NZD_JPY,0.3,2.0,1,247741,163763,83978,-3954.41,-4321.25,-486131.9,-265614.6,-751746.5,1.7,11.7,50.4
NZD_JPY,0.3,2.0,2,140309,92482,47827,-2234.02,-2472.03,-274637.4,-151948.5,-426585.9,3.0,24.3,50.2
NZD_JPY,0.3,2.0,5,69749,45712,24037,-1102.99,-1246.17,-135594.6,-76598.4,-212193.0,5.1,44.7,50.2
NZD_JPY,0.3,2.0,10,43365,28329,15036,-676.01,-756.01,-83104.2,-46469.6,-129573.8,6.3,59.3,50.3
NZD_JPY,0.3,2.0,30,22068,14376,7692,-332.96,-392.3,-40932.7,-24113.8,-65046.5,9.0,76.3,49.6
NZD_JPY,0.3,3.0,1,240492,159315,81177,-3846.26,-4165.78,-472836.7,-256058.5,-728895.2,4.6,3.9,50.4
NZD_JPY,0.3,3.0,2,130421,86254,44167,-2094.6,-2294.14,-257497.6,-141014.1,-398511.7,11.8,10.9,50.6
NZD_JPY,0.3,3.0,5,59939,39451,20488,-959.11,-1071.87,-117907.1,-65884.9,-183792.1,28.0,28.0,49.9
NZD_JPY,0.3,3.0,10,35064,22955,12109,-558.62,-631.72,-68673.3,-38830.0,-107503.4,41.9,43.9,50.2
NZD_JPY,0.3,3.0,30,16770,10972,5798,-255.9,-309.58,-31459.4,-19029.1,-50488.7,60.3,65.9,50.6
NZD_JPY,0.3,5.0,1,238187,157976,80211,-3800.15,-4110.86,-467167.8,-252682.5,-719850.3,3.7,0.8,50.3
NZD_JPY,0.3,5.0,2,126178,83674,42504,-2022.59,-2178.94,-248645.8,-133932.8,-382578.7,8.6,2.6,50.5
NZD_JPY,0.3,5.0,5,53959,35658,18301,-874.85,-950.18,-107548.6,-58404.9,-165955.7,19.3,10.5,50.6
NZD_JPY,0.3,5.0,10,29346,19340,10006,-458.43,-521.23,-56357.0,-32038.2,-88395.2,30.1,22.8,50.5
NZD_JPY,0.3,5.0,30,12382,8054,4328,-194.37,-218.48,-23894.7,-13429.6,-37324.3,51.2,47.3,50.0
NZD_JPY,0.5,1.0,1,277005,181881,95124,-4376.69,-4858.77,-538044.8,-298654.5,-836699.3,0.4,35.4,50.5
NZD_JPY,0.5,1.0,2,174621,114312,60309,-2744.14,-3073.57,-337348.3,-188923.3,-526271.5,0.5,50.7,50.5
NZD_JPY,0.5,1.0,5,98084,64163,33921,-1535.66,-1731.36,-188785.4,-106421.8,-295207.2,0.7,67.3,50.4
NZD_JPY,0.5,1.0,10,65768,42794,22974,-1018.46,-1157.96,-125202.9,-71176.7,-196379.6,0.8,77.0,50.4
NZD_JPY,0.5,1.0,30,36375,23628,12747,-559.18,-644.15,-68742.5,-39594.0,-108336.5,1.2,86.9,49.8
NZD_JPY,0.5,2.0,1,241818,159550,82268,-3858.72,-4221.87,-474368.1,-259505.9,-733874.0,1.7,11.7,50.6
NZD_JPY,0.5,2.0,2,138545,91212,47333,-2208.28,-2438.72,-271473.4,-149900.8,-421374.2,3.1,24.3,50.5
NZD_JPY,0.5,2.0,5,69362,45461,23901,-1090.43,-1243.07,-134051.1,-76407.9,-210459.0,5.0,44.9,50.2
NZD_JPY,0.5,2.0,10,43180,28144,15036,-676.99,-759.98,-83225.4,-46713.4,-129938.8,6.7,59.2,50.1
NZD_JPY,0.5,2.0,30,21961,14158,7803,-340.53,-392.67,-41862.5,-24136.2,-65998.7,8.6,76.0,50.0
NZD_JPY,0.5,3.0,1,235013,155398,79615,-3753.66,-4077.27,-461452.3,-250617.9,-712070.2,4.7,4.0,50.5
NZD_JPY,0.5,3.0,2,128842,85088,43754,-2067.94,-2277.64,-254219.7,-139999.9,-394219.7,11.8,10.9,50.7
NZD_JPY,0.5,3.0,5,59702,39279,20423,-950.17,-1064.45,-116807.9,-65428.5,-182236.5,27.7,28.3,50.8
NZD_JPY,0.5,3.0,10,35020,22923,12097,-552.42,-628.24,-67911.2,-38615.8,-106527.1,41.8,44.0,49.9
NZD_JPY,0.5,3.0,30,16499,10848,5651,-254.79,-297.52,-31321.9,-18287.6,-49609.6,60.3,65.4,49.6
NZD_JPY,0.5,5.0,1,232659,154043,78616,-3714.67,-4013.59,-456659.9,-246703.8,-703363.7,3.7,0.7,50.4
NZD_JPY,0.5,5.0,2,124600,82545,42055,-1999.96,-2161.02,-245863.0,-132831.7,-378694.7,8.6,2.6,50.5
NZD_JPY,0.5,5.0,5,53647,35463,18184,-866.36,-965.0,-106504.6,-59315.7,-165822.3,18.9,10.5,50.5
NZD_JPY,0.5,5.0,10,29279,19272,10007,-464.25,-519.8,-57072.1,-31950.4,-89022.5,30.1,23.0,50.6
NZD_JPY,0.5,5.0,30,12240,8038,4202,-193.25,-229.41,-23757.1,-14101.2,-37858.3,48.6,46.7,50.2
NZD_JPY,1.0,1.0,1,249061,162482,86579,-3932.89,-4432.08,-483486.3,-272426.8,-755913.2,0.4,35.6,50.4
NZD_JPY,1.0,1.0,2,162735,106169,56566,-2567.5,-2898.83,-315633.4,-178182.8,-493816.2,0.6,50.4,50.7
NZD_JPY,1.0,1.0,5,94158,61271,32887,-1481.22,-1684.7,-182092.3,-103553.7,-285646.0,0.7,67.1,50.4
NZD_JPY,1.0,1.0,10,63649,41348,22301,-989.7,-1134.58,-121668.2,-69739.5,-191407.7,0.7,76.6,50.4
NZD_JPY,1.0,1.0,30,35414,23031,12383,-544.73,-642.5,-66965.4,-39492.6,-106458.0,1.2,86.8,50.4
NZD_JPY,1.0,2.0,1,219408,143865,75543,-3498.85,-3900.14,-430128.0,-239730.3,-669858.3,1.8,12.0,50.5
NZD_JPY,1.0,2.0,2,130875,85741,45134,-2091.58,-2338.57,-257127.0,-143745.1,-400872.1,3.3,24.3,50.6
NZD_JPY,1.0,2.0,5,67499,44192,23307,-1070.09,-1214.05,-131549.9,-74624.0,-206174.0,5.1,44.8,50.1
NZD_JPY,1.0,2.0,10,42357,27706,14651,-667.8,-756.43,-82095.3,-46495.4,-128590.7,6.7,59.0,49.8
NZD_JPY,1.0,2.0,30,21568,13891,7677,-338.5,-387.64,-41613.1,-23827.0,-65440.1,9.0,75.6,50.4
NZD_JPY,1.0,3.0,1,213407,140213,73194,-3403.51,-3755.73,-418407.6,-230853.4,-649261.0,4.9,4.2,50.5
NZD_JPY,1.0,3.0,2,122125,80336,41789,-1958.02,-2164.79,-240707.1,-133063.1,-373770.2,12.0,11.2,50.6
NZD_JPY,1.0,3.0,5,58145,38165,19980,-934.03,-1040.97,-114824.5,-63985.4,-178809.9,28.1,28.1,50.6
NZD_JPY,1.0,3.0,10,34528,22510,12018,-553.74,-607.03,-68073.2,-37312.1,-105385.3,42.7,43.8,50.0
NZD_JPY,1.0,3.0,30,16329,10581,5748,-262.84,-305.72,-32312.3,-18791.5,-51103.8,60.5,64.8,50.0
NZD_JPY,1.0,5.0,1,211156,138949,72207,-3369.12,-3702.24,-414180.1,-227565.6,-641745.7,3.9,0.8,50.6
NZD_JPY,1.0,5.0,2,118023,77895,40128,-1897.04,-2068.85,-233210.8,-127166.1,-360377.0,8.7,2.7,50.7
NZD_JPY,1.0,5.0,5,52424,34583,17841,-859.51,-925.6,-105663.1,-56894.0,-162558.5,19.4,10.5,50.5
NZD_JPY,1.0,5.0,10,28786,18943,9843,-462.48,-512.11,-56854.1,-31478.1,-88332.2,29.9,22.5,50.5
NZD_JPY,1.0,5.0,30,12321,8081,4240,-182.81,-231.57,-22473.7,-14233.8,-36707.5,48.8,47.7,49.8
NZD_JPY,1.5,1.0,1,207374,134104,73270,-3280.39,-3803.97,-403272.1,-233818.6,-637090.7,0.5,36.4,50.1
NZD_JPY,1.5,1.0,2,144001,93243,50758,-2270.5,-2627.36,-279122.1,-161496.0,-440618.2,0.6,51.0,50.2
NZD_JPY,1.5,1.0,5,87418,56675,30743,-1386.25,-1582.75,-170417.1,-97286.9,-267704.0,0.7,67.1,50.1
NZD_JPY,1.5,1.0,10,60698,39268,21430,-952.7,-1082.12,-117119.9,-66514.6,-183634.4,0.9,76.7,50.0
NZD_JPY,1.5,1.0,30,34261,22243,12018,-528.68,-622.84,-64992.6,-38284.0,-103276.6,1.1,86.7,50.1
NZD_JPY,1.5,2.0,1,184860,120050,64810,-2947.87,-3381.84,-362393.2,-207871.7,-570264.9,1.9,12.9,50.2
NZD_JPY,1.5,2.0,2,117549,76622,40927,-1882.69,-2136.34,-231446.2,-131314.4,-362760.6,3.5,25.1,50.2
NZD_JPY,1.5,2.0,5,63713,41461,22252,-1023.04,-1152.8,-125766.2,-70859.4,-196625.6,5.2,44.9,50.0
NZD_JPY,1.5,2.0,10,40634,26419,14215,-659.08,-737.65,-81023.6,-45341.0,-126364.5,6.7,58.6,50.4
NZD_JPY,1.5,2.0,30,20848,13471,7377,-336.9,-386.13,-41417.0,-23734.0,-65151.1,9.0,75.0,50.0
NZD_JPY,1.5,3.0,1,179665,116937,62728,-2871.9,-3272.17,-353054.9,-201130.8,-554185.6,5.2,4.5,50.2
NZD_JPY,1.5,3.0,2,109841,71872,37969,-1766.41,-1992.32,-217152.5,-122462.3,-339614.8,12.3,11.7,50.2
NZD_JPY,1.5,3.0,5,55148,36056,19092,-910.28,-1007.37,-111904.5,-61920.0,-173824.5,28.1,27.9,50.3
NZD_JPY,1.5,3.0,10,33513,21857,11656,-542.03,-595.34,-66634.0,-36594.1,-103228.3,42.7,44.0,49.5
NZD_JPY,1.5,3.0,30,16174,10506,5668,-258.17,-301.4,-31738.0,-18526.0,-50264.2,60.6,65.1,49.6
NZD_JPY,1.5,5.0,1,177746,115828,61918,-2842.09,-3218.68,-349389.7,-197843.0,-547232.7,4.1,0.9,50.3
NZD_JPY,1.5,5.0,2,106160,69643,36517,-1710.9,-1907.02,-210327.8,-117218.9,-327546.7,8.9,2.9,50.2
NZD_JPY,1.5,5.0,5,49959,32846,17113,-815.54,-896.05,-100258.2,-55077.6,-155337.1,19.5,10.9,50.1
NZD_JPY,1.5,5.0,10,28059,18386,9673,-460.58,-506.31,-56621.1,-31121.7,-87742.8,29.8,22.7,50.7
NZD_JPY,1.5,5.0,30,12133,7909,4224,-193.06,-221.28,-23733.6,-13601.2,-37337.0,50.0,46.7,49.8
NZD_JPY,2.0,1.0,1,158392,101074,57318,-2518.06,-3047.22,-309554.9,-187303.6,-496858.5,0.5,38.0,50.1
NZD_JPY,2.0,1.0,2,117636,75288,42348,-1868.44,-2231.49,-229695.3,-137163.1,-366858.4,0.6,51.9,50.1
NZD_JPY,2.0,1.0,5,76789,49303,27486,-1220.28,-1431.84,-150014.3,-88011.3,-238025.6,0.8,67.5,50.0
NZD_JPY,2.0,1.0,10,54775,35376,19399,-865.03,-1017.14,-106341.7,-62520.6,-168862.3,1.0,76.4,49.8
NZD_JPY,2.0,1.0,30,32382,20999,11383,-506.34,-605.03,-62246.7,-37189.2,-99435.9,1.1,86.6,49.8
NZD_JPY,2.0,2.0,1,142858,91615,51243,-2294.19,-2728.45,-282033.9,-167709.7,-449743.5,2.3,14.2,50.1
NZD_JPY,2.0,2.0,2,98246,63317,34929,-1577.39,-1852.5,-193915.5,-113867.5,-307783.0,3.7,26.4,50.1
NZD_JPY,2.0,2.0,5,57493,37208,20285,-924.45,-1071.97,-113646.2,-65890.7,-179536.9,5.2,45.7,49.8
NZD_JPY,2.0,2.0,10,38185,24759,13426,-620.86,-703.37,-76324.8,-43234.4,-119559.2,6.7,59.0,49.8
NZD_JPY,2.0,2.0,30,20329,13173,7156,-323.87,-389.74,-39815.0,-23956.1,-63771.1,8.5,75.2,49.3
NZD_JPY,2.0,3.0,1,138713,89178,49535,-2229.02,-2633.87,-274022.0,-161896.6,-435918.5,5.8,5.3,50.1
NZD_JPY,2.0,3.0,2,92001,59560,32441,-1481.86,-1725.24,-182171.5,-106045.3,-288216.8,13.1,12.7,50.1
NZD_JPY,2.0,3.0,5,50053,32513,17540,-817.34,-932.07,-100479.3,-57291.4,-157771.1,28.5,29.1,49.9
NZD_JPY,2.0,3.0,10,31487,20503,10984,-519.16,-586.59,-63822.7,-36056.0,-99879.1,41.7,43.8,49.6
NZD_JPY,2.0,3.0,30,15654,10201,5453,-254.49,-291.85,-31286.1,-17939.4,-49226.1,60.0,65.1,49.3
NZD_JPY,2.0,5.0,1,137129,88285,48844,-2201.57,-2588.3,-270647.8,-159095.2,-429743.0,4.6,1.1,50.2
NZD_JPY,2.0,5.0,2,88834,57658,31176,-1433.37,-1651.03,-176209.5,-101484.1,-277693.7,9.3,3.3,50.2
NZD_JPY,2.0,5.0,5,45307,29577,15730,-743.99,-846.3,-91462.3,-52019.4,-143481.8,19.4,11.2,50.1
NZD_JPY,2.0,5.0,10,26571,17334,9237,-436.63,-480.59,-53677.3,-29540.4,-83217.7,30.5,23.1,50.0
NZD_JPY,2.0,5.0,30,11962,7818,4144,-183.81,-220.32,-22597.0,-13542.6,-36139.6,50.4,48.1,48.9
NZD_JPY,3.0,1.0,1,77090,47851,29239,-1284.93,-1695.92,-157962.1,-104243.0,-262205.0,0.9,42.1,49.4
NZD_JPY,3.0,1.0,2,64272,40068,24204,-1065.54,-1367.63,-130991.7,-84064.4,-215056.1,1.0,54.9,49.3
NZD_JPY,3.0,1.0,5,48415,30407,18008,-790.1,-984.11,-97130.0,-60490.4,-157620.4,1.1,69.3,49.1
NZD_JPY,3.0,1.0,10,38040,24014,14026,-614.64,-757.83,-75560.4,-46581.9,-122142.3,1.2,77.5,48.9
NZD_JPY,3.0,1.0,30,25014,15906,9108,-403.89,-496.56,-49651.4,-30522.0,-80173.4,1.4,86.6,48.5
NZD_JPY,3.0,2.0,1,70998,44300,26698,-1193.26,-1549.48,-146692.2,-95241.7,-241933.9,3.5,18.1,49.3
NZD_JPY,3.0,2.0,2,56001,35183,20818,-936.18,-1185.14,-115088.7,-72847.3,-187936.0,5.0,30.2,49.3
NZD_JPY,3.0,2.0,5,38757,24535,14222,-641.02,-782.03,-78803.0,-48068.8,-126871.9,6.6,48.5,49.4
NZD_JPY,3.0,2.0,10,28531,18227,10304,-469.41,-560.14,-57706.4,-34429.9,-92136.3,7.9,60.8,49.5
NZD_JPY,3.0,2.0,30,17155,10888,6267,-282.03,-329.82,-34670.5,-20273.0,-54943.5,9.8,76.2,48.5
NZD_JPY,3.0,3.0,1,68977,43169,25808,-1162.06,-1497.22,-142856.9,-92029.9,-234886.7,8.0,7.8,49.3
NZD_JPY,3.0,3.0,2,52805,33322,19483,-887.55,-1109.87,-109110.3,-68220.4,-177330.7,15.3,15.8,49.3
NZD_JPY,3.0,3.0,5,34539,21988,12551,-578.56,-693.65,-71125.2,-42636.6,-113761.8,30.6,32.3,49.4
NZD_JPY,3.0,3.0,10,24399,15601,8798,-401.22,-467.3,-49324.2,-28723.4,-78048.0,44.1,46.8,49.0
NZD_JPY,3.0,3.0,30,13589,8655,4934,-221.94,-271.04,-27284.4,-16660.3,-43945.1,60.8,65.7,48.7
NZD_JPY,3.0,5.0,1,67886,42570,25316,-1142.76,-1461.08,-140484.7,-89808.3,-230293.0,6.3,2.0,49.4
NZD_JPY,3.0,5.0,2,50766,32113,18653,-853.5,-1055.37,-104924.7,-64870.4,-169795.1,11.3,4.8,49.5
NZD_JPY,3.0,5.0,5,31328,20060,11268,-529.41,-629.71,-65082.8,-38706.7,-103789.5,21.3,13.7,49.5
NZD_JPY,3.0,5.0,10,20772,13384,7388,-346.78,-402.61,-42631.4,-24747.0,-67379.2,32.1,25.7,49.0
NZD_JPY,3.0,5.0,30,10488,6735,3753,-176.42,-196.35,-21688.4,-12068.9,-33759.6,51.4,48.3,48.2
CHF_JPY,0.3,1.0,1,350464,233653,116811,-8343.17,-8947.58,-1115200.9,-597995.8,-1713196.7,0.3,48.3,50.5
CHF_JPY,0.3,1.0,2,228266,152204,76062,-5454.96,-5842.18,-729144.7,-390451.9,-1119596.6,0.4,61.8,50.6
CHF_JPY,0.3,1.0,5,133809,89383,44426,-3193.54,-3425.57,-426868.9,-228941.7,-655810.6,0.5,75.3,50.5
CHF_JPY,0.3,1.0,10,91611,61242,30369,-2182.64,-2359.02,-291746.0,-157661.2,-449407.2,0.6,82.8,50.5
CHF_JPY,0.3,1.0,30,51037,33901,17136,-1243.49,-1329.93,-166212.9,-88883.8,-255096.7,0.8,90.2,50.6
CHF_JPY,0.3,2.0,1,291929,194394,97535,-6972.15,-7488.3,-931941.4,-500466.9,-1432408.3,0.7,25.6,50.6
CHF_JPY,0.3,2.0,2,175167,116662,58505,-4191.3,-4503.01,-560236.3,-300950.9,-861187.2,1.0,40.9,50.4
CHF_JPY,0.3,2.0,5,94041,62743,31298,-2262.22,-2421.55,-302383.3,-161839.7,-464223.0,1.4,59.8,50.6
CHF_JPY,0.3,2.0,10,60963,40812,20151,-1485.79,-1569.63,-198600.4,-104903.7,-303504.1,1.7,71.0,49.9
CHF_JPY,0.3,2.0,30,32627,21887,10740,-798.82,-861.93,-106775.8,-57605.8,-164381.6,2.2,83.6,50.9
CHF_JPY,0.3,3.0,1,272410,181196,91214,-6506.3,-6982.54,-869673.0,-466665.8,-1336338.7,1.8,12.6,50.5
CHF_JPY,0.3,3.0,2,154620,102870,51750,-3694.17,-3971.98,-493785.6,-265460.4,-759246.0,3.3,25.3,50.7
CHF_JPY,0.3,3.0,5,77103,51291,25812,-1852.3,-1988.62,-247590.2,-132906.0,-380496.2,5.5,45.6,50.7
CHF_JPY,0.3,3.0,10,47771,31907,15864,-1148.81,-1218.75,-153557.3,-81453.3,-235010.5,7.2,59.7,50.2
CHF_JPY,0.3,3.0,30,24064,16158,7906,-593.4,-638.95,-79317.7,-42703.1,-122020.7,8.7,76.0,50.7
CHF_JPY,0.3,5.0,1,262705,174744,87961,-6257.68,-6691.38,-836441.4,-447206.7,-1283648.2,4.1,3.5,50.7
CHF_JPY,0.3,5.0,2,141724,94221,47503,-3380.52,-3658.79,-451861.7,-244528.9,-696390.6,9.9,9.7,50.7
CHF_JPY,0.3,5.0,5,64304,42782,21522,-1550.49,-1650.28,-207247.9,-110293.2,-317541.1,23.5,25.5,50.8
CHF_JPY,0.3,5.0,10,37215,24807,12408,-896.77,-955.71,-119867.3,-63873.2,-183740.5,36.5,41.0,50.9
CHF_JPY,0.3,5.0,30,17456,11743,5713,-415.93,-466.58,-55595.4,-31182.8,-86778.2,55.8,63.3,50.3
CHF_JPY,0.5,1.0,1,343476,229287,114189,-8200.61,-8774.91,-1096145.5,-586455.5,-1682601.0,0.3,48.2,50.6
CHF_JPY,0.5,1.0,2,225250,150225,75025,-5383.75,-5754.26,-719625.5,-384575.8,-1104201.3,0.4,61.7,50.4
CHF_JPY,0.5,1.0,5,132622,88523,44099,-3182.42,-3391.73,-425382.9,-226680.2,-652063.1,0.5,75.2,50.7
CHF_JPY,0.5,1.0,10,90543,60535,30008,-2174.58,-2327.84,-290668.6,-155577.0,-446245.5,0.6,82.6,50.5
CHF_JPY,0.5,1.0,30,50571,33949,16622,-1235.29,-1302.25,-165116.9,-87033.8,-252150.8,0.8,90.1,50.6
CHF_JPY,0.5,2.0,1,286916,191101,95815,-6876.95,-7366.25,-919216.0,-492309.9,-1411525.9,0.7,25.6,50.6
CHF_JPY,0.5,2.0,2,173390,115466,57924,-4154.35,-4470.59,-555296.9,-298784.1,-854081.0,1.1,40.9,50.3
CHF_JPY,0.5,2.0,5,93585,62543,31042,-2248.23,-2424.54,-300512.2,-162039.7,-462551.9,1.4,59.8,50.8
CHF_JPY,0.5,2.0,10,60772,40686,20086,-1474.89,-1576.48,-197143.6,-105361.4,-302505.0,1.7,71.1,50.3
CHF_JPY,0.5,2.0,30,32412,21809,10603,-802.99,-853.25,-107332.7,-57025.2,-164358.0,2.0,83.4,50.7
CHF_JPY,0.5,3.0,1,267903,178346,89557,-6408.82,-6870.31,-856643.9,-459165.0,-1315808.8,1.8,12.7,50.9
CHF_JPY,0.5,3.0,2,153094,101876,51218,-3671.73,-3943.07,-490786.8,-263528.2,-754315.0,3.3,25.1,50.7
CHF_JPY,0.5,3.0,5,76590,51043,25547,-1843.79,-1991.4,-246452.0,-133091.9,-379543.9,5.5,45.2,50.7
CHF_JPY,0.5,3.0,10,47813,31924,15889,-1145.85,-1237.06,-153161.3,-82676.4,-235837.8,7.2,59.9,50.6
CHF_JPY,0.5,3.0,30,24208,16237,7971,-588.54,-642.96,-78668.2,-42971.2,-121639.4,8.6,76.2,51.1
CHF_JPY,0.5,5.0,1,258431,172037,86394,-6163.17,-6604.77,-823808.7,-441418.1,-1265226.8,4.1,3.6,50.8
CHF_JPY,0.5,5.0,2,140403,93371,47032,-3357.31,-3602.57,-448758.6,-240771.3,-689529.9,10.1,9.6,50.6
CHF_JPY,0.5,5.0,5,64023,42589,21434,-1545.48,-1671.84,-206578.3,-111734.3,-318312.6,23.2,25.4,50.4
CHF_JPY,0.5,5.0,10,37117,24698,12419,-894.53,-965.39,-119568.1,-64520.2,-184088.3,36.6,40.7,50.6
CHF_JPY,0.5,5.0,30,17395,11657,5738,-420.78,-451.47,-56243.9,-30173.5,-86417.4,56.5,63.1,50.3
CHF_JPY,1.0,1.0,1,323745,216173,107572,-7772.89,-8301.78,-1038973.0,-554834.8,-1593807.8,0.4,48.4,50.7
CHF_JPY,1.0,1.0,2,216904,144882,72022,-5210.93,-5557.75,-696525.5,-371442.3,-1067967.8,0.4,61.7,50.6
CHF_JPY,1.0,1.0,5,129619,86733,42886,-3109.18,-3338.38,-415592.1,-223114.9,-638707.1,0.5,75.2,50.5
CHF_JPY,1.0,1.0,10,88837,59299,29538,-2133.06,-2305.31,-285117.7,-154071.3,-439189.0,0.6,82.4,50.5
CHF_JPY,1.0,1.0,30,49671,33272,16399,-1213.6,-1302.49,-162217.8,-87049.3,-249267.1,0.9,90.0,50.4
CHF_JPY,1.0,2.0,1,272278,181541,90737,-6556.52,-7024.42,-876385.6,-469464.6,-1345850.1,0.7,25.9,50.8
CHF_JPY,1.0,2.0,2,168155,112175,55980,-4052.59,-4352.92,-541695.4,-290919.7,-832615.1,1.1,40.9,50.6
CHF_JPY,1.0,2.0,5,91577,61110,30467,-2218.62,-2375.08,-296554.9,-158734.5,-455289.4,1.3,59.6,50.7
CHF_JPY,1.0,2.0,10,60084,40101,19983,-1450.45,-1564.64,-193876.6,-104570.0,-298446.6,1.8,71.1,50.4
CHF_JPY,1.0,2.0,30,32175,21648,10527,-791.27,-836.03,-105765.8,-55874.5,-161640.4,2.3,83.4,50.6
CHF_JPY,1.0,3.0,1,254571,169638,84933,-6135.07,-6570.65,-820051.7,-439137.7,-1259189.3,1.8,12.8,50.8
CHF_JPY,1.0,3.0,2,148916,99182,49734,-3579.24,-3843.65,-478423.2,-256883.8,-735307.0,3.3,25.5,50.5
CHF_JPY,1.0,3.0,5,75640,50452,25188,-1823.89,-1969.91,-243792.4,-131655.3,-375447.7,5.4,45.3,50.5
CHF_JPY,1.0,3.0,10,47398,31702,15696,-1137.53,-1234.98,-152050.1,-82537.4,-234587.5,6.9,59.8,50.6
CHF_JPY,1.0,3.0,30,24223,16234,7989,-588.97,-638.88,-78725.4,-42698.6,-121424.0,8.9,76.4,50.9
CHF_JPY,1.0,5.0,1,245649,163755,81894,-5888.24,-6316.9,-787059.2,-422178.5,-1209237.7,4.2,3.6,50.9
CHF_JPY,1.0,5.0,2,136586,90888,45698,-3271.39,-3527.24,-437274.5,-235736.7,-673011.2,10.1,9.9,50.7
CHF_JPY,1.0,5.0,5,63444,42227,21217,-1542.95,-1656.75,-206240.0,-110726.1,-316966.0,23.8,25.7,50.7
CHF_JPY,1.0,5.0,10,36764,24464,12300,-895.31,-963.67,-119673.0,-64405.5,-184078.5,36.7,40.7,51.1
CHF_JPY,1.0,5.0,30,17207,11523,5684,-421.87,-447.16,-56389.5,-29885.0,-86274.5,56.3,62.9,50.3
CHF_JPY,1.5,1.0,1,298986,199794,99192,-7228.58,-7729.75,-966217.8,-516604.1,-1482821.9,0.4,48.6,50.7
CHF_JPY,1.5,1.0,2,205305,137211,68094,-4950.56,-5265.75,-661723.2,-351926.8,-1013650.0,0.5,61.7,50.6
CHF_JPY,1.5,1.0,5,125163,83679,41484,-3008.77,-3211.38,-402170.6,-214626.8,-616797.4,0.6,75.2,50.7
CHF_JPY,1.5,1.0,10,87329,58362,28967,-2077.26,-2233.29,-277659.5,-149258.2,-426917.6,0.6,82.8,50.9
CHF_JPY,1.5,1.0,30,49022,32673,16349,-1193.22,-1305.28,-159493.8,-87236.2,-246729.9,0.8,89.9,50.8
CHF_JPY,1.5,2.0,1,253833,169499,84334,-6148.72,-6611.05,-821876.9,-441837.6,-1263714.6,0.8,26.3,50.7
CHF_JPY,1.5,2.0,2,161051,107497,53554,-3891.78,-4177.61,-520199.8,-279203.3,-799403.1,1.1,41.2,50.6
CHF_JPY,1.5,2.0,5,89678,59831,29847,-2167.17,-2325.64,-289677.0,-155430.2,-445107.2,1.6,59.7,50.5
CHF_JPY,1.5,2.0,10,58875,39432,19443,-1428.78,-1539.64,-190980.2,-102898.8,-293879.0,2.1,70.8,50.4
CHF_JPY,1.5,2.0,30,31998,21420,10578,-777.66,-853.03,-103946.9,-57010.4,-160957.4,2.3,83.4,50.2
CHF_JPY,1.5,3.0,1,237837,158656,79181,-5760.57,-6176.86,-769994.6,-412819.6,-1182814.2,1.9,13.2,50.7
CHF_JPY,1.5,3.0,2,143035,95312,47723,-3469.47,-3726.54,-463751.9,-249056.9,-712808.9,3.4,25.5,50.7
CHF_JPY,1.5,3.0,5,74226,49482,24744,-1792.66,-1919.05,-239618.7,-128256.4,-367875.1,5.6,45.6,50.7
CHF_JPY,1.5,3.0,10,46718,31263,15455,-1134.48,-1214.65,-151642.4,-81179.2,-232821.6,7.2,59.4,51.0
CHF_JPY,1.5,3.0,30,23983,15941,8042,-588.04,-614.43,-78601.2,-41064.3,-119665.5,9.3,76.2,50.6
CHF_JPY,1.5,5.0,1,229567,153174,76393,-5544.46,-5933.28,-741107.7,-396540.3,-1137647.9,4.4,3.8,50.9
CHF_JPY,1.5,5.0,2,131357,87504,43853,-3175.73,-3406.98,-424488.7,-227699.5,-652188.3,10.3,10.0,50.8
CHF_JPY,1.5,5.0,5,62213,41430,20783,-1504.54,-1628.65,-201106.0,-108848.1,-309954.0,23.4,25.6,50.8
CHF_JPY,1.5,5.0,10,36474,24316,12158,-874.4,-940.96,-116877.3,-62887.5,-179764.8,36.9,41.0,50.8
CHF_JPY,1.5,5.0,30,17111,11473,5638,-415.21,-454.04,-55499.6,-30344.9,-85844.5,56.3,62.9,50.0
CHF_JPY,2.0,1.0,1,267127,178384,88743,-6519.6,-7004.15,-871451.3,-468109.6,-1339560.9,0.4,49.1,50.4
CHF_JPY,2.0,1.0,2,189590,126568,63022,-4609.09,-4917.11,-616079.9,-328626.2,-944706.1,0.5,61.9,50.5
CHF_JPY,2.0,1.0,5,119000,79735,39265,-2885.17,-3067.2,-385650.6,-204990.7,-590641.3,0.6,75.1,50.6
CHF_JPY,2.0,1.0,10,83726,56016,27710,-2010.94,-2131.06,-268795.5,-142425.3,-411220.8,0.7,82.4,50.7
CHF_JPY,2.0,1.0,30,48898,32974,15924,-1185.7,-1264.04,-158487.8,-84479.9,-242967.7,1.0,90.1,50.8
CHF_JPY,2.0,2.0,1,229322,153051,76271,-5626.67,-6050.89,-752096.7,-404400.5,-1156497.2,0.9,26.8,50.7
CHF_JPY,2.0,2.0,2,150549,100401,50148,-3674.76,-3946.22,-491191.3,-263738.7,-754930.1,1.2,41.3,50.5
CHF_JPY,2.0,2.0,5,86280,57593,28687,-2100.4,-2253.81,-280753.4,-150629.5,-431382.9,1.5,59.6,50.4
CHF_JPY,2.0,2.0,10,57534,38503,19031,-1403.52,-1488.57,-187603.9,-99485.7,-287089.6,2.0,70.7,50.5
CHF_JPY,2.0,2.0,30,31216,20946,10270,-759.72,-819.39,-101549.0,-54762.4,-156311.4,2.6,83.0,49.9
CHF_JPY,2.0,3.0,1,215243,143629,71614,-5271.23,-5656.97,-704586.0,-378073.5,-1082659.5,2.0,13.7,50.6
CHF_JPY,2.0,3.0,2,134470,89589,44881,-3280.03,-3516.43,-438430.1,-235014.5,-673444.6,3.6,26.0,50.6
CHF_JPY,2.0,3.0,5,71624,47780,23844,-1755.83,-1865.15,-234694.8,-124653.7,-359348.5,5.6,45.2,50.4
CHF_JPY,2.0,3.0,10,45474,30397,15077,-1119.13,-1208.03,-149589.4,-80736.6,-230326.0,6.9,59.1,50.4
CHF_JPY,2.0,3.0,30,23569,15724,7845,-569.83,-624.61,-76167.4,-41744.9,-117912.3,9.2,76.3,50.7
CHF_JPY,2.0,5.0,1,207772,138696,69076,-5078.02,-5430.54,-678760.8,-362940.4,-1041701.2,4.7,4.1,50.6
CHF_JPY,2.0,5.0,2,123654,82422,41232,-3004.15,-3243.76,-401554.3,-216790.9,-618345.1,10.5,10.3,50.4
CHF_JPY,2.0,5.0,5,60484,40257,20227,-1464.99,-1586.28,-195820.3,-106016.1,-301836.4,23.5,25.8,50.6
CHF_JPY,2.0,5.0,10,35972,23986,11986,-865.6,-940.7,-115701.3,-62870.1,-178571.4,36.8,40.9,51.0
CHF_JPY,2.0,5.0,30,17077,11446,5631,-405.25,-438.28,-54168.1,-29291.9,-83460.6,56.4,63.3,50.0
CHF_JPY,3.0,1.0,1,196987,131608,65379,-4957.33,-5345.43,-662628.7,-357252.5,-1019881.1,0.6,50.5,50.3
CHF_JPY,3.0,1.0,2,150263,100469,49794,-3726.15,-4016.11,-498060.3,-268409.2,-766469.5,0.6,62.8,50.4
CHF_JPY,3.0,1.0,5,101818,68342,33476,-2507.58,-2679.91,-335178.9,-179107.2,-514286.1,0.7,75.5,50.3
CHF_JPY,3.0,1.0,10,74572,50166,24406,-1824.96,-1924.36,-243935.4,-128611.2,-372546.5,0.7,82.4,50.4
CHF_JPY,3.0,1.0,30,44872,30220,14652,-1102.54,-1160.68,-147372.3,-77572.0,-224944.3,1.0,89.8,50.2
CHF_JPY,3.0,2.0,1,173663,115962,57701,-4391.23,-4745.66,-586959.0,-317167.8,-904126.8,1.0,28.7,50.3
CHF_JPY,3.0,2.0,2,123671,82673,40998,-3084.95,-3321.79,-412353.6,-222005.8,-634359.3,1.4,42.8,50.5
CHF_JPY,3.0,2.0,5,76706,51452,25254,-1886.84,-2043.07,-252206.8,-136544.7,-388751.6,1.7,60.4,50.1
CHF_JPY,3.0,2.0,10,53181,35710,17471,-1318.73,-1397.91,-176269.5,-93427.1,-269696.5,2.0,70.9,50.1
CHF_JPY,3.0,2.0,30,30091,20200,9891,-740.16,-788.47,-98934.3,-52695.9,-151630.2,2.4,83.1,50.5
CHF_JPY,3.0,3.0,1,163946,109574,54372,-4135.27,-4454.98,-552746.9,-297740.4,-850487.4,2.4,15.2,50.4
CHF_JPY,3.0,3.0,2,111578,74581,36997,-2780.28,-2990.83,-371629.8,-199886.8,-571516.7,3.8,27.4,50.4
CHF_JPY,3.0,3.0,5,64720,43272,21448,-1594.11,-1700.55,-213078.8,-113653.1,-326731.9,6.0,46.5,50.3
CHF_JPY,3.0,3.0,10,42741,28596,14145,-1058.92,-1130.99,-141541.7,-75587.4,-217129.1,7.6,59.8,50.3
CHF_JPY,3.0,3.0,30,23067,15406,7661,-564.29,-602.59,-75426.8,-40273.0,-115699.8,9.4,76.3,50.2
CHF_JPY,3.0,5.0,1,158069,105736,52333,-3977.03,-4272.74,-531595.2,-285560.6,-817155.9,5.5,4.8,50.3
CHF_JPY,3.0,5.0,2,103007,68846,34161,-2558.96,-2753.32,-342047.4,-184013.3,-526060.7,11.4,11.3,50.4
CHF_JPY,3.0,5.0,5,54829,36661,18168,-1352.23,-1458.44,-180748.0,-97472.5,-278220.4,24.3,26.7,50.4
CHF_JPY,3.0,5.0,10,33919,22664,11255,-827.34,-892.76,-110586.9,-59665.8,-170252.7,37.3,41.3,50.3
CHF_JPY,3.0,5.0,30,16799,11299,5500,-398.92,-434.9,-53321.6,-29065.8,-82387.6,56.4,63.6,50.2
EUR_USD,0.3,1.0,1,317988,210329,107659,-2360.11,-2452.76,-348242.7,-180957.1,-529199.8,4.3,29.2,50.2
EUR_USD,0.3,1.0,2,196292,129817,66475,-1450.47,-1519.0,-214021.7,-112066.9,-326088.6,5.9,44.2,50.4
EUR_USD,0.3,1.0,5,108275,71516,36759,-793.46,-831.37,-117078.0,-61335.5,-178413.6,8.1,62.7,50.4
EUR_USD,0.3,1.0,10,71044,46878,24166,-517.61,-537.44,-76375.1,-39650.5,-116025.6,9.4,73.1,50.4
EUR_USD,0.3,1.0,30,37842,25030,12812,-272.7,-286.6,-40237.2,-21144.1,-61381.4,11.2,84.3,50.7
EUR_USD,0.3,2.0,1,285455,189171,96284,-2129.43,-2201.88,-314205.3,-162447.8,-476653.1,11.4,9.2,50.2
EUR_USD,0.3,2.0,2,161595,107030,54565,-1208.06,-1258.41,-178254.4,-92841.3,-271096.1,21.4,19.3,50.3
EUR_USD,0.3,2.0,5,78732,52184,26548,-583.09,-616.99,-86036.5,-45519.2,-131556.1,39.3,38.5,50.0
EUR_USD,0.3,2.0,10,47803,31531,16272,-355.71,-370.37,-52486.0,-27324.8,-79811.3,53.7,53.2,50.6
EUR_USD,0.3,2.0,30,23352,15311,8041,-176.02,-179.13,-25973.0,-13215.9,-39198.2,71.5,71.6,50.7
EUR_USD,0.3,3.0,1,279000,185116,93884,-2082.7,-2145.7,-307309.8,-158302.7,-465612.6,9.2,3.3,50.2
EUR_USD,0.3,3.0,2,152737,101307,51430,-1136.7,-1191.26,-167724.9,-87887.2,-255612.4,16.4,8.6,50.4
EUR_USD,0.3,3.0,5,69445,46031,23414,-514.69,-535.84,-75944.4,-39532.9,-115477.3,30.2,23.0,50.3
EUR_USD,0.3,3.0,10,39990,26431,13559,-292.98,-309.38,-43229.6,-22824.9,-66060.4,42.7,37.8,50.4
EUR_USD,0.3,3.0,30,18187,11947,6240,-131.73,-128.38,-19437.7,-9471.3,-28911.0,62.4,60.3,51.3
EUR_USD,0.3,5.0,1,276619,183651,92968,-2067.39,-2114.41,-305051.2,-155994.5,-461045.7,8.8,0.7,50.3
EUR_USD,0.3,5.0,2,148672,98728,49944,-1110.53,-1143.84,-163863.0,-84389.0,-248252.4,15.0,2.1,50.4
EUR_USD,0.3,5.0,5,63695,42239,21456,-474.11,-494.58,-69957.1,-36488.7,-106449.5,24.9,8.1,50.4
EUR_USD,0.3,5.0,10,34200,22644,11556,-256.13,-268.58,-37792.2,-19814.8,-57617.4,33.2,18.1,50.2
EUR_USD,0.3,5.0,30,13932,9131,4801,-109.12,-86.66,-16101.1,-6393.1,-22502.4,51.3,40.8,50.5
EUR_USD,0.5,1.0,1,301228,198827,102401,-2227.74,-2338.46,-328711.0,-172524.4,-501235.4,4.4,29.7,50.3
EUR_USD,0.5,1.0,2,190137,125410,64727,-1406.34,-1468.87,-207510.5,-108368.7,-315879.2,6.0,44.4,50.3
EUR_USD,0.5,1.0,5,106081,70080,36001,-780.12,-821.86,-115108.9,-60634.6,-175743.5,8.3,62.3,50.3
EUR_USD,0.5,1.0,10,69943,46174,23769,-512.11,-537.85,-75563.1,-39681.2,-115244.3,9.8,73.0,50.7
EUR_USD,0.5,1.0,30,37519,24706,12813,-275.0,-279.43,-40577.0,-20615.1,-61192.1,11.3,84.2,50.1
EUR_USD,0.5,2.0,1,270887,179190,91697,-2007.81,-2101.02,-296260.2,-155007.0,-451267.2,11.9,9.6,50.3
EUR_USD,0.5,2.0,2,157014,103889,53125,-1169.36,-1221.93,-172543.2,-90149.8,-262693.4,21.9,19.7,50.3
EUR_USD,0.5,2.0,5,77694,51364,26330,-577.71,-610.82,-85243.8,-45064.2,-130308.4,39.5,38.5,50.2
EUR_USD,0.5,2.0,10,47456,31447,16009,-349.13,-366.21,-51515.2,-27017.7,-78540.3,53.3,53.3,50.5
EUR_USD,0.5,2.0,30,23564,15549,8015,-170.6,-169.88,-25173.4,-12533.5,-37716.3,71.6,72.0,49.5
EUR_USD,0.5,3.0,1,264485,175157,89328,-1967.88,-2041.56,-290367.5,-150620.1,-440987.6,9.5,3.4,50.2
EUR_USD,0.5,3.0,2,148329,98285,50044,-1107.15,-1154.93,-163363.4,-85207.3,-248571.0,16.8,8.8,50.1
EUR_USD,0.5,3.0,5,68593,45356,23237,-509.88,-525.76,-75235.0,-38789.1,-114024.1,30.5,23.1,50.3
EUR_USD,0.5,3.0,10,39565,26173,13392,-292.66,-315.56,-43183.4,-23281.3,-66471.0,42.4,37.9,50.1
EUR_USD,0.5,3.0,30,18105,11913,6192,-133.79,-137.42,-19741.4,-10138.4,-29881.8,61.9,60.4,50.4
EUR_USD,0.5,5.0,1,262193,173748,88445,-1952.42,-2010.22,-288086.2,-148307.7,-436393.9,9.1,0.7,50.2
EUR_USD,0.5,5.0,2,144272,95719,48553,-1079.25,-1116.69,-159246.9,-82385.6,-241632.8,14.9,2.1,50.3
EUR_USD,0.5,5.0,5,62975,41754,21221,-465.72,-481.77,-68718.1,-35543.7,-104262.9,25.6,8.4,50.2
EUR_USD,0.5,5.0,10,33912,22409,11503,-257.15,-260.36,-37943.2,-19208.4,-57159.4,34.3,17.8,50.4
EUR_USD,0.5,5.0,30,13895,9129,4766,-103.94,-90.89,-15337.3,-6705.7,-22052.0,50.9,41.0,50.2
EUR_USD,1.0,1.0,1,257741,169804,87937,-1901.13,-2010.15,-280518.5,-148302.2,-428820.7,4.8,31.1,50.0
EUR_USD,1.0,1.0,2,171985,113501,58484,-1272.67,-1343.04,-187786.8,-99085.5,-286872.3,6.3,45.2,50.2
EUR_USD,1.0,1.0,5,100124,66113,34011,-743.41,-791.28,-109692.9,-58377.9,-168070.8,8.5,62.5,50.1
EUR_USD,1.0,1.0,10,67562,44601,22961,-500.52,-525.2,-73854.0,-38747.9,-112601.9,9.5,73.0,50.3
EUR_USD,1.0,1.0,30,36751,24008,12743,-267.5,-275.99,-39470.3,-20361.7,-59832.0,11.3,84.2,49.8
EUR_USD,1.0,2.0,1,232353,153442,78911,-1718.28,-1805.75,-253537.9,-133222.4,-386760.3,12.8,10.5,50.3
EUR_USD,1.0,2.0,2,143185,94563,48622,-1056.43,-1109.68,-155879.7,-81868.9,-237749.8,22.7,20.6,50.1
EUR_USD,1.0,2.0,5,74393,49173,25220,-548.82,-585.64,-80980.4,-43206.3,-124188.1,40.0,39.3,49.9
EUR_USD,1.0,2.0,10,46191,30414,15777,-346.28,-361.97,-51094.2,-26704.8,-77800.4,53.8,53.5,50.1
EUR_USD,1.0,2.0,30,23427,15417,8010,-165.45,-166.15,-24413.0,-12258.2,-36679.8,72.4,72.8,50.1
EUR_USD,1.0,3.0,1,226731,149878,76853,-1679.62,-1756.89,-247833.4,-129617.7,-377451.1,10.2,3.8,50.2
EUR_USD,1.0,3.0,2,135170,89443,45727,-1001.48,-1046.34,-147772.2,-77195.9,-224968.6,17.5,9.4,50.0
EUR_USD,1.0,3.0,5,65599,43440,22159,-486.2,-516.66,-71740.0,-38117.6,-109857.6,30.2,23.3,49.9
EUR_USD,1.0,3.0,10,38695,25497,13198,-287.91,-292.97,-42482.8,-21614.8,-64098.8,43.6,38.2,49.8
EUR_USD,1.0,3.0,30,17982,11791,6191,-133.5,-136.36,-19698.3,-10060.5,-29760.4,62.4,60.6,50.5
EUR_USD,1.0,5.0,1,224545,148556,75989,-1665.94,-1736.81,-245816.2,-128136.3,-373952.5,9.6,0.8,50.2
EUR_USD,1.0,5.0,2,131291,87013,44278,-977.62,-1008.54,-144251.2,-74406.8,-218658.5,15.6,2.3,50.0
EUR_USD,1.0,5.0,5,60236,39900,20336,-453.96,-471.74,-66983.6,-34803.3,-101791.4,25.1,8.4,50.4
EUR_USD,1.0,5.0,10,33169,21940,11229,-249.72,-257.38,-36846.9,-18988.9,-55841.7,34.0,18.1,50.3
EUR_USD,1.0,5.0,30,13729,9032,4697,-109.39,-89.14,-16141.0,-6576.7,-22735.4,50.4,40.5,49.9
EUR_USD,1.5,1.0,1,203806,134620,69186,-1512.09,-1587.91,-223114.8,-117151.2,-340265.9,5.5,33.0,49.9
EUR_USD,1.5,1.0,2,145537,96203,49334,-1083.26,-1138.25,-159838.4,-83976.2,-243814.7,6.9,46.7,49.9
EUR_USD,1.5,1.0,5,90171,59620,30551,-676.13,-717.18,-99766.1,-52911.4,-152677.5,8.7,62.9,49.7
EUR_USD,1.5,1.0,10,62662,41320,21342,-465.55,-490.25,-68693.1,-36169.3,-104862.5,10.1,73.1,50.0
EUR_USD,1.5,1.0,30,35270,23400,11870,-258.13,-273.01,-38088.6,-20142.1,-58230.8,11.3,84.2,49.9
EUR_USD,1.5,2.0,1,184532,122253,62279,-1380.57,-1436.9,-203708.9,-106010.2,-309719.1,14.3,11.7,50.0
EUR_USD,1.5,2.0,2,122422,81082,41340,-914.83,-961.71,-134986.5,-70952.0,-205938.5,24.2,21.9,49.8
EUR_USD,1.5,2.0,5,68106,45141,22965,-509.13,-553.44,-75123.9,-40830.9,-115954.8,40.2,39.8,49.9
EUR_USD,1.5,2.0,10,44232,29256,14976,-328.11,-339.57,-48413.7,-25052.6,-73466.5,54.4,54.4,50.2
EUR_USD,1.5,2.0,30,22708,14925,7783,-168.48,-169.1,-24859.4,-12475.3,-37361.0,71.9,72.2,49.8
EUR_USD,1.5,3.0,1,179867,119359,60508,-1344.94,-1394.78,-198451.0,-102902.7,-301353.7,11.4,4.5,49.9
EUR_USD,1.5,3.0,2,115437,76653,38784,-864.75,-902.75,-127597.7,-66602.3,-194199.9,18.4,10.2,49.7
EUR_USD,1.5,3.0,5,60434,40016,20418,-454.38,-478.43,-67045.5,-35297.0,-102342.5,31.1,24.2,49.9
EUR_USD,1.5,3.0,10,36794,24369,12425,-273.52,-296.04,-40358.4,-21841.2,-62204.6,43.0,38.6,50.1
EUR_USD,1.5,3.0,30,17597,11612,5985,-130.55,-138.68,-19263.4,-10231.3,-29512.0,61.9,60.5,49.3
EUR_USD,1.5,5.0,1,177837,118123,59714,-1332.55,-1376.91,-196623.3,-101584.3,-298207.6,10.8,1.0,50.1
EUR_USD,1.5,5.0,2,111892,74410,37482,-846.45,-871.95,-124897.2,-64329.9,-189227.1,16.2,2.6,49.8
EUR_USD,1.5,5.0,5,55423,36801,18622,-414.35,-439.17,-61138.7,-32400.5,-93539.3,25.7,8.9,49.7
EUR_USD,1.5,5.0,10,31621,20923,10698,-239.62,-248.55,-35356.7,-18337.1,-53698.9,33.9,18.6,49.4
EUR_USD,1.5,5.0,30,13524,8911,4613,-100.33,-103.55,-14803.7,-7639.7,-22507.0,49.3,40.8,49.9
EUR_USD,2.0,1.0,1,148155,98041,50114,-1102.13,-1158.6,-162622.7,-85477.8,-248100.5,6.3,35.8,49.7
EUR_USD,2.0,1.0,2,113087,75016,38071,-845.25,-882.08,-124719.9,-65076.7,-189796.6,7.8,48.8,49.7
EUR_USD,2.0,1.0,5,75798,50220,25578,-572.41,-597.26,-84460.9,-44063.7,-128524.5,9.7,64.3,49.6
EUR_USD,2.0,1.0,10,54987,36413,18574,-408.52,-432.05,-60279.1,-31875.5,-92154.6,10.7,73.6,50.1
EUR_USD,2.0,1.0,30,32540,21569,10971,-240.0,-255.0,-35412.8,-18812.8,-54225.6,11.8,84.2,49.6
EUR_USD,2.0,2.0,1,134887,89593,45294,-1010.44,-1048.8,-149094.5,-77377.4,-226471.9,16.8,13.9,49.7
EUR_USD,2.0,2.0,2,96622,64211,32411,-725.2,-755.12,-107006.3,-55710.6,-162716.9,26.8,24.2,49.7
EUR_USD,2.0,2.0,5,58919,39176,19743,-440.62,-464.37,-65014.9,-34259.8,-99274.7,42.9,42.0,49.9
EUR_USD,2.0,2.0,10,39817,26320,13497,-298.7,-313.77,-44073.8,-23149.3,-67223.1,55.6,55.1,49.6
EUR_USD,2.0,2.0,30,21790,14382,7408,-155.51,-159.0,-22946.6,-11730.7,-34678.7,72.3,73.1,49.7
EUR_USD,2.0,3.0,1,131091,87254,43837,-983.0,-1025.23,-145046.0,-75638.4,-220684.4,13.1,5.6,49.7
EUR_USD,2.0,3.0,2,91072,60727,30345,-685.73,-716.0,-101181.7,-52823.9,-154005.6,20.0,11.9,49.7
EUR_USD,2.0,3.0,5,52216,34731,17485,-396.58,-405.8,-58516.4,-29938.6,-88455.1,32.9,26.1,49.8
EUR_USD,2.0,3.0,10,33657,22374,11283,-251.24,-268.26,-37071.3,-19791.1,-56862.4,44.0,39.9,49.6
EUR_USD,2.0,3.0,30,16886,11182,5704,-121.81,-129.24,-17973.1,-9534.9,-27588.0,62.3,61.2,49.8
EUR_USD,2.0,5.0,1,129245,86111,43134,-973.03,-1006.01,-143573.9,-74220.1,-217793.9,12.3,1.3,49.7
EUR_USD,2.0,5.0,2,87916,58707,29209,-664.24,-687.12,-98011.0,-50693.8,-148704.8,17.9,3.2,49.7
EUR_USD,2.0,5.0,5,47711,31836,15875,-367.71,-367.76,-54257.7,-27132.1,-81389.8,26.9,10.1,49.7
EUR_USD,2.0,5.0,10,28840,19166,9674,-220.05,-232.16,-32469.7,-17128.0,-49649.2,34.3,19.7,49.3
EUR_USD,2.0,5.0,30,13073,8664,4409,-95.53,-103.44,-14096.3,-7631.8,-21781.6,49.1,41.7,49.3
EUR_USD,3.0,1.0,1,76136,49892,26244,-569.85,-618.91,-84083.7,-45661.3,-129745.0,8.7,40.7,49.3
EUR_USD,3.0,1.0,2,63749,41995,21754,-480.82,-517.87,-70947.3,-38206.5,-109153.8,10.2,52.7,49.4
EUR_USD,3.0,1.0,5,48272,31832,16440,-368.56,-387.34,-54382.4,-28576.8,-82959.2,11.9,66.8,48.9
EUR_USD,3.0,1.0,10,38114,25241,12873,-291.74,-306.0,-43047.0,-22576.0,-65623.0,12.8,75.0,49.0
EUR_USD,3.0,1.0,30,25129,16525,8604,-190.57,-193.61,-28119.3,-14283.8,-42403.1,13.9,84.8,49.1
EUR_USD,3.0,2.0,1,70332,46301,24031,-532.01,-565.63,-78500.7,-41730.7,-120231.4,21.4,18.1,49.3
EUR_USD,3.0,2.0,2,56113,37100,19013,-428.13,-447.43,-63171.6,-33009.9,-96181.5,31.8,29.0,49.2
EUR_USD,3.0,2.0,5,39346,26075,13271,-299.67,-318.2,-44217.8,-23475.7,-67694.1,47.1,45.8,49.1
EUR_USD,3.0,2.0,10,29167,19336,9831,-227.19,-239.7,-33522.6,-17684.6,-51207.9,57.7,57.4,49.1
EUR_USD,3.0,2.0,30,17663,11611,6052,-135.86,-133.57,-20046.4,-9854.7,-29903.6,73.4,73.2,49.2
EUR_USD,3.0,3.0,1,68158,44949,23209,-518.37,-552.17,-76487.5,-40737.0,-117224.5,16.7,8.2,49.2
EUR_USD,3.0,3.0,2,52957,35114,17843,-405.02,-427.04,-59762.2,-31505.6,-91267.8,23.9,15.6,49.2
EUR_USD,3.0,3.0,5,35318,23447,11871,-272.83,-287.77,-40256.8,-21230.6,-61488.7,36.4,30.0,48.5
EUR_USD,3.0,3.0,10,25150,16733,8417,-200.09,-209.25,-29524.5,-15438.1,-44963.9,46.4,42.8,48.7
EUR_USD,3.0,3.0,30,14300,9515,4785,-108.71,-117.72,-16040.1,-8685.1,-24727.8,63.3,62.3,49.2
EUR_USD,3.0,5.0,1,66900,44180,22720,-509.71,-542.12,-75210.1,-39995.9,-115206.1,15.4,2.1,49.2
EUR_USD,3.0,5.0,2,50855,33792,17063,-391.66,-410.34,-57791.6,-30273.3,-88064.9,20.8,4.8,49.0
EUR_USD,3.0,5.0,5,32244,21455,10789,-251.75,-252.0,-37146.8,-18592.0,-55740.2,29.8,12.7,48.4
EUR_USD,3.0,5.0,10,21810,14529,7281,-170.0,-178.07,-25083.9,-13137.1,-38251.2,36.3,22.9,48.6
EUR_USD,3.0,5.0,30,11271,7488,3783,-88.82,-98.83,-13105.2,-7291.6,-20415.9,50.3,43.4,48.1
GBP_USD,0.3,1.0,1,347165,227568,119597,-3062.29,-3334.97,-473472.0,-257815.8,-731287.8,3.9,34.0,49.9
GBP_USD,0.3,1.0,2,217024,141664,75360,-1907.76,-2099.12,-294965.5,-162276.7,-457242.2,5.2,48.5,50.1
GBP_USD,0.3,1.0,5,120998,78387,42611,-1054.08,-1188.29,-162975.0,-91862.6,-254837.7,6.7,65.5,50.0
GBP_USD,0.3,1.0,10,80078,51823,28255,-694.15,-781.82,-107325.3,-60440.2,-167765.5,7.7,75.3,49.6
GBP_USD,0.3,1.0,30,43605,28105,15500,-369.71,-417.39,-57161.9,-32267.3,-89429.2,9.0,86.2,49.3
GBP_USD,0.3,2.0,1,305900,201658,104242,-2719.78,-2909.74,-420515.4,-224942.6,-645457.9,13.5,13.1,50.0
GBP_USD,0.3,2.0,2,175651,115348,60303,-1568.06,-1690.37,-242442.7,-130677.1,-373119.9,23.8,24.6,50.0
GBP_USD,0.3,2.0,5,87776,57225,30551,-775.28,-859.93,-119868.2,-66478.3,-186347.0,39.9,43.9,50.2
GBP_USD,0.3,2.0,10,54298,35152,19146,-477.18,-526.74,-73779.1,-40720.2,-114500.5,51.5,57.8,50.1
GBP_USD,0.3,2.0,30,27139,17568,9571,-235.89,-268.62,-36471.9,-20766.2,-57240.0,64.5,74.9,50.2
GBP_USD,0.3,3.0,1,295643,195457,100186,-2650.79,-2791.28,-409848.6,-215785.2,-625633.8,10.8,5.2,50.1
GBP_USD,0.3,3.0,2,163405,107744,55661,-1461.06,-1554.47,-225899.4,-120170.9,-346070.3,19.2,12.4,50.1
GBP_USD,0.3,3.0,5,76174,49881,26293,-671.66,-739.84,-103848.2,-57194.5,-161042.7,34.6,28.9,49.9
GBP_USD,0.3,3.0,10,44779,29108,15671,-390.76,-426.66,-60416.5,-32983.5,-93400.0,48.3,44.2,50.0
GBP_USD,0.3,3.0,30,20866,13445,7421,-184.37,-203.61,-28506.6,-15740.8,-44251.6,66.1,64.9,49.5
GBP_USD,0.3,5.0,1,291433,193115,98318,-2613.45,-2740.75,-404074.9,-211879.0,-615953.9,9.6,1.1,50.1
GBP_USD,0.3,5.0,2,156930,103959,52971,-1407.63,-1494.03,-217638.1,-115498.4,-333136.6,15.8,3.5,49.8
GBP_USD,0.3,5.0,5,68148,44966,23182,-618.1,-657.38,-95566.8,-50820.1,-146386.9,26.5,11.9,49.9
GBP_USD,0.3,5.0,10,37222,24422,12800,-335.25,-367.68,-51833.7,-28423.9,-80260.3,35.7,23.6,50.1
GBP_USD,0.3,5.0,30,15743,10238,5505,-134.18,-154.77,-20745.9,-11964.6,-32710.6,53.5,47.6,50.6
GBP_USD,0.5,1.0,1,329689,215302,114387,-2896.27,-3186.76,-447802.5,-246358.4,-694160.9,4.1,34.4,49.9
GBP_USD,0.5,1.0,2,210528,137127,73401,-1842.03,-2042.32,-284803.3,-157885.0,-442688.3,5.3,48.7,50.0
GBP_USD,0.5,1.0,5,119088,77171,41917,-1037.61,-1175.48,-160427.9,-90873.0,-251300.9,6.6,65.6,50.1
GBP_USD,0.5,1.0,10,79316,51100,28216,-683.42,-777.69,-105666.1,-60121.1,-165787.2,7.6,75.4,50.4
GBP_USD,0.5,1.0,30,43031,27964,15067,-364.34,-417.98,-56332.2,-32313.0,-88645.2,9.0,86.0,50.3
GBP_USD,0.5,2.0,1,290852,191125,99727,-2581.61,-2791.76,-399152.6,-215822.3,-614974.8,13.7,13.3,49.8
GBP_USD,0.5,2.0,2,170851,112048,58803,-1511.43,-1658.52,-233687.9,-128214.6,-361902.5,24.0,24.9,50.0
GBP_USD,0.5,2.0,5,86670,56459,30211,-755.05,-847.03,-116740.3,-65481.5,-182222.7,40.4,44.3,50.2
GBP_USD,0.5,2.0,10,53961,34917,19044,-471.4,-524.92,-72884.6,-40579.6,-113465.1,51.9,58.0,50.1
GBP_USD,0.5,2.0,30,27067,17508,9559,-236.5,-270.92,-36565.7,-20943.9,-57510.5,64.7,74.9,49.9
GBP_USD,0.5,3.0,1,281167,185284,95883,-2511.18,-2678.82,-388262.1,-207091.3,-595353.5,11.0,5.4,50.0
GBP_USD,0.5,3.0,2,158920,104633,54287,-1419.99,-1528.3,-219550.4,-118147.9,-337698.3,19.3,12.6,50.0
GBP_USD,0.5,3.0,5,75113,49116,25997,-670.11,-723.49,-103607.9,-55930.7,-159538.6,34.7,28.8,49.8
GBP_USD,0.5,3.0,10,44407,28890,15517,-391.51,-427.58,-60532.1,-33055.0,-93587.1,48.0,43.8,49.9
GBP_USD,0.5,3.0,30,21041,13594,7447,-177.37,-202.4,-27423.3,-15647.2,-43070.5,66.4,65.2,50.0
GBP_USD,0.5,5.0,1,277080,183030,94050,-2480.03,-2614.87,-383446.1,-202147.6,-585593.7,9.8,1.1,49.9
GBP_USD,0.5,5.0,2,152606,100910,51696,-1370.04,-1454.42,-211826.2,-112436.5,-324262.7,16.3,3.6,50.0
GBP_USD,0.5,5.0,5,67368,44401,22967,-600.78,-642.39,-92888.1,-49660.8,-142548.8,26.9,12.1,50.3
GBP_USD,0.5,5.0,10,36984,24275,12709,-327.96,-351.95,-50707.8,-27208.2,-77917.6,36.4,23.8,50.2
GBP_USD,0.5,5.0,30,15570,10105,5465,-135.61,-156.26,-20967.2,-12080.2,-33047.5,53.4,46.8,50.2
GBP_USD,1.0,1.0,1,287025,185542,101483,-2508.04,-2827.42,-387777.5,-218579.2,-606356.7,4.2,35.6,50.0
GBP_USD,1.0,1.0,2,192453,124332,68121,-1671.81,-1892.93,-258485.2,-146336.6,-404821.7,5.5,49.5,50.0
GBP_USD,1.0,1.0,5,113749,73346,40403,-986.14,-1113.15,-152470.0,-86053.7,-238523.7,6.9,66.1,49.8
GBP_USD,1.0,1.0,10,77048,49687,27361,-668.28,-754.25,-103325.8,-58309.0,-161634.8,8.0,75.6,50.0
GBP_USD,1.0,1.0,30,42606,27526,15080,-359.65,-414.8,-55607.0,-32066.9,-87673.9,8.9,86.0,50.0
GBP_USD,1.0,2.0,1,254425,165518,88907,-2245.29,-2490.32,-347153.0,-192518.4,-539671.4,14.7,14.2,49.9
GBP_USD,1.0,2.0,2,157645,102659,54986,-1386.63,-1530.63,-214391.5,-118328.4,-332719.8,24.9,25.8,49.8
GBP_USD,1.0,2.0,5,83434,54190,29244,-733.98,-817.39,-113482.6,-63189.5,-176672.8,40.6,44.8,50.2
GBP_USD,1.0,2.0,10,53011,34341,18670,-448.74,-510.45,-69381.7,-39461.2,-108843.6,52.0,58.8,49.9
GBP_USD,1.0,2.0,30,27133,17532,9601,-230.06,-261.26,-35570.4,-20197.4,-55768.5,64.9,75.4,49.8
GBP_USD,1.0,3.0,1,245786,160403,85383,-2178.0,-2391.3,-336747.8,-184864.0,-521611.9,11.5,5.9,49.9
GBP_USD,1.0,3.0,2,146662,95932,50730,-1308.32,-1423.89,-202283.6,-110076.1,-312359.7,19.9,13.1,49.9
GBP_USD,1.0,3.0,5,72626,47348,25278,-643.68,-696.51,-99521.1,-53845.1,-153366.2,35.3,29.6,50.0
GBP_USD,1.0,3.0,10,43545,28277,15268,-381.43,-434.49,-58973.8,-33589.0,-92562.8,48.0,43.9,50.1
GBP_USD,1.0,3.0,30,20993,13535,7458,-173.1,-197.98,-26764.0,-15305.0,-42070.8,67.4,66.0,49.5
GBP_USD,1.0,5.0,1,242071,158358,83713,-2148.11,-2336.86,-332126.5,-180655.5,-512782.1,10.3,1.3,50.0
GBP_USD,1.0,5.0,2,140703,92476,48227,-1260.44,-1356.59,-194881.9,-104873.9,-299755.8,16.4,3.8,49.9
GBP_USD,1.0,5.0,5,64855,42655,22200,-585.78,-629.77,-90569.0,-48685.8,-139254.8,26.7,12.3,50.2
GBP_USD,1.0,5.0,10,36292,23799,12493,-321.32,-362.28,-49680.7,-28006.4,-77689.6,36.2,23.8,50.4
GBP_USD,1.0,5.0,30,15658,10171,5487,-129.35,-135.72,-19999.0,-10492.2,-30494.0,55.0,48.0,50.8
GBP_USD,1.5,1.0,1,247059,158429,88630,-2132.36,-2475.77,-329692.6,-191394.3,-521086.9,4.5,37.2,49.9
GBP_USD,1.5,1.0,2,173806,111751,62055,-1500.53,-1719.37,-232002.6,-132919.0,-364921.6,5.7,50.8,49.9
GBP_USD,1.5,1.0,5,106831,68817,38014,-926.53,-1055.14,-143254.0,-81569.5,-224823.5,7.0,66.5,49.8
GBP_USD,1.5,1.0,10,74240,47711,26529,-639.64,-719.06,-98897.2,-55588.1,-154485.3,7.9,75.8,50.0
GBP_USD,1.5,1.0,30,41765,26693,15072,-356.04,-401.95,-55048.4,-31073.8,-86122.1,9.2,86.1,49.5
GBP_USD,1.5,2.0,1,220177,142115,78062,-1923.21,-2196.16,-297355.0,-169778.4,-467133.4,15.4,15.3,49.8
GBP_USD,1.5,2.0,2,143389,92880,50509,-1259.94,-1416.77,-194803.2,-109526.1,-304329.3,25.6,26.7,49.8
GBP_USD,1.5,2.0,5,79359,51429,27930,-698.31,-787.79,-107968.0,-60901.8,-168870.6,40.8,45.2,49.9
GBP_USD,1.5,2.0,10,51317,33193,18124,-444.03,-501.73,-68653.0,-38787.1,-107440.7,51.9,58.9,50.2
GBP_USD,1.5,2.0,30,26325,16973,9352,-231.63,-262.86,-35813.5,-20321.1,-56135.3,64.4,74.9,49.5
GBP_USD,1.5,3.0,1,212607,137672,74935,-1866.26,-2103.79,-288548.6,-162637.5,-451186.1,12.3,6.5,49.8
GBP_USD,1.5,3.0,2,133505,86853,46652,-1183.13,-1310.91,-182928.1,-101342.1,-284270.2,20.7,13.8,49.8
GBP_USD,1.5,3.0,5,69142,44994,24148,-610.51,-672.79,-94392.7,-52010.9,-146403.6,35.3,30.0,49.7
GBP_USD,1.5,3.0,10,42285,27406,14879,-376.26,-403.09,-58174.4,-31161.9,-89336.3,48.6,44.4,50.0
GBP_USD,1.5,3.0,30,20471,13180,7291,-186.33,-206.41,-28809.3,-15956.8,-44766.1,66.0,64.9,49.7
GBP_USD,1.5,5.0,1,209167,135801,73366,-1842.42,-2056.92,-284862.8,-159013.9,-443876.8,10.9,1.5,49.8
GBP_USD,1.5,5.0,2,127886,83593,44293,-1136.42,-1251.85,-175706.6,-96776.6,-272483.2,16.9,4.1,49.9
GBP_USD,1.5,5.0,5,61842,40516,21326,-560.56,-599.88,-86670.0,-46374.5,-133044.5,27.1,12.6,49.7
GBP_USD,1.5,5.0,10,35373,23138,12235,-321.52,-347.44,-49712.0,-26859.9,-76572.5,36.3,24.1,49.7
GBP_USD,1.5,5.0,30,15512,10093,5419,-127.27,-140.08,-19677.3,-10829.5,-30507.1,54.1,48.2,49.9
GBP_USD,2.0,1.0,1,204998,130590,74408,-1766.84,-2095.81,-273177.7,-162020.7,-435198.4,4.9,38.7,49.6
GBP_USD,2.0,1.0,2,151029,96445,54584,-1304.69,-1518.41,-201722.1,-117383.7,-319105.9,6.1,51.9,49.8
GBP_USD,2.0,1.0,5,97591,62574,35017,-846.43,-978.04,-130870.0,-75609.0,-206479.0,7.4,67.2,49.6
GBP_USD,2.0,1.0,10,69418,44452,24966,-604.68,-688.93,-93492.4,-53258.8,-146751.2,8.0,76.1,49.6
GBP_USD,2.0,1.0,30,39812,25479,14333,-343.91,-396.33,-53173.4,-30639.3,-83812.7,8.9,86.0,50.0
GBP_USD,2.0,2.0,1,184028,117940,66088,-1600.49,-1859.98,-247456.9,-143789.5,-391246.4,16.9,16.7,49.7
GBP_USD,2.0,2.0,2,126134,81119,45015,-1106.7,-1264.92,-171110.1,-97786.9,-268897.0,26.8,28.1,49.8
GBP_USD,2.0,2.0,5,73629,47494,26135,-647.2,-735.08,-100065.6,-56826.6,-156892.8,41.9,46.4,49.8
GBP_USD,2.0,2.0,10,48867,31528,17339,-426.7,-480.12,-65973.2,-37116.9,-103090.8,52.3,59.3,49.7
GBP_USD,2.0,2.0,30,26194,16847,9347,-219.94,-254.38,-34005.7,-19665.3,-53671.7,65.1,75.6,49.5
GBP_USD,2.0,3.0,1,177474,114127,63347,-1549.57,-1792.36,-239584.4,-138561.7,-378146.1,13.5,7.2,49.7
GBP_USD,2.0,3.0,2,117376,75918,41458,-1039.26,-1172.03,-160684.0,-90606.0,-251289.9,21.7,14.8,49.7
GBP_USD,2.0,3.0,5,64191,41528,22663,-573.89,-632.37,-88730.5,-48886.5,-137617.0,36.4,30.7,49.7
GBP_USD,2.0,3.0,10,40437,26135,14302,-363.08,-393.53,-56136.6,-30422.2,-86558.8,49.4,45.1,49.6
GBP_USD,2.0,3.0,30,20025,12854,7171,-186.02,-201.18,-28761.9,-15552.2,-44314.1,66.7,65.1,49.8
GBP_USD,2.0,5.0,1,174397,112461,61936,-1525.79,-1763.24,-235907.5,-136310.3,-372217.9,11.7,1.7,49.7
GBP_USD,2.0,5.0,2,112269,72958,39311,-999.35,-1121.65,-154512.5,-86711.1,-241223.7,17.9,4.5,49.8
GBP_USD,2.0,5.0,5,57539,37530,20009,-516.92,-567.13,-79923.1,-43842.8,-123765.9,28.0,13.5,49.7
GBP_USD,2.0,5.0,10,33964,22124,11840,-303.3,-323.65,-46894.4,-25020.2,-71914.6,37.7,25.1,49.8
GBP_USD,2.0,5.0,30,15224,9844,5380,-135.93,-147.69,-21017.3,-11417.4,-32437.0,53.9,47.8,50.2
GBP_USD,3.0,1.0,1,119229,74259,44970,-1024.93,-1298.1,-158468.8,-100351.8,-258820.6,6.4,42.8,49.5
GBP_USD,3.0,1.0,2,96540,60514,36026,-832.54,-1032.75,-128721.5,-79839.0,-208560.5,7.6,55.1,49.6
GBP_USD,3.0,1.0,5,69755,44002,25753,-611.8,-731.23,-94592.5,-56529.1,-151121.7,8.9,68.9,49.4
GBP_USD,3.0,1.0,10,53028,33624,19404,-467.64,-560.06,-72302.8,-43296.4,-115599.2,9.2,76.7,49.5
GBP_USD,3.0,1.0,30,33249,21335,11914,-289.93,-343.45,-44827.8,-26551.1,-71378.9,10.3,86.1,49.8
GBP_USD,3.0,2.0,1,108662,68129,40533,-944.41,-1176.3,-146018.2,-90935.7,-236954.0,20.2,20.3,49.4
GBP_USD,3.0,2.0,2,82986,52495,30491,-729.3,-881.1,-112759.1,-68114.8,-180873.9,30.2,32.0,49.5
GBP_USD,3.0,2.0,5,55249,35133,20116,-489.62,-573.64,-75702.6,-44345.9,-120048.5,44.5,49.2,49.5
GBP_USD,3.0,2.0,10,39383,25132,14251,-352.93,-418.56,-54567.4,-32357.5,-86924.9,53.5,60.7,49.2
GBP_USD,3.0,2.0,30,22885,14751,8134,-200.05,-232.28,-30929.8,-17956.7,-48888.8,64.9,75.8,50.3
GBP_USD,3.0,3.0,1,104836,66019,38817,-914.88,-1125.36,-141452.4,-86997.8,-228450.2,16.4,9.7,49.4
GBP_USD,3.0,3.0,2,77601,49316,28285,-686.47,-826.91,-106137.2,-63926.0,-170063.2,24.7,18.1,49.5
GBP_USD,3.0,3.0,5,48721,31179,17542,-437.38,-502.42,-67624.3,-38840.7,-106465.0,39.4,34.0,49.7
GBP_USD,3.0,3.0,10,33299,21333,11966,-308.64,-349.14,-47719.4,-26991.0,-74710.4,50.2,46.7,49.5
GBP_USD,3.0,3.0,30,18105,11602,6503,-161.27,-188.84,-24935.2,-14598.9,-39539.5,66.9,66.0,50.0
GBP_USD,3.0,5.0,1,102581,64811,37770,-899.48,-1098.11,-139072.5,-84891.7,-223964.2,14.2,2.5,49.4
GBP_USD,3.0,5.0,2,73872,47232,26640,-658.88,-774.72,-101871.1,-59891.0,-161762.1,20.3,6.0,49.7
GBP_USD,3.0,5.0,5,43663,28146,15517,-401.15,-452.93,-62023.8,-35014.6,-97038.4,29.8,15.7,49.6
GBP_USD,3.0,5.0,10,28147,18165,9982,-261.26,-288.62,-40394.4,-22312.5,-62707.8,38.7,27.1,49.8
GBP_USD,3.0,5.0,30,13900,8965,4935,-121.85,-144.29,-18839.8,-11154.5,-29998.0,54.7,48.9,49.3
AUD_USD,0.3,1.0,1,273829,178258,95571,-1906.32,-2080.93,-248888.9,-135843.3,-384732.8,9.0,24.7,50.4
AUD_USD,0.3,1.0,2,165945,107348,58597,-1146.52,-1285.11,-149690.0,-83892.0,-233582.6,13.1,39.7,50.3
AUD_USD,0.3,1.0,5,89165,57042,32123,-615.5,-703.46,-80359.5,-45921.7,-126281.8,18.1,58.5,50.2
AUD_USD,0.3,1.0,10,58192,37087,21105,-386.2,-448.15,-50422.7,-29255.1,-79678.5,21.5,70.5,50.6
AUD_USD,0.3,1.0,30,30494,19419,11075,-205.0,-241.71,-26764.2,-15778.7,-42543.6,24.9,82.7,50.2
AUD_USD,0.3,2.0,1,250575,164854,85721,-1768.57,-1866.84,-230904.9,-121867.6,-352774.6,13.3,6.2,50.4
AUD_USD,0.3,2.0,2,139429,91258,48171,-977.43,-1061.62,-127613.5,-69302.8,-196918.4,23.1,14.8,50.3
AUD_USD,0.3,2.0,5,66080,42694,23386,-463.14,-512.54,-60467.9,-33458.5,-93928.5,40.3,32.9,50.7
AUD_USD,0.3,2.0,10,39540,25359,14181,-269.53,-305.28,-35189.7,-19928.7,-55120.5,53.8,48.7,50.1
AUD_USD,0.3,2.0,30,19014,12102,6912,-126.67,-152.01,-16537.6,-9923.2,-26473.6,70.6,68.7,50.6
AUD_USD,0.3,3.0,1,246788,163008,83780,-1743.33,-1831.51,-227608.8,-119561.3,-347172.2,11.7,2.0,50.3
AUD_USD,0.3,3.0,2,133596,88090,45506,-948.41,-1005.67,-123824.7,-65650.2,-189477.0,19.1,5.6,50.3
AUD_USD,0.3,3.0,5,59377,38739,20638,-413.67,-450.53,-54008.6,-29410.4,-83421.1,32.2,17.9,50.6
AUD_USD,0.3,3.0,10,33482,21599,11883,-229.65,-239.58,-29983.1,-15639.7,-45624.9,44.2,32.3,50.7
AUD_USD,0.3,3.0,30,14729,9377,5352,-103.92,-115.31,-13567.5,-7527.1,-21096.7,61.6,55.4,50.3
AUD_USD,0.3,5.0,1,245542,162464,83078,-1734.64,-1824.86,-226474.6,-119126.7,-345603.2,11.2,0.4,50.3
AUD_USD,0.3,5.0,2,131419,87020,44399,-933.51,-972.53,-121879.0,-63486.6,-185368.2,18.2,1.3,50.2
AUD_USD,0.3,5.0,5,55714,36784,18930,-395.03,-421.84,-51575.1,-27537.9,-79113.0,27.8,5.4,50.7
AUD_USD,0.3,5.0,10,29426,19260,10166,-210.75,-217.95,-27515.1,-14227.7,-41742.8,36.1,13.5,49.8
AUD_USD,0.3,5.0,30,11647,7470,4177,-85.39,-84.53,-11148.8,-5518.2,-16667.4,49.9,35.4,50.2
AUD_USD,0.5,1.0,1,261038,169198,91840,-1813.4,-1996.68,-236758.1,-130343.2,-367101.9,9.2,25.0,50.3
AUD_USD,0.5,1.0,2,161160,103964,57196,-1113.61,-1256.64,-145393.3,-82033.3,-227427.2,13.1,39.8,50.4
AUD_USD,0.5,1.0,5,87635,56009,31626,-602.16,-690.77,-78618.4,-45093.6,-123712.5,18.1,58.5,50.3
AUD_USD,0.5,1.0,10,57214,36364,20850,-389.91,-450.47,-50906.2,-29406.6,-80313.4,21.8,69.9,50.2
AUD_USD,0.5,1.0,30,30671,19423,11248,-200.61,-231.63,-26191.8,-15120.6,-41312.9,24.9,82.9,50.4
AUD_USD,0.5,2.0,1,239062,156692,82370,-1681.38,-1796.69,-219521.5,-117288.1,-336811.7,13.5,6.4,50.3
AUD_USD,0.5,2.0,2,135944,88768,47176,-953.84,-1047.04,-124533.5,-68351.1,-192886.6,23.2,14.9,50.2
AUD_USD,0.5,2.0,5,65347,42216,23131,-458.46,-509.2,-59856.7,-33240.8,-93099.5,40.1,32.9,50.3
AUD_USD,0.5,2.0,10,39314,25241,14073,-265.78,-317.83,-34700.9,-20748.0,-55451.0,53.4,48.7,50.0
AUD_USD,0.5,2.0,30,19044,12005,7039,-124.43,-146.43,-16245.5,-9559.0,-25817.6,71.3,69.0,50.9
AUD_USD,0.5,3.0,1,235418,154920,80498,-1657.95,-1758.94,-216461.8,-114823.4,-331287.3,11.9,2.0,50.2
AUD_USD,0.5,3.0,2,130267,85659,44608,-915.28,-978.6,-119498.6,-63883.0,-183383.8,19.5,5.8,50.4
AUD_USD,0.5,3.0,5,58612,38237,20375,-421.57,-456.54,-55039.9,-29802.7,-84844.7,31.5,17.6,50.2
AUD_USD,0.5,3.0,10,33147,21373,11774,-229.79,-254.74,-30001.7,-16629.5,-46633.3,43.5,31.9,50.1
AUD_USD,0.5,3.0,30,14764,9454,5310,-100.53,-117.52,-13125.4,-7671.4,-20803.8,61.1,55.6,49.8
AUD_USD,0.5,5.0,1,234253,154429,79824,-1650.9,-1737.26,-215541.9,-113408.7,-328952.5,11.6,0.4,50.2
AUD_USD,0.5,5.0,2,128047,84629,43418,-899.01,-958.39,-117374.2,-62564.0,-179940.9,18.3,1.3,50.3
AUD_USD,0.5,5.0,5,55106,36367,18739,-393.6,-422.63,-51388.6,-27589.1,-78978.2,27.3,5.4,50.0
AUD_USD,0.5,5.0,10,29243,19149,10094,-205.42,-220.56,-26819.4,-14397.9,-41217.3,35.1,13.4,50.3
AUD_USD,0.5,5.0,30,11573,7445,4128,-80.99,-84.89,-10574.3,-5541.6,-16130.1,49.9,35.2,50.1
AUD_USD,1.0,1.0,1,217890,138815,79075,-1491.02,-1723.87,-194667.6,-112534.1,-307201.7,9.8,26.3,50.2
AUD_USD,1.0,1.0,2,143802,91571,52231,-994.01,-1147.56,-129778.4,-74912.5,-204691.0,13.6,40.4,50.3
AUD_USD,1.0,1.0,5,82802,52459,30343,-570.53,-657.74,-74488.7,-42937.3,-117426.0,18.5,58.9,50.3
AUD_USD,1.0,1.0,10,55140,34951,20189,-374.63,-428.48,-48912.2,-27971.0,-76883.2,21.4,70.2,50.2
AUD_USD,1.0,1.0,30,29480,18606,10874,-196.41,-228.67,-25643.1,-14927.6,-40570.7,25.1,82.5,50.0
AUD_USD,1.0,2.0,1,200312,129095,71217,-1388.08,-1564.98,-181227.1,-102162.2,-283391.4,14.2,7.0,50.2
AUD_USD,1.0,2.0,2,122276,78898,43378,-852.66,-949.46,-111323.5,-61980.9,-173306.5,24.3,15.6,50.3
AUD_USD,1.0,2.0,5,62129,39919,22210,-436.9,-489.02,-57042.3,-31923.4,-88968.7,40.5,33.4,50.1
AUD_USD,1.0,2.0,10,38171,24327,13844,-262.43,-288.55,-34263.0,-18836.3,-53102.3,54.3,48.8,50.1
AUD_USD,1.0,2.0,30,18730,11815,6915,-126.45,-136.91,-16509.3,-8937.8,-25474.0,71.4,69.1,49.8
AUD_USD,1.0,3.0,1,197129,127573,69556,-1370.77,-1524.5,-178967.1,-99519.6,-278488.8,12.6,2.3,50.2
AUD_USD,1.0,3.0,2,117220,76280,40940,-823.01,-896.11,-107451.7,-58498.2,-165952.0,20.2,6.2,50.4
AUD_USD,1.0,3.0,5,55897,36284,19613,-397.33,-431.98,-51875.5,-28199.5,-80078.9,32.0,18.1,50.4
AUD_USD,1.0,3.0,10,32356,20876,11480,-222.23,-239.63,-29014.3,-15642.9,-44662.9,43.7,32.3,50.4
AUD_USD,1.0,3.0,30,14583,9259,5324,-100.59,-118.31,-13133.2,-7723.5,-20890.7,60.9,55.3,50.6
AUD_USD,1.0,5.0,1,195973,127068,68905,-1363.05,-1510.31,-177959.7,-98593.1,-276554.7,12.1,0.5,50.3
AUD_USD,1.0,5.0,2,115101,75282,39819,-810.6,-877.45,-105832.2,-57279.8,-163113.7,18.6,1.4,50.4
AUD_USD,1.0,5.0,5,52495,34445,18050,-377.58,-402.48,-49296.9,-26274.2,-75571.1,28.0,5.6,50.0
AUD_USD,1.0,5.0,10,28544,18664,9880,-202.72,-220.3,-26466.6,-14381.2,-40847.8,35.2,13.6,50.1
AUD_USD,1.0,5.0,30,11510,7396,4114,-77.05,-82.6,-10059.6,-5392.0,-15471.9,50.2,35.5,50.5
AUD_USD,1.5,1.0,1,158388,97453,60935,-1059.77,-1341.33,-138363.8,-87562.1,-225925.9,11.1,28.9,49.8
AUD_USD,1.5,1.0,2,114317,70989,43328,-773.14,-954.93,-100941.3,-62337.8,-163279.1,14.9,42.5,49.8
AUD_USD,1.5,1.0,5,71972,44894,27078,-488.08,-593.06,-63723.9,-38715.0,-102438.9,19.4,59.9,49.9
AUD_USD,1.5,1.0,10,50065,31199,18866,-341.97,-400.87,-44648.0,-26169.1,-70817.1,22.5,70.6,49.9
AUD_USD,1.5,1.0,30,28234,17709,10525,-187.87,-220.72,-24528.9,-14408.7,-38937.6,26.1,82.6,49.7
AUD_USD,1.5,2.0,1,145943,90894,55049,-989.71,-1221.99,-129216.7,-79771.6,-208990.4,16.1,8.5,49.9
AUD_USD,1.5,2.0,2,98286,61902,36384,-677.51,-798.39,-88456.2,-52118.9,-140577.2,25.9,17.3,49.9
AUD_USD,1.5,2.0,5,55242,35001,20241,-383.39,-449.72,-50056.0,-29357.5,-79415.5,41.4,34.8,49.9
AUD_USD,1.5,2.0,10,35479,22406,13073,-248.04,-283.42,-32383.6,-18501.9,-50887.6,54.7,49.2,50.2
AUD_USD,1.5,2.0,30,18022,11375,6647,-122.97,-143.37,-16055.0,-9359.3,-25438.9,70.5,68.8,49.8
AUD_USD,1.5,3.0,1,143311,89741,53570,-975.26,-1196.44,-127329.6,-78104.0,-205435.7,13.9,2.9,50.0
AUD_USD,1.5,3.0,2,94066,59794,34272,-650.12,-759.16,-84879.4,-49558.2,-134439.7,21.2,7.2,50.0
AUD_USD,1.5,3.0,5,49724,31808,17916,-352.48,-392.81,-46020.2,-25642.5,-71664.9,33.2,19.1,50.0
AUD_USD,1.5,3.0,10,30123,19296,10827,-218.07,-252.14,-28470.8,-16460.0,-44932.9,42.5,32.0,50.2
AUD_USD,1.5,3.0,30,14210,9020,5190,-98.39,-116.73,-12846.3,-7620.3,-20477.3,61.0,55.8,50.4
AUD_USD,1.5,5.0,1,142311,89297,53014,-969.22,-1178.98,-126541.7,-76964.0,-203507.5,13.3,0.6,50.0
AUD_USD,1.5,5.0,2,92162,58922,33240,-642.46,-746.79,-83879.3,-48750.7,-132631.8,19.6,1.7,50.1
AUD_USD,1.5,5.0,5,46590,30179,16411,-335.05,-377.82,-43744.2,-24664.3,-68408.5,28.1,6.1,50.3
AUD_USD,1.5,5.0,10,26639,17253,9386,-199.28,-209.66,-26018.0,-13686.8,-39704.8,35.2,13.9,50.0
AUD_USD,1.5,5.0,30,11200,7187,4013,-80.56,-88.22,-10518.5,-5758.7,-16304.9,49.0,35.3,50.4
AUD_USD,2.0,1.0,1,103849,60678,43171,-678.38,-963.64,-88569.2,-62906.6,-151475.8,12.8,32.0,49.6
AUD_USD,2.0,1.0,2,81297,48286,33011,-534.1,-737.57,-69732.4,-48148.3,-117880.7,16.5,45.2,49.7
AUD_USD,2.0,1.0,5,56288,33981,22307,-377.46,-497.2,-49281.3,-32457.0,-81738.3,20.7,61.5,49.8
AUD_USD,2.0,1.0,10,41258,25282,15976,-283.56,-369.25,-37021.3,-24104.6,-61125.8,22.7,70.8,49.9
AUD_USD,2.0,1.0,30,25095,15504,9591,-172.9,-217.86,-22574.1,-14222.2,-36796.3,27.0,82.6,49.3
AUD_USD,2.0,2.0,1,96109,56906,39203,-633.14,-877.22,-82662.3,-57265.0,-139927.3,18.5,10.8,49.7
AUD_USD,2.0,2.0,2,70740,42698,28042,-475.32,-631.6,-62057.5,-41231.0,-103288.5,28.1,19.9,49.6
AUD_USD,2.0,2.0,5,44443,27250,17193,-309.34,-378.74,-40386.9,-24724.2,-65111.1,43.3,36.7,49.6
AUD_USD,2.0,2.0,10,30473,18856,11617,-212.8,-262.82,-27783.0,-17156.7,-44939.8,54.9,50.2,49.5
AUD_USD,2.0,2.0,30,16529,10402,6127,-113.57,-146.36,-14827.8,-9554.2,-24382.0,69.4,68.6,49.0
AUD_USD,2.0,3.0,1,94053,56054,37999,-623.07,-855.35,-81348.4,-55837.4,-137185.8,15.7,4.0,49.7
AUD_USD,2.0,3.0,2,67446,41100,26346,-457.73,-591.88,-59760.9,-38637.8,-98398.7,22.8,8.9,49.7
AUD_USD,2.0,3.0,5,40110,24958,15152,-286.93,-343.42,-37461.1,-22418.5,-59879.6,33.8,20.7,49.5
AUD_USD,2.0,3.0,10,26170,16399,9771,-187.12,-229.86,-24430.0,-15005.4,-39435.4,43.6,33.6,49.2
AUD_USD,2.0,3.0,30,13219,8245,4974,-97.11,-108.65,-12678.7,-7092.6,-19779.3,61.8,55.7,50.0
AUD_USD,2.0,5.0,1,93167,55704,37463,-618.89,-841.92,-80802.7,-54960.7,-135763.4,15.0,1.0,49.7
AUD_USD,2.0,5.0,2,65791,40369,25422,-447.18,-571.36,-58384.2,-37298.6,-95682.7,21.2,2.3,49.8
AUD_USD,2.0,5.0,5,37518,23611,13907,-267.6,-317.82,-34937.9,-20747.3,-55685.2,29.5,7.1,49.7
AUD_USD,2.0,5.0,10,23174,14731,8443,-168.73,-192.84,-22029.3,-12588.6,-34617.9,35.8,15.4,49.5
AUD_USD,2.0,5.0,30,10501,6680,3821,-76.56,-89.28,-9996.2,-5828.1,-15836.7,49.1,35.8,49.6
AUD_USD,3.0,1.0,1,42461,22013,20448,-261.84,-478.29,-34186.4,-31223.0,-65409.4,16.8,39.1,49.0
AUD_USD,3.0,1.0,2,36318,19193,17125,-228.21,-399.86,-29795.7,-26102.7,-55898.4,20.3,51.0,48.9
AUD_USD,3.0,1.0,5,28733,15640,13093,-180.61,-302.0,-23580.7,-19714.7,-43295.4,24.6,65.3,49.0
AUD_USD,3.0,1.0,10,23551,12995,10556,-151.88,-234.57,-19829.1,-15312.7,-35141.9,27.4,73.9,49.0
AUD_USD,3.0,1.0,30,16304,9374,6930,-110.0,-154.81,-14361.3,-10106.3,-24467.6,29.6,83.6,49.0
AUD_USD,3.0,2.0,1,39365,20657,18708,-246.53,-441.99,-32186.5,-28853.2,-61039.7,23.3,16.5,49.1
AUD_USD,3.0,2.0,2,32402,17436,14966,-208.12,-354.84,-27171.8,-23163.9,-50335.8,33.0,26.6,48.9
AUD_USD,3.0,2.0,5,23833,13226,10607,-160.33,-249.99,-20932.2,-16319.5,-37251.7,46.8,42.3,49.3
AUD_USD,3.0,2.0,10,18465,10425,8040,-127.28,-187.98,-16617.2,-12271.1,-28888.2,57.7,54.5,49.1
AUD_USD,3.0,2.0,30,12028,6944,5084,-80.77,-106.2,-10545.0,-6932.5,-17477.5,72.5,71.4,49.0
AUD_USD,3.0,3.0,1,38332,20261,18071,-241.23,-426.85,-31494.5,-27864.9,-59359.4,19.6,7.4,49.2
AUD_USD,3.0,3.0,2,30829,16781,14048,-201.17,-334.5,-26264.1,-21836.2,-48100.4,26.4,13.6,48.9
AUD_USD,3.0,3.0,5,21781,12279,9502,-146.68,-230.56,-19150.1,-15050.7,-34200.8,37.0,26.9,49.4
AUD_USD,3.0,3.0,10,16221,9346,6875,-113.57,-164.87,-14827.2,-10762.7,-25589.9,47.1,39.1,49.1
AUD_USD,3.0,3.0,30,9877,5805,4072,-68.66,-89.3,-8964.9,-5829.8,-14803.2,63.2,59.2,49.1
AUD_USD,3.0,5.0,1,37710,20007,17703,-237.81,-417.18,-31047.9,-27233.7,-58281.6,18.4,2.0,49.1
AUD_USD,3.0,5.0,2,29748,16316,13432,-195.55,-323.58,-25531.4,-21123.3,-46654.7,23.7,4.2,48.8
AUD_USD,3.0,5.0,5,20156,11500,8656,-139.43,-206.16,-18203.4,-13457.8,-31661.2,31.7,10.7,49.0
AUD_USD,3.0,5.0,10,14400,8393,6007,-105.88,-143.88,-13824.1,-9392.8,-23216.8,38.1,19.4,48.8
AUD_USD,3.0,5.0,30,7965,4772,3193,-59.62,-75.08,-7784.1,-4901.4,-12704.1,50.2,39.3,47.7
NZD_USD,0.3,1.0,1,257749,169771,87978,-2096.87,-2263.26,-265924.9,-143513.0,-409437.9,3.1,20.6,50.0
NZD_USD,0.3,1.0,2,153799,100892,52907,-1253.43,-1361.6,-158959.8,-86339.1,-245298.9,4.8,35.2,49.9
NZD_USD,0.3,1.0,5,81357,53112,28245,-664.28,-731.95,-84244.2,-46413.0,-130657.7,7.4,54.9,50.1
NZD_USD,0.3,1.0,10,52259,34019,18240,-423.05,-469.57,-53650.9,-29775.6,-83427.1,8.9,67.2,49.7
NZD_USD,0.3,1.0,30,27339,17860,9479,-227.13,-247.6,-28804.3,-15700.2,-44505.1,11.0,80.7,49.9
NZD_USD,0.3,2.0,1,239950,158771,81179,-1957.37,-2087.68,-248234.1,-132380.0,-380614.2,7.4,4.1,50.1
NZD_USD,0.3,2.0,2,132313,87330,44983,-1083.81,-1153.07,-137448.4,-73116.1,-210564.6,15.5,11.1,50.0
NZD_USD,0.3,2.0,5,61466,40317,21149,-506.18,-539.31,-64193.2,-34197.5,-98390.8,31.8,28.2,49.9
NZD_USD,0.3,2.0,10,36106,23641,12465,-294.97,-324.79,-37408.5,-20594.7,-58003.2,45.8,44.0,49.7
NZD_USD,0.3,2.0,30,17148,11169,5979,-137.95,-159.39,-17494.2,-10106.7,-27600.9,65.5,65.8,50.4
NZD_USD,0.3,3.0,1,237675,157527,80148,-1939.64,-2059.45,-245984.8,-130590.1,-376574.9,6.5,1.1,50.0
NZD_USD,0.3,3.0,2,128297,84975,43322,-1051.31,-1118.41,-133326.6,-70918.4,-204245.0,12.6,3.6,50.0
NZD_USD,0.3,3.0,5,56109,37020,19089,-456.72,-501.12,-57920.7,-31776.3,-89697.0,24.0,13.5,50.2
NZD_USD,0.3,3.0,10,31040,20354,10686,-252.79,-269.65,-32058.5,-17098.3,-49156.8,36.0,27.1,49.6
NZD_USD,0.3,3.0,30,13534,8832,4702,-105.91,-125.12,-13431.7,-7933.7,-21366.8,55.1,52.1,50.7
NZD_USD,0.3,5.0,1,237073,157238,79835,-1935.96,-2040.22,-245518.8,-129370.3,-374889.2,6.4,0.2,50.0
NZD_USD,0.3,5.0,2,126994,84289,42705,-1043.0,-1098.1,-132273.9,-69630.5,-201904.3,12.1,0.7,50.0
NZD_USD,0.3,5.0,5,53571,35517,18054,-439.54,-469.61,-55742.2,-29778.2,-85520.4,21.4,3.4,49.7
NZD_USD,0.3,5.0,10,27981,18493,9488,-229.77,-243.47,-29139.6,-15438.3,-44577.9,29.8,9.8,50.3
NZD_USD,0.3,5.0,30,10790,7083,3707,-89.93,-87.85,-11405.0,-5570.3,-17003.7,44.7,31.0,49.9
NZD_USD,0.5,1.0,1,243157,159806,83351,-1971.65,-2139.88,-250045.1,-135689.5,-385734.6,3.2,21.0,49.9
NZD_USD,0.5,1.0,2,148866,97481,51385,-1208.18,-1321.44,-153221.7,-83792.6,-237014.3,4.9,35.5,50.1
NZD_USD,0.5,1.0,5,80358,52471,27887,-652.32,-713.96,-82727.4,-45272.1,-128000.0,7.4,55.3,49.9
NZD_USD,0.5,1.0,10,51702,33715,17987,-420.46,-467.08,-53322.8,-29617.5,-82940.8,9.1,67.1,49.4
NZD_USD,0.5,1.0,30,27174,17726,9448,-224.21,-250.75,-28434.9,-15900.0,-44335.4,11.2,80.8,49.7
NZD_USD,0.5,2.0,1,226614,149710,76904,-1846.53,-1974.02,-234177.6,-125172.8,-359350.4,7.6,4.3,49.9
NZD_USD,0.5,2.0,2,128224,84592,43632,-1044.65,-1126.39,-132482.9,-71424.5,-203907.4,15.6,11.4,49.8
NZD_USD,0.5,2.0,5,60606,39808,20798,-492.17,-544.79,-62417.0,-34545.5,-96962.4,31.6,28.4,49.6
NZD_USD,0.5,2.0,10,35931,23512,12419,-291.16,-321.61,-36925.3,-20393.0,-57318.4,46.1,44.2,50.0
NZD_USD,0.5,2.0,30,17071,11160,5911,-139.22,-161.02,-17655.8,-10210.2,-27865.9,64.7,65.6,49.7
NZD_USD,0.5,3.0,1,224320,148417,75903,-1829.7,-1951.9,-232042.1,-123769.8,-355811.9,6.6,1.1,50.0
NZD_USD,0.5,3.0,2,124234,82171,42063,-1017.62,-1090.12,-129055.1,-69124.3,-198179.4,12.7,3.6,50.0
NZD_USD,0.5,3.0,5,55335,36494,18841,-452.55,-484.91,-57393.0,-30747.9,-88140.8,24.7,13.7,49.4
NZD_USD,0.5,3.0,10,30728,20202,10526,-251.8,-277.73,-31933.4,-17610.7,-49544.1,34.7,26.9,49.8
NZD_USD,0.5,3.0,30,13470,8779,4691,-110.93,-117.46,-14068.3,-7448.0,-21516.3,55.5,51.9,50.0
NZD_USD,0.5,5.0,1,223737,148132,75605,-1823.65,-1933.04,-231275.2,-122573.9,-353849.1,6.5,0.2,49.9
NZD_USD,0.5,5.0,2,122990,81505,41485,-1007.76,-1064.52,-127804.4,-67501.1,-195305.5,12.2,0.7,50.0
NZD_USD,0.5,5.0,5,52869,35010,17859,-435.1,-460.8,-55179.0,-29219.3,-84398.3,21.9,3.5,49.9
NZD_USD,0.5,5.0,10,27784,18349,9435,-229.2,-241.68,-29067.5,-15325.0,-44392.5,30.0,9.9,50.5
NZD_USD,0.5,5.0,30,10702,7011,3691,-89.83,-94.25,-11392.5,-5976.4,-17368.9,43.8,30.4,48.7
NZD_USD,1.0,1.0,1,193462,126270,67192,-1567.15,-1740.11,-198745.4,-110340.3,-309085.7,3.6,22.3,49.8
NZD_USD,1.0,1.0,2,128666,83953,44713,-1044.07,-1166.55,-132409.0,-73971.3,-206380.3,5.2,36.5,49.8
NZD_USD,1.0,1.0,5,74294,48340,25954,-605.38,-675.39,-76774.9,-42826.6,-119602.0,7.5,55.8,49.7
NZD_USD,1.0,1.0,10,49411,32107,17304,-399.27,-450.77,-50635.8,-28583.5,-79219.8,8.9,67.6,49.7
NZD_USD,1.0,1.0,30,26174,16777,9397,-223.47,-246.49,-28340.2,-15630.2,-43970.9,10.4,80.5,49.8
NZD_USD,1.0,2.0,1,180966,118812,62154,-1470.0,-1606.92,-186425.9,-101894.6,-288320.5,8.5,5.0,49.9
NZD_USD,1.0,2.0,2,111808,73463,38345,-916.71,-998.95,-116257.4,-63343.6,-179601.0,16.4,11.9,49.7
NZD_USD,1.0,2.0,5,56902,37276,19626,-466.62,-514.47,-59177.1,-32622.5,-91799.6,32.4,29.0,49.4
NZD_USD,1.0,2.0,10,34585,22542,12043,-286.52,-315.95,-36337.0,-20034.2,-56371.2,46.2,44.0,49.7
NZD_USD,1.0,2.0,30,16671,10888,5783,-138.33,-160.92,-17542.5,-10204.2,-27746.7,64.7,65.2,49.5
NZD_USD,1.0,3.0,1,179022,117745,61277,-1459.12,-1584.67,-185046.1,-100483.8,-285529.9,7.5,1.3,49.9
NZD_USD,1.0,3.0,2,108339,71436,36903,-889.78,-958.55,-112842.5,-60781.8,-173624.3,13.5,4.0,49.7
NZD_USD,1.0,3.0,5,51956,34225,17731,-421.84,-467.13,-53498.1,-29620.8,-83118.9,25.0,14.2,49.6
NZD_USD,1.0,3.0,10,29722,19455,10267,-245.53,-266.24,-31138.5,-16882.3,-48020.8,35.7,27.2,50.1
NZD_USD,1.0,3.0,30,13268,8613,4655,-111.71,-114.62,-14167.2,-7268.1,-21435.3,56.1,52.2,49.2
NZD_USD,1.0,5.0,1,178458,117478,60980,-1453.27,-1575.44,-184304.1,-99898.7,-284202.7,7.2,0.3,49.9
NZD_USD,1.0,5.0,2,107185,70814,36371,-878.19,-941.25,-111371.5,-59684.6,-171056.1,12.7,0.8,49.8
NZD_USD,1.0,5.0,5,49578,32823,16755,-404.84,-441.8,-51341.9,-28014.9,-79356.7,22.0,3.6,49.4
NZD_USD,1.0,5.0,10,26837,17711,9126,-226.28,-239.12,-28697.1,-15162.8,-43860.8,29.4,10.1,49.6
NZD_USD,1.0,5.0,30,10606,6958,3648,-81.77,-94.97,-10370.1,-6022.1,-16394.2,42.9,30.7,49.7
NZD_USD,1.5,1.0,1,132122,85078,47044,-1076.39,-1241.54,-136507.3,-78726.1,-215233.4,4.5,24.6,49.5
NZD_USD,1.5,1.0,2,97314,62831,34483,-793.92,-914.07,-100684.5,-57961.3,-158645.8,6.0,38.2,49.4
NZD_USD,1.5,1.0,5,62381,40312,22069,-508.29,-579.25,-64461.2,-36730.5,-101192.2,7.9,56.8,49.3
NZD_USD,1.5,1.0,10,43859,28373,15486,-356.98,-407.46,-45272.4,-25837.3,-71110.2,8.7,68.1,49.1
NZD_USD,1.5,1.0,30,24791,16005,8786,-207.46,-237.79,-26310.2,-15078.3,-41389.0,10.8,80.7,49.5
NZD_USD,1.5,2.0,1,124005,80397,43608,-1012.01,-1154.81,-128343.4,-73226.6,-201570.1,10.0,5.9,49.5
NZD_USD,1.5,2.0,2,85698,55877,29821,-703.86,-795.55,-89263.1,-50446.1,-139709.1,17.8,13.5,49.4
NZD_USD,1.5,2.0,5,48948,31867,17081,-406.03,-444.49,-51492.5,-28185.2,-79677.7,33.8,30.1,49.3
NZD_USD,1.5,2.0,10,31665,20610,11055,-261.04,-291.74,-33104.7,-18499.5,-51604.3,47.2,45.1,49.2
NZD_USD,1.5,2.0,30,16149,10456,5693,-134.01,-141.75,-16995.6,-8988.5,-25984.1,66.4,65.8,49.0
NZD_USD,1.5,3.0,1,122582,79656,42926,-1002.57,-1130.73,-127146.1,-71699.8,-198845.9,8.8,1.8,49.6
NZD_USD,1.5,3.0,2,82975,54304,28671,-683.55,-763.43,-86687.2,-48409.2,-135096.5,14.3,4.8,49.5
NZD_USD,1.5,3.0,5,44925,29412,15513,-371.91,-408.52,-47165.3,-25904.2,-73069.5,25.7,15.1,49.2
NZD_USD,1.5,3.0,10,27350,17915,9435,-225.7,-248.2,-28623.8,-15738.6,-44362.5,36.5,28.4,49.0
NZD_USD,1.5,3.0,30,12821,8326,4495,-108.63,-114.17,-13776.0,-7239.6,-21015.6,55.5,51.8,50.1
NZD_USD,1.5,5.0,1,122090,79420,42670,-998.6,-1123.73,-126642.8,-71255.7,-197898.5,8.4,0.4,49.5
NZD_USD,1.5,5.0,2,81891,53735,28156,-676.38,-745.22,-85778.1,-47254.5,-133032.5,13.5,1.0,49.6
NZD_USD,1.5,5.0,5,42745,28146,14599,-356.82,-377.1,-45251.8,-23912.1,-69163.9,22.9,4.0,49.3
NZD_USD,1.5,5.0,10,24641,16232,8409,-209.3,-223.72,-26543.6,-14185.8,-40732.6,29.6,10.4,49.1
NZD_USD,1.5,5.0,30,10277,6728,3549,-84.72,-88.89,-10744.4,-5636.8,-16381.2,45.2,31.3,48.7
NZD_USD,2.0,1.0,1,77873,48642,29231,-641.32,-805.03,-81332.0,-51046.9,-132378.8,5.7,27.8,49.9
NZD_USD,2.0,1.0,2,62787,39571,23216,-518.08,-641.4,-65703.3,-40670.9,-106374.2,7.1,41.1,49.9
NZD_USD,2.0,1.0,5,45046,28633,16413,-369.89,-451.44,-46909.5,-28625.5,-75535.0,8.9,58.4,49.9
NZD_USD,2.0,1.0,10,34096,21756,12340,-283.37,-335.24,-35937.3,-21257.7,-57195.0,9.9,68.9,49.7
NZD_USD,2.0,1.0,30,21395,13752,7643,-178.84,-209.15,-22680.7,-13261.9,-35942.6,11.3,81.3,49.8
NZD_USD,2.0,2.0,1,73398,46252,27146,-605.4,-748.89,-76777.2,-47487.3,-124264.5,12.4,7.9,49.8
NZD_USD,2.0,2.0,2,56108,35756,20352,-469.03,-564.74,-59482.0,-35810.0,-95291.9,20.1,15.8,49.8
NZD_USD,2.0,2.0,5,36749,23589,13160,-305.84,-358.28,-38786.0,-22718.7,-61504.7,35.5,32.5,49.7
NZD_USD,2.0,2.0,10,25712,16538,9174,-219.57,-248.8,-27845.4,-15776.4,-43621.8,48.2,46.3,49.2
NZD_USD,2.0,2.0,30,14368,9243,5125,-122.88,-141.3,-15583.5,-8959.6,-24552.4,66.2,66.3,49.9
NZD_USD,2.0,3.0,1,72306,45679,26627,-598.42,-730.65,-75891.7,-46330.5,-122222.2,10.7,2.7,49.8
NZD_USD,2.0,3.0,2,54211,34714,19497,-455.03,-540.48,-57706.9,-34272.1,-91979.0,16.0,6.1,49.8
NZD_USD,2.0,3.0,5,33858,21846,12012,-284.14,-325.95,-36034.6,-20668.6,-56703.2,27.1,17.1,49.8
NZD_USD,2.0,3.0,10,22639,14666,7973,-189.81,-212.83,-24072.2,-13495.6,-37567.8,38.1,30.4,49.5
NZD_USD,2.0,3.0,30,11709,7604,4105,-96.13,-112.41,-12191.3,-7128.2,-19319.5,56.1,53.2,49.2
NZD_USD,2.0,5.0,1,71881,45482,26399,-594.14,-722.2,-75349.4,-45794.9,-121144.3,10.3,0.6,49.9
NZD_USD,2.0,5.0,2,53369,34285,19084,-448.15,-520.88,-56834.6,-33029.2,-89863.8,15.0,1.4,49.8
NZD_USD,2.0,5.0,5,32130,20876,11254,-274.62,-307.7,-34827.1,-19511.4,-54338.6,23.4,4.9,49.9
NZD_USD,2.0,5.0,10,20332,13297,7035,-176.54,-190.13,-22388.6,-12056.0,-34444.6,31.1,11.3,49.6
NZD_USD,2.0,5.0,30,9411,6112,3299,-84.76,-88.08,-10749.0,-5585.1,-16339.0,44.9,31.5,49.3
NZD_USD,3.0,1.0,1,27037,15836,11201,-243.08,-351.21,-30827.3,-22270.0,-53097.2,8.9,35.0,49.9
NZD_USD,3.0,1.0,2,23823,14083,9740,-216.23,-302.14,-27421.8,-19158.8,-46580.6,10.2,47.1,50.0
NZD_USD,3.0,1.0,5,19721,11776,7945,-176.65,-241.19,-22403.1,-15294.1,-37697.2,12.2,62.3,50.0
NZD_USD,3.0,1.0,10,16666,10028,6638,-151.05,-198.96,-19156.6,-12616.1,-31772.7,12.7,71.3,49.9
NZD_USD,3.0,1.0,30,12468,7547,4921,-112.1,-145.39,-14216.3,-9219.1,-23435.4,14.8,82.2,49.7
NZD_USD,3.0,2.0,1,25626,15156,10470,-228.76,-326.48,-29011.1,-20701.8,-49712.9,17.4,13.1,49.8
NZD_USD,3.0,2.0,2,21845,13087,8758,-197.68,-270.07,-25069.3,-17125.2,-42194.5,25.7,22.3,49.6
NZD_USD,3.0,2.0,5,16991,10336,6655,-152.63,-201.85,-19357.0,-12799.3,-32156.3,39.6,38.0,49.7
NZD_USD,3.0,2.0,10,13759,8420,5339,-125.06,-159.56,-15860.7,-10117.6,-25978.3,50.8,50.7,49.7
NZD_USD,3.0,2.0,30,9439,5828,3611,-84.15,-103.99,-10672.1,-6594.3,-17266.5,67.3,68.4,50.3
NZD_USD,3.0,3.0,1,25113,14913,10200,-224.53,-320.56,-28475.1,-20326.5,-48801.6,14.3,5.4,49.9
NZD_USD,3.0,3.0,2,21061,12690,8371,-189.61,-260.13,-24046.8,-16495.1,-40541.9,19.9,10.5,49.6
NZD_USD,3.0,3.0,5,15842,9705,6137,-141.59,-185.03,-17956.7,-11732.7,-29689.4,31.0,22.5,49.8
NZD_USD,3.0,3.0,10,12357,7642,4715,-112.73,-142.57,-14296.6,-9040.5,-23344.1,40.0,34.4,49.3
NZD_USD,3.0,3.0,30,7884,4956,2928,-72.66,-92.3,-9214.2,-5852.6,-15071.3,55.4,54.7,49.3
NZD_USD,3.0,5.0,1,24813,14783,10030,-223.74,-313.5,-28374.9,-19879.0,-48253.9,13.5,1.4,49.9
NZD_USD,3.0,5.0,2,20568,12442,8126,-186.63,-250.72,-23667.9,-15898.5,-39566.3,18.0,3.0,49.6
NZD_USD,3.0,5.0,5,14944,9221,5723,-134.22,-168.93,-17021.6,-10711.6,-27733.2,26.7,8.0,49.8
NZD_USD,3.0,5.0,10,11204,6989,4215,-106.29,-129.5,-13479.5,-8211.9,-21701.3,32.2,14.8,49.5
NZD_USD,3.0,5.0,30,6595,4172,2423,-61.16,-71.1,-7756.6,-4508.3,-12266.3,45.8,34.4,49.8
EUR_GBP,0.3,1.0,1,236069,157930,78139,-2061.54,-2092.64,-253224.2,-128522.3,-381746.4,1.2,11.6,50.3
EUR_GBP,0.3,1.0,2,136030,91341,44689,-1190.11,-1206.57,-146185.1,-74103.5,-220288.6,2.1,22.9,50.3
EUR_GBP,0.3,1.0,5,67805,45783,22022,-590.16,-587.67,-72490.8,-36092.8,-108583.6,4.0,42.4,50.4
EUR_GBP,0.3,1.0,10,42001,28591,13410,-363.34,-357.21,-44630.1,-21938.5,-66568.5,5.1,57.1,50.2
EUR_GBP,0.3,1.0,30,21298,14684,6614,-183.21,-178.11,-22504.4,-10939.0,-33443.4,7.2,74.9,50.7
EUR_GBP,0.3,2.0,1,227325,151583,75742,-1976.02,-2025.36,-242719.6,-124390.2,-367109.9,2.5,1.7,50.3
EUR_GBP,0.3,2.0,2,124031,82745,41286,-1082.2,-1114.3,-132929.3,-68436.3,-201365.6,5.8,5.1,50.4
EUR_GBP,0.3,2.0,5,55059,36861,18198,-484.08,-489.31,-59461.3,-30051.9,-89513.2,15.3,16.1,50.4
EUR_GBP,0.3,2.0,10,30757,20724,10033,-268.32,-268.92,-32958.6,-16515.8,-49474.5,26.0,29.3,50.7
EUR_GBP,0.3,2.0,30,13474,9156,4318,-117.91,-115.17,-14483.4,-7073.6,-21557.0,47.6,53.2,50.9
EUR_GBP,0.3,3.0,1,226470,150937,75533,-1966.09,-2016.08,-241500.2,-123820.7,-365320.9,2.3,0.4,50.3
EUR_GBP,0.3,3.0,2,122325,81479,40846,-1064.97,-1097.45,-130813.3,-67401.2,-198214.5,5.3,1.4,50.3
EUR_GBP,0.3,3.0,5,52319,34891,17428,-454.96,-471.88,-55883.7,-28980.9,-84864.6,12.0,6.0,50.2
EUR_GBP,0.3,3.0,10,27783,18617,9166,-243.67,-247.54,-29931.2,-15203.1,-45137.1,19.3,14.3,50.5
EUR_GBP,0.3,3.0,30,11037,7469,3568,-96.21,-93.45,-11817.6,-5739.4,-17557.0,35.5,35.9,49.9
EUR_GBP,0.3,5.0,1,226224,150768,75456,-1962.38,-2014.12,-241044.3,-123700.0,-364744.3,2.3,0.1,50.3
EUR_GBP,0.3,5.0,2,121838,81130,40708,-1058.11,-1090.23,-129971.0,-66958.1,-196929.1,5.1,0.2,50.1
EUR_GBP,0.3,5.0,5,51286,34139,17147,-446.93,-462.0,-54897.6,-28374.2,-83271.9,11.6,1.2,50.1
EUR_GBP,0.3,5.0,10,26317,17532,8785,-231.73,-237.31,-28463.5,-14574.5,-43038.8,17.3,3.7,50.2
EUR_GBP,0.3,5.0,30,9426,6326,3100,-82.81,-85.23,-10171.5,-5234.4,-15406.0,27.8,15.9,51.0
EUR_GBP,0.5,1.0,1,216863,145997,70866,-1912.22,-1918.23,-234883.3,-117811.1,-352694.4,1.3,12.0,49.8
EUR_GBP,0.5,1.0,2,129594,87355,42239,-1143.09,-1147.15,-140408.5,-70453.9,-210862.4,2.2,23.2,50.0
EUR_GBP,0.5,1.0,5,66366,44983,21383,-582.31,-578.62,-71526.3,-35536.7,-107063.0,3.9,42.6,50.2
EUR_GBP,0.5,1.0,10,41276,28140,13136,-360.58,-355.68,-44291.2,-21844.4,-66135.6,5.1,56.7,50.0
EUR_GBP,0.5,1.0,30,20942,14368,6574,-183.46,-176.58,-22535.4,-10845.1,-33380.5,7.4,74.3,49.8
EUR_GBP,0.5,2.0,1,208801,140157,68644,-1840.63,-1853.12,-226089.6,-113812.1,-339901.6,2.5,1.8,49.8
EUR_GBP,0.5,2.0,2,118100,79074,39026,-1038.01,-1058.7,-127502.0,-65021.4,-192523.5,5.9,5.2,50.1
EUR_GBP,0.5,2.0,5,53888,36161,17727,-479.58,-482.4,-58908.0,-29627.5,-88535.5,15.2,16.1,49.8
EUR_GBP,0.5,2.0,10,30411,20536,9875,-267.2,-269.44,-32821.1,-16548.2,-49369.4,25.8,29.4,50.3
EUR_GBP,0.5,2.0,30,13356,9082,4274,-121.51,-114.41,-14925.3,-7026.8,-21952.1,46.9,52.6,50.2
EUR_GBP,0.5,3.0,1,207954,139520,68434,-1828.29,-1845.75,-224573.7,-113359.4,-337933.0,2.4,0.5,49.9
EUR_GBP,0.5,3.0,2,116485,77872,38613,-1023.17,-1042.31,-125678.5,-64014.7,-189693.3,5.4,1.4,50.0
EUR_GBP,0.5,3.0,5,51264,34234,17030,-457.52,-458.98,-56198.4,-28189.0,-84387.4,12.4,6.0,50.0
EUR_GBP,0.5,3.0,10,27418,18368,9050,-242.69,-247.9,-29810.2,-15225.2,-45038.1,19.3,14.1,49.9
EUR_GBP,0.5,3.0,30,10917,7373,3544,-101.05,-91.5,-12412.2,-5619.7,-18032.0,36.7,35.6,49.5
EUR_GBP,0.5,5.0,1,207725,139355,68370,-1824.84,-1840.91,-224149.8,-113061.9,-337211.8,2.4,0.1,49.8
EUR_GBP,0.5,5.0,2,116032,77547,38485,-1013.66,-1035.98,-124510.8,-63626.1,-188136.9,5.3,0.3,50.0
EUR_GBP,0.5,5.0,5,50233,33489,16744,-441.95,-455.23,-54285.8,-27958.4,-82244.2,11.4,1.2,49.7
EUR_GBP,0.5,5.0,10,26050,17364,8686,-233.28,-235.67,-28654.1,-14473.8,-43128.8,17.4,3.8,49.8
EUR_GBP,0.5,5.0,30,9419,6318,3101,-81.31,-80.02,-9987.0,-4914.6,-14902.4,29.2,16.1,50.5
EUR_GBP,1.0,1.0,1,142286,99150,43136,-1331.13,-1226.22,-163506.6,-75310.1,-238816.7,1.8,14.5,49.7
EUR_GBP,1.0,1.0,2,97471,67511,29960,-899.44,-842.23,-110481.2,-51727.0,-162208.2,2.9,26.0,49.8
EUR_GBP,1.0,1.0,5,56861,39158,17703,-515.34,-488.17,-63301.0,-29981.5,-93282.5,4.3,44.0,49.8
EUR_GBP,1.0,1.0,10,37274,25648,11626,-335.91,-319.18,-41260.8,-19602.6,-60863.4,5.2,57.0,49.8
EUR_GBP,1.0,1.0,30,19857,13616,6241,-177.92,-165.98,-21854.6,-10194.2,-32048.8,7.2,74.3,49.7
EUR_GBP,1.0,2.0,1,136539,94963,41576,-1273.9,-1181.61,-156477.0,-72570.2,-229047.2,3.4,2.4,49.8
EUR_GBP,1.0,2.0,2,88763,61149,27614,-823.87,-780.51,-101198.0,-47935.9,-149133.9,7.1,6.2,49.9
EUR_GBP,1.0,2.0,5,46411,31764,14647,-427.08,-412.6,-52459.9,-25340.3,-77800.1,16.7,17.3,49.8
EUR_GBP,1.0,2.0,10,27965,19069,8896,-253.37,-242.06,-31122.1,-14866.5,-45988.6,27.4,30.4,49.8
EUR_GBP,1.0,2.0,30,12916,8837,4079,-117.15,-109.65,-14389.9,-6734.4,-21125.8,47.1,52.9,48.3
EUR_GBP,1.0,3.0,1,135796,94422,41374,-1264.35,-1174.66,-155303.6,-72143.7,-227447.3,3.2,0.6,49.8
EUR_GBP,1.0,3.0,2,87359,60139,27220,-808.18,-769.44,-99271.1,-47256.1,-146527.2,6.1,1.8,49.7
EUR_GBP,1.0,3.0,5,43980,29988,13992,-403.77,-393.99,-49596.3,-24197.4,-73793.7,13.2,6.7,49.9
EUR_GBP,1.0,3.0,10,25206,17101,8105,-231.51,-222.62,-28436.5,-13672.6,-42109.2,20.6,15.0,50.2
EUR_GBP,1.0,3.0,30,10627,7229,3398,-95.6,-94.95,-11742.8,-5831.6,-17584.3,36.0,36.1,49.6
EUR_GBP,1.0,5.0,1,135584,94266,41318,-1260.95,-1171.18,-154886.6,-71929.6,-226816.2,3.2,0.1,49.8
EUR_GBP,1.0,5.0,2,86933,59827,27106,-801.05,-764.66,-98395.1,-46962.6,-145357.7,6.0,0.3,49.8
EUR_GBP,1.0,5.0,5,43061,29291,13770,-395.11,-383.55,-48533.1,-23556.3,-72089.4,12.6,1.4,49.4
EUR_GBP,1.0,5.0,10,23840,16118,7722,-217.93,-212.86,-26768.4,-13073.0,-39841.4,18.2,4.0,49.4
EUR_GBP,1.0,5.0,30,9135,6167,2968,-84.83,-78.84,-10419.7,-4842.0,-15266.0,28.9,16.2,49.8
EUR_GBP,1.5,1.0,1,79163,56892,22271,-811.04,-698.99,-99622.9,-42929.6,-142552.5,2.4,18.0,49.6
EUR_GBP,1.5,1.0,2,60913,43544,17369,-609.74,-532.53,-74895.9,-32705.9,-107601.8,3.7,29.8,49.5
EUR_GBP,1.5,1.0,5,40839,29007,11832,-394.96,-348.5,-48513.5,-21403.5,-69917.1,5.5,47.1,49.8
EUR_GBP,1.5,1.0,10,29461,20789,8672,-279.24,-250.68,-34300.3,-15395.8,-49696.2,6.4,59.5,49.1
EUR_GBP,1.5,1.0,30,17368,12097,5271,-158.72,-144.64,-19495.4,-8883.2,-28378.7,8.4,75.0,49.2
EUR_GBP,1.5,2.0,1,75785,54437,21348,-776.06,-668.14,-95325.2,-41035.1,-136360.3,4.8,3.6,49.5
EUR_GBP,1.5,2.0,2,55564,39621,15943,-558.14,-490.35,-68557.9,-30115.8,-98673.7,9.9,8.2,49.3
EUR_GBP,1.5,2.0,5,33909,23928,9981,-328.83,-299.62,-40390.5,-18401.4,-58791.9,19.2,20.3,49.7
EUR_GBP,1.5,2.0,10,22513,15781,6732,-215.9,-196.23,-26519.1,-12051.6,-38570.7,29.6,32.7,49.3
EUR_GBP,1.5,2.0,30,11608,8048,3560,-106.23,-96.05,-13048.4,-5898.9,-18947.3,48.8,53.8,49.1
EUR_GBP,1.5,3.0,1,75262,54059,21203,-768.96,-663.49,-94452.9,-40749.0,-135202.0,4.3,1.0,49.5
EUR_GBP,1.5,3.0,2,54523,38848,15675,-546.47,-478.86,-67125.0,-29409.7,-96534.7,8.5,2.7,49.3
EUR_GBP,1.5,3.0,5,32022,22554,9468,-310.87,-282.32,-38185.2,-17339.3,-55524.5,14.7,8.4,49.6
EUR_GBP,1.5,3.0,10,20292,14167,6125,-196.04,-179.31,-24080.6,-11012.4,-35093.0,22.3,16.9,49.2
EUR_GBP,1.5,3.0,30,9575,6599,2976,-92.82,-83.16,-11401.5,-5107.5,-16509.0,37.1,37.0,49.2
EUR_GBP,1.5,5.0,1,75059,53910,21149,-765.27,-659.14,-94000.4,-40482.2,-134482.6,4.3,0.2,49.5
EUR_GBP,1.5,5.0,2,54091,38531,15560,-539.2,-475.25,-66231.7,-29188.2,-95419.9,8.2,0.5,49.3
EUR_GBP,1.5,5.0,5,31165,21930,9235,-301.7,-278.35,-37059.1,-17095.0,-54154.2,13.8,1.8,49.4
EUR_GBP,1.5,5.0,10,19146,13327,5819,-184.24,-171.09,-22630.4,-10507.9,-33138.2,19.4,4.8,49.3
EUR_GBP,1.5,5.0,30,8219,5650,2569,-80.02,-74.42,-9828.7,-4570.6,-14400.1,28.9,16.5,49.9
EUR_GBP,2.0,1.0,1,40352,29373,10979,-465.65,-402.12,-57196.9,-24696.6,-81893.5,3.3,21.8,49.7
EUR_GBP,2.0,1.0,2,33710,24504,9206,-376.46,-326.41,-46241.9,-20047.2,-66289.1,4.8,33.7,49.5
EUR_GBP,2.0,1.0,5,25386,18383,7003,-270.52,-236.45,-33228.5,-14521.8,-47750.3,6.6,49.6,49.8
EUR_GBP,2.0,1.0,10,20042,14445,5597,-199.84,-180.95,-24547.2,-11113.2,-35660.4,7.8,62.3,49.4
EUR_GBP,2.0,1.0,30,13219,9487,3732,-128.43,-118.23,-15775.1,-7261.1,-23036.2,9.1,76.3,49.7
EUR_GBP,2.0,2.0,1,38663,28143,10520,-445.95,-385.12,-54777.2,-23652.5,-78429.7,6.4,5.4,49.6
EUR_GBP,2.0,2.0,2,31061,22540,8521,-346.59,-299.82,-42572.2,-18414.1,-60986.2,12.2,11.3,49.6
EUR_GBP,2.0,2.0,5,21732,15688,6044,-231.23,-202.39,-28403.0,-12430.3,-40833.4,22.1,23.8,49.5
EUR_GBP,2.0,2.0,10,15951,11456,4495,-159.37,-145.39,-19576.0,-8929.6,-28505.6,31.8,36.7,49.4
EUR_GBP,2.0,2.0,30,9368,6632,2736,-91.48,-79.7,-11236.6,-4895.1,-16133.1,49.7,56.7,49.3
EUR_GBP,2.0,3.0,1,38282,27875,10407,-440.11,-381.46,-54059.5,-23428.1,-77487.6,5.6,1.8,49.5
EUR_GBP,2.0,3.0,2,30333,22007,8326,-339.79,-291.36,-41737.1,-17894.0,-59631.2,9.9,3.9,49.6
EUR_GBP,2.0,3.0,5,20419,14726,5693,-219.82,-190.96,-27000.6,-11727.8,-38728.4,16.6,10.6,49.8
EUR_GBP,2.0,3.0,10,14303,10248,4055,-150.4,-133.14,-18473.7,-8177.2,-26650.9,23.3,19.3,49.5
EUR_GBP,2.0,3.0,30,7774,5498,2276,-80.33,-70.44,-9866.6,-4326.1,-14197.3,38.9,39.9,49.4
EUR_GBP,2.0,5.0,1,38105,27737,10368,-437.55,-379.04,-53746.1,-23279.3,-77025.3,5.4,0.4,49.5
EUR_GBP,2.0,5.0,2,30011,21780,8231,-335.15,-288.75,-41167.1,-17734.1,-58901.2,9.5,0.8,49.4
EUR_GBP,2.0,5.0,5,19789,14260,5529,-212.87,-188.46,-26147.8,-11574.6,-37722.4,15.1,2.6,49.6
EUR_GBP,2.0,5.0,10,13420,9568,3852,-139.19,-127.38,-17096.6,-7823.3,-24920.4,20.2,6.2,49.4
EUR_GBP,2.0,5.0,30,6678,4707,1971,-68.86,-62.19,-8458.7,-3819.2,-12304.7,29.7,19.2,48.8
EUR_GBP,3.0,1.0,1,12152,8902,3250,-193.59,-175.85,-23779.0,-10800.4,-34579.4,5.5,28.3,50.9
EUR_GBP,3.0,1.0,2,10834,7965,2869,-163.39,-149.52,-20069.6,-9183.2,-29252.8,7.4,39.9,50.7
EUR_GBP,3.0,1.0,5,9102,6715,2387,-127.9,-113.05,-15710.6,-6943.2,-22653.8,9.0,54.2,50.8
EUR_GBP,3.0,1.0,10,8003,5896,2107,-104.82,-95.65,-12875.0,-5874.4,-18749.4,10.7,64.8,50.7
EUR_GBP,3.0,1.0,30,6226,4542,1684,-78.2,-72.14,-9605.6,-4430.9,-14036.5,12.5,76.7,50.5
EUR_GBP,3.0,2.0,1,11635,8531,3104,-186.23,-170.84,-22874.7,-10492.3,-33367.1,8.2,9.4,50.8
EUR_GBP,3.0,2.0,2,10065,7391,2674,-153.96,-139.09,-18911.1,-8542.4,-27453.5,14.2,16.4,50.4
EUR_GBP,3.0,2.0,5,8051,5917,2134,-114.56,-102.37,-14071.5,-6287.3,-20358.8,23.0,29.0,50.5
EUR_GBP,3.0,2.0,10,6748,4951,1797,-90.86,-82.82,-11160.0,-5086.8,-16246.8,31.2,40.7,50.3
EUR_GBP,3.0,2.0,30,4824,3513,1311,-62.09,-55.03,-7626.2,-3379.9,-11006.1,47.5,58.4,50.1
EUR_GBP,3.0,3.0,1,11465,8405,3060,-182.62,-168.45,-22431.7,-10345.3,-32777.0,7.2,3.8,50.6
EUR_GBP,3.0,3.0,2,9772,7183,2589,-150.11,-135.26,-18438.2,-8307.4,-26745.5,11.4,7.1,50.5
EUR_GBP,3.0,3.0,5,7623,5608,2015,-107.72,-96.82,-13232.1,-5946.5,-19178.6,18.6,15.0,50.5
EUR_GBP,3.0,3.0,10,6217,4549,1668,-83.88,-77.22,-10302.6,-4742.8,-15045.4,24.5,24.4,50.4
EUR_GBP,3.0,3.0,30,4231,3086,1145,-54.78,-50.83,-6729.2,-3121.6,-9850.8,37.6,42.9,50.5
EUR_GBP,3.0,5.0,1,11353,8320,3033,-181.2,-166.73,-22257.4,-10239.8,-32497.2,6.9,1.1,50.6
EUR_GBP,3.0,5.0,2,9591,7046,2545,-147.27,-134.08,-18089.3,-8234.9,-26324.1,10.4,1.8,50.4
EUR_GBP,3.0,5.0,5,7311,5377,1934,-105.07,-93.64,-12906.5,-5751.0,-18657.4,15.7,4.6,50.2
EUR_GBP,3.0,5.0,10,5804,4243,1561,-80.2,-72.58,-9850.6,-4457.4,-14308.3,20.4,9.1,50.3
EUR_GBP,3.0,5.0,30,3716,2691,1025,-49.36,-42.78,-6063.5,-2627.2,-8690.7,32.0,23.1,50.2
