signal_date,execution_date,next_execution_date,currency,pair,currency_direction,trade_direction,weight,vol_63d,entry_ts,exit_ts,entry_px,exit_px,gross_pips,spread_rt_pips,carry_pips,net_pips,gated_flat,variant
2020-11-30 22:00:00+00:00,2020-12-01 22:00:00+00:00,2021-01-03 22:00:00+00:00,EUR,EUR_USD,-1,-1,0.16925750762849068,0.0037012393180452124,2020-12-01 22:00:00+00:00,2021-01-03 22:00:00+00:00,1.20705,1.224,-169.5000000000002,2.649999999999597,-3.518376821917808,-175.6683768219176,False,carry_gated
2020-11-30 22:00:00+00:00,2020-12-01 22:00:00+00:00,2021-01-03 22:00:00+00:00,GBP,GBP_USD,1,1,0.16659114411666803,0.003760479258550379,2020-12-01 22:00:00+00:00,2021-01-03 22:00:00+00:00,1.34251,1.36527,227.59999999999891,5.999999999999339,-13.93668533698631,207.66331466301327,False,carry_gated
2020-11-30 22:00:00+00:00,2020-12-01 22:00:00+00:00,2021-01-03 22:00:00+00:00,JPY,USD_JPY,1,-1,0.22550569332799872,0.0027780342609697016,2020-12-01 22:00:00+00:00,2021-01-03 22:00:00+00:00,104.35,103.12,122.99999999999898,8.900000000000574,-15.714738904109586,98.38526109588882,False,carry_gated
2020-11-30 22:00:00+00:00,2020-12-01 22:00:00+00:00,2021-01-03 22:00:00+00:00,AUD,AUD_USD,1,1,0.1293691045189394,0.004842443212685252,2020-12-01 22:00:00+00:00,2021-01-03 22:00:00+00:00,0.73703,0.77046,334.3000000000007,2.749999999999697,-7.172484904109585,324.3775150958914,False,carry_gated
2020-11-30 22:00:00+00:00,2020-12-01 22:00:00+00:00,2021-01-03 22:00:00+00:00,CAD,CAD_JPY,-1,-1,0.13543637309044818,0.004625511801697008,2020-12-01 22:00:00+00:00,2021-01-03 22:00:00+00:00,80.644,81.084,-43.99999999999977,4.14999999999992,-10.843955421698626,-58.99395542169832,False,carry_gated
2020-11-30 22:00:00+00:00,2020-12-01 22:00:00+00:00,2021-01-03 22:00:00+00:00,CHF,CHF_JPY,-1,-1,0.17384017731745505,0.0036036694840969013,2020-12-01 22:00:00+00:00,2021-01-03 22:00:00+00:00,115.978,116.722,-74.39999999999998,3.1999999999996476,-2.521252501231998,-80.12125250123162,False,carry_gated
2020-12-30 22:00:00+00:00,2021-01-03 22:00:00+00:00,2021-02-01 22:00:00+00:00,EUR,EUR_USD,-1,-1,0.17308306126088963,0.0035343491543624113,2021-01-03 22:00:00+00:00,2021-02-01 22:00:00+00:00,1.224,1.20597,180.2999999999999,2.349999999999852,-3.129536602739726,174.8204633972603,False,carry_gated
2020-12-30 22:00:00+00:00,2021-01-03 22:00:00+00:00,2021-02-01 22:00:00+00:00,GBP,GBP_USD,1,1,0.11508991722400864,0.005315287263707145,2021-01-03 22:00:00+00:00,2021-02-01 22:00:00+00:00,1.36527,1.36625,9.799999999999809,5.999999999999339,-12.201565626301372,-8.401565626300902,False,carry_gated
2020-12-30 22:00:00+00:00,2021-01-03 22:00:00+00:00,2021-02-01 22:00:00+00:00,JPY,USD_JPY,1,-1,0.24645869566537149,0.002482103419197127,2021-01-03 22:00:00+00:00,2021-02-01 22:00:00+00:00,103.12,104.92,-179.99999999999972,8.850000000000335,-13.643855938356168,-202.4938559383562,False,carry_gated
2020-12-30 22:00:00+00:00,2021-01-03 22:00:00+00:00,2021-02-01 22:00:00+00:00,AUD,AUD_USD,1,1,0.12709909535489128,0.004813063141745963,2021-01-03 22:00:00+00:00,2021-02-01 22:00:00+00:00,0.77046,0.76232,-81.40000000000036,1.7499999999998073,-6.280214054794519,-89.43021405479467,False,carry_gated
2020-12-30 22:00:00+00:00,2021-01-03 22:00:00+00:00,2021-02-01 22:00:00+00:00,CAD,CAD_JPY,-1,-1,0.152953030008206,0.003999502142383598,2021-01-03 22:00:00+00:00,2021-02-01 22:00:00+00:00,81.084,81.658,-57.39999999999981,4.399999999999693,-9.299361484966107,-71.09936148496561,False,carry_gated
2020-12-30 22:00:00+00:00,2021-01-03 22:00:00+00:00,2021-02-01 22:00:00+00:00,CHF,CHF_JPY,-1,-1,0.18531620048663291,0.003301038816873477,2021-01-03 22:00:00+00:00,2021-02-01 22:00:00+00:00,116.722,116.978,-25.600000000000023,5.749999999999744,-2.273994425086302,-33.62399442508607,False,carry_gated
2021-01-31 22:00:00+00:00,2021-02-01 22:00:00+00:00,2021-03-01 22:00:00+00:00,EUR,EUR_USD,-1,-1,0.17147536237568264,0.0036738786382020123,2021-02-01 22:00:00+00:00,2021-03-01 22:00:00+00:00,1.20597,1.20494,10.300000000000864,2.00000000000089,-3.1075859452054773,5.192414054794497,False,carry_gated
2021-01-31 22:00:00+00:00,2021-02-01 22:00:00+00:00,2021-03-01 22:00:00+00:00,GBP,GBP_USD,1,1,0.12669540772385085,0.0049723954650597296,2021-02-01 22:00:00+00:00,2021-03-01 22:00:00+00:00,1.36625,1.39248,262.2999999999997,5.999999999999339,-11.688122323287676,244.61187767671274,False,carry_gated
2021-01-31 22:00:00+00:00,2021-02-01 22:00:00+00:00,2021-03-01 22:00:00+00:00,JPY,USD_JPY,1,-1,0.2293929211189407,0.002746290808526405,2021-02-01 22:00:00+00:00,2021-03-01 22:00:00+00:00,104.92,106.719,-179.89999999999924,7.500000000000284,-13.04012585616439,-200.44012585616392,False,carry_gated
2021-01-31 22:00:00+00:00,2021-02-01 22:00:00+00:00,2021-03-01 22:00:00+00:00,AUD,AUD_USD,1,1,0.11553734079548593,0.005452606633253783,2021-02-01 22:00:00+00:00,2021-03-01 22:00:00+00:00,0.76232,0.77721,148.89999999999958,2.8000000000000247,-6.011388863013697,140.08861113698586,False,carry_gated
2021-01-31 22:00:00+00:00,2021-02-01 22:00:00+00:00,2021-03-01 22:00:00+00:00,CAD,CAD_JPY,-1,-1,0.15458159278880945,0.004075386075693064,2021-02-01 22:00:00+00:00,2021-03-01 22:00:00+00:00,81.658,84.39,-273.19999999999993,6.59999999999954,-9.21396082338108,-289.01396082338056,False,carry_gated
2021-01-31 22:00:00+00:00,2021-02-01 22:00:00+00:00,2021-03-01 22:00:00+00:00,CHF,CHF_JPY,-1,-1,0.20231737519723042,0.0031138189203761156,2021-02-01 22:00:00+00:00,2021-03-01 22:00:00+00:00,116.978,116.631,34.69999999999942,6.649999999999778,-2.143996713353426,25.906003286646214,False,carry_gated
2021-02-28 22:00:00+00:00,2021-03-01 22:00:00+00:00,2021-04-01 21:00:00+00:00,EUR,EUR_USD,-1,-1,0.17345655884051686,0.0038997187544932786,2021-03-01 22:00:00+00:00,2021-04-01 21:00:00+00:00,1.20494,1.1777,272.3999999999993,6.1000000000011045,-3.7347475890410933,262.5652524109571,False,carry_gated
2021-02-28 22:00:00+00:00,2021-03-01 22:00:00+00:00,2021-04-01 21:00:00+00:00,GBP,GBP_USD,1,1,0.1363771744068984,0.004960007409905792,2021-03-01 22:00:00+00:00,2021-04-01 21:00:00+00:00,1.39248,1.38326,-92.20000000000006,10.499999999999954,-13.690720076712333,-116.39072007671236,False,carry_gated
2021-02-28 22:00:00+00:00,2021-03-01 22:00:00+00:00,2021-04-01 21:00:00+00:00,JPY,USD_JPY,1,-1,0.2324952462685658,0.0029094435540366,2021-03-01 22:00:00+00:00,2021-04-01 21:00:00+00:00,106.719,110.609,-389.00000000000006,8.29999999999984,-15.278366352054801,-412.5783663520547,False,carry_gated
2021-02-28 22:00:00+00:00,2021-03-01 22:00:00+00:00,2021-04-01 21:00:00+00:00,AUD,AUD_USD,1,1,0.10737035409431092,0.006299986633238381,2021-03-01 22:00:00+00:00,2021-04-01 21:00:00+00:00,0.77721,0.76168,-155.29999999999933,9.399999999999963,-7.040932150684932,-171.74093215068424,False,carry_gated
2021-02-28 22:00:00+00:00,2021-03-01 22:00:00+00:00,2021-04-01 21:00:00+00:00,CAD,CAD_JPY,-1,-1,0.15992098144706535,0.004229787670632405,2021-03-01 22:00:00+00:00,2021-04-01 21:00:00+00:00,84.39,88.188,-379.8000000000002,13.84999999999934,-10.557149650576019,-404.20714965057556,False,carry_gated
2021-02-28 22:00:00+00:00,2021-03-01 22:00:00+00:00,2021-04-01 21:00:00+00:00,CHF,CHF_JPY,-1,-1,0.19037968494264268,0.0035530671027427375,2021-03-01 22:00:00+00:00,2021-04-01 21:00:00+00:00,116.631,117.424,-79.30000000000064,12.700000000000244,-2.584997479029452,-94.58499747903033,False,carry_gated
2021-03-31 21:00:00+00:00,2021-04-01 21:00:00+00:00,2021-05-02 21:00:00+00:00,EUR,EUR_USD,-1,-1,0.17571181885547288,0.0038423409915557274,2021-04-01 21:00:00+00:00,2021-05-02 21:00:00+00:00,1.1777,1.20336,-256.60000000000014,6.450000000001177,-3.2831912054794503,-266.3331912054808,False,carry_gated
2021-03-31 21:00:00+00:00,2021-04-01 21:00:00+00:00,2021-05-02 21:00:00+00:00,GBP,GBP_USD,1,1,0.1697123816050175,0.003978170112894329,2021-04-01 21:00:00+00:00,2021-05-02 21:00:00+00:00,1.38326,1.38185,-14.099999999999113,10.499999999999954,-12.029903901369865,-36.629903901368934,False,carry_gated
2021-03-31 21:00:00+00:00,2021-04-01 21:00:00+00:00,2021-05-02 21:00:00+00:00,JPY,USD_JPY,1,-1,0.2193487533223469,0.0030779510440026524,2021-04-01 21:00:00+00:00,2021-05-02 21:00:00+00:00,110.609,109.292,131.6999999999993,9.999999999999432,-13.362411179452058,108.33758882054782,False,carry_gated
2021-03-31 21:00:00+00:00,2021-04-01 21:00:00+00:00,2021-05-02 21:00:00+00:00,AUD,AUD_USD,1,1,0.1028136313010553,0.006566684939979045,2021-04-01 21:00:00+00:00,2021-05-02 21:00:00+00:00,0.76168,0.77234,106.60000000000002,10.449999999999626,-6.1867925342465755,89.96320746575383,False,carry_gated
2021-03-31 21:00:00+00:00,2021-04-01 21:00:00+00:00,2021-05-02 21:00:00+00:00,CAD,CAD_JPY,-1,-1,0.15358750261246557,0.004395831124311813,2021-04-01 21:00:00+00:00,2021-05-02 21:00:00+00:00,88.188,88.906,-71.80000000000035,14.599999999999369,-9.056844955733855,-95.45684495573357,False,carry_gated
2021-03-31 21:00:00+00:00,2021-04-01 21:00:00+00:00,2021-05-02 21:00:00+00:00,CHF,CHF_JPY,-1,-1,0.1788259123036418,0.003775430057042402,2021-04-01 21:00:00+00:00,2021-05-02 21:00:00+00:00,117.424,119.762,-233.7999999999994,18.09999999999974,-2.2167324973335623,-254.1167324973327,False,carry_gated
2021-04-29 21:00:00+00:00,2021-05-02 21:00:00+00:00,2021-06-01 21:00:00+00:00,EUR,EUR_USD,-1,-1,0.18034224675026514,0.00379192071779427,2021-05-02 21:00:00+00:00,2021-06-01 21:00:00+00:00,1.20336,1.22134,-179.80000000000106,2.1999999999999797,-3.487018739726026,-185.4870187397271,False,carry_gated
2021-04-29 21:00:00+00:00,2021-05-02 21:00:00+00:00,2021-06-01 21:00:00+00:00,GBP,GBP_USD,1,1,0.16742287571075806,0.0040845284662731135,2021-05-02 21:00:00+00:00,2021-06-01 21:00:00+00:00,1.38185,1.41513,332.7999999999997,5.999999999999339,-12.32862320328767,314.4713767967127,False,carry_gated
2021-04-29 21:00:00+00:00,2021-05-02 21:00:00+00:00,2021-06-01 21:00:00+00:00,JPY,USD_JPY,1,-1,0.21191300317386852,0.003227001134917723,2021-05-02 21:00:00+00:00,2021-06-01 21:00:00+00:00,109.292,109.482,-18.999999999999773,5.949999999999278,-13.76682155068494,-38.71682155068399,False,carry_gated
2021-04-29 21:00:00+00:00,2021-05-02 21:00:00+00:00,2021-06-01 21:00:00+00:00,AUD,AUD_USD,1,1,0.1104784966053817,0.006189833521979561,2021-05-02 21:00:00+00:00,2021-06-01 21:00:00+00:00,0.77234,0.77519,28.500000000000192,4.449999999999732,-6.345037150684931,17.704962849315528,False,carry_gated
2021-04-29 21:00:00+00:00,2021-05-02 21:00:00+00:00,2021-06-01 21:00:00+00:00,CAD,CAD_JPY,-1,-1,0.14583560808945517,0.0046891394406668434,2021-05-02 21:00:00+00:00,2021-06-01 21:00:00+00:00,88.906,90.686,-178.0000000000001,7.150000000000034,-9.615053150775836,-194.765053150776,False,carry_gated
2021-04-29 21:00:00+00:00,2021-05-02 21:00:00+00:00,2021-06-01 21:00:00+00:00,CHF,CHF_JPY,-1,-1,0.18400776967027146,0.003716383840591593,2021-05-02 21:00:00+00:00,2021-06-01 21:00:00+00:00,119.762,122.139,-237.69999999999953,9.40000000000012,-2.270616145346725,-249.3706161453464,False,carry_gated
2021-05-31 21:00:00+00:00,2021-06-01 21:00:00+00:00,2021-07-01 21:00:00+00:00,EUR,EUR_USD,-1,-1,0.17260840292222535,0.0037759628653886482,2021-06-01 21:00:00+00:00,2021-07-01 21:00:00+00:00,1.22134,1.18506,362.80000000000086,1.8999999999991246,-3.543463287671233,357.3565367123305,False,carry_gated
2021-05-31 21:00:00+00:00,2021-06-01 21:00:00+00:00,2021-07-01 21:00:00+00:00,GBP,GBP_USD,1,1,0.15621555956558286,0.004172202317751449,2021-06-01 21:00:00+00:00,2021-07-01 21:00:00+00:00,1.41513,1.37618,-389.5000000000004,10.499999999999954,-13.352903311780821,-413.3529033117812,False,carry_gated
2021-05-31 21:00:00+00:00,2021-06-01 21:00:00+00:00,2021-07-01 21:00:00+00:00,JPY,USD_JPY,1,-1,0.20982161558014495,0.0031062715720984067,2021-06-01 21:00:00+00:00,2021-07-01 21:00:00+00:00,109.482,111.52,-203.79999999999967,5.949999999999278,-15.101686519178084,-224.85168651917704,False,carry_gated
2021-05-31 21:00:00+00:00,2021-06-01 21:00:00+00:00,2021-07-01 21:00:00+00:00,AUD,AUD_USD,1,1,0.12164298515440694,0.005357998398847679,2021-06-01 21:00:00+00:00,2021-07-01 21:00:00+00:00,0.77519,0.74698,-282.10000000000065,7.149999999999657,-6.875061287671233,-296.12506128767154,False,carry_gated
2021-05-31 21:00:00+00:00,2021-06-01 21:00:00+00:00,2021-07-01 21:00:00+00:00,CAD,CAD_JPY,-1,-1,0.14533245386369864,0.004484634383863264,2021-06-01 21:00:00+00:00,2021-07-01 21:00:00+00:00,90.686,89.634,105.20000000000067,9.34999999999988,-10.442197165732072,85.40780283426872,False,carry_gated
2021-05-31 21:00:00+00:00,2021-06-01 21:00:00+00:00,2021-07-01 21:00:00+00:00,CHF,CHF_JPY,-1,-1,0.19437898291394126,0.0033530524232495023,2021-06-01 21:00:00+00:00,2021-07-01 21:00:00+00:00,122.139,120.549,158.99999999999892,5.000000000000426,-2.588712154234117,151.41128784576438,False,carry_gated
2021-06-30 21:00:00+00:00,2021-07-01 21:00:00+00:00,2021-08-01 21:00:00+00:00,EUR,EUR_USD,-1,-1,0.1783413195082481,0.0037475338175715855,2021-07-01 21:00:00+00:00,2021-08-01 21:00:00+00:00,1.18506,1.1866,-15.400000000000968,1.8499999999999073,-3.0103758904109585,-20.260375890411833,False,carry_gated
2021-06-30 21:00:00+00:00,2021-07-01 21:00:00+00:00,2021-08-01 21:00:00+00:00,GBP,GBP_USD,1,1,0.1565053376289655,0.004270398288344414,2021-07-01 21:00:00+00:00,2021-08-01 21:00:00+00:00,1.37618,1.39016,139.80000000000103,10.499999999999954,-12.32799911232877,116.97200088767232,False,carry_gated
2021-06-30 21:00:00+00:00,2021-07-01 21:00:00+00:00,2021-08-01 21:00:00+00:00,JPY,USD_JPY,1,-1,0.2031605683623522,0.0032897138028057885,2021-07-01 21:00:00+00:00,2021-08-01 21:00:00+00:00,111.52,109.664,185.59999999999945,6.099999999999994,-14.057588612328768,165.4424113876707,False,carry_gated
2021-06-30 21:00:00+00:00,2021-07-01 21:00:00+00:00,2021-08-01 21:00:00+00:00,AUD,AUD_USD,1,1,0.12253434132939113,0.005454308716043105,2021-07-01 21:00:00+00:00,2021-08-01 21:00:00+00:00,0.74698,0.73344,-135.39999999999995,6.900000000000239,-6.352663397260273,-148.65266339726045,False,carry_gated
2021-06-30 21:00:00+00:00,2021-07-01 21:00:00+00:00,2021-08-01 21:00:00+00:00,CAD,CAD_JPY,-1,-1,0.141209683521032,0.0047329624234159215,2021-07-01 21:00:00+00:00,2021-08-01 21:00:00+00:00,89.634,87.858,177.59999999999962,10.599999999999454,-9.541457391859094,157.45854260814107,False,carry_gated
2021-06-30 21:00:00+00:00,2021-07-01 21:00:00+00:00,2021-08-01 21:00:00+00:00,CHF,CHF_JPY,-1,-1,0.19824874965001105,0.003371219879607759,2021-07-01 21:00:00+00:00,2021-08-01 21:00:00+00:00,120.549,121.058,-50.900000000000034,4.749999999999943,-2.479143238153792,-58.129143238153766,False,carry_gated
2021-07-29 21:00:00+00:00,2021-08-01 21:00:00+00:00,2021-09-01 21:00:00+00:00,EUR,EUR_USD,-1,-1,0.20579635819797953,0.00358357297536538,2021-08-01 21:00:00+00:00,2021-09-01 21:00:00+00:00,1.1866,1.18416,24.399999999999977,1.2999999999996348,-3.4932903561643838,19.60670964383596,False,carry_gated
2021-07-29 21:00:00+00:00,2021-08-01 21:00:00+00:00,2021-09-01 21:00:00+00:00,JPY,USD_JPY,1,-1,0.20946506970780465,0.0035208078783524944,2021-08-01 21:00:00+00:00,2021-09-01 21:00:00+00:00,109.664,110.026,-36.19999999999948,1.950000000000074,-15.855461283561647,-54.005461283561196,False,carry_gated
2021-07-29 21:00:00+00:00,2021-08-01 21:00:00+00:00,2021-09-01 21:00:00+00:00,AUD,AUD_USD,1,1,0.14017408541419082,0.005261216903878811,2021-08-01 21:00:00+00:00,2021-09-01 21:00:00+00:00,0.73344,0.7368,33.60000000000029,3.650000000000597,-7.187737397260269,22.762262602739426,False,carry_gated
2021-07-29 21:00:00+00:00,2021-08-01 21:00:00+00:00,2021-09-01 21:00:00+00:00,NZD,NZD_USD,1,1,0.11865455177162143,0.006215406460650231,2021-08-01 21:00:00+00:00,2021-09-01 21:00:00+00:00,0.6972,0.70676,95.60000000000012,7.199999999999984,-5.155387972602739,83.2446120273974,False,carry_gated
2021-07-29 21:00:00+00:00,2021-08-01 21:00:00+00:00,2021-09-01 21:00:00+00:00,CAD,CAD_JPY,-1,-1,0.12550708868066543,0.005876052702834339,2021-08-01 21:00:00+00:00,2021-09-01 21:00:00+00:00,87.858,87.178,68.00000000000068,3.6499999999996646,-10.925798701450091,53.424201298550926,False,carry_gated
2021-07-29 21:00:00+00:00,2021-08-01 21:00:00+00:00,2021-09-01 21:00:00+00:00,CHF,CHF_JPY,-1,-1,0.20040284622773819,0.003680018929615462,2021-08-01 21:00:00+00:00,2021-09-01 21:00:00+00:00,121.058,120.188,87.00000000000045,2.1999999999998465,-2.592215902537362,82.20778409746325,False,carry_gated
2021-08-31 21:00:00+00:00,2021-09-01 21:00:00+00:00,2021-10-03 21:00:00+00:00,EUR,EUR_USD,-1,-1,0.22423070019037114,0.003109917475233288,2021-09-01 21:00:00+00:00,2021-10-03 21:00:00+00:00,1.18416,1.1598,243.6000000000016,3.549999999999942,-3.2988702465753423,236.75112975342628,False,carry_gated
2021-08-31 21:00:00+00:00,2021-09-01 21:00:00+00:00,2021-10-03 21:00:00+00:00,JPY,USD_JPY,1,-1,0.22302789492312527,0.003126689480910873,2021-09-01 21:00:00+00:00,2021-10-03 21:00:00+00:00,110.026,110.898,-87.19999999999999,1.999999999999602,-14.096653500000006,-103.2966534999996,False,carry_gated
2021-08-31 21:00:00+00:00,2021-09-01 21:00:00+00:00,2021-10-03 21:00:00+00:00,AUD,AUD_USD,1,1,0.13212328889232242,0.0052779413746969865,2021-09-01 21:00:00+00:00,2021-10-03 21:00:00+00:00,0.7368,0.72596,-108.39999999999961,9.100000000000218,-6.459430849315066,-123.9594308493149,False,carry_gated
2021-08-31 21:00:00+00:00,2021-09-01 21:00:00+00:00,2021-10-03 21:00:00+00:00,NZD,NZD_USD,1,1,0.11851874606592308,0.00588378628827168,2021-09-01 21:00:00+00:00,2021-10-03 21:00:00+00:00,0.70676,0.69396,-128.00000000000034,13.949999999999797,-4.19431989041096,-146.14431989041108,False,carry_gated
2021-08-31 21:00:00+00:00,2021-09-01 21:00:00+00:00,2021-10-03 21:00:00+00:00,CAD,CAD_JPY,-1,-1,0.11177022728345302,0.006239040484702214,2021-09-01 21:00:00+00:00,2021-10-03 21:00:00+00:00,87.178,87.702,-52.40000000000009,2.7000000000001023,-9.718375657726028,-64.81837565772622,False,carry_gated
2021-08-31 21:00:00+00:00,2021-09-01 21:00:00+00:00,2021-10-03 21:00:00+00:00,CHF,CHF_JPY,-1,-1,0.190329142644805,0.0036638581108265453,2021-09-01 21:00:00+00:00,2021-10-03 21:00:00+00:00,120.188,118.876,131.19999999999976,9.399999999999409,-0.9994838195231581,120.80051618047719,False,carry_gated
2021-09-30 21:00:00+00:00,2021-10-03 21:00:00+00:00,2021-11-01 21:00:00+00:00,EUR,EUR_USD,-1,-1,0.23866271872321784,0.0027693121478485827,2021-10-03 21:00:00+00:00,2021-11-01 21:00:00+00:00,1.1598,1.16042,-6.200000000000649,3.8500000000007972,-3.1859811506849316,-13.235981150686378,False,carry_gated
2021-09-30 21:00:00+00:00,2021-10-03 21:00:00+00:00,2021-11-01 21:00:00+00:00,JPY,USD_JPY,1,-1,0.20029485161093738,0.0032997930844603173,2021-10-03 21:00:00+00:00,2021-11-01 21:00:00+00:00,110.898,113.985,-308.70000000000033,2.0000000000003126,-13.69845799726028,-324.3984579972609,False,carry_gated
2021-09-30 21:00:00+00:00,2021-10-03 21:00:00+00:00,2021-11-01 21:00:00+00:00,AUD,AUD_USD,1,1,0.12443904015596723,0.0053112878833715665,2021-10-03 21:00:00+00:00,2021-11-01 21:00:00+00:00,0.72596,0.75212,261.5999999999996,7.750000000000257,-6.245895945205476,247.60410405479388,False,carry_gated
2021-09-30 21:00:00+00:00,2021-10-03 21:00:00+00:00,2021-11-01 21:00:00+00:00,NZD,NZD_USD,1,1,0.11160582873783055,0.005922016561978572,2021-10-03 21:00:00+00:00,2021-11-01 21:00:00+00:00,0.69396,0.71893,249.69999999999936,11.700000000000044,-3.603614630136987,234.39638536986234,False,carry_gated
2021-09-30 21:00:00+00:00,2021-10-03 21:00:00+00:00,2021-11-01 21:00:00+00:00,CAD,CAD_JPY,-1,-1,0.10771452527065309,0.0061359558011146705,2021-10-03 21:00:00+00:00,2021-11-01 21:00:00+00:00,87.702,92.162,-446.0000000000008,8.35000000000008,-9.53709107162426,-463.88709107162515,False,carry_gated
2021-09-30 21:00:00+00:00,2021-10-03 21:00:00+00:00,2021-11-01 21:00:00+00:00,CHF,CHF_JPY,-1,-1,0.21728303550139386,0.0030418001325949657,2021-10-03 21:00:00+00:00,2021-11-01 21:00:00+00:00,118.876,125.39,-651.3999999999995,10.199999999999676,-2.510917743279161,-664.1109177432784,False,carry_gated
2021-10-31 21:00:00+00:00,2021-11-01 21:00:00+00:00,2021-12-01 22:00:00+00:00,EUR,EUR_USD,-1,-1,0.21660329268960457,0.003041092114963518,2021-11-01 21:00:00+00:00,2021-12-01 22:00:00+00:00,1.16042,1.13188,285.4000000000001,1.80000000000069,-3.5152410136986303,280.08475898630076,False,carry_gated
2021-10-31 21:00:00+00:00,2021-11-01 21:00:00+00:00,2021-12-01 22:00:00+00:00,JPY,USD_JPY,1,-1,0.20620485491792492,0.0031944474136444364,2021-11-01 21:00:00+00:00,2021-12-01 22:00:00+00:00,113.985,112.764,122.10000000000036,1.8000000000000682,-15.263273100000005,105.03672690000029,False,carry_gated
2021-10-31 21:00:00+00:00,2021-11-01 21:00:00+00:00,2021-12-01 22:00:00+00:00,AUD,AUD_USD,1,1,0.127221695441008,0.00517765907135652,2021-11-01 21:00:00+00:00,2021-12-01 22:00:00+00:00,0.75212,0.71062,-414.9999999999998,1.9000000000002348,-6.89222034246575,-423.7922203424658,False,carry_gated
2021-10-31 21:00:00+00:00,2021-11-01 21:00:00+00:00,2021-12-01 22:00:00+00:00,NZD,NZD_USD,1,1,0.12015632030900543,0.0054821133318621006,2021-11-01 21:00:00+00:00,2021-12-01 22:00:00+00:00,0.71893,0.6809,-380.30000000000007,2.7500000000002522,-3.436404410958904,-386.4864044109592,False,carry_gated
2021-10-31 21:00:00+00:00,2021-11-01 21:00:00+00:00,2021-12-01 22:00:00+00:00,CAD,CAD_JPY,-1,-1,0.12767728670213874,0.005159183614312015,2021-11-01 21:00:00+00:00,2021-12-01 22:00:00+00:00,92.162,87.94,422.20000000000084,8.050000000000068,-10.635357523248526,403.5146424767523,False,carry_gated
2021-10-31 21:00:00+00:00,2021-11-01 21:00:00+00:00,2021-12-01 22:00:00+00:00,CHF,CHF_JPY,-1,-1,0.20213654994031838,0.003258740518070475,2021-11-01 21:00:00+00:00,2021-12-01 22:00:00+00:00,125.39,122.578,281.19999999999976,3.750000000000142,-3.472579599291733,273.97742040070784,False,carry_gated
2021-11-30 22:00:00+00:00,2021-12-01 22:00:00+00:00,2022-01-02 22:00:00+00:00,EUR,EUR_USD,-1,-1,0.20172372430670965,0.003605676049186938,2021-12-01 22:00:00+00:00,2022-01-02 22:00:00+00:00,1.13188,1.13725,-53.70000000000097,1.7499999999992522,-3.295734438356164,-58.745734438356386,False,carry_gated
2021-11-30 22:00:00+00:00,2021-12-01 22:00:00+00:00,2022-01-02 22:00:00+00:00,JPY,USD_JPY,1,-1,0.17172090588607877,0.004235654345825679,2021-12-01 22:00:00+00:00,2022-01-02 22:00:00+00:00,112.764,115.118,-235.39999999999992,1.5999999999991132,-14.152143397260271,-251.1521433972593,False,carry_gated
2021-11-30 22:00:00+00:00,2021-12-01 22:00:00+00:00,2022-01-02 22:00:00+00:00,AUD,AUD_USD,1,1,0.15645971702356223,0.004648802996211196,2021-12-01 22:00:00+00:00,2022-01-02 22:00:00+00:00,0.71062,0.72636,157.39999999999975,1.5500000000001624,-6.461337410958901,149.3886625890407,False,carry_gated
2021-11-30 22:00:00+00:00,2021-12-01 22:00:00+00:00,2022-01-02 22:00:00+00:00,NZD,NZD_USD,1,1,0.13732735528044407,0.00529647133886856,2021-12-01 22:00:00+00:00,2022-01-02 22:00:00+00:00,0.6809,0.68364,27.400000000000755,2.7500000000002522,-2.6722380821917806,21.97776191780872,False,carry_gated
2021-11-30 22:00:00+00:00,2021-12-01 22:00:00+00:00,2022-01-02 22:00:00+00:00,CAD,CAD_JPY,-1,-1,0.11879975399336588,0.006122490803525648,2021-12-01 22:00:00+00:00,2022-01-02 22:00:00+00:00,87.94,91.081,-314.10000000000053,2.5500000000000966,-9.501434277886485,-326.1514342778871,False,carry_gated
2021-11-30 22:00:00+00:00,2021-12-01 22:00:00+00:00,2022-01-02 22:00:00+00:00,CHF,CHF_JPY,-1,-1,0.21396854350983946,0.003399333328882731,2021-12-01 22:00:00+00:00,2022-01-02 22:00:00+00:00,122.578,126.268,-368.9999999999998,3.9999999999999147,-2.7082581823257943,-375.70825818232544,False,carry_gated
2021-12-30 22:00:00+00:00,2022-01-02 22:00:00+00:00,2022-02-01 22:00:00+00:00,EUR,EUR_USD,-1,-1,0.1823324815922598,0.0038915210304249536,2022-01-02 22:00:00+00:00,2022-02-01 22:00:00+00:00,1.13725,1.12712,101.30000000000194,1.749999999998142,-3.292598630136987,96.25740136986681,False,carry_gated
2021-12-30 22:00:00+00:00,2022-01-02 22:00:00+00:00,2022-02-01 22:00:00+00:00,GBP,GBP_USD,1,1,0.18234327030990846,0.003891290780514717,2022-01-02 22:00:00+00:00,2022-02-01 22:00:00+00:00,1.35315,1.35206,-10.900000000000354,5.999999999999339,-10.8628170969863,-27.76281709698599,False,carry_gated
2021-12-30 22:00:00+00:00,2022-01-02 22:00:00+00:00,2022-02-01 22:00:00+00:00,JPY,USD_JPY,1,-1,0.1799625053508409,0.003942769552260705,2022-01-02 22:00:00+00:00,2022-02-01 22:00:00+00:00,115.118,114.704,41.40000000000015,1.6999999999995907,-14.07578929863014,25.624210701370416,False,carry_gated
2021-12-30 22:00:00+00:00,2022-01-02 22:00:00+00:00,2022-02-01 22:00:00+00:00,NZD,NZD_USD,1,1,0.13840014505526158,0.005126805946356012,2022-01-02 22:00:00+00:00,2022-02-01 22:00:00+00:00,0.68364,0.6637,-199.4000000000007,2.749999999999697,-2.3112515342465754,-204.46125153424694,False,carry_gated
2021-12-30 22:00:00+00:00,2022-01-02 22:00:00+00:00,2022-02-01 22:00:00+00:00,CAD,CAD_JPY,-1,-1,0.11162943738595892,0.006356304423470105,2022-01-02 22:00:00+00:00,2022-02-01 22:00:00+00:00,91.081,90.428,65.30000000000058,2.6499999999998636,-9.588628379461424,53.06137162053929,False,carry_gated
2021-12-30 22:00:00+00:00,2022-01-02 22:00:00+00:00,2022-02-01 22:00:00+00:00,CHF,CHF_JPY,-1,-1,0.20533216030577028,0.003455623734680542,2022-01-02 22:00:00+00:00,2022-02-01 22:00:00+00:00,126.268,124.446,182.20000000000027,4.449999999999932,-2.6781235081782166,175.07187649182214,False,carry_gated
2022-01-31 22:00:00+00:00,2022-02-01 22:00:00+00:00,2022-03-01 22:00:00+00:00,EUR,EUR_USD,-1,-1,0.17389098540934242,0.0041191826465037185,2022-02-01 22:00:00+00:00,2022-03-01 22:00:00+00:00,1.12712,1.11253,145.8999999999988,1.7499999999992522,-3.073092054794521,141.07690794520502,False,carry_gated
2022-01-31 22:00:00+00:00,2022-02-01 22:00:00+00:00,2022-03-01 22:00:00+00:00,GBP,GBP_USD,1,1,0.20443221085845728,0.0035037958376213586,2022-02-01 22:00:00+00:00,2022-03-01 22:00:00+00:00,1.35206,1.33262,-194.40000000000123,5.999999999999339,-7.859581269041099,-208.25958126904166,False,carry_gated
2022-01-31 22:00:00+00:00,2022-02-01 22:00:00+00:00,2022-03-01 22:00:00+00:00,JPY,USD_JPY,1,-1,0.17873618474555705,0.0040075194091296045,2022-02-01 22:00:00+00:00,2022-03-01 22:00:00+00:00,114.704,114.912,-20.800000000001262,1.7499999999998295,-13.10893332876713,-35.65893332876822,False,carry_gated
2022-01-31 22:00:00+00:00,2022-02-01 22:00:00+00:00,2022-03-01 22:00:00+00:00,NZD,NZD_USD,1,1,0.13875033923360397,0.005162428671800439,2022-02-01 22:00:00+00:00,2022-03-01 22:00:00+00:00,0.6637,0.67556,118.60000000000092,2.349999999999297,-1.0938986301369868,115.15610136986463,False,carry_gated
2022-01-31 22:00:00+00:00,2022-02-01 22:00:00+00:00,2022-03-01 22:00:00+00:00,CAD,CAD_JPY,-1,-1,0.11263557889608107,0.0063593469887738684,2022-02-01 22:00:00+00:00,2022-03-01 22:00:00+00:00,90.428,90.196,23.199999999999932,2.949999999999875,-8.967678339796246,11.282321660203811,False,carry_gated
2022-01-31 22:00:00+00:00,2022-02-01 22:00:00+00:00,2022-03-01 22:00:00+00:00,CHF,CHF_JPY,-1,-1,0.19155470085695825,0.0037393429985123506,2022-02-01 22:00:00+00:00,2022-03-01 22:00:00+00:00,124.446,125.137,-69.10000000000025,4.450000000000642,-2.9045563565837993,-76.45455635658469,False,carry_gated
2022-02-28 22:00:00+00:00,2022-03-01 22:00:00+00:00,2022-04-03 21:00:00+00:00,EUR,EUR_USD,-1,-1,0.0,0.0043078945967575,2022-03-01 22:00:00+00:00,2022-04-03 21:00:00+00:00,1.11253,1.10401,85.20000000000083,1.7999999999995797,-2.3675352054794514,81.03246479452179,True,carry_gated
2022-02-28 22:00:00+00:00,2022-03-01 22:00:00+00:00,2022-04-03 21:00:00+00:00,GBP,GBP_USD,1,1,0.0,0.003631543272093378,2022-03-01 22:00:00+00:00,2022-04-03 21:00:00+00:00,1.33262,1.31,-226.19999999999862,6.000000000000449,-9.020904409863016,-241.2209044098621,True,carry_gated
2022-02-28 22:00:00+00:00,2022-03-01 22:00:00+00:00,2022-04-03 21:00:00+00:00,JPY,USD_JPY,1,-1,0.0,0.0030033168700653694,2022-03-01 22:00:00+00:00,2022-04-03 21:00:00+00:00,114.912,122.626,-771.3999999999999,1.9499999999993634,-17.086005245205484,-790.4360052452047,True,carry_gated
2022-02-28 22:00:00+00:00,2022-03-01 22:00:00+00:00,2022-04-03 21:00:00+00:00,NZD,NZD_USD,1,1,0.0,0.005040750885169695,2022-03-01 22:00:00+00:00,2022-04-03 21:00:00+00:00,0.67556,0.6923,167.39999999999975,2.349999999999297,-0.5828916986301376,164.46710830137033,True,carry_gated
2022-02-28 22:00:00+00:00,2022-03-01 22:00:00+00:00,2022-04-03 21:00:00+00:00,CAD,CAD_JPY,-1,-1,0.0,0.0051269678188686175,2022-03-01 22:00:00+00:00,2022-04-03 21:00:00+00:00,90.196,97.989,-779.3000000000006,3.0999999999998806,-12.912467675902313,-795.3124676759029,True,carry_gated
2022-02-28 22:00:00+00:00,2022-03-01 22:00:00+00:00,2022-04-03 21:00:00+00:00,CHF,CHF_JPY,-1,-1,0.0,0.0036435953000120798,2022-03-01 22:00:00+00:00,2022-04-03 21:00:00+00:00,125.137,132.439,-730.1999999999992,4.5000000000001705,-3.3011955264857047,-738.001195526485,True,carry_gated
2022-03-31 21:00:00+00:00,2022-04-03 21:00:00+00:00,2022-05-01 21:00:00+00:00,EUR,EUR_USD,-1,-1,0.1512169656728302,0.005372765524866939,2022-04-03 21:00:00+00:00,2022-05-01 21:00:00+00:00,1.10401,1.05543,485.7999999999984,1.9499999999994522,-0.8780263013698625,482.9719736986291,False,carry_gated
2022-03-31 21:00:00+00:00,2022-04-03 21:00:00+00:00,2022-05-01 21:00:00+00:00,GBP,GBP_USD,1,1,0.19532457830288313,0.004159503668207725,2022-04-03 21:00:00+00:00,2022-05-01 21:00:00+00:00,1.31,1.25848,-515.2,4.300000000001525,-7.699079758904116,-527.1990797589057,False,carry_gated
2022-03-31 21:00:00+00:00,2022-04-03 21:00:00+00:00,2022-05-01 21:00:00+00:00,JPY,USD_JPY,1,-1,0.1779173380500965,0.004566465015979531,2022-04-03 21:00:00+00:00,2022-05-01 21:00:00+00:00,122.626,129.772,-714.5999999999987,2.499999999999858,-16.146228345205483,-733.246228345204,False,carry_gated
2022-03-31 21:00:00+00:00,2022-04-03 21:00:00+00:00,2022-05-01 21:00:00+00:00,NZD,NZD_USD,1,1,0.1450402740439375,0.005601570358973885,2022-04-03 21:00:00+00:00,2022-05-01 21:00:00+00:00,0.6923,0.64661,-456.90000000000003,2.4999999999997247,0.26253567123287663,-459.1374643287669,False,carry_gated
2022-03-31 21:00:00+00:00,2022-04-03 21:00:00+00:00,2022-05-01 21:00:00+00:00,CAD,CAD_JPY,-1,-1,0.14168114791417583,0.00573437829875657,2022-04-03 21:00:00+00:00,2022-05-01 21:00:00+00:00,97.989,101.03,-304.0999999999997,3.499999999999659,-13.557439210958902,-321.1574392109582,False,carry_gated
2022-03-31 21:00:00+00:00,2022-04-03 21:00:00+00:00,2022-05-01 21:00:00+00:00,CHF,CHF_JPY,-1,-1,0.18881969601607687,0.004302799533544392,2022-04-03 21:00:00+00:00,2022-05-01 21:00:00+00:00,132.439,133.83,-139.10000000000196,5.19999999999925,-3.0058023636986295,-147.30580236369983,False,carry_gated
2022-04-28 21:00:00+00:00,2022-05-01 21:00:00+00:00,2022-06-01 21:00:00+00:00,EUR,EUR_USD,-1,-1,0.0,0.005442519266105847,2022-05-01 21:00:00+00:00,2022-06-01 21:00:00+00:00,1.05543,1.06476,-93.29999999999838,2.049999999998997,3.355314794520548,-91.99468520547683,True,carry_gated
2022-04-28 21:00:00+00:00,2022-05-01 21:00:00+00:00,2022-06-01 21:00:00+00:00,GBP,GBP_USD,1,1,0.0,0.004967477780736374,2022-05-01 21:00:00+00:00,2022-06-01 21:00:00+00:00,1.25848,1.24856,-99.20000000000151,2.9000000000001247,-11.308050929315078,-113.4080509293167,True,carry_gated
2022-04-28 21:00:00+00:00,2022-05-01 21:00:00+00:00,2022-06-01 21:00:00+00:00,JPY,USD_JPY,1,-1,0.0,0.005568555433021148,2022-05-01 21:00:00+00:00,2022-06-01 21:00:00+00:00,129.772,130.129,-35.69999999999993,2.4500000000003297,-25.358883047945216,-63.508883047945474,True,carry_gated
2022-04-28 21:00:00+00:00,2022-05-01 21:00:00+00:00,2022-06-01 21:00:00+00:00,NZD,NZD_USD,1,1,0.0,0.0059353172696979305,2022-05-01 21:00:00+00:00,2022-06-01 21:00:00+00:00,0.64661,0.64848,18.69999999999927,2.4000000000001798,0.3813018082191778,16.68130180821827,True,carry_gated
2022-04-28 21:00:00+00:00,2022-05-01 21:00:00+00:00,2022-06-01 21:00:00+00:00,CAD,CAD_JPY,-1,-1,0.0,0.0068056492472361564,2022-05-01 21:00:00+00:00,2022-06-01 21:00:00+00:00,101.03,102.824,-179.3999999999997,3.649999999998954,-18.953807115621778,-202.00380711562042,True,carry_gated
2022-04-28 21:00:00+00:00,2022-05-01 21:00:00+00:00,2022-06-01 21:00:00+00:00,CHF,CHF_JPY,-1,-1,0.0,0.005040457058757386,2022-05-01 21:00:00+00:00,2022-06-01 21:00:00+00:00,133.83,135.094,-126.39999999999816,7.4500000000000455,-3.7492748310909967,-137.5992748310892,True,carry_gated
2022-05-31 21:00:00+00:00,2022-06-01 21:00:00+00:00,2022-07-03 21:00:00+00:00,EUR,EUR_USD,-1,-1,0.0,0.006031886279753367,2022-06-01 21:00:00+00:00,2022-07-03 21:00:00+00:00,1.06476,1.04245,223.0999999999983,2.5999999999992696,7.5259397260274,228.02593972602642,True,carry_gated
2022-05-31 21:00:00+00:00,2022-06-01 21:00:00+00:00,2022-07-03 21:00:00+00:00,GBP,GBP_USD,1,1,0.0,0.006431227842285923,2022-06-01 21:00:00+00:00,2022-07-03 21:00:00+00:00,1.24856,1.21016,-383.9999999999999,3.250000000000197,-13.866897283287674,-401.11689728328776,True,carry_gated
2022-05-31 21:00:00+00:00,2022-06-01 21:00:00+00:00,2022-07-03 21:00:00+00:00,AUD,AUD_USD,1,1,0.0,0.008175286065316081,2022-06-01 21:00:00+00:00,2022-07-03 21:00:00+00:00,0.71748,0.68134,-361.4000000000006,1.9999999999997797,-9.33261924657534,-372.7326192465757,True,carry_gated
2022-05-31 21:00:00+00:00,2022-06-01 21:00:00+00:00,2022-07-03 21:00:00+00:00,NZD,NZD_USD,1,1,0.0,0.00719765733777812,2022-06-01 21:00:00+00:00,2022-07-03 21:00:00+00:00,0.64848,0.61928,-291.9999999999989,2.6500000000001522,0.24534583561643816,-294.40465416438263,True,carry_gated
2022-05-31 21:00:00+00:00,2022-06-01 21:00:00+00:00,2022-07-03 21:00:00+00:00,CAD,CAD_JPY,-1,-1,0.0,0.0076363796993056164,2022-06-01 21:00:00+00:00,2022-07-03 21:00:00+00:00,102.824,105.044,-221.9999999999999,3.8499999999991985,-21.687808430264823,-247.5378084302639,True,carry_gated
2022-05-31 21:00:00+00:00,2022-06-01 21:00:00+00:00,2022-07-03 21:00:00+00:00,CHF,CHF_JPY,-1,-1,0.0,0.006326266899349292,2022-06-01 21:00:00+00:00,2022-07-03 21:00:00+00:00,135.094,140.752,-565.8000000000015,10.300000000000864,-6.568792935078271,-582.6687929350807,True,carry_gated
2022-06-30 21:00:00+00:00,2022-07-03 21:00:00+00:00,2022-08-01 21:00:00+00:00,EUR,EUR_USD,-1,-1,0.0,0.005803110681926445,2022-07-03 21:00:00+00:00,2022-08-01 21:00:00+00:00,1.04245,1.02612,163.30000000000177,2.60000000000038,10.219598986301374,170.91959898630276,True,carry_gated
2022-06-30 21:00:00+00:00,2022-07-03 21:00:00+00:00,2022-08-01 21:00:00+00:00,GBP,GBP_USD,1,1,0.0,0.007535324621059815,2022-07-03 21:00:00+00:00,2022-08-01 21:00:00+00:00,1.21016,1.22571,155.50000000000173,3.1000000000003247,-16.620643572602738,135.77935642739865,True,carry_gated
2022-06-30 21:00:00+00:00,2022-07-03 21:00:00+00:00,2022-08-01 21:00:00+00:00,JPY,USD_JPY,-1,1,0.0,0.007026545365133322,2022-07-03 21:00:00+00:00,2022-08-01 21:00:00+00:00,135.315,131.638,-367.69999999999925,3.300000000001546,7.420996900000003,-363.5790031000008,True,carry_gated
2022-06-30 21:00:00+00:00,2022-07-03 21:00:00+00:00,2022-08-01 21:00:00+00:00,AUD,AUD_USD,1,1,0.0,0.008831526994054704,2022-07-03 21:00:00+00:00,2022-08-01 21:00:00+00:00,0.68134,0.70218,208.4000000000008,2.0999999999998797,-8.343113753424658,197.95688624657626,True,carry_gated
2022-06-30 21:00:00+00:00,2022-07-03 21:00:00+00:00,2022-08-01 21:00:00+00:00,NZD,NZD_USD,1,1,0.0,0.007592406334746909,2022-07-03 21:00:00+00:00,2022-08-01 21:00:00+00:00,0.61928,0.63323,139.49999999999906,3.2999999999999696,-0.05313221917808453,136.146867780821,True,carry_gated
2022-06-30 21:00:00+00:00,2022-07-03 21:00:00+00:00,2022-08-01 21:00:00+00:00,CHF,CHF_JPY,-1,-1,0.0,0.007142796183735869,2022-07-03 21:00:00+00:00,2022-08-01 21:00:00+00:00,140.752,138.72,203.20000000000107,7.050000000000978,-12.161146823147568,183.98885317685253,True,carry_gated
2022-07-31 21:00:00+00:00,2022-08-01 21:00:00+00:00,2022-09-01 21:00:00+00:00,EUR,EUR_USD,-1,-1,0.0,0.006376684151593552,2022-08-01 21:00:00+00:00,2022-09-01 21:00:00+00:00,1.02612,0.99448,316.3999999999989,6.050000000000222,14.487433972602748,324.8374339726014,True,carry_gated
2022-07-31 21:00:00+00:00,2022-08-01 21:00:00+00:00,2022-09-01 21:00:00+00:00,GBP,GBP_USD,1,1,0.0,0.007329545342514507,2022-08-01 21:00:00+00:00,2022-09-01 21:00:00+00:00,1.22571,1.15444,-712.7000000000016,7.249999999998646,-21.93345648328768,-741.883456483288,True,carry_gated
2022-07-31 21:00:00+00:00,2022-08-01 21:00:00+00:00,2022-09-01 21:00:00+00:00,JPY,USD_JPY,-1,1,0.0,0.007018659782446456,2022-08-01 21:00:00+00:00,2022-09-01 21:00:00+00:00,131.638,140.174,853.6000000000001,6.450000000000955,18.398674254794525,865.5486742547937,True,carry_gated
2022-07-31 21:00:00+00:00,2022-08-01 21:00:00+00:00,2022-09-01 21:00:00+00:00,AUD,AUD_USD,1,1,0.0,0.008457256611743279,2022-08-01 21:00:00+00:00,2022-09-01 21:00:00+00:00,0.70218,0.6788,-233.80000000000067,3.9000000000000146,-10.423172506849312,-248.12317250684998,True,carry_gated
2022-07-31 21:00:00+00:00,2022-08-01 21:00:00+00:00,2022-09-01 21:00:00+00:00,NZD,NZD_USD,1,1,0.0,0.007143304036114237,2022-08-01 21:00:00+00:00,2022-09-01 21:00:00+00:00,0.63323,0.60792,-253.09999999999943,3.7999999999999146,-2.2690583013698657,-259.1690583013692,True,carry_gated
2022-07-31 21:00:00+00:00,2022-08-01 21:00:00+00:00,2022-09-01 21:00:00+00:00,CHF,CHF_JPY,-1,-1,0.0,0.006939655861450489,2022-08-01 21:00:00+00:00,2022-09-01 21:00:00+00:00,138.72,142.791,-407.0999999999998,11.300000000001376,-15.55778948952366,-433.9577894895248,True,carry_gated
2022-08-31 21:00:00+00:00,2022-09-01 21:00:00+00:00,2022-10-02 21:00:00+00:00,EUR,EUR_USD,-1,-1,0.0,0.005958782561349347,2022-09-01 21:00:00+00:00,2022-10-02 21:00:00+00:00,0.99448,0.97969,147.9000000000008,5.850000000000022,10.379525205479455,152.42952520548025,True,carry_gated
2022-08-31 21:00:00+00:00,2022-09-01 21:00:00+00:00,2022-10-02 21:00:00+00:00,GBP,GBP_USD,1,1,0.0,0.006487107991800154,2022-09-01 21:00:00+00:00,2022-10-02 21:00:00+00:00,1.15444,1.117,-374.3999999999992,7.399999999998519,-19.32784001863014,-401.1278400186278,True,carry_gated
2022-08-31 21:00:00+00:00,2022-09-01 21:00:00+00:00,2022-10-02 21:00:00+00:00,JPY,USD_JPY,-1,1,0.0,0.007409679405029542,2022-09-01 21:00:00+00:00,2022-10-02 21:00:00+00:00,140.174,144.75,457.59999999999934,6.049999999999045,19.551976279452063,471.10197627945234,True,carry_gated
2022-08-31 21:00:00+00:00,2022-09-01 21:00:00+00:00,2022-10-02 21:00:00+00:00,AUD,AUD_USD,1,1,0.0,0.008118474319974209,2022-09-01 21:00:00+00:00,2022-10-02 21:00:00+00:00,0.6788,0.64062,-381.7999999999999,3.750000000000142,-8.087634493150686,-393.63763449315076,True,carry_gated
2022-08-31 21:00:00+00:00,2022-09-01 21:00:00+00:00,2022-10-02 21:00:00+00:00,NZD,NZD_USD,1,1,0.0,0.007045264999033324,2022-09-01 21:00:00+00:00,2022-10-02 21:00:00+00:00,0.60792,0.56013,-477.9,3.4000000000000696,-1.4361326301369863,-482.73613263013704,True,carry_gated
2022-08-31 21:00:00+00:00,2022-09-01 21:00:00+00:00,2022-10-02 21:00:00+00:00,CHF,CHF_JPY,-1,-1,0.0,0.006091751384448356,2022-09-01 21:00:00+00:00,2022-10-02 21:00:00+00:00,142.791,146.85,-405.89999999999975,12.000000000001876,-16.821420389212328,-434.72142038921396,True,carry_gated
2022-09-29 21:00:00+00:00,2022-10-02 21:00:00+00:00,2022-11-01 21:00:00+00:00,EUR,EUR_USD,-1,-1,0.0,0.006505137024112749,2022-10-02 21:00:00+00:00,2022-11-01 21:00:00+00:00,0.97969,0.98836,-86.70000000000066,2.1999999999999797,13.170394520547953,-75.72960547945267,True,carry_gated
2022-09-29 21:00:00+00:00,2022-10-02 21:00:00+00:00,2022-11-01 21:00:00+00:00,GBP,GBP_USD,1,1,0.0,0.008083826098131174,2022-10-02 21:00:00+00:00,2022-11-01 21:00:00+00:00,1.117,1.14884,318.4000000000009,2.849999999999797,-21.822184736438352,293.7278152635627,True,carry_gated
2022-09-29 21:00:00+00:00,2022-10-02 21:00:00+00:00,2022-11-01 21:00:00+00:00,JPY,USD_JPY,-1,1,0.0,0.007061816876571484,2022-10-02 21:00:00+00:00,2022-11-01 21:00:00+00:00,144.75,148.28,353.0000000000001,2.199999999999136,27.135447598630147,377.93544759863113,True,carry_gated
2022-09-29 21:00:00+00:00,2022-10-02 21:00:00+00:00,2022-11-01 21:00:00+00:00,AUD,AUD_USD,1,1,0.0,0.008244043901340693,2022-10-02 21:00:00+00:00,2022-11-01 21:00:00+00:00,0.64062,0.63956,-10.599999999999499,1.5499999999996072,-9.387909534246578,-21.537909534245685,True,carry_gated
2022-09-29 21:00:00+00:00,2022-10-02 21:00:00+00:00,2022-11-01 21:00:00+00:00,NZD,NZD_USD,1,1,0.0,0.008427943305661994,2022-10-02 21:00:00+00:00,2022-11-01 21:00:00+00:00,0.56013,0.5841,239.69999999999933,2.4999999999997247,-2.42845495890411,234.77154504109552,True,carry_gated
2022-09-29 21:00:00+00:00,2022-10-02 21:00:00+00:00,2022-11-01 21:00:00+00:00,CHF,CHF_JPY,-1,-1,0.0,0.006277487219373388,2022-10-02 21:00:00+00:00,2022-11-01 21:00:00+00:00,146.85,148.443,-159.30000000000177,5.700000000001637,-23.742225863698632,-188.74222586370203,True,carry_gated
2022-10-31 21:00:00+00:00,2022-11-01 21:00:00+00:00,2022-12-01 22:00:00+00:00,EUR,EUR_USD,-1,-1,0.0,0.0071322669062930605,2022-11-01 21:00:00+00:00,2022-12-01 22:00:00+00:00,0.98836,1.0523,-639.4,2.5999999999992696,13.342863972602744,-628.6571360273964,True,carry_gated
2022-10-31 21:00:00+00:00,2022-11-01 21:00:00+00:00,2022-12-01 22:00:00+00:00,GBP,GBP_USD,1,1,0.0,0.010021128300902711,2022-11-01 21:00:00+00:00,2022-12-01 22:00:00+00:00,1.14884,1.22598,771.3999999999999,6.050000000000777,-23.48872786410959,741.8612721358895,True,carry_gated
2022-10-31 21:00:00+00:00,2022-11-01 21:00:00+00:00,2022-12-01 22:00:00+00:00,JPY,USD_JPY,-1,1,0.0,0.0066631656232480204,2022-11-01 21:00:00+00:00,2022-12-01 22:00:00+00:00,148.28,135.293,-1298.6999999999994,3.300000000000125,38.83449361780821,-1263.1655063821913,True,carry_gated
2022-10-31 21:00:00+00:00,2022-11-01 21:00:00+00:00,2022-12-01 22:00:00+00:00,AUD,AUD_USD,1,1,0.0,0.009118322241881993,2022-11-01 21:00:00+00:00,2022-12-01 22:00:00+00:00,0.63956,0.68108,415.2,2.0999999999998797,-12.587119972602743,400.5128800273974,True,carry_gated
2022-10-31 21:00:00+00:00,2022-11-01 21:00:00+00:00,2022-12-01 22:00:00+00:00,NZD,NZD_USD,1,1,0.0,0.009698938197490393,2022-11-01 21:00:00+00:00,2022-12-01 22:00:00+00:00,0.5841,0.6363,522.0000000000002,7.749999999999702,-4.459980986301369,509.7900190136992,True,carry_gated
2022-10-31 21:00:00+00:00,2022-11-01 21:00:00+00:00,2022-12-01 22:00:00+00:00,CHF,CHF_JPY,-1,-1,0.0,0.006373335022146515,2022-11-01 21:00:00+00:00,2022-12-01 22:00:00+00:00,148.443,144.378,406.5000000000026,7.30000000000075,-25.91699877626681,373.283001223735,True,carry_gated
2022-11-30 22:00:00+00:00,2022-12-01 22:00:00+00:00,2023-01-01 22:00:00+00:00,EUR,EUR_USD,-1,-1,0.18876672057805435,0.008197724270772363,2022-12-01 22:00:00+00:00,2023-01-01 22:00:00+00:00,1.0523,1.06999,-176.89999999999984,6.249999999999867,13.358543013698636,-169.79145698630106,False,carry_gated
2022-11-30 22:00:00+00:00,2022-12-01 22:00:00+00:00,2023-01-01 22:00:00+00:00,GBP,GBP_USD,1,1,0.13007117847061128,0.011897005508768098,2022-12-01 22:00:00+00:00,2023-01-01 22:00:00+00:00,1.22598,1.20763,-183.50000000000088,9.900000000000464,-21.692410528219177,-215.0924105282205,False,carry_gated
2022-11-30 22:00:00+00:00,2022-12-01 22:00:00+00:00,2023-01-01 22:00:00+00:00,JPY,USD_JPY,-1,1,0.17770602112500355,0.008707963393701189,2022-12-01 22:00:00+00:00,2023-01-01 22:00:00+00:00,135.293,130.827,-446.6000000000008,7.150000000000034,39.6877062780822,-414.06229372191865,False,carry_gated
2022-11-30 22:00:00+00:00,2022-12-01 22:00:00+00:00,2023-01-01 22:00:00+00:00,AUD,AUD_USD,1,1,0.145549039358705,0.010631863553445505,2022-12-01 22:00:00+00:00,2023-01-01 22:00:00+00:00,0.68108,0.68194,8.599999999999719,6.800000000000139,-12.196274835616432,-10.396274835616852,False,carry_gated
2022-11-30 22:00:00+00:00,2022-12-01 22:00:00+00:00,2023-01-01 22:00:00+00:00,NZD,NZD_USD,1,1,0.14189732725376888,0.01090547339224615,2022-12-01 22:00:00+00:00,2023-01-01 22:00:00+00:00,0.6363,0.63494,-13.600000000000279,16.450000000000074,-4.434977589041096,-34.48497758904145,False,carry_gated
2022-11-30 22:00:00+00:00,2022-12-01 22:00:00+00:00,2023-01-01 22:00:00+00:00,CHF,CHF_JPY,-1,-1,0.21600971321385684,0.0071638330692323365,2022-12-01 22:00:00+00:00,2023-01-01 22:00:00+00:00,144.378,141.581,279.6999999999997,13.600000000000989,-26.576349383826166,239.52365061617255,False,carry_gated
2022-12-29 22:00:00+00:00,2023-01-01 22:00:00+00:00,2023-02-01 22:00:00+00:00,EUR,EUR_USD,-1,-1,0.0,0.007130353389726621,2023-01-01 22:00:00+00:00,2023-02-01 22:00:00+00:00,1.06999,1.09886,-288.6999999999995,5.850000000000577,14.487433972602744,-280.06256602739734,True,carry_gated
2022-12-29 22:00:00+00:00,2023-01-01 22:00:00+00:00,2023-02-01 22:00:00+00:00,GBP,GBP_USD,1,1,0.0,0.010234361472685234,2023-01-01 22:00:00+00:00,2023-02-01 22:00:00+00:00,1.20763,1.23764,300.10000000000093,6.399999999999739,-23.853307117808225,269.84669288219294,True,carry_gated
2022-12-29 22:00:00+00:00,2023-01-01 22:00:00+00:00,2023-02-01 22:00:00+00:00,JPY,USD_JPY,-1,1,0.0,0.010292620606616659,2023-01-01 22:00:00+00:00,2023-02-01 22:00:00+00:00,130.827,128.985,-184.19999999999845,6.25,47.711545421917805,-142.73845457808065,True,carry_gated
2022-12-29 22:00:00+00:00,2023-01-01 22:00:00+00:00,2023-02-01 22:00:00+00:00,AUD,AUD_USD,1,1,0.0,0.009953806064580278,2023-01-01 22:00:00+00:00,2023-02-01 22:00:00+00:00,0.68194,0.71372,317.8000000000003,6.249999999999867,-14.865461136986305,296.6845388630141,True,carry_gated
2022-12-29 22:00:00+00:00,2023-01-01 22:00:00+00:00,2023-02-01 22:00:00+00:00,NZD,NZD_USD,1,1,0.0,0.00934699355823169,2023-01-01 22:00:00+00:00,2023-02-01 22:00:00+00:00,0.63494,0.65011,151.70000000000016,10.949999999999571,-4.963174356164384,135.7868256438362,True,carry_gated
2022-12-29 22:00:00+00:00,2023-01-01 22:00:00+00:00,2023-02-01 22:00:00+00:00,CHF,CHF_JPY,-1,-1,0.0,0.008217849285176111,2023-01-01 22:00:00+00:00,2023-02-01 22:00:00+00:00,141.581,141.875,-29.400000000001114,11.400000000000432,-33.91257030056262,-74.71257030056417,True,carry_gated
2023-01-31 22:00:00+00:00,2023-02-01 22:00:00+00:00,2023-03-01 22:00:00+00:00,EUR,EUR_USD,-1,-1,0.22699317133584512,0.006121011336504603,2023-02-01 22:00:00+00:00,2023-03-01 22:00:00+00:00,1.09886,1.0669,319.59999999999985,1.8499999999999073,10.715056684931511,328.4650566849315,False,carry_gated
2023-01-31 22:00:00+00:00,2023-02-01 22:00:00+00:00,2023-03-01 22:00:00+00:00,GBP,GBP_USD,1,1,0.16977282241829564,0.008184041210273874,2023-02-01 22:00:00+00:00,2023-03-01 22:00:00+00:00,1.23764,1.20316,-344.80000000000064,2.349999999999852,-18.251723649315075,-365.40172364931556,False,carry_gated
2023-01-31 22:00:00+00:00,2023-02-01 22:00:00+00:00,2023-03-01 22:00:00+00:00,JPY,USD_JPY,-1,1,0.13126122564366322,0.01058521104189397,2023-02-01 22:00:00+00:00,2023-03-01 22:00:00+00:00,128.985,136.178,719.2999999999984,2.250000000000796,43.562676783561656,760.6126767835592,False,carry_gated
2023-01-31 22:00:00+00:00,2023-02-01 22:00:00+00:00,2023-03-01 22:00:00+00:00,AUD,AUD_USD,1,1,0.14684398342660282,0.00946193192688973,2023-02-01 22:00:00+00:00,2023-03-01 22:00:00+00:00,0.71372,0.676,-377.19999999999976,1.5500000000001624,-12.876917342465752,-391.6269173424657,False,carry_gated
2023-01-31 22:00:00+00:00,2023-02-01 22:00:00+00:00,2023-03-01 22:00:00+00:00,NZD,NZD_USD,1,1,0.16804448875193778,0.008268213884162968,2023-02-01 22:00:00+00:00,2023-03-01 22:00:00+00:00,0.65011,0.62468,-254.29999999999953,1.8499999999993522,-4.302147041095891,-260.4521470410948,False,carry_gated
2023-01-31 22:00:00+00:00,2023-02-01 22:00:00+00:00,2023-03-01 22:00:00+00:00,CHF,CHF_JPY,-1,-1,0.15708430842365542,0.008845108648971872,2023-02-01 22:00:00+00:00,2023-03-01 22:00:00+00:00,141.875,145.058,-318.2999999999993,2.7000000000001023,-29.5428358002823,-350.5428358002817,False,carry_gated
2023-02-28 22:00:00+00:00,2023-03-01 22:00:00+00:00,2023-04-02 21:00:00+00:00,EUR,EUR_USD,-1,-1,0.24383541394656505,0.004808697101585112,2023-03-01 22:00:00+00:00,2023-04-02 21:00:00+00:00,1.0669,1.08416,-172.60000000000053,1.9500000000005624,9.614388000000003,-164.9356120000011,False,carry_gated
2023-02-28 22:00:00+00:00,2023-03-01 22:00:00+00:00,2023-04-02 21:00:00+00:00,GBP,GBP_USD,1,1,0.18879806450138437,0.006210501423334537,2023-03-01 22:00:00+00:00,2023-04-02 21:00:00+00:00,1.20316,1.2329,297.400000000001,2.249999999999197,-19.367010904109602,275.7829890958922,False,carry_gated
2023-02-28 22:00:00+00:00,2023-03-01 22:00:00+00:00,2023-04-02 21:00:00+00:00,JPY,USD_JPY,-1,1,0.12490604630604529,0.009387300959280337,2023-03-01 22:00:00+00:00,2023-04-02 21:00:00+00:00,136.178,133.315,-286.29999999999995,2.250000000000796,47.62364942465755,-240.9263505753432,False,carry_gated
2023-02-28 22:00:00+00:00,2023-03-01 22:00:00+00:00,2023-04-02 21:00:00+00:00,AUD,AUD_USD,1,1,0.1434592628411597,0.008173265532577684,2023-03-01 22:00:00+00:00,2023-04-02 21:00:00+00:00,0.676,0.66867,-73.30000000000058,1.8000000000001348,-12.93792731506849,-88.03792731506921,False,carry_gated
2023-02-28 22:00:00+00:00,2023-03-01 22:00:00+00:00,2023-04-02 21:00:00+00:00,NZD,NZD_USD,1,1,0.16070378031161187,0.007296223187998835,2023-03-01 22:00:00+00:00,2023-04-02 21:00:00+00:00,0.62468,0.6259,12.199999999999989,1.9999999999997797,-4.152126657534246,6.047873342465963,False,carry_gated
2023-02-28 22:00:00+00:00,2023-03-01 22:00:00+00:00,2023-04-02 21:00:00+00:00,CHF,CHF_JPY,-1,-1,0.13829743209323375,0.008478325523196896,2023-03-01 22:00:00+00:00,2023-04-02 21:00:00+00:00,145.058,145.582,-52.40000000000009,3.499999999999659,-36.99871515179567,-92.89871515179541,False,carry_gated
2023-03-30 21:00:00+00:00,2023-04-02 21:00:00+00:00,2023-05-01 21:00:00+00:00,EUR,EUR_USD,-1,-1,0.20920242841246992,0.005527926077112535,2023-04-02 21:00:00+00:00,2023-05-01 21:00:00+00:00,1.08416,1.09738,-132.2000000000001,1.80000000000069,8.184459452054803,-125.815540547946,False,carry_gated
2023-03-30 21:00:00+00:00,2023-04-02 21:00:00+00:00,2023-05-01 21:00:00+00:00,GBP,GBP_USD,1,1,0.17932585332004805,0.00644890593300343,2023-04-02 21:00:00+00:00,2023-05-01 21:00:00+00:00,1.2329,1.24972,168.19999999999834,2.1999999999988695,-18.696443524383568,147.3035564756159,False,carry_gated
2023-03-30 21:00:00+00:00,2023-04-02 21:00:00+00:00,2023-05-01 21:00:00+00:00,JPY,USD_JPY,-1,1,0.14969953598648128,0.00772517798265584,2023-04-02 21:00:00+00:00,2023-05-01 21:00:00+00:00,133.315,137.502,418.7000000000012,2.549999999999386,48.3179390191781,464.4679390191799,False,carry_gated
2023-03-30 21:00:00+00:00,2023-04-02 21:00:00+00:00,2023-05-01 21:00:00+00:00,AUD,AUD_USD,1,1,0.14824048943879103,0.007801212501352845,2023-04-02 21:00:00+00:00,2023-05-01 21:00:00+00:00,0.66867,0.66341,-52.59999999999931,1.7499999999998073,-13.115237547945208,-67.46523754794433,False,carry_gated
2023-03-30 21:00:00+00:00,2023-04-02 21:00:00+00:00,2023-05-01 21:00:00+00:00,NZD,NZD_USD,1,1,0.16387072263092525,0.007057121252959665,2023-04-02 21:00:00+00:00,2023-05-01 21:00:00+00:00,0.6259,0.61683,-90.70000000000022,2.0999999999998797,-3.4160891506849307,-96.21608915068502,False,carry_gated
2023-03-30 21:00:00+00:00,2023-04-02 21:00:00+00:00,2023-05-01 21:00:00+00:00,CHF,CHF_JPY,-1,-1,0.1496609702112844,0.007727168665176569,2023-04-02 21:00:00+00:00,2023-05-01 21:00:00+00:00,145.582,153.983,-840.100000000001,3.699999999999193,-37.1317529953767,-880.9317529953769,False,carry_gated
2023-04-30 21:00:00+00:00,2023-05-01 21:00:00+00:00,2023-06-01 21:00:00+00:00,EUR,EUR_USD,-1,-1,0.2034091701100408,0.005300029592167955,2023-05-01 21:00:00+00:00,2023-06-01 21:00:00+00:00,1.09738,1.07643,209.50000000000023,2.100000000000435,9.62693123287671,217.0269312328765,False,carry_gated
2023-04-30 21:00:00+00:00,2023-05-01 21:00:00+00:00,2023-06-01 21:00:00+00:00,GBP,GBP_USD,1,1,0.17747085735604123,0.006074657197033275,2023-05-01 21:00:00+00:00,2023-06-01 21:00:00+00:00,1.24972,1.25314,34.19999999999978,7.949999999999902,-21.799130082191773,4.450869917808106,False,carry_gated
2023-04-30 21:00:00+00:00,2023-05-01 21:00:00+00:00,2023-06-01 21:00:00+00:00,JPY,USD_JPY,-1,1,0.1562339659122776,0.0069003856786613235,2023-05-01 21:00:00+00:00,2023-06-01 21:00:00+00:00,137.502,138.822,131.99999999999932,3.149999999999409,58.71674576575345,187.56674576575335,False,carry_gated
2023-04-30 21:00:00+00:00,2023-05-01 21:00:00+00:00,2023-06-01 21:00:00+00:00,AUD,AUD_USD,1,1,0.14944227876094515,0.007213986763585692,2023-05-01 21:00:00+00:00,2023-06-01 21:00:00+00:00,0.66341,0.65691,-65.00000000000061,2.249999999999752,-14.867367698630137,-82.1173676986305,False,carry_gated
2023-04-30 21:00:00+00:00,2023-05-01 21:00:00+00:00,2023-06-01 21:00:00+00:00,NZD,NZD_USD,1,1,0.1584097291959016,0.006805608635113011,2023-05-01 21:00:00+00:00,2023-06-01 21:00:00+00:00,0.61683,0.607,-98.30000000000005,3.5000000000001696,-4.084930027397259,-105.88493002739749,False,carry_gated
2023-04-30 21:00:00+00:00,2023-05-01 21:00:00+00:00,2023-06-01 21:00:00+00:00,CHF,CHF_JPY,-1,-1,0.15503399866479362,0.006953794846203368,2023-05-01 21:00:00+00:00,2023-06-01 21:00:00+00:00,153.983,153.272,71.10000000000127,3.09999999999917,-42.971793145750304,25.0282068542518,False,carry_gated
2023-05-31 21:00:00+00:00,2023-06-01 21:00:00+00:00,2023-07-02 21:00:00+00:00,GBP,GBP_USD,1,1,0.20892834046666606,0.005245481617964087,2023-06-01 21:00:00+00:00,2023-07-02 21:00:00+00:00,1.25314,1.26958,164.4000000000001,7.899999999999574,-17.01183847013699,139.48816152986353,False,carry_gated
2023-05-31 21:00:00+00:00,2023-06-01 21:00:00+00:00,2023-07-02 21:00:00+00:00,JPY,USD_JPY,-1,1,0.16782891802540714,0.006530041319957322,2023-06-01 21:00:00+00:00,2023-07-02 21:00:00+00:00,138.822,144.403,558.0999999999989,3.100000000000591,52.11921894109589,607.1192189410942,False,carry_gated
2023-05-31 21:00:00+00:00,2023-06-01 21:00:00+00:00,2023-07-02 21:00:00+00:00,AUD,AUD_USD,1,1,0.16302715409364965,0.006722375640318733,2023-06-01 21:00:00+00:00,2023-07-02 21:00:00+00:00,0.65691,0.66637,94.60000000000024,2.449999999999952,-12.0284974109589,80.12150258904138,False,carry_gated
2023-05-31 21:00:00+00:00,2023-06-01 21:00:00+00:00,2023-07-02 21:00:00+00:00,NZD,NZD_USD,1,1,0.15137255075746597,0.007239950465957156,2023-06-01 21:00:00+00:00,2023-07-02 21:00:00+00:00,0.607,0.61292,59.20000000000036,3.450000000000397,-3.6973773698630166,52.05262263013694,False,carry_gated
2023-05-31 21:00:00+00:00,2023-06-01 21:00:00+00:00,2023-07-02 21:00:00+00:00,CAD,CAD_JPY,-1,-1,0.14831452378752097,0.007389227578006418,2023-06-01 21:00:00+00:00,2023-07-02 21:00:00+00:00,103.209,108.993,-578.3999999999992,6.000000000000227,-50.54394833036112,-634.9439483303605,False,carry_gated
2023-05-31 21:00:00+00:00,2023-06-01 21:00:00+00:00,2023-07-02 21:00:00+00:00,CHF,CHF_JPY,-1,-1,0.16052851286929026,0.00682701004202285,2023-06-01 21:00:00+00:00,2023-07-02 21:00:00+00:00,153.272,161.169,-789.700000000002,3.7499999999994316,-40.17433531443035,-833.6243353144317,False,carry_gated
2023-06-29 21:00:00+00:00,2023-07-02 21:00:00+00:00,2023-08-01 21:00:00+00:00,GBP,GBP_USD,1,1,0.2109470228745517,0.004416244228139739,2023-07-02 21:00:00+00:00,2023-08-01 21:00:00+00:00,1.26958,1.27736,77.80000000000119,1.9000000000002348,-14.14898639671233,61.75101360328863,False,carry_gated
2023-06-29 21:00:00+00:00,2023-07-02 21:00:00+00:00,2023-08-01 21:00:00+00:00,JPY,USD_JPY,-1,1,0.17322819320292338,0.005377840379144928,2023-07-02 21:00:00+00:00,2023-08-01 21:00:00+00:00,144.403,143.348,-105.49999999999784,2.5000000000005684,54.15725188767126,-53.84274811232715,False,carry_gated
2023-06-29 21:00:00+00:00,2023-07-02 21:00:00+00:00,2023-08-01 21:00:00+00:00,AUD,AUD_USD,1,1,0.1498995454325204,0.006214785838909508,2023-07-02 21:00:00+00:00,2023-08-01 21:00:00+00:00,0.66637,0.66132,-50.499999999999986,1.7000000000000348,-12.37167850684932,-64.57167850684934,False,carry_gated
2023-06-29 21:00:00+00:00,2023-07-02 21:00:00+00:00,2023-08-01 21:00:00+00:00,NZD,NZD_USD,1,1,0.1333482705690777,0.006986169136182474,2023-07-02 21:00:00+00:00,2023-08-01 21:00:00+00:00,0.61292,0.61472,18.000000000000238,1.60000000000049,-4.531865753424656,11.868134246575094,False,carry_gated
2023-06-29 21:00:00+00:00,2023-07-02 21:00:00+00:00,2023-08-01 21:00:00+00:00,CAD,CAD_JPY,-1,-1,0.1432037656983602,0.006505370635121976,2023-07-02 21:00:00+00:00,2023-08-01 21:00:00+00:00,108.993,107.91,108.29999999999984,3.149999999999409,-54.19528309911331,50.95471690088712,False,carry_gated
2023-06-29 21:00:00+00:00,2023-07-02 21:00:00+00:00,2023-08-01 21:00:00+00:00,CHF,CHF_JPY,-1,-1,0.18937320222256657,0.004919352692352516,2023-07-02 21:00:00+00:00,2023-08-01 21:00:00+00:00,161.169,163.8,-263.1,4.449999999999932,-43.40833260563511,-310.95833260563506,False,carry_gated
2023-07-31 21:00:00+00:00,2023-08-01 21:00:00+00:00,2023-09-03 21:00:00+00:00,EUR,EUR_USD,-1,-1,0.21282872860566532,0.0042947103200242755,2023-08-01 21:00:00+00:00,2023-09-03 21:00:00+00:00,1.09831,1.07784,204.69999999999987,1.7500000000003624,6.726308630136989,209.6763086301365,False,carry_gated
2023-07-31 21:00:00+00:00,2023-08-01 21:00:00+00:00,2023-09-03 21:00:00+00:00,GBP,GBP_USD,1,1,0.190691307882425,0.004793284745332845,2023-08-01 21:00:00+00:00,2023-09-03 21:00:00+00:00,1.27736,1.25964,-177.19999999999956,2.1999999999999797,-15.482081396164387,-194.88208139616393,False,carry_gated
2023-07-31 21:00:00+00:00,2023-08-01 21:00:00+00:00,2023-09-03 21:00:00+00:00,JPY,USD_JPY,-1,1,0.1637369945243642,0.005582353210986703,2023-08-01 21:00:00+00:00,2023-09-03 21:00:00+00:00,143.348,146.104,275.6,2.7000000000001023,63.002341510958935,335.9023415109589,False,carry_gated
2023-07-31 21:00:00+00:00,2023-08-01 21:00:00+00:00,2023-09-03 21:00:00+00:00,AUD,AUD_USD,1,1,0.13034413372300965,0.007012496159457321,2023-08-01 21:00:00+00:00,2023-09-03 21:00:00+00:00,0.66132,0.64462,-167.00000000000048,1.9500000000000073,-14.974135150684939,-183.92413515068543,False,carry_gated
2023-07-31 21:00:00+00:00,2023-08-01 21:00:00+00:00,2023-09-03 21:00:00+00:00,NZD,NZD_USD,1,1,0.1258827947139702,0.007261021962669842,2023-08-01 21:00:00+00:00,2023-09-03 21:00:00+00:00,0.61472,0.59433,-203.90000000000018,1.5500000000001624,-5.1975812054794535,-210.64758120547978,False,carry_gated
2023-07-31 21:00:00+00:00,2023-08-01 21:00:00+00:00,2023-09-03 21:00:00+00:00,CHF,CHF_JPY,-1,-1,0.17651604055056572,0.00517821346031471,2023-08-01 21:00:00+00:00,2023-09-03 21:00:00+00:00,163.8,165.001,-120.09999999999934,4.699999999999704,-48.89364174487863,-173.69364174487768,False,carry_gated
2023-08-31 21:00:00+00:00,2023-09-03 21:00:00+00:00,2023-10-01 21:00:00+00:00,GBP,GBP_USD,1,1,0.19940538896817642,0.004655761707254282,2023-09-03 21:00:00+00:00,2023-10-01 21:00:00+00:00,1.25964,1.21928,-403.6000000000017,2.449999999998287,-12.892103916712335,-418.94210391671237,False,carry_gated
2023-08-31 21:00:00+00:00,2023-09-03 21:00:00+00:00,2023-10-01 21:00:00+00:00,JPY,USD_JPY,-1,1,0.1678515210717582,0.005530983384900562,2023-09-03 21:00:00+00:00,2023-10-01 21:00:00+00:00,146.104,149.622,351.80000000000007,2.39999999999867,53.336001408219175,402.73600140822055,False,carry_gated
2023-08-31 21:00:00+00:00,2023-09-03 21:00:00+00:00,2023-10-01 21:00:00+00:00,AUD,AUD_USD,1,1,0.14152573010438343,0.006559824658692409,2023-09-03 21:00:00+00:00,2023-10-01 21:00:00+00:00,0.64462,0.64226,-23.599999999999177,1.9500000000000073,-12.705326794520552,-38.25532679451973,False,carry_gated
2023-08-31 21:00:00+00:00,2023-09-03 21:00:00+00:00,2023-10-01 21:00:00+00:00,NZD,NZD_USD,1,1,0.14712801305639842,0.006310042220323499,2023-09-03 21:00:00+00:00,2023-10-01 21:00:00+00:00,0.59433,0.59964,53.099999999999255,1.8999999999996797,-4.681886136986304,46.51811386301327,False,carry_gated
2023-08-31 21:00:00+00:00,2023-09-03 21:00:00+00:00,2023-10-01 21:00:00+00:00,CAD,CAD_JPY,-1,-1,0.17004249726626644,0.0054597173595047925,2023-09-03 21:00:00+00:00,2023-10-01 21:00:00+00:00,107.496,110.228,-273.19999999999993,2.7000000000001023,-51.389797097589025,-327.28979709758903,False,carry_gated
2023-08-31 21:00:00+00:00,2023-09-03 21:00:00+00:00,2023-10-01 21:00:00+00:00,CHF,CHF_JPY,-1,-1,0.17404684953301708,0.005334103873003829,2023-09-03 21:00:00+00:00,2023-10-01 21:00:00+00:00,165.001,163.368,163.30000000000098,4.099999999999682,-41.37659734178083,117.82340265822046,False,carry_gated
2023-09-28 21:00:00+00:00,2023-10-01 21:00:00+00:00,2023-11-01 21:00:00+00:00,GBP,GBP_USD,1,1,0.2048586130177457,0.004202357954117258,2023-10-01 21:00:00+00:00,2023-11-01 21:00:00+00:00,1.21928,1.21458,-46.99999999999926,2.1999999999988695,-15.173229793972599,-64.37322979397072,False,carry_gated
2023-09-28 21:00:00+00:00,2023-10-01 21:00:00+00:00,2023-11-01 21:00:00+00:00,JPY,USD_JPY,-1,1,0.16057605779404222,0.0053612551815709975,2023-10-01 21:00:00+00:00,2023-11-01 21:00:00+00:00,149.622,150.95,132.79999999999745,2.049999999999841,62.355551268493166,193.10555126849079,False,carry_gated
2023-09-28 21:00:00+00:00,2023-10-01 21:00:00+00:00,2023-11-01 21:00:00+00:00,AUD,AUD_USD,1,1,0.1390389390604861,0.006191713110742598,2023-10-01 21:00:00+00:00,2023-11-01 21:00:00+00:00,0.64226,0.63933,-29.300000000000992,1.3999999999997348,-14.865461136986307,-45.56546113698703,False,carry_gated
2023-09-28 21:00:00+00:00,2023-10-01 21:00:00+00:00,2023-11-01 21:00:00+00:00,NZD,NZD_USD,1,1,0.1540469551407892,0.005588485803550964,2023-10-01 21:00:00+00:00,2023-11-01 21:00:00+00:00,0.59964,0.58472,-149.19999999999933,1.8000000000001348,-5.692961013698633,-156.6929610136981,False,carry_gated
2023-09-28 21:00:00+00:00,2023-10-01 21:00:00+00:00,2023-11-01 21:00:00+00:00,CAD,CAD_JPY,-1,-1,0.17098247344101652,0.0050349559493390525,2023-10-01 21:00:00+00:00,2023-11-01 21:00:00+00:00,110.228,108.924,130.39999999999878,2.349999999999852,-60.32604693739726,67.72395306260168,False,carry_gated
2023-09-28 21:00:00+00:00,2023-10-01 21:00:00+00:00,2023-11-01 21:00:00+00:00,CHF,CHF_JPY,-1,-1,0.17049696154592037,0.0050492936300960845,2023-10-01 21:00:00+00:00,2023-11-01 21:00:00+00:00,163.368,166.332,-296.39999999999986,3.699999999999193,-48.074955540270835,-348.1749555402699,False,carry_gated
2023-10-31 21:00:00+00:00,2023-11-01 21:00:00+00:00,2023-12-03 22:00:00+00:00,GBP,GBP_USD,1,1,0.0,0.003929955212692181,2023-11-01 21:00:00+00:00,2023-12-03 22:00:00+00:00,1.21458,1.26984,552.6000000000008,2.049999999998997,-13.790023961643847,536.7599760383579,True,carry_gated
2023-10-31 21:00:00+00:00,2023-11-01 21:00:00+00:00,2023-12-03 22:00:00+00:00,JPY,USD_JPY,-1,1,0.0,0.004357488676885697,2023-11-01 21:00:00+00:00,2023-12-03 22:00:00+00:00,150.95,146.742,-420.79999999999984,2.1000000000015007,56.62499859863012,-366.27500140137124,True,carry_gated
2023-10-31 21:00:00+00:00,2023-11-01 21:00:00+00:00,2023-12-03 22:00:00+00:00,AUD,AUD_USD,1,1,0.0,0.005409965099727034,2023-11-01 21:00:00+00:00,2023-12-03 22:00:00+00:00,0.63933,0.6669,275.70000000000095,1.3499999999994072,-12.514670630136985,261.83532936986455,True,carry_gated
2023-10-31 21:00:00+00:00,2023-11-01 21:00:00+00:00,2023-12-03 22:00:00+00:00,NZD,NZD_USD,1,1,0.0,0.004963989765637639,2023-11-01 21:00:00+00:00,2023-12-03 22:00:00+00:00,0.58472,0.61952,347.99999999999943,1.5999999999999348,-5.075689643835617,341.3243103561639,True,carry_gated
2023-10-31 21:00:00+00:00,2023-11-01 21:00:00+00:00,2023-12-03 22:00:00+00:00,CAD,CAD_JPY,-1,-1,0.0,0.004220876826370821,2023-11-01 21:00:00+00:00,2023-12-03 22:00:00+00:00,108.924,108.664,26.00000000000051,2.9000000000003467,-54.89963218643118,-31.799632186431012,True,carry_gated
2023-10-31 21:00:00+00:00,2023-11-01 21:00:00+00:00,2023-12-03 22:00:00+00:00,CHF,CHF_JPY,-1,-1,0.0,0.004428577974950262,2023-11-01 21:00:00+00:00,2023-12-03 22:00:00+00:00,166.332,168.566,-223.4000000000009,3.8999999999987267,-43.00951955189908,-270.3095195518987,True,carry_gated
2023-11-30 22:00:00+00:00,2023-12-03 22:00:00+00:00,2024-01-01 22:00:00+00:00,GBP,GBP_USD,1,1,0.1698165065935533,0.0049808154197582485,2023-12-03 22:00:00+00:00,2024-01-01 22:00:00+00:00,1.26984,1.27264,27.999999999999137,1.8999999999991246,-13.335318631232887,12.764681368767125,False,carry_gated
2023-11-30 22:00:00+00:00,2023-12-03 22:00:00+00:00,2024-01-01 22:00:00+00:00,JPY,USD_JPY,-1,1,0.17658133611307109,0.004790000422406126,2023-12-03 22:00:00+00:00,2024-01-01 22:00:00+00:00,146.742,140.858,-588.3999999999986,1.999999999999602,54.701052880821905,-535.6989471191764,False,carry_gated
2023-11-30 22:00:00+00:00,2023-12-03 22:00:00+00:00,2024-01-01 22:00:00+00:00,AUD,AUD_USD,1,1,0.13873503657769598,0.006096691185120783,2023-12-03 22:00:00+00:00,2024-01-01 22:00:00+00:00,0.6669,0.68116,142.5999999999994,1.5499999999996072,-11.776831273972606,129.27316872602717,False,carry_gated
2023-11-30 22:00:00+00:00,2023-12-03 22:00:00+00:00,2024-01-01 22:00:00+00:00,NZD,NZD_USD,1,1,0.1385140175930512,0.006106419330465516,2023-12-03 22:00:00+00:00,2024-01-01 22:00:00+00:00,0.61952,0.63248,129.60000000000082,1.6499999999997073,-5.07412693150685,122.87587306849426,False,carry_gated
2023-11-30 22:00:00+00:00,2023-12-03 22:00:00+00:00,2024-01-01 22:00:00+00:00,CAD,CAD_JPY,-1,-1,0.17934529160007945,0.0047161799845671214,2023-12-03 22:00:00+00:00,2024-01-01 22:00:00+00:00,108.664,106.381,228.30000000000013,2.9000000000003467,-53.06318040064495,172.33681959935484,False,carry_gated
2023-11-30 22:00:00+00:00,2023-12-03 22:00:00+00:00,2024-01-01 22:00:00+00:00,CHF,CHF_JPY,-1,-1,0.1970078115225489,0.004293356024991111,2023-12-03 22:00:00+00:00,2024-01-01 22:00:00+00:00,168.566,167.603,96.29999999999939,4.14999999999992,-40.3221881800473,51.82781181995217,False,carry_gated
2023-12-28 22:00:00+00:00,2024-01-01 22:00:00+00:00,2024-02-01 22:00:00+00:00,GBP,GBP_USD,1,1,0.1903884863557791,0.005167561959538559,2024-01-01 22:00:00+00:00,2024-02-01 22:00:00+00:00,1.27264,1.27434,17.000000000000348,4.849999999999577,-15.168530756164397,-3.018530756163626,False,carry_gated
2023-12-28 22:00:00+00:00,2024-01-01 22:00:00+00:00,2024-02-01 22:00:00+00:00,JPY,USD_JPY,-1,1,0.16071928705981242,0.006121507366194997,2024-01-01 22:00:00+00:00,2024-02-01 22:00:00+00:00,140.858,146.401,554.3000000000006,6.000000000000227,62.27076270547945,610.5707627054799,False,carry_gated
2023-12-28 22:00:00+00:00,2024-01-01 22:00:00+00:00,2024-02-01 22:00:00+00:00,AUD,AUD_USD,1,1,0.1530200479045984,0.006429512427284273,2024-01-01 22:00:00+00:00,2024-02-01 22:00:00+00:00,0.68116,0.65709,-240.70000000000036,2.449999999999952,-13.40122179452055,-256.55122179452087,False,carry_gated
2023-12-28 22:00:00+00:00,2024-01-01 22:00:00+00:00,2024-02-01 22:00:00+00:00,NZD,NZD_USD,1,1,0.15829822182901168,0.006215131719476703,2024-01-01 22:00:00+00:00,2024-02-01 22:00:00+00:00,0.63248,0.61366,-188.20000000000059,1.7000000000000348,-5.724215260273973,-195.6242152602746,False,carry_gated
2023-12-28 22:00:00+00:00,2024-01-01 22:00:00+00:00,2024-02-01 22:00:00+00:00,CAD,CAD_JPY,-1,-1,0.16757165609023333,0.005871185632351055,2024-01-01 22:00:00+00:00,2024-02-01 22:00:00+00:00,106.381,109.355,-297.4000000000004,4.400000000000404,-60.501847295947705,-362.30184729594845,False,carry_gated
2023-12-28 22:00:00+00:00,2024-01-01 22:00:00+00:00,2024-02-01 22:00:00+00:00,CHF,CHF_JPY,-1,-1,0.17000230076056502,0.00578724108570694,2024-01-01 22:00:00+00:00,2024-02-01 22:00:00+00:00,167.603,170.691,-308.7999999999994,7.150000000001455,-46.4980962877121,-362.44809628771293,False,carry_gated
2024-01-31 22:00:00+00:00,2024-02-01 22:00:00+00:00,2024-03-03 22:00:00+00:00,GBP,GBP_USD,1,1,0.1931804290682568,0.004896507885054257,2024-02-01 22:00:00+00:00,2024-03-03 22:00:00+00:00,1.27434,1.26567,-86.69999999999955,4.799999999999249,-13.321368362739731,-104.82136836273853,False,carry_gated
2024-01-31 22:00:00+00:00,2024-02-01 22:00:00+00:00,2024-03-03 22:00:00+00:00,JPY,USD_JPY,-1,1,0.15104358061059045,0.00626249384678955,2024-02-01 22:00:00+00:00,2024-03-03 22:00:00+00:00,146.401,150.097,369.5999999999998,5.8000000000006935,54.61049336849316,418.41049336849227,False,carry_gated
2024-01-31 22:00:00+00:00,2024-02-01 22:00:00+00:00,2024-03-03 22:00:00+00:00,AUD,AUD_USD,1,1,0.15901424084234825,0.005948583530381337,2024-02-01 22:00:00+00:00,2024-03-03 22:00:00+00:00,0.65709,0.65266,-44.299999999999336,2.1999999999999797,-11.776831273972604,-58.27683127397192,False,carry_gated
2024-01-31 22:00:00+00:00,2024-02-01 22:00:00+00:00,2024-03-03 22:00:00+00:00,NZD,NZD_USD,1,1,0.17577183768271828,0.005381462165050147,2024-02-01 22:00:00+00:00,2024-03-03 22:00:00+00:00,0.61366,0.611,-26.599999999999955,1.6499999999997073,-4.724079369863015,-32.97407936986268,False,carry_gated
2024-01-31 22:00:00+00:00,2024-02-01 22:00:00+00:00,2024-03-03 22:00:00+00:00,CAD,CAD_JPY,-1,-1,0.1571464162892819,0.006019287722283232,2024-02-01 22:00:00+00:00,2024-03-03 22:00:00+00:00,109.355,110.754,-139.9000000000001,4.400000000000404,-52.987722527260274,-197.28772252726077,False,carry_gated
2024-01-31 22:00:00+00:00,2024-02-01 22:00:00+00:00,2024-03-03 22:00:00+00:00,CHF,CHF_JPY,-1,-1,0.16384349550680435,0.0057732502059051885,2024-02-01 22:00:00+00:00,2024-03-03 22:00:00+00:00,170.691,169.923,76.80000000000007,6.300000000000239,-40.84108796113015,29.65891203886968,False,carry_gated
2024-02-29 22:00:00+00:00,2024-03-03 22:00:00+00:00,2024-04-01 21:00:00+00:00,GBP,GBP_USD,1,1,0.22121168994411272,0.0038309611001904054,2024-03-03 22:00:00+00:00,2024-04-01 21:00:00+00:00,1.26567,1.25538,-102.90000000000131,1.7000000000000348,-13.309914458082199,-117.90991445808355,False,carry_gated
2024-02-29 22:00:00+00:00,2024-03-03 22:00:00+00:00,2024-04-01 21:00:00+00:00,JPY,USD_JPY,-1,1,0.14236303573141373,0.005952762771103779,2024-03-03 22:00:00+00:00,2024-04-01 21:00:00+00:00,150.097,151.673,157.59999999999934,1.8999999999991246,54.23804517808222,209.93804517808243,False,carry_gated
2024-02-29 22:00:00+00:00,2024-03-03 22:00:00+00:00,2024-04-01 21:00:00+00:00,AUD,AUD_USD,1,1,0.16481089928268694,0.0051419741216854106,2024-03-03 22:00:00+00:00,2024-04-01 21:00:00+00:00,0.65266,0.64884,-38.20000000000045,1.2499999999998623,-11.776831273972606,-51.22683127397292,False,carry_gated
2024-02-29 22:00:00+00:00,2024-03-03 22:00:00+00:00,2024-04-01 21:00:00+00:00,NZD,NZD_USD,1,1,0.17222625701788705,0.0049205817612076545,2024-03-03 22:00:00+00:00,2024-04-01 21:00:00+00:00,0.611,0.59522,-157.80000000000015,1.6499999999997073,-5.031933698630137,-164.48193369863,False,carry_gated
2024-02-29 22:00:00+00:00,2024-03-03 22:00:00+00:00,2024-04-01 21:00:00+00:00,CAD,CAD_JPY,-1,-1,0.1503406912790586,0.005636886273924704,2024-03-03 22:00:00+00:00,2024-04-01 21:00:00+00:00,110.754,111.772,-101.80000000000007,2.6499999999998636,-52.618885316607745,-157.0688853166077,False,carry_gated
2024-02-29 22:00:00+00:00,2024-03-03 22:00:00+00:00,2024-04-01 21:00:00+00:00,CHF,CHF_JPY,-1,-1,0.14904742674484087,0.005685796780202451,2024-03-03 22:00:00+00:00,2024-04-01 21:00:00+00:00,169.923,167.694,222.90000000000134,3.3499999999989427,-37.28950315154108,182.26049684846132,False,carry_gated
2024-03-31 21:00:00+00:00,2024-04-01 21:00:00+00:00,2024-05-01 21:00:00+00:00,GBP,GBP_USD,1,1,0.21426618215402113,0.00321965018481061,2024-04-01 21:00:00+00:00,2024-05-01 21:00:00+00:00,1.25538,1.25232,-30.599999999998406,1.7500000000003624,-14.584675308493152,-46.934675308491926,False,carry_gated
2024-03-31 21:00:00+00:00,2024-04-01 21:00:00+00:00,2024-05-01 21:00:00+00:00,JPY,USD_JPY,-1,1,0.15605235693659406,0.00442070960357976,2024-04-01 21:00:00+00:00,2024-05-01 21:00:00+00:00,151.673,154.75,307.6999999999998,5.5499999999995,59.094520986301376,361.2445209863017,False,carry_gated
2024-03-31 21:00:00+00:00,2024-04-01 21:00:00+00:00,2024-05-01 21:00:00+00:00,AUD,AUD_USD,1,1,0.1560402140461368,0.004421053618696554,2024-04-01 21:00:00+00:00,2024-05-01 21:00:00+00:00,0.64884,0.6524,35.60000000000007,1.3999999999997348,-12.995124164383563,21.204875835616775,False,carry_gated
2024-03-31 21:00:00+00:00,2024-04-01 21:00:00+00:00,2024-05-01 21:00:00+00:00,NZD,NZD_USD,1,1,0.14625315540186604,0.004716904405072796,2024-04-01 21:00:00+00:00,2024-05-01 21:00:00+00:00,0.59522,0.5926,-26.199999999999555,1.4999999999998348,-5.7773474794520565,-33.477347479451446,False,carry_gated
2024-03-31 21:00:00+00:00,2024-04-01 21:00:00+00:00,2024-05-01 21:00:00+00:00,CAD,CAD_JPY,-1,-1,0.16152228361531112,0.0042710029695584625,2024-04-01 21:00:00+00:00,2024-05-01 21:00:00+00:00,111.772,112.643,-87.09999999999951,4.100000000000392,-57.50506658704856,-148.70506658704846,False,carry_gated
2024-03-31 21:00:00+00:00,2024-04-01 21:00:00+00:00,2024-05-01 21:00:00+00:00,CHF,CHF_JPY,-1,-1,0.16586580784607086,0.0041591583095358245,2024-04-01 21:00:00+00:00,2024-05-01 21:00:00+00:00,167.694,168.942,-124.80000000000189,6.1499999999995225,-40.20974260273972,-171.15974260274112,False,carry_gated
2024-04-30 21:00:00+00:00,2024-05-01 21:00:00+00:00,2024-06-02 21:00:00+00:00,GBP,GBP_USD,1,1,0.21877246768358627,0.0037089836837860112,2024-05-01 21:00:00+00:00,2024-06-02 21:00:00+00:00,1.25232,1.274,216.79999999999922,1.80000000000069,-13.652173282191775,201.34782671780675,False,carry_gated
2024-04-30 21:00:00+00:00,2024-05-01 21:00:00+00:00,2024-06-02 21:00:00+00:00,JPY,USD_JPY,-1,1,0.15201738882385715,0.005337701952243252,2024-05-01 21:00:00+00:00,2024-06-02 21:00:00+00:00,154.75,157.233,248.3000000000004,6.550000000000011,55.40111342465754,297.1511134246579,False,carry_gated
2024-04-30 21:00:00+00:00,2024-05-01 21:00:00+00:00,2024-06-02 21:00:00+00:00,AUD,AUD_USD,1,1,0.1485599808404032,0.005461925267557282,2024-05-01 21:00:00+00:00,2024-06-02 21:00:00+00:00,0.6524,0.66547,130.70000000000024,1.2999999999996348,-12.182928904109591,117.21707109589101,False,carry_gated
2024-04-30 21:00:00+00:00,2024-05-01 21:00:00+00:00,2024-06-02 21:00:00+00:00,NZD,NZD_USD,1,1,0.15099050079942186,0.005374003720789903,2024-05-01 21:00:00+00:00,2024-06-02 21:00:00+00:00,0.5926,0.61364,210.39999999999947,1.3499999999999623,-5.121008301369864,203.92899169862963,False,carry_gated
2024-04-30 21:00:00+00:00,2024-05-01 21:00:00+00:00,2024-06-02 21:00:00+00:00,CAD,CAD_JPY,-1,-1,0.16622178667775084,0.004881571359072841,2024-05-01 21:00:00+00:00,2024-06-02 21:00:00+00:00,112.643,115.314,-267.0999999999992,4.600000000000648,-53.93463586027395,-325.6346358602738,False,carry_gated
2024-04-30 21:00:00+00:00,2024-05-01 21:00:00+00:00,2024-06-02 21:00:00+00:00,CHF,CHF_JPY,-1,-1,0.16343787517498073,0.00496472137949232,2024-05-01 21:00:00+00:00,2024-06-02 21:00:00+00:00,168.942,174.346,-540.3999999999996,6.999999999999318,-37.696633690068495,-585.0966336900674,False,carry_gated
2024-05-30 21:00:00+00:00,2024-06-02 21:00:00+00:00,2024-07-01 21:00:00+00:00,GBP,GBP_USD,1,1,0.21786401668724142,0.0037127129547690147,2024-06-02 21:00:00+00:00,2024-07-01 21:00:00+00:00,1.274,1.2649,-91.00000000000108,1.9000000000002348,-13.197100839452048,-106.09710083945336,False,carry_gated
2024-05-30 21:00:00+00:00,2024-06-02 21:00:00+00:00,2024-07-01 21:00:00+00:00,JPY,USD_JPY,-1,1,0.14839880692219193,0.00545062708999296,2024-06-02 21:00:00+00:00,2024-07-01 21:00:00+00:00,157.233,161.515,428.1999999999982,3.499999999999659,53.55396572465754,478.2539657246561,False,carry_gated
2024-05-30 21:00:00+00:00,2024-06-02 21:00:00+00:00,2024-07-01 21:00:00+00:00,AUD,AUD_USD,1,1,0.14750855894557205,0.0054835228742976935,2024-06-02 21:00:00+00:00,2024-07-01 21:00:00+00:00,0.66547,0.66572,2.4999999999997247,1.3499999999994072,-11.776831273972606,-10.62683127397229,False,carry_gated
2024-05-30 21:00:00+00:00,2024-06-02 21:00:00+00:00,2024-07-01 21:00:00+00:00,NZD,NZD_USD,1,1,0.1544132122671165,0.0052383247861814515,2024-06-02 21:00:00+00:00,2024-07-01 21:00:00+00:00,0.61364,0.60756,-60.79999999999974,1.40000000000029,-5.131947287671235,-67.33194728767127,False,carry_gated
2024-05-30 21:00:00+00:00,2024-06-02 21:00:00+00:00,2024-07-01 21:00:00+00:00,CAD,CAD_JPY,-1,-1,0.16153560588190732,0.0050073576826403605,2024-06-02 21:00:00+00:00,2024-07-01 21:00:00+00:00,115.314,117.573,-225.90000000000003,3.900000000000148,-50.282062546919754,-280.08206254691993,False,carry_gated
2024-05-30 21:00:00+00:00,2024-06-02 21:00:00+00:00,2024-07-01 21:00:00+00:00,CHF,CHF_JPY,-1,-1,0.17027979929597084,0.004750220287297892,2024-06-02 21:00:00+00:00,2024-07-01 21:00:00+00:00,174.346,178.868,-452.19999999999914,5.349999999999966,-35.14304104641902,-492.6930410464181,False,carry_gated
2024-06-30 21:00:00+00:00,2024-07-01 21:00:00+00:00,2024-08-01 21:00:00+00:00,GBP,GBP_USD,1,1,0.2238692366449849,0.003465190294944384,2024-07-01 21:00:00+00:00,2024-08-01 21:00:00+00:00,1.2649,1.27413,92.30000000000071,2.9999999999996696,-15.109168692602733,74.1908313073983,False,carry_gated
2024-06-30 21:00:00+00:00,2024-07-01 21:00:00+00:00,2024-08-01 21:00:00+00:00,JPY,USD_JPY,-1,1,0.1419866783964034,0.005463537248142706,2024-07-01 21:00:00+00:00,2024-08-01 21:00:00+00:00,161.515,149.352,-1216.2999999999981,6.399999999999295,60.86043147671234,-1161.8395685232852,False,carry_gated
2024-06-30 21:00:00+00:00,2024-07-01 21:00:00+00:00,2024-08-01 21:00:00+00:00,AUD,AUD_USD,1,1,0.14298482327665168,0.005425397523888698,2024-07-01 21:00:00+00:00,2024-08-01 21:00:00+00:00,0.66572,0.64981,-159.0999999999998,1.6999999999994797,-13.40122179452055,-174.20122179451982,False,carry_gated
2024-06-30 21:00:00+00:00,2024-07-01 21:00:00+00:00,2024-08-01 21:00:00+00:00,NZD,NZD_USD,1,1,0.1466143674034764,0.005291087905621011,2024-07-01 21:00:00+00:00,2024-08-01 21:00:00+00:00,0.60756,0.59468,-128.8,2.5500000000000522,-6.1883408219178095,-137.53834082191787,False,carry_gated
2024-06-30 21:00:00+00:00,2024-07-01 21:00:00+00:00,2024-08-01 21:00:00+00:00,CAD,CAD_JPY,-1,-1,0.15583060034800125,0.004978159003600087,2024-07-01 21:00:00+00:00,2024-08-01 21:00:00+00:00,117.573,107.616,995.6999999999994,5.000000000000426,-56.165721030035215,934.5342789699637,False,carry_gated
2024-06-30 21:00:00+00:00,2024-07-01 21:00:00+00:00,2024-08-01 21:00:00+00:00,CHF,CHF_JPY,-1,-1,0.1887142939304824,0.004110708786291386,2024-07-01 21:00:00+00:00,2024-08-01 21:00:00+00:00,178.868,171.072,779.5999999999992,7.30000000000075,-35.716566818069836,736.5834331819286,False,carry_gated
2020-11-30 22:00:00+00:00,2020-12-01 22:00:00+00:00,2021-01-03 22:00:00+00:00,EUR,EUR_USD,-1,-1,0.16925750762849068,0.0037012393180452124,2020-12-01 22:00:00+00:00,2021-01-03 22:00:00+00:00,1.20705,1.224,-169.5000000000002,2.649999999999597,-3.518376821917808,-175.6683768219176,False,carry_ungated
2020-11-30 22:00:00+00:00,2020-12-01 22:00:00+00:00,2021-01-03 22:00:00+00:00,GBP,GBP_USD,1,1,0.16659114411666803,0.003760479258550379,2020-12-01 22:00:00+00:00,2021-01-03 22:00:00+00:00,1.34251,1.36527,227.59999999999891,5.999999999999339,-13.93668533698631,207.66331466301327,False,carry_ungated
2020-11-30 22:00:00+00:00,2020-12-01 22:00:00+00:00,2021-01-03 22:00:00+00:00,JPY,USD_JPY,1,-1,0.22550569332799872,0.0027780342609697016,2020-12-01 22:00:00+00:00,2021-01-03 22:00:00+00:00,104.35,103.12,122.99999999999898,8.900000000000574,-15.714738904109586,98.38526109588882,False,carry_ungated
2020-11-30 22:00:00+00:00,2020-12-01 22:00:00+00:00,2021-01-03 22:00:00+00:00,AUD,AUD_USD,1,1,0.1293691045189394,0.004842443212685252,2020-12-01 22:00:00+00:00,2021-01-03 22:00:00+00:00,0.73703,0.77046,334.3000000000007,2.749999999999697,-7.172484904109585,324.3775150958914,False,carry_ungated
2020-11-30 22:00:00+00:00,2020-12-01 22:00:00+00:00,2021-01-03 22:00:00+00:00,CAD,CAD_JPY,-1,-1,0.13543637309044818,0.004625511801697008,2020-12-01 22:00:00+00:00,2021-01-03 22:00:00+00:00,80.644,81.084,-43.99999999999977,4.14999999999992,-10.843955421698626,-58.99395542169832,False,carry_ungated
2020-11-30 22:00:00+00:00,2020-12-01 22:00:00+00:00,2021-01-03 22:00:00+00:00,CHF,CHF_JPY,-1,-1,0.17384017731745505,0.0036036694840969013,2020-12-01 22:00:00+00:00,2021-01-03 22:00:00+00:00,115.978,116.722,-74.39999999999998,3.1999999999996476,-2.521252501231998,-80.12125250123162,False,carry_ungated
2020-12-30 22:00:00+00:00,2021-01-03 22:00:00+00:00,2021-02-01 22:00:00+00:00,EUR,EUR_USD,-1,-1,0.17308306126088963,0.0035343491543624113,2021-01-03 22:00:00+00:00,2021-02-01 22:00:00+00:00,1.224,1.20597,180.2999999999999,2.349999999999852,-3.129536602739726,174.8204633972603,False,carry_ungated
2020-12-30 22:00:00+00:00,2021-01-03 22:00:00+00:00,2021-02-01 22:00:00+00:00,GBP,GBP_USD,1,1,0.11508991722400864,0.005315287263707145,2021-01-03 22:00:00+00:00,2021-02-01 22:00:00+00:00,1.36527,1.36625,9.799999999999809,5.999999999999339,-12.201565626301372,-8.401565626300902,False,carry_ungated
2020-12-30 22:00:00+00:00,2021-01-03 22:00:00+00:00,2021-02-01 22:00:00+00:00,JPY,USD_JPY,1,-1,0.24645869566537149,0.002482103419197127,2021-01-03 22:00:00+00:00,2021-02-01 22:00:00+00:00,103.12,104.92,-179.99999999999972,8.850000000000335,-13.643855938356168,-202.4938559383562,False,carry_ungated
2020-12-30 22:00:00+00:00,2021-01-03 22:00:00+00:00,2021-02-01 22:00:00+00:00,AUD,AUD_USD,1,1,0.12709909535489128,0.004813063141745963,2021-01-03 22:00:00+00:00,2021-02-01 22:00:00+00:00,0.77046,0.76232,-81.40000000000036,1.7499999999998073,-6.280214054794519,-89.43021405479467,False,carry_ungated
2020-12-30 22:00:00+00:00,2021-01-03 22:00:00+00:00,2021-02-01 22:00:00+00:00,CAD,CAD_JPY,-1,-1,0.152953030008206,0.003999502142383598,2021-01-03 22:00:00+00:00,2021-02-01 22:00:00+00:00,81.084,81.658,-57.39999999999981,4.399999999999693,-9.299361484966107,-71.09936148496561,False,carry_ungated
2020-12-30 22:00:00+00:00,2021-01-03 22:00:00+00:00,2021-02-01 22:00:00+00:00,CHF,CHF_JPY,-1,-1,0.18531620048663291,0.003301038816873477,2021-01-03 22:00:00+00:00,2021-02-01 22:00:00+00:00,116.722,116.978,-25.600000000000023,5.749999999999744,-2.273994425086302,-33.62399442508607,False,carry_ungated
2021-01-31 22:00:00+00:00,2021-02-01 22:00:00+00:00,2021-03-01 22:00:00+00:00,EUR,EUR_USD,-1,-1,0.17147536237568264,0.0036738786382020123,2021-02-01 22:00:00+00:00,2021-03-01 22:00:00+00:00,1.20597,1.20494,10.300000000000864,2.00000000000089,-3.1075859452054773,5.192414054794497,False,carry_ungated
2021-01-31 22:00:00+00:00,2021-02-01 22:00:00+00:00,2021-03-01 22:00:00+00:00,GBP,GBP_USD,1,1,0.12669540772385085,0.0049723954650597296,2021-02-01 22:00:00+00:00,2021-03-01 22:00:00+00:00,1.36625,1.39248,262.2999999999997,5.999999999999339,-11.688122323287676,244.61187767671274,False,carry_ungated
2021-01-31 22:00:00+00:00,2021-02-01 22:00:00+00:00,2021-03-01 22:00:00+00:00,JPY,USD_JPY,1,-1,0.2293929211189407,0.002746290808526405,2021-02-01 22:00:00+00:00,2021-03-01 22:00:00+00:00,104.92,106.719,-179.89999999999924,7.500000000000284,-13.04012585616439,-200.44012585616392,False,carry_ungated
2021-01-31 22:00:00+00:00,2021-02-01 22:00:00+00:00,2021-03-01 22:00:00+00:00,AUD,AUD_USD,1,1,0.11553734079548593,0.005452606633253783,2021-02-01 22:00:00+00:00,2021-03-01 22:00:00+00:00,0.76232,0.77721,148.89999999999958,2.8000000000000247,-6.011388863013697,140.08861113698586,False,carry_ungated
2021-01-31 22:00:00+00:00,2021-02-01 22:00:00+00:00,2021-03-01 22:00:00+00:00,CAD,CAD_JPY,-1,-1,0.15458159278880945,0.004075386075693064,2021-02-01 22:00:00+00:00,2021-03-01 22:00:00+00:00,81.658,84.39,-273.19999999999993,6.59999999999954,-9.21396082338108,-289.01396082338056,False,carry_ungated
2021-01-31 22:00:00+00:00,2021-02-01 22:00:00+00:00,2021-03-01 22:00:00+00:00,CHF,CHF_JPY,-1,-1,0.20231737519723042,0.0031138189203761156,2021-02-01 22:00:00+00:00,2021-03-01 22:00:00+00:00,116.978,116.631,34.69999999999942,6.649999999999778,-2.143996713353426,25.906003286646214,False,carry_ungated
2021-02-28 22:00:00+00:00,2021-03-01 22:00:00+00:00,2021-04-01 21:00:00+00:00,EUR,EUR_USD,-1,-1,0.17345655884051686,0.0038997187544932786,2021-03-01 22:00:00+00:00,2021-04-01 21:00:00+00:00,1.20494,1.1777,272.3999999999993,6.1000000000011045,-3.7347475890410933,262.5652524109571,False,carry_ungated
2021-02-28 22:00:00+00:00,2021-03-01 22:00:00+00:00,2021-04-01 21:00:00+00:00,GBP,GBP_USD,1,1,0.1363771744068984,0.004960007409905792,2021-03-01 22:00:00+00:00,2021-04-01 21:00:00+00:00,1.39248,1.38326,-92.20000000000006,10.499999999999954,-13.690720076712333,-116.39072007671236,False,carry_ungated
2021-02-28 22:00:00+00:00,2021-03-01 22:00:00+00:00,2021-04-01 21:00:00+00:00,JPY,USD_JPY,1,-1,0.2324952462685658,0.0029094435540366,2021-03-01 22:00:00+00:00,2021-04-01 21:00:00+00:00,106.719,110.609,-389.00000000000006,8.29999999999984,-15.278366352054801,-412.5783663520547,False,carry_ungated
2021-02-28 22:00:00+00:00,2021-03-01 22:00:00+00:00,2021-04-01 21:00:00+00:00,AUD,AUD_USD,1,1,0.10737035409431092,0.006299986633238381,2021-03-01 22:00:00+00:00,2021-04-01 21:00:00+00:00,0.77721,0.76168,-155.29999999999933,9.399999999999963,-7.040932150684932,-171.74093215068424,False,carry_ungated
2021-02-28 22:00:00+00:00,2021-03-01 22:00:00+00:00,2021-04-01 21:00:00+00:00,CAD,CAD_JPY,-1,-1,0.15992098144706535,0.004229787670632405,2021-03-01 22:00:00+00:00,2021-04-01 21:00:00+00:00,84.39,88.188,-379.8000000000002,13.84999999999934,-10.557149650576019,-404.20714965057556,False,carry_ungated
2021-02-28 22:00:00+00:00,2021-03-01 22:00:00+00:00,2021-04-01 21:00:00+00:00,CHF,CHF_JPY,-1,-1,0.19037968494264268,0.0035530671027427375,2021-03-01 22:00:00+00:00,2021-04-01 21:00:00+00:00,116.631,117.424,-79.30000000000064,12.700000000000244,-2.584997479029452,-94.58499747903033,False,carry_ungated
2021-03-31 21:00:00+00:00,2021-04-01 21:00:00+00:00,2021-05-02 21:00:00+00:00,EUR,EUR_USD,-1,-1,0.17571181885547288,0.0038423409915557274,2021-04-01 21:00:00+00:00,2021-05-02 21:00:00+00:00,1.1777,1.20336,-256.60000000000014,6.450000000001177,-3.2831912054794503,-266.3331912054808,False,carry_ungated
2021-03-31 21:00:00+00:00,2021-04-01 21:00:00+00:00,2021-05-02 21:00:00+00:00,GBP,GBP_USD,1,1,0.1697123816050175,0.003978170112894329,2021-04-01 21:00:00+00:00,2021-05-02 21:00:00+00:00,1.38326,1.38185,-14.099999999999113,10.499999999999954,-12.029903901369865,-36.629903901368934,False,carry_ungated
2021-03-31 21:00:00+00:00,2021-04-01 21:00:00+00:00,2021-05-02 21:00:00+00:00,JPY,USD_JPY,1,-1,0.2193487533223469,0.0030779510440026524,2021-04-01 21:00:00+00:00,2021-05-02 21:00:00+00:00,110.609,109.292,131.6999999999993,9.999999999999432,-13.362411179452058,108.33758882054782,False,carry_ungated
2021-03-31 21:00:00+00:00,2021-04-01 21:00:00+00:00,2021-05-02 21:00:00+00:00,AUD,AUD_USD,1,1,0.1028136313010553,0.006566684939979045,2021-04-01 21:00:00+00:00,2021-05-02 21:00:00+00:00,0.76168,0.77234,106.60000000000002,10.449999999999626,-6.1867925342465755,89.96320746575383,False,carry_ungated
2021-03-31 21:00:00+00:00,2021-04-01 21:00:00+00:00,2021-05-02 21:00:00+00:00,CAD,CAD_JPY,-1,-1,0.15358750261246557,0.004395831124311813,2021-04-01 21:00:00+00:00,2021-05-02 21:00:00+00:00,88.188,88.906,-71.80000000000035,14.599999999999369,-9.056844955733855,-95.45684495573357,False,carry_ungated
2021-03-31 21:00:00+00:00,2021-04-01 21:00:00+00:00,2021-05-02 21:00:00+00:00,CHF,CHF_JPY,-1,-1,0.1788259123036418,0.003775430057042402,2021-04-01 21:00:00+00:00,2021-05-02 21:00:00+00:00,117.424,119.762,-233.7999999999994,18.09999999999974,-2.2167324973335623,-254.1167324973327,False,carry_ungated
2021-04-29 21:00:00+00:00,2021-05-02 21:00:00+00:00,2021-06-01 21:00:00+00:00,EUR,EUR_USD,-1,-1,0.18034224675026514,0.00379192071779427,2021-05-02 21:00:00+00:00,2021-06-01 21:00:00+00:00,1.20336,1.22134,-179.80000000000106,2.1999999999999797,-3.487018739726026,-185.4870187397271,False,carry_ungated
2021-04-29 21:00:00+00:00,2021-05-02 21:00:00+00:00,2021-06-01 21:00:00+00:00,GBP,GBP_USD,1,1,0.16742287571075806,0.0040845284662731135,2021-05-02 21:00:00+00:00,2021-06-01 21:00:00+00:00,1.38185,1.41513,332.7999999999997,5.999999999999339,-12.32862320328767,314.4713767967127,False,carry_ungated
2021-04-29 21:00:00+00:00,2021-05-02 21:00:00+00:00,2021-06-01 21:00:00+00:00,JPY,USD_JPY,1,-1,0.21191300317386852,0.003227001134917723,2021-05-02 21:00:00+00:00,2021-06-01 21:00:00+00:00,109.292,109.482,-18.999999999999773,5.949999999999278,-13.76682155068494,-38.71682155068399,False,carry_ungated
2021-04-29 21:00:00+00:00,2021-05-02 21:00:00+00:00,2021-06-01 21:00:00+00:00,AUD,AUD_USD,1,1,0.1104784966053817,0.006189833521979561,2021-05-02 21:00:00+00:00,2021-06-01 21:00:00+00:00,0.77234,0.77519,28.500000000000192,4.449999999999732,-6.345037150684931,17.704962849315528,False,carry_ungated
2021-04-29 21:00:00+00:00,2021-05-02 21:00:00+00:00,2021-06-01 21:00:00+00:00,CAD,CAD_JPY,-1,-1,0.14583560808945517,0.0046891394406668434,2021-05-02 21:00:00+00:00,2021-06-01 21:00:00+00:00,88.906,90.686,-178.0000000000001,7.150000000000034,-9.615053150775836,-194.765053150776,False,carry_ungated
2021-04-29 21:00:00+00:00,2021-05-02 21:00:00+00:00,2021-06-01 21:00:00+00:00,CHF,CHF_JPY,-1,-1,0.18400776967027146,0.003716383840591593,2021-05-02 21:00:00+00:00,2021-06-01 21:00:00+00:00,119.762,122.139,-237.69999999999953,9.40000000000012,-2.270616145346725,-249.3706161453464,False,carry_ungated
2021-05-31 21:00:00+00:00,2021-06-01 21:00:00+00:00,2021-07-01 21:00:00+00:00,EUR,EUR_USD,-1,-1,0.17260840292222535,0.0037759628653886482,2021-06-01 21:00:00+00:00,2021-07-01 21:00:00+00:00,1.22134,1.18506,362.80000000000086,1.8999999999991246,-3.543463287671233,357.3565367123305,False,carry_ungated
2021-05-31 21:00:00+00:00,2021-06-01 21:00:00+00:00,2021-07-01 21:00:00+00:00,GBP,GBP_USD,1,1,0.15621555956558286,0.004172202317751449,2021-06-01 21:00:00+00:00,2021-07-01 21:00:00+00:00,1.41513,1.37618,-389.5000000000004,10.499999999999954,-13.352903311780821,-413.3529033117812,False,carry_ungated
2021-05-31 21:00:00+00:00,2021-06-01 21:00:00+00:00,2021-07-01 21:00:00+00:00,JPY,USD_JPY,1,-1,0.20982161558014495,0.0031062715720984067,2021-06-01 21:00:00+00:00,2021-07-01 21:00:00+00:00,109.482,111.52,-203.79999999999967,5.949999999999278,-15.101686519178084,-224.85168651917704,False,carry_ungated
2021-05-31 21:00:00+00:00,2021-06-01 21:00:00+00:00,2021-07-01 21:00:00+00:00,AUD,AUD_USD,1,1,0.12164298515440694,0.005357998398847679,2021-06-01 21:00:00+00:00,2021-07-01 21:00:00+00:00,0.77519,0.74698,-282.10000000000065,7.149999999999657,-6.875061287671233,-296.12506128767154,False,carry_ungated
2021-05-31 21:00:00+00:00,2021-06-01 21:00:00+00:00,2021-07-01 21:00:00+00:00,CAD,CAD_JPY,-1,-1,0.14533245386369864,0.004484634383863264,2021-06-01 21:00:00+00:00,2021-07-01 21:00:00+00:00,90.686,89.634,105.20000000000067,9.34999999999988,-10.442197165732072,85.40780283426872,False,carry_ungated
2021-05-31 21:00:00+00:00,2021-06-01 21:00:00+00:00,2021-07-01 21:00:00+00:00,CHF,CHF_JPY,-1,-1,0.19437898291394126,0.0033530524232495023,2021-06-01 21:00:00+00:00,2021-07-01 21:00:00+00:00,122.139,120.549,158.99999999999892,5.000000000000426,-2.588712154234117,151.41128784576438,False,carry_ungated
2021-06-30 21:00:00+00:00,2021-07-01 21:00:00+00:00,2021-08-01 21:00:00+00:00,EUR,EUR_USD,-1,-1,0.1783413195082481,0.0037475338175715855,2021-07-01 21:00:00+00:00,2021-08-01 21:00:00+00:00,1.18506,1.1866,-15.400000000000968,1.8499999999999073,-3.0103758904109585,-20.260375890411833,False,carry_ungated
2021-06-30 21:00:00+00:00,2021-07-01 21:00:00+00:00,2021-08-01 21:00:00+00:00,GBP,GBP_USD,1,1,0.1565053376289655,0.004270398288344414,2021-07-01 21:00:00+00:00,2021-08-01 21:00:00+00:00,1.37618,1.39016,139.80000000000103,10.499999999999954,-12.32799911232877,116.97200088767232,False,carry_ungated
2021-06-30 21:00:00+00:00,2021-07-01 21:00:00+00:00,2021-08-01 21:00:00+00:00,JPY,USD_JPY,1,-1,0.2031605683623522,0.0032897138028057885,2021-07-01 21:00:00+00:00,2021-08-01 21:00:00+00:00,111.52,109.664,185.59999999999945,6.099999999999994,-14.057588612328768,165.4424113876707,False,carry_ungated
2021-06-30 21:00:00+00:00,2021-07-01 21:00:00+00:00,2021-08-01 21:00:00+00:00,AUD,AUD_USD,1,1,0.12253434132939113,0.005454308716043105,2021-07-01 21:00:00+00:00,2021-08-01 21:00:00+00:00,0.74698,0.73344,-135.39999999999995,6.900000000000239,-6.352663397260273,-148.65266339726045,False,carry_ungated
2021-06-30 21:00:00+00:00,2021-07-01 21:00:00+00:00,2021-08-01 21:00:00+00:00,CAD,CAD_JPY,-1,-1,0.141209683521032,0.0047329624234159215,2021-07-01 21:00:00+00:00,2021-08-01 21:00:00+00:00,89.634,87.858,177.59999999999962,10.599999999999454,-9.541457391859094,157.45854260814107,False,carry_ungated
2021-06-30 21:00:00+00:00,2021-07-01 21:00:00+00:00,2021-08-01 21:00:00+00:00,CHF,CHF_JPY,-1,-1,0.19824874965001105,0.003371219879607759,2021-07-01 21:00:00+00:00,2021-08-01 21:00:00+00:00,120.549,121.058,-50.900000000000034,4.749999999999943,-2.479143238153792,-58.129143238153766,False,carry_ungated
2021-07-29 21:00:00+00:00,2021-08-01 21:00:00+00:00,2021-09-01 21:00:00+00:00,EUR,EUR_USD,-1,-1,0.20579635819797953,0.00358357297536538,2021-08-01 21:00:00+00:00,2021-09-01 21:00:00+00:00,1.1866,1.18416,24.399999999999977,1.2999999999996348,-3.4932903561643838,19.60670964383596,False,carry_ungated
2021-07-29 21:00:00+00:00,2021-08-01 21:00:00+00:00,2021-09-01 21:00:00+00:00,JPY,USD_JPY,1,-1,0.20946506970780465,0.0035208078783524944,2021-08-01 21:00:00+00:00,2021-09-01 21:00:00+00:00,109.664,110.026,-36.19999999999948,1.950000000000074,-15.855461283561647,-54.005461283561196,False,carry_ungated
2021-07-29 21:00:00+00:00,2021-08-01 21:00:00+00:00,2021-09-01 21:00:00+00:00,AUD,AUD_USD,1,1,0.14017408541419082,0.005261216903878811,2021-08-01 21:00:00+00:00,2021-09-01 21:00:00+00:00,0.73344,0.7368,33.60000000000029,3.650000000000597,-7.187737397260269,22.762262602739426,False,carry_ungated
2021-07-29 21:00:00+00:00,2021-08-01 21:00:00+00:00,2021-09-01 21:00:00+00:00,NZD,NZD_USD,1,1,0.11865455177162143,0.006215406460650231,2021-08-01 21:00:00+00:00,2021-09-01 21:00:00+00:00,0.6972,0.70676,95.60000000000012,7.199999999999984,-5.155387972602739,83.2446120273974,False,carry_ungated
2021-07-29 21:00:00+00:00,2021-08-01 21:00:00+00:00,2021-09-01 21:00:00+00:00,CAD,CAD_JPY,-1,-1,0.12550708868066543,0.005876052702834339,2021-08-01 21:00:00+00:00,2021-09-01 21:00:00+00:00,87.858,87.178,68.00000000000068,3.6499999999996646,-10.925798701450091,53.424201298550926,False,carry_ungated
2021-07-29 21:00:00+00:00,2021-08-01 21:00:00+00:00,2021-09-01 21:00:00+00:00,CHF,CHF_JPY,-1,-1,0.20040284622773819,0.003680018929615462,2021-08-01 21:00:00+00:00,2021-09-01 21:00:00+00:00,121.058,120.188,87.00000000000045,2.1999999999998465,-2.592215902537362,82.20778409746325,False,carry_ungated
2021-08-31 21:00:00+00:00,2021-09-01 21:00:00+00:00,2021-10-03 21:00:00+00:00,EUR,EUR_USD,-1,-1,0.22423070019037114,0.003109917475233288,2021-09-01 21:00:00+00:00,2021-10-03 21:00:00+00:00,1.18416,1.1598,243.6000000000016,3.549999999999942,-3.2988702465753423,236.75112975342628,False,carry_ungated
2021-08-31 21:00:00+00:00,2021-09-01 21:00:00+00:00,2021-10-03 21:00:00+00:00,JPY,USD_JPY,1,-1,0.22302789492312527,0.003126689480910873,2021-09-01 21:00:00+00:00,2021-10-03 21:00:00+00:00,110.026,110.898,-87.19999999999999,1.999999999999602,-14.096653500000006,-103.2966534999996,False,carry_ungated
2021-08-31 21:00:00+00:00,2021-09-01 21:00:00+00:00,2021-10-03 21:00:00+00:00,AUD,AUD_USD,1,1,0.13212328889232242,0.0052779413746969865,2021-09-01 21:00:00+00:00,2021-10-03 21:00:00+00:00,0.7368,0.72596,-108.39999999999961,9.100000000000218,-6.459430849315066,-123.9594308493149,False,carry_ungated
2021-08-31 21:00:00+00:00,2021-09-01 21:00:00+00:00,2021-10-03 21:00:00+00:00,NZD,NZD_USD,1,1,0.11851874606592308,0.00588378628827168,2021-09-01 21:00:00+00:00,2021-10-03 21:00:00+00:00,0.70676,0.69396,-128.00000000000034,13.949999999999797,-4.19431989041096,-146.14431989041108,False,carry_ungated
2021-08-31 21:00:00+00:00,2021-09-01 21:00:00+00:00,2021-10-03 21:00:00+00:00,CAD,CAD_JPY,-1,-1,0.11177022728345302,0.006239040484702214,2021-09-01 21:00:00+00:00,2021-10-03 21:00:00+00:00,87.178,87.702,-52.40000000000009,2.7000000000001023,-9.718375657726028,-64.81837565772622,False,carry_ungated
2021-08-31 21:00:00+00:00,2021-09-01 21:00:00+00:00,2021-10-03 21:00:00+00:00,CHF,CHF_JPY,-1,-1,0.190329142644805,0.0036638581108265453,2021-09-01 21:00:00+00:00,2021-10-03 21:00:00+00:00,120.188,118.876,131.19999999999976,9.399999999999409,-0.9994838195231581,120.80051618047719,False,carry_ungated
2021-09-30 21:00:00+00:00,2021-10-03 21:00:00+00:00,2021-11-01 21:00:00+00:00,EUR,EUR_USD,-1,-1,0.23866271872321784,0.0027693121478485827,2021-10-03 21:00:00+00:00,2021-11-01 21:00:00+00:00,1.1598,1.16042,-6.200000000000649,3.8500000000007972,-3.1859811506849316,-13.235981150686378,False,carry_ungated
2021-09-30 21:00:00+00:00,2021-10-03 21:00:00+00:00,2021-11-01 21:00:00+00:00,JPY,USD_JPY,1,-1,0.20029485161093738,0.0032997930844603173,2021-10-03 21:00:00+00:00,2021-11-01 21:00:00+00:00,110.898,113.985,-308.70000000000033,2.0000000000003126,-13.69845799726028,-324.3984579972609,False,carry_ungated
2021-09-30 21:00:00+00:00,2021-10-03 21:00:00+00:00,2021-11-01 21:00:00+00:00,AUD,AUD_USD,1,1,0.12443904015596723,0.0053112878833715665,2021-10-03 21:00:00+00:00,2021-11-01 21:00:00+00:00,0.72596,0.75212,261.5999999999996,7.750000000000257,-6.245895945205476,247.60410405479388,False,carry_ungated
2021-09-30 21:00:00+00:00,2021-10-03 21:00:00+00:00,2021-11-01 21:00:00+00:00,NZD,NZD_USD,1,1,0.11160582873783055,0.005922016561978572,2021-10-03 21:00:00+00:00,2021-11-01 21:00:00+00:00,0.69396,0.71893,249.69999999999936,11.700000000000044,-3.603614630136987,234.39638536986234,False,carry_ungated
2021-09-30 21:00:00+00:00,2021-10-03 21:00:00+00:00,2021-11-01 21:00:00+00:00,CAD,CAD_JPY,-1,-1,0.10771452527065309,0.0061359558011146705,2021-10-03 21:00:00+00:00,2021-11-01 21:00:00+00:00,87.702,92.162,-446.0000000000008,8.35000000000008,-9.53709107162426,-463.88709107162515,False,carry_ungated
2021-09-30 21:00:00+00:00,2021-10-03 21:00:00+00:00,2021-11-01 21:00:00+00:00,CHF,CHF_JPY,-1,-1,0.21728303550139386,0.0030418001325949657,2021-10-03 21:00:00+00:00,2021-11-01 21:00:00+00:00,118.876,125.39,-651.3999999999995,10.199999999999676,-2.510917743279161,-664.1109177432784,False,carry_ungated
2021-10-31 21:00:00+00:00,2021-11-01 21:00:00+00:00,2021-12-01 22:00:00+00:00,EUR,EUR_USD,-1,-1,0.21660329268960457,0.003041092114963518,2021-11-01 21:00:00+00:00,2021-12-01 22:00:00+00:00,1.16042,1.13188,285.4000000000001,1.80000000000069,-3.5152410136986303,280.08475898630076,False,carry_ungated
2021-10-31 21:00:00+00:00,2021-11-01 21:00:00+00:00,2021-12-01 22:00:00+00:00,JPY,USD_JPY,1,-1,0.20620485491792492,0.0031944474136444364,2021-11-01 21:00:00+00:00,2021-12-01 22:00:00+00:00,113.985,112.764,122.10000000000036,1.8000000000000682,-15.263273100000005,105.03672690000029,False,carry_ungated
2021-10-31 21:00:00+00:00,2021-11-01 21:00:00+00:00,2021-12-01 22:00:00+00:00,AUD,AUD_USD,1,1,0.127221695441008,0.00517765907135652,2021-11-01 21:00:00+00:00,2021-12-01 22:00:00+00:00,0.75212,0.71062,-414.9999999999998,1.9000000000002348,-6.89222034246575,-423.7922203424658,False,carry_ungated
2021-10-31 21:00:00+00:00,2021-11-01 21:00:00+00:00,2021-12-01 22:00:00+00:00,NZD,NZD_USD,1,1,0.12015632030900543,0.0054821133318621006,2021-11-01 21:00:00+00:00,2021-12-01 22:00:00+00:00,0.71893,0.6809,-380.30000000000007,2.7500000000002522,-3.436404410958904,-386.4864044109592,False,carry_ungated
2021-10-31 21:00:00+00:00,2021-11-01 21:00:00+00:00,2021-12-01 22:00:00+00:00,CAD,CAD_JPY,-1,-1,0.12767728670213874,0.005159183614312015,2021-11-01 21:00:00+00:00,2021-12-01 22:00:00+00:00,92.162,87.94,422.20000000000084,8.050000000000068,-10.635357523248526,403.5146424767523,False,carry_ungated
2021-10-31 21:00:00+00:00,2021-11-01 21:00:00+00:00,2021-12-01 22:00:00+00:00,CHF,CHF_JPY,-1,-1,0.20213654994031838,0.003258740518070475,2021-11-01 21:00:00+00:00,2021-12-01 22:00:00+00:00,125.39,122.578,281.19999999999976,3.750000000000142,-3.472579599291733,273.97742040070784,False,carry_ungated
2021-11-30 22:00:00+00:00,2021-12-01 22:00:00+00:00,2022-01-02 22:00:00+00:00,EUR,EUR_USD,-1,-1,0.20172372430670965,0.003605676049186938,2021-12-01 22:00:00+00:00,2022-01-02 22:00:00+00:00,1.13188,1.13725,-53.70000000000097,1.7499999999992522,-3.295734438356164,-58.745734438356386,False,carry_ungated
2021-11-30 22:00:00+00:00,2021-12-01 22:00:00+00:00,2022-01-02 22:00:00+00:00,JPY,USD_JPY,1,-1,0.17172090588607877,0.004235654345825679,2021-12-01 22:00:00+00:00,2022-01-02 22:00:00+00:00,112.764,115.118,-235.39999999999992,1.5999999999991132,-14.152143397260271,-251.1521433972593,False,carry_ungated
2021-11-30 22:00:00+00:00,2021-12-01 22:00:00+00:00,2022-01-02 22:00:00+00:00,AUD,AUD_USD,1,1,0.15645971702356223,0.004648802996211196,2021-12-01 22:00:00+00:00,2022-01-02 22:00:00+00:00,0.71062,0.72636,157.39999999999975,1.5500000000001624,-6.461337410958901,149.3886625890407,False,carry_ungated
2021-11-30 22:00:00+00:00,2021-12-01 22:00:00+00:00,2022-01-02 22:00:00+00:00,NZD,NZD_USD,1,1,0.13732735528044407,0.00529647133886856,2021-12-01 22:00:00+00:00,2022-01-02 22:00:00+00:00,0.6809,0.68364,27.400000000000755,2.7500000000002522,-2.6722380821917806,21.97776191780872,False,carry_ungated
2021-11-30 22:00:00+00:00,2021-12-01 22:00:00+00:00,2022-01-02 22:00:00+00:00,CAD,CAD_JPY,-1,-1,0.11879975399336588,0.006122490803525648,2021-12-01 22:00:00+00:00,2022-01-02 22:00:00+00:00,87.94,91.081,-314.10000000000053,2.5500000000000966,-9.501434277886485,-326.1514342778871,False,carry_ungated
2021-11-30 22:00:00+00:00,2021-12-01 22:00:00+00:00,2022-01-02 22:00:00+00:00,CHF,CHF_JPY,-1,-1,0.21396854350983946,0.003399333328882731,2021-12-01 22:00:00+00:00,2022-01-02 22:00:00+00:00,122.578,126.268,-368.9999999999998,3.9999999999999147,-2.7082581823257943,-375.70825818232544,False,carry_ungated
2021-12-30 22:00:00+00:00,2022-01-02 22:00:00+00:00,2022-02-01 22:00:00+00:00,EUR,EUR_USD,-1,-1,0.1823324815922598,0.0038915210304249536,2022-01-02 22:00:00+00:00,2022-02-01 22:00:00+00:00,1.13725,1.12712,101.30000000000194,1.749999999998142,-3.292598630136987,96.25740136986681,False,carry_ungated
2021-12-30 22:00:00+00:00,2022-01-02 22:00:00+00:00,2022-02-01 22:00:00+00:00,GBP,GBP_USD,1,1,0.18234327030990846,0.003891290780514717,2022-01-02 22:00:00+00:00,2022-02-01 22:00:00+00:00,1.35315,1.35206,-10.900000000000354,5.999999999999339,-10.8628170969863,-27.76281709698599,False,carry_ungated
2021-12-30 22:00:00+00:00,2022-01-02 22:00:00+00:00,2022-02-01 22:00:00+00:00,JPY,USD_JPY,1,-1,0.1799625053508409,0.003942769552260705,2022-01-02 22:00:00+00:00,2022-02-01 22:00:00+00:00,115.118,114.704,41.40000000000015,1.6999999999995907,-14.07578929863014,25.624210701370416,False,carry_ungated
2021-12-30 22:00:00+00:00,2022-01-02 22:00:00+00:00,2022-02-01 22:00:00+00:00,NZD,NZD_USD,1,1,0.13840014505526158,0.005126805946356012,2022-01-02 22:00:00+00:00,2022-02-01 22:00:00+00:00,0.68364,0.6637,-199.4000000000007,2.749999999999697,-2.3112515342465754,-204.46125153424694,False,carry_ungated
2021-12-30 22:00:00+00:00,2022-01-02 22:00:00+00:00,2022-02-01 22:00:00+00:00,CAD,CAD_JPY,-1,-1,0.11162943738595892,0.006356304423470105,2022-01-02 22:00:00+00:00,2022-02-01 22:00:00+00:00,91.081,90.428,65.30000000000058,2.6499999999998636,-9.588628379461424,53.06137162053929,False,carry_ungated
2021-12-30 22:00:00+00:00,2022-01-02 22:00:00+00:00,2022-02-01 22:00:00+00:00,CHF,CHF_JPY,-1,-1,0.20533216030577028,0.003455623734680542,2022-01-02 22:00:00+00:00,2022-02-01 22:00:00+00:00,126.268,124.446,182.20000000000027,4.449999999999932,-2.6781235081782166,175.07187649182214,False,carry_ungated
2022-01-31 22:00:00+00:00,2022-02-01 22:00:00+00:00,2022-03-01 22:00:00+00:00,EUR,EUR_USD,-1,-1,0.17389098540934242,0.0041191826465037185,2022-02-01 22:00:00+00:00,2022-03-01 22:00:00+00:00,1.12712,1.11253,145.8999999999988,1.7499999999992522,-3.073092054794521,141.07690794520502,False,carry_ungated
2022-01-31 22:00:00+00:00,2022-02-01 22:00:00+00:00,2022-03-01 22:00:00+00:00,GBP,GBP_USD,1,1,0.20443221085845728,0.0035037958376213586,2022-02-01 22:00:00+00:00,2022-03-01 22:00:00+00:00,1.35206,1.33262,-194.40000000000123,5.999999999999339,-7.859581269041099,-208.25958126904166,False,carry_ungated
2022-01-31 22:00:00+00:00,2022-02-01 22:00:00+00:00,2022-03-01 22:00:00+00:00,JPY,USD_JPY,1,-1,0.17873618474555705,0.0040075194091296045,2022-02-01 22:00:00+00:00,2022-03-01 22:00:00+00:00,114.704,114.912,-20.800000000001262,1.7499999999998295,-13.10893332876713,-35.65893332876822,False,carry_ungated
2022-01-31 22:00:00+00:00,2022-02-01 22:00:00+00:00,2022-03-01 22:00:00+00:00,NZD,NZD_USD,1,1,0.13875033923360397,0.005162428671800439,2022-02-01 22:00:00+00:00,2022-03-01 22:00:00+00:00,0.6637,0.67556,118.60000000000092,2.349999999999297,-1.0938986301369868,115.15610136986463,False,carry_ungated
2022-01-31 22:00:00+00:00,2022-02-01 22:00:00+00:00,2022-03-01 22:00:00+00:00,CAD,CAD_JPY,-1,-1,0.11263557889608107,0.0063593469887738684,2022-02-01 22:00:00+00:00,2022-03-01 22:00:00+00:00,90.428,90.196,23.199999999999932,2.949999999999875,-8.967678339796246,11.282321660203811,False,carry_ungated
2022-01-31 22:00:00+00:00,2022-02-01 22:00:00+00:00,2022-03-01 22:00:00+00:00,CHF,CHF_JPY,-1,-1,0.19155470085695825,0.0037393429985123506,2022-02-01 22:00:00+00:00,2022-03-01 22:00:00+00:00,124.446,125.137,-69.10000000000025,4.450000000000642,-2.9045563565837993,-76.45455635658469,False,carry_ungated
2022-02-28 22:00:00+00:00,2022-03-01 22:00:00+00:00,2022-04-03 21:00:00+00:00,EUR,EUR_USD,-1,-1,0.15389828866439487,0.0043078945967575,2022-03-01 22:00:00+00:00,2022-04-03 21:00:00+00:00,1.11253,1.10401,85.20000000000083,1.7999999999995797,-2.3675352054794514,81.03246479452179,False,carry_ungated
2022-02-28 22:00:00+00:00,2022-03-01 22:00:00+00:00,2022-04-03 21:00:00+00:00,GBP,GBP_USD,1,1,0.1825608443887284,0.003631543272093378,2022-03-01 22:00:00+00:00,2022-04-03 21:00:00+00:00,1.33262,1.31,-226.19999999999862,6.000000000000449,-9.020904409863016,-241.2209044098621,False,carry_ungated
2022-02-28 22:00:00+00:00,2022-03-01 22:00:00+00:00,2022-04-03 21:00:00+00:00,JPY,USD_JPY,1,-1,0.22074847073100964,0.0030033168700653694,2022-03-01 22:00:00+00:00,2022-04-03 21:00:00+00:00,114.912,122.626,-771.3999999999999,1.9499999999993634,-17.086005245205484,-790.4360052452047,False,carry_ungated
2022-02-28 22:00:00+00:00,2022-03-01 22:00:00+00:00,2022-04-03 21:00:00+00:00,NZD,NZD_USD,1,1,0.13152358077010065,0.005040750885169695,2022-03-01 22:00:00+00:00,2022-04-03 21:00:00+00:00,0.67556,0.6923,167.39999999999975,2.349999999999297,-0.5828916986301376,164.46710830137033,False,carry_ungated
2022-02-28 22:00:00+00:00,2022-03-01 22:00:00+00:00,2022-04-03 21:00:00+00:00,CAD,CAD_JPY,-1,-1,0.12931183296053414,0.0051269678188686175,2022-03-01 22:00:00+00:00,2022-04-03 21:00:00+00:00,90.196,97.989,-779.3000000000006,3.0999999999998806,-12.912467675902313,-795.3124676759029,False,carry_ungated
2022-02-28 22:00:00+00:00,2022-03-01 22:00:00+00:00,2022-04-03 21:00:00+00:00,CHF,CHF_JPY,-1,-1,0.1819569824852323,0.0036435953000120798,2022-03-01 22:00:00+00:00,2022-04-03 21:00:00+00:00,125.137,132.439,-730.1999999999992,4.5000000000001705,-3.3011955264857047,-738.001195526485,False,carry_ungated
2022-03-31 21:00:00+00:00,2022-04-03 21:00:00+00:00,2022-05-01 21:00:00+00:00,EUR,EUR_USD,-1,-1,0.1512169656728302,0.005372765524866939,2022-04-03 21:00:00+00:00,2022-05-01 21:00:00+00:00,1.10401,1.05543,485.7999999999984,1.9499999999994522,-0.8780263013698625,482.9719736986291,False,carry_ungated
2022-03-31 21:00:00+00:00,2022-04-03 21:00:00+00:00,2022-05-01 21:00:00+00:00,GBP,GBP_USD,1,1,0.19532457830288313,0.004159503668207725,2022-04-03 21:00:00+00:00,2022-05-01 21:00:00+00:00,1.31,1.25848,-515.2,4.300000000001525,-7.699079758904116,-527.1990797589057,False,carry_ungated
2022-03-31 21:00:00+00:00,2022-04-03 21:00:00+00:00,2022-05-01 21:00:00+00:00,JPY,USD_JPY,1,-1,0.1779173380500965,0.004566465015979531,2022-04-03 21:00:00+00:00,2022-05-01 21:00:00+00:00,122.626,129.772,-714.5999999999987,2.499999999999858,-16.146228345205483,-733.246228345204,False,carry_ungated
2022-03-31 21:00:00+00:00,2022-04-03 21:00:00+00:00,2022-05-01 21:00:00+00:00,NZD,NZD_USD,1,1,0.1450402740439375,0.005601570358973885,2022-04-03 21:00:00+00:00,2022-05-01 21:00:00+00:00,0.6923,0.64661,-456.90000000000003,2.4999999999997247,0.26253567123287663,-459.1374643287669,False,carry_ungated
2022-03-31 21:00:00+00:00,2022-04-03 21:00:00+00:00,2022-05-01 21:00:00+00:00,CAD,CAD_JPY,-1,-1,0.14168114791417583,0.00573437829875657,2022-04-03 21:00:00+00:00,2022-05-01 21:00:00+00:00,97.989,101.03,-304.0999999999997,3.499999999999659,-13.557439210958902,-321.1574392109582,False,carry_ungated
2022-03-31 21:00:00+00:00,2022-04-03 21:00:00+00:00,2022-05-01 21:00:00+00:00,CHF,CHF_JPY,-1,-1,0.18881969601607687,0.004302799533544392,2022-04-03 21:00:00+00:00,2022-05-01 21:00:00+00:00,132.439,133.83,-139.10000000000196,5.19999999999925,-3.0058023636986295,-147.30580236369983,False,carry_ungated
2022-04-28 21:00:00+00:00,2022-05-01 21:00:00+00:00,2022-06-01 21:00:00+00:00,EUR,EUR_USD,-1,-1,0.1703739524519711,0.005442519266105847,2022-05-01 21:00:00+00:00,2022-06-01 21:00:00+00:00,1.05543,1.06476,-93.29999999999838,2.049999999998997,3.355314794520548,-91.99468520547683,False,carry_ungated
2022-04-28 21:00:00+00:00,2022-05-01 21:00:00+00:00,2022-06-01 21:00:00+00:00,GBP,GBP_USD,1,1,0.1866668678938706,0.004967477780736374,2022-05-01 21:00:00+00:00,2022-06-01 21:00:00+00:00,1.25848,1.24856,-99.20000000000151,2.9000000000001247,-11.308050929315078,-113.4080509293167,False,carry_ungated
2022-04-28 21:00:00+00:00,2022-05-01 21:00:00+00:00,2022-06-01 21:00:00+00:00,JPY,USD_JPY,1,-1,0.16651778541412118,0.005568555433021148,2022-05-01 21:00:00+00:00,2022-06-01 21:00:00+00:00,129.772,130.129,-35.69999999999993,2.4500000000003297,-25.358883047945216,-63.508883047945474,False,carry_ungated
2022-04-28 21:00:00+00:00,2022-05-01 21:00:00+00:00,2022-06-01 21:00:00+00:00,NZD,NZD_USD,1,1,0.15622813011134046,0.0059353172696979305,2022-05-01 21:00:00+00:00,2022-06-01 21:00:00+00:00,0.64661,0.64848,18.69999999999927,2.4000000000001798,0.3813018082191778,16.68130180821827,False,carry_ungated
2022-04-28 21:00:00+00:00,2022-05-01 21:00:00+00:00,2022-06-01 21:00:00+00:00,CAD,CAD_JPY,-1,-1,0.1362490902743813,0.0068056492472361564,2022-05-01 21:00:00+00:00,2022-06-01 21:00:00+00:00,101.03,102.824,-179.3999999999997,3.649999999998954,-18.953807115621778,-202.00380711562042,False,carry_ungated
2022-04-28 21:00:00+00:00,2022-05-01 21:00:00+00:00,2022-06-01 21:00:00+00:00,CHF,CHF_JPY,-1,-1,0.18396417385431524,0.005040457058757386,2022-05-01 21:00:00+00:00,2022-06-01 21:00:00+00:00,133.83,135.094,-126.39999999999816,7.4500000000000455,-3.7492748310909967,-137.5992748310892,False,carry_ungated
2022-05-31 21:00:00+00:00,2022-06-01 21:00:00+00:00,2022-07-03 21:00:00+00:00,EUR,EUR_USD,-1,-1,0.19021839016876135,0.006031886279753367,2022-06-01 21:00:00+00:00,2022-07-03 21:00:00+00:00,1.06476,1.04245,223.0999999999983,2.5999999999992696,7.5259397260274,228.02593972602642,False,carry_ungated
2022-05-31 21:00:00+00:00,2022-06-01 21:00:00+00:00,2022-07-03 21:00:00+00:00,GBP,GBP_USD,1,1,0.17840694280361558,0.006431227842285923,2022-06-01 21:00:00+00:00,2022-07-03 21:00:00+00:00,1.24856,1.21016,-383.9999999999999,3.250000000000197,-13.866897283287674,-401.11689728328776,False,carry_ungated
2022-05-31 21:00:00+00:00,2022-06-01 21:00:00+00:00,2022-07-03 21:00:00+00:00,AUD,AUD_USD,1,1,0.1403468562015834,0.008175286065316081,2022-06-01 21:00:00+00:00,2022-07-03 21:00:00+00:00,0.71748,0.68134,-361.4000000000006,1.9999999999997797,-9.33261924657534,-372.7326192465757,False,carry_ungated
2022-05-31 21:00:00+00:00,2022-06-01 21:00:00+00:00,2022-07-03 21:00:00+00:00,NZD,NZD_USD,1,1,0.15940960287085762,0.00719765733777812,2022-06-01 21:00:00+00:00,2022-07-03 21:00:00+00:00,0.64848,0.61928,-291.9999999999989,2.6500000000001522,0.24534583561643816,-294.40465416438263,False,carry_ungated
2022-05-31 21:00:00+00:00,2022-06-01 21:00:00+00:00,2022-07-03 21:00:00+00:00,CAD,CAD_JPY,-1,-1,0.15025126342526637,0.0076363796993056164,2022-06-01 21:00:00+00:00,2022-07-03 21:00:00+00:00,102.824,105.044,-221.9999999999999,3.8499999999991985,-21.687808430264823,-247.5378084302639,False,carry_ungated
2022-05-31 21:00:00+00:00,2022-06-01 21:00:00+00:00,2022-07-03 21:00:00+00:00,CHF,CHF_JPY,-1,-1,0.18136694452991567,0.006326266899349292,2022-06-01 21:00:00+00:00,2022-07-03 21:00:00+00:00,135.094,140.752,-565.8000000000015,10.300000000000864,-6.568792935078271,-582.6687929350807,False,carry_ungated
2022-06-30 21:00:00+00:00,2022-07-03 21:00:00+00:00,2022-08-01 21:00:00+00:00,EUR,EUR_USD,-1,-1,0.2070449798650087,0.005803110681926445,2022-07-03 21:00:00+00:00,2022-08-01 21:00:00+00:00,1.04245,1.02612,163.30000000000177,2.60000000000038,10.219598986301374,170.91959898630276,False,carry_ungated
2022-06-30 21:00:00+00:00,2022-07-03 21:00:00+00:00,2022-08-01 21:00:00+00:00,GBP,GBP_USD,1,1,0.15944965807257958,0.007535324621059815,2022-07-03 21:00:00+00:00,2022-08-01 21:00:00+00:00,1.21016,1.22571,155.50000000000173,3.1000000000003247,-16.620643572602738,135.77935642739865,False,carry_ungated
2022-06-30 21:00:00+00:00,2022-07-03 21:00:00+00:00,2022-08-01 21:00:00+00:00,JPY,USD_JPY,-1,1,0.1709951152177725,0.007026545365133322,2022-07-03 21:00:00+00:00,2022-08-01 21:00:00+00:00,135.315,131.638,-367.69999999999925,3.300000000001546,7.420996900000003,-363.5790031000008,False,carry_ungated
2022-06-30 21:00:00+00:00,2022-07-03 21:00:00+00:00,2022-08-01 21:00:00+00:00,AUD,AUD_USD,1,1,0.1360472469939478,0.008831526994054704,2022-07-03 21:00:00+00:00,2022-08-01 21:00:00+00:00,0.68134,0.70218,208.4000000000008,2.0999999999998797,-8.343113753424658,197.95688624657626,False,carry_ungated
2022-06-30 21:00:00+00:00,2022-07-03 21:00:00+00:00,2022-08-01 21:00:00+00:00,NZD,NZD_USD,1,1,0.15825087348067093,0.007592406334746909,2022-07-03 21:00:00+00:00,2022-08-01 21:00:00+00:00,0.61928,0.63323,139.49999999999906,3.2999999999999696,-0.05313221917808453,136.146867780821,False,carry_ungated
2022-06-30 21:00:00+00:00,2022-07-03 21:00:00+00:00,2022-08-01 21:00:00+00:00,CHF,CHF_JPY,-1,-1,0.16821212637002045,0.007142796183735869,2022-07-03 21:00:00+00:00,2022-08-01 21:00:00+00:00,140.752,138.72,203.20000000000107,7.050000000000978,-12.161146823147568,183.98885317685253,False,carry_ungated
2022-07-31 21:00:00+00:00,2022-08-01 21:00:00+00:00,2022-09-01 21:00:00+00:00,EUR,EUR_USD,-1,-1,0.1871230877771176,0.006376684151593552,2022-08-01 21:00:00+00:00,2022-09-01 21:00:00+00:00,1.02612,0.99448,316.3999999999989,6.050000000000222,14.487433972602748,324.8374339726014,False,carry_ungated
2022-07-31 21:00:00+00:00,2022-08-01 21:00:00+00:00,2022-09-01 21:00:00+00:00,GBP,GBP_USD,1,1,0.16279656819971888,0.007329545342514507,2022-08-01 21:00:00+00:00,2022-09-01 21:00:00+00:00,1.22571,1.15444,-712.7000000000016,7.249999999998646,-21.93345648328768,-741.883456483288,False,carry_ungated
2022-07-31 21:00:00+00:00,2022-08-01 21:00:00+00:00,2022-09-01 21:00:00+00:00,JPY,USD_JPY,-1,1,0.17000750359916705,0.007018659782446456,2022-08-01 21:00:00+00:00,2022-09-01 21:00:00+00:00,131.638,140.174,853.6000000000001,6.450000000000955,18.398674254794525,865.5486742547937,False,carry_ungated
2022-07-31 21:00:00+00:00,2022-08-01 21:00:00+00:00,2022-09-01 21:00:00+00:00,AUD,AUD_USD,1,1,0.1410888758617953,0.008457256611743279,2022-08-01 21:00:00+00:00,2022-09-01 21:00:00+00:00,0.70218,0.6788,-233.80000000000067,3.9000000000000146,-10.423172506849312,-248.12317250684998,False,carry_ungated
2022-07-31 21:00:00+00:00,2022-08-01 21:00:00+00:00,2022-09-01 21:00:00+00:00,NZD,NZD_USD,1,1,0.16704102502049975,0.007143304036114237,2022-08-01 21:00:00+00:00,2022-09-01 21:00:00+00:00,0.63323,0.60792,-253.09999999999943,3.7999999999999146,-2.2690583013698657,-259.1690583013692,False,carry_ungated
2022-07-31 21:00:00+00:00,2022-08-01 21:00:00+00:00,2022-09-01 21:00:00+00:00,CHF,CHF_JPY,-1,-1,0.17194293954170134,0.006939655861450489,2022-08-01 21:00:00+00:00,2022-09-01 21:00:00+00:00,138.72,142.791,-407.0999999999998,11.300000000001376,-15.55778948952366,-433.9577894895248,False,carry_ungated
2022-08-31 21:00:00+00:00,2022-09-01 21:00:00+00:00,2022-10-02 21:00:00+00:00,EUR,EUR_USD,-1,-1,0.18936946123393716,0.005958782561349347,2022-09-01 21:00:00+00:00,2022-10-02 21:00:00+00:00,0.99448,0.97969,147.9000000000008,5.850000000000022,10.379525205479455,152.42952520548025,False,carry_ungated
2022-08-31 21:00:00+00:00,2022-09-01 21:00:00+00:00,2022-10-02 21:00:00+00:00,GBP,GBP_USD,1,1,0.17394676405560733,0.006487107991800154,2022-09-01 21:00:00+00:00,2022-10-02 21:00:00+00:00,1.15444,1.117,-374.3999999999992,7.399999999998519,-19.32784001863014,-401.1278400186278,False,carry_ungated
2022-08-31 21:00:00+00:00,2022-09-01 21:00:00+00:00,2022-10-02 21:00:00+00:00,JPY,USD_JPY,-1,1,0.15228883485660163,0.007409679405029542,2022-09-01 21:00:00+00:00,2022-10-02 21:00:00+00:00,140.174,144.75,457.59999999999934,6.049999999999045,19.551976279452063,471.10197627945234,False,carry_ungated
2022-08-31 21:00:00+00:00,2022-09-01 21:00:00+00:00,2022-10-02 21:00:00+00:00,AUD,AUD_USD,1,1,0.13899304213805663,0.008118474319974209,2022-09-01 21:00:00+00:00,2022-10-02 21:00:00+00:00,0.6788,0.64062,-381.7999999999999,3.750000000000142,-8.087634493150686,-393.63763449315076,False,carry_ungated
2022-08-31 21:00:00+00:00,2022-09-01 21:00:00+00:00,2022-10-02 21:00:00+00:00,NZD,NZD_USD,1,1,0.1601659332058815,0.007045264999033324,2022-09-01 21:00:00+00:00,2022-10-02 21:00:00+00:00,0.60792,0.56013,-477.9,3.4000000000000696,-1.4361326301369863,-482.73613263013704,False,carry_ungated
2022-08-31 21:00:00+00:00,2022-09-01 21:00:00+00:00,2022-10-02 21:00:00+00:00,CHF,CHF_JPY,-1,-1,0.18523596450991575,0.006091751384448356,2022-09-01 21:00:00+00:00,2022-10-02 21:00:00+00:00,142.791,146.85,-405.89999999999975,12.000000000001876,-16.821420389212328,-434.72142038921396,False,carry_ungated
2022-09-29 21:00:00+00:00,2022-10-02 21:00:00+00:00,2022-11-01 21:00:00+00:00,EUR,EUR_USD,-1,-1,0.18786152801575784,0.006505137024112749,2022-10-02 21:00:00+00:00,2022-11-01 21:00:00+00:00,0.97969,0.98836,-86.70000000000066,2.1999999999999797,13.170394520547953,-75.72960547945267,False,carry_ungated
2022-09-29 21:00:00+00:00,2022-10-02 21:00:00+00:00,2022-11-01 21:00:00+00:00,GBP,GBP_USD,1,1,0.15117408099417415,0.008083826098131174,2022-10-02 21:00:00+00:00,2022-11-01 21:00:00+00:00,1.117,1.14884,318.4000000000009,2.849999999999797,-21.822184736438352,293.7278152635627,False,carry_ungated
2022-09-29 21:00:00+00:00,2022-10-02 21:00:00+00:00,2022-11-01 21:00:00+00:00,JPY,USD_JPY,-1,1,0.17305248814311,0.007061816876571484,2022-10-02 21:00:00+00:00,2022-11-01 21:00:00+00:00,144.75,148.28,353.0000000000001,2.199999999999136,27.135447598630147,377.93544759863113,False,carry_ungated
2022-09-29 21:00:00+00:00,2022-10-02 21:00:00+00:00,2022-11-01 21:00:00+00:00,AUD,AUD_USD,1,1,0.1482361079012403,0.008244043901340693,2022-10-02 21:00:00+00:00,2022-11-01 21:00:00+00:00,0.64062,0.63956,-10.599999999999499,1.5499999999996072,-9.387909534246578,-21.537909534245685,False,carry_ungated
2022-09-29 21:00:00+00:00,2022-10-02 21:00:00+00:00,2022-11-01 21:00:00+00:00,NZD,NZD_USD,1,1,0.1450015664534315,0.008427943305661994,2022-10-02 21:00:00+00:00,2022-11-01 21:00:00+00:00,0.56013,0.5841,239.69999999999933,2.4999999999997247,-2.42845495890411,234.77154504109552,False,carry_ungated
2022-09-29 21:00:00+00:00,2022-10-02 21:00:00+00:00,2022-11-01 21:00:00+00:00,CHF,CHF_JPY,-1,-1,0.19467422849228613,0.006277487219373388,2022-10-02 21:00:00+00:00,2022-11-01 21:00:00+00:00,146.85,148.443,-159.30000000000177,5.700000000001637,-23.742225863698632,-188.74222586370203,False,carry_ungated
2022-10-31 21:00:00+00:00,2022-11-01 21:00:00+00:00,2022-12-01 22:00:00+00:00,EUR,EUR_USD,-1,-1,0.1845440383833279,0.0071322669062930605,2022-11-01 21:00:00+00:00,2022-12-01 22:00:00+00:00,0.98836,1.0523,-639.4,2.5999999999992696,13.342863972602744,-628.6571360273964,False,carry_ungated
2022-10-31 21:00:00+00:00,2022-11-01 21:00:00+00:00,2022-12-01 22:00:00+00:00,GBP,GBP_USD,1,1,0.1313442257391835,0.010021128300902711,2022-11-01 21:00:00+00:00,2022-12-01 22:00:00+00:00,1.14884,1.22598,771.3999999999999,6.050000000000777,-23.48872786410959,741.8612721358895,False,carry_ungated
2022-10-31 21:00:00+00:00,2022-11-01 21:00:00+00:00,2022-12-01 22:00:00+00:00,JPY,USD_JPY,-1,1,0.19753633815175736,0.0066631656232480204,2022-11-01 21:00:00+00:00,2022-12-01 22:00:00+00:00,148.28,135.293,-1298.6999999999994,3.300000000000125,38.83449361780821,-1263.1655063821913,False,carry_ungated
2022-10-31 21:00:00+00:00,2022-11-01 21:00:00+00:00,2022-12-01 22:00:00+00:00,AUD,AUD_USD,1,1,0.14434863155740182,0.009118322241881993,2022-11-01 21:00:00+00:00,2022-12-01 22:00:00+00:00,0.63956,0.68108,415.2,2.0999999999998797,-12.587119972602743,400.5128800273974,False,carry_ungated
2022-10-31 21:00:00+00:00,2022-11-01 21:00:00+00:00,2022-12-01 22:00:00+00:00,NZD,NZD_USD,1,1,0.1357073641376185,0.009698938197490393,2022-11-01 21:00:00+00:00,2022-12-01 22:00:00+00:00,0.5841,0.6363,522.0000000000002,7.749999999999702,-4.459980986301369,509.7900190136992,False,carry_ungated
2022-10-31 21:00:00+00:00,2022-11-01 21:00:00+00:00,2022-12-01 22:00:00+00:00,CHF,CHF_JPY,-1,-1,0.20651940203071095,0.006373335022146515,2022-11-01 21:00:00+00:00,2022-12-01 22:00:00+00:00,148.443,144.378,406.5000000000026,7.30000000000075,-25.91699877626681,373.283001223735,False,carry_ungated
2022-11-30 22:00:00+00:00,2022-12-01 22:00:00+00:00,2023-01-01 22:00:00+00:00,EUR,EUR_USD,-1,-1,0.18876672057805435,0.008197724270772363,2022-12-01 22:00:00+00:00,2023-01-01 22:00:00+00:00,1.0523,1.06999,-176.89999999999984,6.249999999999867,13.358543013698636,-169.79145698630106,False,carry_ungated
2022-11-30 22:00:00+00:00,2022-12-01 22:00:00+00:00,2023-01-01 22:00:00+00:00,GBP,GBP_USD,1,1,0.13007117847061128,0.011897005508768098,2022-12-01 22:00:00+00:00,2023-01-01 22:00:00+00:00,1.22598,1.20763,-183.50000000000088,9.900000000000464,-21.692410528219177,-215.0924105282205,False,carry_ungated
2022-11-30 22:00:00+00:00,2022-12-01 22:00:00+00:00,2023-01-01 22:00:00+00:00,JPY,USD_JPY,-1,1,0.17770602112500355,0.008707963393701189,2022-12-01 22:00:00+00:00,2023-01-01 22:00:00+00:00,135.293,130.827,-446.6000000000008,7.150000000000034,39.6877062780822,-414.06229372191865,False,carry_ungated
2022-11-30 22:00:00+00:00,2022-12-01 22:00:00+00:00,2023-01-01 22:00:00+00:00,AUD,AUD_USD,1,1,0.145549039358705,0.010631863553445505,2022-12-01 22:00:00+00:00,2023-01-01 22:00:00+00:00,0.68108,0.68194,8.599999999999719,6.800000000000139,-12.196274835616432,-10.396274835616852,False,carry_ungated
2022-11-30 22:00:00+00:00,2022-12-01 22:00:00+00:00,2023-01-01 22:00:00+00:00,NZD,NZD_USD,1,1,0.14189732725376888,0.01090547339224615,2022-12-01 22:00:00+00:00,2023-01-01 22:00:00+00:00,0.6363,0.63494,-13.600000000000279,16.450000000000074,-4.434977589041096,-34.48497758904145,False,carry_ungated
2022-11-30 22:00:00+00:00,2022-12-01 22:00:00+00:00,2023-01-01 22:00:00+00:00,CHF,CHF_JPY,-1,-1,0.21600971321385684,0.0071638330692323365,2022-12-01 22:00:00+00:00,2023-01-01 22:00:00+00:00,144.378,141.581,279.6999999999997,13.600000000000989,-26.576349383826166,239.52365061617255,False,carry_ungated
2022-12-29 22:00:00+00:00,2023-01-01 22:00:00+00:00,2023-02-01 22:00:00+00:00,EUR,EUR_USD,-1,-1,0.21113385657294073,0.007130353389726621,2023-01-01 22:00:00+00:00,2023-02-01 22:00:00+00:00,1.06999,1.09886,-288.6999999999995,5.850000000000577,14.487433972602744,-280.06256602739734,False,carry_ungated
2022-12-29 22:00:00+00:00,2023-01-01 22:00:00+00:00,2023-02-01 22:00:00+00:00,GBP,GBP_USD,1,1,0.14709847936472467,0.010234361472685234,2023-01-01 22:00:00+00:00,2023-02-01 22:00:00+00:00,1.20763,1.23764,300.10000000000093,6.399999999999739,-23.853307117808225,269.84669288219294,False,carry_ungated
2022-12-29 22:00:00+00:00,2023-01-01 22:00:00+00:00,2023-02-01 22:00:00+00:00,JPY,USD_JPY,-1,1,0.14626586050719978,0.010292620606616659,2023-01-01 22:00:00+00:00,2023-02-01 22:00:00+00:00,130.827,128.985,-184.19999999999845,6.25,47.711545421917805,-142.73845457808065,False,carry_ungated
2022-12-29 22:00:00+00:00,2023-01-01 22:00:00+00:00,2023-02-01 22:00:00+00:00,AUD,AUD_USD,1,1,0.15124455912979481,0.009953806064580278,2023-01-01 22:00:00+00:00,2023-02-01 22:00:00+00:00,0.68194,0.71372,317.8000000000003,6.249999999999867,-14.865461136986305,296.6845388630141,False,carry_ungated
2022-12-29 22:00:00+00:00,2023-01-01 22:00:00+00:00,2023-02-01 22:00:00+00:00,NZD,NZD_USD,1,1,0.16106344789069613,0.00934699355823169,2023-01-01 22:00:00+00:00,2023-02-01 22:00:00+00:00,0.63494,0.65011,151.70000000000016,10.949999999999571,-4.963174356164384,135.7868256438362,False,carry_ungated
2022-12-29 22:00:00+00:00,2023-01-01 22:00:00+00:00,2023-02-01 22:00:00+00:00,CHF,CHF_JPY,-1,-1,0.183193796534644,0.008217849285176111,2023-01-01 22:00:00+00:00,2023-02-01 22:00:00+00:00,141.581,141.875,-29.400000000001114,11.400000000000432,-33.91257030056262,-74.71257030056417,False,carry_ungated
2023-01-31 22:00:00+00:00,2023-02-01 22:00:00+00:00,2023-03-01 22:00:00+00:00,EUR,EUR_USD,-1,-1,0.22699317133584512,0.006121011336504603,2023-02-01 22:00:00+00:00,2023-03-01 22:00:00+00:00,1.09886,1.0669,319.59999999999985,1.8499999999999073,10.715056684931511,328.4650566849315,False,carry_ungated
2023-01-31 22:00:00+00:00,2023-02-01 22:00:00+00:00,2023-03-01 22:00:00+00:00,GBP,GBP_USD,1,1,0.16977282241829564,0.008184041210273874,2023-02-01 22:00:00+00:00,2023-03-01 22:00:00+00:00,1.23764,1.20316,-344.80000000000064,2.349999999999852,-18.251723649315075,-365.40172364931556,False,carry_ungated
2023-01-31 22:00:00+00:00,2023-02-01 22:00:00+00:00,2023-03-01 22:00:00+00:00,JPY,USD_JPY,-1,1,0.13126122564366322,0.01058521104189397,2023-02-01 22:00:00+00:00,2023-03-01 22:00:00+00:00,128.985,136.178,719.2999999999984,2.250000000000796,43.562676783561656,760.6126767835592,False,carry_ungated
2023-01-31 22:00:00+00:00,2023-02-01 22:00:00+00:00,2023-03-01 22:00:00+00:00,AUD,AUD_USD,1,1,0.14684398342660282,0.00946193192688973,2023-02-01 22:00:00+00:00,2023-03-01 22:00:00+00:00,0.71372,0.676,-377.19999999999976,1.5500000000001624,-12.876917342465752,-391.6269173424657,False,carry_ungated
2023-01-31 22:00:00+00:00,2023-02-01 22:00:00+00:00,2023-03-01 22:00:00+00:00,NZD,NZD_USD,1,1,0.16804448875193778,0.008268213884162968,2023-02-01 22:00:00+00:00,2023-03-01 22:00:00+00:00,0.65011,0.62468,-254.29999999999953,1.8499999999993522,-4.302147041095891,-260.4521470410948,False,carry_ungated
2023-01-31 22:00:00+00:00,2023-02-01 22:00:00+00:00,2023-03-01 22:00:00+00:00,CHF,CHF_JPY,-1,-1,0.15708430842365542,0.008845108648971872,2023-02-01 22:00:00+00:00,2023-03-01 22:00:00+00:00,141.875,145.058,-318.2999999999993,2.7000000000001023,-29.5428358002823,-350.5428358002817,False,carry_ungated
2023-02-28 22:00:00+00:00,2023-03-01 22:00:00+00:00,2023-04-02 21:00:00+00:00,EUR,EUR_USD,-1,-1,0.24383541394656505,0.004808697101585112,2023-03-01 22:00:00+00:00,2023-04-02 21:00:00+00:00,1.0669,1.08416,-172.60000000000053,1.9500000000005624,9.614388000000003,-164.9356120000011,False,carry_ungated
2023-02-28 22:00:00+00:00,2023-03-01 22:00:00+00:00,2023-04-02 21:00:00+00:00,GBP,GBP_USD,1,1,0.18879806450138437,0.006210501423334537,2023-03-01 22:00:00+00:00,2023-04-02 21:00:00+00:00,1.20316,1.2329,297.400000000001,2.249999999999197,-19.367010904109602,275.7829890958922,False,carry_ungated
2023-02-28 22:00:00+00:00,2023-03-01 22:00:00+00:00,2023-04-02 21:00:00+00:00,JPY,USD_JPY,-1,1,0.12490604630604529,0.009387300959280337,2023-03-01 22:00:00+00:00,2023-04-02 21:00:00+00:00,136.178,133.315,-286.29999999999995,2.250000000000796,47.62364942465755,-240.9263505753432,False,carry_ungated
2023-02-28 22:00:00+00:00,2023-03-01 22:00:00+00:00,2023-04-02 21:00:00+00:00,AUD,AUD_USD,1,1,0.1434592628411597,0.008173265532577684,2023-03-01 22:00:00+00:00,2023-04-02 21:00:00+00:00,0.676,0.66867,-73.30000000000058,1.8000000000001348,-12.93792731506849,-88.03792731506921,False,carry_ungated
2023-02-28 22:00:00+00:00,2023-03-01 22:00:00+00:00,2023-04-02 21:00:00+00:00,NZD,NZD_USD,1,1,0.16070378031161187,0.007296223187998835,2023-03-01 22:00:00+00:00,2023-04-02 21:00:00+00:00,0.62468,0.6259,12.199999999999989,1.9999999999997797,-4.152126657534246,6.047873342465963,False,carry_ungated
2023-02-28 22:00:00+00:00,2023-03-01 22:00:00+00:00,2023-04-02 21:00:00+00:00,CHF,CHF_JPY,-1,-1,0.13829743209323375,0.008478325523196896,2023-03-01 22:00:00+00:00,2023-04-02 21:00:00+00:00,145.058,145.582,-52.40000000000009,3.499999999999659,-36.99871515179567,-92.89871515179541,False,carry_ungated
2023-03-30 21:00:00+00:00,2023-04-02 21:00:00+00:00,2023-05-01 21:00:00+00:00,EUR,EUR_USD,-1,-1,0.20920242841246992,0.005527926077112535,2023-04-02 21:00:00+00:00,2023-05-01 21:00:00+00:00,1.08416,1.09738,-132.2000000000001,1.80000000000069,8.184459452054803,-125.815540547946,False,carry_ungated
2023-03-30 21:00:00+00:00,2023-04-02 21:00:00+00:00,2023-05-01 21:00:00+00:00,GBP,GBP_USD,1,1,0.17932585332004805,0.00644890593300343,2023-04-02 21:00:00+00:00,2023-05-01 21:00:00+00:00,1.2329,1.24972,168.19999999999834,2.1999999999988695,-18.696443524383568,147.3035564756159,False,carry_ungated
2023-03-30 21:00:00+00:00,2023-04-02 21:00:00+00:00,2023-05-01 21:00:00+00:00,JPY,USD_JPY,-1,1,0.14969953598648128,0.00772517798265584,2023-04-02 21:00:00+00:00,2023-05-01 21:00:00+00:00,133.315,137.502,418.7000000000012,2.549999999999386,48.3179390191781,464.4679390191799,False,carry_ungated
2023-03-30 21:00:00+00:00,2023-04-02 21:00:00+00:00,2023-05-01 21:00:00+00:00,AUD,AUD_USD,1,1,0.14824048943879103,0.007801212501352845,2023-04-02 21:00:00+00:00,2023-05-01 21:00:00+00:00,0.66867,0.66341,-52.59999999999931,1.7499999999998073,-13.115237547945208,-67.46523754794433,False,carry_ungated
2023-03-30 21:00:00+00:00,2023-04-02 21:00:00+00:00,2023-05-01 21:00:00+00:00,NZD,NZD_USD,1,1,0.16387072263092525,0.007057121252959665,2023-04-02 21:00:00+00:00,2023-05-01 21:00:00+00:00,0.6259,0.61683,-90.70000000000022,2.0999999999998797,-3.4160891506849307,-96.21608915068502,False,carry_ungated
2023-03-30 21:00:00+00:00,2023-04-02 21:00:00+00:00,2023-05-01 21:00:00+00:00,CHF,CHF_JPY,-1,-1,0.1496609702112844,0.007727168665176569,2023-04-02 21:00:00+00:00,2023-05-01 21:00:00+00:00,145.582,153.983,-840.100000000001,3.699999999999193,-37.1317529953767,-880.9317529953769,False,carry_ungated
2023-04-30 21:00:00+00:00,2023-05-01 21:00:00+00:00,2023-06-01 21:00:00+00:00,EUR,EUR_USD,-1,-1,0.2034091701100408,0.005300029592167955,2023-05-01 21:00:00+00:00,2023-06-01 21:00:00+00:00,1.09738,1.07643,209.50000000000023,2.100000000000435,9.62693123287671,217.0269312328765,False,carry_ungated
2023-04-30 21:00:00+00:00,2023-05-01 21:00:00+00:00,2023-06-01 21:00:00+00:00,GBP,GBP_USD,1,1,0.17747085735604123,0.006074657197033275,2023-05-01 21:00:00+00:00,2023-06-01 21:00:00+00:00,1.24972,1.25314,34.19999999999978,7.949999999999902,-21.799130082191773,4.450869917808106,False,carry_ungated
2023-04-30 21:00:00+00:00,2023-05-01 21:00:00+00:00,2023-06-01 21:00:00+00:00,JPY,USD_JPY,-1,1,0.1562339659122776,0.0069003856786613235,2023-05-01 21:00:00+00:00,2023-06-01 21:00:00+00:00,137.502,138.822,131.99999999999932,3.149999999999409,58.71674576575345,187.56674576575335,False,carry_ungated
2023-04-30 21:00:00+00:00,2023-05-01 21:00:00+00:00,2023-06-01 21:00:00+00:00,AUD,AUD_USD,1,1,0.14944227876094515,0.007213986763585692,2023-05-01 21:00:00+00:00,2023-06-01 21:00:00+00:00,0.66341,0.65691,-65.00000000000061,2.249999999999752,-14.867367698630137,-82.1173676986305,False,carry_ungated
2023-04-30 21:00:00+00:00,2023-05-01 21:00:00+00:00,2023-06-01 21:00:00+00:00,NZD,NZD_USD,1,1,0.1584097291959016,0.006805608635113011,2023-05-01 21:00:00+00:00,2023-06-01 21:00:00+00:00,0.61683,0.607,-98.30000000000005,3.5000000000001696,-4.084930027397259,-105.88493002739749,False,carry_ungated
2023-04-30 21:00:00+00:00,2023-05-01 21:00:00+00:00,2023-06-01 21:00:00+00:00,CHF,CHF_JPY,-1,-1,0.15503399866479362,0.006953794846203368,2023-05-01 21:00:00+00:00,2023-06-01 21:00:00+00:00,153.983,153.272,71.10000000000127,3.09999999999917,-42.971793145750304,25.0282068542518,False,carry_ungated
2023-05-31 21:00:00+00:00,2023-06-01 21:00:00+00:00,2023-07-02 21:00:00+00:00,GBP,GBP_USD,1,1,0.20892834046666606,0.005245481617964087,2023-06-01 21:00:00+00:00,2023-07-02 21:00:00+00:00,1.25314,1.26958,164.4000000000001,7.899999999999574,-17.01183847013699,139.48816152986353,False,carry_ungated
2023-05-31 21:00:00+00:00,2023-06-01 21:00:00+00:00,2023-07-02 21:00:00+00:00,JPY,USD_JPY,-1,1,0.16782891802540714,0.006530041319957322,2023-06-01 21:00:00+00:00,2023-07-02 21:00:00+00:00,138.822,144.403,558.0999999999989,3.100000000000591,52.11921894109589,607.1192189410942,False,carry_ungated
2023-05-31 21:00:00+00:00,2023-06-01 21:00:00+00:00,2023-07-02 21:00:00+00:00,AUD,AUD_USD,1,1,0.16302715409364965,0.006722375640318733,2023-06-01 21:00:00+00:00,2023-07-02 21:00:00+00:00,0.65691,0.66637,94.60000000000024,2.449999999999952,-12.0284974109589,80.12150258904138,False,carry_ungated
2023-05-31 21:00:00+00:00,2023-06-01 21:00:00+00:00,2023-07-02 21:00:00+00:00,NZD,NZD_USD,1,1,0.15137255075746597,0.007239950465957156,2023-06-01 21:00:00+00:00,2023-07-02 21:00:00+00:00,0.607,0.61292,59.20000000000036,3.450000000000397,-3.6973773698630166,52.05262263013694,False,carry_ungated
2023-05-31 21:00:00+00:00,2023-06-01 21:00:00+00:00,2023-07-02 21:00:00+00:00,CAD,CAD_JPY,-1,-1,0.14831452378752097,0.007389227578006418,2023-06-01 21:00:00+00:00,2023-07-02 21:00:00+00:00,103.209,108.993,-578.3999999999992,6.000000000000227,-50.54394833036112,-634.9439483303605,False,carry_ungated
2023-05-31 21:00:00+00:00,2023-06-01 21:00:00+00:00,2023-07-02 21:00:00+00:00,CHF,CHF_JPY,-1,-1,0.16052851286929026,0.00682701004202285,2023-06-01 21:00:00+00:00,2023-07-02 21:00:00+00:00,153.272,161.169,-789.700000000002,3.7499999999994316,-40.17433531443035,-833.6243353144317,False,carry_ungated
2023-06-29 21:00:00+00:00,2023-07-02 21:00:00+00:00,2023-08-01 21:00:00+00:00,GBP,GBP_USD,1,1,0.2109470228745517,0.004416244228139739,2023-07-02 21:00:00+00:00,2023-08-01 21:00:00+00:00,1.26958,1.27736,77.80000000000119,1.9000000000002348,-14.14898639671233,61.75101360328863,False,carry_ungated
2023-06-29 21:00:00+00:00,2023-07-02 21:00:00+00:00,2023-08-01 21:00:00+00:00,JPY,USD_JPY,-1,1,0.17322819320292338,0.005377840379144928,2023-07-02 21:00:00+00:00,2023-08-01 21:00:00+00:00,144.403,143.348,-105.49999999999784,2.5000000000005684,54.15725188767126,-53.84274811232715,False,carry_ungated
2023-06-29 21:00:00+00:00,2023-07-02 21:00:00+00:00,2023-08-01 21:00:00+00:00,AUD,AUD_USD,1,1,0.1498995454325204,0.006214785838909508,2023-07-02 21:00:00+00:00,2023-08-01 21:00:00+00:00,0.66637,0.66132,-50.499999999999986,1.7000000000000348,-12.37167850684932,-64.57167850684934,False,carry_ungated
2023-06-29 21:00:00+00:00,2023-07-02 21:00:00+00:00,2023-08-01 21:00:00+00:00,NZD,NZD_USD,1,1,0.1333482705690777,0.006986169136182474,2023-07-02 21:00:00+00:00,2023-08-01 21:00:00+00:00,0.61292,0.61472,18.000000000000238,1.60000000000049,-4.531865753424656,11.868134246575094,False,carry_ungated
2023-06-29 21:00:00+00:00,2023-07-02 21:00:00+00:00,2023-08-01 21:00:00+00:00,CAD,CAD_JPY,-1,-1,0.1432037656983602,0.006505370635121976,2023-07-02 21:00:00+00:00,2023-08-01 21:00:00+00:00,108.993,107.91,108.29999999999984,3.149999999999409,-54.19528309911331,50.95471690088712,False,carry_ungated
2023-06-29 21:00:00+00:00,2023-07-02 21:00:00+00:00,2023-08-01 21:00:00+00:00,CHF,CHF_JPY,-1,-1,0.18937320222256657,0.004919352692352516,2023-07-02 21:00:00+00:00,2023-08-01 21:00:00+00:00,161.169,163.8,-263.1,4.449999999999932,-43.40833260563511,-310.95833260563506,False,carry_ungated
2023-07-31 21:00:00+00:00,2023-08-01 21:00:00+00:00,2023-09-03 21:00:00+00:00,EUR,EUR_USD,-1,-1,0.21282872860566532,0.0042947103200242755,2023-08-01 21:00:00+00:00,2023-09-03 21:00:00+00:00,1.09831,1.07784,204.69999999999987,1.7500000000003624,6.726308630136989,209.6763086301365,False,carry_ungated
2023-07-31 21:00:00+00:00,2023-08-01 21:00:00+00:00,2023-09-03 21:00:00+00:00,GBP,GBP_USD,1,1,0.190691307882425,0.004793284745332845,2023-08-01 21:00:00+00:00,2023-09-03 21:00:00+00:00,1.27736,1.25964,-177.19999999999956,2.1999999999999797,-15.482081396164387,-194.88208139616393,False,carry_ungated
2023-07-31 21:00:00+00:00,2023-08-01 21:00:00+00:00,2023-09-03 21:00:00+00:00,JPY,USD_JPY,-1,1,0.1637369945243642,0.005582353210986703,2023-08-01 21:00:00+00:00,2023-09-03 21:00:00+00:00,143.348,146.104,275.6,2.7000000000001023,63.002341510958935,335.9023415109589,False,carry_ungated
2023-07-31 21:00:00+00:00,2023-08-01 21:00:00+00:00,2023-09-03 21:00:00+00:00,AUD,AUD_USD,1,1,0.13034413372300965,0.007012496159457321,2023-08-01 21:00:00+00:00,2023-09-03 21:00:00+00:00,0.66132,0.64462,-167.00000000000048,1.9500000000000073,-14.974135150684939,-183.92413515068543,False,carry_ungated
2023-07-31 21:00:00+00:00,2023-08-01 21:00:00+00:00,2023-09-03 21:00:00+00:00,NZD,NZD_USD,1,1,0.1258827947139702,0.007261021962669842,2023-08-01 21:00:00+00:00,2023-09-03 21:00:00+00:00,0.61472,0.59433,-203.90000000000018,1.5500000000001624,-5.1975812054794535,-210.64758120547978,False,carry_ungated
2023-07-31 21:00:00+00:00,2023-08-01 21:00:00+00:00,2023-09-03 21:00:00+00:00,CHF,CHF_JPY,-1,-1,0.17651604055056572,0.00517821346031471,2023-08-01 21:00:00+00:00,2023-09-03 21:00:00+00:00,163.8,165.001,-120.09999999999934,4.699999999999704,-48.89364174487863,-173.69364174487768,False,carry_ungated
2023-08-31 21:00:00+00:00,2023-09-03 21:00:00+00:00,2023-10-01 21:00:00+00:00,GBP,GBP_USD,1,1,0.19940538896817642,0.004655761707254282,2023-09-03 21:00:00+00:00,2023-10-01 21:00:00+00:00,1.25964,1.21928,-403.6000000000017,2.449999999998287,-12.892103916712335,-418.94210391671237,False,carry_ungated
2023-08-31 21:00:00+00:00,2023-09-03 21:00:00+00:00,2023-10-01 21:00:00+00:00,JPY,USD_JPY,-1,1,0.1678515210717582,0.005530983384900562,2023-09-03 21:00:00+00:00,2023-10-01 21:00:00+00:00,146.104,149.622,351.80000000000007,2.39999999999867,53.336001408219175,402.73600140822055,False,carry_ungated
2023-08-31 21:00:00+00:00,2023-09-03 21:00:00+00:00,2023-10-01 21:00:00+00:00,AUD,AUD_USD,1,1,0.14152573010438343,0.006559824658692409,2023-09-03 21:00:00+00:00,2023-10-01 21:00:00+00:00,0.64462,0.64226,-23.599999999999177,1.9500000000000073,-12.705326794520552,-38.25532679451973,False,carry_ungated
2023-08-31 21:00:00+00:00,2023-09-03 21:00:00+00:00,2023-10-01 21:00:00+00:00,NZD,NZD_USD,1,1,0.14712801305639842,0.006310042220323499,2023-09-03 21:00:00+00:00,2023-10-01 21:00:00+00:00,0.59433,0.59964,53.099999999999255,1.8999999999996797,-4.681886136986304,46.51811386301327,False,carry_ungated
2023-08-31 21:00:00+00:00,2023-09-03 21:00:00+00:00,2023-10-01 21:00:00+00:00,CAD,CAD_JPY,-1,-1,0.17004249726626644,0.0054597173595047925,2023-09-03 21:00:00+00:00,2023-10-01 21:00:00+00:00,107.496,110.228,-273.19999999999993,2.7000000000001023,-51.389797097589025,-327.28979709758903,False,carry_ungated
2023-08-31 21:00:00+00:00,2023-09-03 21:00:00+00:00,2023-10-01 21:00:00+00:00,CHF,CHF_JPY,-1,-1,0.17404684953301708,0.005334103873003829,2023-09-03 21:00:00+00:00,2023-10-01 21:00:00+00:00,165.001,163.368,163.30000000000098,4.099999999999682,-41.37659734178083,117.82340265822046,False,carry_ungated
2023-09-28 21:00:00+00:00,2023-10-01 21:00:00+00:00,2023-11-01 21:00:00+00:00,GBP,GBP_USD,1,1,0.2048586130177457,0.004202357954117258,2023-10-01 21:00:00+00:00,2023-11-01 21:00:00+00:00,1.21928,1.21458,-46.99999999999926,2.1999999999988695,-15.173229793972599,-64.37322979397072,False,carry_ungated
2023-09-28 21:00:00+00:00,2023-10-01 21:00:00+00:00,2023-11-01 21:00:00+00:00,JPY,USD_JPY,-1,1,0.16057605779404222,0.0053612551815709975,2023-10-01 21:00:00+00:00,2023-11-01 21:00:00+00:00,149.622,150.95,132.79999999999745,2.049999999999841,62.355551268493166,193.10555126849079,False,carry_ungated
2023-09-28 21:00:00+00:00,2023-10-01 21:00:00+00:00,2023-11-01 21:00:00+00:00,AUD,AUD_USD,1,1,0.1390389390604861,0.006191713110742598,2023-10-01 21:00:00+00:00,2023-11-01 21:00:00+00:00,0.64226,0.63933,-29.300000000000992,1.3999999999997348,-14.865461136986307,-45.56546113698703,False,carry_ungated
2023-09-28 21:00:00+00:00,2023-10-01 21:00:00+00:00,2023-11-01 21:00:00+00:00,NZD,NZD_USD,1,1,0.1540469551407892,0.005588485803550964,2023-10-01 21:00:00+00:00,2023-11-01 21:00:00+00:00,0.59964,0.58472,-149.19999999999933,1.8000000000001348,-5.692961013698633,-156.6929610136981,False,carry_ungated
2023-09-28 21:00:00+00:00,2023-10-01 21:00:00+00:00,2023-11-01 21:00:00+00:00,CAD,CAD_JPY,-1,-1,0.17098247344101652,0.0050349559493390525,2023-10-01 21:00:00+00:00,2023-11-01 21:00:00+00:00,110.228,108.924,130.39999999999878,2.349999999999852,-60.32604693739726,67.72395306260168,False,carry_ungated
2023-09-28 21:00:00+00:00,2023-10-01 21:00:00+00:00,2023-11-01 21:00:00+00:00,CHF,CHF_JPY,-1,-1,0.17049696154592037,0.0050492936300960845,2023-10-01 21:00:00+00:00,2023-11-01 21:00:00+00:00,163.368,166.332,-296.39999999999986,3.699999999999193,-48.074955540270835,-348.1749555402699,False,carry_ungated
2023-10-31 21:00:00+00:00,2023-11-01 21:00:00+00:00,2023-12-03 22:00:00+00:00,GBP,GBP_USD,1,1,0.19089468164507592,0.003929955212692181,2023-11-01 21:00:00+00:00,2023-12-03 22:00:00+00:00,1.21458,1.26984,552.6000000000008,2.049999999998997,-13.790023961643847,536.7599760383579,False,carry_ungated
2023-10-31 21:00:00+00:00,2023-11-01 21:00:00+00:00,2023-12-03 22:00:00+00:00,JPY,USD_JPY,-1,1,0.17216511730386294,0.004357488676885697,2023-11-01 21:00:00+00:00,2023-12-03 22:00:00+00:00,150.95,146.742,-420.79999999999984,2.1000000000015007,56.62499859863012,-366.27500140137124,False,carry_ungated
2023-10-31 21:00:00+00:00,2023-11-01 21:00:00+00:00,2023-12-03 22:00:00+00:00,AUD,AUD_USD,1,1,0.13867142123414683,0.005409965099727034,2023-11-01 21:00:00+00:00,2023-12-03 22:00:00+00:00,0.63933,0.6669,275.70000000000095,1.3499999999994072,-12.514670630136985,261.83532936986455,False,carry_ungated
2023-10-31 21:00:00+00:00,2023-11-01 21:00:00+00:00,2023-12-03 22:00:00+00:00,NZD,NZD_USD,1,1,0.1511299548599924,0.004963989765637639,2023-11-01 21:00:00+00:00,2023-12-03 22:00:00+00:00,0.58472,0.61952,347.99999999999943,1.5999999999999348,-5.075689643835617,341.3243103561639,False,carry_ungated
2023-10-31 21:00:00+00:00,2023-11-01 21:00:00+00:00,2023-12-03 22:00:00+00:00,CAD,CAD_JPY,-1,-1,0.17773737070913803,0.004220876826370821,2023-11-01 21:00:00+00:00,2023-12-03 22:00:00+00:00,108.924,108.664,26.00000000000051,2.9000000000003467,-54.89963218643118,-31.799632186431012,False,carry_ungated
2023-10-31 21:00:00+00:00,2023-11-01 21:00:00+00:00,2023-12-03 22:00:00+00:00,CHF,CHF_JPY,-1,-1,0.16940145424778397,0.004428577974950262,2023-11-01 21:00:00+00:00,2023-12-03 22:00:00+00:00,166.332,168.566,-223.4000000000009,3.8999999999987267,-43.00951955189908,-270.3095195518987,False,carry_ungated
2023-11-30 22:00:00+00:00,2023-12-03 22:00:00+00:00,2024-01-01 22:00:00+00:00,GBP,GBP_USD,1,1,0.1698165065935533,0.0049808154197582485,2023-12-03 22:00:00+00:00,2024-01-01 22:00:00+00:00,1.26984,1.27264,27.999999999999137,1.8999999999991246,-13.335318631232887,12.764681368767125,False,carry_ungated
2023-11-30 22:00:00+00:00,2023-12-03 22:00:00+00:00,2024-01-01 22:00:00+00:00,JPY,USD_JPY,-1,1,0.17658133611307109,0.004790000422406126,2023-12-03 22:00:00+00:00,2024-01-01 22:00:00+00:00,146.742,140.858,-588.3999999999986,1.999999999999602,54.701052880821905,-535.6989471191764,False,carry_ungated
2023-11-30 22:00:00+00:00,2023-12-03 22:00:00+00:00,2024-01-01 22:00:00+00:00,AUD,AUD_USD,1,1,0.13873503657769598,0.006096691185120783,2023-12-03 22:00:00+00:00,2024-01-01 22:00:00+00:00,0.6669,0.68116,142.5999999999994,1.5499999999996072,-11.776831273972606,129.27316872602717,False,carry_ungated
2023-11-30 22:00:00+00:00,2023-12-03 22:00:00+00:00,2024-01-01 22:00:00+00:00,NZD,NZD_USD,1,1,0.1385140175930512,0.006106419330465516,2023-12-03 22:00:00+00:00,2024-01-01 22:00:00+00:00,0.61952,0.63248,129.60000000000082,1.6499999999997073,-5.07412693150685,122.87587306849426,False,carry_ungated
2023-11-30 22:00:00+00:00,2023-12-03 22:00:00+00:00,2024-01-01 22:00:00+00:00,CAD,CAD_JPY,-1,-1,0.17934529160007945,0.0047161799845671214,2023-12-03 22:00:00+00:00,2024-01-01 22:00:00+00:00,108.664,106.381,228.30000000000013,2.9000000000003467,-53.06318040064495,172.33681959935484,False,carry_ungated
2023-11-30 22:00:00+00:00,2023-12-03 22:00:00+00:00,2024-01-01 22:00:00+00:00,CHF,CHF_JPY,-1,-1,0.1970078115225489,0.004293356024991111,2023-12-03 22:00:00+00:00,2024-01-01 22:00:00+00:00,168.566,167.603,96.29999999999939,4.14999999999992,-40.3221881800473,51.82781181995217,False,carry_ungated
2023-12-28 22:00:00+00:00,2024-01-01 22:00:00+00:00,2024-02-01 22:00:00+00:00,GBP,GBP_USD,1,1,0.1903884863557791,0.005167561959538559,2024-01-01 22:00:00+00:00,2024-02-01 22:00:00+00:00,1.27264,1.27434,17.000000000000348,4.849999999999577,-15.168530756164397,-3.018530756163626,False,carry_ungated
2023-12-28 22:00:00+00:00,2024-01-01 22:00:00+00:00,2024-02-01 22:00:00+00:00,JPY,USD_JPY,-1,1,0.16071928705981242,0.006121507366194997,2024-01-01 22:00:00+00:00,2024-02-01 22:00:00+00:00,140.858,146.401,554.3000000000006,6.000000000000227,62.27076270547945,610.5707627054799,False,carry_ungated
2023-12-28 22:00:00+00:00,2024-01-01 22:00:00+00:00,2024-02-01 22:00:00+00:00,AUD,AUD_USD,1,1,0.1530200479045984,0.006429512427284273,2024-01-01 22:00:00+00:00,2024-02-01 22:00:00+00:00,0.68116,0.65709,-240.70000000000036,2.449999999999952,-13.40122179452055,-256.55122179452087,False,carry_ungated
2023-12-28 22:00:00+00:00,2024-01-01 22:00:00+00:00,2024-02-01 22:00:00+00:00,NZD,NZD_USD,1,1,0.15829822182901168,0.006215131719476703,2024-01-01 22:00:00+00:00,2024-02-01 22:00:00+00:00,0.63248,0.61366,-188.20000000000059,1.7000000000000348,-5.724215260273973,-195.6242152602746,False,carry_ungated
2023-12-28 22:00:00+00:00,2024-01-01 22:00:00+00:00,2024-02-01 22:00:00+00:00,CAD,CAD_JPY,-1,-1,0.16757165609023333,0.005871185632351055,2024-01-01 22:00:00+00:00,2024-02-01 22:00:00+00:00,106.381,109.355,-297.4000000000004,4.400000000000404,-60.501847295947705,-362.30184729594845,False,carry_ungated
2023-12-28 22:00:00+00:00,2024-01-01 22:00:00+00:00,2024-02-01 22:00:00+00:00,CHF,CHF_JPY,-1,-1,0.17000230076056502,0.00578724108570694,2024-01-01 22:00:00+00:00,2024-02-01 22:00:00+00:00,167.603,170.691,-308.7999999999994,7.150000000001455,-46.4980962877121,-362.44809628771293,False,carry_ungated
2024-01-31 22:00:00+00:00,2024-02-01 22:00:00+00:00,2024-03-03 22:00:00+00:00,GBP,GBP_USD,1,1,0.1931804290682568,0.004896507885054257,2024-02-01 22:00:00+00:00,2024-03-03 22:00:00+00:00,1.27434,1.26567,-86.69999999999955,4.799999999999249,-13.321368362739731,-104.82136836273853,False,carry_ungated
2024-01-31 22:00:00+00:00,2024-02-01 22:00:00+00:00,2024-03-03 22:00:00+00:00,JPY,USD_JPY,-1,1,0.15104358061059045,0.00626249384678955,2024-02-01 22:00:00+00:00,2024-03-03 22:00:00+00:00,146.401,150.097,369.5999999999998,5.8000000000006935,54.61049336849316,418.41049336849227,False,carry_ungated
2024-01-31 22:00:00+00:00,2024-02-01 22:00:00+00:00,2024-03-03 22:00:00+00:00,AUD,AUD_USD,1,1,0.15901424084234825,0.005948583530381337,2024-02-01 22:00:00+00:00,2024-03-03 22:00:00+00:00,0.65709,0.65266,-44.299999999999336,2.1999999999999797,-11.776831273972604,-58.27683127397192,False,carry_ungated
2024-01-31 22:00:00+00:00,2024-02-01 22:00:00+00:00,2024-03-03 22:00:00+00:00,NZD,NZD_USD,1,1,0.17577183768271828,0.005381462165050147,2024-02-01 22:00:00+00:00,2024-03-03 22:00:00+00:00,0.61366,0.611,-26.599999999999955,1.6499999999997073,-4.724079369863015,-32.97407936986268,False,carry_ungated
2024-01-31 22:00:00+00:00,2024-02-01 22:00:00+00:00,2024-03-03 22:00:00+00:00,CAD,CAD_JPY,-1,-1,0.1571464162892819,0.006019287722283232,2024-02-01 22:00:00+00:00,2024-03-03 22:00:00+00:00,109.355,110.754,-139.9000000000001,4.400000000000404,-52.987722527260274,-197.28772252726077,False,carry_ungated
2024-01-31 22:00:00+00:00,2024-02-01 22:00:00+00:00,2024-03-03 22:00:00+00:00,CHF,CHF_JPY,-1,-1,0.16384349550680435,0.0057732502059051885,2024-02-01 22:00:00+00:00,2024-03-03 22:00:00+00:00,170.691,169.923,76.80000000000007,6.300000000000239,-40.84108796113015,29.65891203886968,False,carry_ungated
2024-02-29 22:00:00+00:00,2024-03-03 22:00:00+00:00,2024-04-01 21:00:00+00:00,GBP,GBP_USD,1,1,0.22121168994411272,0.0038309611001904054,2024-03-03 22:00:00+00:00,2024-04-01 21:00:00+00:00,1.26567,1.25538,-102.90000000000131,1.7000000000000348,-13.309914458082199,-117.90991445808355,False,carry_ungated
2024-02-29 22:00:00+00:00,2024-03-03 22:00:00+00:00,2024-04-01 21:00:00+00:00,JPY,USD_JPY,-1,1,0.14236303573141373,0.005952762771103779,2024-03-03 22:00:00+00:00,2024-04-01 21:00:00+00:00,150.097,151.673,157.59999999999934,1.8999999999991246,54.23804517808222,209.93804517808243,False,carry_ungated
2024-02-29 22:00:00+00:00,2024-03-03 22:00:00+00:00,2024-04-01 21:00:00+00:00,AUD,AUD_USD,1,1,0.16481089928268694,0.0051419741216854106,2024-03-03 22:00:00+00:00,2024-04-01 21:00:00+00:00,0.65266,0.64884,-38.20000000000045,1.2499999999998623,-11.776831273972606,-51.22683127397292,False,carry_ungated
2024-02-29 22:00:00+00:00,2024-03-03 22:00:00+00:00,2024-04-01 21:00:00+00:00,NZD,NZD_USD,1,1,0.17222625701788705,0.0049205817612076545,2024-03-03 22:00:00+00:00,2024-04-01 21:00:00+00:00,0.611,0.59522,-157.80000000000015,1.6499999999997073,-5.031933698630137,-164.48193369863,False,carry_ungated
2024-02-29 22:00:00+00:00,2024-03-03 22:00:00+00:00,2024-04-01 21:00:00+00:00,CAD,CAD_JPY,-1,-1,0.1503406912790586,0.005636886273924704,2024-03-03 22:00:00+00:00,2024-04-01 21:00:00+00:00,110.754,111.772,-101.80000000000007,2.6499999999998636,-52.618885316607745,-157.0688853166077,False,carry_ungated
2024-02-29 22:00:00+00:00,2024-03-03 22:00:00+00:00,2024-04-01 21:00:00+00:00,CHF,CHF_JPY,-1,-1,0.14904742674484087,0.005685796780202451,2024-03-03 22:00:00+00:00,2024-04-01 21:00:00+00:00,169.923,167.694,222.90000000000134,3.3499999999989427,-37.28950315154108,182.26049684846132,False,carry_ungated
2024-03-31 21:00:00+00:00,2024-04-01 21:00:00+00:00,2024-05-01 21:00:00+00:00,GBP,GBP_USD,1,1,0.21426618215402113,0.00321965018481061,2024-04-01 21:00:00+00:00,2024-05-01 21:00:00+00:00,1.25538,1.25232,-30.599999999998406,1.7500000000003624,-14.584675308493152,-46.934675308491926,False,carry_ungated
2024-03-31 21:00:00+00:00,2024-04-01 21:00:00+00:00,2024-05-01 21:00:00+00:00,JPY,USD_JPY,-1,1,0.15605235693659406,0.00442070960357976,2024-04-01 21:00:00+00:00,2024-05-01 21:00:00+00:00,151.673,154.75,307.6999999999998,5.5499999999995,59.094520986301376,361.2445209863017,False,carry_ungated
2024-03-31 21:00:00+00:00,2024-04-01 21:00:00+00:00,2024-05-01 21:00:00+00:00,AUD,AUD_USD,1,1,0.1560402140461368,0.004421053618696554,2024-04-01 21:00:00+00:00,2024-05-01 21:00:00+00:00,0.64884,0.6524,35.60000000000007,1.3999999999997348,-12.995124164383563,21.204875835616775,False,carry_ungated
2024-03-31 21:00:00+00:00,2024-04-01 21:00:00+00:00,2024-05-01 21:00:00+00:00,NZD,NZD_USD,1,1,0.14625315540186604,0.004716904405072796,2024-04-01 21:00:00+00:00,2024-05-01 21:00:00+00:00,0.59522,0.5926,-26.199999999999555,1.4999999999998348,-5.7773474794520565,-33.477347479451446,False,carry_ungated
2024-03-31 21:00:00+00:00,2024-04-01 21:00:00+00:00,2024-05-01 21:00:00+00:00,CAD,CAD_JPY,-1,-1,0.16152228361531112,0.0042710029695584625,2024-04-01 21:00:00+00:00,2024-05-01 21:00:00+00:00,111.772,112.643,-87.09999999999951,4.100000000000392,-57.50506658704856,-148.70506658704846,False,carry_ungated
2024-03-31 21:00:00+00:00,2024-04-01 21:00:00+00:00,2024-05-01 21:00:00+00:00,CHF,CHF_JPY,-1,-1,0.16586580784607086,0.0041591583095358245,2024-04-01 21:00:00+00:00,2024-05-01 21:00:00+00:00,167.694,168.942,-124.80000000000189,6.1499999999995225,-40.20974260273972,-171.15974260274112,False,carry_ungated
2024-04-30 21:00:00+00:00,2024-05-01 21:00:00+00:00,2024-06-02 21:00:00+00:00,GBP,GBP_USD,1,1,0.21877246768358627,0.0037089836837860112,2024-05-01 21:00:00+00:00,2024-06-02 21:00:00+00:00,1.25232,1.274,216.79999999999922,1.80000000000069,-13.652173282191775,201.34782671780675,False,carry_ungated
2024-04-30 21:00:00+00:00,2024-05-01 21:00:00+00:00,2024-06-02 21:00:00+00:00,JPY,USD_JPY,-1,1,0.15201738882385715,0.005337701952243252,2024-05-01 21:00:00+00:00,2024-06-02 21:00:00+00:00,154.75,157.233,248.3000000000004,6.550000000000011,55.40111342465754,297.1511134246579,False,carry_ungated
2024-04-30 21:00:00+00:00,2024-05-01 21:00:00+00:00,2024-06-02 21:00:00+00:00,AUD,AUD_USD,1,1,0.1485599808404032,0.005461925267557282,2024-05-01 21:00:00+00:00,2024-06-02 21:00:00+00:00,0.6524,0.66547,130.70000000000024,1.2999999999996348,-12.182928904109591,117.21707109589101,False,carry_ungated
2024-04-30 21:00:00+00:00,2024-05-01 21:00:00+00:00,2024-06-02 21:00:00+00:00,NZD,NZD_USD,1,1,0.15099050079942186,0.005374003720789903,2024-05-01 21:00:00+00:00,2024-06-02 21:00:00+00:00,0.5926,0.61364,210.39999999999947,1.3499999999999623,-5.121008301369864,203.92899169862963,False,carry_ungated
2024-04-30 21:00:00+00:00,2024-05-01 21:00:00+00:00,2024-06-02 21:00:00+00:00,CAD,CAD_JPY,-1,-1,0.16622178667775084,0.004881571359072841,2024-05-01 21:00:00+00:00,2024-06-02 21:00:00+00:00,112.643,115.314,-267.0999999999992,4.600000000000648,-53.93463586027395,-325.6346358602738,False,carry_ungated
2024-04-30 21:00:00+00:00,2024-05-01 21:00:00+00:00,2024-06-02 21:00:00+00:00,CHF,CHF_JPY,-1,-1,0.16343787517498073,0.00496472137949232,2024-05-01 21:00:00+00:00,2024-06-02 21:00:00+00:00,168.942,174.346,-540.3999999999996,6.999999999999318,-37.696633690068495,-585.0966336900674,False,carry_ungated
2024-05-30 21:00:00+00:00,2024-06-02 21:00:00+00:00,2024-07-01 21:00:00+00:00,GBP,GBP_USD,1,1,0.21786401668724142,0.0037127129547690147,2024-06-02 21:00:00+00:00,2024-07-01 21:00:00+00:00,1.274,1.2649,-91.00000000000108,1.9000000000002348,-13.197100839452048,-106.09710083945336,False,carry_ungated
2024-05-30 21:00:00+00:00,2024-06-02 21:00:00+00:00,2024-07-01 21:00:00+00:00,JPY,USD_JPY,-1,1,0.14839880692219193,0.00545062708999296,2024-06-02 21:00:00+00:00,2024-07-01 21:00:00+00:00,157.233,161.515,428.1999999999982,3.499999999999659,53.55396572465754,478.2539657246561,False,carry_ungated
2024-05-30 21:00:00+00:00,2024-06-02 21:00:00+00:00,2024-07-01 21:00:00+00:00,AUD,AUD_USD,1,1,0.14750855894557205,0.0054835228742976935,2024-06-02 21:00:00+00:00,2024-07-01 21:00:00+00:00,0.66547,0.66572,2.4999999999997247,1.3499999999994072,-11.776831273972606,-10.62683127397229,False,carry_ungated
2024-05-30 21:00:00+00:00,2024-06-02 21:00:00+00:00,2024-07-01 21:00:00+00:00,NZD,NZD_USD,1,1,0.1544132122671165,0.0052383247861814515,2024-06-02 21:00:00+00:00,2024-07-01 21:00:00+00:00,0.61364,0.60756,-60.79999999999974,1.40000000000029,-5.131947287671235,-67.33194728767127,False,carry_ungated
2024-05-30 21:00:00+00:00,2024-06-02 21:00:00+00:00,2024-07-01 21:00:00+00:00,CAD,CAD_JPY,-1,-1,0.16153560588190732,0.0050073576826403605,2024-06-02 21:00:00+00:00,2024-07-01 21:00:00+00:00,115.314,117.573,-225.90000000000003,3.900000000000148,-50.282062546919754,-280.08206254691993,False,carry_ungated
2024-05-30 21:00:00+00:00,2024-06-02 21:00:00+00:00,2024-07-01 21:00:00+00:00,CHF,CHF_JPY,-1,-1,0.17027979929597084,0.004750220287297892,2024-06-02 21:00:00+00:00,2024-07-01 21:00:00+00:00,174.346,178.868,-452.19999999999914,5.349999999999966,-35.14304104641902,-492.6930410464181,False,carry_ungated
2024-06-30 21:00:00+00:00,2024-07-01 21:00:00+00:00,2024-08-01 21:00:00+00:00,GBP,GBP_USD,1,1,0.2238692366449849,0.003465190294944384,2024-07-01 21:00:00+00:00,2024-08-01 21:00:00+00:00,1.2649,1.27413,92.30000000000071,2.9999999999996696,-15.109168692602733,74.1908313073983,False,carry_ungated
2024-06-30 21:00:00+00:00,2024-07-01 21:00:00+00:00,2024-08-01 21:00:00+00:00,JPY,USD_JPY,-1,1,0.1419866783964034,0.005463537248142706,2024-07-01 21:00:00+00:00,2024-08-01 21:00:00+00:00,161.515,149.352,-1216.2999999999981,6.399999999999295,60.86043147671234,-1161.8395685232852,False,carry_ungated
2024-06-30 21:00:00+00:00,2024-07-01 21:00:00+00:00,2024-08-01 21:00:00+00:00,AUD,AUD_USD,1,1,0.14298482327665168,0.005425397523888698,2024-07-01 21:00:00+00:00,2024-08-01 21:00:00+00:00,0.66572,0.64981,-159.0999999999998,1.6999999999994797,-13.40122179452055,-174.20122179451982,False,carry_ungated
2024-06-30 21:00:00+00:00,2024-07-01 21:00:00+00:00,2024-08-01 21:00:00+00:00,NZD,NZD_USD,1,1,0.1466143674034764,0.005291087905621011,2024-07-01 21:00:00+00:00,2024-08-01 21:00:00+00:00,0.60756,0.59468,-128.8,2.5500000000000522,-6.1883408219178095,-137.53834082191787,False,carry_ungated
2024-06-30 21:00:00+00:00,2024-07-01 21:00:00+00:00,2024-08-01 21:00:00+00:00,CAD,CAD_JPY,-1,-1,0.15583060034800125,0.004978159003600087,2024-07-01 21:00:00+00:00,2024-08-01 21:00:00+00:00,117.573,107.616,995.6999999999994,5.000000000000426,-56.165721030035215,934.5342789699637,False,carry_ungated
2024-06-30 21:00:00+00:00,2024-07-01 21:00:00+00:00,2024-08-01 21:00:00+00:00,CHF,CHF_JPY,-1,-1,0.1887142939304824,0.004110708786291386,2024-07-01 21:00:00+00:00,2024-08-01 21:00:00+00:00,178.868,171.072,779.5999999999992,7.30000000000075,-35.716566818069836,736.5834331819286,False,carry_ungated
2021-11-30 22:00:00+00:00,2021-12-01 22:00:00+00:00,2022-01-02 22:00:00+00:00,EUR,EUR_USD,-1,-1,0.19503913294863462,0.003605676049186938,2021-12-01 22:00:00+00:00,2022-01-02 22:00:00+00:00,1.13188,1.13725,-53.70000000000097,1.7499999999992522,-3.295734438356164,-58.745734438356386,False,momentum
2021-11-30 22:00:00+00:00,2021-12-01 22:00:00+00:00,2022-01-02 22:00:00+00:00,GBP,GBP_USD,1,1,0.1659140479243506,0.004238628007242211,2021-12-01 22:00:00+00:00,2022-01-02 22:00:00+00:00,1.32805,1.35315,251.00000000000122,5.999999999999339,-11.841208164383572,233.1587918356183,False,momentum
2021-11-30 22:00:00+00:00,2021-12-01 22:00:00+00:00,2022-01-02 22:00:00+00:00,JPY,USD_JPY,-1,1,0.16603052867619936,0.004235654345825679,2021-12-01 22:00:00+00:00,2022-01-02 22:00:00+00:00,112.764,115.118,235.39999999999992,1.5999999999991132,-13.148886054794517,220.6511139452063,False,momentum
2021-11-30 22:00:00+00:00,2021-12-01 22:00:00+00:00,2022-01-02 22:00:00+00:00,AUD,AUD_USD,1,1,0.15127505529923088,0.004648802996211196,2021-12-01 22:00:00+00:00,2022-01-02 22:00:00+00:00,0.71062,0.72636,157.39999999999975,1.5500000000001624,-6.461337410958901,149.3886625890407,False,momentum
2021-11-30 22:00:00+00:00,2021-12-01 22:00:00+00:00,2022-01-02 22:00:00+00:00,CAD,CAD_JPY,1,1,0.11486304396277937,0.006122490803525648,2021-12-01 22:00:00+00:00,2022-01-02 22:00:00+00:00,87.94,91.081,314.10000000000053,2.5500000000000966,-11.593517776908033,299.9564822230924,False,momentum
2021-11-30 22:00:00+00:00,2021-12-01 22:00:00+00:00,2022-01-02 22:00:00+00:00,CHF,CHF_JPY,-1,-1,0.2068781911888051,0.003399333328882731,2021-12-01 22:00:00+00:00,2022-01-02 22:00:00+00:00,122.578,126.268,-368.9999999999998,3.9999999999999147,-2.7082581823257943,-375.70825818232544,False,momentum
2021-12-30 22:00:00+00:00,2022-01-02 22:00:00+00:00,2022-02-01 22:00:00+00:00,EUR,EUR_USD,-1,-1,0.18255404300516084,0.0038915210304249536,2022-01-02 22:00:00+00:00,2022-02-01 22:00:00+00:00,1.13725,1.12712,101.30000000000194,1.749999999998142,-3.292598630136987,96.25740136986681,False,momentum
2021-12-30 22:00:00+00:00,2022-01-02 22:00:00+00:00,2022-02-01 22:00:00+00:00,GBP,GBP_USD,1,1,0.1825648448327256,0.003891290780514717,2022-01-02 22:00:00+00:00,2022-02-01 22:00:00+00:00,1.35315,1.35206,-10.900000000000354,5.999999999999339,-10.8628170969863,-27.76281709698599,False,momentum
2021-12-30 22:00:00+00:00,2022-01-02 22:00:00+00:00,2022-02-01 22:00:00+00:00,JPY,USD_JPY,-1,1,0.18018118688583978,0.003942769552260705,2022-01-02 22:00:00+00:00,2022-02-01 22:00:00+00:00,115.118,114.704,-41.40000000000015,1.6999999999995907,-13.22524015342466,-56.3252401534244,False,momentum
2021-12-30 22:00:00+00:00,2022-01-02 22:00:00+00:00,2022-02-01 22:00:00+00:00,AUD,AUD_USD,-1,-1,0.1373531715289329,0.00517216231438849,2022-01-02 22:00:00+00:00,2022-02-01 22:00:00+00:00,0.72636,0.71276,136.00000000000057,1.4500000000000624,-5.319306986301369,129.23069301369912,False,momentum
2021-12-30 22:00:00+00:00,2022-01-02 22:00:00+00:00,2022-02-01 22:00:00+00:00,CAD,CAD_JPY,1,1,0.11176508395673226,0.006356304423470105,2022-01-02 22:00:00+00:00,2022-02-01 22:00:00+00:00,91.081,90.428,-65.30000000000058,2.6499999999998636,-11.506323675333103,-79.45632367533355,False,momentum
2021-12-30 22:00:00+00:00,2022-01-02 22:00:00+00:00,2022-02-01 22:00:00+00:00,CHF,CHF_JPY,1,1,0.20558166979060857,0.003455623734680542,2022-01-02 22:00:00+00:00,2022-02-01 22:00:00+00:00,126.268,124.446,-182.20000000000027,4.449999999999932,-36.704258135657405,-223.3542581356576,False,momentum
2022-01-31 22:00:00+00:00,2022-02-01 22:00:00+00:00,2022-03-01 22:00:00+00:00,EUR,EUR_USD,-1,-1,0.17649956017494722,0.0041191826465037185,2022-02-01 22:00:00+00:00,2022-03-01 22:00:00+00:00,1.12712,1.11253,145.8999999999988,1.7499999999992522,-3.073092054794521,141.07690794520502,False,momentum
2022-01-31 22:00:00+00:00,2022-02-01 22:00:00+00:00,2022-03-01 22:00:00+00:00,GBP,GBP_USD,1,1,0.20749894088627804,0.0035037958376213586,2022-02-01 22:00:00+00:00,2022-03-01 22:00:00+00:00,1.35206,1.33262,-194.40000000000123,5.999999999999339,-7.859581269041099,-208.25958126904166,False,momentum
2022-01-31 22:00:00+00:00,2022-02-01 22:00:00+00:00,2022-03-01 22:00:00+00:00,JPY,USD_JPY,-1,1,0.18141744335209253,0.0040075194091296045,2022-02-01 22:00:00+00:00,2022-03-01 22:00:00+00:00,114.704,114.912,20.800000000001262,1.7499999999998295,-12.372027493150684,6.6779725068507485,False,momentum
2022-01-31 22:00:00+00:00,2022-02-01 22:00:00+00:00,2022-03-01 22:00:00+00:00,AUD,AUD_USD,-1,-1,0.12583055430816747,0.005777880653753035,2022-02-01 22:00:00+00:00,2022-03-01 22:00:00+00:00,0.71276,0.72516,-124.00000000000077,1.4999999999998348,-4.964686520547944,-130.46468652054855,False,momentum
2022-01-31 22:00:00+00:00,2022-02-01 22:00:00+00:00,2022-03-01 22:00:00+00:00,CAD,CAD_JPY,1,1,0.11432524859417353,0.0063593469887738684,2022-02-01 22:00:00+00:00,2022-03-01 22:00:00+00:00,90.428,90.196,-23.199999999999932,2.949999999999875,-10.720943578011974,-36.87094357801178,False,momentum
2022-01-31 22:00:00+00:00,2022-02-01 22:00:00+00:00,2022-03-01 22:00:00+00:00,CHF,CHF_JPY,1,1,0.1944282526843412,0.0037393429985123506,2022-02-01 22:00:00+00:00,2022-03-01 22:00:00+00:00,124.446,125.137,69.10000000000025,4.450000000000642,-33.85233317766277,30.797666822336836,False,momentum
2022-02-28 22:00:00+00:00,2022-03-01 22:00:00+00:00,2022-04-03 21:00:00+00:00,EUR,EUR_USD,-1,-1,0.1726543390720503,0.0043078945967575,2022-03-01 22:00:00+00:00,2022-04-03 21:00:00+00:00,1.11253,1.10401,85.20000000000083,1.7999999999995797,-2.3675352054794514,81.03246479452179,False,momentum
2022-02-28 22:00:00+00:00,2022-03-01 22:00:00+00:00,2022-04-03 21:00:00+00:00,GBP,GBP_USD,1,1,0.20481008724604235,0.003631543272093378,2022-03-01 22:00:00+00:00,2022-04-03 21:00:00+00:00,1.33262,1.31,-226.19999999999862,6.000000000000449,-9.020904409863016,-241.2209044098621,False,momentum
2022-02-28 22:00:00+00:00,2022-03-01 22:00:00+00:00,2022-04-03 21:00:00+00:00,AUD,AUD_USD,-1,-1,0.12577872746710567,0.005913374299241016,2022-03-01 22:00:00+00:00,2022-04-03 21:00:00+00:00,0.72516,0.749,-238.39999999999972,1.7499999999998073,-5.088613027397258,-245.23861302739678,False,momentum
2022-02-28 22:00:00+00:00,2022-03-01 22:00:00+00:00,2022-04-03 21:00:00+00:00,NZD,NZD_USD,-1,-1,0.1475527577812812,0.005040750885169695,2022-03-01 22:00:00+00:00,2022-04-03 21:00:00+00:00,0.67556,0.6923,-167.39999999999975,2.349999999999297,-9.543484191780822,-179.29348419177987,False,momentum
2022-02-28 22:00:00+00:00,2022-03-01 22:00:00+00:00,2022-04-03 21:00:00+00:00,CAD,CAD_JPY,1,1,0.14507145756950626,0.0051269678188686175,2022-03-01 22:00:00+00:00,2022-04-03 21:00:00+00:00,90.196,97.989,779.3000000000006,3.0999999999998806,-10.291979584371662,765.908020415629,False,momentum
2022-02-28 22:00:00+00:00,2022-03-01 22:00:00+00:00,2022-04-03 21:00:00+00:00,CHF,CHF_JPY,1,1,0.20413263086401415,0.0036435953000120798,2022-03-01 22:00:00+00:00,2022-04-03 21:00:00+00:00,125.137,132.439,730.1999999999992,4.5000000000001705,-40.01942428173348,685.6805757182657,False,momentum
2022-03-31 21:00:00+00:00,2022-04-03 21:00:00+00:00,2022-05-01 21:00:00+00:00,EUR,EUR_USD,-1,-1,0.15289222680772957,0.005372765524866939,2022-04-03 21:00:00+00:00,2022-05-01 21:00:00+00:00,1.10401,1.05543,485.7999999999984,1.9499999999994522,-0.8780263013698625,482.9719736986291,False,momentum
2022-03-31 21:00:00+00:00,2022-04-03 21:00:00+00:00,2022-05-01 21:00:00+00:00,GBP,GBP_USD,1,1,0.19748848678541012,0.004159503668207725,2022-04-03 21:00:00+00:00,2022-05-01 21:00:00+00:00,1.31,1.25848,-515.2,4.300000000001525,-7.699079758904116,-527.1990797589057,False,momentum
2022-03-31 21:00:00+00:00,2022-04-03 21:00:00+00:00,2022-05-01 21:00:00+00:00,JPY,USD_JPY,-1,1,0.17988839996324818,0.004566465015979531,2022-04-03 21:00:00+00:00,2022-05-01 21:00:00+00:00,122.626,129.772,714.5999999999987,2.499999999999858,-9.33473247671233,702.7652675232864,False,momentum
2022-03-31 21:00:00+00:00,2022-04-03 21:00:00+00:00,2022-05-01 21:00:00+00:00,AUD,AUD_USD,-1,-1,0.13556858021364823,0.006059324984580809,2022-04-03 21:00:00+00:00,2022-05-01 21:00:00+00:00,0.749,0.70707,419.3000000000002,1.9500000000000073,-3.6300933698630136,413.7199066301372,False,momentum
2022-03-31 21:00:00+00:00,2022-04-03 21:00:00+00:00,2022-05-01 21:00:00+00:00,CAD,CAD_JPY,1,1,0.14325076624101143,0.00573437829875657,2022-04-03 21:00:00+00:00,2022-05-01 21:00:00+00:00,97.989,101.03,304.0999999999997,3.499999999999659,-6.131182706849319,294.4688172931507,False,momentum
2022-03-31 21:00:00+00:00,2022-04-03 21:00:00+00:00,2022-05-01 21:00:00+00:00,CHF,CHF_JPY,1,1,0.19091153998895247,0.004302799533544392,2022-04-03 21:00:00+00:00,2022-05-01 21:00:00+00:00,132.439,133.83,139.10000000000196,5.19999999999925,-33.75108717054795,100.14891282945476,False,momentum
2022-04-28 21:00:00+00:00,2022-05-01 21:00:00+00:00,2022-06-01 21:00:00+00:00,EUR,EUR_USD,-1,-1,0.17221119737017154,0.005442519266105847,2022-05-01 21:00:00+00:00,2022-06-01 21:00:00+00:00,1.05543,1.06476,-93.29999999999838,2.049999999998997,3.355314794520548,-91.99468520547683,False,momentum
2022-04-28 21:00:00+00:00,2022-05-01 21:00:00+00:00,2022-06-01 21:00:00+00:00,GBP,GBP_USD,-1,-1,0.18867980912989132,0.004967477780736374,2022-05-01 21:00:00+00:00,2022-06-01 21:00:00+00:00,1.25848,1.24856,99.20000000000151,2.9000000000001247,-13.40595104328767,82.89404895671372,False,momentum
2022-04-28 21:00:00+00:00,2022-05-01 21:00:00+00:00,2022-06-01 21:00:00+00:00,JPY,USD_JPY,-1,1,0.16831344696120143,0.005568555433021148,2022-05-01 21:00:00+00:00,2022-06-01 21:00:00+00:00,129.772,130.129,35.69999999999993,2.4500000000003297,-4.6722493493150665,28.577750650684536,False,momentum
2022-04-28 21:00:00+00:00,2022-05-01 21:00:00+00:00,2022-06-01 21:00:00+00:00,AUD,AUD_USD,1,1,0.14712922996983893,0.006370336878120352,2022-05-01 21:00:00+00:00,2022-06-01 21:00:00+00:00,0.70707,0.71748,104.10000000000029,1.7499999999998073,-9.675800342465754,92.67419965753474,False,momentum
2022-04-28 21:00:00+00:00,2022-05-01 21:00:00+00:00,2022-06-01 21:00:00+00:00,CAD,CAD_JPY,1,1,0.1377183462557885,0.0068056492472361564,2022-05-01 21:00:00+00:00,2022-06-01 21:00:00+00:00,101.03,102.824,179.3999999999997,3.649999999998954,-4.2506401446522,171.49935985534853,False,momentum
2022-04-28 21:00:00+00:00,2022-05-01 21:00:00+00:00,2022-06-01 21:00:00+00:00,CHF,CHF_JPY,1,1,0.18594797031310822,0.005040457058757386,2022-05-01 21:00:00+00:00,2022-06-01 21:00:00+00:00,133.83,135.094,126.39999999999816,7.4500000000000455,-39.57134497712819,79.37865502286992,False,momentum
2022-05-31 21:00:00+00:00,2022-06-01 21:00:00+00:00,2022-07-03 21:00:00+00:00,EUR,EUR_USD,-1,-1,0.1860123140777986,0.006031886279753367,2022-06-01 21:00:00+00:00,2022-07-03 21:00:00+00:00,1.06476,1.04245,223.0999999999983,2.5999999999992696,7.5259397260274,228.02593972602642,False,momentum
2022-05-31 21:00:00+00:00,2022-06-01 21:00:00+00:00,2022-07-03 21:00:00+00:00,GBP,GBP_USD,-1,-1,0.17446203939063695,0.006431227842285923,2022-06-01 21:00:00+00:00,2022-07-03 21:00:00+00:00,1.24856,1.21016,383.9999999999999,3.250000000000197,-8.600377237260268,372.14962276273945,False,momentum
2022-05-31 21:00:00+00:00,2022-06-01 21:00:00+00:00,2022-07-03 21:00:00+00:00,JPY,USD_JPY,-1,1,0.17799659211264962,0.0063035202631349175,2022-06-01 21:00:00+00:00,2022-07-03 21:00:00+00:00,130.129,135.315,518.6000000000007,3.0500000000003524,2.3190337863013717,517.8690337863018,False,momentum
2022-05-31 21:00:00+00:00,2022-06-01 21:00:00+00:00,2022-07-03 21:00:00+00:00,AUD,AUD_USD,1,1,0.1372435308302166,0.008175286065316081,2022-06-01 21:00:00+00:00,2022-07-03 21:00:00+00:00,0.71748,0.68134,-361.4000000000006,1.9999999999997797,-9.33261924657534,-372.7326192465757,False,momentum
2022-05-31 21:00:00+00:00,2022-06-01 21:00:00+00:00,2022-07-03 21:00:00+00:00,CAD,CAD_JPY,1,1,0.14692893351715772,0.0076363796993056164,2022-06-01 21:00:00+00:00,2022-07-03 21:00:00+00:00,102.824,105.044,221.9999999999999,3.8499999999991985,0.5928563754703022,218.74285637547098,False,momentum
2022-05-31 21:00:00+00:00,2022-06-01 21:00:00+00:00,2022-07-03 21:00:00+00:00,CHF,CHF_JPY,1,1,0.17735659007154048,0.006326266899349292,2022-06-01 21:00:00+00:00,2022-07-03 21:00:00+00:00,135.094,140.752,565.8000000000015,10.300000000000864,-32.81358870875736,522.6864112912433,False,momentum
2022-06-30 21:00:00+00:00,2022-07-03 21:00:00+00:00,2022-08-01 21:00:00+00:00,EUR,EUR_USD,-1,-1,0.21051387097731594,0.005803110681926445,2022-07-03 21:00:00+00:00,2022-08-01 21:00:00+00:00,1.04245,1.02612,163.30000000000177,2.60000000000038,10.219598986301374,170.91959898630276,False,momentum
2022-06-30 21:00:00+00:00,2022-07-03 21:00:00+00:00,2022-08-01 21:00:00+00:00,GBP,GBP_USD,-1,-1,0.1621211234812508,0.007535324621059815,2022-07-03 21:00:00+00:00,2022-08-01 21:00:00+00:00,1.21016,1.22571,-155.50000000000173,3.1000000000003247,-5.097721797260268,-163.69772179726235,False,momentum
2022-06-30 21:00:00+00:00,2022-07-03 21:00:00+00:00,2022-08-01 21:00:00+00:00,JPY,USD_JPY,-1,1,0.17386001653445074,0.007026545365133322,2022-07-03 21:00:00+00:00,2022-08-01 21:00:00+00:00,135.315,131.638,-367.69999999999925,3.300000000001546,7.420996900000003,-363.5790031000008,False,momentum
2022-06-30 21:00:00+00:00,2022-07-03 21:00:00+00:00,2022-08-01 21:00:00+00:00,AUD,AUD_USD,1,1,0.1383266216798681,0.008831526994054704,2022-07-03 21:00:00+00:00,2022-08-01 21:00:00+00:00,0.68134,0.70218,208.4000000000008,2.0999999999998797,-8.343113753424658,197.95688624657626,False,momentum
2022-06-30 21:00:00+00:00,2022-07-03 21:00:00+00:00,2022-08-01 21:00:00+00:00,CAD,CAD_JPY,1,1,0.1441479666356026,0.008474870106564655,2022-07-03 21:00:00+00:00,2022-08-01 21:00:00+00:00,105.044,102.547,-249.7,3.6999999999999034,5.818514720614769,-247.58148527938513,False,momentum
2022-06-30 21:00:00+00:00,2022-07-03 21:00:00+00:00,2022-08-01 21:00:00+00:00,CHF,CHF_JPY,1,1,0.17103040069151187,0.007142796183735869,2022-07-03 21:00:00+00:00,2022-08-01 21:00:00+00:00,140.752,138.72,-203.20000000000107,7.050000000000978,-25.908488765893534,-236.15848876589558,False,momentum
2022-07-31 21:00:00+00:00,2022-08-01 21:00:00+00:00,2022-09-01 21:00:00+00:00,EUR,EUR_USD,-1,-1,0.19219313729284523,0.006376684151593552,2022-08-01 21:00:00+00:00,2022-09-01 21:00:00+00:00,1.02612,0.99448,316.3999999999989,6.050000000000222,14.487433972602748,324.8374339726014,False,momentum
2022-07-31 21:00:00+00:00,2022-08-01 21:00:00+00:00,2022-09-01 21:00:00+00:00,GBP,GBP_USD,-1,-1,0.167207497238824,0.007329545342514507,2022-08-01 21:00:00+00:00,2022-09-01 21:00:00+00:00,1.22571,1.15444,712.7000000000016,7.249999999998646,-2.7805454893150645,702.669454510688,False,momentum
2022-07-31 21:00:00+00:00,2022-08-01 21:00:00+00:00,2022-09-01 21:00:00+00:00,JPY,USD_JPY,-1,1,0.17461381098502896,0.007018659782446456,2022-08-01 21:00:00+00:00,2022-09-01 21:00:00+00:00,131.638,140.174,853.6000000000001,6.450000000000955,18.398674254794525,865.5486742547937,False,momentum
2022-07-31 21:00:00+00:00,2022-08-01 21:00:00+00:00,2022-09-01 21:00:00+00:00,AUD,AUD_USD,1,1,0.1449116408409072,0.008457256611743279,2022-08-01 21:00:00+00:00,2022-09-01 21:00:00+00:00,0.70218,0.6788,-233.80000000000067,3.9000000000000146,-10.423172506849312,-248.12317250684998,False,momentum
2022-07-31 21:00:00+00:00,2022-08-01 21:00:00+00:00,2022-09-01 21:00:00+00:00,CAD,CAD_JPY,1,1,0.14447222660078807,0.00848297947263481,2022-08-01 21:00:00+00:00,2022-09-01 21:00:00+00:00,102.547,106.558,401.100000000001,7.000000000000028,11.320118141029072,405.42011814103,False,momentum
2022-07-31 21:00:00+00:00,2022-08-01 21:00:00+00:00,2022-09-01 21:00:00+00:00,CHF,CHF_JPY,1,1,0.17660168704160653,0.006939655861450489,2022-08-01 21:00:00+00:00,2022-09-01 21:00:00+00:00,138.72,142.791,407.0999999999998,11.300000000001376,-27.762830318695528,368.0371696813029,False,momentum
2022-08-31 21:00:00+00:00,2022-09-01 21:00:00+00:00,2022-10-02 21:00:00+00:00,EUR,EUR_USD,-1,-1,0.1925203347402338,0.005958782561349347,2022-09-01 21:00:00+00:00,2022-10-02 21:00:00+00:00,0.99448,0.97969,147.9000000000008,5.850000000000022,10.379525205479455,152.42952520548025,False,momentum
2022-08-31 21:00:00+00:00,2022-09-01 21:00:00+00:00,2022-10-02 21:00:00+00:00,GBP,GBP_USD,-1,-1,0.17684102296513535,0.006487107991800154,2022-09-01 21:00:00+00:00,2022-10-02 21:00:00+00:00,1.15444,1.117,374.3999999999992,7.399999999998519,-2.390525351232869,364.6094746487678,False,momentum
2022-08-31 21:00:00+00:00,2022-09-01 21:00:00+00:00,2022-10-02 21:00:00+00:00,JPY,USD_JPY,-1,1,0.15482273262410745,0.007409679405029542,2022-09-01 21:00:00+00:00,2022-10-02 21:00:00+00:00,140.174,144.75,457.59999999999934,6.049999999999045,19.551976279452063,471.10197627945234,False,momentum
2022-08-31 21:00:00+00:00,2022-09-01 21:00:00+00:00,2022-10-02 21:00:00+00:00,AUD,AUD_USD,1,1,0.1413057143671409,0.008118474319974209,2022-09-01 21:00:00+00:00,2022-10-02 21:00:00+00:00,0.6788,0.64062,-381.7999999999999,3.750000000000142,-8.087634493150686,-393.63763449315076,False,momentum
2022-08-31 21:00:00+00:00,2022-09-01 21:00:00+00:00,2022-10-02 21:00:00+00:00,CAD,CAD_JPY,1,1,0.14619213355780647,0.007847117252048518,2022-09-01 21:00:00+00:00,2022-10-02 21:00:00+00:00,106.558,104.749,-180.90000000000117,6.9500000000005,15.65879360167266,-172.191206398329,False,momentum
2022-08-31 21:00:00+00:00,2022-09-01 21:00:00+00:00,2022-10-02 21:00:00+00:00,CHF,CHF_JPY,1,1,0.18831806174557605,0.006091751384448356,2022-09-01 21:00:00+00:00,2022-10-02 21:00:00+00:00,142.791,146.85,405.89999999999975,12.000000000001876,-21.248215199828774,372.6517848001691,False,momentum
2022-09-29 21:00:00+00:00,2022-10-02 21:00:00+00:00,2022-11-01 21:00:00+00:00,EUR,EUR_USD,-1,-1,0.18167305044195306,0.006505137024112749,2022-10-02 21:00:00+00:00,2022-11-01 21:00:00+00:00,0.97969,0.98836,-86.70000000000066,2.1999999999999797,13.170394520547953,-75.72960547945267,False,momentum
2022-09-29 21:00:00+00:00,2022-10-02 21:00:00+00:00,2022-11-01 21:00:00+00:00,GBP,GBP_USD,-1,-1,0.1461941501916603,0.008083826098131174,2022-10-02 21:00:00+00:00,2022-11-01 21:00:00+00:00,1.117,1.14884,-318.4000000000009,2.849999999999797,-0.6450897841095855,-321.89508978411027,False,momentum
2022-09-29 21:00:00+00:00,2022-10-02 21:00:00+00:00,2022-11-01 21:00:00+00:00,JPY,USD_JPY,-1,1,0.16735184547680038,0.007061816876571484,2022-10-02 21:00:00+00:00,2022-11-01 21:00:00+00:00,144.75,148.28,353.0000000000001,2.199999999999136,27.135447598630147,377.93544759863113,False,momentum
2022-09-29 21:00:00+00:00,2022-10-02 21:00:00+00:00,2022-11-01 21:00:00+00:00,AUD,AUD_USD,1,1,0.14335295891877284,0.008244043901340693,2022-10-02 21:00:00+00:00,2022-11-01 21:00:00+00:00,0.64062,0.63956,-10.599999999999499,1.5499999999996072,-9.387909534246578,-21.537909534245685,False,momentum
2022-09-29 21:00:00+00:00,2022-10-02 21:00:00+00:00,2022-11-01 21:00:00+00:00,CAD,CAD_JPY,1,1,0.17316666596863042,0.006824685802563985,2022-10-02 21:00:00+00:00,2022-11-01 21:00:00+00:00,104.749,108.792,404.30000000000064,2.9000000000003467,18.337550725384684,419.737550725385,False,momentum
2022-09-29 21:00:00+00:00,2022-10-02 21:00:00+00:00,2022-11-01 21:00:00+00:00,CHF,CHF_JPY,1,1,0.18826132900218295,0.006277487219373388,2022-10-02 21:00:00+00:00,2022-11-01 21:00:00+00:00,146.85,148.443,159.30000000000177,5.700000000001637,-15.640155780136986,137.95984421986316,False,momentum
2022-10-31 21:00:00+00:00,2022-11-01 21:00:00+00:00,2022-12-01 22:00:00+00:00,GBP,GBP_USD,-1,-1,0.12748720062517566,0.010021128300902711,2022-11-01 21:00:00+00:00,2022-12-01 22:00:00+00:00,1.14884,1.22598,-771.3999999999999,6.050000000000777,-0.4763649578082133,-777.9263649578088,False,momentum
2022-10-31 21:00:00+00:00,2022-11-01 21:00:00+00:00,2022-12-01 22:00:00+00:00,JPY,USD_JPY,-1,1,0.19173553029063814,0.0066631656232480204,2022-11-01 21:00:00+00:00,2022-12-01 22:00:00+00:00,148.28,135.293,-1298.6999999999994,3.300000000000125,38.83449361780821,-1263.1655063821913,False,momentum
2022-10-31 21:00:00+00:00,2022-11-01 21:00:00+00:00,2022-12-01 22:00:00+00:00,AUD,AUD_USD,1,1,0.1401097219749194,0.009118322241881993,2022-11-01 21:00:00+00:00,2022-12-01 22:00:00+00:00,0.63956,0.68108,415.2,2.0999999999998797,-12.587119972602743,400.5128800273974,False,momentum
2022-10-31 21:00:00+00:00,2022-11-01 21:00:00+00:00,2022-12-01 22:00:00+00:00,NZD,NZD_USD,-1,-1,0.13172221207867688,0.009698938197490393,2022-11-01 21:00:00+00:00,2022-12-01 22:00:00+00:00,0.5841,0.6363,-522.0000000000002,7.749999999999702,-5.328849041095888,-535.0788490410957,False,momentum
2022-10-31 21:00:00+00:00,2022-11-01 21:00:00+00:00,2022-12-01 22:00:00+00:00,CAD,CAD_JPY,1,1,0.20849053550280194,0.006127691077711488,2022-11-01 21:00:00+00:00,2022-12-01 22:00:00+00:00,108.792,100.735,-805.7000000000002,6.549999999999301,23.9743155344814,-788.275684465518,False,momentum
2022-10-31 21:00:00+00:00,2022-11-01 21:00:00+00:00,2022-12-01 22:00:00+00:00,CHF,CHF_JPY,1,1,0.20045479952778797,0.006373335022146515,2022-11-01 21:00:00+00:00,2022-12-01 22:00:00+00:00,148.443,144.378,-406.5000000000026,7.30000000000075,-16.090874977157856,-429.8908749771612,False,momentum
2022-11-30 22:00:00+00:00,2022-12-01 22:00:00+00:00,2023-01-01 22:00:00+00:00,GBP,GBP_USD,-1,-1,0.12676702767341544,0.011897005508768098,2022-12-01 22:00:00+00:00,2023-01-01 22:00:00+00:00,1.22598,1.20763,183.50000000000088,9.900000000000464,-0.02595484164383413,173.5740451583566,False,momentum
2022-11-30 22:00:00+00:00,2022-12-01 22:00:00+00:00,2023-01-01 22:00:00+00:00,JPY,USD_JPY,-1,1,0.1731918197602535,0.008707963393701189,2022-12-01 22:00:00+00:00,2023-01-01 22:00:00+00:00,135.293,130.827,-446.6000000000008,7.150000000000034,39.6877062780822,-414.06229372191865,False,momentum
2022-11-30 22:00:00+00:00,2022-12-01 22:00:00+00:00,2023-01-01 22:00:00+00:00,AUD,AUD_USD,1,1,0.14185171009573677,0.010631863553445505,2022-12-01 22:00:00+00:00,2023-01-01 22:00:00+00:00,0.68108,0.68194,8.599999999999719,6.800000000000139,-12.196274835616432,-10.396274835616852,False,momentum
2022-11-30 22:00:00+00:00,2022-12-01 22:00:00+00:00,2023-01-01 22:00:00+00:00,NZD,NZD_USD,-1,-1,0.1382927611040785,0.01090547339224615,2022-12-01 22:00:00+00:00,2023-01-01 22:00:00+00:00,0.6363,0.63494,13.600000000000279,16.450000000000074,-5.353852438356162,-8.203852438355957,False,momentum
2022-11-30 22:00:00+00:00,2022-12-01 22:00:00+00:00,2023-01-01 22:00:00+00:00,CAD,CAD_JPY,1,1,0.2093741842639427,0.007203123115978662,2022-12-01 22:00:00+00:00,2023-01-01 22:00:00+00:00,100.735,96.475,-426.0000000000005,15.099999999999625,25.118150058904106,-415.981849941096,False,momentum
2022-11-30 22:00:00+00:00,2022-12-01 22:00:00+00:00,2023-01-01 22:00:00+00:00,CHF,CHF_JPY,1,1,0.21052249710257304,0.0071638330692323365,2022-12-01 22:00:00+00:00,2023-01-01 22:00:00+00:00,144.378,141.581,-279.6999999999997,13.600000000000989,-11.493286205214938,-304.7932862052156,False,momentum
2022-12-29 22:00:00+00:00,2023-01-01 22:00:00+00:00,2023-02-01 22:00:00+00:00,EUR,EUR_USD,-1,-1,0.20794090653497924,0.007130353389726621,2023-01-01 22:00:00+00:00,2023-02-01 22:00:00+00:00,1.06999,1.09886,-288.6999999999995,5.850000000000577,14.487433972602744,-280.06256602739734,False,momentum
2022-12-29 22:00:00+00:00,2023-01-01 22:00:00+00:00,2023-02-01 22:00:00+00:00,GBP,GBP_USD,-1,-1,0.14487392806397478,0.010234361472685234,2023-01-01 22:00:00+00:00,2023-02-01 22:00:00+00:00,1.20763,1.23764,-300.10000000000093,6.399999999999739,-0.8606948547945181,-307.3606948547952,False,momentum
2022-12-29 22:00:00+00:00,2023-01-01 22:00:00+00:00,2023-02-01 22:00:00+00:00,JPY,USD_JPY,-1,1,0.14405390079387168,0.010292620606616659,2023-01-01 22:00:00+00:00,2023-02-01 22:00:00+00:00,130.827,128.985,-184.19999999999845,6.25,47.711545421917805,-142.73845457808065,False,momentum
2022-12-29 22:00:00+00:00,2023-01-01 22:00:00+00:00,2023-02-01 22:00:00+00:00,AUD,AUD_USD,1,1,0.1489573072003625,0.009953806064580278,2023-01-01 22:00:00+00:00,2023-02-01 22:00:00+00:00,0.68194,0.71372,317.8000000000003,6.249999999999867,-14.865461136986305,296.6845388630141,False,momentum
2022-12-29 22:00:00+00:00,2023-01-01 22:00:00+00:00,2023-02-01 22:00:00+00:00,CAD,CAD_JPY,1,1,0.17375057699156243,0.00853345164917937,2023-01-01 22:00:00+00:00,2023-02-01 22:00:00+00:00,96.475,97.058,58.30000000000126,11.45000000000067,29.962811695828634,76.81281169582923,False,momentum
2022-12-29 22:00:00+00:00,2023-01-01 22:00:00+00:00,2023-02-01 22:00:00+00:00,CHF,CHF_JPY,1,1,0.18042338041524947,0.008217849285176111,2023-01-01 22:00:00+00:00,2023-02-01 22:00:00+00:00,141.581,141.875,29.400000000001114,11.400000000000432,-9.408049507656553,8.591950492344129,False,momentum
2023-01-31 22:00:00+00:00,2023-02-01 22:00:00+00:00,2023-03-01 22:00:00+00:00,GBP,GBP_USD,-1,-1,0.18518316529705126,0.008184041210273874,2023-02-01 22:00:00+00:00,2023-03-01 22:00:00+00:00,1.23764,1.20316,344.80000000000064,2.349999999999852,-2.717732569863009,339.73226743013777,False,momentum
2023-01-31 22:00:00+00:00,2023-02-01 22:00:00+00:00,2023-03-01 22:00:00+00:00,JPY,USD_JPY,-1,1,0.14317585641342634,0.01058521104189397,2023-02-01 22:00:00+00:00,2023-03-01 22:00:00+00:00,128.985,136.178,719.2999999999984,2.250000000000796,43.562676783561656,760.6126767835592,False,momentum
2023-01-31 22:00:00+00:00,2023-02-01 22:00:00+00:00,2023-03-01 22:00:00+00:00,AUD,AUD_USD,1,1,0.16017306697515077,0.00946193192688973,2023-02-01 22:00:00+00:00,2023-03-01 22:00:00+00:00,0.71372,0.676,-377.19999999999976,1.5500000000001624,-12.876917342465752,-391.6269173424657,False,momentum
2023-01-31 22:00:00+00:00,2023-02-01 22:00:00+00:00,2023-03-01 22:00:00+00:00,NZD,NZD_USD,1,1,0.1832979501344204,0.008268213884162968,2023-02-01 22:00:00+00:00,2023-03-01 22:00:00+00:00,0.65011,0.62468,-254.29999999999953,1.8499999999993522,-4.302147041095891,-260.4521470410948,False,momentum
2023-01-31 22:00:00+00:00,2023-02-01 22:00:00+00:00,2023-03-01 22:00:00+00:00,CAD,CAD_JPY,-1,-1,0.15682705106022204,0.009663808928333748,2023-02-01 22:00:00+00:00,2023-03-01 22:00:00+00:00,97.058,100.168,-310.99999999999994,2.650000000000574,-46.71145852930377,-360.3614585293043,False,momentum
2023-01-31 22:00:00+00:00,2023-02-01 22:00:00+00:00,2023-03-01 22:00:00+00:00,CHF,CHF_JPY,1,1,0.17134291011972913,0.008845108648971872,2023-02-01 22:00:00+00:00,2023-03-01 22:00:00+00:00,141.875,145.058,318.2999999999993,2.7000000000001023,-7.214053733964274,308.3859462660349,False,momentum
2023-02-28 22:00:00+00:00,2023-03-01 22:00:00+00:00,2023-04-02 21:00:00+00:00,EUR,EUR_USD,1,1,0.25150546115011063,0.004808697101585112,2023-03-01 22:00:00+00:00,2023-04-02 21:00:00+00:00,1.0669,1.08416,172.60000000000053,1.9500000000005624,-28.71146005479453,141.93853994520543,False,momentum
2023-02-28 22:00:00+00:00,2023-03-01 22:00:00+00:00,2023-04-02 21:00:00+00:00,GBP,GBP_USD,-1,-1,0.19473686577403707,0.006210501423334537,2023-03-01 22:00:00+00:00,2023-04-02 21:00:00+00:00,1.20316,1.2329,-297.400000000001,2.249999999999197,-3.100263616438347,-302.75026361643853,False,momentum
2023-02-28 22:00:00+00:00,2023-03-01 22:00:00+00:00,2023-04-02 21:00:00+00:00,JPY,USD_JPY,-1,1,0.12883507062482438,0.009387300959280337,2023-03-01 22:00:00+00:00,2023-04-02 21:00:00+00:00,136.178,133.315,-286.29999999999995,2.250000000000796,47.62364942465755,-240.9263505753432,False,momentum
2023-02-28 22:00:00+00:00,2023-03-01 22:00:00+00:00,2023-04-02 21:00:00+00:00,AUD,AUD_USD,1,1,0.14797189412784673,0.008173265532577684,2023-03-01 22:00:00+00:00,2023-04-02 21:00:00+00:00,0.676,0.66867,-73.30000000000058,1.8000000000001348,-12.93792731506849,-88.03792731506921,False,momentum
2023-02-28 22:00:00+00:00,2023-03-01 22:00:00+00:00,2023-04-02 21:00:00+00:00,CAD,CAD_JPY,-1,-1,0.13430301465343697,0.009005111204586155,2023-03-01 22:00:00+00:00,2023-04-02 21:00:00+00:00,100.168,98.797,137.10000000000093,2.6000000000003354,-50.030785689577115,84.46921431042348,False,momentum
2023-02-28 22:00:00+00:00,2023-03-01 22:00:00+00:00,2023-04-02 21:00:00+00:00,CHF,CHF_JPY,1,1,0.14264769366974414,0.008478325523196896,2023-03-01 22:00:00+00:00,2023-04-02 21:00:00+00:00,145.058,145.582,52.40000000000009,3.499999999999659,-2.3836664920399446,46.51633350796049,False,momentum
2023-03-30 21:00:00+00:00,2023-04-02 21:00:00+00:00,2023-05-01 21:00:00+00:00,EUR,EUR_USD,1,1,0.2167805187283697,0.005527926077112535,2023-04-02 21:00:00+00:00,2023-05-01 21:00:00+00:00,1.08416,1.09738,132.2000000000001,1.80000000000069,-26.64496243835617,103.75503756164323,False,momentum
2023-03-30 21:00:00+00:00,2023-04-02 21:00:00+00:00,2023-05-01 21:00:00+00:00,JPY,USD_JPY,-1,1,0.15512221015218053,0.00772517798265584,2023-04-02 21:00:00+00:00,2023-05-01 21:00:00+00:00,133.315,137.502,418.7000000000012,2.549999999999386,48.3179390191781,464.4679390191799,False,momentum
2023-03-30 21:00:00+00:00,2023-04-02 21:00:00+00:00,2023-05-01 21:00:00+00:00,AUD,AUD_USD,-1,-1,0.15361031151000262,0.007801212501352845,2023-04-02 21:00:00+00:00,2023-05-01 21:00:00+00:00,0.66867,0.66341,52.59999999999931,1.7499999999998073,1.7254382876712322,52.575438287670735,False,momentum
2023-03-30 21:00:00+00:00,2023-04-02 21:00:00+00:00,2023-05-01 21:00:00+00:00,NZD,NZD_USD,-1,-1,0.16980672990221987,0.007057121252959665,2023-04-02 21:00:00+00:00,2023-05-01 21:00:00+00:00,0.6259,0.61683,90.70000000000022,2.0999999999998797,-6.372740876712326,82.22725912328801,False,momentum
2023-03-30 21:00:00+00:00,2023-04-02 21:00:00+00:00,2023-05-01 21:00:00+00:00,CAD,CAD_JPY,1,1,0.14959798232610907,0.008010446824585226,2023-04-02 21:00:00+00:00,2023-05-01 21:00:00+00:00,98.797,101.565,276.80000000000007,2.949999999999875,27.959325000446608,301.8093250004468,False,momentum
2023-03-30 21:00:00+00:00,2023-04-02 21:00:00+00:00,2023-05-01 21:00:00+00:00,CHF,CHF_JPY,1,1,0.15508224738111817,0.007727168665176569,2023-04-02 21:00:00+00:00,2023-05-01 21:00:00+00:00,145.582,153.983,840.100000000001,3.699999999999193,-0.9378825936643868,835.4621174063375,False,momentum
2023-04-30 21:00:00+00:00,2023-05-01 21:00:00+00:00,2023-06-01 21:00:00+00:00,EUR,EUR_USD,1,1,0.20369716186665524,0.005300029592167955,2023-05-01 21:00:00+00:00,2023-06-01 21:00:00+00:00,1.09738,1.07643,-209.50000000000023,2.100000000000435,-30.633710493150694,-242.23371049315134,False,momentum
2023-04-30 21:00:00+00:00,2023-05-01 21:00:00+00:00,2023-06-01 21:00:00+00:00,GBP,GBP_USD,1,1,0.17772212500503753,0.006074657197033275,2023-05-01 21:00:00+00:00,2023-06-01 21:00:00+00:00,1.24972,1.25314,34.19999999999978,7.949999999999902,-21.799130082191773,4.450869917808106,False,momentum
2023-04-30 21:00:00+00:00,2023-05-01 21:00:00+00:00,2023-06-01 21:00:00+00:00,AUD,AUD_USD,-1,-1,0.14965386285201412,0.007213986763585692,2023-05-01 21:00:00+00:00,2023-06-01 21:00:00+00:00,0.66341,0.65691,65.00000000000061,2.249999999999752,1.9065616438356137,64.65656164383647,False,momentum
2023-04-30 21:00:00+00:00,2023-05-01 21:00:00+00:00,2023-06-01 21:00:00+00:00,NZD,NZD_USD,-1,-1,0.15863400962608704,0.006805608635113011,2023-05-01 21:00:00+00:00,2023-06-01 21:00:00+00:00,0.61683,0.607,98.30000000000005,3.5000000000001696,-7.054083452054792,87.74591654794509,False,momentum
2023-04-30 21:00:00+00:00,2023-05-01 21:00:00+00:00,2023-06-01 21:00:00+00:00,CAD,CAD_JPY,-1,-1,0.1550393409983808,0.006963400249135306,2023-05-01 21:00:00+00:00,2023-06-01 21:00:00+00:00,101.565,103.209,-164.40000000000055,6.000000000000227,-55.452431493926355,-225.85243149392713,False,momentum
2023-04-30 21:00:00+00:00,2023-05-01 21:00:00+00:00,2023-06-01 21:00:00+00:00,CHF,CHF_JPY,1,1,0.15525349965182522,0.006953794846203368,2023-05-01 21:00:00+00:00,2023-06-01 21:00:00+00:00,153.983,153.272,-71.10000000000127,3.09999999999917,-0.3488266624688694,-74.54882666246931,False,momentum
2023-05-31 21:00:00+00:00,2023-06-01 21:00:00+00:00,2023-07-02 21:00:00+00:00,EUR,EUR_USD,1,1,0.20808487978732537,0.004914776354620891,2023-06-01 21:00:00+00:00,2023-07-02 21:00:00+00:00,1.07643,1.0911,146.6999999999996,2.300000000000635,-25.663454465753432,118.73654553424552,False,momentum
2023-05-31 21:00:00+00:00,2023-06-01 21:00:00+00:00,2023-07-02 21:00:00+00:00,GBP,GBP_USD,1,1,0.194966014832745,0.005245481617964087,2023-06-01 21:00:00+00:00,2023-07-02 21:00:00+00:00,1.25314,1.26958,164.4000000000001,7.899999999999574,-17.01183847013699,139.48816152986353,False,momentum
2023-05-31 21:00:00+00:00,2023-06-01 21:00:00+00:00,2023-07-02 21:00:00+00:00,JPY,USD_JPY,-1,1,0.15661319688855524,0.006530041319957322,2023-06-01 21:00:00+00:00,2023-07-02 21:00:00+00:00,138.822,144.403,558.0999999999989,3.100000000000591,52.11921894109589,607.1192189410942,False,momentum
2023-05-31 21:00:00+00:00,2023-06-01 21:00:00+00:00,2023-07-02 21:00:00+00:00,AUD,AUD_USD,-1,-1,0.15213232667319193,0.006722375640318733,2023-06-01 21:00:00+00:00,2023-07-02 21:00:00+00:00,0.65691,0.66637,-94.60000000000024,2.449999999999952,0.6386981506849302,-96.41130184931525,False,momentum
2023-05-31 21:00:00+00:00,2023-06-01 21:00:00+00:00,2023-07-02 21:00:00+00:00,CAD,CAD_JPY,-1,-1,0.13840291642618413,0.007389227578006418,2023-06-01 21:00:00+00:00,2023-07-02 21:00:00+00:00,103.209,108.993,-578.3999999999992,6.000000000000227,-50.54394833036112,-634.9439483303605,False,momentum
2023-05-31 21:00:00+00:00,2023-06-01 21:00:00+00:00,2023-07-02 21:00:00+00:00,CHF,CHF_JPY,1,1,0.14980066539199832,0.00682701004202285,2023-06-01 21:00:00+00:00,2023-07-02 21:00:00+00:00,153.272,161.169,789.700000000002,3.7499999999994316,2.1046997253892386,788.0546997253917,False,momentum
2023-06-29 21:00:00+00:00,2023-07-02 21:00:00+00:00,2023-08-01 21:00:00+00:00,EUR,EUR_USD,1,1,0.21499027381211017,0.0041143103624650445,2023-07-02 21:00:00+00:00,2023-08-01 21:00:00+00:00,1.0911,1.09831,72.09999999999938,1.7500000000003624,-25.522343095890417,44.82765690410861,False,momentum
2023-06-29 21:00:00+00:00,2023-07-02 21:00:00+00:00,2023-08-01 21:00:00+00:00,GBP,GBP_USD,1,1,0.20029162013690463,0.004416244228139739,2023-07-02 21:00:00+00:00,2023-08-01 21:00:00+00:00,1.26958,1.27736,77.80000000000119,1.9000000000002348,-14.14898639671233,61.75101360328863,False,momentum
2023-06-29 21:00:00+00:00,2023-07-02 21:00:00+00:00,2023-08-01 21:00:00+00:00,AUD,AUD_USD,-1,-1,0.14232778639554367,0.006214785838909508,2023-07-02 21:00:00+00:00,2023-08-01 21:00:00+00:00,0.66637,0.66132,50.499999999999986,1.7000000000000348,0.5891275479452072,49.389127547945165,False,momentum
2023-06-29 21:00:00+00:00,2023-07-02 21:00:00+00:00,2023-08-01 21:00:00+00:00,NZD,NZD_USD,-1,-1,0.12661255319359602,0.006986169136182474,2023-07-02 21:00:00+00:00,2023-08-01 21:00:00+00:00,0.61292,0.61472,-18.000000000000238,1.60000000000049,-6.607147726027396,-26.207147726028122,False,momentum
2023-06-29 21:00:00+00:00,2023-07-02 21:00:00+00:00,2023-08-01 21:00:00+00:00,CAD,CAD_JPY,-1,-1,0.13597022537022244,0.006505370635121976,2023-07-02 21:00:00+00:00,2023-08-01 21:00:00+00:00,108.993,107.91,108.29999999999984,3.149999999999409,-54.19528309911331,50.95471690088712,False,momentum
2023-06-29 21:00:00+00:00,2023-07-02 21:00:00+00:00,2023-08-01 21:00:00+00:00,CHF,CHF_JPY,1,1,0.17980754109162317,0.004919352692352516,2023-07-02 21:00:00+00:00,2023-08-01 21:00:00+00:00,161.169,163.8,263.1,4.449999999999932,4.025950961799497,262.6759509617996,False,momentum
2023-07-31 21:00:00+00:00,2023-08-01 21:00:00+00:00,2023-09-03 21:00:00+00:00,EUR,EUR_USD,1,1,0.20751871871260816,0.0042947103200242755,2023-08-01 21:00:00+00:00,2023-09-03 21:00:00+00:00,1.09831,1.07784,-204.69999999999987,1.7500000000003624,-27.733087890410964,-234.1830878904112,False,momentum
2023-07-31 21:00:00+00:00,2023-08-01 21:00:00+00:00,2023-09-03 21:00:00+00:00,GBP,GBP_USD,1,1,0.18593361967928862,0.004793284745332845,2023-08-01 21:00:00+00:00,2023-09-03 21:00:00+00:00,1.27736,1.25964,-177.19999999999956,2.1999999999999797,-15.482081396164387,-194.88208139616393,False,momentum
2023-07-31 21:00:00+00:00,2023-08-01 21:00:00+00:00,2023-09-03 21:00:00+00:00,JPY,USD_JPY,-1,1,0.15965180796858322,0.005582353210986703,2023-08-01 21:00:00+00:00,2023-09-03 21:00:00+00:00,143.348,146.104,275.6,2.7000000000001023,63.002341510958935,335.9023415109589,False,momentum
2023-07-31 21:00:00+00:00,2023-08-01 21:00:00+00:00,2023-09-03 21:00:00+00:00,AUD,AUD_USD,-1,-1,0.12709208854985288,0.007012496159457321,2023-08-01 21:00:00+00:00,2023-09-03 21:00:00+00:00,0.66132,0.64462,167.00000000000048,1.9500000000000073,2.0133290958904135,167.06332909589088,False,momentum
2023-07-31 21:00:00+00:00,2023-08-01 21:00:00+00:00,2023-09-03 21:00:00+00:00,CAD,CAD_JPY,-1,-1,0.1476917442771671,0.006034411653915554,2023-08-01 21:00:00+00:00,2023-09-03 21:00:00+00:00,107.91,107.496,41.40000000000015,3.1500000000001194,-60.69084002555794,-22.44084002555791,False,momentum
2023-07-31 21:00:00+00:00,2023-08-01 21:00:00+00:00,2023-09-03 21:00:00+00:00,CHF,CHF_JPY,1,1,0.1721120208125,0.00517821346031471,2023-08-01 21:00:00+00:00,2023-09-03 21:00:00+00:00,163.8,165.001,120.09999999999934,4.699999999999704,5.573021936659449,120.97302193665908,False,momentum
2023-08-31 21:00:00+00:00,2023-09-03 21:00:00+00:00,2023-10-01 21:00:00+00:00,EUR,EUR_USD,1,1,0.20137653408249956,0.004316949716381228,2023-09-03 21:00:00+00:00,2023-10-01 21:00:00+00:00,1.07784,1.0572,-206.39999999999992,1.80000000000069,-22.59036241095891,-230.79036241095952,False,momentum
2023-08-31 21:00:00+00:00,2023-09-03 21:00:00+00:00,2023-10-01 21:00:00+00:00,GBP,GBP_USD,1,1,0.18672183551377822,0.004655761707254282,2023-09-03 21:00:00+00:00,2023-10-01 21:00:00+00:00,1.25964,1.21928,-403.6000000000017,2.449999999998287,-12.892103916712335,-418.94210391671237,False,momentum
2023-08-31 21:00:00+00:00,2023-09-03 21:00:00+00:00,2023-10-01 21:00:00+00:00,JPY,USD_JPY,-1,1,0.15717501051739471,0.005530983384900562,2023-09-03 21:00:00+00:00,2023-10-01 21:00:00+00:00,146.104,149.622,351.80000000000007,2.39999999999867,53.336001408219175,402.73600140822055,False,momentum
2023-08-31 21:00:00+00:00,2023-09-03 21:00:00+00:00,2023-10-01 21:00:00+00:00,AUD,AUD_USD,-1,-1,0.1325237208194781,0.006559824658692409,2023-09-03 21:00:00+00:00,2023-10-01 21:00:00+00:00,0.64462,0.64226,23.599999999999177,1.9500000000000073,1.7082792328767145,23.358279232875887,False,momentum
2023-08-31 21:00:00+00:00,2023-09-03 21:00:00+00:00,2023-10-01 21:00:00+00:00,CAD,CAD_JPY,-1,-1,0.15922662556512474,0.0054597173595047925,2023-09-03 21:00:00+00:00,2023-10-01 21:00:00+00:00,107.496,110.228,-273.19999999999993,2.7000000000001023,-51.389797097589025,-327.28979709758903,False,momentum
2023-08-31 21:00:00+00:00,2023-09-03 21:00:00+00:00,2023-10-01 21:00:00+00:00,CHF,CHF_JPY,1,1,0.16297627350172472,0.005334103873003829,2023-09-03 21:00:00+00:00,2023-10-01 21:00:00+00:00,165.001,163.368,-163.30000000000098,4.099999999999682,4.619707807534241,-162.78029219246642,False,momentum
2023-09-28 21:00:00+00:00,2023-10-01 21:00:00+00:00,2023-11-01 21:00:00+00:00,EUR,EUR_USD,1,1,0.19868611352898968,0.004104272303914112,2023-10-01 21:00:00+00:00,2023-11-01 21:00:00+00:00,1.0572,1.05704,-1.5999999999993797,1.60000000000049,-25.146046109589044,-28.34604610958891,False,momentum
2023-09-28 21:00:00+00:00,2023-10-01 21:00:00+00:00,2023-11-01 21:00:00+00:00,GBP,GBP_USD,1,1,0.19404865597668064,0.004202357954117258,2023-10-01 21:00:00+00:00,2023-11-01 21:00:00+00:00,1.21928,1.21458,-46.99999999999926,2.1999999999988695,-15.173229793972599,-64.37322979397072,False,momentum
2023-09-28 21:00:00+00:00,2023-10-01 21:00:00+00:00,2023-11-01 21:00:00+00:00,JPY,USD_JPY,-1,1,0.1521027978172854,0.0053612551815709975,2023-10-01 21:00:00+00:00,2023-11-01 21:00:00+00:00,149.622,150.95,132.79999999999745,2.049999999999841,62.355551268493166,193.10555126849079,False,momentum
2023-09-28 21:00:00+00:00,2023-10-01 21:00:00+00:00,2023-11-01 21:00:00+00:00,AUD,AUD_USD,-1,-1,0.13170214742581401,0.006191713110742598,2023-10-01 21:00:00+00:00,2023-11-01 21:00:00+00:00,0.64226,0.63933,29.300000000000992,1.3999999999997348,1.904655082191783,29.80465508219304,False,momentum
2023-09-28 21:00:00+00:00,2023-10-01 21:00:00+00:00,2023-11-01 21:00:00+00:00,CAD,CAD_JPY,-1,-1,0.16196008885368982,0.0050349559493390525,2023-10-01 21:00:00+00:00,2023-11-01 21:00:00+00:00,110.228,108.924,130.39999999999878,2.349999999999852,-60.32604693739726,67.72395306260168,False,momentum
2023-09-28 21:00:00+00:00,2023-10-01 21:00:00+00:00,2023-11-01 21:00:00+00:00,CHF,CHF_JPY,1,1,0.16150019639754037,0.0050492936300960845,2023-10-01 21:00:00+00:00,2023-11-01 21:00:00+00:00,163.368,166.332,296.39999999999986,3.699999999999193,4.7543357320516755,297.45433573205236,False,momentum
2023-10-31 21:00:00+00:00,2023-11-01 21:00:00+00:00,2023-12-03 22:00:00+00:00,EUR,EUR_USD,1,1,0.18564713540580347,0.003876721453846382,2023-11-01 21:00:00+00:00,2023-12-03 22:00:00+00:00,1.05704,1.08786,308.20000000000067,1.8499999999999073,-22.86004191780822,283.4899580821925,False,momentum
2023-10-31 21:00:00+00:00,2023-11-01 21:00:00+00:00,2023-12-03 22:00:00+00:00,GBP,GBP_USD,1,1,0.18313242612751734,0.003929955212692181,2023-11-01 21:00:00+00:00,2023-12-03 22:00:00+00:00,1.21458,1.26984,552.6000000000008,2.049999999998997,-13.790023961643847,536.7599760383579,False,momentum
2023-10-31 21:00:00+00:00,2023-11-01 21:00:00+00:00,2023-12-03 22:00:00+00:00,JPY,USD_JPY,-1,1,0.16516445274785538,0.004357488676885697,2023-11-01 21:00:00+00:00,2023-12-03 22:00:00+00:00,150.95,146.742,-420.79999999999984,2.1000000000015007,56.62499859863012,-366.27500140137124,False,momentum
2023-10-31 21:00:00+00:00,2023-11-01 21:00:00+00:00,2023-12-03 22:00:00+00:00,AUD,AUD_USD,-1,-1,0.1330326941867178,0.005409965099727034,2023-11-01 21:00:00+00:00,2023-12-03 22:00:00+00:00,0.63933,0.6669,-275.70000000000095,1.3499999999994072,0.7321196712328762,-276.3178803287675,False,momentum
2023-10-31 21:00:00+00:00,2023-11-01 21:00:00+00:00,2023-12-03 22:00:00+00:00,CAD,CAD_JPY,-1,-1,0.17051012438370877,0.004220876826370821,2023-11-01 21:00:00+00:00,2023-12-03 22:00:00+00:00,108.924,108.664,26.00000000000051,2.9000000000003467,-54.89963218643118,-31.799632186431012,False,momentum
2023-10-31 21:00:00+00:00,2023-11-01 21:00:00+00:00,2023-12-03 22:00:00+00:00,CHF,CHF_JPY,1,1,0.16251316714839725,0.004428577974950262,2023-11-01 21:00:00+00:00,2023-12-03 22:00:00+00:00,166.332,168.566,223.4000000000009,3.8999999999987267,3.627137908063477,223.12713790806563,False,momentum
2023-11-30 22:00:00+00:00,2023-12-03 22:00:00+00:00,2024-01-01 22:00:00+00:00,EUR,EUR_USD,1,1,0.18827226994953022,0.004443691578849996,2023-12-03 22:00:00+00:00,2024-01-01 22:00:00+00:00,1.08786,1.1044,165.39999999999998,1.7499999999992522,-22.098040520547947,141.55195947945276,False,momentum
2023-11-30 22:00:00+00:00,2023-12-03 22:00:00+00:00,2024-01-01 22:00:00+00:00,GBP,GBP_USD,1,1,0.1679692640660648,0.0049808154197582485,2023-12-03 22:00:00+00:00,2024-01-01 22:00:00+00:00,1.26984,1.27264,27.999999999999137,1.8999999999991246,-13.335318631232887,12.764681368767125,False,momentum
2023-11-30 22:00:00+00:00,2023-12-03 22:00:00+00:00,2024-01-01 22:00:00+00:00,JPY,USD_JPY,-1,1,0.17466050662380642,0.004790000422406126,2023-12-03 22:00:00+00:00,2024-01-01 22:00:00+00:00,146.742,140.858,-588.3999999999986,1.999999999999602,54.701052880821905,-535.6989471191764,False,momentum
2023-11-30 22:00:00+00:00,2023-12-03 22:00:00+00:00,2024-01-01 22:00:00+00:00,AUD,AUD_USD,-1,-1,0.13722589435848653,0.006096691185120783,2023-12-03 22:00:00+00:00,2024-01-01 22:00:00+00:00,0.6669,0.68116,-142.5999999999994,1.5499999999996072,0.3870320136986316,-143.76296798630037,False,momentum
2023-11-30 22:00:00+00:00,2023-12-03 22:00:00+00:00,2024-01-01 22:00:00+00:00,NZD,NZD_USD,-1,-1,0.13700727959046363,0.006106419330465516,2023-12-03 22:00:00+00:00,2024-01-01 22:00:00+00:00,0.61952,0.63248,-129.60000000000082,1.6499999999997073,-4.714703095890407,-135.9647030958909,False,momentum
2023-11-30 22:00:00+00:00,2023-12-03 22:00:00+00:00,2024-01-01 22:00:00+00:00,CHF,CHF_JPY,1,1,0.19486478541164842,0.004293356024991111,2023-12-03 22:00:00+00:00,2024-01-01 22:00:00+00:00,168.566,167.603,-96.29999999999939,4.14999999999992,2.252552591006197,-98.19744740899311,False,momentum
2023-12-28 22:00:00+00:00,2024-01-01 22:00:00+00:00,2024-02-01 22:00:00+00:00,EUR,EUR_USD,1,1,0.20326379289445348,0.004632698564121188,2024-01-01 22:00:00+00:00,2024-02-01 22:00:00+00:00,1.1044,1.08725,-171.49999999999997,3.3999999999989594,-25.146046109589044,-200.04604610958796,False,momentum
2023-12-28 22:00:00+00:00,2024-01-01 22:00:00+00:00,2024-02-01 22:00:00+00:00,GBP,GBP_USD,1,1,0.18222517482190914,0.005167561959538559,2024-01-01 22:00:00+00:00,2024-02-01 22:00:00+00:00,1.27264,1.27434,17.000000000000348,4.849999999999577,-15.168530756164397,-3.018530756163626,False,momentum
2023-12-28 22:00:00+00:00,2024-01-01 22:00:00+00:00,2024-02-01 22:00:00+00:00,JPY,USD_JPY,-1,1,0.15382810558721546,0.006121507366194997,2024-01-01 22:00:00+00:00,2024-02-01 22:00:00+00:00,140.858,146.401,554.3000000000006,6.000000000000227,62.27076270547945,610.5707627054799,False,momentum
2023-12-28 22:00:00+00:00,2024-01-01 22:00:00+00:00,2024-02-01 22:00:00+00:00,AUD,AUD_USD,-1,-1,0.14645898769616406,0.006429512427284273,2024-01-01 22:00:00+00:00,2024-02-01 22:00:00+00:00,0.68116,0.65709,240.70000000000036,2.449999999999952,0.4404157397260291,238.69041573972643,False,momentum
2023-12-28 22:00:00+00:00,2024-01-01 22:00:00+00:00,2024-02-01 22:00:00+00:00,NZD,NZD_USD,-1,-1,0.15151084868065298,0.006215131719476703,2024-01-01 22:00:00+00:00,2024-02-01 22:00:00+00:00,0.63248,0.61366,188.20000000000059,1.7000000000000348,-5.41479821917808,181.08520178082247,False,momentum
2023-12-28 22:00:00+00:00,2024-01-01 22:00:00+00:00,2024-02-01 22:00:00+00:00,CHF,CHF_JPY,1,1,0.16271309031960485,0.00578724108570694,2024-01-01 22:00:00+00:00,2024-02-01 22:00:00+00:00,167.603,170.691,308.7999999999994,7.150000000001455,3.1774764794929093,304.8274764794908,False,momentum
2024-01-31 22:00:00+00:00,2024-02-01 22:00:00+00:00,2024-03-03 22:00:00+00:00,EUR,EUR_USD,1,1,0.20187290030981475,0.004437020971184754,2024-02-01 22:00:00+00:00,2024-03-03 22:00:00+00:00,1.08725,1.08401,-32.40000000000131,3.449999999999287,-22.098040520547947,-57.948040520548545,False,momentum
2024-01-31 22:00:00+00:00,2024-02-01 22:00:00+00:00,2024-03-03 22:00:00+00:00,GBP,GBP_USD,1,1,0.18292920448929537,0.004896507885054257,2024-02-01 22:00:00+00:00,2024-03-03 22:00:00+00:00,1.27434,1.26567,-86.69999999999955,4.799999999999249,-13.321368362739731,-104.82136836273853,False,momentum
2024-01-31 22:00:00+00:00,2024-02-01 22:00:00+00:00,2024-03-03 22:00:00+00:00,JPY,USD_JPY,-1,1,0.1430283708219087,0.00626249384678955,2024-02-01 22:00:00+00:00,2024-03-03 22:00:00+00:00,146.401,150.097,369.5999999999998,5.8000000000006935,54.61049336849316,418.41049336849227,False,momentum
2024-01-31 22:00:00+00:00,2024-02-01 22:00:00+00:00,2024-03-03 22:00:00+00:00,AUD,AUD_USD,-1,-1,0.15057606363159148,0.005948583530381337,2024-02-01 22:00:00+00:00,2024-03-03 22:00:00+00:00,0.65709,0.65266,44.299999999999336,2.1999999999999797,0.3870320136986316,42.487032013697984,False,momentum
2024-01-31 22:00:00+00:00,2024-02-01 22:00:00+00:00,2024-03-03 22:00:00+00:00,NZD,NZD_USD,-1,-1,0.16644440947773356,0.005381462165050147,2024-02-01 22:00:00+00:00,2024-03-03 22:00:00+00:00,0.61366,0.611,26.599999999999955,1.6499999999997073,-5.064750657534244,19.885249342466004,False,momentum
2024-01-31 22:00:00+00:00,2024-02-01 22:00:00+00:00,2024-03-03 22:00:00+00:00,CHF,CHF_JPY,1,1,0.1551490512696562,0.0057732502059051885,2024-02-01 22:00:00+00:00,2024-03-03 22:00:00+00:00,170.691,169.923,-76.80000000000007,6.300000000000239,2.7714523720890427,-80.32854762791126,False,momentum
2024-02-29 22:00:00+00:00,2024-03-03 22:00:00+00:00,2024-04-01 21:00:00+00:00,EUR,EUR_USD,1,1,0.21114802483497264,0.003726314358378042,2024-03-03 22:00:00+00:00,2024-04-01 21:00:00+00:00,1.08401,1.07408,-99.29999999999994,1.6499999999997073,-22.098040520547947,-123.0480405205476,False,momentum
2024-02-29 22:00:00+00:00,2024-03-03 22:00:00+00:00,2024-04-01 21:00:00+00:00,GBP,GBP_USD,1,1,0.2053802939023882,0.0038309611001904054,2024-03-03 22:00:00+00:00,2024-04-01 21:00:00+00:00,1.26567,1.25538,-102.90000000000131,1.7000000000000348,-13.309914458082199,-117.90991445808355,False,momentum
2024-02-29 22:00:00+00:00,2024-03-03 22:00:00+00:00,2024-04-01 21:00:00+00:00,JPY,USD_JPY,-1,1,0.13217457959270068,0.005952762771103779,2024-03-03 22:00:00+00:00,2024-04-01 21:00:00+00:00,150.097,151.673,157.59999999999934,1.8999999999991246,54.23804517808222,209.93804517808243,False,momentum
2024-02-29 22:00:00+00:00,2024-03-03 22:00:00+00:00,2024-04-01 21:00:00+00:00,AUD,AUD_USD,-1,-1,0.1530159230804972,0.0051419741216854106,2024-03-03 22:00:00+00:00,2024-04-01 21:00:00+00:00,0.65266,0.64884,38.20000000000045,1.2499999999998623,0.3870320136986316,37.337032013699215,False,momentum
2024-02-29 22:00:00+00:00,2024-03-03 22:00:00+00:00,2024-04-01 21:00:00+00:00,NZD,NZD_USD,-1,-1,0.15990058795255485,0.0049205817612076545,2024-03-03 22:00:00+00:00,2024-04-01 21:00:00+00:00,0.611,0.59522,157.80000000000015,1.6499999999997073,-4.756896328767121,151.39310367123332,False,momentum
2024-02-29 22:00:00+00:00,2024-03-03 22:00:00+00:00,2024-04-01 21:00:00+00:00,CHF,CHF_JPY,1,1,0.13838059063688635,0.005685796780202451,2024-03-03 22:00:00+00:00,2024-04-01 21:00:00+00:00,169.923,167.694,-222.90000000000134,3.3499999999989427,-0.7801324375000033,-227.0301324375003,False,momentum
2024-03-31 21:00:00+00:00,2024-04-01 21:00:00+00:00,2024-05-01 21:00:00+00:00,EUR,EUR_USD,1,1,0.2204804053559579,0.0029088935726075712,2024-04-01 21:00:00+00:00,2024-05-01 21:00:00+00:00,1.07408,1.0713,-27.800000000000047,1.6499999999997073,-24.38404471232877,-53.83404471232852,False,momentum
2024-03-31 21:00:00+00:00,2024-04-01 21:00:00+00:00,2024-05-01 21:00:00+00:00,GBP,GBP_USD,1,1,0.19919991216796876,0.00321965018481061,2024-04-01 21:00:00+00:00,2024-05-01 21:00:00+00:00,1.25538,1.25232,-30.599999999998406,1.7500000000003624,-14.584675308493152,-46.934675308491926,False,momentum
2024-03-31 21:00:00+00:00,2024-04-01 21:00:00+00:00,2024-05-01 21:00:00+00:00,JPY,USD_JPY,-1,1,0.14507943102765863,0.00442070960357976,2024-04-01 21:00:00+00:00,2024-05-01 21:00:00+00:00,151.673,154.75,307.6999999999998,5.5499999999995,59.094520986301376,361.2445209863017,False,momentum
2024-03-31 21:00:00+00:00,2024-04-01 21:00:00+00:00,2024-05-01 21:00:00+00:00,AUD,AUD_USD,-1,-1,0.14506814197266993,0.004421053618696554,2024-04-01 21:00:00+00:00,2024-05-01 21:00:00+00:00,0.64884,0.6524,-35.60000000000007,1.3999999999997348,0.4270698082191797,-36.57293019178063,False,momentum
2024-03-31 21:00:00+00:00,2024-04-01 21:00:00+00:00,2024-05-01 21:00:00+00:00,NZD,NZD_USD,-1,-1,0.1359692669065147,0.004716904405072796,2024-04-01 21:00:00+00:00,2024-05-01 21:00:00+00:00,0.59522,0.5926,26.199999999999555,1.4999999999998348,-5.361665999999996,19.338333999999723,False,momentum
2024-03-31 21:00:00+00:00,2024-04-01 21:00:00+00:00,2024-05-01 21:00:00+00:00,CHF,CHF_JPY,1,1,0.1542028425692301,0.0041591583095358245,2024-04-01 21:00:00+00:00,2024-05-01 21:00:00+00:00,167.694,168.942,124.80000000000189,6.1499999999995225,-1.7981311506849362,116.85186884931743,False,momentum
2024-04-30 21:00:00+00:00,2024-05-01 21:00:00+00:00,2024-06-02 21:00:00+00:00,GBP,GBP_USD,1,1,0.21877246768358627,0.0037089836837860112,2024-05-01 21:00:00+00:00,2024-06-02 21:00:00+00:00,1.25232,1.274,216.79999999999922,1.80000000000069,-13.652173282191775,201.34782671780675,False,momentum
2024-04-30 21:00:00+00:00,2024-05-01 21:00:00+00:00,2024-06-02 21:00:00+00:00,JPY,USD_JPY,-1,1,0.15201738882385715,0.005337701952243252,2024-05-01 21:00:00+00:00,2024-06-02 21:00:00+00:00,154.75,157.233,248.3000000000004,6.550000000000011,55.40111342465754,297.1511134246579,False,momentum
2024-04-30 21:00:00+00:00,2024-05-01 21:00:00+00:00,2024-06-02 21:00:00+00:00,AUD,AUD_USD,-1,-1,0.1485599808404032,0.005461925267557282,2024-05-01 21:00:00+00:00,2024-06-02 21:00:00+00:00,0.6524,0.66547,-130.70000000000024,1.2999999999996348,0.400377945205481,-131.5996220547944,False,momentum
2024-04-30 21:00:00+00:00,2024-05-01 21:00:00+00:00,2024-06-02 21:00:00+00:00,NZD,NZD_USD,-1,-1,0.15099050079942186,0.005374003720789903,2024-05-01 21:00:00+00:00,2024-06-02 21:00:00+00:00,0.5926,0.61364,-210.39999999999947,1.3499999999999623,-4.667821726027396,-216.41782172602683,False,momentum
2024-04-30 21:00:00+00:00,2024-05-01 21:00:00+00:00,2024-06-02 21:00:00+00:00,CAD,CAD_JPY,1,1,0.16622178667775084,0.004881571359072841,2024-05-01 21:00:00+00:00,2024-06-02 21:00:00+00:00,112.643,115.314,267.0999999999992,4.600000000000648,32.83968380547946,295.33968380547805,False,momentum
2024-04-30 21:00:00+00:00,2024-05-01 21:00:00+00:00,2024-06-02 21:00:00+00:00,CHF,CHF_JPY,1,1,0.16343787517498073,0.00496472137949232,2024-05-01 21:00:00+00:00,2024-06-02 21:00:00+00:00,168.942,174.346,540.3999999999996,6.999999999999318,-1.6857479537671274,531.7142520462332,False,momentum
2024-05-30 21:00:00+00:00,2024-06-02 21:00:00+00:00,2024-07-01 21:00:00+00:00,EUR,EUR_USD,1,1,0.22594649126268657,0.003339724158098513,2024-06-02 21:00:00+00:00,2024-07-01 21:00:00+00:00,1.08504,1.0738,-112.39999999999917,1.40000000000029,-23.665944630136995,-137.46594463013645,False,momentum
2024-05-30 21:00:00+00:00,2024-06-02 21:00:00+00:00,2024-07-01 21:00:00+00:00,GBP,GBP_USD,1,1,0.20324731927856135,0.0037127129547690147,2024-06-02 21:00:00+00:00,2024-07-01 21:00:00+00:00,1.274,1.2649,-91.00000000000108,1.9000000000002348,-13.197100839452048,-106.09710083945336,False,momentum
2024-05-30 21:00:00+00:00,2024-06-02 21:00:00+00:00,2024-07-01 21:00:00+00:00,JPY,USD_JPY,-1,1,0.1384425943746894,0.00545062708999296,2024-06-02 21:00:00+00:00,2024-07-01 21:00:00+00:00,157.233,161.515,428.1999999999982,3.499999999999659,53.55396572465754,478.2539657246561,False,momentum
2024-05-30 21:00:00+00:00,2024-06-02 21:00:00+00:00,2024-07-01 21:00:00+00:00,AUD,AUD_USD,1,1,0.13761207395423417,0.0054835228742976935,2024-06-02 21:00:00+00:00,2024-07-01 21:00:00+00:00,0.66547,0.66572,2.4999999999997247,1.3499999999994072,-11.776831273972606,-10.62683127397229,False,momentum
2024-05-30 21:00:00+00:00,2024-06-02 21:00:00+00:00,2024-07-01 21:00:00+00:00,NZD,NZD_USD,-1,-1,0.1440534877291685,0.0052383247861814515,2024-06-02 21:00:00+00:00,2024-07-01 21:00:00+00:00,0.61364,0.60756,60.79999999999974,1.40000000000029,-4.656882739726027,54.74311726027342,False,momentum
2024-05-30 21:00:00+00:00,2024-06-02 21:00:00+00:00,2024-07-01 21:00:00+00:00,CAD,CAD_JPY,-1,-1,0.15069803340066007,0.0050073576826403605,2024-06-02 21:00:00+00:00,2024-07-01 21:00:00+00:00,115.314,117.573,-225.90000000000003,3.900000000000148,-50.282062546919754,-280.08206254691993,False,momentum
2024-06-30 21:00:00+00:00,2024-07-01 21:00:00+00:00,2024-08-01 21:00:00+00:00,GBP,GBP_USD,1,1,0.2238692366449849,0.003465190294944384,2024-07-01 21:00:00+00:00,2024-08-01 21:00:00+00:00,1.2649,1.27413,92.30000000000071,2.9999999999996696,-15.109168692602733,74.1908313073983,False,momentum
2024-06-30 21:00:00+00:00,2024-07-01 21:00:00+00:00,2024-08-01 21:00:00+00:00,JPY,USD_JPY,-1,1,0.1419866783964034,0.005463537248142706,2024-07-01 21:00:00+00:00,2024-08-01 21:00:00+00:00,161.515,149.352,-1216.2999999999981,6.399999999999295,60.86043147671234,-1161.8395685232852,False,momentum
2024-06-30 21:00:00+00:00,2024-07-01 21:00:00+00:00,2024-08-01 21:00:00+00:00,AUD,AUD_USD,1,1,0.14298482327665168,0.005425397523888698,2024-07-01 21:00:00+00:00,2024-08-01 21:00:00+00:00,0.66572,0.64981,-159.0999999999998,1.6999999999994797,-13.40122179452055,-174.20122179451982,False,momentum
2024-06-30 21:00:00+00:00,2024-07-01 21:00:00+00:00,2024-08-01 21:00:00+00:00,NZD,NZD_USD,1,1,0.1466143674034764,0.005291087905621011,2024-07-01 21:00:00+00:00,2024-08-01 21:00:00+00:00,0.60756,0.59468,-128.8,2.5500000000000522,-6.1883408219178095,-137.53834082191787,False,momentum
2024-06-30 21:00:00+00:00,2024-07-01 21:00:00+00:00,2024-08-01 21:00:00+00:00,CAD,CAD_JPY,-1,-1,0.15583060034800125,0.004978159003600087,2024-07-01 21:00:00+00:00,2024-08-01 21:00:00+00:00,117.573,107.616,995.6999999999994,5.000000000000426,-56.165721030035215,934.5342789699637,False,momentum
2024-06-30 21:00:00+00:00,2024-07-01 21:00:00+00:00,2024-08-01 21:00:00+00:00,CHF,CHF_JPY,-1,-1,0.1887142939304824,0.004110708786291386,2024-07-01 21:00:00+00:00,2024-08-01 21:00:00+00:00,178.868,171.072,779.5999999999992,7.30000000000075,-35.716566818069836,736.5834331819286,False,momentum
2020-11-30 22:00:00+00:00,2020-12-01 22:00:00+00:00,2021-01-03 22:00:00+00:00,EUR,EUR_USD,1,1,0.1829667933021587,0.0037012393180452124,2020-12-01 22:00:00+00:00,2021-01-03 22:00:00+00:00,1.20705,1.224,169.5000000000002,2.649999999999597,-17.488402438356164,149.36159756164443,False,value
2020-11-30 22:00:00+00:00,2020-12-01 22:00:00+00:00,2021-01-03 22:00:00+00:00,GBP,GBP_USD,1,1,0.1800844633637616,0.003760479258550379,2020-12-01 22:00:00+00:00,2021-01-03 22:00:00+00:00,1.34251,1.36527,227.59999999999891,5.999999999999339,-13.93668533698631,207.66331466301327,False,value
2020-11-30 22:00:00+00:00,2020-12-01 22:00:00+00:00,2021-01-03 22:00:00+00:00,AUD,AUD_USD,-1,-1,0.13984756444693033,0.004842443212685252,2020-12-01 22:00:00+00:00,2021-01-03 22:00:00+00:00,0.73703,0.77046,-334.3000000000007,2.749999999999697,-5.788321150684928,-342.8383211506853,False,value
2020-11-30 22:00:00+00:00,2020-12-01 22:00:00+00:00,2021-01-03 22:00:00+00:00,NZD,NZD_USD,-1,-1,0.16277427389754576,0.004160386485230771,2020-12-01 22:00:00+00:00,2021-01-03 22:00:00+00:00,0.70658,0.71928,-127.00000000000044,18.149999999999554,-4.26933008219178,-149.41933008219178,False,value
2020-11-30 22:00:00+00:00,2020-12-01 22:00:00+00:00,2021-01-03 22:00:00+00:00,CAD,CAD_JPY,1,1,0.1464062612526788,0.004625511801697008,2020-12-01 22:00:00+00:00,2021-01-03 22:00:00+00:00,80.644,81.084,43.99999999999977,4.14999999999992,-12.36049183857535,27.489508161424503,False,value
2020-11-30 22:00:00+00:00,2020-12-01 22:00:00+00:00,2021-01-03 22:00:00+00:00,CHF,CHF_JPY,-1,-1,0.18792064373692474,0.0036036694840969013,2020-12-01 22:00:00+00:00,2021-01-03 22:00:00+00:00,115.978,116.722,-74.39999999999998,3.1999999999996476,-2.521252501231998,-80.12125250123162,False,value
2020-12-30 22:00:00+00:00,2021-01-03 22:00:00+00:00,2021-02-01 22:00:00+00:00,EUR,EUR_USD,1,1,0.19556832677103986,0.0035343491543624113,2021-01-03 22:00:00+00:00,2021-02-01 22:00:00+00:00,1.224,1.20597,-180.2999999999999,2.349999999999852,-15.330966383561643,-197.9809663835614,False,value
2020-12-30 22:00:00+00:00,2021-01-03 22:00:00+00:00,2021-02-01 22:00:00+00:00,GBP,GBP_USD,1,1,0.13004127830735804,0.005315287263707145,2021-01-03 22:00:00+00:00,2021-02-01 22:00:00+00:00,1.36527,1.36625,9.799999999999809,5.999999999999339,-12.201565626301372,-8.401565626300902,False,value
2020-12-30 22:00:00+00:00,2021-01-03 22:00:00+00:00,2021-02-01 22:00:00+00:00,AUD,AUD_USD,-1,-1,0.14361057189300816,0.004813063141745963,2021-01-03 22:00:00+00:00,2021-02-01 22:00:00+00:00,0.77046,0.76232,81.40000000000036,1.7499999999998073,-5.109585205479451,74.54041479452111,False,value
2020-12-30 22:00:00+00:00,2021-01-03 22:00:00+00:00,2021-02-01 22:00:00+00:00,NZD,NZD_USD,-1,-1,0.14856594881078586,0.004652524726400259,2021-01-03 22:00:00+00:00,2021-02-01 22:00:00+00:00,0.71928,0.7158,34.80000000000039,12.249999999999762,-4.230262273972602,18.319737726028023,False,value
2020-12-30 22:00:00+00:00,2021-01-03 22:00:00+00:00,2021-02-01 22:00:00+00:00,CAD,CAD_JPY,1,1,0.17282319792216821,0.003999502142383598,2021-01-03 22:00:00+00:00,2021-02-01 22:00:00+00:00,81.084,81.658,57.39999999999981,4.399999999999693,-11.092425501335264,41.90757449866485,False,value
2020-12-30 22:00:00+00:00,2021-01-03 22:00:00+00:00,2021-02-01 22:00:00+00:00,CHF,CHF_JPY,-1,-1,0.20939067629563993,0.003301038816873477,2021-01-03 22:00:00+00:00,2021-02-01 22:00:00+00:00,116.722,116.978,-25.600000000000023,5.749999999999744,-2.273994425086302,-33.62399442508607,False,value
2021-01-31 22:00:00+00:00,2021-02-01 22:00:00+00:00,2021-03-01 22:00:00+00:00,EUR,EUR_USD,1,1,0.1938764878220182,0.0036738786382020123,2021-02-01 22:00:00+00:00,2021-03-01 22:00:00+00:00,1.20597,1.20494,-10.300000000000864,2.00000000000089,-14.716347972602739,-27.016347972604493,False,value
2021-01-31 22:00:00+00:00,2021-02-01 22:00:00+00:00,2021-03-01 22:00:00+00:00,GBP,GBP_USD,1,1,0.14324658850327165,0.0049723954650597296,2021-02-01 22:00:00+00:00,2021-03-01 22:00:00+00:00,1.36625,1.39248,262.2999999999997,5.999999999999339,-11.688122323287676,244.61187767671274,False,value
2021-01-31 22:00:00+00:00,2021-02-01 22:00:00+00:00,2021-03-01 22:00:00+00:00,AUD,AUD_USD,-1,-1,0.13063085877403569,0.005452606633253783,2021-02-01 22:00:00+00:00,2021-03-01 22:00:00+00:00,0.76232,0.77721,-148.89999999999958,2.8000000000000247,-4.985658698630137,-156.68565869862974,False,value
2021-01-31 22:00:00+00:00,2021-02-01 22:00:00+00:00,2021-03-01 22:00:00+00:00,NZD,NZD_USD,-1,-1,0.12872268135569853,0.005533435751627254,2021-02-01 22:00:00+00:00,2021-03-01 22:00:00+00:00,0.7158,0.72658,-107.80000000000011,3.5999999999997145,-4.136499534246575,-115.53649953424639,False,value
2021-01-31 22:00:00+00:00,2021-02-01 22:00:00+00:00,2021-03-01 22:00:00+00:00,CAD,CAD_JPY,1,1,0.1747757571502755,0.004075386075693064,2021-02-01 22:00:00+00:00,2021-03-01 22:00:00+00:00,81.658,84.39,273.19999999999993,6.59999999999954,-10.47466109442714,256.12533890557324,False,value
2021-01-31 22:00:00+00:00,2021-02-01 22:00:00+00:00,2021-03-01 22:00:00+00:00,CHF,CHF_JPY,-1,-1,0.22874762639470048,0.0031138189203761156,2021-02-01 22:00:00+00:00,2021-03-01 22:00:00+00:00,116.978,116.631,34.69999999999942,6.649999999999778,-2.143996713353426,25.906003286646214,False,value
2021-02-28 22:00:00+00:00,2021-03-01 22:00:00+00:00,2021-04-01 21:00:00+00:00,EUR,EUR_USD,1,1,0.19804423120587514,0.0038997187544932786,2021-03-01 22:00:00+00:00,2021-04-01 21:00:00+00:00,1.20494,1.1777,-272.3999999999993,6.1000000000011045,-17.27203167123287,-295.77203167123326,False,value
2021-02-28 22:00:00+00:00,2021-03-01 22:00:00+00:00,2021-04-01 21:00:00+00:00,GBP,GBP_USD,1,1,0.1557088001744383,0.004960007409905792,2021-03-01 22:00:00+00:00,2021-04-01 21:00:00+00:00,1.39248,1.38326,-92.20000000000006,10.499999999999954,-13.690720076712333,-116.39072007671236,False,value
2021-02-28 22:00:00+00:00,2021-03-01 22:00:00+00:00,2021-04-01 21:00:00+00:00,AUD,AUD_USD,-1,-1,0.12259022877573321,0.006299986633238381,2021-03-01 22:00:00+00:00,2021-04-01 21:00:00+00:00,0.77721,0.76168,155.29999999999933,9.399999999999963,-5.919873904109589,139.98012609588977,False,value
2021-02-28 22:00:00+00:00,2021-03-01 22:00:00+00:00,2021-04-01 21:00:00+00:00,NZD,NZD_USD,-1,-1,0.12370053968756872,0.006243439233194941,2021-03-01 22:00:00+00:00,2021-04-01 21:00:00+00:00,0.72658,0.70174,248.39999999999972,11.349999999999971,-5.158513397260273,231.8914866027395,False,value
2021-02-28 22:00:00+00:00,2021-03-01 22:00:00+00:00,2021-04-01 21:00:00+00:00,CAD,CAD_JPY,1,1,0.18258996970816824,0.004229787670632405,2021-03-01 22:00:00+00:00,2021-04-01 21:00:00+00:00,84.39,88.188,379.8000000000002,13.84999999999934,-12.647297609697947,353.3027023903029,False,value
2021-02-28 22:00:00+00:00,2021-03-01 22:00:00+00:00,2021-04-01 21:00:00+00:00,CHF,CHF_JPY,-1,-1,0.21736623044821635,0.0035530671027427375,2021-03-01 22:00:00+00:00,2021-04-01 21:00:00+00:00,116.631,117.424,-79.30000000000064,12.700000000000244,-2.584997479029452,-94.58499747903033,False,value
2021-03-31 21:00:00+00:00,2021-04-01 21:00:00+00:00,2021-05-02 21:00:00+00:00,EUR,EUR_USD,1,1,0.1861292102166712,0.0038423409915557274,2021-04-01 21:00:00+00:00,2021-05-02 21:00:00+00:00,1.1777,1.20336,256.60000000000014,6.450000000001177,-15.177311780821913,234.97268821917703,False,value
2021-03-31 21:00:00+00:00,2021-04-01 21:00:00+00:00,2021-05-02 21:00:00+00:00,GBP,GBP_USD,1,1,0.1797740855332814,0.003978170112894329,2021-04-01 21:00:00+00:00,2021-05-02 21:00:00+00:00,1.38326,1.38185,-14.099999999999113,10.499999999999954,-12.029903901369865,-36.629903901368934,False,value
2021-03-31 21:00:00+00:00,2021-04-01 21:00:00+00:00,2021-05-02 21:00:00+00:00,JPY,USD_JPY,1,-1,0.2323532388648325,0.0030779510440026524,2021-04-01 21:00:00+00:00,2021-05-02 21:00:00+00:00,110.609,109.292,131.6999999999993,9.999999999999432,-13.362411179452058,108.33758882054782,False,value
2021-03-31 21:00:00+00:00,2021-04-01 21:00:00+00:00,2021-05-02 21:00:00+00:00,AUD,AUD_USD,-1,-1,0.10890912243822239,0.006566684939979045,2021-04-01 21:00:00+00:00,2021-05-02 21:00:00+00:00,0.76168,0.77234,-106.60000000000002,10.449999999999626,-5.203006726027397,-122.25300672602704,False,value
2021-03-31 21:00:00+00:00,2021-04-01 21:00:00+00:00,2021-05-02 21:00:00+00:00,NZD,NZD_USD,-1,-1,0.10340641464849806,0.00691612697889624,2021-04-01 21:00:00+00:00,2021-05-02 21:00:00+00:00,0.70174,0.71792,-161.79999999999973,20.000000000000018,-4.580309835616437,-186.3803098356162,False,value
2021-03-31 21:00:00+00:00,2021-04-01 21:00:00+00:00,2021-05-02 21:00:00+00:00,CHF,CHF_JPY,-1,-1,0.18942792829849442,0.003775430057042402,2021-04-01 21:00:00+00:00,2021-05-02 21:00:00+00:00,117.424,119.762,-233.7999999999994,18.09999999999974,-2.2167324973335623,-254.1167324973327,False,value
2021-04-29 21:00:00+00:00,2021-05-02 21:00:00+00:00,2021-06-01 21:00:00+00:00,EUR,EUR_USD,1,1,0.18808144549081848,0.00379192071779427,2021-05-02 21:00:00+00:00,2021-06-01 21:00:00+00:00,1.20336,1.22134,179.80000000000106,2.1999999999999797,-15.610053315068498,161.9899466849326,False,value
2021-04-29 21:00:00+00:00,2021-05-02 21:00:00+00:00,2021-06-01 21:00:00+00:00,GBP,GBP_USD,1,1,0.1746076531668957,0.0040845284662731135,2021-05-02 21:00:00+00:00,2021-06-01 21:00:00+00:00,1.38185,1.41513,332.7999999999997,5.999999999999339,-12.32862320328767,314.4713767967127,False,value
2021-04-29 21:00:00+00:00,2021-05-02 21:00:00+00:00,2021-06-01 21:00:00+00:00,JPY,USD_JPY,1,-1,0.22100702787869086,0.003227001134917723,2021-05-02 21:00:00+00:00,2021-06-01 21:00:00+00:00,109.292,109.482,-18.999999999999773,5.949999999999278,-13.76682155068494,-38.71682155068399,False,value
2021-04-29 21:00:00+00:00,2021-05-02 21:00:00+00:00,2021-06-01 21:00:00+00:00,AUD,AUD_USD,-1,-1,0.11521956564047366,0.006189833521979561,2021-05-02 21:00:00+00:00,2021-06-01 21:00:00+00:00,0.77234,0.77519,-28.500000000000192,4.449999999999732,-5.437513808219178,-38.387513808219104,False,value
2021-04-29 21:00:00+00:00,2021-05-02 21:00:00+00:00,2021-06-01 21:00:00+00:00,NZD,NZD_USD,-1,-1,0.10918003733318214,0.0065322374603417966,2021-05-02 21:00:00+00:00,2021-06-01 21:00:00+00:00,0.71792,0.72556,-76.39999999999979,11.599999999999945,-5.302282931506848,-93.3022829315066,False,value
2021-04-29 21:00:00+00:00,2021-05-02 21:00:00+00:00,2021-06-01 21:00:00+00:00,CHF,CHF_JPY,-1,-1,0.19190427048993922,0.003716383840591593,2021-05-02 21:00:00+00:00,2021-06-01 21:00:00+00:00,119.762,122.139,-237.69999999999953,9.40000000000012,-2.270616145346725,-249.3706161453464,False,value
2021-05-31 21:00:00+00:00,2021-06-01 21:00:00+00:00,2021-07-01 21:00:00+00:00,EUR,EUR_USD,1,1,0.18044746750233398,0.0037759628653886482,2021-06-01 21:00:00+00:00,2021-07-01 21:00:00+00:00,1.22134,1.18506,-362.80000000000086,1.8999999999991246,-16.826746904109598,-381.5267469041096,False,value
2021-05-31 21:00:00+00:00,2021-06-01 21:00:00+00:00,2021-07-01 21:00:00+00:00,GBP,GBP_USD,1,1,0.163310138039866,0.004172202317751449,2021-06-01 21:00:00+00:00,2021-07-01 21:00:00+00:00,1.41513,1.37618,-389.5000000000004,10.499999999999954,-13.352903311780821,-413.3529033117812,False,value
2021-05-31 21:00:00+00:00,2021-06-01 21:00:00+00:00,2021-07-01 21:00:00+00:00,JPY,USD_JPY,1,-1,0.21935072984682757,0.0031062715720984067,2021-06-01 21:00:00+00:00,2021-07-01 21:00:00+00:00,109.482,111.52,-203.79999999999967,5.949999999999278,-15.101686519178084,-224.85168651917704,False,value
2021-05-31 21:00:00+00:00,2021-06-01 21:00:00+00:00,2021-07-01 21:00:00+00:00,AUD,AUD_USD,-1,-1,0.12716743935361677,0.005357998398847679,2021-06-01 21:00:00+00:00,2021-07-01 21:00:00+00:00,0.77519,0.74698,282.10000000000065,7.149999999999657,-5.692993068493151,269.2570069315079,False,value
2021-05-31 21:00:00+00:00,2021-06-01 21:00:00+00:00,2021-07-01 21:00:00+00:00,NZD,NZD_USD,-1,-1,0.10651746006699304,0.006396725344499407,2021-06-01 21:00:00+00:00,2021-07-01 21:00:00+00:00,0.72556,0.69725,283.09999999999945,8.05,-4.492797945205478,270.55720205479395,False,value
2021-05-31 21:00:00+00:00,2021-06-01 21:00:00+00:00,2021-07-01 21:00:00+00:00,CHF,CHF_JPY,-1,-1,0.2032067651903626,0.0033530524232495023,2021-06-01 21:00:00+00:00,2021-07-01 21:00:00+00:00,122.139,120.549,158.99999999999892,5.000000000000426,-2.588712154234117,151.41128784576438,False,value
2021-06-30 21:00:00+00:00,2021-07-01 21:00:00+00:00,2021-08-01 21:00:00+00:00,EUR,EUR_USD,1,1,0.18420951154972529,0.0037475338175715855,2021-07-01 21:00:00+00:00,2021-08-01 21:00:00+00:00,1.18506,1.1866,15.400000000000968,1.8499999999999073,-15.450127095890418,-1.9001270958893564,False,value
2021-06-30 21:00:00+00:00,2021-07-01 21:00:00+00:00,2021-08-01 21:00:00+00:00,GBP,GBP_USD,1,1,0.16165503249079208,0.004270398288344414,2021-07-01 21:00:00+00:00,2021-08-01 21:00:00+00:00,1.37618,1.39016,139.80000000000103,10.499999999999954,-12.32799911232877,116.97200088767232,False,value
2021-06-30 21:00:00+00:00,2021-07-01 21:00:00+00:00,2021-08-01 21:00:00+00:00,JPY,USD_JPY,1,-1,0.20984541982410665,0.0032897138028057885,2021-07-01 21:00:00+00:00,2021-08-01 21:00:00+00:00,111.52,109.664,185.59999999999945,6.099999999999994,-14.057588612328768,165.4424113876707,False,value
2021-06-30 21:00:00+00:00,2021-07-01 21:00:00+00:00,2021-08-01 21:00:00+00:00,AUD,AUD_USD,-1,-1,0.12656624514494816,0.005454308716043105,2021-07-01 21:00:00+00:00,2021-08-01 21:00:00+00:00,0.74698,0.73344,135.39999999999995,6.900000000000239,-5.0371358630137,123.46286413698601,False,value
2021-06-30 21:00:00+00:00,2021-07-01 21:00:00+00:00,2021-08-01 21:00:00+00:00,NZD,NZD_USD,-1,-1,0.11295180971839666,0.006111733630227117,2021-07-01 21:00:00+00:00,2021-08-01 21:00:00+00:00,0.69725,0.6972,0.49999999999994493,9.700000000000264,-4.717828520547945,-13.917828520548264,False,value
2021-06-30 21:00:00+00:00,2021-07-01 21:00:00+00:00,2021-08-01 21:00:00+00:00,CHF,CHF_JPY,-1,-1,0.20477198127203114,0.003371219879607759,2021-07-01 21:00:00+00:00,2021-08-01 21:00:00+00:00,120.549,121.058,-50.900000000000034,4.749999999999943,-2.479143238153792,-58.129143238153766,False,value
2021-07-29 21:00:00+00:00,2021-08-01 21:00:00+00:00,2021-09-01 21:00:00+00:00,EUR,EUR_USD,1,1,0.19566780266137349,0.00358357297536538,2021-08-01 21:00:00+00:00,2021-09-01 21:00:00+00:00,1.1866,1.18416,-24.399999999999977,1.2999999999996348,-17.513488904109593,-43.213488904109205,False,value
2021-07-29 21:00:00+00:00,2021-08-01 21:00:00+00:00,2021-09-01 21:00:00+00:00,GBP,GBP_USD,1,1,0.16854648012677287,0.004160216512614334,2021-08-01 21:00:00+00:00,2021-09-01 21:00:00+00:00,1.39016,1.37702,-131.4000000000015,6.000000000000449,-13.952030632328775,-151.35203063233075,False,value
2021-07-29 21:00:00+00:00,2021-08-01 21:00:00+00:00,2021-09-01 21:00:00+00:00,JPY,USD_JPY,1,-1,0.19915595340423253,0.0035208078783524944,2021-08-01 21:00:00+00:00,2021-09-01 21:00:00+00:00,109.664,110.026,-36.19999999999948,1.950000000000074,-15.855461283561647,-54.005461283561196,False,value
2021-07-29 21:00:00+00:00,2021-08-01 21:00:00+00:00,2021-09-01 21:00:00+00:00,AUD,AUD_USD,-1,-1,0.13327522179317008,0.005261216903878811,2021-08-01 21:00:00+00:00,2021-09-01 21:00:00+00:00,0.73344,0.7368,-33.60000000000029,3.650000000000597,-5.773068657534245,-43.023068657535134,False,value
2021-07-29 21:00:00+00:00,2021-08-01 21:00:00+00:00,2021-09-01 21:00:00+00:00,NZD,NZD_USD,-1,-1,0.11281480208988111,0.006215406460650231,2021-08-01 21:00:00+00:00,2021-09-01 21:00:00+00:00,0.6972,0.70676,-95.60000000000012,7.199999999999984,-6.321171369863013,-109.12117136986312,False,value
2021-07-29 21:00:00+00:00,2021-08-01 21:00:00+00:00,2021-09-01 21:00:00+00:00,CHF,CHF_JPY,-1,-1,0.19053973992456988,0.003680018929615462,2021-08-01 21:00:00+00:00,2021-09-01 21:00:00+00:00,121.058,120.188,87.00000000000045,2.1999999999998465,-2.592215902537362,82.20778409746325,False,value
2021-08-31 21:00:00+00:00,2021-09-01 21:00:00+00:00,2021-10-03 21:00:00+00:00,EUR,EUR_USD,1,1,0.21110687901708447,0.003109917475233288,2021-09-01 21:00:00+00:00,2021-10-03 21:00:00+00:00,1.18416,1.1598,-243.6000000000016,3.549999999999942,-15.798201808219183,-262.94820180822074,False,value
2021-08-31 21:00:00+00:00,2021-09-01 21:00:00+00:00,2021-10-03 21:00:00+00:00,GBP,GBP_USD,1,1,0.16375672461867213,0.0040091481661347975,2021-09-01 21:00:00+00:00,2021-10-03 21:00:00+00:00,1.37702,1.35565,-213.69999999999888,6.000000000000449,-12.543420626849318,-232.24342062684866,False,value
2021-08-31 21:00:00+00:00,2021-09-01 21:00:00+00:00,2021-10-03 21:00:00+00:00,JPY,USD_JPY,1,-1,0.20997447178730724,0.003126689480910873,2021-09-01 21:00:00+00:00,2021-10-03 21:00:00+00:00,110.026,110.898,-87.19999999999999,1.999999999999602,-14.096653500000006,-103.2966534999996,False,value
2021-08-31 21:00:00+00:00,2021-09-01 21:00:00+00:00,2021-10-03 21:00:00+00:00,AUD,AUD_USD,-1,-1,0.12439034949206544,0.0052779413746969865,2021-09-01 21:00:00+00:00,2021-10-03 21:00:00+00:00,0.7368,0.72596,108.39999999999961,9.100000000000218,-5.3231201095890395,93.97687989041034,False,value
2021-08-31 21:00:00+00:00,2021-09-01 21:00:00+00:00,2021-10-03 21:00:00+00:00,NZD,NZD_USD,-1,-1,0.11158205618478369,0.00588378628827168,2021-09-01 21:00:00+00:00,2021-10-03 21:00:00+00:00,0.70676,0.69396,128.00000000000034,13.949999999999797,-5.5945101369863,108.45548986301425,False,value
2021-08-31 21:00:00+00:00,2021-09-01 21:00:00+00:00,2021-10-03 21:00:00+00:00,CHF,CHF_JPY,-1,-1,0.17918951890008705,0.0036638581108265453,2021-09-01 21:00:00+00:00,2021-10-03 21:00:00+00:00,120.188,118.876,131.19999999999976,9.399999999999409,-0.9994838195231581,120.80051618047719,False,value
2021-09-30 21:00:00+00:00,2021-10-03 21:00:00+00:00,2021-11-01 21:00:00+00:00,EUR,EUR_USD,1,1,0.22764056127558982,0.0027693121478485827,2021-10-03 21:00:00+00:00,2021-11-01 21:00:00+00:00,1.1598,1.16042,6.200000000000649,3.8500000000007972,-15.274521835616442,-12.92452183561659,False,value
2021-09-30 21:00:00+00:00,2021-10-03 21:00:00+00:00,2021-11-01 21:00:00+00:00,GBP,GBP_USD,1,1,0.14892293454090935,0.004233114084321153,2021-10-03 21:00:00+00:00,2021-11-01 21:00:00+00:00,1.35565,1.36695,113.00000000000087,5.999999999999339,-12.127922893150686,94.87207710685085,False,value
2021-09-30 21:00:00+00:00,2021-10-03 21:00:00+00:00,2021-11-01 21:00:00+00:00,JPY,USD_JPY,1,-1,0.19104463690536647,0.0032997930844603173,2021-10-03 21:00:00+00:00,2021-11-01 21:00:00+00:00,110.898,113.985,-308.70000000000033,2.0000000000003126,-13.69845799726028,-324.3984579972609,False,value
2021-09-30 21:00:00+00:00,2021-10-03 21:00:00+00:00,2021-11-01 21:00:00+00:00,AUD,AUD_USD,-1,-1,0.11869207347190193,0.0053112878833715665,2021-10-03 21:00:00+00:00,2021-11-01 21:00:00+00:00,0.72596,0.75212,-261.5999999999996,7.750000000000257,-5.143903315068493,-274.4939033150684,False,value
2021-09-30 21:00:00+00:00,2021-10-03 21:00:00+00:00,2021-11-01 21:00:00+00:00,NZD,NZD_USD,-1,-1,0.10645153810122722,0.005922016561978572,2021-10-03 21:00:00+00:00,2021-11-01 21:00:00+00:00,0.69396,0.71893,-249.69999999999936,11.700000000000044,-6.185215397260272,-267.5852153972597,False,value
2021-09-30 21:00:00+00:00,2021-10-03 21:00:00+00:00,2021-11-01 21:00:00+00:00,CHF,CHF_JPY,-1,-1,0.2072482557050053,0.0030418001325949657,2021-10-03 21:00:00+00:00,2021-11-01 21:00:00+00:00,118.876,125.39,-651.3999999999995,10.199999999999676,-2.510917743279161,-664.1109177432784,False,value
2021-10-31 21:00:00+00:00,2021-11-01 21:00:00+00:00,2021-12-01 22:00:00+00:00,EUR,EUR_USD,1,1,0.2091469404658923,0.003041092114963518,2021-11-01 21:00:00+00:00,2021-12-01 22:00:00+00:00,1.16042,1.13188,-285.4000000000001,1.80000000000069,-16.854969178082197,-304.05496917808296,False,value
2021-10-31 21:00:00+00:00,2021-11-01 21:00:00+00:00,2021-12-01 22:00:00+00:00,GBP,GBP_USD,1,1,0.15770612570235676,0.004033039989327849,2021-11-01 21:00:00+00:00,2021-12-01 22:00:00+00:00,1.36695,1.32805,-389.00000000000153,5.999999999999339,-13.347359915616448,-408.3473599156173,False,value
2021-10-31 21:00:00+00:00,2021-11-01 21:00:00+00:00,2021-12-01 22:00:00+00:00,JPY,USD_JPY,1,-1,0.19910645853892414,0.0031944474136444364,2021-11-01 21:00:00+00:00,2021-12-01 22:00:00+00:00,113.985,112.764,122.10000000000036,1.8000000000000682,-15.263273100000005,105.03672690000029,False,value
2021-10-31 21:00:00+00:00,2021-11-01 21:00:00+00:00,2021-12-01 22:00:00+00:00,AUD,AUD_USD,-1,-1,0.12284221551747158,0.00517765907135652,2021-11-01 21:00:00+00:00,2021-12-01 22:00:00+00:00,0.75212,0.71062,414.9999999999998,1.9000000000002348,-5.67583401369863,407.42416598630086,False,value
2021-10-31 21:00:00+00:00,2021-11-01 21:00:00+00:00,2021-12-01 22:00:00+00:00,NZD,NZD_USD,-1,-1,0.11602005887454508,0.0054821133318621006,2021-11-01 21:00:00+00:00,2021-12-01 22:00:00+00:00,0.71893,0.6809,380.30000000000007,2.7500000000002522,-7.702609068493151,369.8473909315067,False,value
2021-10-31 21:00:00+00:00,2021-11-01 21:00:00+00:00,2021-12-01 22:00:00+00:00,CHF,CHF_JPY,-1,-1,0.1951782009008102,0.003258740518070475,2021-11-01 21:00:00+00:00,2021-12-01 22:00:00+00:00,125.39,122.578,281.19999999999976,3.750000000000142,-3.472579599291733,273.97742040070784,False,value
2021-11-30 22:00:00+00:00,2021-12-01 22:00:00+00:00,2022-01-02 22:00:00+00:00,EUR,EUR_USD,1,1,0.19160675741661398,0.003605676049186938,2021-12-01 22:00:00+00:00,2022-01-02 22:00:00+00:00,1.13188,1.13725,53.70000000000097,1.7499999999992522,-15.80133761643836,36.148662383563355,False,value
2021-11-30 22:00:00+00:00,2021-12-01 22:00:00+00:00,2022-01-02 22:00:00+00:00,GBP,GBP_USD,1,1,0.1629942271175999,0.004238628007242211,2021-12-01 22:00:00+00:00,2022-01-02 22:00:00+00:00,1.32805,1.35315,251.00000000000122,5.999999999999339,-11.841208164383572,233.1587918356183,False,value
2021-11-30 22:00:00+00:00,2021-12-01 22:00:00+00:00,2022-01-02 22:00:00+00:00,JPY,USD_JPY,1,-1,0.1631086579952693,0.004235654345825679,2021-12-01 22:00:00+00:00,2022-01-02 22:00:00+00:00,112.764,115.118,-235.39999999999992,1.5999999999991132,-14.152143397260271,-251.1521433972593,False,value
2021-11-30 22:00:00+00:00,2021-12-01 22:00:00+00:00,2022-01-02 22:00:00+00:00,AUD,AUD_USD,-1,-1,0.14861285725433446,0.004648802996211196,2021-12-01 22:00:00+00:00,2022-01-02 22:00:00+00:00,0.71062,0.72636,-157.39999999999975,1.5500000000001624,-5.321213547945204,-164.2712135479451,False,value
2021-11-30 22:00:00+00:00,2021-12-01 22:00:00+00:00,2022-01-02 22:00:00+00:00,NZD,NZD_USD,-1,-1,0.13044003297241327,0.00529647133886856,2021-12-01 22:00:00+00:00,2022-01-02 22:00:00+00:00,0.6809,0.68364,-27.400000000000755,2.7500000000002522,-7.116591945205478,-37.266591945206486,False,value
2021-11-30 22:00:00+00:00,2021-12-01 22:00:00+00:00,2022-01-02 22:00:00+00:00,CHF,CHF_JPY,-1,-1,0.20323746724376915,0.003399333328882731,2021-12-01 22:00:00+00:00,2022-01-02 22:00:00+00:00,122.578,126.268,-368.9999999999998,3.9999999999999147,-2.7082581823257943,-375.70825818232544,False,value
2021-12-30 22:00:00+00:00,2022-01-02 22:00:00+00:00,2022-02-01 22:00:00+00:00,EUR,EUR_USD,1,1,0.17778872935903622,0.0038915210304249536,2022-01-02 22:00:00+00:00,2022-02-01 22:00:00+00:00,1.13725,1.12712,-101.30000000000194,1.749999999998142,-15.80447342465754,-118.85447342465763,False,value
2021-12-30 22:00:00+00:00,2022-01-02 22:00:00+00:00,2022-02-01 22:00:00+00:00,GBP,GBP_USD,1,1,0.1777992492202558,0.003891290780514717,2022-01-02 22:00:00+00:00,2022-02-01 22:00:00+00:00,1.35315,1.35206,-10.900000000000354,5.999999999999339,-10.8628170969863,-27.76281709698599,False,value
2021-12-30 22:00:00+00:00,2022-01-02 22:00:00+00:00,2022-02-01 22:00:00+00:00,JPY,USD_JPY,1,-1,0.17547781327379794,0.003942769552260705,2022-01-02 22:00:00+00:00,2022-02-01 22:00:00+00:00,115.118,114.704,41.40000000000015,1.6999999999995907,-14.07578929863014,25.624210701370416,False,value
2021-12-30 22:00:00+00:00,2022-01-02 22:00:00+00:00,2022-02-01 22:00:00+00:00,AUD,AUD_USD,-1,-1,0.13376776234351806,0.00517216231438849,2022-01-02 22:00:00+00:00,2022-02-01 22:00:00+00:00,0.72636,0.71276,136.00000000000057,1.4500000000000624,-5.319306986301369,129.23069301369912,False,value
2021-12-30 22:00:00+00:00,2022-01-02 22:00:00+00:00,2022-02-01 22:00:00+00:00,NZD,NZD_USD,-1,-1,0.13495119310395987,0.005126805946356012,2022-01-02 22:00:00+00:00,2022-02-01 22:00:00+00:00,0.68364,0.6637,199.4000000000007,2.749999999999697,-8.827761945205477,187.82223805479552,False,value
2021-12-30 22:00:00+00:00,2022-01-02 22:00:00+00:00,2022-02-01 22:00:00+00:00,CHF,CHF_JPY,-1,-1,0.20021525269943202,0.003455623734680542,2022-01-02 22:00:00+00:00,2022-02-01 22:00:00+00:00,126.268,124.446,182.20000000000027,4.449999999999932,-2.6781235081782166,175.07187649182214,False,value
2022-01-31 22:00:00+00:00,2022-02-01 22:00:00+00:00,2022-03-01 22:00:00+00:00,EUR,EUR_USD,1,1,0.17649956017494722,0.0041191826465037185,2022-02-01 22:00:00+00:00,2022-03-01 22:00:00+00:00,1.12712,1.11253,-145.8999999999988,1.7499999999992522,-14.750841863013703,-162.40084186301178,False,value
2022-01-31 22:00:00+00:00,2022-02-01 22:00:00+00:00,2022-03-01 22:00:00+00:00,GBP,GBP_USD,1,1,0.20749894088627804,0.0035037958376213586,2022-02-01 22:00:00+00:00,2022-03-01 22:00:00+00:00,1.35206,1.33262,-194.40000000000123,5.999999999999339,-7.859581269041099,-208.25958126904166,False,value
2022-01-31 22:00:00+00:00,2022-02-01 22:00:00+00:00,2022-03-01 22:00:00+00:00,JPY,USD_JPY,1,-1,0.18141744335209253,0.0040075194091296045,2022-02-01 22:00:00+00:00,2022-03-01 22:00:00+00:00,114.704,114.912,-20.800000000001262,1.7499999999998295,-13.10893332876713,-35.65893332876822,False,value
2022-01-31 22:00:00+00:00,2022-02-01 22:00:00+00:00,2022-03-01 22:00:00+00:00,AUD,AUD_USD,-1,-1,0.12583055430816747,0.005777880653753035,2022-02-01 22:00:00+00:00,2022-03-01 22:00:00+00:00,0.71276,0.72516,-124.00000000000077,1.4999999999998348,-4.964686520547944,-130.46468652054855,False,value
2022-01-31 22:00:00+00:00,2022-02-01 22:00:00+00:00,2022-03-01 22:00:00+00:00,CAD,CAD_JPY,-1,-1,0.11432524859417353,0.0063593469887738684,2022-02-01 22:00:00+00:00,2022-03-01 22:00:00+00:00,90.428,90.196,23.199999999999932,2.949999999999875,-8.967678339796246,11.282321660203811,False,value
2022-01-31 22:00:00+00:00,2022-02-01 22:00:00+00:00,2022-03-01 22:00:00+00:00,CHF,CHF_JPY,-1,-1,0.1944282526843412,0.0037393429985123506,2022-02-01 22:00:00+00:00,2022-03-01 22:00:00+00:00,124.446,125.137,-69.10000000000025,4.450000000000642,-2.9045563565837993,-76.45455635658469,False,value
2022-02-28 22:00:00+00:00,2022-03-01 22:00:00+00:00,2022-04-03 21:00:00+00:00,EUR,EUR_USD,1,1,0.15659117021933747,0.0043078945967575,2022-03-01 22:00:00+00:00,2022-04-03 21:00:00+00:00,1.11253,1.10401,-85.20000000000083,1.7999999999995797,-18.639244054794514,-105.63924405479493,False,value
2022-02-28 22:00:00+00:00,2022-03-01 22:00:00+00:00,2022-04-03 21:00:00+00:00,GBP,GBP_USD,1,1,0.18575525762604003,0.003631543272093378,2022-03-01 22:00:00+00:00,2022-04-03 21:00:00+00:00,1.33262,1.31,-226.19999999999862,6.000000000000449,-9.020904409863016,-241.2209044098621,False,value
2022-02-28 22:00:00+00:00,2022-03-01 22:00:00+00:00,2022-04-03 21:00:00+00:00,JPY,USD_JPY,1,-1,0.22461108343627262,0.0030033168700653694,2022-03-01 22:00:00+00:00,2022-04-03 21:00:00+00:00,114.912,122.626,-771.3999999999999,1.9499999999993634,-17.086005245205484,-790.4360052452047,False,value
2022-02-28 22:00:00+00:00,2022-03-01 22:00:00+00:00,2022-04-03 21:00:00+00:00,AUD,AUD_USD,-1,-1,0.11407670510124823,0.005913374299241016,2022-03-01 22:00:00+00:00,2022-04-03 21:00:00+00:00,0.72516,0.749,-238.39999999999972,1.7499999999998073,-5.088613027397258,-245.23861302739678,False,value
2022-02-28 22:00:00+00:00,2022-03-01 22:00:00+00:00,2022-04-03 21:00:00+00:00,NZD,NZD_USD,-1,-1,0.13382495414968487,0.005040750885169695,2022-03-01 22:00:00+00:00,2022-04-03 21:00:00+00:00,0.67556,0.6923,-167.39999999999975,2.349999999999297,-9.543484191780822,-179.29348419177987,False,value
2022-02-28 22:00:00+00:00,2022-03-01 22:00:00+00:00,2022-04-03 21:00:00+00:00,CHF,CHF_JPY,-1,-1,0.1851408294674168,0.0036435953000120798,2022-03-01 22:00:00+00:00,2022-04-03 21:00:00+00:00,125.137,132.439,-730.1999999999992,4.5000000000001705,-3.3011955264857047,-738.001195526485,False,value
2022-03-31 21:00:00+00:00,2022-04-03 21:00:00+00:00,2022-05-01 21:00:00+00:00,EUR,EUR_USD,1,1,0.15237471043842124,0.005372765524866939,2022-04-03 21:00:00+00:00,2022-05-01 21:00:00+00:00,1.10401,1.05543,-485.7999999999984,1.9499999999994522,-16.945907616438348,-504.6959076164362,False,value
2022-03-31 21:00:00+00:00,2022-04-03 21:00:00+00:00,2022-05-01 21:00:00+00:00,GBP,GBP_USD,1,1,0.1968200190235408,0.004159503668207725,2022-04-03 21:00:00+00:00,2022-05-01 21:00:00+00:00,1.31,1.25848,-515.2,4.300000000001525,-7.699079758904116,-527.1990797589057,False,value
2022-03-31 21:00:00+00:00,2022-04-03 21:00:00+00:00,2022-05-01 21:00:00+00:00,JPY,USD_JPY,1,-1,0.1792795057534285,0.004566465015979531,2022-04-03 21:00:00+00:00,2022-05-01 21:00:00+00:00,122.626,129.772,-714.5999999999987,2.499999999999858,-16.146228345205483,-733.246228345204,False,value
2022-03-31 21:00:00+00:00,2022-04-03 21:00:00+00:00,2022-05-01 21:00:00+00:00,AUD,AUD_USD,-1,-1,0.13510970168928296,0.006059324984580809,2022-04-03 21:00:00+00:00,2022-05-01 21:00:00+00:00,0.749,0.70707,419.3000000000002,1.9500000000000073,-3.6300933698630136,413.7199066301372,False,value
2022-03-31 21:00:00+00:00,2022-04-03 21:00:00+00:00,2022-05-01 21:00:00+00:00,NZD,NZD_USD,-1,-1,0.1461507289279322,0.005601570358973885,2022-04-03 21:00:00+00:00,2022-05-01 21:00:00+00:00,0.6923,0.64661,456.90000000000003,2.4999999999997247,-9.713819835616437,444.68618016438387,False,value
2022-03-31 21:00:00+00:00,2022-04-03 21:00:00+00:00,2022-05-01 21:00:00+00:00,CHF,CHF_JPY,-1,-1,0.19026533416739433,0.004302799533544392,2022-04-03 21:00:00+00:00,2022-05-01 21:00:00+00:00,132.439,133.83,-139.10000000000196,5.19999999999925,-3.0058023636986295,-147.30580236369983,False,value
2022-04-28 21:00:00+00:00,2022-05-01 21:00:00+00:00,2022-06-01 21:00:00+00:00,EUR,EUR_USD,1,1,0.17221119737017154,0.005442519266105847,2022-05-01 21:00:00+00:00,2022-06-01 21:00:00+00:00,1.05543,1.06476,93.29999999999838,2.049999999998997,-24.362094054794525,66.88790594520485,False,value
2022-04-28 21:00:00+00:00,2022-05-01 21:00:00+00:00,2022-06-01 21:00:00+00:00,GBP,GBP_USD,1,1,0.18867980912989132,0.004967477780736374,2022-05-01 21:00:00+00:00,2022-06-01 21:00:00+00:00,1.25848,1.24856,-99.20000000000151,2.9000000000001247,-11.308050929315078,-113.4080509293167,False,value
2022-04-28 21:00:00+00:00,2022-05-01 21:00:00+00:00,2022-06-01 21:00:00+00:00,JPY,USD_JPY,1,-1,0.16831344696120143,0.005568555433021148,2022-05-01 21:00:00+00:00,2022-06-01 21:00:00+00:00,129.772,130.129,-35.69999999999993,2.4500000000003297,-25.358883047945216,-63.508883047945474,False,value
2022-04-28 21:00:00+00:00,2022-05-01 21:00:00+00:00,2022-06-01 21:00:00+00:00,AUD,AUD_USD,-1,-1,0.14712922996983893,0.006370336878120352,2022-05-01 21:00:00+00:00,2022-06-01 21:00:00+00:00,0.70707,0.71748,-104.10000000000029,1.7499999999998073,-3.285005712328767,-109.13500571232886,False,value
2022-04-28 21:00:00+00:00,2022-05-01 21:00:00+00:00,2022-06-01 21:00:00+00:00,CAD,CAD_JPY,-1,-1,0.1377183462557885,0.0068056492472361564,2022-05-01 21:00:00+00:00,2022-06-01 21:00:00+00:00,101.03,102.824,-179.3999999999997,3.649999999998954,-18.953807115621778,-202.00380711562042,False,value
2022-04-28 21:00:00+00:00,2022-05-01 21:00:00+00:00,2022-06-01 21:00:00+00:00,CHF,CHF_JPY,-1,-1,0.18594797031310822,0.005040457058757386,2022-05-01 21:00:00+00:00,2022-06-01 21:00:00+00:00,133.83,135.094,-126.39999999999816,7.4500000000000455,-3.7492748310909967,-137.5992748310892,False,value
2022-05-31 21:00:00+00:00,2022-06-01 21:00:00+00:00,2022-07-03 21:00:00+00:00,EUR,EUR_USD,1,1,0.1860123140777986,0.006031886279753367,2022-06-01 21:00:00+00:00,2022-07-03 21:00:00+00:00,1.06476,1.04245,-223.0999999999983,2.5999999999992696,-26.62301178082193,-252.32301178081948,False,value
2022-05-31 21:00:00+00:00,2022-06-01 21:00:00+00:00,2022-07-03 21:00:00+00:00,GBP,GBP_USD,1,1,0.17446203939063695,0.006431227842285923,2022-06-01 21:00:00+00:00,2022-07-03 21:00:00+00:00,1.24856,1.21016,-383.9999999999999,3.250000000000197,-13.866897283287674,-401.11689728328776,False,value
2022-05-31 21:00:00+00:00,2022-06-01 21:00:00+00:00,2022-07-03 21:00:00+00:00,JPY,USD_JPY,1,-1,0.17799659211264962,0.0063035202631349175,2022-06-01 21:00:00+00:00,2022-07-03 21:00:00+00:00,130.129,135.315,-518.6000000000007,3.0500000000003524,-29.620063238356174,-551.2700632383571,False,value
2022-05-31 21:00:00+00:00,2022-06-01 21:00:00+00:00,2022-07-03 21:00:00+00:00,AUD,AUD_USD,-1,-1,0.1372435308302166,0.008175286065316081,2022-06-01 21:00:00+00:00,2022-07-03 21:00:00+00:00,0.71748,0.68134,361.4000000000006,1.9999999999997797,-2.4499317123287674,356.9500682876721,False,value
2022-05-31 21:00:00+00:00,2022-06-01 21:00:00+00:00,2022-07-03 21:00:00+00:00,CAD,CAD_JPY,-1,-1,0.14692893351715772,0.0076363796993056164,2022-06-01 21:00:00+00:00,2022-07-03 21:00:00+00:00,102.824,105.044,-221.9999999999999,3.8499999999991985,-21.687808430264823,-247.5378084302639,False,value
2022-05-31 21:00:00+00:00,2022-06-01 21:00:00+00:00,2022-07-03 21:00:00+00:00,CHF,CHF_JPY,-1,-1,0.17735659007154048,0.006326266899349292,2022-06-01 21:00:00+00:00,2022-07-03 21:00:00+00:00,135.094,140.752,-565.8000000000015,10.300000000000864,-6.568792935078271,-582.6687929350807,False,value
2022-06-30 21:00:00+00:00,2022-07-03 21:00:00+00:00,2022-08-01 21:00:00+00:00,EUR,EUR_USD,1,1,0.21051387097731594,0.005803110681926445,2022-07-03 21:00:00+00:00,2022-08-01 21:00:00+00:00,1.04245,1.02612,-163.30000000000177,2.60000000000038,-28.680101972602742,-194.5801019726049,False,value
2022-06-30 21:00:00+00:00,2022-07-03 21:00:00+00:00,2022-08-01 21:00:00+00:00,GBP,GBP_USD,1,1,0.1621211234812508,0.007535324621059815,2022-07-03 21:00:00+00:00,2022-08-01 21:00:00+00:00,1.21016,1.22571,155.50000000000173,3.1000000000003247,-16.620643572602738,135.77935642739865,False,value
2022-06-30 21:00:00+00:00,2022-07-03 21:00:00+00:00,2022-08-01 21:00:00+00:00,JPY,USD_JPY,1,-1,0.17386001653445074,0.007026545365133322,2022-07-03 21:00:00+00:00,2022-08-01 21:00:00+00:00,135.315,131.638,367.69999999999925,3.300000000001546,-33.811992036986304,330.5880079630114,False,value
2022-06-30 21:00:00+00:00,2022-07-03 21:00:00+00:00,2022-08-01 21:00:00+00:00,AUD,AUD_USD,-1,-1,0.1383266216798681,0.008831526994054704,2022-07-03 21:00:00+00:00,2022-08-01 21:00:00+00:00,0.68134,0.70218,-208.4000000000008,2.0999999999998797,-3.046685506849314,-213.54668550685,False,value
2022-06-30 21:00:00+00:00,2022-07-03 21:00:00+00:00,2022-08-01 21:00:00+00:00,CAD,CAD_JPY,-1,-1,0.1441479666356026,0.008474870106564655,2022-07-03 21:00:00+00:00,2022-08-01 21:00:00+00:00,105.044,102.547,249.7,3.6999999999999034,-26.210301706916134,219.78969829308394,False,value
2022-06-30 21:00:00+00:00,2022-07-03 21:00:00+00:00,2022-08-01 21:00:00+00:00,CHF,CHF_JPY,-1,-1,0.17103040069151187,0.007142796183735869,2022-07-03 21:00:00+00:00,2022-08-01 21:00:00+00:00,140.752,138.72,203.20000000000107,7.050000000000978,-12.161146823147568,183.98885317685253,False,value
2022-07-31 21:00:00+00:00,2022-08-01 21:00:00+00:00,2022-09-01 21:00:00+00:00,EUR,EUR_USD,1,1,0.1871230877771176,0.006376684151593552,2022-08-01 21:00:00+00:00,2022-09-01 21:00:00+00:00,1.02612,0.99448,-316.3999999999989,6.050000000000222,-35.4942132328767,-357.9442132328758,False,value
2022-07-31 21:00:00+00:00,2022-08-01 21:00:00+00:00,2022-09-01 21:00:00+00:00,GBP,GBP_USD,1,1,0.16279656819971888,0.007329545342514507,2022-08-01 21:00:00+00:00,2022-09-01 21:00:00+00:00,1.22571,1.15444,-712.7000000000016,7.249999999998646,-21.93345648328768,-741.883456483288,False,value
2022-07-31 21:00:00+00:00,2022-08-01 21:00:00+00:00,2022-09-01 21:00:00+00:00,JPY,USD_JPY,1,-1,0.17000750359916705,0.007018659782446456,2022-08-01 21:00:00+00:00,2022-09-01 21:00:00+00:00,131.638,140.174,-853.6000000000001,6.450000000000955,-48.429806652054815,-908.4798066520559,False,value
2022-07-31 21:00:00+00:00,2022-08-01 21:00:00+00:00,2022-09-01 21:00:00+00:00,AUD,AUD_USD,-1,-1,0.1410888758617953,0.008457256611743279,2022-08-01 21:00:00+00:00,2022-09-01 21:00:00+00:00,0.70218,0.6788,233.80000000000067,3.9000000000000146,-2.5376335479452057,227.36236645205545,False,value
2022-07-31 21:00:00+00:00,2022-08-01 21:00:00+00:00,2022-09-01 21:00:00+00:00,NZD,NZD_USD,-1,-1,0.16704102502049975,0.007143304036114237,2022-08-01 21:00:00+00:00,2022-09-01 21:00:00+00:00,0.63323,0.60792,253.09999999999943,3.7999999999999146,-8.869955178082186,240.4300448219173,False,value
2022-07-31 21:00:00+00:00,2022-08-01 21:00:00+00:00,2022-09-01 21:00:00+00:00,CHF,CHF_JPY,-1,-1,0.17194293954170134,0.006939655861450489,2022-08-01 21:00:00+00:00,2022-09-01 21:00:00+00:00,138.72,142.791,-407.0999999999998,11.300000000001376,-15.55778948952366,-433.9577894895248,False,value
2022-08-31 21:00:00+00:00,2022-09-01 21:00:00+00:00,2022-10-02 21:00:00+00:00,EUR,EUR_USD,1,1,0.18936946123393716,0.005958782561349347,2022-09-01 21:00:00+00:00,2022-10-02 21:00:00+00:00,0.99448,0.97969,-147.9000000000008,5.850000000000022,-28.840028191780814,-182.59002819178164,False,value
2022-08-31 21:00:00+00:00,2022-09-01 21:00:00+00:00,2022-10-02 21:00:00+00:00,GBP,GBP_USD,1,1,0.17394676405560733,0.006487107991800154,2022-09-01 21:00:00+00:00,2022-10-02 21:00:00+00:00,1.15444,1.117,-374.3999999999992,7.399999999998519,-19.32784001863014,-401.1278400186278,False,value
2022-08-31 21:00:00+00:00,2022-09-01 21:00:00+00:00,2022-10-02 21:00:00+00:00,JPY,USD_JPY,1,-1,0.15228883485660163,0.007409679405029542,2022-09-01 21:00:00+00:00,2022-10-02 21:00:00+00:00,140.174,144.75,-457.59999999999934,6.049999999999045,-45.94297141643836,-509.59297141643674,False,value
2022-08-31 21:00:00+00:00,2022-09-01 21:00:00+00:00,2022-10-02 21:00:00+00:00,AUD,AUD_USD,-1,-1,0.13899304213805663,0.008118474319974209,2022-09-01 21:00:00+00:00,2022-10-02 21:00:00+00:00,0.6788,0.64062,381.7999999999999,3.750000000000142,-3.3021647671232874,374.7478352328764,False,value
2022-08-31 21:00:00+00:00,2022-09-01 21:00:00+00:00,2022-10-02 21:00:00+00:00,NZD,NZD_USD,-1,-1,0.1601659332058815,0.007045264999033324,2022-09-01 21:00:00+00:00,2022-10-02 21:00:00+00:00,0.60792,0.56013,477.9,3.4000000000000696,-8.35269739726027,466.1473026027396,False,value
2022-08-31 21:00:00+00:00,2022-09-01 21:00:00+00:00,2022-10-02 21:00:00+00:00,CHF,CHF_JPY,-1,-1,0.18523596450991575,0.006091751384448356,2022-09-01 21:00:00+00:00,2022-10-02 21:00:00+00:00,142.791,146.85,-405.89999999999975,12.000000000001876,-16.821420389212328,-434.72142038921396,False,value
2022-09-29 21:00:00+00:00,2022-10-02 21:00:00+00:00,2022-11-01 21:00:00+00:00,EUR,EUR_USD,1,1,0.18167305044195306,0.006505137024112749,2022-10-02 21:00:00+00:00,2022-11-01 21:00:00+00:00,0.97969,0.98836,86.70000000000066,2.1999999999999797,-32.26746657534245,52.23253342465823,False,value
2022-09-29 21:00:00+00:00,2022-10-02 21:00:00+00:00,2022-11-01 21:00:00+00:00,GBP,GBP_USD,1,1,0.1461941501916603,0.008083826098131174,2022-10-02 21:00:00+00:00,2022-11-01 21:00:00+00:00,1.117,1.14884,318.4000000000009,2.849999999999797,-21.822184736438352,293.7278152635627,False,value
2022-09-29 21:00:00+00:00,2022-10-02 21:00:00+00:00,2022-11-01 21:00:00+00:00,JPY,USD_JPY,1,-1,0.16735184547680038,0.007061816876571484,2022-10-02 21:00:00+00:00,2022-11-01 21:00:00+00:00,144.75,148.28,-353.0000000000001,2.199999999999136,-54.436477050684935,-409.63647705068416,False,value
2022-09-29 21:00:00+00:00,2022-10-02 21:00:00+00:00,2022-11-01 21:00:00+00:00,AUD,AUD_USD,-1,-1,0.14335295891877284,0.008244043901340693,2022-10-02 21:00:00+00:00,2022-11-01 21:00:00+00:00,0.64062,0.63956,10.599999999999499,1.5499999999996072,-2.3946414246575336,6.6553585753423565,False,value
2022-09-29 21:00:00+00:00,2022-10-02 21:00:00+00:00,2022-11-01 21:00:00+00:00,CAD,CAD_JPY,-1,-1,0.17316666596863042,0.006824685802563985,2022-10-02 21:00:00+00:00,2022-11-01 21:00:00+00:00,104.749,108.792,-404.30000000000064,2.9000000000003467,-39.43250278017919,-446.6325027801802,False,value
2022-09-29 21:00:00+00:00,2022-10-02 21:00:00+00:00,2022-11-01 21:00:00+00:00,CHF,CHF_JPY,-1,-1,0.18826132900218295,0.006277487219373388,2022-10-02 21:00:00+00:00,2022-11-01 21:00:00+00:00,146.85,148.443,-159.30000000000177,5.700000000001637,-23.742225863698632,-188.74222586370203,False,value
2022-10-31 21:00:00+00:00,2022-11-01 21:00:00+00:00,2022-12-01 22:00:00+00:00,EUR,EUR_USD,1,1,0.1845440383833279,0.0071322669062930605,2022-11-01 21:00:00+00:00,2022-12-01 22:00:00+00:00,0.98836,1.0523,639.4,2.5999999999992696,-33.71307416438355,603.0869258356172,False,value
2022-10-31 21:00:00+00:00,2022-11-01 21:00:00+00:00,2022-12-01 22:00:00+00:00,GBP,GBP_USD,1,1,0.1313442257391835,0.010021128300902711,2022-11-01 21:00:00+00:00,2022-12-01 22:00:00+00:00,1.14884,1.22598,771.3999999999999,6.050000000000777,-23.48872786410959,741.8612721358895,False,value
2022-10-31 21:00:00+00:00,2022-11-01 21:00:00+00:00,2022-12-01 22:00:00+00:00,JPY,USD_JPY,1,-1,0.19753633815175736,0.0066631656232480204,2022-11-01 21:00:00+00:00,2022-12-01 22:00:00+00:00,148.28,135.293,1298.6999999999994,3.300000000000125,-67.95559170000001,1227.4444082999992,False,value
2022-10-31 21:00:00+00:00,2022-11-01 21:00:00+00:00,2022-12-01 22:00:00+00:00,AUD,AUD_USD,-1,-1,0.14434863155740182,0.009118322241881993,2022-11-01 21:00:00+00:00,2022-12-01 22:00:00+00:00,0.63956,0.68108,-415.2,2.0999999999998797,0.01906561643835749,-417.2809343835615,False,value
2022-10-31 21:00:00+00:00,2022-11-01 21:00:00+00:00,2022-12-01 22:00:00+00:00,NZD,NZD_USD,-1,-1,0.1357073641376185,0.009698938197490393,2022-11-01 21:00:00+00:00,2022-12-01 22:00:00+00:00,0.5841,0.6363,-522.0000000000002,7.749999999999702,-5.328849041095888,-535.0788490410957,False,value
2022-10-31 21:00:00+00:00,2022-11-01 21:00:00+00:00,2022-12-01 22:00:00+00:00,CHF,CHF_JPY,-1,-1,0.20651940203071095,0.006373335022146515,2022-11-01 21:00:00+00:00,2022-12-01 22:00:00+00:00,148.443,144.378,406.5000000000026,7.30000000000075,-25.91699877626681,373.283001223735,False,value
2022-11-30 22:00:00+00:00,2022-12-01 22:00:00+00:00,2023-01-01 22:00:00+00:00,EUR,EUR_USD,1,1,0.18876672057805435,0.008197724270772363,2022-12-01 22:00:00+00:00,2023-01-01 22:00:00+00:00,1.0523,1.06999,176.89999999999984,6.249999999999867,-31.81904599999999,138.830954,False,value
2022-11-30 22:00:00+00:00,2022-12-01 22:00:00+00:00,2023-01-01 22:00:00+00:00,GBP,GBP_USD,1,1,0.13007117847061128,0.011897005508768098,2022-12-01 22:00:00+00:00,2023-01-01 22:00:00+00:00,1.22598,1.20763,-183.50000000000088,9.900000000000464,-21.692410528219177,-215.0924105282205,False,value
2022-11-30 22:00:00+00:00,2022-12-01 22:00:00+00:00,2023-01-01 22:00:00+00:00,JPY,USD_JPY,1,-1,0.17770602112500355,0.008707963393701189,2022-12-01 22:00:00+00:00,2023-01-01 22:00:00+00:00,135.293,130.827,446.6000000000008,7.150000000000034,-66.07870141506851,373.3712985849323,False,value
2022-11-30 22:00:00+00:00,2022-12-01 22:00:00+00:00,2023-01-01 22:00:00+00:00,AUD,AUD_USD,-1,-1,0.145549039358705,0.010631863553445505,2022-12-01 22:00:00+00:00,2023-01-01 22:00:00+00:00,0.68108,0.68194,-8.599999999999719,6.800000000000139,0.8064755753424655,-14.593524424657392,False,value
2022-11-30 22:00:00+00:00,2022-12-01 22:00:00+00:00,2023-01-01 22:00:00+00:00,NZD,NZD_USD,-1,-1,0.14189732725376888,0.01090547339224615,2022-12-01 22:00:00+00:00,2023-01-01 22:00:00+00:00,0.6363,0.63494,13.600000000000279,16.450000000000074,-5.353852438356162,-8.203852438355957,False,value
2022-11-30 22:00:00+00:00,2022-12-01 22:00:00+00:00,2023-01-01 22:00:00+00:00,CHF,CHF_JPY,-1,-1,0.21600971321385684,0.0071638330692323365,2022-12-01 22:00:00+00:00,2023-01-01 22:00:00+00:00,144.378,141.581,279.6999999999997,13.600000000000989,-26.576349383826166,239.52365061617255,False,value
2022-12-29 22:00:00+00:00,2023-01-01 22:00:00+00:00,2023-02-01 22:00:00+00:00,EUR,EUR_USD,1,1,0.21113385657294073,0.007130353389726621,2023-01-01 22:00:00+00:00,2023-02-01 22:00:00+00:00,1.06999,1.09886,288.6999999999995,5.850000000000577,-35.4942132328767,247.3557867671222,False,value
2022-12-29 22:00:00+00:00,2023-01-01 22:00:00+00:00,2023-02-01 22:00:00+00:00,GBP,GBP_USD,1,1,0.14709847936472467,0.010234361472685234,2023-01-01 22:00:00+00:00,2023-02-01 22:00:00+00:00,1.20763,1.23764,300.10000000000093,6.399999999999739,-23.853307117808225,269.84669288219294,False,value
2022-12-29 22:00:00+00:00,2023-01-01 22:00:00+00:00,2023-02-01 22:00:00+00:00,JPY,USD_JPY,1,-1,0.14626586050719978,0.010292620606616659,2023-01-01 22:00:00+00:00,2023-02-01 22:00:00+00:00,130.827,128.985,184.19999999999845,6.25,-77.74267781917808,100.20732218082037,False,value
2022-12-29 22:00:00+00:00,2023-01-01 22:00:00+00:00,2023-02-01 22:00:00+00:00,AUD,AUD_USD,-1,-1,0.15124455912979481,0.009953806064580278,2023-01-01 22:00:00+00:00,2023-02-01 22:00:00+00:00,0.68194,0.71372,-317.8000000000003,6.249999999999867,1.90465508219178,-322.1453449178084,False,value
2022-12-29 22:00:00+00:00,2023-01-01 22:00:00+00:00,2023-02-01 22:00:00+00:00,NZD,NZD_USD,-1,-1,0.16106344789069613,0.00934699355823169,2023-01-01 22:00:00+00:00,2023-02-01 22:00:00+00:00,0.63494,0.65011,-151.70000000000016,10.949999999999571,-6.513384986301368,-169.16338498630108,False,value
2022-12-29 22:00:00+00:00,2023-01-01 22:00:00+00:00,2023-02-01 22:00:00+00:00,CHF,CHF_JPY,-1,-1,0.183193796534644,0.008217849285176111,2023-01-01 22:00:00+00:00,2023-02-01 22:00:00+00:00,141.581,141.875,-29.400000000001114,11.400000000000432,-33.91257030056262,-74.71257030056417,False,value
2023-01-31 22:00:00+00:00,2023-02-01 22:00:00+00:00,2023-03-01 22:00:00+00:00,EUR,EUR_USD,1,1,0.22699317133584512,0.006121011336504603,2023-02-01 22:00:00+00:00,2023-03-01 22:00:00+00:00,1.09886,1.0669,-319.59999999999985,1.8499999999999073,-28.538990602739723,-349.9889906027395,False,value
2023-01-31 22:00:00+00:00,2023-02-01 22:00:00+00:00,2023-03-01 22:00:00+00:00,GBP,GBP_USD,1,1,0.16977282241829564,0.008184041210273874,2023-02-01 22:00:00+00:00,2023-03-01 22:00:00+00:00,1.23764,1.20316,-344.80000000000064,2.349999999999852,-18.251723649315075,-365.40172364931556,False,value
2023-01-31 22:00:00+00:00,2023-02-01 22:00:00+00:00,2023-03-01 22:00:00+00:00,JPY,USD_JPY,1,-1,0.13126122564366322,0.01058521104189397,2023-02-01 22:00:00+00:00,2023-03-01 22:00:00+00:00,128.985,136.178,-719.2999999999984,2.250000000000796,-69.04363760547947,-790.5936376054786,False,value
2023-01-31 22:00:00+00:00,2023-02-01 22:00:00+00:00,2023-03-01 22:00:00+00:00,AUD,AUD_USD,-1,-1,0.14684398342660282,0.00946193192688973,2023-02-01 22:00:00+00:00,2023-03-01 22:00:00+00:00,0.71372,0.676,377.19999999999976,1.5500000000001624,1.8798697808219187,377.5298697808215,False,value
2023-01-31 22:00:00+00:00,2023-02-01 22:00:00+00:00,2023-03-01 22:00:00+00:00,NZD,NZD_USD,-1,-1,0.16804448875193778,0.008268213884162968,2023-02-01 22:00:00+00:00,2023-03-01 22:00:00+00:00,0.65011,0.62468,254.29999999999953,1.8499999999993522,-5.149137123287668,247.30086287671253,False,value
2023-01-31 22:00:00+00:00,2023-02-01 22:00:00+00:00,2023-03-01 22:00:00+00:00,CHF,CHF_JPY,-1,-1,0.15708430842365542,0.008845108648971872,2023-02-01 22:00:00+00:00,2023-03-01 22:00:00+00:00,141.875,145.058,-318.2999999999993,2.7000000000001023,-29.5428358002823,-350.5428358002817,False,value
2023-02-28 22:00:00+00:00,2023-03-01 22:00:00+00:00,2023-04-02 21:00:00+00:00,EUR,EUR_USD,1,1,0.24383541394656505,0.004808697101585112,2023-03-01 22:00:00+00:00,2023-04-02 21:00:00+00:00,1.0669,1.08416,172.60000000000053,1.9500000000005624,-28.71146005479453,141.93853994520543,False,value
2023-02-28 22:00:00+00:00,2023-03-01 22:00:00+00:00,2023-04-02 21:00:00+00:00,GBP,GBP_USD,1,1,0.18879806450138437,0.006210501423334537,2023-03-01 22:00:00+00:00,2023-04-02 21:00:00+00:00,1.20316,1.2329,297.400000000001,2.249999999999197,-19.367010904109602,275.7829890958922,False,value
2023-02-28 22:00:00+00:00,2023-03-01 22:00:00+00:00,2023-04-02 21:00:00+00:00,JPY,USD_JPY,1,-1,0.12490604630604529,0.009387300959280337,2023-03-01 22:00:00+00:00,2023-04-02 21:00:00+00:00,136.178,133.315,286.29999999999995,2.250000000000796,-74.92467887671235,209.12532112328682,False,value
2023-02-28 22:00:00+00:00,2023-03-01 22:00:00+00:00,2023-04-02 21:00:00+00:00,AUD,AUD_USD,-1,-1,0.1434592628411597,0.008173265532577684,2023-03-01 22:00:00+00:00,2023-04-02 21:00:00+00:00,0.676,0.66867,73.30000000000058,1.8000000000001348,1.155376356164384,72.65537635616482,False,value
2023-02-28 22:00:00+00:00,2023-03-01 22:00:00+00:00,2023-04-02 21:00:00+00:00,NZD,NZD_USD,-1,-1,0.16070378031161187,0.007296223187998835,2023-03-01 22:00:00+00:00,2023-04-02 21:00:00+00:00,0.62468,0.6259,-12.199999999999989,1.9999999999997797,-5.636703369863016,-19.836703369862782,False,value
2023-02-28 22:00:00+00:00,2023-03-01 22:00:00+00:00,2023-04-02 21:00:00+00:00,CHF,CHF_JPY,-1,-1,0.13829743209323375,0.008478325523196896,2023-03-01 22:00:00+00:00,2023-04-02 21:00:00+00:00,145.058,145.582,-52.40000000000009,3.499999999999659,-36.99871515179567,-92.89871515179541,False,value
2023-03-30 21:00:00+00:00,2023-04-02 21:00:00+00:00,2023-05-01 21:00:00+00:00,EUR,EUR_USD,1,1,0.20920242841246992,0.005527926077112535,2023-04-02 21:00:00+00:00,2023-05-01 21:00:00+00:00,1.08416,1.09738,132.2000000000001,1.80000000000069,-26.64496243835617,103.75503756164323,False,value
2023-03-30 21:00:00+00:00,2023-04-02 21:00:00+00:00,2023-05-01 21:00:00+00:00,GBP,GBP_USD,1,1,0.17932585332004805,0.00644890593300343,2023-04-02 21:00:00+00:00,2023-05-01 21:00:00+00:00,1.2329,1.24972,168.19999999999834,2.1999999999988695,-18.696443524383568,147.3035564756159,False,value
2023-03-30 21:00:00+00:00,2023-04-02 21:00:00+00:00,2023-05-01 21:00:00+00:00,JPY,USD_JPY,1,-1,0.14969953598648128,0.00772517798265584,2023-04-02 21:00:00+00:00,2023-05-01 21:00:00+00:00,133.315,137.502,-418.7000000000012,2.549999999999386,-74.70893415616442,-495.958934156165,False,value
2023-03-30 21:00:00+00:00,2023-04-02 21:00:00+00:00,2023-05-01 21:00:00+00:00,AUD,AUD_USD,-1,-1,0.14824048943879103,0.007801212501352845,2023-04-02 21:00:00+00:00,2023-05-01 21:00:00+00:00,0.66867,0.66341,52.59999999999931,1.7499999999998073,1.7254382876712322,52.575438287670735,False,value
2023-03-30 21:00:00+00:00,2023-04-02 21:00:00+00:00,2023-05-01 21:00:00+00:00,NZD,NZD_USD,-1,-1,0.16387072263092525,0.007057121252959665,2023-04-02 21:00:00+00:00,2023-05-01 21:00:00+00:00,0.6259,0.61683,90.70000000000022,2.0999999999998797,-6.372740876712326,82.22725912328801,False,value
2023-03-30 21:00:00+00:00,2023-04-02 21:00:00+00:00,2023-05-01 21:00:00+00:00,CHF,CHF_JPY,-1,-1,0.1496609702112844,0.007727168665176569,2023-04-02 21:00:00+00:00,2023-05-01 21:00:00+00:00,145.582,153.983,-840.100000000001,3.699999999999193,-37.1317529953767,-880.9317529953769,False,value
2023-04-30 21:00:00+00:00,2023-05-01 21:00:00+00:00,2023-06-01 21:00:00+00:00,EUR,EUR_USD,1,1,0.2034091701100408,0.005300029592167955,2023-05-01 21:00:00+00:00,2023-06-01 21:00:00+00:00,1.09738,1.07643,-209.50000000000023,2.100000000000435,-30.633710493150694,-242.23371049315134,False,value
2023-04-30 21:00:00+00:00,2023-05-01 21:00:00+00:00,2023-06-01 21:00:00+00:00,GBP,GBP_USD,1,1,0.17747085735604123,0.006074657197033275,2023-05-01 21:00:00+00:00,2023-06-01 21:00:00+00:00,1.24972,1.25314,34.19999999999978,7.949999999999902,-21.799130082191773,4.450869917808106,False,value
2023-04-30 21:00:00+00:00,2023-05-01 21:00:00+00:00,2023-06-01 21:00:00+00:00,JPY,USD_JPY,1,-1,0.1562339659122776,0.0069003856786613235,2023-05-01 21:00:00+00:00,2023-06-01 21:00:00+00:00,137.502,138.822,-131.99999999999932,3.149999999999409,-88.74787816301372,-223.89787816301245,False,value
2023-04-30 21:00:00+00:00,2023-05-01 21:00:00+00:00,2023-06-01 21:00:00+00:00,AUD,AUD_USD,-1,-1,0.14944227876094515,0.007213986763585692,2023-05-01 21:00:00+00:00,2023-06-01 21:00:00+00:00,0.66341,0.65691,65.00000000000061,2.249999999999752,1.9065616438356137,64.65656164383647,False,value
2023-04-30 21:00:00+00:00,2023-05-01 21:00:00+00:00,2023-06-01 21:00:00+00:00,NZD,NZD_USD,-1,-1,0.1584097291959016,0.006805608635113011,2023-05-01 21:00:00+00:00,2023-06-01 21:00:00+00:00,0.61683,0.607,98.30000000000005,3.5000000000001696,-7.054083452054792,87.74591654794509,False,value
2023-04-30 21:00:00+00:00,2023-05-01 21:00:00+00:00,2023-06-01 21:00:00+00:00,CHF,CHF_JPY,-1,-1,0.15503399866479362,0.006953794846203368,2023-05-01 21:00:00+00:00,2023-06-01 21:00:00+00:00,153.983,153.272,71.10000000000127,3.09999999999917,-42.971793145750304,25.0282068542518,False,value
2023-05-31 21:00:00+00:00,2023-06-01 21:00:00+00:00,2023-07-02 21:00:00+00:00,EUR,EUR_USD,1,1,0.20749276510579928,0.004914776354620891,2023-06-01 21:00:00+00:00,2023-07-02 21:00:00+00:00,1.07643,1.0911,146.6999999999996,2.300000000000635,-25.663454465753432,118.73654553424552,False,value
2023-05-31 21:00:00+00:00,2023-06-01 21:00:00+00:00,2023-07-02 21:00:00+00:00,GBP,GBP_USD,1,1,0.19441123045869968,0.005245481617964087,2023-06-01 21:00:00+00:00,2023-07-02 21:00:00+00:00,1.25314,1.26958,164.4000000000001,7.899999999999574,-17.01183847013699,139.48816152986353,False,value
2023-05-31 21:00:00+00:00,2023-06-01 21:00:00+00:00,2023-07-02 21:00:00+00:00,JPY,USD_JPY,1,-1,0.15616754714555983,0.006530041319957322,2023-06-01 21:00:00+00:00,2023-07-02 21:00:00+00:00,138.822,144.403,-558.0999999999989,3.100000000000591,-78.5102140780822,-639.7102140780817,False,value
2023-05-31 21:00:00+00:00,2023-06-01 21:00:00+00:00,2023-07-02 21:00:00+00:00,AUD,AUD_USD,-1,-1,0.1516994274435603,0.006722375640318733,2023-06-01 21:00:00+00:00,2023-07-02 21:00:00+00:00,0.65691,0.66637,-94.60000000000024,2.449999999999952,0.6386981506849302,-96.41130184931525,False,value
2023-05-31 21:00:00+00:00,2023-06-01 21:00:00+00:00,2023-07-02 21:00:00+00:00,NZD,NZD_USD,-1,-1,0.14085462883924152,0.007239950465957156,2023-06-01 21:00:00+00:00,2023-07-02 21:00:00+00:00,0.607,0.61292,-59.20000000000036,3.450000000000397,-6.091452657534244,-68.741452657535,False,value
2023-05-31 21:00:00+00:00,2023-06-01 21:00:00+00:00,2023-07-02 21:00:00+00:00,CHF,CHF_JPY,-1,-1,0.14937440100713942,0.00682701004202285,2023-06-01 21:00:00+00:00,2023-07-02 21:00:00+00:00,153.272,161.169,-789.700000000002,3.7499999999994316,-40.17433531443035,-833.6243353144317,False,value
2023-06-29 21:00:00+00:00,2023-07-02 21:00:00+00:00,2023-08-01 21:00:00+00:00,EUR,EUR_USD,1,1,0.20903124718540342,0.0041143103624650445,2023-07-02 21:00:00+00:00,2023-08-01 21:00:00+00:00,1.0911,1.09831,72.09999999999938,1.7500000000003624,-25.522343095890417,44.82765690410861,False,value
2023-06-29 21:00:00+00:00,2023-07-02 21:00:00+00:00,2023-08-01 21:00:00+00:00,GBP,GBP_USD,1,1,0.1947400057483154,0.004416244228139739,2023-07-02 21:00:00+00:00,2023-08-01 21:00:00+00:00,1.26958,1.27736,77.80000000000119,1.9000000000002348,-14.14898639671233,61.75101360328863,False,value
2023-06-29 21:00:00+00:00,2023-07-02 21:00:00+00:00,2023-08-01 21:00:00+00:00,JPY,USD_JPY,1,-1,0.15991910613580532,0.005377840379144928,2023-07-02 21:00:00+00:00,2023-08-01 21:00:00+00:00,144.403,143.348,105.49999999999784,2.5000000000005684,-81.45828133972606,21.541718660271215,False,value
2023-06-29 21:00:00+00:00,2023-07-02 21:00:00+00:00,2023-08-01 21:00:00+00:00,AUD,AUD_USD,-1,-1,0.13838279365790707,0.006214785838909508,2023-07-02 21:00:00+00:00,2023-08-01 21:00:00+00:00,0.66637,0.66132,50.499999999999986,1.7000000000000348,0.5891275479452072,49.389127547945165,False,value
2023-06-29 21:00:00+00:00,2023-07-02 21:00:00+00:00,2023-08-01 21:00:00+00:00,NZD,NZD_USD,-1,-1,0.12310314989651781,0.006986169136182474,2023-07-02 21:00:00+00:00,2023-08-01 21:00:00+00:00,0.61292,0.61472,-18.000000000000238,1.60000000000049,-6.607147726027396,-26.207147726028122,False,value
2023-06-29 21:00:00+00:00,2023-07-02 21:00:00+00:00,2023-08-01 21:00:00+00:00,CHF,CHF_JPY,-1,-1,0.17482369737605088,0.004919352692352516,2023-07-02 21:00:00+00:00,2023-08-01 21:00:00+00:00,161.169,163.8,-263.1,4.449999999999932,-43.40833260563511,-310.95833260563506,False,value
2023-07-31 21:00:00+00:00,2023-08-01 21:00:00+00:00,2023-09-03 21:00:00+00:00,EUR,EUR_USD,1,1,0.21282872860566532,0.0042947103200242755,2023-08-01 21:00:00+00:00,2023-09-03 21:00:00+00:00,1.09831,1.07784,-204.69999999999987,1.7500000000003624,-27.733087890410964,-234.1830878904112,False,value
2023-07-31 21:00:00+00:00,2023-08-01 21:00:00+00:00,2023-09-03 21:00:00+00:00,GBP,GBP_USD,1,1,0.190691307882425,0.004793284745332845,2023-08-01 21:00:00+00:00,2023-09-03 21:00:00+00:00,1.27736,1.25964,-177.19999999999956,2.1999999999999797,-15.482081396164387,-194.88208139616393,False,value
2023-07-31 21:00:00+00:00,2023-08-01 21:00:00+00:00,2023-09-03 21:00:00+00:00,JPY,USD_JPY,1,-1,0.1637369945243642,0.005582353210986703,2023-08-01 21:00:00+00:00,2023-09-03 21:00:00+00:00,143.348,146.104,-275.6,2.7000000000001023,-93.03347390821916,-371.3334739082193,False,value
2023-07-31 21:00:00+00:00,2023-08-01 21:00:00+00:00,2023-09-03 21:00:00+00:00,AUD,AUD_USD,-1,-1,0.13034413372300965,0.007012496159457321,2023-08-01 21:00:00+00:00,2023-09-03 21:00:00+00:00,0.66132,0.64462,167.00000000000048,1.9500000000000073,2.0133290958904135,167.06332909589088,False,value
2023-07-31 21:00:00+00:00,2023-08-01 21:00:00+00:00,2023-09-03 21:00:00+00:00,NZD,NZD_USD,-1,-1,0.1258827947139702,0.007261021962669842,2023-08-01 21:00:00+00:00,2023-09-03 21:00:00+00:00,0.61472,0.59433,203.90000000000018,1.5500000000001624,-4.928794684931505,197.4212053150685,False,value
2023-07-31 21:00:00+00:00,2023-08-01 21:00:00+00:00,2023-09-03 21:00:00+00:00,CHF,CHF_JPY,-1,-1,0.17651604055056572,0.00517821346031471,2023-08-01 21:00:00+00:00,2023-09-03 21:00:00+00:00,163.8,165.001,-120.09999999999934,4.699999999999704,-48.89364174487863,-173.69364174487768,False,value
2023-08-31 21:00:00+00:00,2023-09-03 21:00:00+00:00,2023-10-01 21:00:00+00:00,EUR,EUR_USD,1,1,0.20579221044203405,0.004316949716381228,2023-09-03 21:00:00+00:00,2023-10-01 21:00:00+00:00,1.07784,1.0572,-206.39999999999992,1.80000000000069,-22.59036241095891,-230.79036241095952,False,value
2023-08-31 21:00:00+00:00,2023-09-03 21:00:00+00:00,2023-10-01 21:00:00+00:00,GBP,GBP_USD,1,1,0.19081617152290478,0.004655761707254282,2023-09-03 21:00:00+00:00,2023-10-01 21:00:00+00:00,1.25964,1.21928,-403.6000000000017,2.449999999998287,-12.892103916712335,-418.94210391671237,False,value
2023-08-31 21:00:00+00:00,2023-09-03 21:00:00+00:00,2023-10-01 21:00:00+00:00,JPY,USD_JPY,1,-1,0.1606214596352791,0.005530983384900562,2023-09-03 21:00:00+00:00,2023-10-01 21:00:00+00:00,146.104,149.622,-351.80000000000007,2.39999999999867,-78.81696223013697,-433.01696223013573,False,value
2023-08-31 21:00:00+00:00,2023-09-03 21:00:00+00:00,2023-10-01 21:00:00+00:00,AUD,AUD_USD,-1,-1,0.13542962971182396,0.006559824658692409,2023-09-03 21:00:00+00:00,2023-10-01 21:00:00+00:00,0.64462,0.64226,23.599999999999177,1.9500000000000073,1.7082792328767145,23.358279232875887,False,value
2023-08-31 21:00:00+00:00,2023-09-03 21:00:00+00:00,2023-10-01 21:00:00+00:00,NZD,NZD_USD,-1,-1,0.1407905990929581,0.006310042220323499,2023-09-03 21:00:00+00:00,2023-10-01 21:00:00+00:00,0.59433,0.59964,-53.099999999999255,1.8999999999996797,-4.7693980273972585,-59.76939802739619,False,value
2023-08-31 21:00:00+00:00,2023-09-03 21:00:00+00:00,2023-10-01 21:00:00+00:00,CHF,CHF_JPY,-1,-1,0.16654992959500006,0.005334103873003829,2023-09-03 21:00:00+00:00,2023-10-01 21:00:00+00:00,165.001,163.368,163.30000000000098,4.099999999999682,-41.37659734178083,117.82340265822046,False,value
2023-09-28 21:00:00+00:00,2023-10-01 21:00:00+00:00,2023-11-01 21:00:00+00:00,EUR,EUR_USD,1,1,0.2019253734553285,0.004104272303914112,2023-10-01 21:00:00+00:00,2023-11-01 21:00:00+00:00,1.0572,1.05704,-1.5999999999993797,1.60000000000049,-25.146046109589044,-28.34604610958891,False,value
2023-09-28 21:00:00+00:00,2023-10-01 21:00:00+00:00,2023-11-01 21:00:00+00:00,GBP,GBP_USD,1,1,0.19721230956021832,0.004202357954117258,2023-10-01 21:00:00+00:00,2023-11-01 21:00:00+00:00,1.21928,1.21458,-46.99999999999926,2.1999999999988695,-15.173229793972599,-64.37322979397072,False,value
2023-09-28 21:00:00+00:00,2023-10-01 21:00:00+00:00,2023-11-01 21:00:00+00:00,JPY,USD_JPY,1,-1,0.1545825911400415,0.0053612551815709975,2023-10-01 21:00:00+00:00,2023-11-01 21:00:00+00:00,149.622,150.95,-132.79999999999745,2.049999999999841,-92.38668366575342,-227.23668366575072,False,value
2023-09-28 21:00:00+00:00,2023-10-01 21:00:00+00:00,2023-11-01 21:00:00+00:00,AUD,AUD_USD,-1,-1,0.1338493407086851,0.006191713110742598,2023-10-01 21:00:00+00:00,2023-11-01 21:00:00+00:00,0.64226,0.63933,29.300000000000992,1.3999999999997348,1.904655082191783,29.80465508219304,False,value
2023-09-28 21:00:00+00:00,2023-10-01 21:00:00+00:00,2023-11-01 21:00:00+00:00,NZD,NZD_USD,-1,-1,0.14829718583227328,0.005588485803550964,2023-10-01 21:00:00+00:00,2023-11-01 21:00:00+00:00,0.59964,0.58472,149.19999999999933,1.8000000000001348,-5.783598328767121,141.6164016712321,False,value
2023-09-28 21:00:00+00:00,2023-10-01 21:00:00+00:00,2023-11-01 21:00:00+00:00,CHF,CHF_JPY,-1,-1,0.1641331993034534,0.0050492936300960845,2023-10-01 21:00:00+00:00,2023-11-01 21:00:00+00:00,163.368,166.332,-296.39999999999986,3.699999999999193,-48.074955540270835,-348.1749555402699,False,value
2023-10-31 21:00:00+00:00,2023-11-01 21:00:00+00:00,2023-12-03 22:00:00+00:00,EUR,EUR_USD,1,1,0.1905099967521896,0.003876721453846382,2023-11-01 21:00:00+00:00,2023-12-03 22:00:00+00:00,1.05704,1.08786,308.20000000000067,1.8499999999999073,-22.86004191780822,283.4899580821925,False,value
2023-10-31 21:00:00+00:00,2023-11-01 21:00:00+00:00,2023-12-03 22:00:00+00:00,GBP,GBP_USD,1,1,0.18792941690434128,0.003929955212692181,2023-11-01 21:00:00+00:00,2023-12-03 22:00:00+00:00,1.21458,1.26984,552.6000000000008,2.049999999998997,-13.790023961643847,536.7599760383579,False,value
2023-10-31 21:00:00+00:00,2023-11-01 21:00:00+00:00,2023-12-03 22:00:00+00:00,JPY,USD_JPY,1,-1,0.1694907884670084,0.004357488676885697,2023-11-01 21:00:00+00:00,2023-12-03 22:00:00+00:00,150.95,146.742,420.79999999999984,2.1000000000015007,-83.92602805068492,334.7739719493134,False,value
2023-10-31 21:00:00+00:00,2023-11-01 21:00:00+00:00,2023-12-03 22:00:00+00:00,AUD,AUD_USD,-1,-1,0.13651736711179205,0.005409965099727034,2023-11-01 21:00:00+00:00,2023-12-03 22:00:00+00:00,0.63933,0.6669,-275.70000000000095,1.3499999999994072,0.7321196712328762,-276.3178803287675,False,value
2023-10-31 21:00:00+00:00,2023-11-01 21:00:00+00:00,2023-12-03 22:00:00+00:00,NZD,NZD_USD,-1,-1,0.14878237596175797,0.004963989765637639,2023-11-01 21:00:00+00:00,2023-12-03 22:00:00+00:00,0.58472,0.61952,-347.99999999999943,1.5999999999999348,-4.7131403835616394,-354.313140383561,False,value
2023-10-31 21:00:00+00:00,2023-11-01 21:00:00+00:00,2023-12-03 22:00:00+00:00,CHF,CHF_JPY,-1,-1,0.1667700548029106,0.004428577974950262,2023-11-01 21:00:00+00:00,2023-12-03 22:00:00+00:00,166.332,168.566,-223.4000000000009,3.8999999999987267,-43.00951955189908,-270.3095195518987,False,value
2023-11-30 22:00:00+00:00,2023-12-03 22:00:00+00:00,2024-01-01 22:00:00+00:00,EUR,EUR_USD,1,1,0.18827226994953022,0.004443691578849996,2023-12-03 22:00:00+00:00,2024-01-01 22:00:00+00:00,1.08786,1.1044,165.39999999999998,1.7499999999992522,-22.098040520547947,141.55195947945276,False,value
2023-11-30 22:00:00+00:00,2023-12-03 22:00:00+00:00,2024-01-01 22:00:00+00:00,GBP,GBP_USD,1,1,0.1679692640660648,0.0049808154197582485,2023-12-03 22:00:00+00:00,2024-01-01 22:00:00+00:00,1.26984,1.27264,27.999999999999137,1.8999999999991246,-13.335318631232887,12.764681368767125,False,value
2023-11-30 22:00:00+00:00,2023-12-03 22:00:00+00:00,2024-01-01 22:00:00+00:00,JPY,USD_JPY,1,-1,0.17466050662380642,0.004790000422406126,2023-12-03 22:00:00+00:00,2024-01-01 22:00:00+00:00,146.742,140.858,588.3999999999986,1.999999999999602,-81.09204801780821,505.30795198219073,False,value
2023-11-30 22:00:00+00:00,2023-12-03 22:00:00+00:00,2024-01-01 22:00:00+00:00,AUD,AUD_USD,-1,-1,0.13722589435848653,0.006096691185120783,2023-12-03 22:00:00+00:00,2024-01-01 22:00:00+00:00,0.6669,0.68116,-142.5999999999994,1.5499999999996072,0.3870320136986316,-143.76296798630037,False,value
2023-11-30 22:00:00+00:00,2023-12-03 22:00:00+00:00,2024-01-01 22:00:00+00:00,NZD,NZD_USD,-1,-1,0.13700727959046363,0.006106419330465516,2023-12-03 22:00:00+00:00,2024-01-01 22:00:00+00:00,0.61952,0.63248,-129.60000000000082,1.6499999999997073,-4.714703095890407,-135.9647030958909,False,value
2023-11-30 22:00:00+00:00,2023-12-03 22:00:00+00:00,2024-01-01 22:00:00+00:00,CHF,CHF_JPY,-1,-1,0.19486478541164842,0.004293356024991111,2023-12-03 22:00:00+00:00,2024-01-01 22:00:00+00:00,168.566,167.603,96.29999999999939,4.14999999999992,-40.3221881800473,51.82781181995217,False,value
2023-12-28 22:00:00+00:00,2024-01-01 22:00:00+00:00,2024-02-01 22:00:00+00:00,EUR,EUR_USD,1,1,0.20326379289445348,0.004632698564121188,2024-01-01 22:00:00+00:00,2024-02-01 22:00:00+00:00,1.1044,1.08725,-171.49999999999997,3.3999999999989594,-25.146046109589044,-200.04604610958796,False,value
2023-12-28 22:00:00+00:00,2024-01-01 22:00:00+00:00,2024-02-01 22:00:00+00:00,GBP,GBP_USD,1,1,0.18222517482190914,0.005167561959538559,2024-01-01 22:00:00+00:00,2024-02-01 22:00:00+00:00,1.27264,1.27434,17.000000000000348,4.849999999999577,-15.168530756164397,-3.018530756163626,False,value
2023-12-28 22:00:00+00:00,2024-01-01 22:00:00+00:00,2024-02-01 22:00:00+00:00,JPY,USD_JPY,1,-1,0.15382810558721546,0.006121507366194997,2024-01-01 22:00:00+00:00,2024-02-01 22:00:00+00:00,140.858,146.401,-554.3000000000006,6.000000000000227,-92.30189510273972,-652.6018951027406,False,value
2023-12-28 22:00:00+00:00,2024-01-01 22:00:00+00:00,2024-02-01 22:00:00+00:00,AUD,AUD_USD,-1,-1,0.14645898769616406,0.006429512427284273,2024-01-01 22:00:00+00:00,2024-02-01 22:00:00+00:00,0.68116,0.65709,240.70000000000036,2.449999999999952,0.4404157397260291,238.69041573972643,False,value
2023-12-28 22:00:00+00:00,2024-01-01 22:00:00+00:00,2024-02-01 22:00:00+00:00,NZD,NZD_USD,-1,-1,0.15151084868065298,0.006215131719476703,2024-01-01 22:00:00+00:00,2024-02-01 22:00:00+00:00,0.63248,0.61366,188.20000000000059,1.7000000000000348,-5.41479821917808,181.08520178082247,False,value
2023-12-28 22:00:00+00:00,2024-01-01 22:00:00+00:00,2024-02-01 22:00:00+00:00,CHF,CHF_JPY,-1,-1,0.16271309031960485,0.00578724108570694,2024-01-01 22:00:00+00:00,2024-02-01 22:00:00+00:00,167.603,170.691,-308.7999999999994,7.150000000001455,-46.4980962877121,-362.44809628771293,False,value
2024-01-31 22:00:00+00:00,2024-02-01 22:00:00+00:00,2024-03-03 22:00:00+00:00,EUR,EUR_USD,1,1,0.20187290030981475,0.004437020971184754,2024-02-01 22:00:00+00:00,2024-03-03 22:00:00+00:00,1.08725,1.08401,-32.40000000000131,3.449999999999287,-22.098040520547947,-57.948040520548545,False,value
2024-01-31 22:00:00+00:00,2024-02-01 22:00:00+00:00,2024-03-03 22:00:00+00:00,GBP,GBP_USD,1,1,0.18292920448929537,0.004896507885054257,2024-02-01 22:00:00+00:00,2024-03-03 22:00:00+00:00,1.27434,1.26567,-86.69999999999955,4.799999999999249,-13.321368362739731,-104.82136836273853,False,value
2024-01-31 22:00:00+00:00,2024-02-01 22:00:00+00:00,2024-03-03 22:00:00+00:00,JPY,USD_JPY,1,-1,0.1430283708219087,0.00626249384678955,2024-02-01 22:00:00+00:00,2024-03-03 22:00:00+00:00,146.401,150.097,-369.5999999999998,5.8000000000006935,-81.00148850547946,-456.40148850547996,False,value
2024-01-31 22:00:00+00:00,2024-02-01 22:00:00+00:00,2024-03-03 22:00:00+00:00,AUD,AUD_USD,-1,-1,0.15057606363159148,0.005948583530381337,2024-02-01 22:00:00+00:00,2024-03-03 22:00:00+00:00,0.65709,0.65266,44.299999999999336,2.1999999999999797,0.3870320136986316,42.487032013697984,False,value
2024-01-31 22:00:00+00:00,2024-02-01 22:00:00+00:00,2024-03-03 22:00:00+00:00,NZD,NZD_USD,-1,-1,0.16644440947773356,0.005381462165050147,2024-02-01 22:00:00+00:00,2024-03-03 22:00:00+00:00,0.61366,0.611,26.599999999999955,1.6499999999997073,-5.064750657534244,19.885249342466004,False,value
2024-01-31 22:00:00+00:00,2024-02-01 22:00:00+00:00,2024-03-03 22:00:00+00:00,CHF,CHF_JPY,-1,-1,0.1551490512696562,0.0057732502059051885,2024-02-01 22:00:00+00:00,2024-03-03 22:00:00+00:00,170.691,169.923,76.80000000000007,6.300000000000239,-40.84108796113015,29.65891203886968,False,value
2024-02-29 22:00:00+00:00,2024-03-03 22:00:00+00:00,2024-04-01 21:00:00+00:00,EUR,EUR_USD,1,1,0.21114802483497264,0.003726314358378042,2024-03-03 22:00:00+00:00,2024-04-01 21:00:00+00:00,1.08401,1.07408,-99.29999999999994,1.6499999999997073,-22.098040520547947,-123.0480405205476,False,value
2024-02-29 22:00:00+00:00,2024-03-03 22:00:00+00:00,2024-04-01 21:00:00+00:00,GBP,GBP_USD,1,1,0.2053802939023882,0.0038309611001904054,2024-03-03 22:00:00+00:00,2024-04-01 21:00:00+00:00,1.26567,1.25538,-102.90000000000131,1.7000000000000348,-13.309914458082199,-117.90991445808355,False,value
2024-02-29 22:00:00+00:00,2024-03-03 22:00:00+00:00,2024-04-01 21:00:00+00:00,JPY,USD_JPY,1,-1,0.13217457959270068,0.005952762771103779,2024-03-03 22:00:00+00:00,2024-04-01 21:00:00+00:00,150.097,151.673,-157.59999999999934,1.8999999999991246,-80.62904031506854,-240.12904031506702,False,value
2024-02-29 22:00:00+00:00,2024-03-03 22:00:00+00:00,2024-04-01 21:00:00+00:00,AUD,AUD_USD,-1,-1,0.1530159230804972,0.0051419741216854106,2024-03-03 22:00:00+00:00,2024-04-01 21:00:00+00:00,0.65266,0.64884,38.20000000000045,1.2499999999998623,0.3870320136986316,37.337032013699215,False,value
2024-02-29 22:00:00+00:00,2024-03-03 22:00:00+00:00,2024-04-01 21:00:00+00:00,NZD,NZD_USD,-1,-1,0.15990058795255485,0.0049205817612076545,2024-03-03 22:00:00+00:00,2024-04-01 21:00:00+00:00,0.611,0.59522,157.80000000000015,1.6499999999997073,-4.756896328767121,151.39310367123332,False,value
2024-02-29 22:00:00+00:00,2024-03-03 22:00:00+00:00,2024-04-01 21:00:00+00:00,CHF,CHF_JPY,-1,-1,0.13838059063688635,0.005685796780202451,2024-03-03 22:00:00+00:00,2024-04-01 21:00:00+00:00,169.923,167.694,222.90000000000134,3.3499999999989427,-37.28950315154108,182.26049684846132,False,value
2024-03-31 21:00:00+00:00,2024-04-01 21:00:00+00:00,2024-05-01 21:00:00+00:00,EUR,EUR_USD,1,1,0.2204804053559579,0.0029088935726075712,2024-04-01 21:00:00+00:00,2024-05-01 21:00:00+00:00,1.07408,1.0713,-27.800000000000047,1.6499999999997073,-24.38404471232877,-53.83404471232852,False,value
2024-03-31 21:00:00+00:00,2024-04-01 21:00:00+00:00,2024-05-01 21:00:00+00:00,GBP,GBP_USD,1,1,0.19919991216796876,0.00321965018481061,2024-04-01 21:00:00+00:00,2024-05-01 21:00:00+00:00,1.25538,1.25232,-30.599999999998406,1.7500000000003624,-14.584675308493152,-46.934675308491926,False,value
2024-03-31 21:00:00+00:00,2024-04-01 21:00:00+00:00,2024-05-01 21:00:00+00:00,JPY,USD_JPY,1,-1,0.14507943102765863,0.00442070960357976,2024-04-01 21:00:00+00:00,2024-05-01 21:00:00+00:00,151.673,154.75,-307.6999999999998,5.5499999999995,-88.21561906849318,-401.4656190684925,False,value
2024-03-31 21:00:00+00:00,2024-04-01 21:00:00+00:00,2024-05-01 21:00:00+00:00,AUD,AUD_USD,-1,-1,0.14506814197266993,0.004421053618696554,2024-04-01 21:00:00+00:00,2024-05-01 21:00:00+00:00,0.64884,0.6524,-35.60000000000007,1.3999999999997348,0.4270698082191797,-36.57293019178063,False,value
2024-03-31 21:00:00+00:00,2024-04-01 21:00:00+00:00,2024-05-01 21:00:00+00:00,NZD,NZD_USD,-1,-1,0.1359692669065147,0.004716904405072796,2024-04-01 21:00:00+00:00,2024-05-01 21:00:00+00:00,0.59522,0.5926,26.199999999999555,1.4999999999998348,-5.361665999999996,19.338333999999723,False,value
2024-03-31 21:00:00+00:00,2024-04-01 21:00:00+00:00,2024-05-01 21:00:00+00:00,CHF,CHF_JPY,-1,-1,0.1542028425692301,0.0041591583095358245,2024-04-01 21:00:00+00:00,2024-05-01 21:00:00+00:00,167.694,168.942,-124.80000000000189,6.1499999999995225,-40.20974260273972,-171.15974260274112,False,value
2024-04-30 21:00:00+00:00,2024-05-01 21:00:00+00:00,2024-06-02 21:00:00+00:00,EUR,EUR_USD,1,1,0.2275154557010221,0.0033042731376477217,2024-05-01 21:00:00+00:00,2024-06-02 21:00:00+00:00,1.0713,1.08504,137.40000000000086,1.4999999999998348,-22.86004191780822,113.03995808219281,False,value
2024-04-30 21:00:00+00:00,2024-05-01 21:00:00+00:00,2024-06-02 21:00:00+00:00,GBP,GBP_USD,1,1,0.20268981283443704,0.0037089836837860112,2024-05-01 21:00:00+00:00,2024-06-02 21:00:00+00:00,1.25232,1.274,216.79999999999922,1.80000000000069,-13.652173282191775,201.34782671780675,False,value
2024-04-30 21:00:00+00:00,2024-05-01 21:00:00+00:00,2024-06-02 21:00:00+00:00,JPY,USD_JPY,1,-1,0.14084211059342178,0.005337701952243252,2024-05-01 21:00:00+00:00,2024-06-02 21:00:00+00:00,154.75,157.233,-248.3000000000004,6.550000000000011,-82.70214287671236,-337.55214287671276,False,value
2024-04-30 21:00:00+00:00,2024-05-01 21:00:00+00:00,2024-06-02 21:00:00+00:00,AUD,AUD_USD,-1,-1,0.13763886758721258,0.005461925267557282,2024-05-01 21:00:00+00:00,2024-06-02 21:00:00+00:00,0.6524,0.66547,-130.70000000000024,1.2999999999996348,0.400377945205481,-131.5996220547944,False,value
2024-04-30 21:00:00+00:00,2024-05-01 21:00:00+00:00,2024-06-02 21:00:00+00:00,NZD,NZD_USD,-1,-1,0.13989071234994743,0.005374003720789903,2024-05-01 21:00:00+00:00,2024-06-02 21:00:00+00:00,0.5926,0.61364,-210.39999999999947,1.3499999999999623,-4.667821726027396,-216.41782172602683,False,value
2024-04-30 21:00:00+00:00,2024-05-01 21:00:00+00:00,2024-06-02 21:00:00+00:00,CHF,CHF_JPY,-1,-1,0.1514230409339591,0.00496472137949232,2024-05-01 21:00:00+00:00,2024-06-02 21:00:00+00:00,168.942,174.346,-540.3999999999996,6.999999999999318,-37.696633690068495,-585.0966336900674,False,value
2024-05-30 21:00:00+00:00,2024-06-02 21:00:00+00:00,2024-07-01 21:00:00+00:00,EUR,EUR_USD,1,1,0.22411823834476147,0.003339724158098513,2024-06-02 21:00:00+00:00,2024-07-01 21:00:00+00:00,1.08504,1.0738,-112.39999999999917,1.40000000000029,-23.665944630136995,-137.46594463013645,False,value
2024-05-30 21:00:00+00:00,2024-06-02 21:00:00+00:00,2024-07-01 21:00:00+00:00,GBP,GBP_USD,1,1,0.2016027374023176,0.0037127129547690147,2024-06-02 21:00:00+00:00,2024-07-01 21:00:00+00:00,1.274,1.2649,-91.00000000000108,1.9000000000002348,-13.197100839452048,-106.09710083945336,False,value
2024-05-30 21:00:00+00:00,2024-06-02 21:00:00+00:00,2024-07-01 21:00:00+00:00,JPY,USD_JPY,1,-1,0.13732238190439977,0.00545062708999296,2024-06-02 21:00:00+00:00,2024-07-01 21:00:00+00:00,157.233,161.515,-428.1999999999982,3.499999999999659,-79.94496086164386,-511.6449608616417,False,value
2024-05-30 21:00:00+00:00,2024-06-02 21:00:00+00:00,2024-07-01 21:00:00+00:00,AUD,AUD_USD,-1,-1,0.13649858166523,0.0054835228742976935,2024-06-02 21:00:00+00:00,2024-07-01 21:00:00+00:00,0.66547,0.66572,-2.4999999999997247,1.3499999999994072,0.3870320136986316,-3.4629679863005003,False,value
2024-05-30 21:00:00+00:00,2024-06-02 21:00:00+00:00,2024-07-01 21:00:00+00:00,NZD,NZD_USD,-1,-1,0.14288787454435498,0.0052383247861814515,2024-06-02 21:00:00+00:00,2024-07-01 21:00:00+00:00,0.61364,0.60756,60.79999999999974,1.40000000000029,-4.656882739726027,54.74311726027342,False,value
2024-05-30 21:00:00+00:00,2024-06-02 21:00:00+00:00,2024-07-01 21:00:00+00:00,CHF,CHF_JPY,-1,-1,0.1575701861389363,0.004750220287297892,2024-06-02 21:00:00+00:00,2024-07-01 21:00:00+00:00,174.346,178.868,-452.19999999999914,5.349999999999966,-35.14304104641902,-492.6930410464181,False,value
2024-06-30 21:00:00+00:00,2024-07-01 21:00:00+00:00,2024-08-01 21:00:00+00:00,EUR,EUR_USD,1,1,0.21251705301886475,0.0034051737390309667,2024-07-01 21:00:00+00:00,2024-08-01 21:00:00+00:00,1.0738,1.07919,53.900000000000055,1.7000000000000348,-27.733087890410967,24.46691210958905,False,value
2024-06-30 21:00:00+00:00,2024-07-01 21:00:00+00:00,2024-08-01 21:00:00+00:00,GBP,GBP_USD,1,1,0.2088362907779945,0.003465190294944384,2024-07-01 21:00:00+00:00,2024-08-01 21:00:00+00:00,1.2649,1.27413,92.30000000000071,2.9999999999996696,-15.109168692602733,74.1908313073983,False,value
2024-06-30 21:00:00+00:00,2024-07-01 21:00:00+00:00,2024-08-01 21:00:00+00:00,JPY,USD_JPY,1,-1,0.13245219263071603,0.005463537248142706,2024-07-01 21:00:00+00:00,2024-08-01 21:00:00+00:00,161.515,149.352,1216.2999999999981,6.399999999999295,-90.89156387397264,1119.008436126026,False,value
2024-06-30 21:00:00+00:00,2024-07-01 21:00:00+00:00,2024-08-01 21:00:00+00:00,AUD,AUD_USD,-1,-1,0.13338331151767885,0.005425397523888698,2024-07-01 21:00:00+00:00,2024-08-01 21:00:00+00:00,0.66572,0.64981,159.0999999999998,1.6999999999994797,0.4404157397260291,157.84041573972635,False,value
2024-06-30 21:00:00+00:00,2024-07-01 21:00:00+00:00,2024-08-01 21:00:00+00:00,NZD,NZD_USD,-1,-1,0.13676912970342245,0.005291087905621011,2024-07-01 21:00:00+00:00,2024-08-01 21:00:00+00:00,0.60756,0.59468,128.8,2.5500000000000522,-4.950672657534245,121.29932734246572,False,value
2024-06-30 21:00:00+00:00,2024-07-01 21:00:00+00:00,2024-08-01 21:00:00+00:00,CHF,CHF_JPY,-1,-1,0.1760420223513234,0.004110708786291386,2024-07-01 21:00:00+00:00,2024-08-01 21:00:00+00:00,178.868,171.072,779.5999999999992,7.30000000000075,-35.716566818069836,736.5834331819286,False,value
2020-11-30 22:00:00+00:00,2020-12-01 22:00:00+00:00,2021-01-03 22:00:00+00:00,EUR,EUR_USD,1,1,0.16574230181341462,0.0037012393180452124,2020-12-01 22:00:00+00:00,2021-01-03 22:00:00+00:00,1.20705,1.224,169.5000000000002,2.649999999999597,-17.488402438356164,149.36159756164443,False,composite
2020-11-30 22:00:00+00:00,2020-12-01 22:00:00+00:00,2021-01-03 22:00:00+00:00,GBP,GBP_USD,1,1,0.16313131437709485,0.003760479258550379,2020-12-01 22:00:00+00:00,2021-01-03 22:00:00+00:00,1.34251,1.36527,227.59999999999891,5.999999999999339,-13.93668533698631,207.66331466301327,False,composite
2020-11-30 22:00:00+00:00,2020-12-01 22:00:00+00:00,2021-01-03 22:00:00+00:00,JPY,USD_JPY,1,-1,0.22082230329333472,0.0027780342609697016,2020-12-01 22:00:00+00:00,2021-01-03 22:00:00+00:00,104.35,103.12,122.99999999999898,8.900000000000574,-15.714738904109586,98.38526109588882,False,composite
2020-11-30 22:00:00+00:00,2020-12-01 22:00:00+00:00,2021-01-03 22:00:00+00:00,NZD,NZD_USD,-1,-1,0.14745070591707277,0.004160386485230771,2020-12-01 22:00:00+00:00,2021-01-03 22:00:00+00:00,0.70658,0.71928,-127.00000000000044,18.149999999999554,-4.26933008219178,-149.41933008219178,False,composite
2020-11-30 22:00:00+00:00,2020-12-01 22:00:00+00:00,2021-01-03 22:00:00+00:00,CAD,CAD_JPY,-1,-1,0.13262357776496497,0.004625511801697008,2020-12-01 22:00:00+00:00,2021-01-03 22:00:00+00:00,80.644,81.084,-43.99999999999977,4.14999999999992,-10.843955421698626,-58.99395542169832,False,composite
2020-11-30 22:00:00+00:00,2020-12-01 22:00:00+00:00,2021-01-03 22:00:00+00:00,CHF,CHF_JPY,-1,-1,0.170229796834118,0.0036036694840969013,2020-12-01 22:00:00+00:00,2021-01-03 22:00:00+00:00,115.978,116.722,-74.39999999999998,3.1999999999996476,-2.521252501231998,-80.12125250123162,False,composite
2020-12-30 22:00:00+00:00,2021-01-03 22:00:00+00:00,2021-02-01 22:00:00+00:00,EUR,EUR_USD,1,1,0.17232729619175605,0.0035343491543624113,2021-01-03 22:00:00+00:00,2021-02-01 22:00:00+00:00,1.224,1.20597,-180.2999999999999,2.349999999999852,-15.330966383561643,-197.9809663835614,False,composite
2020-12-30 22:00:00+00:00,2021-01-03 22:00:00+00:00,2021-02-01 22:00:00+00:00,GBP,GBP_USD,1,1,0.11458737850870204,0.005315287263707145,2021-01-03 22:00:00+00:00,2021-02-01 22:00:00+00:00,1.36527,1.36625,9.799999999999809,5.999999999999339,-12.201565626301372,-8.401565626300902,False,composite
2020-12-30 22:00:00+00:00,2021-01-03 22:00:00+00:00,2021-02-01 22:00:00+00:00,JPY,USD_JPY,1,-1,0.2453825367864425,0.002482103419197127,2021-01-03 22:00:00+00:00,2021-02-01 22:00:00+00:00,103.12,104.92,-179.99999999999972,8.850000000000335,-13.643855938356168,-202.4938559383562,False,composite
2020-12-30 22:00:00+00:00,2021-01-03 22:00:00+00:00,2021-02-01 22:00:00+00:00,NZD,NZD_USD,-1,-1,0.13091060647411928,0.004652524726400259,2021-01-03 22:00:00+00:00,2021-02-01 22:00:00+00:00,0.71928,0.7158,34.80000000000039,12.249999999999762,-4.230262273972602,18.319737726028023,False,composite
2020-12-30 22:00:00+00:00,2021-01-03 22:00:00+00:00,2021-02-01 22:00:00+00:00,CAD,CAD_JPY,-1,-1,0.15228516247422413,0.003999502142383598,2021-01-03 22:00:00+00:00,2021-02-01 22:00:00+00:00,81.084,81.658,-57.39999999999981,4.399999999999693,-9.299361484966107,-71.09936148496561,False,composite
2020-12-30 22:00:00+00:00,2021-01-03 22:00:00+00:00,2021-02-01 22:00:00+00:00,CHF,CHF_JPY,-1,-1,0.18450701956475604,0.003301038816873477,2021-01-03 22:00:00+00:00,2021-02-01 22:00:00+00:00,116.722,116.978,-25.600000000000023,5.749999999999744,-2.273994425086302,-33.62399442508607,False,composite
2021-01-31 22:00:00+00:00,2021-02-01 22:00:00+00:00,2021-03-01 22:00:00+00:00,EUR,EUR_USD,1,1,0.1717652506474865,0.0036738786382020123,2021-02-01 22:00:00+00:00,2021-03-01 22:00:00+00:00,1.20597,1.20494,-10.300000000000864,2.00000000000089,-14.716347972602739,-27.016347972604493,False,composite
2021-01-31 22:00:00+00:00,2021-02-01 22:00:00+00:00,2021-03-01 22:00:00+00:00,GBP,GBP_USD,1,1,0.12690959308716904,0.0049723954650597296,2021-02-01 22:00:00+00:00,2021-03-01 22:00:00+00:00,1.36625,1.39248,262.2999999999997,5.999999999999339,-11.688122323287676,244.61187767671274,False,composite
2021-01-31 22:00:00+00:00,2021-02-01 22:00:00+00:00,2021-03-01 22:00:00+00:00,JPY,USD_JPY,1,-1,0.22978072212163822,0.002746290808526405,2021-02-01 22:00:00+00:00,2021-03-01 22:00:00+00:00,104.92,106.719,-179.89999999999924,7.500000000000284,-13.04012585616439,-200.44012585616392,False,composite
2021-01-31 22:00:00+00:00,2021-02-01 22:00:00+00:00,2021-03-01 22:00:00+00:00,NZD,NZD_USD,-1,-1,0.11404210936282029,0.005533435751627254,2021-02-01 22:00:00+00:00,2021-03-01 22:00:00+00:00,0.7158,0.72658,-107.80000000000011,3.5999999999997145,-4.136499534246575,-115.53649953424639,False,composite
2021-01-31 22:00:00+00:00,2021-02-01 22:00:00+00:00,2021-03-01 22:00:00+00:00,CAD,CAD_JPY,-1,-1,0.15484292123952917,0.004075386075693064,2021-02-01 22:00:00+00:00,2021-03-01 22:00:00+00:00,81.658,84.39,-273.19999999999993,6.59999999999954,-9.21396082338108,-289.01396082338056,False,composite
2021-01-31 22:00:00+00:00,2021-02-01 22:00:00+00:00,2021-03-01 22:00:00+00:00,CHF,CHF_JPY,-1,-1,0.20265940354135675,0.0031138189203761156,2021-02-01 22:00:00+00:00,2021-03-01 22:00:00+00:00,116.978,116.631,34.69999999999942,6.649999999999778,-2.143996713353426,25.906003286646214,False,composite
2021-02-28 22:00:00+00:00,2021-03-01 22:00:00+00:00,2021-04-01 21:00:00+00:00,EUR,EUR_USD,1,1,0.1732880426107865,0.0038997187544932786,2021-03-01 22:00:00+00:00,2021-04-01 21:00:00+00:00,1.20494,1.1777,-272.3999999999993,6.1000000000011045,-17.27203167123287,-295.77203167123326,False,composite
2021-02-28 22:00:00+00:00,2021-03-01 22:00:00+00:00,2021-04-01 21:00:00+00:00,GBP,GBP_USD,1,1,0.13624468147952826,0.004960007409905792,2021-03-01 22:00:00+00:00,2021-04-01 21:00:00+00:00,1.39248,1.38326,-92.20000000000006,10.499999999999954,-13.690720076712333,-116.39072007671236,False,composite
2021-02-28 22:00:00+00:00,2021-03-01 22:00:00+00:00,2021-04-01 21:00:00+00:00,JPY,USD_JPY,1,-1,0.23226937287067698,0.0029094435540366,2021-03-01 22:00:00+00:00,2021-04-01 21:00:00+00:00,106.719,110.609,-389.00000000000006,8.29999999999984,-15.278366352054801,-412.5783663520547,False,composite
2021-02-28 22:00:00+00:00,2021-03-01 22:00:00+00:00,2021-04-01 21:00:00+00:00,NZD,NZD_USD,-1,-1,0.10823756017449089,0.006243439233194941,2021-03-01 22:00:00+00:00,2021-04-01 21:00:00+00:00,0.72658,0.70174,248.39999999999972,11.349999999999971,-5.158513397260273,231.8914866027395,False,composite
2021-02-28 22:00:00+00:00,2021-03-01 22:00:00+00:00,2021-04-01 21:00:00+00:00,CAD,CAD_JPY,-1,-1,0.1597656152791419,0.004229787670632405,2021-03-01 22:00:00+00:00,2021-04-01 21:00:00+00:00,84.39,88.188,-379.8000000000002,13.84999999999934,-10.557149650576019,-404.20714965057556,False,composite
2021-02-28 22:00:00+00:00,2021-03-01 22:00:00+00:00,2021-04-01 21:00:00+00:00,CHF,CHF_JPY,-1,-1,0.19019472758537556,0.0035530671027427375,2021-03-01 22:00:00+00:00,2021-04-01 21:00:00+00:00,116.631,117.424,-79.30000000000064,12.700000000000244,-2.584997479029452,-94.58499747903033,False,composite
2021-03-31 21:00:00+00:00,2021-04-01 21:00:00+00:00,2021-05-02 21:00:00+00:00,EUR,EUR_USD,1,1,0.17662936050564298,0.0038423409915557274,2021-04-01 21:00:00+00:00,2021-05-02 21:00:00+00:00,1.1777,1.20336,256.60000000000014,6.450000000001177,-15.177311780821913,234.97268821917703,False,composite
2021-03-31 21:00:00+00:00,2021-04-01 21:00:00+00:00,2021-05-02 21:00:00+00:00,GBP,GBP_USD,1,1,0.17059859506343178,0.003978170112894329,2021-04-01 21:00:00+00:00,2021-05-02 21:00:00+00:00,1.38326,1.38185,-14.099999999999113,10.499999999999954,-12.029903901369865,-36.629903901368934,False,composite
2021-03-31 21:00:00+00:00,2021-04-01 21:00:00+00:00,2021-05-02 21:00:00+00:00,JPY,USD_JPY,1,-1,0.2204941607195106,0.0030779510440026524,2021-04-01 21:00:00+00:00,2021-05-02 21:00:00+00:00,110.609,109.292,131.6999999999993,9.999999999999432,-13.362411179452058,108.33758882054782,False,composite
2021-03-31 21:00:00+00:00,2021-04-01 21:00:00+00:00,2021-05-02 21:00:00+00:00,NZD,NZD_USD,-1,-1,0.0981286541230359,0.00691612697889624,2021-04-01 21:00:00+00:00,2021-05-02 21:00:00+00:00,0.70174,0.71792,-161.79999999999973,20.000000000000018,-4.580309835616437,-186.3803098356162,False,composite
2021-03-31 21:00:00+00:00,2021-04-01 21:00:00+00:00,2021-05-02 21:00:00+00:00,CAD,CAD_JPY,-1,-1,0.15438951428994105,0.004395831124311813,2021-04-01 21:00:00+00:00,2021-05-02 21:00:00+00:00,88.188,88.906,-71.80000000000035,14.599999999999369,-9.056844955733855,-95.45684495573357,False,composite
2021-03-31 21:00:00+00:00,2021-04-01 21:00:00+00:00,2021-05-02 21:00:00+00:00,CHF,CHF_JPY,-1,-1,0.17975971529843762,0.003775430057042402,2021-04-01 21:00:00+00:00,2021-05-02 21:00:00+00:00,117.424,119.762,-233.7999999999994,18.09999999999974,-2.2167324973335623,-254.1167324973327,False,composite
2021-04-29 21:00:00+00:00,2021-05-02 21:00:00+00:00,2021-06-01 21:00:00+00:00,EUR,EUR_USD,1,1,0.1813926942085877,0.00379192071779427,2021-05-02 21:00:00+00:00,2021-06-01 21:00:00+00:00,1.20336,1.22134,179.80000000000106,2.1999999999999797,-15.610053315068498,161.9899466849326,False,composite
2021-04-29 21:00:00+00:00,2021-05-02 21:00:00+00:00,2021-06-01 21:00:00+00:00,GBP,GBP_USD,1,1,0.16839807113736802,0.0040845284662731135,2021-05-02 21:00:00+00:00,2021-06-01 21:00:00+00:00,1.38185,1.41513,332.7999999999997,5.999999999999339,-12.32862320328767,314.4713767967127,False,composite
2021-04-29 21:00:00+00:00,2021-05-02 21:00:00+00:00,2021-06-01 21:00:00+00:00,JPY,USD_JPY,1,-1,0.2131473422130053,0.003227001134917723,2021-05-02 21:00:00+00:00,2021-06-01 21:00:00+00:00,109.292,109.482,-18.999999999999773,5.949999999999278,-13.76682155068494,-38.71682155068399,False,composite
2021-04-29 21:00:00+00:00,2021-05-02 21:00:00+00:00,2021-06-01 21:00:00+00:00,NZD,NZD_USD,-1,-1,0.10529726137513595,0.0065322374603417966,2021-05-02 21:00:00+00:00,2021-06-01 21:00:00+00:00,0.71792,0.72556,-76.39999999999979,11.599999999999945,-5.302282931506848,-93.3022829315066,False,composite
2021-04-29 21:00:00+00:00,2021-05-02 21:00:00+00:00,2021-06-01 21:00:00+00:00,CAD,CAD_JPY,-1,-1,0.14668506320388897,0.0046891394406668434,2021-05-02 21:00:00+00:00,2021-06-01 21:00:00+00:00,88.906,90.686,-178.0000000000001,7.150000000000034,-9.615053150775836,-194.765053150776,False,composite
2021-04-29 21:00:00+00:00,2021-05-02 21:00:00+00:00,2021-06-01 21:00:00+00:00,CHF,CHF_JPY,-1,-1,0.1850795678620141,0.003716383840591593,2021-05-02 21:00:00+00:00,2021-06-01 21:00:00+00:00,119.762,122.139,-237.69999999999953,9.40000000000012,-2.270616145346725,-249.3706161453464,False,composite
2021-05-31 21:00:00+00:00,2021-06-01 21:00:00+00:00,2021-07-01 21:00:00+00:00,EUR,EUR_USD,1,1,0.1760866235734214,0.0037759628653886482,2021-06-01 21:00:00+00:00,2021-07-01 21:00:00+00:00,1.22134,1.18506,-362.80000000000086,1.8999999999991246,-16.826746904109598,-381.5267469041096,False,composite
2021-05-31 21:00:00+00:00,2021-06-01 21:00:00+00:00,2021-07-01 21:00:00+00:00,GBP,GBP_USD,1,1,0.159363449101204,0.004172202317751449,2021-06-01 21:00:00+00:00,2021-07-01 21:00:00+00:00,1.41513,1.37618,-389.5000000000004,10.499999999999954,-13.352903311780821,-413.3529033117812,False,composite
2021-05-31 21:00:00+00:00,2021-06-01 21:00:00+00:00,2021-07-01 21:00:00+00:00,JPY,USD_JPY,1,-1,0.21404971724856148,0.0031062715720984067,2021-06-01 21:00:00+00:00,2021-07-01 21:00:00+00:00,109.482,111.52,-203.79999999999967,5.949999999999278,-15.101686519178084,-224.85168651917704,False,composite
2021-05-31 21:00:00+00:00,2021-06-01 21:00:00+00:00,2021-07-01 21:00:00+00:00,NZD,NZD_USD,-1,-1,0.103943270329194,0.006396725344499407,2021-06-01 21:00:00+00:00,2021-07-01 21:00:00+00:00,0.72556,0.69725,283.09999999999945,8.05,-4.492797945205478,270.55720205479395,False,composite
2021-05-31 21:00:00+00:00,2021-06-01 21:00:00+00:00,2021-07-01 21:00:00+00:00,CAD,CAD_JPY,-1,-1,0.14826103864728812,0.004484634383863264,2021-06-01 21:00:00+00:00,2021-07-01 21:00:00+00:00,90.686,89.634,105.20000000000067,9.34999999999988,-10.442197165732072,85.40780283426872,False,composite
2021-05-31 21:00:00+00:00,2021-06-01 21:00:00+00:00,2021-07-01 21:00:00+00:00,CHF,CHF_JPY,-1,-1,0.198295901100331,0.0033530524232495023,2021-06-01 21:00:00+00:00,2021-07-01 21:00:00+00:00,122.139,120.549,158.99999999999892,5.000000000000426,-2.588712154234117,151.41128784576438,False,composite
2021-06-30 21:00:00+00:00,2021-07-01 21:00:00+00:00,2021-08-01 21:00:00+00:00,EUR,EUR_USD,1,1,0.18072338619930994,0.0037475338175715855,2021-07-01 21:00:00+00:00,2021-08-01 21:00:00+00:00,1.18506,1.1866,15.400000000000968,1.8499999999999073,-15.450127095890418,-1.9001270958893564,False,composite
2021-06-30 21:00:00+00:00,2021-07-01 21:00:00+00:00,2021-08-01 21:00:00+00:00,GBP,GBP_USD,1,1,0.15859574580115637,0.004270398288344414,2021-07-01 21:00:00+00:00,2021-08-01 21:00:00+00:00,1.37618,1.39016,139.80000000000103,10.499999999999954,-12.32799911232877,116.97200088767232,False,composite
2021-06-30 21:00:00+00:00,2021-07-01 21:00:00+00:00,2021-08-01 21:00:00+00:00,JPY,USD_JPY,1,-1,0.2058741404283633,0.0032897138028057885,2021-07-01 21:00:00+00:00,2021-08-01 21:00:00+00:00,111.52,109.664,185.59999999999945,6.099999999999994,-14.057588612328768,165.4424113876707,False,composite
2021-06-30 21:00:00+00:00,2021-07-01 21:00:00+00:00,2021-08-01 21:00:00+00:00,NZD,NZD_USD,-1,-1,0.11081422103515269,0.006111733630227117,2021-07-01 21:00:00+00:00,2021-08-01 21:00:00+00:00,0.69725,0.6972,0.49999999999994493,9.700000000000264,-4.717828520547945,-13.917828520548264,False,composite
2021-06-30 21:00:00+00:00,2021-07-01 21:00:00+00:00,2021-08-01 21:00:00+00:00,CAD,CAD_JPY,-1,-1,0.14309579092731525,0.0047329624234159215,2021-07-01 21:00:00+00:00,2021-08-01 21:00:00+00:00,89.634,87.858,177.59999999999962,10.599999999999454,-9.541457391859094,157.45854260814107,False,composite
2021-06-30 21:00:00+00:00,2021-07-01 21:00:00+00:00,2021-08-01 21:00:00+00:00,CHF,CHF_JPY,-1,-1,0.20089671560870243,0.003371219879607759,2021-07-01 21:00:00+00:00,2021-08-01 21:00:00+00:00,120.549,121.058,-50.900000000000034,4.749999999999943,-2.479143238153792,-58.129143238153766,False,composite
2021-07-29 21:00:00+00:00,2021-08-01 21:00:00+00:00,2021-09-01 21:00:00+00:00,EUR,EUR_USD,1,1,0.1944012243065096,0.00358357297536538,2021-08-01 21:00:00+00:00,2021-09-01 21:00:00+00:00,1.1866,1.18416,-24.399999999999977,1.2999999999996348,-17.513488904109593,-43.213488904109205,False,composite
2021-07-29 21:00:00+00:00,2021-08-01 21:00:00+00:00,2021-09-01 21:00:00+00:00,GBP,GBP_USD,1,1,0.16745546095747954,0.004160216512614334,2021-08-01 21:00:00+00:00,2021-09-01 21:00:00+00:00,1.39016,1.37702,-131.4000000000015,6.000000000000449,-13.952030632328775,-151.35203063233075,False,composite
2021-07-29 21:00:00+00:00,2021-08-01 21:00:00+00:00,2021-09-01 21:00:00+00:00,JPY,USD_JPY,1,-1,0.19786679588115952,0.0035208078783524944,2021-08-01 21:00:00+00:00,2021-09-01 21:00:00+00:00,109.664,110.026,-36.19999999999948,1.950000000000074,-15.855461283561647,-54.005461283561196,False,composite
2021-07-29 21:00:00+00:00,2021-08-01 21:00:00+00:00,2021-09-01 21:00:00+00:00,AUD,AUD_USD,-1,-1,0.1324125172047456,0.005261216903878811,2021-08-01 21:00:00+00:00,2021-09-01 21:00:00+00:00,0.73344,0.7368,-33.60000000000029,3.650000000000597,-5.773068657534245,-43.023068657535134,False,composite
2021-07-29 21:00:00+00:00,2021-08-01 21:00:00+00:00,2021-09-01 21:00:00+00:00,CAD,CAD_JPY,-1,-1,0.11855764558863109,0.005876052702834339,2021-08-01 21:00:00+00:00,2021-09-01 21:00:00+00:00,87.858,87.178,68.00000000000068,3.6499999999996646,-10.925798701450091,53.424201298550926,False,composite
2021-07-29 21:00:00+00:00,2021-08-01 21:00:00+00:00,2021-09-01 21:00:00+00:00,CHF,CHF_JPY,-1,-1,0.1893063560614746,0.003680018929615462,2021-08-01 21:00:00+00:00,2021-09-01 21:00:00+00:00,121.058,120.188,87.00000000000045,2.1999999999998465,-2.592215902537362,82.20778409746325,False,composite
2021-08-31 21:00:00+00:00,2021-09-01 21:00:00+00:00,2021-10-03 21:00:00+00:00,EUR,EUR_USD,1,1,0.21245673137259571,0.003109917475233288,2021-09-01 21:00:00+00:00,2021-10-03 21:00:00+00:00,1.18416,1.1598,-243.6000000000016,3.549999999999942,-15.798201808219183,-262.94820180822074,False,composite
2021-08-31 21:00:00+00:00,2021-09-01 21:00:00+00:00,2021-10-03 21:00:00+00:00,GBP,GBP_USD,1,1,0.16480381224313287,0.0040091481661347975,2021-09-01 21:00:00+00:00,2021-10-03 21:00:00+00:00,1.37702,1.35565,-213.69999999999888,6.000000000000449,-12.543420626849318,-232.24342062684866,False,composite
2021-08-31 21:00:00+00:00,2021-09-01 21:00:00+00:00,2021-10-03 21:00:00+00:00,JPY,USD_JPY,1,-1,0.2113170833434015,0.003126689480910873,2021-09-01 21:00:00+00:00,2021-10-03 21:00:00+00:00,110.026,110.898,-87.19999999999999,1.999999999999602,-14.096653500000006,-103.2966534999996,False,composite
2021-08-31 21:00:00+00:00,2021-09-01 21:00:00+00:00,2021-10-03 21:00:00+00:00,AUD,AUD_USD,-1,-1,0.12518572199269884,0.0052779413746969865,2021-09-01 21:00:00+00:00,2021-10-03 21:00:00+00:00,0.7368,0.72596,108.39999999999961,9.100000000000218,-5.3231201095890395,93.97687989041034,False,composite
2021-08-31 21:00:00+00:00,2021-09-01 21:00:00+00:00,2021-10-03 21:00:00+00:00,CAD,CAD_JPY,-1,-1,0.10590136468045627,0.006239040484702214,2021-09-01 21:00:00+00:00,2021-10-03 21:00:00+00:00,87.178,87.702,-52.40000000000009,2.7000000000001023,-9.718375657726028,-64.81837565772622,False,composite
2021-08-31 21:00:00+00:00,2021-09-01 21:00:00+00:00,2021-10-03 21:00:00+00:00,CHF,CHF_JPY,-1,-1,0.18033528636771481,0.0036638581108265453,2021-09-01 21:00:00+00:00,2021-10-03 21:00:00+00:00,120.188,118.876,131.19999999999976,9.399999999999409,-0.9994838195231581,120.80051618047719,False,composite
2021-09-30 21:00:00+00:00,2021-10-03 21:00:00+00:00,2021-11-01 21:00:00+00:00,EUR,EUR_USD,1,1,0.2284886176745257,0.0027693121478485827,2021-10-03 21:00:00+00:00,2021-11-01 21:00:00+00:00,1.1598,1.16042,6.200000000000649,3.8500000000007972,-15.274521835616442,-12.92452183561659,False,composite
2021-09-30 21:00:00+00:00,2021-10-03 21:00:00+00:00,2021-11-01 21:00:00+00:00,GBP,GBP_USD,1,1,0.1494777348228891,0.004233114084321153,2021-10-03 21:00:00+00:00,2021-11-01 21:00:00+00:00,1.35565,1.36695,113.00000000000087,5.999999999999339,-12.127922893150686,94.87207710685085,False,composite
2021-09-30 21:00:00+00:00,2021-10-03 21:00:00+00:00,2021-11-01 21:00:00+00:00,JPY,USD_JPY,1,-1,0.19175635816410044,0.0032997930844603173,2021-10-03 21:00:00+00:00,2021-11-01 21:00:00+00:00,110.898,113.985,-308.70000000000033,2.0000000000003126,-13.69845799726028,-324.3984579972609,False,composite
2021-09-30 21:00:00+00:00,2021-10-03 21:00:00+00:00,2021-11-01 21:00:00+00:00,AUD,AUD_USD,-1,-1,0.11913425113939131,0.0053112878833715665,2021-10-03 21:00:00+00:00,2021-11-01 21:00:00+00:00,0.72596,0.75212,-261.5999999999996,7.750000000000257,-5.143903315068493,-274.4939033150684,False,composite
2021-09-30 21:00:00+00:00,2021-10-03 21:00:00+00:00,2021-11-01 21:00:00+00:00,CAD,CAD_JPY,-1,-1,0.10312269597122042,0.0061359558011146705,2021-10-03 21:00:00+00:00,2021-11-01 21:00:00+00:00,87.702,92.162,-446.0000000000008,8.35000000000008,-9.53709107162426,-463.88709107162515,False,composite
2021-09-30 21:00:00+00:00,2021-10-03 21:00:00+00:00,2021-11-01 21:00:00+00:00,CHF,CHF_JPY,-1,-1,0.20802034222787302,0.0030418001325949657,2021-10-03 21:00:00+00:00,2021-11-01 21:00:00+00:00,118.876,125.39,-651.3999999999995,10.199999999999676,-2.510917743279161,-664.1109177432784,False,composite
2021-10-31 21:00:00+00:00,2021-11-01 21:00:00+00:00,2021-12-01 22:00:00+00:00,EUR,EUR_USD,1,1,0.21660329268960457,0.003041092114963518,2021-11-01 21:00:00+00:00,2021-12-01 22:00:00+00:00,1.16042,1.13188,-285.4000000000001,1.80000000000069,-16.854969178082197,-304.05496917808296,False,composite
2021-10-31 21:00:00+00:00,2021-11-01 21:00:00+00:00,2021-12-01 22:00:00+00:00,JPY,USD_JPY,1,-1,0.20620485491792492,0.0031944474136444364,2021-11-01 21:00:00+00:00,2021-12-01 22:00:00+00:00,113.985,112.764,122.10000000000036,1.8000000000000682,-15.263273100000005,105.03672690000029,False,composite
2021-10-31 21:00:00+00:00,2021-11-01 21:00:00+00:00,2021-12-01 22:00:00+00:00,AUD,AUD_USD,-1,-1,0.127221695441008,0.00517765907135652,2021-11-01 21:00:00+00:00,2021-12-01 22:00:00+00:00,0.75212,0.71062,414.9999999999998,1.9000000000002348,-5.67583401369863,407.42416598630086,False,composite
2021-10-31 21:00:00+00:00,2021-11-01 21:00:00+00:00,2021-12-01 22:00:00+00:00,NZD,NZD_USD,1,1,0.12015632030900543,0.0054821133318621006,2021-11-01 21:00:00+00:00,2021-12-01 22:00:00+00:00,0.71893,0.6809,-380.30000000000007,2.7500000000002522,-3.436404410958904,-386.4864044109592,False,composite
2021-10-31 21:00:00+00:00,2021-11-01 21:00:00+00:00,2021-12-01 22:00:00+00:00,CAD,CAD_JPY,-1,-1,0.12767728670213874,0.005159183614312015,2021-11-01 21:00:00+00:00,2021-12-01 22:00:00+00:00,92.162,87.94,422.20000000000084,8.050000000000068,-10.635357523248526,403.5146424767523,False,composite
2021-10-31 21:00:00+00:00,2021-11-01 21:00:00+00:00,2021-12-01 22:00:00+00:00,CHF,CHF_JPY,-1,-1,0.20213654994031838,0.003258740518070475,2021-11-01 21:00:00+00:00,2021-12-01 22:00:00+00:00,125.39,122.578,281.19999999999976,3.750000000000142,-3.472579599291733,273.97742040070784,False,composite
2021-11-30 22:00:00+00:00,2021-12-01 22:00:00+00:00,2022-01-02 22:00:00+00:00,EUR,EUR_USD,-1,-1,0.19160675741661398,0.003605676049186938,2021-12-01 22:00:00+00:00,2022-01-02 22:00:00+00:00,1.13188,1.13725,-53.70000000000097,1.7499999999992522,-3.295734438356164,-58.745734438356386,False,composite
2021-11-30 22:00:00+00:00,2021-12-01 22:00:00+00:00,2022-01-02 22:00:00+00:00,GBP,GBP_USD,1,1,0.1629942271175999,0.004238628007242211,2021-12-01 22:00:00+00:00,2022-01-02 22:00:00+00:00,1.32805,1.35315,251.00000000000122,5.999999999999339,-11.841208164383572,233.1587918356183,False,composite
2021-11-30 22:00:00+00:00,2021-12-01 22:00:00+00:00,2022-01-02 22:00:00+00:00,JPY,USD_JPY,-1,1,0.1631086579952693,0.004235654345825679,2021-12-01 22:00:00+00:00,2022-01-02 22:00:00+00:00,112.764,115.118,235.39999999999992,1.5999999999991132,-13.148886054794517,220.6511139452063,False,composite
2021-11-30 22:00:00+00:00,2021-12-01 22:00:00+00:00,2022-01-02 22:00:00+00:00,AUD,AUD_USD,1,1,0.14861285725433446,0.004648802996211196,2021-12-01 22:00:00+00:00,2022-01-02 22:00:00+00:00,0.71062,0.72636,157.39999999999975,1.5500000000001624,-6.461337410958901,149.3886625890407,False,composite
2021-11-30 22:00:00+00:00,2021-12-01 22:00:00+00:00,2022-01-02 22:00:00+00:00,NZD,NZD_USD,1,1,0.13044003297241327,0.00529647133886856,2021-12-01 22:00:00+00:00,2022-01-02 22:00:00+00:00,0.6809,0.68364,27.400000000000755,2.7500000000002522,-2.6722380821917806,21.97776191780872,False,composite
2021-11-30 22:00:00+00:00,2021-12-01 22:00:00+00:00,2022-01-02 22:00:00+00:00,CHF,CHF_JPY,-1,-1,0.20323746724376915,0.003399333328882731,2021-12-01 22:00:00+00:00,2022-01-02 22:00:00+00:00,122.578,126.268,-368.9999999999998,3.9999999999999147,-2.7082581823257943,-375.70825818232544,False,composite
2021-12-30 22:00:00+00:00,2022-01-02 22:00:00+00:00,2022-02-01 22:00:00+00:00,EUR,EUR_USD,1,1,0.1904804815340888,0.0038915210304249536,2022-01-02 22:00:00+00:00,2022-02-01 22:00:00+00:00,1.13725,1.12712,-101.30000000000194,1.749999999998142,-15.80447342465754,-118.85447342465763,False,composite
2021-12-30 22:00:00+00:00,2022-01-02 22:00:00+00:00,2022-02-01 22:00:00+00:00,GBP,GBP_USD,1,1,0.1904917523735734,0.003891290780514717,2022-01-02 22:00:00+00:00,2022-02-01 22:00:00+00:00,1.35315,1.35206,-10.900000000000354,5.999999999999339,-10.8628170969863,-27.76281709698599,False,composite
2021-12-30 22:00:00+00:00,2022-01-02 22:00:00+00:00,2022-02-01 22:00:00+00:00,AUD,AUD_USD,-1,-1,0.14331700258386387,0.00517216231438849,2022-01-02 22:00:00+00:00,2022-02-01 22:00:00+00:00,0.72636,0.71276,136.00000000000057,1.4500000000000624,-5.319306986301369,129.23069301369912,False,composite
2021-12-30 22:00:00+00:00,2022-01-02 22:00:00+00:00,2022-02-01 22:00:00+00:00,NZD,NZD_USD,1,1,0.14458491457088293,0.005126805946356012,2022-01-02 22:00:00+00:00,2022-02-01 22:00:00+00:00,0.68364,0.6637,-199.4000000000007,2.749999999999697,-2.3112515342465754,-204.46125153424694,False,composite
2021-12-30 22:00:00+00:00,2022-01-02 22:00:00+00:00,2022-02-01 22:00:00+00:00,CAD,CAD_JPY,-1,-1,0.11661788838154835,0.006356304423470105,2022-01-02 22:00:00+00:00,2022-02-01 22:00:00+00:00,91.081,90.428,65.30000000000058,2.6499999999998636,-9.588628379461424,53.06137162053929,False,composite
2021-12-30 22:00:00+00:00,2022-01-02 22:00:00+00:00,2022-02-01 22:00:00+00:00,CHF,CHF_JPY,-1,-1,0.21450796055604265,0.003455623734680542,2022-01-02 22:00:00+00:00,2022-02-01 22:00:00+00:00,126.268,124.446,182.20000000000027,4.449999999999932,-2.6781235081782166,175.07187649182214,False,composite
2022-01-31 22:00:00+00:00,2022-02-01 22:00:00+00:00,2022-03-01 22:00:00+00:00,EUR,EUR_USD,1,1,0.18396594335514396,0.0041191826465037185,2022-02-01 22:00:00+00:00,2022-03-01 22:00:00+00:00,1.12712,1.11253,-145.8999999999988,1.7499999999992522,-14.750841863013703,-162.40084186301178,False,composite
2022-01-31 22:00:00+00:00,2022-02-01 22:00:00+00:00,2022-03-01 22:00:00+00:00,GBP,GBP_USD,1,1,0.21627667721948082,0.0035037958376213586,2022-02-01 22:00:00+00:00,2022-03-01 22:00:00+00:00,1.35206,1.33262,-194.40000000000123,5.999999999999339,-7.859581269041099,-208.25958126904166,False,composite
2022-01-31 22:00:00+00:00,2022-02-01 22:00:00+00:00,2022-03-01 22:00:00+00:00,AUD,AUD_USD,-1,-1,0.13115350884306887,0.005777880653753035,2022-02-01 22:00:00+00:00,2022-03-01 22:00:00+00:00,0.71276,0.72516,-124.00000000000077,1.4999999999998348,-4.964686520547944,-130.46468652054855,False,composite
2022-01-31 22:00:00+00:00,2022-02-01 22:00:00+00:00,2022-03-01 22:00:00+00:00,NZD,NZD_USD,1,1,0.14678930588534597,0.005162428671800439,2022-02-01 22:00:00+00:00,2022-03-01 22:00:00+00:00,0.6637,0.67556,118.60000000000092,2.349999999999297,-1.0938986301369868,115.15610136986463,False,composite
2022-01-31 22:00:00+00:00,2022-02-01 22:00:00+00:00,2022-03-01 22:00:00+00:00,CAD,CAD_JPY,-1,-1,0.11916149924731545,0.0063593469887738684,2022-02-01 22:00:00+00:00,2022-03-01 22:00:00+00:00,90.428,90.196,23.199999999999932,2.949999999999875,-8.967678339796246,11.282321660203811,False,composite
2022-01-31 22:00:00+00:00,2022-02-01 22:00:00+00:00,2022-03-01 22:00:00+00:00,CHF,CHF_JPY,-1,-1,0.20265306544964498,0.0037393429985123506,2022-02-01 22:00:00+00:00,2022-03-01 22:00:00+00:00,124.446,125.137,-69.10000000000025,4.450000000000642,-2.9045563565837993,-76.45455635658469,False,composite
2022-02-28 22:00:00+00:00,2022-03-01 22:00:00+00:00,2022-04-03 21:00:00+00:00,EUR,EUR_USD,1,1,0.15659117021933747,0.0043078945967575,2022-03-01 22:00:00+00:00,2022-04-03 21:00:00+00:00,1.11253,1.10401,-85.20000000000083,1.7999999999995797,-18.639244054794514,-105.63924405479493,False,composite
2022-02-28 22:00:00+00:00,2022-03-01 22:00:00+00:00,2022-04-03 21:00:00+00:00,GBP,GBP_USD,1,1,0.18575525762604003,0.003631543272093378,2022-03-01 22:00:00+00:00,2022-04-03 21:00:00+00:00,1.33262,1.31,-226.19999999999862,6.000000000000449,-9.020904409863016,-241.2209044098621,False,composite
2022-02-28 22:00:00+00:00,2022-03-01 22:00:00+00:00,2022-04-03 21:00:00+00:00,JPY,USD_JPY,1,-1,0.22461108343627262,0.0030033168700653694,2022-03-01 22:00:00+00:00,2022-04-03 21:00:00+00:00,114.912,122.626,-771.3999999999999,1.9499999999993634,-17.086005245205484,-790.4360052452047,False,composite
2022-02-28 22:00:00+00:00,2022-03-01 22:00:00+00:00,2022-04-03 21:00:00+00:00,AUD,AUD_USD,-1,-1,0.11407670510124823,0.005913374299241016,2022-03-01 22:00:00+00:00,2022-04-03 21:00:00+00:00,0.72516,0.749,-238.39999999999972,1.7499999999998073,-5.088613027397258,-245.23861302739678,False,composite
2022-02-28 22:00:00+00:00,2022-03-01 22:00:00+00:00,2022-04-03 21:00:00+00:00,NZD,NZD_USD,-1,-1,0.13382495414968487,0.005040750885169695,2022-03-01 22:00:00+00:00,2022-04-03 21:00:00+00:00,0.67556,0.6923,-167.39999999999975,2.349999999999297,-9.543484191780822,-179.29348419177987,False,composite
2022-02-28 22:00:00+00:00,2022-03-01 22:00:00+00:00,2022-04-03 21:00:00+00:00,CHF,CHF_JPY,-1,-1,0.1851408294674168,0.0036435953000120798,2022-03-01 22:00:00+00:00,2022-04-03 21:00:00+00:00,125.137,132.439,-730.1999999999992,4.5000000000001705,-3.3011955264857047,-738.001195526485,False,composite
2022-03-31 21:00:00+00:00,2022-04-03 21:00:00+00:00,2022-05-01 21:00:00+00:00,EUR,EUR_USD,-1,-1,0.15237471043842124,0.005372765524866939,2022-04-03 21:00:00+00:00,2022-05-01 21:00:00+00:00,1.10401,1.05543,485.7999999999984,1.9499999999994522,-0.8780263013698625,482.9719736986291,False,composite
2022-03-31 21:00:00+00:00,2022-04-03 21:00:00+00:00,2022-05-01 21:00:00+00:00,GBP,GBP_USD,1,1,0.1968200190235408,0.004159503668207725,2022-04-03 21:00:00+00:00,2022-05-01 21:00:00+00:00,1.31,1.25848,-515.2,4.300000000001525,-7.699079758904116,-527.1990797589057,False,composite
2022-03-31 21:00:00+00:00,2022-04-03 21:00:00+00:00,2022-05-01 21:00:00+00:00,JPY,USD_JPY,1,-1,0.1792795057534285,0.004566465015979531,2022-04-03 21:00:00+00:00,2022-05-01 21:00:00+00:00,122.626,129.772,-714.5999999999987,2.499999999999858,-16.146228345205483,-733.246228345204,False,composite
2022-03-31 21:00:00+00:00,2022-04-03 21:00:00+00:00,2022-05-01 21:00:00+00:00,AUD,AUD_USD,-1,-1,0.13510970168928296,0.006059324984580809,2022-04-03 21:00:00+00:00,2022-05-01 21:00:00+00:00,0.749,0.70707,419.3000000000002,1.9500000000000073,-3.6300933698630136,413.7199066301372,False,composite
2022-03-31 21:00:00+00:00,2022-04-03 21:00:00+00:00,2022-05-01 21:00:00+00:00,NZD,NZD_USD,1,1,0.1461507289279322,0.005601570358973885,2022-04-03 21:00:00+00:00,2022-05-01 21:00:00+00:00,0.6923,0.64661,-456.90000000000003,2.4999999999997247,0.26253567123287663,-459.1374643287669,False,composite
2022-03-31 21:00:00+00:00,2022-04-03 21:00:00+00:00,2022-05-01 21:00:00+00:00,CHF,CHF_JPY,-1,-1,0.19026533416739433,0.004302799533544392,2022-04-03 21:00:00+00:00,2022-05-01 21:00:00+00:00,132.439,133.83,-139.10000000000196,5.19999999999925,-3.0058023636986295,-147.30580236369983,False,composite
2022-04-28 21:00:00+00:00,2022-05-01 21:00:00+00:00,2022-06-01 21:00:00+00:00,EUR,EUR_USD,1,1,0.1740211240575576,0.005442519266105847,2022-05-01 21:00:00+00:00,2022-06-01 21:00:00+00:00,1.05543,1.06476,93.29999999999838,2.049999999998997,-24.362094054794525,66.88790594520485,False,composite
2022-04-28 21:00:00+00:00,2022-05-01 21:00:00+00:00,2022-06-01 21:00:00+00:00,GBP,GBP_USD,1,1,0.19066281968396723,0.004967477780736374,2022-05-01 21:00:00+00:00,2022-06-01 21:00:00+00:00,1.25848,1.24856,-99.20000000000151,2.9000000000001247,-11.308050929315078,-113.4080509293167,False,composite
2022-04-28 21:00:00+00:00,2022-05-01 21:00:00+00:00,2022-06-01 21:00:00+00:00,AUD,AUD_USD,-1,-1,0.14867554707281205,0.006370336878120352,2022-05-01 21:00:00+00:00,2022-06-01 21:00:00+00:00,0.70707,0.71748,-104.10000000000029,1.7499999999998073,-3.285005712328767,-109.13500571232886,False,composite
2022-04-28 21:00:00+00:00,2022-05-01 21:00:00+00:00,2022-06-01 21:00:00+00:00,NZD,NZD_USD,1,1,0.1595724840570915,0.0059353172696979305,2022-05-01 21:00:00+00:00,2022-06-01 21:00:00+00:00,0.64661,0.64848,18.69999999999927,2.4000000000001798,0.3813018082191778,16.68130180821827,False,composite
2022-04-28 21:00:00+00:00,2022-05-01 21:00:00+00:00,2022-06-01 21:00:00+00:00,CAD,CAD_JPY,-1,-1,0.13916575568117698,0.0068056492472361564,2022-05-01 21:00:00+00:00,2022-06-01 21:00:00+00:00,101.03,102.824,-179.3999999999997,3.649999999998954,-18.953807115621778,-202.00380711562042,False,composite
2022-04-28 21:00:00+00:00,2022-05-01 21:00:00+00:00,2022-06-01 21:00:00+00:00,CHF,CHF_JPY,-1,-1,0.18790226944739472,0.005040457058757386,2022-05-01 21:00:00+00:00,2022-06-01 21:00:00+00:00,133.83,135.094,-126.39999999999816,7.4500000000000455,-3.7492748310909967,-137.5992748310892,False,composite
2022-05-31 21:00:00+00:00,2022-06-01 21:00:00+00:00,2022-07-03 21:00:00+00:00,EUR,EUR_USD,-1,-1,0.18260827048293593,0.006031886279753367,2022-06-01 21:00:00+00:00,2022-07-03 21:00:00+00:00,1.06476,1.04245,223.0999999999983,2.5999999999992696,7.5259397260274,228.02593972602642,False,composite
2022-05-31 21:00:00+00:00,2022-06-01 21:00:00+00:00,2022-07-03 21:00:00+00:00,GBP,GBP_USD,1,1,0.17126936695559594,0.006431227842285923,2022-06-01 21:00:00+00:00,2022-07-03 21:00:00+00:00,1.24856,1.21016,-383.9999999999999,3.250000000000197,-13.866897283287674,-401.11689728328776,False,composite
2022-05-31 21:00:00+00:00,2022-06-01 21:00:00+00:00,2022-07-03 21:00:00+00:00,JPY,USD_JPY,-1,1,0.17473923701606697,0.0063035202631349175,2022-06-01 21:00:00+00:00,2022-07-03 21:00:00+00:00,130.129,135.315,518.6000000000007,3.0500000000003524,2.3190337863013717,517.8690337863018,False,composite
2022-05-31 21:00:00+00:00,2022-06-01 21:00:00+00:00,2022-07-03 21:00:00+00:00,NZD,NZD_USD,1,1,0.15303205884979404,0.00719765733777812,2022-06-01 21:00:00+00:00,2022-07-03 21:00:00+00:00,0.64848,0.61928,-291.9999999999989,2.6500000000001522,0.24534583561643816,-294.40465416438263,False,composite
2022-05-31 21:00:00+00:00,2022-06-01 21:00:00+00:00,2022-07-03 21:00:00+00:00,CAD,CAD_JPY,1,1,0.14424011962051483,0.0076363796993056164,2022-06-01 21:00:00+00:00,2022-07-03 21:00:00+00:00,102.824,105.044,221.9999999999999,3.8499999999991985,0.5928563754703022,218.74285637547098,False,composite
2022-05-31 21:00:00+00:00,2022-06-01 21:00:00+00:00,2022-07-03 21:00:00+00:00,CHF,CHF_JPY,-1,-1,0.17411094707509234,0.006326266899349292,2022-06-01 21:00:00+00:00,2022-07-03 21:00:00+00:00,135.094,140.752,-565.8000000000015,10.300000000000864,-6.568792935078271,-582.6687929350807,False,composite
2022-06-30 21:00:00+00:00,2022-07-03 21:00:00+00:00,2022-08-01 21:00:00+00:00,EUR,EUR_USD,-1,-1,0.2058663088592409,0.005803110681926445,2022-07-03 21:00:00+00:00,2022-08-01 21:00:00+00:00,1.04245,1.02612,163.30000000000177,2.60000000000038,10.219598986301374,170.91959898630276,False,composite
2022-06-30 21:00:00+00:00,2022-07-03 21:00:00+00:00,2022-08-01 21:00:00+00:00,GBP,GBP_USD,1,1,0.15854193894327603,0.007535324621059815,2022-07-03 21:00:00+00:00,2022-08-01 21:00:00+00:00,1.21016,1.22571,155.50000000000173,3.1000000000003247,-16.620643572602738,135.77935642739865,False,composite
2022-06-30 21:00:00+00:00,2022-07-03 21:00:00+00:00,2022-08-01 21:00:00+00:00,JPY,USD_JPY,-1,1,0.17002166981201325,0.007026545365133322,2022-07-03 21:00:00+00:00,2022-08-01 21:00:00+00:00,135.315,131.638,-367.69999999999925,3.300000000001546,7.420996900000003,-363.5790031000008,False,composite
2022-06-30 21:00:00+00:00,2022-07-03 21:00:00+00:00,2022-08-01 21:00:00+00:00,NZD,NZD_USD,1,1,0.1573499788232361,0.007592406334746909,2022-07-03 21:00:00+00:00,2022-08-01 21:00:00+00:00,0.61928,0.63323,139.49999999999906,3.2999999999999696,-0.05313221917808453,136.146867780821,False,composite
2022-06-30 21:00:00+00:00,2022-07-03 21:00:00+00:00,2022-08-01 21:00:00+00:00,CAD,CAD_JPY,1,1,0.14096557952722358,0.008474870106564655,2022-07-03 21:00:00+00:00,2022-08-01 21:00:00+00:00,105.044,102.547,-249.7,3.6999999999999034,5.818514720614769,-247.58148527938513,False,composite
2022-06-30 21:00:00+00:00,2022-07-03 21:00:00+00:00,2022-08-01 21:00:00+00:00,CHF,CHF_JPY,-1,-1,0.16725452403501015,0.007142796183735869,2022-07-03 21:00:00+00:00,2022-08-01 21:00:00+00:00,140.752,138.72,203.20000000000107,7.050000000000978,-12.161146823147568,183.98885317685253,False,composite
2022-07-31 21:00:00+00:00,2022-08-01 21:00:00+00:00,2022-09-01 21:00:00+00:00,GBP,GBP_USD,-1,-1,0.1707289841372355,0.007329545342514507,2022-08-01 21:00:00+00:00,2022-09-01 21:00:00+00:00,1.22571,1.15444,712.7000000000016,7.249999999998646,-2.7805454893150645,702.669454510688,False,composite
2022-07-31 21:00:00+00:00,2022-08-01 21:00:00+00:00,2022-09-01 21:00:00+00:00,JPY,USD_JPY,-1,1,0.17829127914775858,0.007018659782446456,2022-08-01 21:00:00+00:00,2022-09-01 21:00:00+00:00,131.638,140.174,853.6000000000001,6.450000000000955,18.398674254794525,865.5486742547937,False,composite
2022-07-31 21:00:00+00:00,2022-08-01 21:00:00+00:00,2022-09-01 21:00:00+00:00,AUD,AUD_USD,1,1,0.1479635640684865,0.008457256611743279,2022-08-01 21:00:00+00:00,2022-09-01 21:00:00+00:00,0.70218,0.6788,-233.80000000000067,3.9000000000000146,-10.423172506849312,-248.12317250684998,False,composite
2022-07-31 21:00:00+00:00,2022-08-01 21:00:00+00:00,2022-09-01 21:00:00+00:00,NZD,NZD_USD,1,1,0.1751802561096107,0.007143304036114237,2022-08-01 21:00:00+00:00,2022-09-01 21:00:00+00:00,0.63323,0.60792,-253.09999999999943,3.7999999999999146,-2.2690583013698657,-259.1690583013692,False,composite
2022-07-31 21:00:00+00:00,2022-08-01 21:00:00+00:00,2022-09-01 21:00:00+00:00,CAD,CAD_JPY,1,1,0.14751489550954128,0.00848297947263481,2022-08-01 21:00:00+00:00,2022-09-01 21:00:00+00:00,102.547,106.558,401.100000000001,7.000000000000028,11.320118141029072,405.42011814103,False,composite
2022-07-31 21:00:00+00:00,2022-08-01 21:00:00+00:00,2022-09-01 21:00:00+00:00,CHF,CHF_JPY,-1,-1,0.18032102102736747,0.006939655861450489,2022-08-01 21:00:00+00:00,2022-09-01 21:00:00+00:00,138.72,142.791,-407.0999999999998,11.300000000001376,-15.55778948952366,-433.9577894895248,False,composite
2022-08-31 21:00:00+00:00,2022-09-01 21:00:00+00:00,2022-10-02 21:00:00+00:00,EUR,EUR_USD,-1,-1,0.1884636210392871,0.005958782561349347,2022-09-01 21:00:00+00:00,2022-10-02 21:00:00+00:00,0.99448,0.97969,147.9000000000008,5.850000000000022,10.379525205479455,152.42952520548025,False,composite
2022-08-31 21:00:00+00:00,2022-09-01 21:00:00+00:00,2022-10-02 21:00:00+00:00,GBP,GBP_USD,1,1,0.173114697630619,0.006487107991800154,2022-09-01 21:00:00+00:00,2022-10-02 21:00:00+00:00,1.15444,1.117,-374.3999999999992,7.399999999998519,-19.32784001863014,-401.1278400186278,False,composite
2022-08-31 21:00:00+00:00,2022-09-01 21:00:00+00:00,2022-10-02 21:00:00+00:00,JPY,USD_JPY,-1,1,0.15156036814971735,0.007409679405029542,2022-09-01 21:00:00+00:00,2022-10-02 21:00:00+00:00,140.174,144.75,457.59999999999934,6.049999999999045,19.551976279452063,471.10197627945234,False,composite
2022-08-31 21:00:00+00:00,2022-09-01 21:00:00+00:00,2022-10-02 21:00:00+00:00,NZD,NZD_USD,1,1,0.15939978675773642,0.007045264999033324,2022-09-01 21:00:00+00:00,2022-10-02 21:00:00+00:00,0.60792,0.56013,-477.9,3.4000000000000696,-1.4361326301369863,-482.73613263013704,False,composite
2022-08-31 21:00:00+00:00,2022-09-01 21:00:00+00:00,2022-10-02 21:00:00+00:00,CAD,CAD_JPY,1,1,0.14311162971401875,0.007847117252048518,2022-09-01 21:00:00+00:00,2022-10-02 21:00:00+00:00,106.558,104.749,-180.90000000000117,6.9500000000005,15.65879360167266,-172.191206398329,False,composite
2022-08-31 21:00:00+00:00,2022-09-01 21:00:00+00:00,2022-10-02 21:00:00+00:00,CHF,CHF_JPY,-1,-1,0.18434989670862137,0.006091751384448356,2022-09-01 21:00:00+00:00,2022-10-02 21:00:00+00:00,142.791,146.85,-405.89999999999975,12.000000000001876,-16.821420389212328,-434.72142038921396,False,composite
2022-09-29 21:00:00+00:00,2022-10-02 21:00:00+00:00,2022-11-01 21:00:00+00:00,GBP,GBP_USD,-1,-1,0.15251563050314546,0.008083826098131174,2022-10-02 21:00:00+00:00,2022-11-01 21:00:00+00:00,1.117,1.14884,-318.4000000000009,2.849999999999797,-0.6450897841095855,-321.89508978411027,False,composite
2022-09-29 21:00:00+00:00,2022-10-02 21:00:00+00:00,2022-11-01 21:00:00+00:00,JPY,USD_JPY,-1,1,0.1745881910821846,0.007061816876571484,2022-10-02 21:00:00+00:00,2022-11-01 21:00:00+00:00,144.75,148.28,353.0000000000001,2.199999999999136,27.135447598630147,377.93544759863113,False,composite
2022-09-29 21:00:00+00:00,2022-10-02 21:00:00+00:00,2022-11-01 21:00:00+00:00,AUD,AUD_USD,1,1,0.14955158524007323,0.008244043901340693,2022-10-02 21:00:00+00:00,2022-11-01 21:00:00+00:00,0.64062,0.63956,-10.599999999999499,1.5499999999996072,-9.387909534246578,-21.537909534245685,False,composite
2022-09-29 21:00:00+00:00,2022-10-02 21:00:00+00:00,2022-11-01 21:00:00+00:00,NZD,NZD_USD,1,1,0.14628833981429068,0.008427943305661994,2022-10-02 21:00:00+00:00,2022-11-01 21:00:00+00:00,0.56013,0.5841,239.69999999999933,2.4999999999997247,-2.42845495890411,234.77154504109552,False,composite
2022-09-29 21:00:00+00:00,2022-10-02 21:00:00+00:00,2022-11-01 21:00:00+00:00,CAD,CAD_JPY,1,1,0.18065444621217036,0.006824685802563985,2022-10-02 21:00:00+00:00,2022-11-01 21:00:00+00:00,104.749,108.792,404.30000000000064,2.9000000000003467,18.337550725384684,419.737550725385,False,composite
2022-09-29 21:00:00+00:00,2022-10-02 21:00:00+00:00,2022-11-01 21:00:00+00:00,CHF,CHF_JPY,-1,-1,0.1964018071481356,0.006277487219373388,2022-10-02 21:00:00+00:00,2022-11-01 21:00:00+00:00,146.85,148.443,-159.30000000000177,5.700000000001637,-23.742225863698632,-188.74222586370203,False,composite
2022-10-31 21:00:00+00:00,2022-11-01 21:00:00+00:00,2022-12-01 22:00:00+00:00,EUR,EUR_USD,1,1,0.17239862082845986,0.0071322669062930605,2022-11-01 21:00:00+00:00,2022-12-01 22:00:00+00:00,0.98836,1.0523,639.4,2.5999999999992696,-33.71307416438355,603.0869258356172,False,composite
2022-10-31 21:00:00+00:00,2022-11-01 21:00:00+00:00,2022-12-01 22:00:00+00:00,GBP,GBP_USD,1,1,0.12270005343755824,0.010021128300902711,2022-11-01 21:00:00+00:00,2022-12-01 22:00:00+00:00,1.14884,1.22598,771.3999999999999,6.050000000000777,-23.48872786410959,741.8612721358895,False,composite
2022-10-31 21:00:00+00:00,2022-11-01 21:00:00+00:00,2022-12-01 22:00:00+00:00,JPY,USD_JPY,-1,1,0.18453585691090982,0.0066631656232480204,2022-11-01 21:00:00+00:00,2022-12-01 22:00:00+00:00,148.28,135.293,-1298.6999999999994,3.300000000000125,38.83449361780821,-1263.1655063821913,False,composite
2022-10-31 21:00:00+00:00,2022-11-01 21:00:00+00:00,2022-12-01 22:00:00+00:00,NZD,NZD_USD,-1,-1,0.1267760401178294,0.009698938197490393,2022-11-01 21:00:00+00:00,2022-12-01 22:00:00+00:00,0.5841,0.6363,-522.0000000000002,7.749999999999702,-5.328849041095888,-535.0788490410957,False,composite
2022-10-31 21:00:00+00:00,2022-11-01 21:00:00+00:00,2022-12-01 22:00:00+00:00,CAD,CAD_JPY,1,1,0.2006617113088225,0.006127691077711488,2022-11-01 21:00:00+00:00,2022-12-01 22:00:00+00:00,108.792,100.735,-805.7000000000002,6.549999999999301,23.9743155344814,-788.275684465518,False,composite
2022-10-31 21:00:00+00:00,2022-11-01 21:00:00+00:00,2022-12-01 22:00:00+00:00,CHF,CHF_JPY,-1,-1,0.19292771739642017,0.006373335022146515,2022-11-01 21:00:00+00:00,2022-12-01 22:00:00+00:00,148.443,144.378,406.5000000000026,7.30000000000075,-25.91699877626681,373.283001223735,False,composite
2022-11-30 22:00:00+00:00,2022-12-01 22:00:00+00:00,2023-01-01 22:00:00+00:00,EUR,EUR_USD,1,1,0.1759350486456069,0.008197724270772363,2022-12-01 22:00:00+00:00,2023-01-01 22:00:00+00:00,1.0523,1.06999,176.89999999999984,6.249999999999867,-31.81904599999999,138.830954,False,composite
2022-11-30 22:00:00+00:00,2022-12-01 22:00:00+00:00,2023-01-01 22:00:00+00:00,GBP,GBP_USD,1,1,0.12122941502369285,0.011897005508768098,2022-12-01 22:00:00+00:00,2023-01-01 22:00:00+00:00,1.22598,1.20763,-183.50000000000088,9.900000000000464,-21.692410528219177,-215.0924105282205,False,composite
2022-11-30 22:00:00+00:00,2022-12-01 22:00:00+00:00,2023-01-01 22:00:00+00:00,JPY,USD_JPY,-1,1,0.16562621512681786,0.008707963393701189,2022-12-01 22:00:00+00:00,2023-01-01 22:00:00+00:00,135.293,130.827,-446.6000000000008,7.150000000000034,39.6877062780822,-414.06229372191865,False,composite
2022-11-30 22:00:00+00:00,2022-12-01 22:00:00+00:00,2023-01-01 22:00:00+00:00,AUD,AUD_USD,-1,-1,0.1356551474829836,0.010631863553445505,2022-12-01 22:00:00+00:00,2023-01-01 22:00:00+00:00,0.68108,0.68194,-8.599999999999719,6.800000000000139,0.8064755753424655,-14.593524424657392,False,composite
2022-11-30 22:00:00+00:00,2022-12-01 22:00:00+00:00,2023-01-01 22:00:00+00:00,CAD,CAD_JPY,1,1,0.20022801153602832,0.007203123115978662,2022-12-01 22:00:00+00:00,2023-01-01 22:00:00+00:00,100.735,96.475,-426.0000000000005,15.099999999999625,25.118150058904106,-415.981849941096,False,composite
2022-11-30 22:00:00+00:00,2022-12-01 22:00:00+00:00,2023-01-01 22:00:00+00:00,CHF,CHF_JPY,-1,-1,0.20132616218487048,0.0071638330692323365,2022-12-01 22:00:00+00:00,2023-01-01 22:00:00+00:00,144.378,141.581,279.6999999999997,13.600000000000989,-26.576349383826166,239.52365061617255,False,composite
2022-12-29 22:00:00+00:00,2023-01-01 22:00:00+00:00,2023-02-01 22:00:00+00:00,EUR,EUR_USD,1,1,0.20511973521070503,0.007130353389726621,2023-01-01 22:00:00+00:00,2023-02-01 22:00:00+00:00,1.06999,1.09886,288.6999999999995,5.850000000000577,-35.4942132328767,247.3557867671222,False,composite
2022-12-29 22:00:00+00:00,2023-01-01 22:00:00+00:00,2023-02-01 22:00:00+00:00,JPY,USD_JPY,-1,1,0.1420994958581543,0.010292620606616659,2023-01-01 22:00:00+00:00,2023-02-01 22:00:00+00:00,130.827,128.985,-184.19999999999845,6.25,47.711545421917805,-142.73845457808065,False,composite
2022-12-29 22:00:00+00:00,2023-01-01 22:00:00+00:00,2023-02-01 22:00:00+00:00,AUD,AUD_USD,-1,-1,0.14693637687637126,0.009953806064580278,2023-01-01 22:00:00+00:00,2023-02-01 22:00:00+00:00,0.68194,0.71372,-317.8000000000003,6.249999999999867,1.90465508219178,-322.1453449178084,False,composite
2022-12-29 22:00:00+00:00,2023-01-01 22:00:00+00:00,2023-02-01 22:00:00+00:00,NZD,NZD_USD,1,1,0.15647557582527905,0.00934699355823169,2023-01-01 22:00:00+00:00,2023-02-01 22:00:00+00:00,0.63494,0.65011,151.70000000000016,10.949999999999571,-4.963174356164384,135.7868256438362,False,composite
2022-12-29 22:00:00+00:00,2023-01-01 22:00:00+00:00,2023-02-01 22:00:00+00:00,CAD,CAD_JPY,1,1,0.17139327195931647,0.00853345164917937,2023-01-01 22:00:00+00:00,2023-02-01 22:00:00+00:00,96.475,97.058,58.30000000000126,11.45000000000067,29.962811695828634,76.81281169582923,False,composite
2022-12-29 22:00:00+00:00,2023-01-01 22:00:00+00:00,2023-02-01 22:00:00+00:00,CHF,CHF_JPY,-1,-1,0.17797554427017384,0.008217849285176111,2023-01-01 22:00:00+00:00,2023-02-01 22:00:00+00:00,141.581,141.875,-29.400000000001114,11.400000000000432,-33.91257030056262,-74.71257030056417,False,composite
2023-01-31 22:00:00+00:00,2023-02-01 22:00:00+00:00,2023-03-01 22:00:00+00:00,EUR,EUR_USD,1,1,0.22769163165358414,0.006121011336504603,2023-02-01 22:00:00+00:00,2023-03-01 22:00:00+00:00,1.09886,1.0669,-319.59999999999985,1.8499999999999073,-28.538990602739723,-349.9889906027395,False,composite
2023-01-31 22:00:00+00:00,2023-02-01 22:00:00+00:00,2023-03-01 22:00:00+00:00,GBP,GBP_USD,1,1,0.17029521513518617,0.008184041210273874,2023-02-01 22:00:00+00:00,2023-03-01 22:00:00+00:00,1.23764,1.20316,-344.80000000000064,2.349999999999852,-18.251723649315075,-365.40172364931556,False,composite
2023-01-31 22:00:00+00:00,2023-02-01 22:00:00+00:00,2023-03-01 22:00:00+00:00,JPY,USD_JPY,-1,1,0.13166511778204934,0.01058521104189397,2023-02-01 22:00:00+00:00,2023-03-01 22:00:00+00:00,128.985,136.178,719.2999999999984,2.250000000000796,43.562676783561656,760.6126767835592,False,composite
2023-01-31 22:00:00+00:00,2023-02-01 22:00:00+00:00,2023-03-01 22:00:00+00:00,NZD,NZD_USD,1,1,0.16856156336839975,0.008268213884162968,2023-02-01 22:00:00+00:00,2023-03-01 22:00:00+00:00,0.65011,0.62468,-254.29999999999953,1.8499999999993522,-4.302147041095891,-260.4521470410948,False,composite
2023-01-31 22:00:00+00:00,2023-02-01 22:00:00+00:00,2023-03-01 22:00:00+00:00,CAD,CAD_JPY,-1,-1,0.14421881360801322,0.009663808928333748,2023-02-01 22:00:00+00:00,2023-03-01 22:00:00+00:00,97.058,100.168,-310.99999999999994,2.650000000000574,-46.71145852930377,-360.3614585293043,False,composite
2023-01-31 22:00:00+00:00,2023-02-01 22:00:00+00:00,2023-03-01 22:00:00+00:00,CHF,CHF_JPY,-1,-1,0.1575676584527674,0.008845108648971872,2023-02-01 22:00:00+00:00,2023-03-01 22:00:00+00:00,141.875,145.058,-318.2999999999993,2.7000000000001023,-29.5428358002823,-350.5428358002817,False,composite
2023-02-28 22:00:00+00:00,2023-03-01 22:00:00+00:00,2023-04-02 21:00:00+00:00,EUR,EUR_USD,1,1,0.24711012370574717,0.004808697101585112,2023-03-01 22:00:00+00:00,2023-04-02 21:00:00+00:00,1.0669,1.08416,172.60000000000053,1.9500000000005624,-28.71146005479453,141.93853994520543,False,composite
2023-02-28 22:00:00+00:00,2023-03-01 22:00:00+00:00,2023-04-02 21:00:00+00:00,GBP,GBP_USD,1,1,0.19133362262368755,0.006210501423334537,2023-03-01 22:00:00+00:00,2023-04-02 21:00:00+00:00,1.20316,1.2329,297.400000000001,2.249999999999197,-19.367010904109602,275.7829890958922,False,composite
2023-02-28 22:00:00+00:00,2023-03-01 22:00:00+00:00,2023-04-02 21:00:00+00:00,JPY,USD_JPY,-1,1,0.12658353458471222,0.009387300959280337,2023-03-01 22:00:00+00:00,2023-04-02 21:00:00+00:00,136.178,133.315,-286.29999999999995,2.250000000000796,47.62364942465755,-240.9263505753432,False,composite
2023-02-28 22:00:00+00:00,2023-03-01 22:00:00+00:00,2023-04-02 21:00:00+00:00,NZD,NZD_USD,1,1,0.16286203217997755,0.007296223187998835,2023-03-01 22:00:00+00:00,2023-04-02 21:00:00+00:00,0.62468,0.6259,12.199999999999989,1.9999999999997797,-4.152126657534246,6.047873342465963,False,composite
2023-02-28 22:00:00+00:00,2023-03-01 22:00:00+00:00,2023-04-02 21:00:00+00:00,CAD,CAD_JPY,-1,-1,0.1319559202146215,0.009005111204586155,2023-03-01 22:00:00+00:00,2023-04-02 21:00:00+00:00,100.168,98.797,137.10000000000093,2.6000000000003354,-50.030785689577115,84.46921431042348,False,composite
2023-02-28 22:00:00+00:00,2023-03-01 22:00:00+00:00,2023-04-02 21:00:00+00:00,CHF,CHF_JPY,-1,-1,0.14015476669125398,0.008478325523196896,2023-03-01 22:00:00+00:00,2023-04-02 21:00:00+00:00,145.058,145.582,-52.40000000000009,3.499999999999659,-36.99871515179567,-92.89871515179541,False,composite
2023-03-30 21:00:00+00:00,2023-04-02 21:00:00+00:00,2023-05-01 21:00:00+00:00,EUR,EUR_USD,1,1,0.21032368818257643,0.005527926077112535,2023-04-02 21:00:00+00:00,2023-05-01 21:00:00+00:00,1.08416,1.09738,132.2000000000001,1.80000000000069,-26.64496243835617,103.75503756164323,False,composite
2023-03-30 21:00:00+00:00,2023-04-02 21:00:00+00:00,2023-05-01 21:00:00+00:00,GBP,GBP_USD,1,1,0.18028698396558412,0.00644890593300343,2023-04-02 21:00:00+00:00,2023-05-01 21:00:00+00:00,1.2329,1.24972,168.19999999999834,2.1999999999988695,-18.696443524383568,147.3035564756159,False,composite
2023-03-30 21:00:00+00:00,2023-04-02 21:00:00+00:00,2023-05-01 21:00:00+00:00,AUD,AUD_USD,-1,-1,0.1490350122288463,0.007801212501352845,2023-04-02 21:00:00+00:00,2023-05-01 21:00:00+00:00,0.66867,0.66341,52.59999999999931,1.7499999999998073,1.7254382876712322,52.575438287670735,False,composite
2023-03-30 21:00:00+00:00,2023-04-02 21:00:00+00:00,2023-05-01 21:00:00+00:00,NZD,NZD_USD,-1,-1,0.16474901859612345,0.007057121252959665,2023-04-02 21:00:00+00:00,2023-05-01 21:00:00+00:00,0.6259,0.61683,90.70000000000022,2.0999999999998797,-6.372740876712326,82.22725912328801,False,composite
2023-03-30 21:00:00+00:00,2023-04-02 21:00:00+00:00,2023-05-01 21:00:00+00:00,CAD,CAD_JPY,1,1,0.14514219069160988,0.008010446824585226,2023-04-02 21:00:00+00:00,2023-05-01 21:00:00+00:00,98.797,101.565,276.80000000000007,2.949999999999875,27.959325000446608,301.8093250004468,False,composite
2023-03-30 21:00:00+00:00,2023-04-02 21:00:00+00:00,2023-05-01 21:00:00+00:00,CHF,CHF_JPY,-1,-1,0.15046310633525983,0.007727168665176569,2023-04-02 21:00:00+00:00,2023-05-01 21:00:00+00:00,145.582,153.983,-840.100000000001,3.699999999999193,-37.1317529953767,-880.9317529953769,False,composite
2023-04-30 21:00:00+00:00,2023-05-01 21:00:00+00:00,2023-06-01 21:00:00+00:00,EUR,EUR_USD,1,1,0.20414195529687196,0.005300029592167955,2023-05-01 21:00:00+00:00,2023-06-01 21:00:00+00:00,1.09738,1.07643,-209.50000000000023,2.100000000000435,-30.633710493150694,-242.23371049315134,False,composite
2023-04-30 21:00:00+00:00,2023-05-01 21:00:00+00:00,2023-06-01 21:00:00+00:00,GBP,GBP_USD,1,1,0.17811019930554323,0.006074657197033275,2023-05-01 21:00:00+00:00,2023-06-01 21:00:00+00:00,1.24972,1.25314,34.19999999999978,7.949999999999902,-21.799130082191773,4.450869917808106,False,composite
2023-04-30 21:00:00+00:00,2023-05-01 21:00:00+00:00,2023-06-01 21:00:00+00:00,JPY,USD_JPY,1,-1,0.1567968015791183,0.0069003856786613235,2023-05-01 21:00:00+00:00,2023-06-01 21:00:00+00:00,137.502,138.822,-131.99999999999932,3.149999999999409,-88.74787816301372,-223.89787816301245,False,composite
2023-04-30 21:00:00+00:00,2023-05-01 21:00:00+00:00,2023-06-01 21:00:00+00:00,AUD,AUD_USD,-1,-1,0.14998064725290192,0.007213986763585692,2023-05-01 21:00:00+00:00,2023-06-01 21:00:00+00:00,0.66341,0.65691,65.00000000000061,2.249999999999752,1.9065616438356137,64.65656164383647,False,composite
2023-04-30 21:00:00+00:00,2023-05-01 21:00:00+00:00,2023-06-01 21:00:00+00:00,CAD,CAD_JPY,-1,-1,0.15537788513748058,0.006963400249135306,2023-05-01 21:00:00+00:00,2023-06-01 21:00:00+00:00,101.565,103.209,-164.40000000000055,6.000000000000227,-55.452431493926355,-225.85243149392713,False,composite
2023-04-30 21:00:00+00:00,2023-05-01 21:00:00+00:00,2023-06-01 21:00:00+00:00,CHF,CHF_JPY,-1,-1,0.155592511428084,0.006953794846203368,2023-05-01 21:00:00+00:00,2023-06-01 21:00:00+00:00,153.983,153.272,71.10000000000127,3.09999999999917,-42.971793145750304,25.0282068542518,False,composite
2023-05-31 21:00:00+00:00,2023-06-01 21:00:00+00:00,2023-07-02 21:00:00+00:00,EUR,EUR_USD,1,1,0.21133019651374305,0.004914776354620891,2023-06-01 21:00:00+00:00,2023-07-02 21:00:00+00:00,1.07643,1.0911,146.6999999999996,2.300000000000635,-25.663454465753432,118.73654553424552,False,composite
2023-05-31 21:00:00+00:00,2023-06-01 21:00:00+00:00,2023-07-02 21:00:00+00:00,GBP,GBP_USD,1,1,0.1980067281688912,0.005245481617964087,2023-06-01 21:00:00+00:00,2023-07-02 21:00:00+00:00,1.25314,1.26958,164.4000000000001,7.899999999999574,-17.01183847013699,139.48816152986353,False,composite
2023-05-31 21:00:00+00:00,2023-06-01 21:00:00+00:00,2023-07-02 21:00:00+00:00,AUD,AUD_USD,-1,-1,0.15450500067471454,0.006722375640318733,2023-06-01 21:00:00+00:00,2023-07-02 21:00:00+00:00,0.65691,0.66637,-94.60000000000024,2.449999999999952,0.6386981506849302,-96.41130184931525,False,composite
2023-05-31 21:00:00+00:00,2023-06-01 21:00:00+00:00,2023-07-02 21:00:00+00:00,NZD,NZD_USD,1,1,0.1434596352180729,0.007239950465957156,2023-06-01 21:00:00+00:00,2023-07-02 21:00:00+00:00,0.607,0.61292,59.20000000000036,3.450000000000397,-3.6973773698630166,52.05262263013694,False,composite
2023-05-31 21:00:00+00:00,2023-06-01 21:00:00+00:00,2023-07-02 21:00:00+00:00,CAD,CAD_JPY,-1,-1,0.14056146489987406,0.007389227578006418,2023-06-01 21:00:00+00:00,2023-07-02 21:00:00+00:00,103.209,108.993,-578.3999999999992,6.000000000000227,-50.54394833036112,-634.9439483303605,False,composite
2023-05-31 21:00:00+00:00,2023-06-01 21:00:00+00:00,2023-07-02 21:00:00+00:00,CHF,CHF_JPY,-1,-1,0.15213697452470426,0.00682701004202285,2023-06-01 21:00:00+00:00,2023-07-02 21:00:00+00:00,153.272,161.169,-789.700000000002,3.7499999999994316,-40.17433531443035,-833.6243353144317,False,composite
2023-06-29 21:00:00+00:00,2023-07-02 21:00:00+00:00,2023-08-01 21:00:00+00:00,EUR,EUR_USD,1,1,0.21499027381211017,0.0041143103624650445,2023-07-02 21:00:00+00:00,2023-08-01 21:00:00+00:00,1.0911,1.09831,72.09999999999938,1.7500000000003624,-25.522343095890417,44.82765690410861,False,composite
2023-06-29 21:00:00+00:00,2023-07-02 21:00:00+00:00,2023-08-01 21:00:00+00:00,GBP,GBP_USD,1,1,0.20029162013690463,0.004416244228139739,2023-07-02 21:00:00+00:00,2023-08-01 21:00:00+00:00,1.26958,1.27736,77.80000000000119,1.9000000000002348,-14.14898639671233,61.75101360328863,False,composite
2023-06-29 21:00:00+00:00,2023-07-02 21:00:00+00:00,2023-08-01 21:00:00+00:00,AUD,AUD_USD,-1,-1,0.14232778639554367,0.006214785838909508,2023-07-02 21:00:00+00:00,2023-08-01 21:00:00+00:00,0.66637,0.66132,50.499999999999986,1.7000000000000348,0.5891275479452072,49.389127547945165,False,composite
2023-06-29 21:00:00+00:00,2023-07-02 21:00:00+00:00,2023-08-01 21:00:00+00:00,NZD,NZD_USD,1,1,0.12661255319359602,0.006986169136182474,2023-07-02 21:00:00+00:00,2023-08-01 21:00:00+00:00,0.61292,0.61472,18.000000000000238,1.60000000000049,-4.531865753424656,11.868134246575094,False,composite
2023-06-29 21:00:00+00:00,2023-07-02 21:00:00+00:00,2023-08-01 21:00:00+00:00,CAD,CAD_JPY,-1,-1,0.13597022537022244,0.006505370635121976,2023-07-02 21:00:00+00:00,2023-08-01 21:00:00+00:00,108.993,107.91,108.29999999999984,3.149999999999409,-54.19528309911331,50.95471690088712,False,composite
2023-06-29 21:00:00+00:00,2023-07-02 21:00:00+00:00,2023-08-01 21:00:00+00:00,CHF,CHF_JPY,-1,-1,0.17980754109162317,0.004919352692352516,2023-07-02 21:00:00+00:00,2023-08-01 21:00:00+00:00,161.169,163.8,-263.1,4.449999999999932,-43.40833260563511,-310.95833260563506,False,composite
2023-07-31 21:00:00+00:00,2023-08-01 21:00:00+00:00,2023-09-03 21:00:00+00:00,EUR,EUR_USD,1,1,0.21282872860566532,0.0042947103200242755,2023-08-01 21:00:00+00:00,2023-09-03 21:00:00+00:00,1.09831,1.07784,-204.69999999999987,1.7500000000003624,-27.733087890410964,-234.1830878904112,False,composite
2023-07-31 21:00:00+00:00,2023-08-01 21:00:00+00:00,2023-09-03 21:00:00+00:00,GBP,GBP_USD,1,1,0.190691307882425,0.004793284745332845,2023-08-01 21:00:00+00:00,2023-09-03 21:00:00+00:00,1.27736,1.25964,-177.19999999999956,2.1999999999999797,-15.482081396164387,-194.88208139616393,False,composite
2023-07-31 21:00:00+00:00,2023-08-01 21:00:00+00:00,2023-09-03 21:00:00+00:00,JPY,USD_JPY,-1,1,0.1637369945243642,0.005582353210986703,2023-08-01 21:00:00+00:00,2023-09-03 21:00:00+00:00,143.348,146.104,275.6,2.7000000000001023,63.002341510958935,335.9023415109589,False,composite
2023-07-31 21:00:00+00:00,2023-08-01 21:00:00+00:00,2023-09-03 21:00:00+00:00,AUD,AUD_USD,-1,-1,0.13034413372300965,0.007012496159457321,2023-08-01 21:00:00+00:00,2023-09-03 21:00:00+00:00,0.66132,0.64462,167.00000000000048,1.9500000000000073,2.0133290958904135,167.06332909589088,False,composite
2023-07-31 21:00:00+00:00,2023-08-01 21:00:00+00:00,2023-09-03 21:00:00+00:00,NZD,NZD_USD,1,1,0.1258827947139702,0.007261021962669842,2023-08-01 21:00:00+00:00,2023-09-03 21:00:00+00:00,0.61472,0.59433,-203.90000000000018,1.5500000000001624,-5.1975812054794535,-210.64758120547978,False,composite
2023-07-31 21:00:00+00:00,2023-08-01 21:00:00+00:00,2023-09-03 21:00:00+00:00,CHF,CHF_JPY,-1,-1,0.17651604055056572,0.00517821346031471,2023-08-01 21:00:00+00:00,2023-09-03 21:00:00+00:00,163.8,165.001,-120.09999999999934,4.699999999999704,-48.89364174487863,-173.69364174487768,False,composite
2023-08-31 21:00:00+00:00,2023-09-03 21:00:00+00:00,2023-10-01 21:00:00+00:00,EUR,EUR_USD,1,1,0.2053616488477575,0.004316949716381228,2023-09-03 21:00:00+00:00,2023-10-01 21:00:00+00:00,1.07784,1.0572,-206.39999999999992,1.80000000000069,-22.59036241095891,-230.79036241095952,False,composite
2023-08-31 21:00:00+00:00,2023-09-03 21:00:00+00:00,2023-10-01 21:00:00+00:00,GBP,GBP_USD,1,1,0.19041694302514883,0.004655761707254282,2023-09-03 21:00:00+00:00,2023-10-01 21:00:00+00:00,1.25964,1.21928,-403.6000000000017,2.449999999998287,-12.892103916712335,-418.94210391671237,False,composite
2023-08-31 21:00:00+00:00,2023-09-03 21:00:00+00:00,2023-10-01 21:00:00+00:00,AUD,AUD_USD,-1,-1,0.13514628177967553,0.006559824658692409,2023-09-03 21:00:00+00:00,2023-10-01 21:00:00+00:00,0.64462,0.64226,23.599999999999177,1.9500000000000073,1.7082792328767145,23.358279232875887,False,composite
2023-08-31 21:00:00+00:00,2023-09-03 21:00:00+00:00,2023-10-01 21:00:00+00:00,NZD,NZD_USD,1,1,0.1404960348590913,0.006310042220323499,2023-09-03 21:00:00+00:00,2023-10-01 21:00:00+00:00,0.59433,0.59964,53.099999999999255,1.8999999999996797,-4.681886136986304,46.51811386301327,False,composite
2023-08-31 21:00:00+00:00,2023-09-03 21:00:00+00:00,2023-10-01 21:00:00+00:00,CAD,CAD_JPY,-1,-1,0.16237762019045593,0.0054597173595047925,2023-09-03 21:00:00+00:00,2023-10-01 21:00:00+00:00,107.496,110.228,-273.19999999999993,2.7000000000001023,-51.389797097589025,-327.28979709758903,False,composite
2023-08-31 21:00:00+00:00,2023-09-03 21:00:00+00:00,2023-10-01 21:00:00+00:00,CHF,CHF_JPY,-1,-1,0.16620147129787094,0.005334103873003829,2023-09-03 21:00:00+00:00,2023-10-01 21:00:00+00:00,165.001,163.368,163.30000000000098,4.099999999999682,-41.37659734178083,117.82340265822046,False,composite
2023-09-28 21:00:00+00:00,2023-10-01 21:00:00+00:00,2023-11-01 21:00:00+00:00,EUR,EUR_USD,1,1,0.2019253734553285,0.004104272303914112,2023-10-01 21:00:00+00:00,2023-11-01 21:00:00+00:00,1.0572,1.05704,-1.5999999999993797,1.60000000000049,-25.146046109589044,-28.34604610958891,False,composite
2023-09-28 21:00:00+00:00,2023-10-01 21:00:00+00:00,2023-11-01 21:00:00+00:00,GBP,GBP_USD,1,1,0.19721230956021832,0.004202357954117258,2023-10-01 21:00:00+00:00,2023-11-01 21:00:00+00:00,1.21928,1.21458,-46.99999999999926,2.1999999999988695,-15.173229793972599,-64.37322979397072,False,composite
2023-09-28 21:00:00+00:00,2023-10-01 21:00:00+00:00,2023-11-01 21:00:00+00:00,JPY,USD_JPY,-1,1,0.1545825911400415,0.0053612551815709975,2023-10-01 21:00:00+00:00,2023-11-01 21:00:00+00:00,149.622,150.95,132.79999999999745,2.049999999999841,62.355551268493166,193.10555126849079,False,composite
2023-09-28 21:00:00+00:00,2023-10-01 21:00:00+00:00,2023-11-01 21:00:00+00:00,AUD,AUD_USD,-1,-1,0.1338493407086851,0.006191713110742598,2023-10-01 21:00:00+00:00,2023-11-01 21:00:00+00:00,0.64226,0.63933,29.300000000000992,1.3999999999997348,1.904655082191783,29.80465508219304,False,composite
2023-09-28 21:00:00+00:00,2023-10-01 21:00:00+00:00,2023-11-01 21:00:00+00:00,NZD,NZD_USD,1,1,0.14829718583227328,0.005588485803550964,2023-10-01 21:00:00+00:00,2023-11-01 21:00:00+00:00,0.59964,0.58472,-149.19999999999933,1.8000000000001348,-5.692961013698633,-156.6929610136981,False,composite
2023-09-28 21:00:00+00:00,2023-10-01 21:00:00+00:00,2023-11-01 21:00:00+00:00,CHF,CHF_JPY,-1,-1,0.1641331993034534,0.0050492936300960845,2023-10-01 21:00:00+00:00,2023-11-01 21:00:00+00:00,163.368,166.332,-296.39999999999986,3.699999999999193,-48.074955540270835,-348.1749555402699,False,composite
2023-10-31 21:00:00+00:00,2023-11-01 21:00:00+00:00,2023-12-03 22:00:00+00:00,EUR,EUR_USD,1,1,0.18895931528161738,0.003876721453846382,2023-11-01 21:00:00+00:00,2023-12-03 22:00:00+00:00,1.05704,1.08786,308.20000000000067,1.8499999999999073,-22.86004191780822,283.4899580821925,False,composite
2023-10-31 21:00:00+00:00,2023-11-01 21:00:00+00:00,2023-12-03 22:00:00+00:00,GBP,GBP_USD,1,1,0.18639974040684978,0.003929955212692181,2023-11-01 21:00:00+00:00,2023-12-03 22:00:00+00:00,1.21458,1.26984,552.6000000000008,2.049999999998997,-13.790023961643847,536.7599760383579,False,composite
2023-10-31 21:00:00+00:00,2023-11-01 21:00:00+00:00,2023-12-03 22:00:00+00:00,JPY,USD_JPY,-1,1,0.16811119563939242,0.004357488676885697,2023-11-01 21:00:00+00:00,2023-12-03 22:00:00+00:00,150.95,146.742,-420.79999999999984,2.1000000000015007,56.62499859863012,-366.27500140137124,False,composite
2023-10-31 21:00:00+00:00,2023-11-01 21:00:00+00:00,2023-12-03 22:00:00+00:00,AUD,AUD_USD,-1,-1,0.13540616583521584,0.005409965099727034,2023-11-01 21:00:00+00:00,2023-12-03 22:00:00+00:00,0.63933,0.6669,-275.70000000000095,1.3499999999994072,0.7321196712328762,-276.3178803287675,False,composite
2023-10-31 21:00:00+00:00,2023-11-01 21:00:00+00:00,2023-12-03 22:00:00+00:00,NZD,NZD_USD,1,1,0.1475713420134885,0.004963989765637639,2023-11-01 21:00:00+00:00,2023-12-03 22:00:00+00:00,0.58472,0.61952,347.99999999999943,1.5999999999999348,-5.075689643835617,341.3243103561639,False,composite
2023-10-31 21:00:00+00:00,2023-11-01 21:00:00+00:00,2023-12-03 22:00:00+00:00,CAD,CAD_JPY,-1,-1,0.17355224082343595,0.004220876826370821,2023-11-01 21:00:00+00:00,2023-12-03 22:00:00+00:00,108.924,108.664,26.00000000000051,2.9000000000003467,-54.89963218643118,-31.799632186431012,False,composite
2023-11-30 22:00:00+00:00,2023-12-03 22:00:00+00:00,2024-01-01 22:00:00+00:00,EUR,EUR_USD,1,1,0.18827226994953022,0.004443691578849996,2023-12-03 22:00:00+00:00,2024-01-01 22:00:00+00:00,1.08786,1.1044,165.39999999999998,1.7499999999992522,-22.098040520547947,141.55195947945276,False,composite
2023-11-30 22:00:00+00:00,2023-12-03 22:00:00+00:00,2024-01-01 22:00:00+00:00,GBP,GBP_USD,1,1,0.1679692640660648,0.0049808154197582485,2023-12-03 22:00:00+00:00,2024-01-01 22:00:00+00:00,1.26984,1.27264,27.999999999999137,1.8999999999991246,-13.335318631232887,12.764681368767125,False,composite
2023-11-30 22:00:00+00:00,2023-12-03 22:00:00+00:00,2024-01-01 22:00:00+00:00,JPY,USD_JPY,-1,1,0.17466050662380642,0.004790000422406126,2023-12-03 22:00:00+00:00,2024-01-01 22:00:00+00:00,146.742,140.858,-588.3999999999986,1.999999999999602,54.701052880821905,-535.6989471191764,False,composite
2023-11-30 22:00:00+00:00,2023-12-03 22:00:00+00:00,2024-01-01 22:00:00+00:00,AUD,AUD_USD,-1,-1,0.13722589435848653,0.006096691185120783,2023-12-03 22:00:00+00:00,2024-01-01 22:00:00+00:00,0.6669,0.68116,-142.5999999999994,1.5499999999996072,0.3870320136986316,-143.76296798630037,False,composite
2023-11-30 22:00:00+00:00,2023-12-03 22:00:00+00:00,2024-01-01 22:00:00+00:00,NZD,NZD_USD,1,1,0.13700727959046363,0.006106419330465516,2023-12-03 22:00:00+00:00,2024-01-01 22:00:00+00:00,0.61952,0.63248,129.60000000000082,1.6499999999997073,-5.07412693150685,122.87587306849426,False,composite
2023-11-30 22:00:00+00:00,2023-12-03 22:00:00+00:00,2024-01-01 22:00:00+00:00,CHF,CHF_JPY,-1,-1,0.19486478541164842,0.004293356024991111,2023-12-03 22:00:00+00:00,2024-01-01 22:00:00+00:00,168.566,167.603,96.29999999999939,4.14999999999992,-40.3221881800473,51.82781181995217,False,composite
2023-12-28 22:00:00+00:00,2024-01-01 22:00:00+00:00,2024-02-01 22:00:00+00:00,EUR,EUR_USD,1,1,0.20326379289445348,0.004632698564121188,2024-01-01 22:00:00+00:00,2024-02-01 22:00:00+00:00,1.1044,1.08725,-171.49999999999997,3.3999999999989594,-25.146046109589044,-200.04604610958796,False,composite
2023-12-28 22:00:00+00:00,2024-01-01 22:00:00+00:00,2024-02-01 22:00:00+00:00,GBP,GBP_USD,1,1,0.18222517482190914,0.005167561959538559,2024-01-01 22:00:00+00:00,2024-02-01 22:00:00+00:00,1.27264,1.27434,17.000000000000348,4.849999999999577,-15.168530756164397,-3.018530756163626,False,composite
2023-12-28 22:00:00+00:00,2024-01-01 22:00:00+00:00,2024-02-01 22:00:00+00:00,JPY,USD_JPY,-1,1,0.15382810558721546,0.006121507366194997,2024-01-01 22:00:00+00:00,2024-02-01 22:00:00+00:00,140.858,146.401,554.3000000000006,6.000000000000227,62.27076270547945,610.5707627054799,False,composite
2023-12-28 22:00:00+00:00,2024-01-01 22:00:00+00:00,2024-02-01 22:00:00+00:00,AUD,AUD_USD,-1,-1,0.14645898769616406,0.006429512427284273,2024-01-01 22:00:00+00:00,2024-02-01 22:00:00+00:00,0.68116,0.65709,240.70000000000036,2.449999999999952,0.4404157397260291,238.69041573972643,False,composite
2023-12-28 22:00:00+00:00,2024-01-01 22:00:00+00:00,2024-02-01 22:00:00+00:00,NZD,NZD_USD,1,1,0.15151084868065298,0.006215131719476703,2024-01-01 22:00:00+00:00,2024-02-01 22:00:00+00:00,0.63248,0.61366,-188.20000000000059,1.7000000000000348,-5.724215260273973,-195.6242152602746,False,composite
2023-12-28 22:00:00+00:00,2024-01-01 22:00:00+00:00,2024-02-01 22:00:00+00:00,CHF,CHF_JPY,-1,-1,0.16271309031960485,0.00578724108570694,2024-01-01 22:00:00+00:00,2024-02-01 22:00:00+00:00,167.603,170.691,-308.7999999999994,7.150000000001455,-46.4980962877121,-362.44809628771293,False,composite
2024-01-31 22:00:00+00:00,2024-02-01 22:00:00+00:00,2024-03-03 22:00:00+00:00,EUR,EUR_USD,1,1,0.20187290030981475,0.004437020971184754,2024-02-01 22:00:00+00:00,2024-03-03 22:00:00+00:00,1.08725,1.08401,-32.40000000000131,3.449999999999287,-22.098040520547947,-57.948040520548545,False,composite
2024-01-31 22:00:00+00:00,2024-02-01 22:00:00+00:00,2024-03-03 22:00:00+00:00,GBP,GBP_USD,1,1,0.18292920448929537,0.004896507885054257,2024-02-01 22:00:00+00:00,2024-03-03 22:00:00+00:00,1.27434,1.26567,-86.69999999999955,4.799999999999249,-13.321368362739731,-104.82136836273853,False,composite
2024-01-31 22:00:00+00:00,2024-02-01 22:00:00+00:00,2024-03-03 22:00:00+00:00,JPY,USD_JPY,-1,1,0.1430283708219087,0.00626249384678955,2024-02-01 22:00:00+00:00,2024-03-03 22:00:00+00:00,146.401,150.097,369.5999999999998,5.8000000000006935,54.61049336849316,418.41049336849227,False,composite
2024-01-31 22:00:00+00:00,2024-02-01 22:00:00+00:00,2024-03-03 22:00:00+00:00,AUD,AUD_USD,-1,-1,0.15057606363159148,0.005948583530381337,2024-02-01 22:00:00+00:00,2024-03-03 22:00:00+00:00,0.65709,0.65266,44.299999999999336,2.1999999999999797,0.3870320136986316,42.487032013697984,False,composite
2024-01-31 22:00:00+00:00,2024-02-01 22:00:00+00:00,2024-03-03 22:00:00+00:00,NZD,NZD_USD,1,1,0.16644440947773356,0.005381462165050147,2024-02-01 22:00:00+00:00,2024-03-03 22:00:00+00:00,0.61366,0.611,-26.599999999999955,1.6499999999997073,-4.724079369863015,-32.97407936986268,False,composite
2024-01-31 22:00:00+00:00,2024-02-01 22:00:00+00:00,2024-03-03 22:00:00+00:00,CHF,CHF_JPY,-1,-1,0.1551490512696562,0.0057732502059051885,2024-02-01 22:00:00+00:00,2024-03-03 22:00:00+00:00,170.691,169.923,76.80000000000007,6.300000000000239,-40.84108796113015,29.65891203886968,False,composite
2024-02-29 22:00:00+00:00,2024-03-03 22:00:00+00:00,2024-04-01 21:00:00+00:00,EUR,EUR_USD,1,1,0.21114802483497264,0.003726314358378042,2024-03-03 22:00:00+00:00,2024-04-01 21:00:00+00:00,1.08401,1.07408,-99.29999999999994,1.6499999999997073,-22.098040520547947,-123.0480405205476,False,composite
2024-02-29 22:00:00+00:00,2024-03-03 22:00:00+00:00,2024-04-01 21:00:00+00:00,GBP,GBP_USD,1,1,0.2053802939023882,0.0038309611001904054,2024-03-03 22:00:00+00:00,2024-04-01 21:00:00+00:00,1.26567,1.25538,-102.90000000000131,1.7000000000000348,-13.309914458082199,-117.90991445808355,False,composite
2024-02-29 22:00:00+00:00,2024-03-03 22:00:00+00:00,2024-04-01 21:00:00+00:00,JPY,USD_JPY,-1,1,0.13217457959270068,0.005952762771103779,2024-03-03 22:00:00+00:00,2024-04-01 21:00:00+00:00,150.097,151.673,157.59999999999934,1.8999999999991246,54.23804517808222,209.93804517808243,False,composite
2024-02-29 22:00:00+00:00,2024-03-03 22:00:00+00:00,2024-04-01 21:00:00+00:00,AUD,AUD_USD,-1,-1,0.1530159230804972,0.0051419741216854106,2024-03-03 22:00:00+00:00,2024-04-01 21:00:00+00:00,0.65266,0.64884,38.20000000000045,1.2499999999998623,0.3870320136986316,37.337032013699215,False,composite
2024-02-29 22:00:00+00:00,2024-03-03 22:00:00+00:00,2024-04-01 21:00:00+00:00,NZD,NZD_USD,1,1,0.15990058795255485,0.0049205817612076545,2024-03-03 22:00:00+00:00,2024-04-01 21:00:00+00:00,0.611,0.59522,-157.80000000000015,1.6499999999997073,-5.031933698630137,-164.48193369863,False,composite
2024-02-29 22:00:00+00:00,2024-03-03 22:00:00+00:00,2024-04-01 21:00:00+00:00,CHF,CHF_JPY,-1,-1,0.13838059063688635,0.005685796780202451,2024-03-03 22:00:00+00:00,2024-04-01 21:00:00+00:00,169.923,167.694,222.90000000000134,3.3499999999989427,-37.28950315154108,182.26049684846132,False,composite
2024-03-31 21:00:00+00:00,2024-04-01 21:00:00+00:00,2024-05-01 21:00:00+00:00,EUR,EUR_USD,1,1,0.2204804053559579,0.0029088935726075712,2024-04-01 21:00:00+00:00,2024-05-01 21:00:00+00:00,1.07408,1.0713,-27.800000000000047,1.6499999999997073,-24.38404471232877,-53.83404471232852,False,composite
2024-03-31 21:00:00+00:00,2024-04-01 21:00:00+00:00,2024-05-01 21:00:00+00:00,GBP,GBP_USD,1,1,0.19919991216796876,0.00321965018481061,2024-04-01 21:00:00+00:00,2024-05-01 21:00:00+00:00,1.25538,1.25232,-30.599999999998406,1.7500000000003624,-14.584675308493152,-46.934675308491926,False,composite
2024-03-31 21:00:00+00:00,2024-04-01 21:00:00+00:00,2024-05-01 21:00:00+00:00,JPY,USD_JPY,-1,1,0.14507943102765863,0.00442070960357976,2024-04-01 21:00:00+00:00,2024-05-01 21:00:00+00:00,151.673,154.75,307.6999999999998,5.5499999999995,59.094520986301376,361.2445209863017,False,composite
2024-03-31 21:00:00+00:00,2024-04-01 21:00:00+00:00,2024-05-01 21:00:00+00:00,AUD,AUD_USD,-1,-1,0.14506814197266993,0.004421053618696554,2024-04-01 21:00:00+00:00,2024-05-01 21:00:00+00:00,0.64884,0.6524,-35.60000000000007,1.3999999999997348,0.4270698082191797,-36.57293019178063,False,composite
2024-03-31 21:00:00+00:00,2024-04-01 21:00:00+00:00,2024-05-01 21:00:00+00:00,NZD,NZD_USD,1,1,0.1359692669065147,0.004716904405072796,2024-04-01 21:00:00+00:00,2024-05-01 21:00:00+00:00,0.59522,0.5926,-26.199999999999555,1.4999999999998348,-5.7773474794520565,-33.477347479451446,False,composite
2024-03-31 21:00:00+00:00,2024-04-01 21:00:00+00:00,2024-05-01 21:00:00+00:00,CHF,CHF_JPY,-1,-1,0.1542028425692301,0.0041591583095358245,2024-04-01 21:00:00+00:00,2024-05-01 21:00:00+00:00,167.694,168.942,-124.80000000000189,6.1499999999995225,-40.20974260273972,-171.15974260274112,False,composite
2024-04-30 21:00:00+00:00,2024-05-01 21:00:00+00:00,2024-06-02 21:00:00+00:00,EUR,EUR_USD,1,1,0.22434952805033337,0.0033042731376477217,2024-05-01 21:00:00+00:00,2024-06-02 21:00:00+00:00,1.0713,1.08504,137.40000000000086,1.4999999999998348,-22.86004191780822,113.03995808219281,False,composite
2024-04-30 21:00:00+00:00,2024-05-01 21:00:00+00:00,2024-06-02 21:00:00+00:00,GBP,GBP_USD,1,1,0.19986933946928365,0.0037089836837860112,2024-05-01 21:00:00+00:00,2024-06-02 21:00:00+00:00,1.25232,1.274,216.79999999999922,1.80000000000069,-13.652173282191775,201.34782671780675,False,composite
2024-04-30 21:00:00+00:00,2024-05-01 21:00:00+00:00,2024-06-02 21:00:00+00:00,JPY,USD_JPY,-1,1,0.1388822616199304,0.005337701952243252,2024-05-01 21:00:00+00:00,2024-06-02 21:00:00+00:00,154.75,157.233,248.3000000000004,6.550000000000011,55.40111342465754,297.1511134246579,False,composite
2024-04-30 21:00:00+00:00,2024-05-01 21:00:00+00:00,2024-06-02 21:00:00+00:00,AUD,AUD_USD,-1,-1,0.13572359244530546,0.005461925267557282,2024-05-01 21:00:00+00:00,2024-06-02 21:00:00+00:00,0.6524,0.66547,-130.70000000000024,1.2999999999996348,0.400377945205481,-131.5996220547944,False,composite
2024-04-30 21:00:00+00:00,2024-05-01 21:00:00+00:00,2024-06-02 21:00:00+00:00,CAD,CAD_JPY,1,1,0.15185932242962405,0.004881571359072841,2024-05-01 21:00:00+00:00,2024-06-02 21:00:00+00:00,112.643,115.314,267.0999999999992,4.600000000000648,32.83968380547946,295.33968380547805,False,composite
2024-04-30 21:00:00+00:00,2024-05-01 21:00:00+00:00,2024-06-02 21:00:00+00:00,CHF,CHF_JPY,-1,-1,0.14931595598552308,0.00496472137949232,2024-05-01 21:00:00+00:00,2024-06-02 21:00:00+00:00,168.942,174.346,-540.3999999999996,6.999999999999318,-37.696633690068495,-585.0966336900674,False,composite
2024-05-30 21:00:00+00:00,2024-06-02 21:00:00+00:00,2024-07-01 21:00:00+00:00,EUR,EUR_USD,1,1,0.22265079568249818,0.003339724158098513,2024-06-02 21:00:00+00:00,2024-07-01 21:00:00+00:00,1.08504,1.0738,-112.39999999999917,1.40000000000029,-23.665944630136995,-137.46594463013645,False,composite
2024-05-30 21:00:00+00:00,2024-06-02 21:00:00+00:00,2024-07-01 21:00:00+00:00,GBP,GBP_USD,1,1,0.2002827178453276,0.0037127129547690147,2024-06-02 21:00:00+00:00,2024-07-01 21:00:00+00:00,1.274,1.2649,-91.00000000000108,1.9000000000002348,-13.197100839452048,-106.09710083945336,False,composite
2024-05-30 21:00:00+00:00,2024-06-02 21:00:00+00:00,2024-07-01 21:00:00+00:00,JPY,USD_JPY,-1,1,0.13642324614829882,0.00545062708999296,2024-06-02 21:00:00+00:00,2024-07-01 21:00:00+00:00,157.233,161.515,428.1999999999982,3.499999999999659,53.55396572465754,478.2539657246561,False,composite
2024-05-30 21:00:00+00:00,2024-06-02 21:00:00+00:00,2024-07-01 21:00:00+00:00,AUD,AUD_USD,1,1,0.13560483984594143,0.0054835228742976935,2024-06-02 21:00:00+00:00,2024-07-01 21:00:00+00:00,0.66547,0.66572,2.4999999999997247,1.3499999999994072,-11.776831273972606,-10.62683127397229,False,composite
2024-05-30 21:00:00+00:00,2024-06-02 21:00:00+00:00,2024-07-01 21:00:00+00:00,CAD,CAD_JPY,-1,-1,0.14849992516783858,0.0050073576826403605,2024-06-02 21:00:00+00:00,2024-07-01 21:00:00+00:00,115.314,117.573,-225.90000000000003,3.900000000000148,-50.282062546919754,-280.08206254691993,False,composite
2024-05-30 21:00:00+00:00,2024-06-02 21:00:00+00:00,2024-07-01 21:00:00+00:00,CHF,CHF_JPY,-1,-1,0.15653847531009535,0.004750220287297892,2024-06-02 21:00:00+00:00,2024-07-01 21:00:00+00:00,174.346,178.868,-452.19999999999914,5.349999999999966,-35.14304104641902,-492.6930410464181,False,composite
2024-06-30 21:00:00+00:00,2024-07-01 21:00:00+00:00,2024-08-01 21:00:00+00:00,EUR,EUR_USD,1,1,0.21000057914509584,0.0034051737390309667,2024-07-01 21:00:00+00:00,2024-08-01 21:00:00+00:00,1.0738,1.07919,53.900000000000055,1.7000000000000348,-27.733087890410967,24.46691210958905,False,composite
2024-06-30 21:00:00+00:00,2024-07-01 21:00:00+00:00,2024-08-01 21:00:00+00:00,GBP,GBP_USD,1,1,0.20636340183956667,0.003465190294944384,2024-07-01 21:00:00+00:00,2024-08-01 21:00:00+00:00,1.2649,1.27413,92.30000000000071,2.9999999999996696,-15.109168692602733,74.1908313073983,False,composite
2024-06-30 21:00:00+00:00,2024-07-01 21:00:00+00:00,2024-08-01 21:00:00+00:00,JPY,USD_JPY,-1,1,0.13088378916594082,0.005463537248142706,2024-07-01 21:00:00+00:00,2024-08-01 21:00:00+00:00,161.515,149.352,-1216.2999999999981,6.399999999999295,60.86043147671234,-1161.8395685232852,False,composite
2024-06-30 21:00:00+00:00,2024-07-01 21:00:00+00:00,2024-08-01 21:00:00+00:00,NZD,NZD_USD,1,1,0.13514960817916047,0.005291087905621011,2024-07-01 21:00:00+00:00,2024-08-01 21:00:00+00:00,0.60756,0.59468,-128.8,2.5500000000000522,-6.1883408219178095,-137.53834082191787,False,composite
2024-06-30 21:00:00+00:00,2024-07-01 21:00:00+00:00,2024-08-01 21:00:00+00:00,CAD,CAD_JPY,-1,-1,0.1436451621511164,0.004978159003600087,2024-07-01 21:00:00+00:00,2024-08-01 21:00:00+00:00,117.573,107.616,995.6999999999994,5.000000000000426,-56.165721030035215,934.5342789699637,False,composite
2024-06-30 21:00:00+00:00,2024-07-01 21:00:00+00:00,2024-08-01 21:00:00+00:00,CHF,CHF_JPY,-1,-1,0.17395745951911992,0.004110708786291386,2024-07-01 21:00:00+00:00,2024-08-01 21:00:00+00:00,178.868,171.072,779.5999999999992,7.30000000000075,-35.716566818069836,736.5834331819286,False,composite
