pair,fri_ts,sun_ts,exit_ts,gap_pips,gap_abs,gap_dir,result_pips,exit_reason,is_risky_weekend,gap_bucket,year
EUR_JPY,2021-01-08 21:55:00+00:00,2021-01-10 22:00:00+00:00,2021-01-10 22:25:00+00:00,-16.9,16.9,-1,11.76,target,False,10-20,2021
GBP_JPY,2021-01-08 21:55:00+00:00,2021-01-10 22:00:00+00:00,2021-01-11 07:40:00+00:00,-11.0,11.0,-1,-54.95,stop,False,10-20,2021
AUD_JPY,2021-01-08 21:55:00+00:00,2021-01-10 22:00:00+00:00,2021-01-10 22:20:00+00:00,-6.4,6.4,-1,2.61,target,False,5-10,2021
CAD_JPY,2021-01-08 21:55:00+00:00,2021-01-10 22:00:00+00:00,2021-01-11 13:55:00+00:00,-17.4,17.4,-1,-53.45,stop,False,10-20,2021
CHF_JPY,2021-01-08 21:55:00+00:00,2021-01-10 22:00:00+00:00,2021-01-10 22:35:00+00:00,-11.9,11.9,-1,5.46,target,False,10-20,2021
NZD_JPY,2021-01-08 21:55:00+00:00,2021-01-10 22:00:00+00:00,2021-01-11 14:10:00+00:00,-6.6,6.6,-1,-54.05,stop,False,5-10,2021
AUD_USD,2021-01-08 21:55:00+00:00,2021-01-10 22:00:00+00:00,2021-01-10 22:15:00+00:00,-5.1,5.1,-1,2.64,target,False,5-10,2021
AUD_USD,2021-01-15 21:55:00+00:00,2021-01-17 22:00:00+00:00,2021-01-17 23:35:00+00:00,6.4,6.4,1,3.81,target,False,5-10,2021
NZD_USD,2021-01-15 21:55:00+00:00,2021-01-17 22:00:00+00:00,2021-01-17 23:40:00+00:00,12.3,12.3,1,8.82,target,False,10-20,2021
GBP_USD,2021-01-15 21:55:00+00:00,2021-01-17 22:00:00+00:00,2021-01-17 22:05:00+00:00,15.3,15.3,1,10.92,target,False,10-20,2021
EUR_GBP,2021-01-15 21:55:00+00:00,2021-01-17 22:00:00+00:00,2021-01-17 22:10:00+00:00,-5.2,5.2,-1,2.58,target,False,5-10,2021
NZD_JPY,2021-01-15 21:55:00+00:00,2021-01-17 22:00:00+00:00,2021-01-17 23:00:00+00:00,8.6,8.6,1,3.69,target,False,5-10,2021
CAD_JPY,2021-01-15 21:55:00+00:00,2021-01-17 22:00:00+00:00,2021-01-17 22:05:00+00:00,-6.4,6.4,-1,2.31,target,False,5-10,2021
GBP_JPY,2021-01-15 21:55:00+00:00,2021-01-17 22:00:00+00:00,2021-01-17 22:05:00+00:00,7.7,7.7,1,1.98,target,False,5-10,2021
USD_JPY,2021-01-15 21:55:00+00:00,2021-01-17 22:00:00+00:00,2021-01-17 23:35:00+00:00,-5.8,5.8,-1,2.67,target,False,5-10,2021
GBP_JPY,2021-01-22 21:55:00+00:00,2021-01-24 22:00:00+00:00,2021-01-24 22:05:00+00:00,5.9,5.9,1,0.36,target,False,5-10,2021
AUD_JPY,2021-01-22 21:55:00+00:00,2021-01-24 22:00:00+00:00,2021-01-24 22:10:00+00:00,6.2,6.2,1,2.43,target,False,5-10,2021
CAD_JPY,2021-01-22 21:55:00+00:00,2021-01-24 22:00:00+00:00,2021-01-24 22:10:00+00:00,15.1,15.1,1,10.14,target,False,10-20,2021
EUR_USD,2021-01-29 21:55:00+00:00,2021-01-31 22:00:00+00:00,2021-02-01 10:30:00+00:00,-6.6,6.6,-1,-52.4,stop,False,5-10,2021
AUD_USD,2021-01-29 21:55:00+00:00,2021-01-31 22:00:00+00:00,2021-02-01 01:15:00+00:00,-22.3,22.3,-1,18.12,target,False,20-50,2021
NZD_USD,2021-01-29 21:55:00+00:00,2021-01-31 22:00:00+00:00,2021-02-01 01:05:00+00:00,-27.7,27.7,-1,22.68,target,False,20-50,2021
NZD_JPY,2021-01-29 21:55:00+00:00,2021-01-31 22:00:00+00:00,2021-02-01 01:15:00+00:00,-22.8,22.8,-1,16.47,target,False,20-50,2021
EUR_GBP,2021-01-29 21:55:00+00:00,2021-01-31 22:00:00+00:00,2021-02-02 10:25:00+00:00,-5.2,5.2,-1,-52.1,stop,False,5-10,2021
AUD_JPY,2021-01-29 21:55:00+00:00,2021-01-31 22:00:00+00:00,2021-02-01 02:10:00+00:00,-16.8,16.8,-1,11.97,target,False,10-20,2021
GBP_JPY,2021-01-29 21:55:00+00:00,2021-01-31 22:00:00+00:00,2021-01-31 23:00:00+00:00,11.4,11.4,1,5.31,target,False,10-20,2021
USD_JPY,2021-01-29 21:55:00+00:00,2021-01-31 22:00:00+00:00,2021-01-31 23:30:00+00:00,7.9,7.9,1,4.56,target,False,5-10,2021
CHF_JPY,2021-01-29 21:55:00+00:00,2021-01-31 22:00:00+00:00,2021-01-31 23:05:00+00:00,17.8,17.8,1,10.77,target,False,10-20,2021
AUD_USD,2021-02-05 21:55:00+00:00,2021-02-07 22:00:00+00:00,2021-02-07 23:00:00+00:00,-8.7,8.7,-1,5.88,target,False,5-10,2021
EUR_USD,2021-02-05 21:55:00+00:00,2021-02-07 22:00:00+00:00,2021-02-07 23:00:00+00:00,-8.4,8.4,-1,5.16,target,False,5-10,2021
GBP_USD,2021-02-05 21:55:00+00:00,2021-02-07 22:00:00+00:00,2021-02-07 23:00:00+00:00,-20.5,20.5,-1,15.6,target,False,20-50,2021
NZD_JPY,2021-02-05 21:55:00+00:00,2021-02-07 22:00:00+00:00,2021-02-07 22:15:00+00:00,-9.8,9.8,-1,4.77,target,False,5-10,2021
EUR_GBP,2021-02-05 21:55:00+00:00,2021-02-07 22:00:00+00:00,2021-02-07 22:05:00+00:00,8.1,8.1,1,5.19,target,False,5-10,2021
AUD_JPY,2021-02-05 21:55:00+00:00,2021-02-07 22:00:00+00:00,2021-02-07 22:45:00+00:00,-10.6,10.6,-1,6.39,target,False,10-20,2021
GBP_JPY,2021-02-05 21:55:00+00:00,2021-02-07 22:00:00+00:00,2021-02-07 22:40:00+00:00,-26.0,26.0,-1,18.45,target,False,20-50,2021
EUR_JPY,2021-02-05 21:55:00+00:00,2021-02-07 22:00:00+00:00,2021-02-07 22:35:00+00:00,-9.9,9.9,-1,5.46,target,False,5-10,2021
USD_JPY,2021-02-05 21:55:00+00:00,2021-02-07 22:00:00+00:00,2021-02-07 22:35:00+00:00,-5.0,5.0,-1,1.95,target,False,<5,2021
CHF_JPY,2021-02-05 21:55:00+00:00,2021-02-07 22:00:00+00:00,2021-02-07 22:35:00+00:00,-10.4,10.4,-1,4.11,target,False,10-20,2021
CAD_JPY,2021-02-12 21:55:00+00:00,2021-02-14 22:00:00+00:00,2021-02-15 09:45:00+00:00,5.3,5.3,1,-53.45,stop,False,5-10,2021
NZD_JPY,2021-02-12 21:55:00+00:00,2021-02-14 22:00:00+00:00,2021-02-14 22:05:00+00:00,-15.8,15.8,-1,10.17,target,False,10-20,2021
AUD_USD,2021-02-12 21:55:00+00:00,2021-02-14 22:00:00+00:00,2021-02-14 22:15:00+00:00,6.1,6.1,1,3.54,target,False,5-10,2021
NZD_USD,2021-02-12 21:55:00+00:00,2021-02-14 22:00:00+00:00,2021-02-14 23:00:00+00:00,-13.4,13.4,-1,9.81,target,False,10-20,2021
EUR_GBP,2021-02-19 21:55:00+00:00,2021-02-21 22:00:00+00:00,2021-02-21 22:05:00+00:00,-6.7,6.7,-1,3.93,target,False,5-10,2021
CHF_JPY,2021-02-19 21:55:00+00:00,2021-02-21 22:00:00+00:00,2021-02-21 22:05:00+00:00,-7.6,7.6,-1,1.59,target,False,5-10,2021
NZD_JPY,2021-02-19 21:55:00+00:00,2021-02-21 22:00:00+00:00,2021-02-21 22:05:00+00:00,-7.7,7.7,-1,2.88,target,False,5-10,2021
GBP_USD,2021-02-19 21:55:00+00:00,2021-02-21 22:00:00+00:00,2021-02-21 23:15:00+00:00,7.3,7.3,1,3.72,target,False,5-10,2021
AUD_USD,2021-02-26 21:55:00+00:00,2021-02-28 22:00:00+00:00,2021-03-01 01:20:00+00:00,8.2,8.2,1,-51.95,stop,False,5-10,2021
NZD_USD,2021-02-26 21:55:00+00:00,2021-02-28 22:00:00+00:00,2021-03-01 07:10:00+00:00,6.5,6.5,1,-52.25,stop,False,5-10,2021
GBP_USD,2021-02-26 21:55:00+00:00,2021-02-28 22:00:00+00:00,2021-03-01 00:30:00+00:00,8.4,8.4,1,-52.85,stop,False,5-10,2021
EUR_GBP,2021-02-26 21:55:00+00:00,2021-02-28 22:00:00+00:00,2021-02-28 23:00:00+00:00,-7.3,7.3,-1,4.47,target,False,5-10,2021
NZD_JPY,2021-02-26 21:55:00+00:00,2021-02-28 22:00:00+00:00,2021-02-28 22:10:00+00:00,5.2,5.2,1,0.63,target,False,5-10,2021
AUD_JPY,2021-02-26 21:55:00+00:00,2021-02-28 22:00:00+00:00,2021-03-01 01:20:00+00:00,6.6,6.6,1,-53.15,stop,False,5-10,2021
GBP_JPY,2021-02-26 21:55:00+00:00,2021-02-28 22:00:00+00:00,2021-03-01 01:15:00+00:00,6.4,6.4,1,-54.95,stop,False,5-10,2021
GBP_JPY,2021-03-05 21:55:00+00:00,2021-03-07 22:00:00+00:00,2021-03-07 22:10:00+00:00,-20.3,20.3,-1,13.32,target,False,20-50,2021
AUD_JPY,2021-03-05 21:55:00+00:00,2021-03-07 22:00:00+00:00,2021-03-08 07:20:00+00:00,15.2,15.2,1,10.53,target,False,10-20,2021
CHF_JPY,2021-03-05 21:55:00+00:00,2021-03-07 22:00:00+00:00,2021-03-07 22:05:00+00:00,27.7,27.7,1,19.68,target,False,20-50,2021
NZD_JPY,2021-03-05 21:55:00+00:00,2021-03-07 22:00:00+00:00,2021-03-08 03:35:00+00:00,7.6,7.6,1,2.79,target,False,5-10,2021
EUR_GBP,2021-03-05 21:55:00+00:00,2021-03-07 22:00:00+00:00,2021-03-07 22:10:00+00:00,11.8,11.8,1,8.52,target,False,10-20,2021
AUD_USD,2021-03-05 21:55:00+00:00,2021-03-07 22:00:00+00:00,2021-03-08 02:45:00+00:00,6.5,6.5,1,3.9,target,False,5-10,2021
EUR_USD,2021-03-05 21:55:00+00:00,2021-03-07 22:00:00+00:00,2021-03-08 02:35:00+00:00,5.8,5.8,1,2.82,target,False,5-10,2021
GBP_USD,2021-03-05 21:55:00+00:00,2021-03-07 22:00:00+00:00,2021-03-07 22:10:00+00:00,-19.8,19.8,-1,14.97,target,False,10-20,2021
CHF_JPY,2021-03-12 21:55:00+00:00,2021-03-14 21:00:00+00:00,2021-03-15 09:10:00+00:00,11.6,11.6,1,5.19,target,False,10-20,2021
GBP_JPY,2021-03-12 21:55:00+00:00,2021-03-14 21:00:00+00:00,2021-03-14 21:05:00+00:00,7.8,7.8,1,2.07,target,False,5-10,2021
EUR_JPY,2021-03-12 21:55:00+00:00,2021-03-14 21:00:00+00:00,2021-03-14 22:00:00+00:00,-16.2,16.2,-1,11.13,target,False,10-20,2021
USD_JPY,2021-03-19 20:55:00+00:00,2021-03-21 21:00:00+00:00,2021-03-21 22:15:00+00:00,-21.8,21.8,-1,17.07,target,False,20-50,2021
EUR_JPY,2021-03-19 20:55:00+00:00,2021-03-21 21:00:00+00:00,2021-03-22 11:00:00+00:00,-58.2,58.2,-1,48.93,target,False,50+,2021
AUD_JPY,2021-03-19 20:55:00+00:00,2021-03-21 21:00:00+00:00,2021-03-22 12:00:00+00:00,-52.4,52.4,-1,44.01,target,False,50+,2021
CAD_JPY,2021-03-19 20:55:00+00:00,2021-03-21 21:00:00+00:00,2021-03-22 05:05:00+00:00,-33.6,33.6,-1,26.79,target,False,20-50,2021
CHF_JPY,2021-03-19 20:55:00+00:00,2021-03-21 21:00:00+00:00,2021-03-21 21:05:00+00:00,-44.1,44.1,-1,34.44,target,False,20-50,2021
NZD_JPY,2021-03-19 20:55:00+00:00,2021-03-21 21:00:00+00:00,2021-03-22 11:35:00+00:00,-5.4,5.4,-1,0.81,target,False,5-10,2021
AUD_USD,2021-03-19 20:55:00+00:00,2021-03-21 21:00:00+00:00,2021-03-22 11:00:00+00:00,-32.1,32.1,-1,26.94,target,False,20-50,2021
GBP_USD,2021-03-19 20:55:00+00:00,2021-03-21 21:00:00+00:00,2021-03-22 08:30:00+00:00,-30.8,30.8,-1,24.87,target,False,20-50,2021
EUR_USD,2021-03-19 20:55:00+00:00,2021-03-21 21:00:00+00:00,2021-03-22 08:30:00+00:00,-30.2,30.2,-1,24.78,target,False,20-50,2021
CHF_JPY,2021-03-26 20:55:00+00:00,2021-03-28 21:00:00+00:00,2021-03-28 22:00:00+00:00,6.9,6.9,1,0.96,target,False,5-10,2021
CAD_JPY,2021-03-26 20:55:00+00:00,2021-03-28 21:00:00+00:00,2021-03-28 21:35:00+00:00,5.4,5.4,1,1.41,target,False,5-10,2021
USD_JPY,2021-03-26 20:55:00+00:00,2021-03-28 21:00:00+00:00,2021-03-28 22:00:00+00:00,5.2,5.2,1,2.13,target,False,5-10,2021
GBP_JPY,2021-03-26 20:55:00+00:00,2021-03-28 21:00:00+00:00,2021-03-28 21:05:00+00:00,-6.7,6.7,-1,1.08,target,False,5-10,2021
EUR_JPY,2021-04-02 20:55:00+00:00,2021-04-04 21:00:00+00:00,2021-04-04 21:05:00+00:00,-10.1,10.1,-1,5.64,target,False,10-20,2021
GBP_JPY,2021-04-02 20:55:00+00:00,2021-04-04 21:00:00+00:00,2021-04-04 21:05:00+00:00,8.5,8.5,1,2.7,target,False,5-10,2021
CAD_JPY,2021-04-02 20:55:00+00:00,2021-04-04 21:00:00+00:00,2021-04-04 22:15:00+00:00,-7.2,7.2,-1,3.03,target,False,5-10,2021
GBP_USD,2021-04-02 20:55:00+00:00,2021-04-04 21:00:00+00:00,2021-04-04 21:05:00+00:00,-9.4,9.4,-1,5.61,target,False,5-10,2021
GBP_USD,2021-04-09 20:55:00+00:00,2021-04-11 21:00:00+00:00,2021-04-11 21:25:00+00:00,5.1,5.1,1,1.74,target,False,5-10,2021
EUR_USD,2021-04-09 20:55:00+00:00,2021-04-11 21:00:00+00:00,2021-04-11 21:05:00+00:00,-9.2,9.2,-1,5.88,target,False,5-10,2021
CAD_JPY,2021-04-09 20:55:00+00:00,2021-04-11 21:00:00+00:00,2021-04-11 21:40:00+00:00,-5.3,5.3,-1,1.32,target,False,5-10,2021
EUR_GBP,2021-04-09 20:55:00+00:00,2021-04-11 21:00:00+00:00,2021-04-11 21:05:00+00:00,-9.4,9.4,-1,6.36,target,False,5-10,2021
GBP_JPY,2021-04-09 20:55:00+00:00,2021-04-11 21:00:00+00:00,2021-04-11 21:05:00+00:00,13.3,13.3,1,7.02,target,False,10-20,2021
AUD_JPY,2021-04-09 20:55:00+00:00,2021-04-11 21:00:00+00:00,2021-04-11 21:15:00+00:00,6.8,6.8,1,2.97,target,False,5-10,2021
EUR_JPY,2021-04-09 20:55:00+00:00,2021-04-11 21:05:00+00:00,2021-04-11 21:10:00+00:00,-8.5,8.5,-1,4.2,target,False,5-10,2021
EUR_USD,2021-04-16 20:55:00+00:00,2021-04-18 21:00:00+00:00,2021-04-19 07:00:00+00:00,-8.8,8.8,-1,5.52,target,False,5-10,2021
EUR_JPY,2021-04-16 20:55:00+00:00,2021-04-18 21:00:00+00:00,2021-04-19 01:40:00+00:00,-8.2,8.2,-1,-53.45,stop,False,5-10,2021
GBP_JPY,2021-04-16 20:55:00+00:00,2021-04-18 21:00:00+00:00,2021-04-19 05:35:00+00:00,-11.1,11.1,-1,5.04,target,False,10-20,2021
AUD_JPY,2021-04-16 20:55:00+00:00,2021-04-18 21:00:00+00:00,2021-04-20 01:30:00+00:00,-7.5,7.5,-1,3.6,target,False,5-10,2021
CHF_JPY,2021-04-16 20:55:00+00:00,2021-04-18 21:00:00+00:00,2021-04-18 21:05:00+00:00,6.2,6.2,1,0.33,target,False,5-10,2021
NZD_JPY,2021-04-16 20:55:00+00:00,2021-04-18 21:00:00+00:00,2021-04-19 08:45:00+00:00,-22.1,22.1,-1,15.84,target,False,20-50,2021
NZD_USD,2021-04-16 20:55:00+00:00,2021-04-18 21:00:00+00:00,2021-04-18 21:05:00+00:00,-19.2,19.2,-1,15.03,target,False,10-20,2021
GBP_USD,2021-04-16 20:55:00+00:00,2021-04-18 21:00:00+00:00,2021-04-19 04:20:00+00:00,-7.6,7.6,-1,3.99,target,False,5-10,2021
AUD_USD,2021-04-23 20:55:00+00:00,2021-04-25 21:00:00+00:00,2021-04-25 21:05:00+00:00,-6.0,6.0,-1,3.45,target,False,5-10,2021
NZD_USD,2021-04-23 20:55:00+00:00,2021-04-25 21:00:00+00:00,2021-04-25 22:05:00+00:00,-6.2,6.2,-1,3.33,target,False,5-10,2021
CHF_JPY,2021-04-23 20:55:00+00:00,2021-04-25 21:00:00+00:00,2021-04-25 22:30:00+00:00,7.0,7.0,1,1.05,target,False,5-10,2021
GBP_JPY,2021-04-23 20:55:00+00:00,2021-04-25 21:00:00+00:00,2021-04-25 22:35:00+00:00,7.4,7.4,1,1.71,target,False,5-10,2021
EUR_JPY,2021-04-23 20:55:00+00:00,2021-04-25 21:00:00+00:00,2021-04-25 21:05:00+00:00,8.6,8.6,1,4.29,target,False,5-10,2021
USD_JPY,2021-04-23 20:55:00+00:00,2021-04-25 21:00:00+00:00,2021-04-25 22:30:00+00:00,7.3,7.3,1,4.02,target,False,5-10,2021
EUR_USD,2021-04-30 20:55:00+00:00,2021-05-02 21:00:00+00:00,2021-05-03 00:00:00+00:00,13.6,13.6,1,9.84,target,False,10-20,2021
NZD_USD,2021-04-30 20:55:00+00:00,2021-05-02 21:00:00+00:00,2021-05-02 21:05:00+00:00,16.8,16.8,1,12.87,target,False,10-20,2021
EUR_GBP,2021-04-30 20:55:00+00:00,2021-05-02 21:00:00+00:00,2021-05-02 21:05:00+00:00,7.9,7.9,1,5.01,target,False,5-10,2021
NZD_JPY,2021-04-30 20:55:00+00:00,2021-05-02 21:00:00+00:00,2021-05-02 21:05:00+00:00,13.9,13.9,1,8.46,target,False,10-20,2021
AUD_USD,2021-04-30 20:55:00+00:00,2021-05-02 21:00:00+00:00,2021-05-02 22:10:00+00:00,11.4,11.4,1,8.31,target,False,10-20,2021
AUD_JPY,2021-04-30 20:55:00+00:00,2021-05-02 21:00:00+00:00,2021-05-02 22:10:00+00:00,7.9,7.9,1,3.96,target,False,5-10,2021
GBP_JPY,2021-04-30 20:55:00+00:00,2021-05-02 21:00:00+00:00,2021-05-02 22:00:00+00:00,-7.9,7.9,-1,2.16,target,False,5-10,2021
EUR_JPY,2021-04-30 20:55:00+00:00,2021-05-02 21:00:00+00:00,2021-05-02 21:10:00+00:00,11.5,11.5,1,6.9,target,False,10-20,2021
USD_JPY,2021-04-30 20:55:00+00:00,2021-05-02 21:00:00+00:00,2021-05-02 22:00:00+00:00,-5.3,5.3,-1,2.22,target,False,5-10,2021
CAD_JPY,2021-04-30 20:55:00+00:00,2021-05-02 21:00:00+00:00,2021-05-02 22:00:00+00:00,-5.4,5.4,-1,1.41,target,False,5-10,2021
NZD_USD,2021-05-07 20:55:00+00:00,2021-05-09 21:00:00+00:00,2021-05-09 21:05:00+00:00,11.1,11.1,1,7.74,target,False,10-20,2021
AUD_USD,2021-05-07 20:55:00+00:00,2021-05-09 21:00:00+00:00,2021-05-09 21:05:00+00:00,15.5,15.5,1,12.0,target,False,10-20,2021
EUR_GBP,2021-05-07 20:55:00+00:00,2021-05-09 21:00:00+00:00,2021-05-10 07:35:00+00:00,-13.7,13.7,-1,-52.1,stop,False,10-20,2021
NZD_JPY,2021-05-07 20:55:00+00:00,2021-05-09 21:00:00+00:00,2021-05-09 21:05:00+00:00,14.6,14.6,1,9.09,target,False,10-20,2021
CHF_JPY,2021-05-07 20:55:00+00:00,2021-05-09 21:00:00+00:00,2021-05-09 21:05:00+00:00,-6.1,6.1,-1,0.24,target,False,5-10,2021
AUD_JPY,2021-05-07 20:55:00+00:00,2021-05-09 21:00:00+00:00,2021-05-09 21:05:00+00:00,19.0,19.0,1,13.95,target,False,10-20,2021
GBP_JPY,2021-05-07 20:55:00+00:00,2021-05-09 21:00:00+00:00,2021-05-10 00:15:00+00:00,28.0,28.0,1,-54.95,stop,False,20-50,2021
CAD_JPY,2021-05-07 20:55:00+00:00,2021-05-09 21:00:00+00:00,2021-05-09 21:05:00+00:00,8.9,8.9,1,4.56,target,False,5-10,2021
GBP_USD,2021-05-07 20:55:00+00:00,2021-05-09 21:05:00+00:00,2021-05-10 05:35:00+00:00,19.3,19.3,1,-52.85,stop,False,10-20,2021
GBP_USD,2021-05-14 20:55:00+00:00,2021-05-16 21:00:00+00:00,2021-05-16 21:30:00+00:00,6.7,6.7,1,3.18,target,False,5-10,2021
AUD_USD,2021-05-14 20:55:00+00:00,2021-05-16 21:00:00+00:00,2021-05-16 21:05:00+00:00,-5.6,5.6,-1,3.09,target,False,5-10,2021
NZD_USD,2021-05-14 20:55:00+00:00,2021-05-16 21:00:00+00:00,2021-05-16 22:10:00+00:00,-13.3,13.3,-1,9.72,target,False,10-20,2021
CHF_JPY,2021-05-14 20:55:00+00:00,2021-05-16 21:00:00+00:00,2021-05-16 21:10:00+00:00,-5.7,5.7,-1,-0.12,target,False,5-10,2021
AUD_JPY,2021-05-14 20:55:00+00:00,2021-05-16 21:00:00+00:00,2021-05-16 21:05:00+00:00,-10.8,10.8,-1,6.57,target,False,10-20,2021
CAD_JPY,2021-05-14 20:55:00+00:00,2021-05-16 21:00:00+00:00,2021-05-16 22:00:00+00:00,-8.6,8.6,-1,4.29,target,False,5-10,2021
EUR_JPY,2021-05-14 20:55:00+00:00,2021-05-16 21:00:00+00:00,2021-05-16 22:00:00+00:00,-7.9,7.9,-1,3.66,target,False,5-10,2021
NZD_JPY,2021-05-14 20:55:00+00:00,2021-05-16 21:00:00+00:00,2021-05-16 21:35:00+00:00,-16.8,16.8,-1,11.07,target,False,10-20,2021
AUD_JPY,2021-05-21 20:55:00+00:00,2021-05-23 21:00:00+00:00,2021-05-24 13:00:00+00:00,-10.3,10.3,-1,6.12,target,False,10-20,2021
CHF_JPY,2021-05-21 20:55:00+00:00,2021-05-23 21:00:00+00:00,2021-05-23 21:10:00+00:00,-11.9,11.9,-1,5.46,target,False,10-20,2021
GBP_USD,2021-05-21 20:55:00+00:00,2021-05-23 21:00:00+00:00,2021-05-23 21:45:00+00:00,9.3,9.3,1,5.52,target,False,5-10,2021
GBP_USD,2021-05-28 20:55:00+00:00,2021-05-30 21:00:00+00:00,2021-05-30 21:05:00+00:00,-5.5,5.5,-1,2.1,target,False,5-10,2021
EUR_USD,2021-05-28 20:55:00+00:00,2021-05-30 21:00:00+00:00,2021-05-30 22:05:00+00:00,8.9,8.9,1,5.61,target,False,5-10,2021
EUR_GBP,2021-05-28 20:55:00+00:00,2021-05-30 21:00:00+00:00,2021-05-30 21:05:00+00:00,7.3,7.3,1,4.47,target,False,5-10,2021
NZD_USD,2021-05-28 20:55:00+00:00,2021-05-30 21:00:00+00:00,2021-05-30 22:20:00+00:00,9.5,9.5,1,6.3,target,False,5-10,2021
GBP_JPY,2021-05-28 20:55:00+00:00,2021-05-30 21:00:00+00:00,2021-05-31 14:25:00+00:00,-14.5,14.5,-1,-54.95,stop,False,10-20,2021
EUR_JPY,2021-05-28 20:55:00+00:00,2021-05-30 21:00:00+00:00,2021-05-30 21:05:00+00:00,9.5,9.5,1,5.1,target,False,5-10,2021
NZD_JPY,2021-05-28 20:55:00+00:00,2021-05-30 21:00:00+00:00,2021-05-30 23:00:00+00:00,8.5,8.5,1,3.6,target,False,5-10,2021
NZD_USD,2021-06-11 20:55:00+00:00,2021-06-13 21:00:00+00:00,2021-06-14 08:35:00+00:00,9.0,9.0,1,5.85,target,False,5-10,2021
EUR_JPY,2021-06-11 20:55:00+00:00,2021-06-13 21:00:00+00:00,2021-06-13 22:00:00+00:00,-5.5,5.5,-1,1.5,target,False,5-10,2021
GBP_JPY,2021-06-11 20:55:00+00:00,2021-06-13 21:00:00+00:00,2021-06-13 21:05:00+00:00,-7.4,7.4,-1,1.71,target,False,5-10,2021
CAD_JPY,2021-06-11 20:55:00+00:00,2021-06-13 21:00:00+00:00,2021-06-13 22:05:00+00:00,-5.8,5.8,-1,1.77,target,False,5-10,2021
CHF_JPY,2021-06-11 20:55:00+00:00,2021-06-13 21:00:00+00:00,2021-06-13 21:05:00+00:00,-15.9,15.9,-1,9.06,target,False,10-20,2021
NZD_JPY,2021-06-11 20:55:00+00:00,2021-06-13 21:00:00+00:00,2021-06-14 08:35:00+00:00,5.9,5.9,1,1.26,target,False,5-10,2021
EUR_GBP,2021-06-11 20:55:00+00:00,2021-06-13 21:00:00+00:00,2021-06-13 21:05:00+00:00,6.3,6.3,1,3.57,target,False,5-10,2021
GBP_USD,2021-06-18 20:55:00+00:00,2021-06-20 21:00:00+00:00,2021-06-20 21:15:00+00:00,6.3,6.3,1,2.82,target,False,5-10,2021
CHF_JPY,2021-06-18 20:55:00+00:00,2021-06-20 21:00:00+00:00,2021-06-20 21:05:00+00:00,9.7,9.7,1,3.48,target,False,5-10,2021
EUR_USD,2021-06-18 20:55:00+00:00,2021-06-20 21:00:00+00:00,2021-06-20 21:30:00+00:00,-7.0,7.0,-1,3.9,target,False,5-10,2021
AUD_USD,2021-06-18 20:55:00+00:00,2021-06-20 21:00:00+00:00,2021-06-20 21:15:00+00:00,6.6,6.6,1,3.99,target,False,5-10,2021
AUD_JPY,2021-06-18 20:55:00+00:00,2021-06-20 21:00:00+00:00,2021-06-20 21:05:00+00:00,7.3,7.3,1,3.42,target,False,5-10,2021
EUR_GBP,2021-06-18 20:55:00+00:00,2021-06-20 21:00:00+00:00,2021-06-20 21:30:00+00:00,-5.8,5.8,-1,3.12,target,False,5-10,2021
EUR_JPY,2021-06-18 20:55:00+00:00,2021-06-20 21:00:00+00:00,2021-06-20 21:05:00+00:00,-6.8,6.8,-1,2.67,target,False,5-10,2021
GBP_JPY,2021-06-25 20:55:00+00:00,2021-06-27 21:00:00+00:00,2021-06-27 21:30:00+00:00,13.8,13.8,1,7.47,target,False,10-20,2021
AUD_JPY,2021-06-25 20:55:00+00:00,2021-06-27 21:00:00+00:00,2021-06-27 21:40:00+00:00,-15.3,15.3,-1,10.62,target,False,10-20,2021
CHF_JPY,2021-06-25 20:55:00+00:00,2021-06-27 21:00:00+00:00,2021-06-27 21:55:00+00:00,-20.0,20.0,-1,12.75,target,False,10-20,2021
NZD_JPY,2021-06-25 20:55:00+00:00,2021-06-27 21:00:00+00:00,2021-06-27 21:05:00+00:00,5.1,5.1,1,0.54,target,False,5-10,2021
EUR_GBP,2021-06-25 20:55:00+00:00,2021-06-27 21:00:00+00:00,2021-06-27 21:30:00+00:00,-9.5,9.5,-1,6.45,target,False,5-10,2021
GBP_USD,2021-06-25 20:55:00+00:00,2021-06-27 21:00:00+00:00,2021-06-27 21:30:00+00:00,12.6,12.6,1,8.49,target,False,10-20,2021
AUD_USD,2021-06-25 20:55:00+00:00,2021-06-27 21:00:00+00:00,2021-06-27 21:45:00+00:00,-14.3,14.3,-1,10.92,target,False,10-20,2021
AUD_JPY,2021-07-02 20:55:00+00:00,2021-07-04 21:00:00+00:00,2021-07-04 21:55:00+00:00,-5.3,5.3,-1,1.62,target,False,5-10,2021
CHF_JPY,2021-07-02 20:55:00+00:00,2021-07-04 21:00:00+00:00,2021-07-04 22:00:00+00:00,-26.9,26.9,-1,18.96,target,False,20-50,2021
AUD_USD,2021-07-09 20:55:00+00:00,2021-07-11 21:00:00+00:00,2021-07-11 21:10:00+00:00,-5.6,5.6,-1,3.09,target,False,5-10,2021
NZD_USD,2021-07-09 20:55:00+00:00,2021-07-11 21:00:00+00:00,2021-07-11 21:15:00+00:00,7.2,7.2,1,4.23,target,False,5-10,2021
CHF_JPY,2021-07-09 20:55:00+00:00,2021-07-11 21:00:00+00:00,2021-07-11 21:50:00+00:00,-5.1,5.1,-1,-0.66,target,False,5-10,2021
NZD_JPY,2021-07-09 20:55:00+00:00,2021-07-11 21:00:00+00:00,2021-07-11 21:15:00+00:00,13.9,13.9,1,8.46,target,False,10-20,2021
GBP_USD,2021-07-16 20:55:00+00:00,2021-07-18 21:00:00+00:00,2021-07-18 21:40:00+00:00,11.8,11.8,1,7.77,target,False,10-20,2021
NZD_USD,2021-07-16 20:55:00+00:00,2021-07-18 21:00:00+00:00,2021-07-18 22:10:00+00:00,5.4,5.4,1,2.61,target,False,5-10,2021
USD_JPY,2021-07-23 20:55:00+00:00,2021-07-25 21:00:00+00:00,2021-07-25 21:55:00+00:00,-6.6,6.6,-1,3.39,target,False,5-10,2021
CHF_JPY,2021-07-23 20:55:00+00:00,2021-07-25 21:00:00+00:00,2021-07-25 22:00:00+00:00,-10.0,10.0,-1,3.75,target,False,5-10,2021
EUR_GBP,2021-07-23 20:55:00+00:00,2021-07-25 21:00:00+00:00,2021-07-25 21:05:00+00:00,-5.3,5.3,-1,2.67,target,False,5-10,2021
GBP_USD,2021-07-23 20:55:00+00:00,2021-07-25 21:00:00+00:00,2021-07-25 21:05:00+00:00,8.4,8.4,1,4.71,target,False,5-10,2021
CHF_JPY,2021-07-30 20:55:00+00:00,2021-08-01 21:00:00+00:00,2021-08-01 21:05:00+00:00,-9.6,9.6,-1,3.39,target,False,5-10,2021
AUD_USD,2021-07-30 20:55:00+00:00,2021-08-01 21:00:00+00:00,2021-08-01 21:35:00+00:00,-9.4,9.4,-1,6.51,target,False,5-10,2021
AUD_JPY,2021-07-30 20:55:00+00:00,2021-08-01 21:00:00+00:00,2021-08-01 22:00:00+00:00,-11.6,11.6,-1,7.29,target,False,10-20,2021
USD_JPY,2021-07-30 20:55:00+00:00,2021-08-01 21:00:00+00:00,2021-08-01 22:00:00+00:00,-5.7,5.7,-1,2.58,target,False,5-10,2021
CAD_JPY,2021-07-30 20:55:00+00:00,2021-08-01 21:00:00+00:00,2021-08-01 21:35:00+00:00,-6.5,6.5,-1,2.4,target,False,5-10,2021
CHF_JPY,2021-08-06 20:55:00+00:00,2021-08-08 21:00:00+00:00,2021-08-08 22:00:00+00:00,16.5,16.5,1,9.6,target,False,10-20,2021
CAD_JPY,2021-08-06 20:55:00+00:00,2021-08-08 21:00:00+00:00,2021-08-08 22:00:00+00:00,11.5,11.5,1,6.9,target,False,10-20,2021
AUD_JPY,2021-08-06 20:55:00+00:00,2021-08-08 21:00:00+00:00,2021-08-08 21:05:00+00:00,11.4,11.4,1,7.11,target,False,10-20,2021
NZD_JPY,2021-08-06 20:55:00+00:00,2021-08-08 21:00:00+00:00,2021-08-08 21:05:00+00:00,5.1,5.1,1,0.54,target,False,5-10,2021
EUR_JPY,2021-08-06 20:55:00+00:00,2021-08-08 21:00:00+00:00,2021-08-08 21:05:00+00:00,13.5,13.5,1,8.7,target,False,10-20,2021
USD_JPY,2021-08-06 20:55:00+00:00,2021-08-08 21:00:00+00:00,2021-08-08 21:05:00+00:00,8.6,8.6,1,5.19,target,False,5-10,2021
GBP_JPY,2021-08-06 20:55:00+00:00,2021-08-08 21:00:00+00:00,2021-08-08 21:35:00+00:00,16.4,16.4,1,9.81,target,False,10-20,2021
USD_JPY,2021-08-13 20:55:00+00:00,2021-08-15 21:00:00+00:00,2021-08-15 21:35:00+00:00,8.3,8.3,1,4.92,target,False,5-10,2021
EUR_JPY,2021-08-13 20:55:00+00:00,2021-08-15 21:00:00+00:00,2021-08-15 21:45:00+00:00,8.0,8.0,1,3.75,target,False,5-10,2021
CHF_JPY,2021-08-13 20:55:00+00:00,2021-08-15 21:00:00+00:00,2021-08-15 22:00:00+00:00,-6.6,6.6,-1,0.69,target,False,5-10,2021
NZD_JPY,2021-08-13 20:55:00+00:00,2021-08-15 21:00:00+00:00,2021-08-15 21:40:00+00:00,7.6,7.6,1,2.79,target,False,5-10,2021
EUR_GBP,2021-08-13 20:55:00+00:00,2021-08-15 21:00:00+00:00,2021-08-15 22:25:00+00:00,5.6,5.6,1,2.94,target,False,5-10,2021
GBP_USD,2021-08-13 20:55:00+00:00,2021-08-15 21:00:00+00:00,2021-08-15 22:00:00+00:00,-8.4,8.4,-1,4.71,target,False,5-10,2021
NZD_JPY,2021-08-20 20:55:00+00:00,2021-08-22 21:00:00+00:00,2021-08-22 21:05:00+00:00,-5.3,5.3,-1,0.72,target,False,5-10,2021
CAD_JPY,2021-08-20 20:55:00+00:00,2021-08-22 21:00:00+00:00,2021-08-22 22:05:00+00:00,-5.8,5.8,-1,1.77,target,False,5-10,2021
EUR_GBP,2021-08-20 20:55:00+00:00,2021-08-22 21:00:00+00:00,2021-08-22 21:10:00+00:00,-5.2,5.2,-1,2.58,target,False,5-10,2021
EUR_JPY,2021-08-20 20:55:00+00:00,2021-08-22 21:00:00+00:00,2021-08-22 22:00:00+00:00,-6.2,6.2,-1,2.13,target,False,5-10,2021
USD_JPY,2021-08-20 20:55:00+00:00,2021-08-22 21:00:00+00:00,2021-08-22 21:05:00+00:00,-6.6,6.6,-1,3.39,target,False,5-10,2021
AUD_JPY,2021-08-20 20:55:00+00:00,2021-08-22 21:00:00+00:00,2021-08-22 21:05:00+00:00,-10.3,10.3,-1,6.12,target,False,10-20,2021
AUD_USD,2021-08-20 20:55:00+00:00,2021-08-22 21:00:00+00:00,2021-08-22 21:05:00+00:00,-15.6,15.6,-1,12.09,target,False,10-20,2021
AUD_USD,2021-08-27 20:55:00+00:00,2021-08-29 21:00:00+00:00,2021-08-29 21:55:00+00:00,-6.7,6.7,-1,4.08,target,False,5-10,2021
NZD_USD,2021-08-27 20:55:00+00:00,2021-08-29 21:00:00+00:00,2021-08-29 21:45:00+00:00,-12.4,12.4,-1,8.91,target,False,10-20,2021
NZD_JPY,2021-08-27 20:55:00+00:00,2021-08-29 21:00:00+00:00,2021-08-29 21:55:00+00:00,-13.8,13.8,-1,8.37,target,False,10-20,2021
CHF_JPY,2021-08-27 20:55:00+00:00,2021-08-29 21:00:00+00:00,2021-08-29 23:45:00+00:00,-5.9,5.9,-1,0.06,target,False,5-10,2021
AUD_JPY,2021-08-27 20:55:00+00:00,2021-08-29 21:00:00+00:00,2021-08-29 21:45:00+00:00,-5.6,5.6,-1,1.89,target,False,5-10,2021
AUD_JPY,2021-09-03 20:55:00+00:00,2021-09-05 21:00:00+00:00,2021-09-05 21:10:00+00:00,7.1,7.1,1,3.24,target,False,5-10,2021
CHF_JPY,2021-09-03 20:55:00+00:00,2021-09-05 21:00:00+00:00,2021-09-05 21:35:00+00:00,10.0,10.0,1,3.75,target,False,5-10,2021
NZD_JPY,2021-09-03 20:55:00+00:00,2021-09-05 21:00:00+00:00,2021-09-05 22:50:00+00:00,8.7,8.7,1,3.78,target,False,5-10,2021
NZD_USD,2021-09-03 20:55:00+00:00,2021-09-05 21:00:00+00:00,2021-09-05 21:35:00+00:00,5.7,5.7,1,2.88,target,False,5-10,2021
CHF_JPY,2021-09-10 20:55:00+00:00,2021-09-12 21:00:00+00:00,2021-09-12 22:10:00+00:00,-18.8,18.8,-1,11.67,target,False,10-20,2021
NZD_JPY,2021-09-10 20:55:00+00:00,2021-09-12 21:00:00+00:00,2021-09-12 21:10:00+00:00,5.3,5.3,1,0.72,target,False,5-10,2021
GBP_USD,2021-09-10 20:55:00+00:00,2021-09-12 21:00:00+00:00,2021-09-12 21:05:00+00:00,7.3,7.3,1,3.72,target,False,5-10,2021
AUD_USD,2021-09-17 20:55:00+00:00,2021-09-19 21:00:00+00:00,2021-09-21 04:05:00+00:00,-7.3,7.3,-1,4.62,target,False,5-10,2021
GBP_USD,2021-09-17 20:55:00+00:00,2021-09-19 21:00:00+00:00,2021-09-19 21:55:00+00:00,7.3,7.3,1,3.72,target,False,5-10,2021
EUR_USD,2021-09-17 20:55:00+00:00,2021-09-19 21:00:00+00:00,2021-09-19 22:15:00+00:00,7.6,7.6,1,4.44,target,False,5-10,2021
AUD_JPY,2021-09-17 20:55:00+00:00,2021-09-19 21:00:00+00:00,2021-09-20 06:45:00+00:00,-14.8,14.8,-1,-53.15,stop,False,10-20,2021
GBP_JPY,2021-09-17 20:55:00+00:00,2021-09-19 21:00:00+00:00,2021-09-19 21:05:00+00:00,8.2,8.2,1,2.43,target,False,5-10,2021
GBP_JPY,2021-09-24 20:55:00+00:00,2021-09-26 21:00:00+00:00,2021-09-26 21:35:00+00:00,-14.1,14.1,-1,7.74,target,False,10-20,2021
NZD_JPY,2021-09-24 20:55:00+00:00,2021-09-26 21:00:00+00:00,2021-09-26 21:15:00+00:00,-7.8,7.8,-1,2.97,target,False,5-10,2021
EUR_GBP,2021-09-24 20:55:00+00:00,2021-09-26 21:00:00+00:00,2021-09-26 21:20:00+00:00,8.5,8.5,1,5.55,target,False,5-10,2021
EUR_USD,2021-09-24 20:55:00+00:00,2021-09-26 21:00:00+00:00,2021-09-26 21:05:00+00:00,7.5,7.5,1,4.35,target,False,5-10,2021
GBP_USD,2021-09-24 20:55:00+00:00,2021-09-26 21:00:00+00:00,2021-09-26 21:35:00+00:00,-6.5,6.5,-1,3.0,target,False,5-10,2021
GBP_USD,2021-10-01 20:55:00+00:00,2021-10-03 21:00:00+00:00,2021-10-03 21:25:00+00:00,11.9,11.9,1,7.86,target,False,10-20,2021
EUR_GBP,2021-10-01 20:55:00+00:00,2021-10-03 21:00:00+00:00,2021-10-03 21:05:00+00:00,-5.7,5.7,-1,3.03,target,False,5-10,2021
NZD_JPY,2021-10-01 20:55:00+00:00,2021-10-03 21:00:00+00:00,2021-10-03 22:20:00+00:00,-13.1,13.1,-1,7.74,target,False,10-20,2021
CHF_JPY,2021-10-01 20:55:00+00:00,2021-10-03 21:00:00+00:00,2021-10-03 22:00:00+00:00,-47.6,47.6,-1,37.59,target,False,20-50,2021
CAD_JPY,2021-10-01 20:55:00+00:00,2021-10-03 21:00:00+00:00,2021-10-03 22:00:00+00:00,-13.0,13.0,-1,8.25,target,False,10-20,2021
AUD_JPY,2021-10-01 20:55:00+00:00,2021-10-03 21:00:00+00:00,2021-10-03 22:00:00+00:00,-14.5,14.5,-1,9.9,target,False,10-20,2021
GBP_JPY,2021-10-01 20:55:00+00:00,2021-10-03 21:00:00+00:00,2021-10-03 21:10:00+00:00,-9.0,9.0,-1,3.15,target,False,5-10,2021
EUR_JPY,2021-10-01 20:55:00+00:00,2021-10-03 21:00:00+00:00,2021-10-03 22:00:00+00:00,-17.1,17.1,-1,11.94,target,False,10-20,2021
USD_JPY,2021-10-01 20:55:00+00:00,2021-10-03 21:00:00+00:00,2021-10-04 01:30:00+00:00,-15.3,15.3,-1,11.22,target,False,10-20,2021
EUR_JPY,2021-10-08 20:55:00+00:00,2021-10-10 21:00:00+00:00,2021-10-10 21:30:00+00:00,-7.7,7.7,-1,3.48,target,False,5-10,2021
CAD_JPY,2021-10-08 20:55:00+00:00,2021-10-10 21:00:00+00:00,2021-10-10 21:05:00+00:00,-7.3,7.3,-1,3.12,target,False,5-10,2021
CHF_JPY,2021-10-08 20:55:00+00:00,2021-10-10 21:00:00+00:00,2021-10-10 21:20:00+00:00,-14.9,14.9,-1,8.16,target,False,10-20,2021
NZD_JPY,2021-10-08 20:55:00+00:00,2021-10-10 21:00:00+00:00,2021-10-11 00:05:00+00:00,-12.6,12.6,-1,7.29,target,False,10-20,2021
NZD_USD,2021-10-08 20:55:00+00:00,2021-10-10 21:00:00+00:00,2021-10-11 00:05:00+00:00,-7.9,7.9,-1,4.86,target,False,5-10,2021
AUD_USD,2021-10-15 20:55:00+00:00,2021-10-17 21:00:00+00:00,2021-10-17 21:35:00+00:00,-5.9,5.9,-1,3.36,target,False,5-10,2021
EUR_USD,2021-10-15 20:55:00+00:00,2021-10-17 21:00:00+00:00,2021-10-17 21:05:00+00:00,-5.9,5.9,-1,2.91,target,False,5-10,2021
GBP_USD,2021-10-15 20:55:00+00:00,2021-10-17 21:00:00+00:00,2021-10-17 21:20:00+00:00,7.9,7.9,1,4.26,target,False,5-10,2021
EUR_GBP,2021-10-15 20:55:00+00:00,2021-10-17 21:00:00+00:00,2021-10-17 21:15:00+00:00,-7.8,7.8,-1,4.92,target,False,5-10,2021
GBP_JPY,2021-10-15 20:55:00+00:00,2021-10-17 21:00:00+00:00,2021-10-17 21:05:00+00:00,7.5,7.5,1,1.8,target,False,5-10,2021
CAD_JPY,2021-10-15 20:55:00+00:00,2021-10-17 21:00:00+00:00,2021-10-17 22:00:00+00:00,-6.9,6.9,-1,2.76,target,False,5-10,2021
EUR_JPY,2021-10-15 20:55:00+00:00,2021-10-17 21:00:00+00:00,2021-10-17 21:15:00+00:00,-5.9,5.9,-1,1.86,target,False,5-10,2021
USD_JPY,2021-10-15 20:55:00+00:00,2021-10-17 21:00:00+00:00,2021-10-17 21:35:00+00:00,5.7,5.7,1,2.58,target,False,5-10,2021
CHF_JPY,2021-10-15 20:55:00+00:00,2021-10-17 21:00:00+00:00,2021-10-17 22:00:00+00:00,-18.0,18.0,-1,10.95,target,False,10-20,2021
USD_JPY,2021-10-22 20:55:00+00:00,2021-10-24 21:00:00+00:00,2021-10-24 22:00:00+00:00,7.4,7.4,1,4.11,target,False,5-10,2021
NZD_USD,2021-10-22 20:55:00+00:00,2021-10-24 21:00:00+00:00,2021-10-24 22:00:00+00:00,-8.0,8.0,-1,4.95,target,False,5-10,2021
GBP_USD,2021-10-22 20:55:00+00:00,2021-10-24 21:00:00+00:00,2021-10-24 21:10:00+00:00,-5.6,5.6,-1,2.19,target,False,5-10,2021
AUD_USD,2021-10-29 20:55:00+00:00,2021-10-31 21:00:00+00:00,2021-10-31 21:10:00+00:00,-6.5,6.5,-1,3.9,target,False,5-10,2021
NZD_USD,2021-10-29 20:55:00+00:00,2021-10-31 21:00:00+00:00,2021-10-31 22:25:00+00:00,-7.0,7.0,-1,4.05,target,False,5-10,2021
NZD_JPY,2021-10-29 20:55:00+00:00,2021-10-31 21:00:00+00:00,2021-10-31 22:00:00+00:00,-5.3,5.3,-1,0.72,target,False,5-10,2021
AUD_JPY,2021-10-29 20:55:00+00:00,2021-10-31 21:00:00+00:00,2021-10-31 21:05:00+00:00,-6.1,6.1,-1,2.34,target,False,5-10,2021
GBP_JPY,2021-10-29 20:55:00+00:00,2021-10-31 21:00:00+00:00,2021-11-01 00:50:00+00:00,8.0,8.0,1,2.25,target,False,5-10,2021
USD_JPY,2021-10-29 20:55:00+00:00,2021-10-31 21:00:00+00:00,2021-11-02 03:30:00+00:00,15.8,15.8,1,11.67,target,False,10-20,2021
EUR_JPY,2021-11-05 20:55:00+00:00,2021-11-07 22:00:00+00:00,2021-11-07 22:15:00+00:00,-15.0,15.0,-1,10.05,target,False,10-20,2021
GBP_JPY,2021-11-05 20:55:00+00:00,2021-11-07 22:00:00+00:00,2021-11-07 22:05:00+00:00,-24.1,24.1,-1,16.74,target,False,20-50,2021
AUD_JPY,2021-11-05 20:55:00+00:00,2021-11-07 22:00:00+00:00,2021-11-07 22:05:00+00:00,-7.9,7.9,-1,3.96,target,False,5-10,2021
CHF_JPY,2021-11-05 20:55:00+00:00,2021-11-07 22:00:00+00:00,2021-11-07 22:20:00+00:00,-11.4,11.4,-1,5.01,target,False,10-20,2021
NZD_JPY,2021-11-05 20:55:00+00:00,2021-11-07 22:00:00+00:00,2021-11-07 22:15:00+00:00,-12.4,12.4,-1,7.11,target,False,10-20,2021
GBP_USD,2021-11-05 20:55:00+00:00,2021-11-07 22:00:00+00:00,2021-11-07 22:05:00+00:00,-16.2,16.2,-1,11.73,target,False,10-20,2021
EUR_USD,2021-11-05 20:55:00+00:00,2021-11-07 22:00:00+00:00,2021-11-07 23:15:00+00:00,-9.0,9.0,-1,5.7,target,False,5-10,2021
NZD_USD,2021-11-05 20:55:00+00:00,2021-11-07 22:00:00+00:00,2021-11-07 22:15:00+00:00,-8.1,8.1,-1,5.04,target,False,5-10,2021
NZD_USD,2021-11-12 21:55:00+00:00,2021-11-14 22:00:00+00:00,2021-11-14 22:15:00+00:00,-5.1,5.1,-1,2.34,target,False,5-10,2021
AUD_USD,2021-11-12 21:55:00+00:00,2021-11-14 22:00:00+00:00,2021-11-14 22:05:00+00:00,-5.4,5.4,-1,2.91,target,False,5-10,2021
EUR_JPY,2021-11-12 21:55:00+00:00,2021-11-14 22:00:00+00:00,2021-11-15 00:25:00+00:00,6.6,6.6,1,2.49,target,False,5-10,2021
AUD_JPY,2021-11-12 21:55:00+00:00,2021-11-14 22:00:00+00:00,2021-11-14 22:05:00+00:00,-5.3,5.3,-1,1.62,target,False,5-10,2021
EUR_USD,2021-11-12 21:55:00+00:00,2021-11-14 22:00:00+00:00,2021-11-14 22:30:00+00:00,5.3,5.3,1,2.37,target,False,5-10,2021
CHF_JPY,2021-11-26 21:55:00+00:00,2021-11-28 22:00:00+00:00,2021-11-28 22:10:00+00:00,35.8,35.8,1,26.97,target,False,20-50,2021
EUR_USD,2021-11-26 21:55:00+00:00,2021-11-28 22:00:00+00:00,2021-11-28 22:05:00+00:00,-7.6,7.6,-1,4.44,target,False,5-10,2021
GBP_USD,2021-11-26 21:55:00+00:00,2021-11-28 22:00:00+00:00,2021-11-28 22:15:00+00:00,6.5,6.5,1,3.0,target,False,5-10,2021
NZD_USD,2021-11-26 21:55:00+00:00,2021-11-28 22:00:00+00:00,2021-11-28 22:25:00+00:00,15.6,15.6,1,11.79,target,False,10-20,2021
AUD_USD,2021-11-26 21:55:00+00:00,2021-11-28 22:00:00+00:00,2021-11-28 22:05:00+00:00,17.2,17.2,1,13.53,target,False,10-20,2021
EUR_GBP,2021-11-26 21:55:00+00:00,2021-11-28 22:00:00+00:00,2021-11-30 05:15:00+00:00,-15.1,15.1,-1,11.49,target,False,10-20,2021
NZD_JPY,2021-11-26 21:55:00+00:00,2021-11-28 22:00:00+00:00,2021-11-28 22:20:00+00:00,39.0,39.0,1,31.05,target,False,20-50,2021
CAD_JPY,2021-11-26 21:55:00+00:00,2021-11-28 22:00:00+00:00,2021-11-29 06:05:00+00:00,50.9,50.9,1,42.36,target,False,50+,2021
AUD_JPY,2021-11-26 21:55:00+00:00,2021-11-28 22:00:00+00:00,2021-11-28 22:20:00+00:00,43.7,43.7,1,36.18,target,False,20-50,2021
GBP_JPY,2021-11-26 21:55:00+00:00,2021-11-28 22:00:00+00:00,2021-11-28 22:20:00+00:00,51.9,51.9,1,41.76,target,False,50+,2021
EUR_JPY,2021-11-26 21:55:00+00:00,2021-11-28 22:00:00+00:00,2021-11-28 22:05:00+00:00,8.7,8.7,1,4.38,target,False,5-10,2021
USD_JPY,2021-11-26 21:55:00+00:00,2021-11-28 22:00:00+00:00,2021-11-28 22:20:00+00:00,31.8,31.8,1,26.07,target,False,20-50,2021
EUR_USD,2021-11-19 21:55:00+00:00,2021-11-28 22:00:00+00:00,2021-11-28 23:10:00+00:00,20.7,20.7,1,16.23,target,False,20-50,2021
CHF_JPY,2021-11-19 21:55:00+00:00,2021-11-28 22:00:00+00:00,2021-11-28 22:05:00+00:00,29.1,29.1,1,20.94,target,False,20-50,2021
EUR_JPY,2021-11-19 21:55:00+00:00,2021-11-28 22:00:00+00:00,2021-11-29 05:20:00+00:00,-15.2,15.2,-1,-53.45,stop,False,10-20,2021
USD_JPY,2021-11-19 21:55:00+00:00,2021-11-28 22:00:00+00:00,2021-11-29 06:00:00+00:00,-30.2,30.2,-1,-52.55,stop,False,20-50,2021
NZD_USD,2021-12-03 21:55:00+00:00,2021-12-05 18:00:00+00:00,2021-12-05 22:10:00+00:00,20.9,20.9,1,16.56,target,False,20-50,2021
EUR_USD,2021-12-03 21:55:00+00:00,2021-12-05 22:00:00+00:00,2021-12-05 22:55:00+00:00,-7.9,7.9,-1,4.71,target,False,5-10,2021
GBP_USD,2021-12-03 21:55:00+00:00,2021-12-05 22:00:00+00:00,2021-12-05 22:35:00+00:00,11.8,11.8,1,7.77,target,False,10-20,2021
NZD_JPY,2021-12-03 21:55:00+00:00,2021-12-05 22:00:00+00:00,2021-12-07 03:45:00+00:00,6.9,6.9,1,-54.05,stop,False,5-10,2021
CAD_JPY,2021-12-03 21:55:00+00:00,2021-12-05 22:00:00+00:00,2021-12-06 09:00:00+00:00,12.9,12.9,1,-53.45,stop,False,10-20,2021
AUD_JPY,2021-12-03 21:55:00+00:00,2021-12-05 22:00:00+00:00,2021-12-06 09:00:00+00:00,7.2,7.2,1,-53.15,stop,False,5-10,2021
GBP_JPY,2021-12-03 21:55:00+00:00,2021-12-05 22:00:00+00:00,2021-12-05 22:05:00+00:00,17.6,17.6,1,10.89,target,False,10-20,2021
GBP_JPY,2021-12-10 21:55:00+00:00,2021-12-12 22:00:00+00:00,2021-12-12 22:30:00+00:00,-7.0,7.0,-1,1.35,target,False,5-10,2021
AUD_JPY,2021-12-10 21:55:00+00:00,2021-12-12 22:00:00+00:00,2021-12-12 23:00:00+00:00,-5.9,5.9,-1,2.16,target,False,5-10,2021
CHF_JPY,2021-12-10 21:55:00+00:00,2021-12-12 22:00:00+00:00,2021-12-12 22:40:00+00:00,-13.6,13.6,-1,6.99,target,False,10-20,2021
USD_JPY,2021-12-17 21:55:00+00:00,2021-12-19 22:00:00+00:00,2021-12-19 22:10:00+00:00,-7.9,7.9,-1,4.56,target,False,5-10,2021
EUR_JPY,2021-12-17 21:55:00+00:00,2021-12-19 22:00:00+00:00,2021-12-19 22:05:00+00:00,-7.3,7.3,-1,3.12,target,False,5-10,2021
GBP_JPY,2021-12-17 21:55:00+00:00,2021-12-19 22:00:00+00:00,2021-12-19 22:05:00+00:00,-6.4,6.4,-1,0.81,target,False,5-10,2021
CAD_JPY,2021-12-17 21:55:00+00:00,2021-12-19 22:00:00+00:00,2021-12-19 22:05:00+00:00,-5.7,5.7,-1,1.68,target,False,5-10,2021
CHF_JPY,2021-12-17 21:55:00+00:00,2021-12-19 22:00:00+00:00,2021-12-19 22:05:00+00:00,13.2,13.2,1,6.63,target,False,10-20,2021
EUR_USD,2021-12-24 21:55:00+00:00,2021-12-26 22:00:00+00:00,2021-12-26 22:30:00+00:00,7.8,7.8,1,4.62,target,False,5-10,2021
EUR_GBP,2021-12-24 21:55:00+00:00,2021-12-26 22:00:00+00:00,2021-12-26 23:00:00+00:00,-7.1,7.1,-1,4.29,target,False,5-10,2021
NZD_USD,2021-12-24 21:55:00+00:00,2021-12-26 22:00:00+00:00,2021-12-26 22:25:00+00:00,13.0,13.0,1,9.45,target,False,10-20,2021
CHF_JPY,2021-12-24 21:55:00+00:00,2021-12-26 22:00:00+00:00,2021-12-26 23:00:00+00:00,-8.6,8.6,-1,2.49,target,False,5-10,2021
GBP_JPY,2021-12-24 21:55:00+00:00,2021-12-26 22:00:00+00:00,2021-12-26 22:25:00+00:00,-6.2,6.2,-1,0.63,target,False,5-10,2021
NZD_JPY,2021-12-24 21:55:00+00:00,2021-12-26 22:00:00+00:00,2021-12-26 22:20:00+00:00,12.7,12.7,1,7.38,target,False,10-20,2021
AUD_JPY,2021-12-31 21:55:00+00:00,2022-01-02 22:00:00+00:00,2022-01-02 22:40:00+00:00,-6.7,6.7,-1,2.88,target,False,5-10,2022
CHF_JPY,2021-12-31 21:55:00+00:00,2022-01-02 22:00:00+00:00,2022-01-02 23:10:00+00:00,6.5,6.5,1,0.6,target,False,5-10,2022
NZD_JPY,2021-12-31 21:55:00+00:00,2022-01-02 22:00:00+00:00,2022-01-02 23:00:00+00:00,-7.8,7.8,-1,2.97,target,False,5-10,2022
NZD_USD,2021-12-31 21:55:00+00:00,2022-01-02 22:00:00+00:00,2022-01-02 23:00:00+00:00,-7.6,7.6,-1,4.59,target,False,5-10,2022
USD_JPY,2022-01-07 21:55:00+00:00,2022-01-09 22:00:00+00:00,2022-01-10 01:00:00+00:00,7.4,7.4,1,4.11,target,False,5-10,2022
GBP_USD,2022-01-07 21:55:00+00:00,2022-01-09 22:00:00+00:00,2022-01-09 22:15:00+00:00,-8.8,8.8,-1,5.07,target,False,5-10,2022
AUD_USD,2022-01-07 21:55:00+00:00,2022-01-09 22:00:00+00:00,2022-01-09 23:00:00+00:00,-5.6,5.6,-1,3.09,target,False,5-10,2022
GBP_USD,2022-01-14 21:55:00+00:00,2022-01-16 22:00:00+00:00,2022-01-16 22:05:00+00:00,-6.8,6.8,-1,3.27,target,False,5-10,2022
AUD_USD,2022-01-14 21:55:00+00:00,2022-01-16 22:00:00+00:00,2022-01-16 22:35:00+00:00,8.0,8.0,1,5.25,target,False,5-10,2022
NZD_USD,2022-01-14 21:55:00+00:00,2022-01-16 22:00:00+00:00,2022-01-16 22:55:00+00:00,11.5,11.5,1,8.1,target,False,10-20,2022
NZD_JPY,2022-01-14 21:55:00+00:00,2022-01-16 22:00:00+00:00,2022-01-16 22:55:00+00:00,8.4,8.4,1,3.51,target,False,5-10,2022
CHF_JPY,2022-01-14 21:55:00+00:00,2022-01-16 22:00:00+00:00,2022-01-16 22:55:00+00:00,10.9,10.9,1,4.56,target,False,10-20,2022
CAD_JPY,2022-01-14 21:55:00+00:00,2022-01-16 22:00:00+00:00,2022-01-17 10:05:00+00:00,11.1,11.1,1,-53.45,stop,False,10-20,2022
AUD_JPY,2022-01-14 21:55:00+00:00,2022-01-16 22:00:00+00:00,2022-01-18 03:35:00+00:00,11.5,11.5,1,-53.15,stop,False,10-20,2022
GBP_JPY,2022-01-14 21:55:00+00:00,2022-01-16 22:00:00+00:00,2022-01-16 22:35:00+00:00,-5.8,5.8,-1,0.27,target,False,5-10,2022
USD_JPY,2022-01-28 21:55:00+00:00,2022-01-30 22:00:00+00:00,2022-01-30 23:45:00+00:00,5.8,5.8,1,2.67,target,False,5-10,2022
CAD_JPY,2022-01-28 21:55:00+00:00,2022-01-30 22:00:00+00:00,2022-01-31 08:45:00+00:00,8.6,8.6,1,-53.45,stop,False,5-10,2022
NZD_JPY,2022-01-28 21:55:00+00:00,2022-01-30 22:00:00+00:00,2022-01-31 08:40:00+00:00,6.4,6.4,1,-54.05,stop,False,5-10,2022
GBP_USD,2022-01-28 21:55:00+00:00,2022-01-30 22:00:00+00:00,2022-01-30 22:50:00+00:00,-7.3,7.3,-1,3.72,target,False,5-10,2022
EUR_USD,2022-02-04 21:55:00+00:00,2022-02-06 22:00:00+00:00,2022-02-06 23:50:00+00:00,9.9,9.9,1,6.51,target,False,5-10,2022
NZD_JPY,2022-02-04 21:55:00+00:00,2022-02-06 22:00:00+00:00,2022-02-06 22:10:00+00:00,6.9,6.9,1,2.16,target,False,5-10,2022
CHF_JPY,2022-02-04 21:55:00+00:00,2022-02-06 22:00:00+00:00,2022-02-07 02:35:00+00:00,15.3,15.3,1,8.52,target,False,10-20,2022
CAD_JPY,2022-02-04 21:55:00+00:00,2022-02-06 22:00:00+00:00,2022-02-07 09:30:00+00:00,19.2,19.2,1,13.83,target,False,10-20,2022
AUD_JPY,2022-02-04 21:55:00+00:00,2022-02-06 22:00:00+00:00,2022-02-07 00:00:00+00:00,9.6,9.6,1,5.49,target,False,5-10,2022
GBP_JPY,2022-02-04 21:55:00+00:00,2022-02-06 22:00:00+00:00,2022-02-06 23:50:00+00:00,18.0,18.0,1,11.25,target,False,10-20,2022
EUR_JPY,2022-02-04 21:55:00+00:00,2022-02-06 22:00:00+00:00,2022-02-07 00:05:00+00:00,20.8,20.8,1,15.27,target,False,20-50,2022
USD_JPY,2022-02-04 21:55:00+00:00,2022-02-06 22:00:00+00:00,2022-02-07 00:05:00+00:00,8.7,8.7,1,5.28,target,False,5-10,2022
USD_JPY,2022-02-11 21:55:00+00:00,2022-02-13 22:00:00+00:00,2022-02-13 23:00:00+00:00,-12.7,12.7,-1,8.88,target,False,10-20,2022
EUR_JPY,2022-02-11 21:55:00+00:00,2022-02-13 22:00:00+00:00,2022-02-13 23:00:00+00:00,-20.9,20.9,-1,15.36,target,False,20-50,2022
GBP_JPY,2022-02-11 21:55:00+00:00,2022-02-13 22:00:00+00:00,2022-02-13 22:35:00+00:00,-24.2,24.2,-1,16.83,target,False,20-50,2022
AUD_JPY,2022-02-11 21:55:00+00:00,2022-02-13 22:00:00+00:00,2022-02-13 22:45:00+00:00,-9.5,9.5,-1,5.4,target,False,5-10,2022
CAD_JPY,2022-02-11 21:55:00+00:00,2022-02-13 22:00:00+00:00,2022-02-13 22:05:00+00:00,-5.5,5.5,-1,1.5,target,False,5-10,2022
CHF_JPY,2022-02-11 21:55:00+00:00,2022-02-13 22:00:00+00:00,2022-02-13 22:20:00+00:00,-15.0,15.0,-1,8.25,target,False,10-20,2022
NZD_JPY,2022-02-11 21:55:00+00:00,2022-02-13 22:00:00+00:00,2022-02-13 22:45:00+00:00,-5.9,5.9,-1,1.26,target,False,5-10,2022
EUR_USD,2022-02-11 21:55:00+00:00,2022-02-13 22:00:00+00:00,2022-02-13 22:35:00+00:00,-6.9,6.9,-1,3.81,target,False,5-10,2022
GBP_USD,2022-02-18 21:55:00+00:00,2022-02-20 22:00:00+00:00,2022-02-20 23:25:00+00:00,9.5,9.5,1,5.7,target,False,5-10,2022
EUR_JPY,2022-02-18 21:55:00+00:00,2022-02-20 22:00:00+00:00,2022-02-20 22:05:00+00:00,-6.6,6.6,-1,2.49,target,False,5-10,2022
USD_JPY,2022-02-25 21:55:00+00:00,2022-02-27 22:00:00+00:00,2022-02-27 22:05:00+00:00,-6.5,6.5,-1,3.3,target,False,5-10,2022
AUD_JPY,2022-02-25 21:55:00+00:00,2022-02-27 22:00:00+00:00,2022-02-28 14:55:00+00:00,-56.9,56.9,-1,48.06,target,False,50+,2022
CAD_JPY,2022-02-25 21:55:00+00:00,2022-02-27 22:00:00+00:00,2022-02-28 15:25:00+00:00,-51.6,51.6,-1,42.99,target,False,50+,2022
CHF_JPY,2022-02-25 21:55:00+00:00,2022-02-27 22:00:00+00:00,2022-02-27 22:05:00+00:00,-50.4,50.4,-1,40.11,target,False,50+,2022
EUR_GBP,2022-02-25 21:55:00+00:00,2022-02-27 22:00:00+00:00,2022-03-01 22:00:00+00:00,-47.7,47.7,-1,-8.1,timeout,False,20-50,2022
AUD_USD,2022-02-25 21:55:00+00:00,2022-02-27 22:00:00+00:00,2022-02-28 12:50:00+00:00,-41.3,41.3,-1,35.22,target,False,20-50,2022
EUR_USD,2022-03-04 21:55:00+00:00,2022-03-06 22:00:00+00:00,2022-03-06 23:05:00+00:00,-8.2,8.2,-1,-52.4,stop,False,5-10,2022
NZD_USD,2022-03-04 21:55:00+00:00,2022-03-06 22:00:00+00:00,2022-03-06 23:25:00+00:00,-11.0,11.0,-1,7.65,target,False,10-20,2022
NZD_JPY,2022-03-04 21:55:00+00:00,2022-03-06 22:00:00+00:00,2022-03-06 22:05:00+00:00,-5.0,5.0,-1,0.45,target,False,<5,2022
CHF_JPY,2022-03-04 21:55:00+00:00,2022-03-06 22:00:00+00:00,2022-03-06 23:00:00+00:00,13.4,13.4,1,6.81,target,False,10-20,2022
GBP_USD,2022-03-04 21:55:00+00:00,2022-03-06 22:00:00+00:00,2022-03-06 22:30:00+00:00,-7.7,7.7,-1,4.08,target,False,5-10,2022
CAD_JPY,2022-03-04 21:55:00+00:00,2022-03-06 22:00:00+00:00,2022-03-06 22:10:00+00:00,11.6,11.6,1,6.99,target,False,10-20,2022
GBP_JPY,2022-03-04 21:55:00+00:00,2022-03-06 22:00:00+00:00,2022-03-06 22:05:00+00:00,6.3,6.3,1,0.72,target,False,5-10,2022
EUR_JPY,2022-03-04 21:55:00+00:00,2022-03-06 22:00:00+00:00,2022-03-06 22:05:00+00:00,5.1,5.1,1,1.14,target,False,5-10,2022
USD_JPY,2022-03-04 21:55:00+00:00,2022-03-06 22:00:00+00:00,2022-03-06 23:00:00+00:00,11.2,11.2,1,7.53,target,False,10-20,2022
AUD_JPY,2022-03-04 21:55:00+00:00,2022-03-06 22:00:00+00:00,2022-03-06 23:00:00+00:00,8.5,8.5,1,4.5,target,False,5-10,2022
USD_JPY,2022-03-11 21:55:00+00:00,2022-03-13 21:00:00+00:00,2022-03-14 02:40:00+00:00,7.6,7.6,1,-52.55,stop,False,5-10,2022
EUR_JPY,2022-03-11 21:55:00+00:00,2022-03-13 21:00:00+00:00,2022-03-13 22:00:00+00:00,18.2,18.2,1,12.93,target,False,10-20,2022
GBP_JPY,2022-03-11 21:55:00+00:00,2022-03-13 21:00:00+00:00,2022-03-13 21:35:00+00:00,15.9,15.9,1,9.36,target,False,10-20,2022
CAD_JPY,2022-03-11 21:55:00+00:00,2022-03-13 21:00:00+00:00,2022-03-15 07:05:00+00:00,20.5,20.5,1,15.0,target,False,20-50,2022
CHF_JPY,2022-03-11 21:55:00+00:00,2022-03-13 21:00:00+00:00,2022-03-14 09:35:00+00:00,18.3,18.3,1,-55.25,stop,False,10-20,2022
NZD_JPY,2022-03-11 21:55:00+00:00,2022-03-13 21:00:00+00:00,2022-03-13 21:25:00+00:00,9.6,9.6,1,4.59,target,False,5-10,2022
EUR_USD,2022-03-11 21:55:00+00:00,2022-03-13 21:00:00+00:00,2022-03-13 22:00:00+00:00,10.4,10.4,1,6.96,target,False,10-20,2022
GBP_USD,2022-03-11 21:55:00+00:00,2022-03-13 21:00:00+00:00,2022-03-13 21:35:00+00:00,6.5,6.5,1,3.0,target,False,5-10,2022
NZD_USD,2022-03-18 20:55:00+00:00,2022-03-20 21:00:00+00:00,2022-03-21 00:20:00+00:00,-7.1,7.1,-1,4.14,target,False,5-10,2022
EUR_USD,2022-03-18 20:55:00+00:00,2022-03-20 21:00:00+00:00,2022-03-20 21:45:00+00:00,8.8,8.8,1,5.52,target,False,5-10,2022
EUR_GBP,2022-03-18 20:55:00+00:00,2022-03-20 21:00:00+00:00,2022-03-20 21:40:00+00:00,5.3,5.3,1,2.67,target,False,5-10,2022
CHF_JPY,2022-03-18 20:55:00+00:00,2022-03-20 21:00:00+00:00,2022-03-20 21:45:00+00:00,-8.0,8.0,-1,1.95,target,False,5-10,2022
EUR_JPY,2022-03-18 20:55:00+00:00,2022-03-20 21:00:00+00:00,2022-03-20 21:40:00+00:00,8.3,8.3,1,4.02,target,False,5-10,2022
NZD_JPY,2022-03-18 20:55:00+00:00,2022-03-20 21:00:00+00:00,2022-03-20 22:10:00+00:00,-7.4,7.4,-1,2.61,target,False,5-10,2022
GBP_JPY,2022-03-25 20:55:00+00:00,2022-03-27 21:00:00+00:00,2022-03-27 21:05:00+00:00,6.6,6.6,1,0.99,target,False,5-10,2022
AUD_JPY,2022-03-25 20:55:00+00:00,2022-03-27 21:00:00+00:00,2022-03-27 21:10:00+00:00,-11.5,11.5,-1,7.2,target,False,10-20,2022
CAD_JPY,2022-03-25 20:55:00+00:00,2022-03-27 21:00:00+00:00,2022-03-27 22:00:00+00:00,-6.2,6.2,-1,2.13,target,False,5-10,2022
NZD_JPY,2022-03-25 20:55:00+00:00,2022-03-27 21:00:00+00:00,2022-03-27 21:05:00+00:00,-7.8,7.8,-1,2.97,target,False,5-10,2022
AUD_USD,2022-03-25 20:55:00+00:00,2022-03-27 21:00:00+00:00,2022-03-27 21:10:00+00:00,-8.3,8.3,-1,5.52,target,False,5-10,2022
NZD_USD,2022-03-25 20:55:00+00:00,2022-03-27 21:00:00+00:00,2022-03-27 21:05:00+00:00,-7.4,7.4,-1,4.41,target,False,5-10,2022
EUR_USD,2022-04-01 20:55:00+00:00,2022-04-03 21:00:00+00:00,2022-04-04 00:05:00+00:00,-9.3,9.3,-1,5.97,target,False,5-10,2022
AUD_USD,2022-04-01 20:55:00+00:00,2022-04-03 21:00:00+00:00,2022-04-04 01:20:00+00:00,-9.2,9.2,-1,6.33,target,False,5-10,2022
GBP_USD,2022-04-01 20:55:00+00:00,2022-04-03 21:00:00+00:00,2022-04-03 21:25:00+00:00,-14.6,14.6,-1,10.29,target,False,10-20,2022
USD_JPY,2022-04-01 20:55:00+00:00,2022-04-03 21:00:00+00:00,2022-04-03 21:55:00+00:00,6.6,6.6,1,3.39,target,False,5-10,2022
AUD_JPY,2022-04-01 20:55:00+00:00,2022-04-03 21:00:00+00:00,2022-04-03 21:50:00+00:00,-5.6,5.6,-1,1.89,target,False,5-10,2022
GBP_JPY,2022-04-01 20:55:00+00:00,2022-04-03 21:00:00+00:00,2022-04-03 21:05:00+00:00,-8.2,8.2,-1,2.43,target,False,5-10,2022
NZD_JPY,2022-04-01 20:55:00+00:00,2022-04-03 21:00:00+00:00,2022-04-03 21:20:00+00:00,5.3,5.3,1,0.72,target,False,5-10,2022
EUR_GBP,2022-04-08 20:55:00+00:00,2022-04-10 21:00:00+00:00,2022-04-11 15:45:00+00:00,33.0,33.0,1,27.6,target,False,20-50,2022
NZD_JPY,2022-04-08 20:55:00+00:00,2022-04-10 21:00:00+00:00,2022-04-10 21:45:00+00:00,-12.3,12.3,-1,7.02,target,False,10-20,2022
CAD_JPY,2022-04-08 20:55:00+00:00,2022-04-10 21:00:00+00:00,2022-04-10 21:20:00+00:00,-12.4,12.4,-1,7.71,target,False,10-20,2022
EUR_USD,2022-04-08 20:55:00+00:00,2022-04-10 21:00:00+00:00,2022-04-11 00:30:00+00:00,42.0,42.0,1,35.4,target,False,20-50,2022
GBP_JPY,2022-04-08 20:55:00+00:00,2022-04-10 21:00:00+00:00,2022-04-10 22:00:00+00:00,-32.1,32.1,-1,23.94,target,False,20-50,2022
EUR_JPY,2022-04-08 20:55:00+00:00,2022-04-10 21:00:00+00:00,2022-04-11 01:30:00+00:00,28.8,28.8,1,-53.45,stop,False,20-50,2022
USD_JPY,2022-04-08 20:55:00+00:00,2022-04-10 21:00:00+00:00,2022-04-10 22:00:00+00:00,-22.1,22.1,-1,17.34,target,False,20-50,2022
AUD_JPY,2022-04-08 20:55:00+00:00,2022-04-10 21:00:00+00:00,2022-04-10 21:45:00+00:00,-19.1,19.1,-1,14.04,target,False,10-20,2022
EUR_JPY,2022-04-15 20:55:00+00:00,2022-04-17 21:00:00+00:00,2022-04-17 22:05:00+00:00,-17.7,17.7,-1,12.48,target,False,10-20,2022
GBP_JPY,2022-04-15 20:55:00+00:00,2022-04-17 21:00:00+00:00,2022-04-17 21:25:00+00:00,-11.2,11.2,-1,5.13,target,False,10-20,2022
AUD_JPY,2022-04-15 20:55:00+00:00,2022-04-17 21:00:00+00:00,2022-04-17 22:00:00+00:00,-5.1,5.1,-1,1.44,target,False,5-10,2022
NZD_JPY,2022-04-15 20:55:00+00:00,2022-04-17 21:00:00+00:00,2022-04-18 00:50:00+00:00,19.2,19.2,1,13.23,target,False,10-20,2022
EUR_GBP,2022-04-15 20:55:00+00:00,2022-04-17 21:00:00+00:00,2022-04-17 22:55:00+00:00,-8.7,8.7,-1,5.73,target,False,5-10,2022
NZD_USD,2022-04-15 20:55:00+00:00,2022-04-17 21:00:00+00:00,2022-04-17 23:45:00+00:00,17.0,17.0,1,13.05,target,False,10-20,2022
EUR_USD,2022-04-15 20:55:00+00:00,2022-04-17 21:00:00+00:00,2022-04-17 22:30:00+00:00,-9.1,9.1,-1,5.79,target,False,5-10,2022
EUR_USD,2022-04-22 20:55:00+00:00,2022-04-24 21:00:00+00:00,2022-04-24 21:10:00+00:00,10.5,10.5,1,7.05,target,False,10-20,2022
AUD_USD,2022-04-22 20:55:00+00:00,2022-04-24 21:00:00+00:00,2022-04-24 21:05:00+00:00,5.4,5.4,1,2.91,target,False,5-10,2022
EUR_GBP,2022-04-22 20:55:00+00:00,2022-04-24 21:00:00+00:00,2022-04-25 06:10:00+00:00,9.7,9.7,1,6.63,target,False,5-10,2022
CAD_JPY,2022-04-22 20:55:00+00:00,2022-04-24 21:00:00+00:00,2022-04-24 21:25:00+00:00,-10.2,10.2,-1,5.73,target,False,10-20,2022
NZD_JPY,2022-04-22 20:55:00+00:00,2022-04-24 21:00:00+00:00,2022-04-24 21:05:00+00:00,-6.2,6.2,-1,1.53,target,False,5-10,2022
GBP_JPY,2022-04-22 20:55:00+00:00,2022-04-24 21:00:00+00:00,2022-04-24 21:05:00+00:00,-7.7,7.7,-1,1.98,target,False,5-10,2022
EUR_JPY,2022-04-22 20:55:00+00:00,2022-04-24 21:00:00+00:00,2022-04-24 21:05:00+00:00,-16.1,16.1,-1,11.04,target,False,10-20,2022
EUR_USD,2022-04-29 20:55:00+00:00,2022-05-01 21:00:00+00:00,2022-05-01 21:05:00+00:00,9.0,9.0,1,5.7,target,False,5-10,2022
AUD_USD,2022-04-29 20:55:00+00:00,2022-05-01 21:00:00+00:00,2022-05-01 22:30:00+00:00,9.7,9.7,1,6.78,target,False,5-10,2022
NZD_JPY,2022-04-29 20:55:00+00:00,2022-05-01 21:00:00+00:00,2022-05-01 21:05:00+00:00,10.0,10.0,1,4.95,target,False,5-10,2022
GBP_USD,2022-04-29 20:55:00+00:00,2022-05-01 21:00:00+00:00,2022-05-01 22:30:00+00:00,8.9,8.9,1,5.16,target,False,5-10,2022
CAD_JPY,2022-04-29 20:55:00+00:00,2022-05-01 21:00:00+00:00,2022-05-02 00:15:00+00:00,13.7,13.7,1,8.88,target,False,10-20,2022
AUD_JPY,2022-04-29 20:55:00+00:00,2022-05-01 21:00:00+00:00,2022-05-02 02:00:00+00:00,14.7,14.7,1,10.08,target,False,10-20,2022
EUR_JPY,2022-04-29 20:55:00+00:00,2022-05-01 21:00:00+00:00,2022-05-01 21:10:00+00:00,8.7,8.7,1,4.38,target,False,5-10,2022
CHF_JPY,2022-04-29 20:55:00+00:00,2022-05-01 21:00:00+00:00,2022-05-02 00:10:00+00:00,55.1,55.1,1,44.34,target,False,50+,2022
GBP_JPY,2022-05-06 20:55:00+00:00,2022-05-08 21:00:00+00:00,2022-05-08 21:05:00+00:00,16.0,16.0,1,9.45,target,False,10-20,2022
AUD_JPY,2022-05-06 20:55:00+00:00,2022-05-08 21:00:00+00:00,2022-05-09 00:50:00+00:00,-7.5,7.5,-1,-53.15,stop,False,5-10,2022
EUR_GBP,2022-05-06 20:55:00+00:00,2022-05-08 21:00:00+00:00,2022-05-08 21:05:00+00:00,-10.3,10.3,-1,7.17,target,False,10-20,2022
GBP_USD,2022-05-06 20:55:00+00:00,2022-05-08 21:00:00+00:00,2022-05-08 21:05:00+00:00,12.8,12.8,1,8.67,target,False,10-20,2022
AUD_USD,2022-05-06 20:55:00+00:00,2022-05-08 21:00:00+00:00,2022-05-09 00:50:00+00:00,-7.8,7.8,-1,-51.95,stop,False,5-10,2022
NZD_JPY,2022-05-06 20:55:00+00:00,2022-05-08 21:05:00+00:00,2022-05-08 21:10:00+00:00,-5.1,5.1,-1,0.54,target,False,5-10,2022
GBP_USD,2022-05-13 20:55:00+00:00,2022-05-15 21:00:00+00:00,2022-05-15 21:05:00+00:00,-16.4,16.4,-1,11.91,target,False,10-20,2022
NZD_USD,2022-05-13 20:55:00+00:00,2022-05-15 21:00:00+00:00,2022-05-15 22:05:00+00:00,-9.4,9.4,-1,6.21,target,False,5-10,2022
AUD_USD,2022-05-13 20:55:00+00:00,2022-05-15 21:00:00+00:00,2022-05-15 22:00:00+00:00,-11.4,11.4,-1,8.31,target,False,10-20,2022
CHF_JPY,2022-05-13 20:55:00+00:00,2022-05-15 21:00:00+00:00,2022-05-15 23:25:00+00:00,6.9,6.9,1,0.96,target,False,5-10,2022
EUR_GBP,2022-05-13 20:55:00+00:00,2022-05-15 21:00:00+00:00,2022-05-15 21:05:00+00:00,11.4,11.4,1,8.16,target,False,10-20,2022
AUD_JPY,2022-05-13 20:55:00+00:00,2022-05-15 21:00:00+00:00,2022-05-15 21:55:00+00:00,-13.4,13.4,-1,8.91,target,False,10-20,2022
GBP_JPY,2022-05-13 20:55:00+00:00,2022-05-15 21:00:00+00:00,2022-05-15 21:05:00+00:00,-16.3,16.3,-1,9.72,target,False,10-20,2022
EUR_JPY,2022-05-13 20:55:00+00:00,2022-05-15 21:00:00+00:00,2022-05-15 21:05:00+00:00,13.3,13.3,1,8.52,target,False,10-20,2022
CAD_JPY,2022-05-13 20:55:00+00:00,2022-05-15 21:00:00+00:00,2022-05-15 21:25:00+00:00,-6.3,6.3,-1,2.22,target,False,5-10,2022
NZD_JPY,2022-05-13 20:55:00+00:00,2022-05-15 21:05:00+00:00,2022-05-15 21:35:00+00:00,-10.3,10.3,-1,5.22,target,False,10-20,2022
NZD_USD,2022-05-20 20:55:00+00:00,2022-05-22 21:00:00+00:00,2022-05-22 21:05:00+00:00,-6.7,6.7,-1,3.78,target,False,5-10,2022
GBP_USD,2022-05-20 20:55:00+00:00,2022-05-22 21:00:00+00:00,2022-05-22 22:00:00+00:00,-12.3,12.3,-1,8.22,target,False,10-20,2022
EUR_USD,2022-05-20 20:55:00+00:00,2022-05-22 21:00:00+00:00,2022-05-23 08:00:00+00:00,9.4,9.4,1,-52.4,stop,False,5-10,2022
EUR_GBP,2022-05-20 20:55:00+00:00,2022-05-22 21:00:00+00:00,2022-05-22 23:55:00+00:00,11.7,11.7,1,8.43,target,False,10-20,2022
AUD_USD,2022-05-20 20:55:00+00:00,2022-05-22 21:00:00+00:00,2022-05-22 21:05:00+00:00,6.5,6.5,1,3.9,target,False,5-10,2022
CHF_JPY,2022-05-20 20:55:00+00:00,2022-05-22 21:00:00+00:00,2022-05-22 22:00:00+00:00,-9.7,9.7,-1,3.48,target,False,5-10,2022
CAD_JPY,2022-05-20 20:55:00+00:00,2022-05-22 21:00:00+00:00,2022-05-22 22:00:00+00:00,-9.8,9.8,-1,5.37,target,False,5-10,2022
GBP_JPY,2022-05-20 20:55:00+00:00,2022-05-22 21:00:00+00:00,2022-05-22 22:00:00+00:00,-22.3,22.3,-1,15.12,target,False,20-50,2022
USD_JPY,2022-05-20 20:55:00+00:00,2022-05-22 21:00:00+00:00,2022-05-22 22:00:00+00:00,-6.7,6.7,-1,3.48,target,False,5-10,2022
NZD_JPY,2022-05-20 20:55:00+00:00,2022-05-22 21:00:00+00:00,2022-05-22 22:00:00+00:00,-13.3,13.3,-1,7.92,target,False,10-20,2022
USD_JPY,2022-05-27 20:55:00+00:00,2022-05-29 21:00:00+00:00,2022-05-29 21:35:00+00:00,-8.1,8.1,-1,4.74,target,False,5-10,2022
EUR_JPY,2022-05-27 20:55:00+00:00,2022-05-29 21:00:00+00:00,2022-05-29 21:45:00+00:00,-6.3,6.3,-1,2.22,target,False,5-10,2022
GBP_JPY,2022-05-27 20:55:00+00:00,2022-05-29 21:00:00+00:00,2022-05-29 22:00:00+00:00,-17.4,17.4,-1,10.71,target,False,10-20,2022
CAD_JPY,2022-05-27 20:55:00+00:00,2022-05-29 21:00:00+00:00,2022-05-29 22:00:00+00:00,-16.4,16.4,-1,11.31,target,False,10-20,2022
CHF_JPY,2022-05-27 20:55:00+00:00,2022-05-29 21:00:00+00:00,2022-05-29 21:05:00+00:00,-7.6,7.6,-1,1.59,target,False,5-10,2022
GBP_USD,2022-05-27 20:55:00+00:00,2022-05-29 21:00:00+00:00,2022-05-29 21:15:00+00:00,-6.8,6.8,-1,3.27,target,False,5-10,2022
EUR_GBP,2022-06-03 20:55:00+00:00,2022-06-05 21:00:00+00:00,2022-06-05 21:35:00+00:00,-6.7,6.7,-1,3.93,target,False,5-10,2022
AUD_USD,2022-06-03 20:55:00+00:00,2022-06-05 21:00:00+00:00,2022-06-05 22:00:00+00:00,6.3,6.3,1,3.72,target,False,5-10,2022
NZD_USD,2022-06-03 20:55:00+00:00,2022-06-05 21:00:00+00:00,2022-06-05 21:10:00+00:00,6.8,6.8,1,3.87,target,False,5-10,2022
CHF_JPY,2022-06-03 20:55:00+00:00,2022-06-05 21:00:00+00:00,2022-06-05 21:10:00+00:00,20.2,20.2,1,12.93,target,False,20-50,2022
AUD_JPY,2022-06-03 20:55:00+00:00,2022-06-05 21:00:00+00:00,2022-06-05 22:10:00+00:00,12.2,12.2,1,7.83,target,False,10-20,2022
GBP_JPY,2022-06-03 20:55:00+00:00,2022-06-05 21:00:00+00:00,2022-06-05 23:50:00+00:00,13.3,13.3,1,7.02,target,False,10-20,2022
EUR_JPY,2022-06-03 20:55:00+00:00,2022-06-05 21:00:00+00:00,2022-06-05 21:10:00+00:00,11.5,11.5,1,6.9,target,False,10-20,2022
USD_JPY,2022-06-03 20:55:00+00:00,2022-06-05 21:00:00+00:00,2022-06-05 21:10:00+00:00,7.4,7.4,1,4.11,target,False,5-10,2022
NZD_JPY,2022-06-03 20:55:00+00:00,2022-06-05 21:05:00+00:00,2022-06-05 21:10:00+00:00,13.7,13.7,1,8.28,target,False,10-20,2022
AUD_JPY,2022-06-10 20:55:00+00:00,2022-06-12 21:00:00+00:00,2022-06-12 21:15:00+00:00,-9.2,9.2,-1,5.13,target,False,5-10,2022
NZD_JPY,2022-06-10 20:55:00+00:00,2022-06-12 21:00:00+00:00,2022-06-12 22:00:00+00:00,-11.6,11.6,-1,6.39,target,False,10-20,2022
NZD_USD,2022-06-10 20:55:00+00:00,2022-06-12 21:00:00+00:00,2022-06-13 09:50:00+00:00,-7.2,7.2,-1,-52.25,stop,False,5-10,2022
EUR_USD,2022-06-10 20:55:00+00:00,2022-06-12 21:00:00+00:00,2022-06-12 22:25:00+00:00,-5.0,5.0,-1,2.1,target,False,<5,2022
AUD_JPY,2022-06-17 20:55:00+00:00,2022-06-19 21:05:00+00:00,2022-06-19 21:15:00+00:00,-20.0,20.0,-1,14.85,target,False,10-20,2022
NZD_USD,2022-06-17 20:55:00+00:00,2022-06-19 21:10:00+00:00,2022-06-19 21:15:00+00:00,-5.4,5.4,-1,2.61,target,False,5-10,2022
EUR_USD,2022-06-17 20:55:00+00:00,2022-06-19 21:10:00+00:00,2022-06-19 21:30:00+00:00,-9.7,9.7,-1,6.33,target,False,5-10,2022
AUD_USD,2022-06-17 20:55:00+00:00,2022-06-19 21:10:00+00:00,2022-06-19 21:15:00+00:00,-12.4,12.4,-1,9.21,target,False,10-20,2022
EUR_GBP,2022-06-17 20:55:00+00:00,2022-06-19 21:10:00+00:00,2022-06-19 21:20:00+00:00,-8.3,8.3,-1,5.37,target,False,5-10,2022
NZD_JPY,2022-06-17 20:55:00+00:00,2022-06-19 21:10:00+00:00,2022-06-19 21:15:00+00:00,-9.2,9.2,-1,4.23,target,False,5-10,2022
CHF_JPY,2022-06-17 20:55:00+00:00,2022-06-19 21:10:00+00:00,2022-06-19 21:30:00+00:00,-12.6,12.6,-1,6.09,target,False,10-20,2022
EUR_JPY,2022-06-17 20:55:00+00:00,2022-06-19 21:10:00+00:00,2022-06-19 21:25:00+00:00,-12.7,12.7,-1,7.98,target,False,10-20,2022
USD_JPY,2022-06-24 20:55:00+00:00,2022-06-26 21:00:00+00:00,2022-06-26 23:20:00+00:00,-6.1,6.1,-1,2.94,target,False,5-10,2022
GBP_JPY,2022-06-24 20:55:00+00:00,2022-06-26 21:00:00+00:00,2022-06-26 22:35:00+00:00,-21.1,21.1,-1,14.04,target,False,20-50,2022
CAD_JPY,2022-06-24 20:55:00+00:00,2022-06-26 21:00:00+00:00,2022-06-26 23:05:00+00:00,-5.7,5.7,-1,1.68,target,False,5-10,2022
CHF_JPY,2022-06-24 20:55:00+00:00,2022-06-26 21:00:00+00:00,2022-06-26 21:10:00+00:00,5.1,5.1,1,-0.66,target,False,5-10,2022
NZD_JPY,2022-06-24 20:55:00+00:00,2022-06-26 21:00:00+00:00,2022-06-26 21:45:00+00:00,-6.7,6.7,-1,1.98,target,False,5-10,2022
NZD_USD,2022-07-01 20:55:00+00:00,2022-07-03 21:00:00+00:00,2022-07-03 22:00:00+00:00,-13.4,13.4,-1,9.81,target,False,10-20,2022
GBP_USD,2022-07-01 20:55:00+00:00,2022-07-03 21:00:00+00:00,2022-07-04 01:20:00+00:00,11.0,11.0,1,7.05,target,False,10-20,2022
EUR_GBP,2022-07-01 20:55:00+00:00,2022-07-03 21:00:00+00:00,2022-07-03 23:50:00+00:00,-7.3,7.3,-1,4.47,target,False,5-10,2022
NZD_JPY,2022-07-01 20:55:00+00:00,2022-07-03 21:00:00+00:00,2022-07-03 21:35:00+00:00,-14.4,14.4,-1,8.91,target,False,10-20,2022
EUR_JPY,2022-07-01 20:55:00+00:00,2022-07-03 21:00:00+00:00,2022-07-03 21:05:00+00:00,5.5,5.5,1,1.5,target,False,5-10,2022
CAD_JPY,2022-07-01 20:55:00+00:00,2022-07-03 21:00:00+00:00,2022-07-03 22:00:00+00:00,7.6,7.6,1,3.39,target,False,5-10,2022
GBP_JPY,2022-07-01 20:55:00+00:00,2022-07-03 21:00:00+00:00,2022-07-03 23:45:00+00:00,24.7,24.7,1,17.28,target,False,20-50,2022
USD_JPY,2022-07-01 20:55:00+00:00,2022-07-03 21:00:00+00:00,2022-07-03 22:15:00+00:00,7.6,7.6,1,4.29,target,False,5-10,2022
CHF_JPY,2022-07-01 20:55:00+00:00,2022-07-03 21:00:00+00:00,2022-07-03 21:05:00+00:00,-17.4,17.4,-1,10.41,target,False,10-20,2022
AUD_USD,2022-07-08 20:55:00+00:00,2022-07-10 21:00:00+00:00,2022-07-10 21:05:00+00:00,-7.3,7.3,-1,4.62,target,False,5-10,2022
NZD_USD,2022-07-08 20:55:00+00:00,2022-07-10 21:00:00+00:00,2022-07-10 22:50:00+00:00,-7.6,7.6,-1,4.59,target,False,5-10,2022
CAD_JPY,2022-07-08 20:55:00+00:00,2022-07-10 21:00:00+00:00,2022-07-10 21:10:00+00:00,-10.0,10.0,-1,5.55,target,False,5-10,2022
GBP_USD,2022-07-08 20:55:00+00:00,2022-07-10 21:00:00+00:00,2022-07-10 21:35:00+00:00,-17.9,17.9,-1,13.26,target,False,10-20,2022
GBP_JPY,2022-07-08 20:55:00+00:00,2022-07-10 21:00:00+00:00,2022-07-10 21:15:00+00:00,-28.3,28.3,-1,20.52,target,False,20-50,2022
EUR_JPY,2022-07-08 20:55:00+00:00,2022-07-10 21:00:00+00:00,2022-07-10 21:45:00+00:00,-12.4,12.4,-1,7.71,target,False,10-20,2022
AUD_JPY,2022-07-08 20:55:00+00:00,2022-07-10 21:00:00+00:00,2022-07-10 21:05:00+00:00,-11.2,11.2,-1,6.93,target,False,10-20,2022
NZD_JPY,2022-07-08 20:55:00+00:00,2022-07-10 21:05:00+00:00,2022-07-10 21:35:00+00:00,-12.8,12.8,-1,7.47,target,False,10-20,2022
USD_JPY,2022-07-15 20:55:00+00:00,2022-07-17 21:00:00+00:00,2022-07-17 21:15:00+00:00,6.0,6.0,1,2.85,target,False,5-10,2022
AUD_JPY,2022-07-15 20:55:00+00:00,2022-07-17 21:00:00+00:00,2022-07-17 22:00:00+00:00,-5.5,5.5,-1,1.8,target,False,5-10,2022
CAD_JPY,2022-07-15 20:55:00+00:00,2022-07-17 21:00:00+00:00,2022-07-17 22:00:00+00:00,8.8,8.8,1,4.47,target,False,5-10,2022
CHF_JPY,2022-07-15 20:55:00+00:00,2022-07-17 21:00:00+00:00,2022-07-17 21:55:00+00:00,-22.3,22.3,-1,14.82,target,False,20-50,2022
NZD_USD,2022-07-15 20:55:00+00:00,2022-07-17 21:00:00+00:00,2022-07-17 22:00:00+00:00,-5.2,5.2,-1,2.43,target,False,5-10,2022
NZD_JPY,2022-07-22 20:55:00+00:00,2022-07-24 21:00:00+00:00,2022-07-24 22:15:00+00:00,13.0,13.0,1,7.65,target,False,10-20,2022
CHF_JPY,2022-07-22 20:55:00+00:00,2022-07-24 21:00:00+00:00,2022-07-24 21:40:00+00:00,-17.1,17.1,-1,10.14,target,False,10-20,2022
GBP_USD,2022-07-22 20:55:00+00:00,2022-07-24 21:00:00+00:00,2022-07-24 21:05:00+00:00,9.3,9.3,1,5.52,target,False,5-10,2022
USD_JPY,2022-07-22 20:55:00+00:00,2022-07-24 21:00:00+00:00,2022-07-24 21:05:00+00:00,5.4,5.4,1,2.31,target,False,5-10,2022
AUD_JPY,2022-07-22 20:55:00+00:00,2022-07-24 21:00:00+00:00,2022-07-24 22:00:00+00:00,6.9,6.9,1,3.06,target,False,5-10,2022
EUR_USD,2022-07-29 20:55:00+00:00,2022-07-31 21:00:00+00:00,2022-08-01 00:20:00+00:00,-9.1,9.1,-1,5.79,target,False,5-10,2022
GBP_USD,2022-07-29 20:55:00+00:00,2022-07-31 21:00:00+00:00,2022-07-31 21:30:00+00:00,-10.6,10.6,-1,6.69,target,False,10-20,2022
NZD_USD,2022-07-29 20:55:00+00:00,2022-07-31 21:00:00+00:00,2022-07-31 21:35:00+00:00,-16.4,16.4,-1,12.51,target,False,10-20,2022
AUD_USD,2022-07-29 20:55:00+00:00,2022-07-31 21:00:00+00:00,2022-07-31 21:05:00+00:00,7.5,7.5,1,4.8,target,False,5-10,2022
USD_JPY,2022-07-29 20:55:00+00:00,2022-07-31 21:00:00+00:00,2022-07-31 21:25:00+00:00,6.8,6.8,1,3.57,target,False,5-10,2022
CHF_JPY,2022-07-29 20:55:00+00:00,2022-07-31 21:00:00+00:00,2022-07-31 21:05:00+00:00,19.0,19.0,1,11.85,target,False,10-20,2022
NZD_JPY,2022-07-29 20:55:00+00:00,2022-07-31 21:00:00+00:00,2022-07-31 21:25:00+00:00,-18.1,18.1,-1,12.24,target,False,10-20,2022
CAD_JPY,2022-07-29 20:55:00+00:00,2022-07-31 21:00:00+00:00,2022-07-31 21:05:00+00:00,-5.9,5.9,-1,1.86,target,False,5-10,2022
USD_JPY,2022-08-05 20:55:00+00:00,2022-08-07 21:00:00+00:00,2022-08-07 21:05:00+00:00,7.2,7.2,1,3.93,target,False,5-10,2022
GBP_JPY,2022-08-05 20:55:00+00:00,2022-08-07 21:00:00+00:00,2022-08-07 21:05:00+00:00,5.9,5.9,1,0.36,target,False,5-10,2022
CAD_JPY,2022-08-05 20:55:00+00:00,2022-08-07 21:00:00+00:00,2022-08-07 21:10:00+00:00,8.0,8.0,1,3.75,target,False,5-10,2022
NZD_USD,2022-08-05 20:55:00+00:00,2022-08-07 21:00:00+00:00,2022-08-07 21:35:00+00:00,10.3,10.3,1,7.02,target,False,10-20,2022
EUR_USD,2022-08-05 20:55:00+00:00,2022-08-07 21:00:00+00:00,2022-08-08 02:25:00+00:00,-5.9,5.9,-1,2.91,target,False,5-10,2022
NZD_JPY,2022-08-05 20:55:00+00:00,2022-08-07 21:05:00+00:00,2022-08-07 21:10:00+00:00,17.4,17.4,1,11.61,target,False,10-20,2022
CAD_JPY,2022-08-12 20:55:00+00:00,2022-08-14 21:00:00+00:00,2022-08-14 21:55:00+00:00,-5.4,5.4,-1,1.41,target,False,5-10,2022
CHF_JPY,2022-08-12 20:55:00+00:00,2022-08-14 21:00:00+00:00,2022-08-14 22:00:00+00:00,-6.5,6.5,-1,0.6,target,False,5-10,2022
AUD_JPY,2022-08-12 20:55:00+00:00,2022-08-14 21:00:00+00:00,2022-08-14 22:00:00+00:00,-7.3,7.3,-1,3.42,target,False,5-10,2022
GBP_JPY,2022-08-12 20:55:00+00:00,2022-08-14 21:00:00+00:00,2022-08-14 21:25:00+00:00,-10.5,10.5,-1,4.5,target,False,10-20,2022
EUR_JPY,2022-08-12 20:55:00+00:00,2022-08-14 21:00:00+00:00,2022-08-14 21:05:00+00:00,-6.9,6.9,-1,2.76,target,False,5-10,2022
USD_JPY,2022-08-12 20:55:00+00:00,2022-08-14 21:00:00+00:00,2022-08-14 22:00:00+00:00,-5.2,5.2,-1,2.13,target,False,5-10,2022
NZD_JPY,2022-08-12 20:55:00+00:00,2022-08-14 21:05:00+00:00,2022-08-14 22:00:00+00:00,-8.2,8.2,-1,3.33,target,False,5-10,2022
AUD_JPY,2022-08-19 20:55:00+00:00,2022-08-21 21:00:00+00:00,2022-08-21 22:15:00+00:00,-12.4,12.4,-1,8.01,target,False,10-20,2022
CHF_JPY,2022-08-19 20:55:00+00:00,2022-08-21 21:00:00+00:00,2022-08-21 21:20:00+00:00,6.1,6.1,1,0.24,target,False,5-10,2022
NZD_JPY,2022-08-19 20:55:00+00:00,2022-08-21 21:00:00+00:00,2022-08-21 22:00:00+00:00,12.6,12.6,1,7.29,target,False,10-20,2022
GBP_USD,2022-08-19 20:55:00+00:00,2022-08-21 21:00:00+00:00,2022-08-21 21:05:00+00:00,7.4,7.4,1,3.81,target,False,5-10,2022
AUD_USD,2022-08-19 20:55:00+00:00,2022-08-21 21:00:00+00:00,2022-08-21 22:50:00+00:00,-8.3,8.3,-1,5.52,target,False,5-10,2022
EUR_JPY,2022-08-26 20:55:00+00:00,2022-08-28 21:00:00+00:00,2022-08-29 04:35:00+00:00,17.8,17.8,1,-53.45,stop,False,10-20,2022
AUD_USD,2022-08-26 20:55:00+00:00,2022-08-28 21:00:00+00:00,2022-08-29 12:25:00+00:00,-9.3,9.3,-1,6.42,target,False,5-10,2022
NZD_USD,2022-08-26 20:55:00+00:00,2022-08-28 21:00:00+00:00,2022-08-29 12:20:00+00:00,-8.8,8.8,-1,5.67,target,False,5-10,2022
GBP_USD,2022-08-26 20:55:00+00:00,2022-08-28 21:00:00+00:00,2022-08-28 23:35:00+00:00,-11.1,11.1,-1,-52.85,stop,False,10-20,2022
USD_JPY,2022-08-26 20:55:00+00:00,2022-08-28 21:00:00+00:00,2022-08-28 23:20:00+00:00,11.4,11.4,1,-52.55,stop,False,10-20,2022
CHF_JPY,2022-08-26 20:55:00+00:00,2022-08-28 21:00:00+00:00,2022-08-29 02:10:00+00:00,11.1,11.1,1,-55.25,stop,False,10-20,2022
CAD_JPY,2022-08-26 20:55:00+00:00,2022-08-28 21:00:00+00:00,2022-08-28 21:50:00+00:00,10.8,10.8,1,6.27,target,False,10-20,2022
EUR_GBP,2022-08-26 20:55:00+00:00,2022-08-28 21:00:00+00:00,2022-08-28 21:05:00+00:00,7.8,7.8,1,4.92,target,False,5-10,2022
EUR_USD,2022-09-02 20:55:00+00:00,2022-09-04 21:00:00+00:00,2022-09-05 06:00:00+00:00,-27.0,27.0,-1,-52.4,stop,False,20-50,2022
NZD_USD,2022-09-02 20:55:00+00:00,2022-09-04 21:00:00+00:00,2022-09-06 00:05:00+00:00,-28.9,28.9,-1,23.76,target,False,20-50,2022
AUD_USD,2022-09-02 20:55:00+00:00,2022-09-04 21:00:00+00:00,2022-09-05 22:15:00+00:00,-31.5,31.5,-1,26.4,target,False,20-50,2022
CHF_JPY,2022-09-02 20:55:00+00:00,2022-09-04 21:00:00+00:00,2022-09-04 22:35:00+00:00,-18.0,18.0,-1,10.95,target,False,10-20,2022
NZD_JPY,2022-09-02 20:55:00+00:00,2022-09-04 21:00:00+00:00,2022-09-05 10:10:00+00:00,-43.8,43.8,-1,35.37,target,False,20-50,2022
AUD_JPY,2022-09-02 20:55:00+00:00,2022-09-04 21:00:00+00:00,2022-09-04 23:40:00+00:00,-45.2,45.2,-1,37.53,target,False,20-50,2022
GBP_JPY,2022-09-02 20:55:00+00:00,2022-09-04 21:00:00+00:00,2022-09-05 08:05:00+00:00,-43.5,43.5,-1,34.2,target,False,20-50,2022
EUR_JPY,2022-09-02 20:55:00+00:00,2022-09-04 21:00:00+00:00,2022-09-05 10:15:00+00:00,-41.4,41.4,-1,33.81,target,False,20-50,2022
CAD_JPY,2022-09-02 20:55:00+00:00,2022-09-04 21:00:00+00:00,2022-09-04 22:45:00+00:00,-6.1,6.1,-1,2.04,target,False,5-10,2022
EUR_GBP,2022-09-09 20:55:00+00:00,2022-09-11 21:00:00+00:00,2022-09-11 22:20:00+00:00,17.5,17.5,1,13.65,target,False,10-20,2022
NZD_USD,2022-09-09 20:55:00+00:00,2022-09-11 21:00:00+00:00,2022-09-11 21:05:00+00:00,-19.1,19.1,-1,14.94,target,False,10-20,2022
GBP_USD,2022-09-09 20:55:00+00:00,2022-09-11 21:00:00+00:00,2022-09-12 07:10:00+00:00,44.1,44.1,1,-52.85,stop,False,20-50,2022
EUR_USD,2022-09-09 20:55:00+00:00,2022-09-11 21:00:00+00:00,2022-09-12 07:00:00+00:00,55.3,55.3,1,-52.4,stop,False,50+,2022
AUD_USD,2022-09-09 20:55:00+00:00,2022-09-11 21:00:00+00:00,2022-09-11 22:00:00+00:00,-11.4,11.4,-1,8.31,target,False,10-20,2022
NZD_JPY,2022-09-09 20:55:00+00:00,2022-09-11 21:00:00+00:00,2022-09-11 22:00:00+00:00,-55.2,55.2,-1,45.63,target,False,50+,2022
CAD_JPY,2022-09-09 20:55:00+00:00,2022-09-11 21:00:00+00:00,2022-09-11 22:50:00+00:00,-56.1,56.1,-1,47.04,target,False,50+,2022
CHF_JPY,2022-09-09 20:55:00+00:00,2022-09-11 21:00:00+00:00,2022-09-11 21:10:00+00:00,-27.5,27.5,-1,19.5,target,False,20-50,2022
USD_JPY,2022-09-09 20:55:00+00:00,2022-09-11 21:00:00+00:00,2022-09-11 22:10:00+00:00,-46.1,46.1,-1,38.94,target,False,20-50,2022
AUD_JPY,2022-09-09 20:55:00+00:00,2022-09-11 21:00:00+00:00,2022-09-11 22:10:00+00:00,-49.6,49.6,-1,41.49,target,False,20-50,2022
GBP_JPY,2022-09-09 20:55:00+00:00,2022-09-11 21:00:00+00:00,2022-09-11 21:05:00+00:00,9.9,9.9,1,3.96,target,False,5-10,2022
EUR_JPY,2022-09-09 20:55:00+00:00,2022-09-11 21:00:00+00:00,2022-09-12 03:30:00+00:00,33.8,33.8,1,-53.45,stop,False,20-50,2022
EUR_JPY,2022-09-16 20:55:00+00:00,2022-09-18 21:00:00+00:00,2022-09-18 21:05:00+00:00,-5.9,5.9,-1,1.86,target,False,5-10,2022
CHF_JPY,2022-09-16 20:55:00+00:00,2022-09-18 21:00:00+00:00,2022-09-18 21:30:00+00:00,10.0,10.0,1,3.75,target,False,5-10,2022
AUD_USD,2022-09-23 20:55:00+00:00,2022-09-25 21:00:00+00:00,2022-09-25 21:10:00+00:00,-12.8,12.8,-1,9.57,target,False,10-20,2022
EUR_USD,2022-09-23 20:55:00+00:00,2022-09-25 21:00:00+00:00,2022-09-25 22:10:00+00:00,-15.9,15.9,-1,11.91,target,False,10-20,2022
GBP_USD,2022-09-23 20:55:00+00:00,2022-09-25 21:00:00+00:00,2022-09-25 22:55:00+00:00,-49.4,49.4,-1,41.61,target,False,20-50,2022
EUR_GBP,2022-09-23 20:55:00+00:00,2022-09-25 21:00:00+00:00,2022-09-26 00:45:00+00:00,24.2,24.2,1,-52.1,stop,False,20-50,2022
CAD_JPY,2022-09-23 20:55:00+00:00,2022-09-25 21:00:00+00:00,2022-09-25 21:55:00+00:00,13.0,13.0,1,8.25,target,False,10-20,2022
GBP_JPY,2022-09-23 20:55:00+00:00,2022-09-25 21:00:00+00:00,2022-09-25 21:15:00+00:00,-39.1,39.1,-1,30.24,target,False,20-50,2022
USD_JPY,2022-09-23 20:55:00+00:00,2022-09-25 21:00:00+00:00,2022-09-25 22:00:00+00:00,30.4,30.4,1,24.81,target,False,20-50,2022
NZD_JPY,2022-09-23 20:55:00+00:00,2022-09-25 21:00:00+00:00,2022-09-25 22:00:00+00:00,11.4,11.4,1,6.21,target,False,10-20,2022
EUR_JPY,2022-09-30 20:55:00+00:00,2022-10-02 21:00:00+00:00,2022-10-02 21:05:00+00:00,-11.6,11.6,-1,6.99,target,False,10-20,2022
CAD_JPY,2022-09-30 20:55:00+00:00,2022-10-02 21:00:00+00:00,2022-10-03 01:45:00+00:00,7.1,7.1,1,-53.45,stop,False,5-10,2022
CHF_JPY,2022-09-30 20:55:00+00:00,2022-10-02 21:00:00+00:00,2022-10-02 21:15:00+00:00,25.8,25.8,1,17.97,target,False,20-50,2022
EUR_GBP,2022-09-30 20:55:00+00:00,2022-10-02 21:00:00+00:00,2022-10-02 22:00:00+00:00,-6.9,6.9,-1,4.11,target,False,5-10,2022
EUR_USD,2022-10-07 20:55:00+00:00,2022-10-09 21:00:00+00:00,2022-10-10 00:50:00+00:00,-6.6,6.6,-1,3.54,target,False,5-10,2022
CHF_JPY,2022-10-07 20:55:00+00:00,2022-10-09 21:00:00+00:00,2022-10-09 22:00:00+00:00,7.5,7.5,1,1.5,target,False,5-10,2022
GBP_USD,2022-10-07 20:55:00+00:00,2022-10-09 21:00:00+00:00,2022-10-10 00:50:00+00:00,-8.4,8.4,-1,4.71,target,False,5-10,2022
EUR_JPY,2022-10-07 20:55:00+00:00,2022-10-09 21:00:00+00:00,2022-10-09 23:55:00+00:00,-18.5,18.5,-1,13.2,target,False,10-20,2022
GBP_JPY,2022-10-07 20:55:00+00:00,2022-10-09 21:00:00+00:00,2022-10-10 00:40:00+00:00,-24.1,24.1,-1,16.74,target,False,20-50,2022
USD_JPY,2022-10-07 20:55:00+00:00,2022-10-09 21:00:00+00:00,2022-10-09 21:55:00+00:00,-7.2,7.2,-1,3.93,target,False,5-10,2022
AUD_USD,2022-10-14 20:55:00+00:00,2022-10-16 21:00:00+00:00,2022-10-16 21:35:00+00:00,6.2,6.2,1,3.63,target,False,5-10,2022
USD_JPY,2022-10-14 20:55:00+00:00,2022-10-16 21:00:00+00:00,2022-10-17 04:05:00+00:00,-17.6,17.6,-1,13.29,target,False,10-20,2022
EUR_JPY,2022-10-14 20:55:00+00:00,2022-10-16 21:00:00+00:00,2022-10-16 22:05:00+00:00,-19.2,19.2,-1,13.83,target,False,10-20,2022
CAD_JPY,2022-10-14 20:55:00+00:00,2022-10-16 21:00:00+00:00,2022-10-16 22:05:00+00:00,-5.5,5.5,-1,1.5,target,False,5-10,2022
CHF_JPY,2022-10-14 20:55:00+00:00,2022-10-16 21:00:00+00:00,2022-10-16 21:05:00+00:00,-7.5,7.5,-1,1.5,target,False,5-10,2022
NZD_JPY,2022-10-14 20:55:00+00:00,2022-10-16 21:00:00+00:00,2022-10-16 21:40:00+00:00,7.2,7.2,1,2.43,target,False,5-10,2022
EUR_GBP,2022-10-14 20:55:00+00:00,2022-10-16 21:00:00+00:00,2022-10-17 14:25:00+00:00,-44.7,44.7,-1,-52.1,stop,False,20-50,2022
GBP_USD,2022-10-14 20:55:00+00:00,2022-10-16 21:00:00+00:00,2022-10-17 05:50:00+00:00,57.1,57.1,1,-52.85,stop,False,50+,2022
NZD_USD,2022-10-14 20:55:00+00:00,2022-10-16 21:00:00+00:00,2022-10-17 00:50:00+00:00,10.1,10.1,1,6.84,target,False,10-20,2022
EUR_USD,2022-10-21 20:55:00+00:00,2022-10-23 21:00:00+00:00,2022-10-23 22:15:00+00:00,7.4,7.4,1,4.26,target,False,5-10,2022
AUD_USD,2022-10-21 20:55:00+00:00,2022-10-23 21:00:00+00:00,2022-10-23 22:10:00+00:00,9.0,9.0,1,6.15,target,False,5-10,2022
EUR_GBP,2022-10-21 20:55:00+00:00,2022-10-23 21:00:00+00:00,2022-10-24 13:45:00+00:00,-56.5,56.5,-1,48.75,target,False,50+,2022
NZD_JPY,2022-10-21 20:55:00+00:00,2022-10-23 21:00:00+00:00,2022-10-23 21:50:00+00:00,13.7,13.7,1,-54.05,stop,False,10-20,2022
USD_JPY,2022-10-21 20:55:00+00:00,2022-10-23 21:00:00+00:00,2022-10-23 22:00:00+00:00,6.6,6.6,1,-52.55,stop,False,5-10,2022
CAD_JPY,2022-10-21 20:55:00+00:00,2022-10-23 21:00:00+00:00,2022-10-23 22:00:00+00:00,10.1,10.1,1,-53.45,stop,False,10-20,2022
AUD_JPY,2022-10-21 20:55:00+00:00,2022-10-23 21:00:00+00:00,2022-10-23 22:00:00+00:00,20.3,20.3,1,-53.15,stop,False,20-50,2022
EUR_JPY,2022-10-21 20:55:00+00:00,2022-10-23 21:00:00+00:00,2022-10-23 21:45:00+00:00,15.3,15.3,1,-53.45,stop,False,10-20,2022
NZD_USD,2022-10-21 20:55:00+00:00,2022-10-23 21:00:00+00:00,2022-10-23 22:15:00+00:00,5.7,5.7,1,2.88,target,False,5-10,2022
CHF_JPY,2022-10-21 20:55:00+00:00,2022-10-23 21:00:00+00:00,2022-10-23 21:35:00+00:00,27.9,27.9,1,-55.25,stop,False,20-50,2022
NZD_USD,2022-10-28 20:55:00+00:00,2022-10-30 21:00:00+00:00,2022-10-31 01:45:00+00:00,-14.5,14.5,-1,10.8,target,False,10-20,2022
EUR_USD,2022-10-28 20:55:00+00:00,2022-10-30 21:00:00+00:00,2022-10-31 03:50:00+00:00,-11.2,11.2,-1,7.68,target,False,10-20,2022
EUR_GBP,2022-10-28 20:55:00+00:00,2022-10-30 21:00:00+00:00,2022-10-30 22:20:00+00:00,6.5,6.5,1,3.75,target,False,5-10,2022
NZD_JPY,2022-10-28 20:55:00+00:00,2022-10-30 21:00:00+00:00,2022-10-30 21:30:00+00:00,-5.5,5.5,-1,0.9,target,False,5-10,2022
GBP_USD,2022-10-28 20:55:00+00:00,2022-10-30 21:00:00+00:00,2022-10-31 00:50:00+00:00,-23.4,23.4,-1,18.21,target,False,20-50,2022
CAD_JPY,2022-10-28 20:55:00+00:00,2022-10-30 21:00:00+00:00,2022-10-30 21:05:00+00:00,12.4,12.4,1,7.71,target,False,10-20,2022
CHF_JPY,2022-10-28 20:55:00+00:00,2022-10-30 21:00:00+00:00,2022-10-30 21:05:00+00:00,15.0,15.0,1,8.25,target,False,10-20,2022
EUR_JPY,2022-10-28 20:55:00+00:00,2022-10-30 21:00:00+00:00,2022-10-30 21:05:00+00:00,13.8,13.8,1,8.97,target,False,10-20,2022
USD_JPY,2022-10-28 20:55:00+00:00,2022-10-30 21:00:00+00:00,2022-10-31 00:50:00+00:00,25.4,25.4,1,-52.55,stop,False,20-50,2022
EUR_USD,2022-11-04 20:55:00+00:00,2022-11-06 22:00:00+00:00,2022-11-07 05:30:00+00:00,-50.3,50.3,-1,42.87,target,False,50+,2022
AUD_USD,2022-11-04 20:55:00+00:00,2022-11-06 22:00:00+00:00,2022-11-07 09:00:00+00:00,-51.0,51.0,-1,43.95,target,False,50+,2022
NZD_JPY,2022-11-04 20:55:00+00:00,2022-11-06 22:00:00+00:00,2022-11-07 08:15:00+00:00,-50.2,50.2,-1,41.13,target,False,50+,2022
CHF_JPY,2022-11-04 20:55:00+00:00,2022-11-06 22:00:00+00:00,2022-11-06 22:40:00+00:00,-17.5,17.5,-1,10.5,target,False,10-20,2022
NZD_USD,2022-11-04 20:55:00+00:00,2022-11-06 22:00:00+00:00,2022-11-07 08:55:00+00:00,-51.5,51.5,-1,44.1,target,False,50+,2022
AUD_JPY,2022-11-04 20:55:00+00:00,2022-11-06 22:00:00+00:00,2022-11-07 08:55:00+00:00,-45.9,45.9,-1,38.16,target,False,20-50,2022
GBP_JPY,2022-11-04 20:55:00+00:00,2022-11-06 22:00:00+00:00,2022-11-07 02:35:00+00:00,-37.9,37.9,-1,29.16,target,False,20-50,2022
EUR_JPY,2022-11-04 20:55:00+00:00,2022-11-06 22:00:00+00:00,2022-11-06 22:40:00+00:00,-47.0,47.0,-1,38.85,target,False,20-50,2022
USD_JPY,2022-11-04 20:55:00+00:00,2022-11-06 22:00:00+00:00,2022-11-07 07:30:00+00:00,41.2,41.2,1,-52.55,stop,False,20-50,2022
CAD_JPY,2022-11-04 20:55:00+00:00,2022-11-06 22:00:00+00:00,2022-11-06 23:20:00+00:00,-11.8,11.8,-1,7.17,target,False,10-20,2022
USD_JPY,2022-11-11 21:55:00+00:00,2022-11-13 22:00:00+00:00,2022-11-13 22:10:00+00:00,32.4,32.4,1,-52.55,stop,False,20-50,2022
EUR_JPY,2022-11-11 21:55:00+00:00,2022-11-13 22:00:00+00:00,2022-11-13 22:10:00+00:00,12.7,12.7,1,-53.45,stop,False,10-20,2022
AUD_JPY,2022-11-11 21:55:00+00:00,2022-11-13 22:00:00+00:00,2022-11-13 22:10:00+00:00,12.4,12.4,1,-53.15,stop,False,10-20,2022
NZD_JPY,2022-11-11 21:55:00+00:00,2022-11-13 22:00:00+00:00,2022-11-13 22:05:00+00:00,-9.7,9.7,-1,4.68,target,False,5-10,2022
GBP_USD,2022-11-11 21:55:00+00:00,2022-11-13 22:00:00+00:00,2022-11-14 04:15:00+00:00,-22.0,22.0,-1,-52.85,stop,False,20-50,2022
NZD_USD,2022-11-11 21:55:00+00:00,2022-11-13 22:00:00+00:00,2022-11-14 01:15:00+00:00,-20.0,20.0,-1,15.75,target,False,10-20,2022
EUR_USD,2022-11-11 21:55:00+00:00,2022-11-13 22:00:00+00:00,2022-11-14 11:05:00+00:00,-19.1,19.1,-1,-52.4,stop,False,10-20,2022
GBP_USD,2022-11-18 21:55:00+00:00,2022-11-20 22:00:00+00:00,2022-11-20 23:30:00+00:00,14.9,14.9,1,10.56,target,False,10-20,2022
EUR_GBP,2022-11-18 21:55:00+00:00,2022-11-20 22:00:00+00:00,2022-11-20 22:05:00+00:00,-8.3,8.3,-1,5.37,target,False,5-10,2022
AUD_USD,2022-11-18 21:55:00+00:00,2022-11-20 22:00:00+00:00,2022-11-20 22:55:00+00:00,-6.8,6.8,-1,4.17,target,False,5-10,2022
AUD_JPY,2022-11-18 21:55:00+00:00,2022-11-20 22:00:00+00:00,2022-11-20 22:55:00+00:00,-12.4,12.4,-1,8.01,target,False,10-20,2022
GBP_JPY,2022-11-18 21:55:00+00:00,2022-11-20 22:00:00+00:00,2022-11-20 22:05:00+00:00,13.9,13.9,1,7.56,target,False,10-20,2022
CAD_JPY,2022-11-18 21:55:00+00:00,2022-11-20 22:00:00+00:00,2022-11-20 22:05:00+00:00,6.2,6.2,1,2.13,target,False,5-10,2022
USD_JPY,2022-11-25 21:55:00+00:00,2022-11-27 22:00:00+00:00,2022-11-28 00:20:00+00:00,14.2,14.2,1,10.23,target,False,10-20,2022
EUR_JPY,2022-11-25 21:55:00+00:00,2022-11-27 22:00:00+00:00,2022-11-27 22:40:00+00:00,-19.3,19.3,-1,13.92,target,False,10-20,2022
GBP_JPY,2022-11-25 21:55:00+00:00,2022-11-27 22:00:00+00:00,2022-11-27 22:05:00+00:00,-18.0,18.0,-1,11.25,target,False,10-20,2022
AUD_JPY,2022-11-25 21:55:00+00:00,2022-11-27 22:00:00+00:00,2022-11-28 01:10:00+00:00,-34.0,34.0,-1,-53.15,stop,False,20-50,2022
CHF_JPY,2022-11-25 21:55:00+00:00,2022-11-27 22:00:00+00:00,2022-11-27 22:05:00+00:00,11.4,11.4,1,5.01,target,False,10-20,2022
NZD_JPY,2022-11-25 21:55:00+00:00,2022-11-27 22:00:00+00:00,2022-11-28 01:30:00+00:00,-28.7,28.7,-1,-54.05,stop,False,20-50,2022
AUD_USD,2022-11-25 21:55:00+00:00,2022-11-27 22:00:00+00:00,2022-11-28 01:40:00+00:00,-30.2,30.2,-1,-51.95,stop,False,20-50,2022
NZD_USD,2022-11-25 21:55:00+00:00,2022-11-27 22:00:00+00:00,2022-11-28 19:05:00+00:00,-26.3,26.3,-1,-52.25,stop,False,20-50,2022
EUR_USD,2022-11-25 21:55:00+00:00,2022-11-27 22:00:00+00:00,2022-11-28 08:05:00+00:00,-19.6,19.6,-1,15.24,target,False,10-20,2022
AUD_USD,2022-12-02 21:55:00+00:00,2022-12-04 22:00:00+00:00,2022-12-04 22:05:00+00:00,-10.7,10.7,-1,7.68,target,False,10-20,2022
GBP_USD,2022-12-02 21:55:00+00:00,2022-12-04 22:00:00+00:00,2022-12-04 23:45:00+00:00,-16.1,16.1,-1,11.64,target,False,10-20,2022
NZD_JPY,2022-12-02 21:55:00+00:00,2022-12-04 22:00:00+00:00,2022-12-04 23:45:00+00:00,-16.6,16.6,-1,10.89,target,False,10-20,2022
GBP_JPY,2022-12-02 21:55:00+00:00,2022-12-04 22:00:00+00:00,2022-12-04 22:05:00+00:00,6.7,6.7,1,1.08,target,False,5-10,2022
EUR_JPY,2022-12-02 21:55:00+00:00,2022-12-04 22:00:00+00:00,2022-12-04 22:10:00+00:00,16.5,16.5,1,11.4,target,False,10-20,2022
USD_JPY,2022-12-02 21:55:00+00:00,2022-12-04 22:00:00+00:00,2022-12-04 22:10:00+00:00,23.7,23.7,1,18.78,target,False,20-50,2022
CAD_JPY,2022-12-02 21:55:00+00:00,2022-12-04 22:00:00+00:00,2022-12-04 23:00:00+00:00,19.5,19.5,1,14.1,target,False,10-20,2022
GBP_JPY,2022-12-09 21:55:00+00:00,2022-12-11 22:00:00+00:00,2022-12-11 22:05:00+00:00,-6.8,6.8,-1,1.17,target,False,5-10,2022
CAD_JPY,2022-12-09 21:55:00+00:00,2022-12-11 22:00:00+00:00,2022-12-11 22:30:00+00:00,7.6,7.6,1,3.39,target,False,5-10,2022
NZD_JPY,2022-12-09 21:55:00+00:00,2022-12-11 22:00:00+00:00,2022-12-11 22:05:00+00:00,-11.2,11.2,-1,6.03,target,False,10-20,2022
NZD_USD,2022-12-09 21:55:00+00:00,2022-12-11 22:00:00+00:00,2022-12-11 22:05:00+00:00,-6.6,6.6,-1,3.69,target,False,5-10,2022
AUD_JPY,2022-12-30 21:55:00+00:00,2023-01-01 23:05:00+00:00,2023-01-03 00:55:00+00:00,-17.1,17.1,-1,-53.15,stop,False,10-20,2023
NZD_JPY,2022-12-30 21:55:00+00:00,2023-01-01 23:05:00+00:00,2023-01-02 00:10:00+00:00,-20.1,20.1,-1,14.04,target,False,20-50,2023
CHF_JPY,2022-12-30 21:55:00+00:00,2023-01-01 23:05:00+00:00,2023-01-02 00:05:00+00:00,-24.3,24.3,-1,16.62,target,False,20-50,2023
CAD_JPY,2022-12-30 21:55:00+00:00,2023-01-01 23:05:00+00:00,2023-01-02 00:05:00+00:00,-31.7,31.7,-1,25.08,target,False,20-50,2023
GBP_USD,2022-12-30 21:55:00+00:00,2023-01-01 23:05:00+00:00,2023-01-01 23:55:00+00:00,-21.5,21.5,-1,16.5,target,False,20-50,2023
GBP_JPY,2022-12-30 21:55:00+00:00,2023-01-01 23:05:00+00:00,2023-01-02 00:10:00+00:00,-52.7,52.7,-1,42.48,target,False,50+,2023
GBP_USD,2022-12-23 21:55:00+00:00,2023-01-01 23:05:00+00:00,2023-01-02 08:50:00+00:00,25.1,25.1,1,19.74,target,False,20-50,2023
USD_JPY,2022-12-30 21:55:00+00:00,2023-01-01 23:05:00+00:00,2023-01-02 23:15:00+00:00,-27.4,27.4,-1,22.11,target,False,20-50,2023
AUD_JPY,2022-12-23 21:55:00+00:00,2023-01-01 23:05:00+00:00,2023-01-01 23:10:00+00:00,6.5,6.5,1,2.7,target,False,5-10,2023
EUR_JPY,2022-12-30 21:55:00+00:00,2023-01-01 23:05:00+00:00,2023-01-02 00:10:00+00:00,-36.0,36.0,-1,28.95,target,False,20-50,2023
EUR_GBP,2022-12-23 21:55:00+00:00,2023-01-01 23:05:00+00:00,2023-01-03 12:25:00+00:00,41.9,41.9,1,35.61,target,False,20-50,2023
NZD_JPY,2022-12-23 21:55:00+00:00,2023-01-01 23:05:00+00:00,2023-01-02 02:55:00+00:00,-41.1,41.1,-1,-54.05,stop,False,20-50,2023
NZD_JPY,2023-01-06 21:55:00+00:00,2023-01-08 22:00:00+00:00,2023-01-08 22:20:00+00:00,-25.5,25.5,-1,18.9,target,False,20-50,2023
CAD_JPY,2023-01-06 21:55:00+00:00,2023-01-08 22:00:00+00:00,2023-01-08 22:05:00+00:00,-12.9,12.9,-1,8.16,target,False,10-20,2023
AUD_JPY,2023-01-06 21:55:00+00:00,2023-01-08 22:00:00+00:00,2023-01-08 22:05:00+00:00,-6.6,6.6,-1,2.79,target,False,5-10,2023
NZD_USD,2023-01-06 21:55:00+00:00,2023-01-08 22:00:00+00:00,2023-01-08 22:20:00+00:00,-11.5,11.5,-1,8.1,target,False,10-20,2023
EUR_JPY,2023-01-06 21:55:00+00:00,2023-01-08 22:00:00+00:00,2023-01-08 22:45:00+00:00,-17.4,17.4,-1,12.21,target,False,10-20,2023
USD_JPY,2023-01-06 21:55:00+00:00,2023-01-08 22:00:00+00:00,2023-01-08 22:05:00+00:00,-16.1,16.1,-1,11.94,target,False,10-20,2023
GBP_JPY,2023-01-06 21:55:00+00:00,2023-01-08 22:00:00+00:00,2023-01-08 22:30:00+00:00,-25.5,25.5,-1,18.0,target,False,20-50,2023
CHF_JPY,2023-01-06 21:55:00+00:00,2023-01-08 22:00:00+00:00,2023-01-08 23:00:00+00:00,-17.7,17.7,-1,10.68,target,False,10-20,2023
EUR_JPY,2023-01-13 21:55:00+00:00,2023-01-15 22:00:00+00:00,2023-01-15 23:00:00+00:00,-7.4,7.4,-1,3.21,target,False,5-10,2023
GBP_JPY,2023-01-13 21:55:00+00:00,2023-01-15 22:00:00+00:00,2023-01-15 22:20:00+00:00,-10.7,10.7,-1,4.68,target,False,10-20,2023
AUD_JPY,2023-01-13 21:55:00+00:00,2023-01-15 22:00:00+00:00,2023-01-15 23:00:00+00:00,-7.9,7.9,-1,3.96,target,False,5-10,2023
CHF_JPY,2023-01-13 21:55:00+00:00,2023-01-15 22:00:00+00:00,2023-01-15 23:00:00+00:00,-13.2,13.2,-1,6.63,target,False,10-20,2023
NZD_JPY,2023-01-13 21:55:00+00:00,2023-01-15 22:00:00+00:00,2023-01-15 23:05:00+00:00,-5.8,5.8,-1,1.17,target,False,5-10,2023
EUR_GBP,2023-01-13 21:55:00+00:00,2023-01-15 22:00:00+00:00,2023-01-15 22:05:00+00:00,5.9,5.9,1,3.21,target,False,5-10,2023
CHF_JPY,2023-01-27 21:55:00+00:00,2023-01-29 22:00:00+00:00,2023-01-29 22:05:00+00:00,-20.8,20.8,-1,13.47,target,False,20-50,2023
AUD_USD,2023-01-27 21:55:00+00:00,2023-01-29 22:00:00+00:00,2023-01-29 23:55:00+00:00,-8.0,8.0,-1,5.25,target,False,5-10,2023
NZD_JPY,2023-01-27 21:55:00+00:00,2023-01-29 22:00:00+00:00,2023-01-29 23:00:00+00:00,-17.5,17.5,-1,11.7,target,False,10-20,2023
CAD_JPY,2023-01-27 21:55:00+00:00,2023-01-29 22:00:00+00:00,2023-01-29 22:10:00+00:00,-14.2,14.2,-1,9.33,target,False,10-20,2023
GBP_JPY,2023-01-27 21:55:00+00:00,2023-01-29 22:00:00+00:00,2023-01-29 22:25:00+00:00,-15.6,15.6,-1,9.09,target,False,10-20,2023
EUR_JPY,2023-01-27 21:55:00+00:00,2023-01-29 22:00:00+00:00,2023-01-29 22:15:00+00:00,-25.9,25.9,-1,19.86,target,False,20-50,2023
USD_JPY,2023-01-27 21:55:00+00:00,2023-01-29 22:00:00+00:00,2023-01-29 22:10:00+00:00,-17.4,17.4,-1,13.11,target,False,10-20,2023
AUD_JPY,2023-01-27 21:55:00+00:00,2023-01-29 22:00:00+00:00,2023-01-29 23:20:00+00:00,-23.3,23.3,-1,17.82,target,False,20-50,2023
AUD_JPY,2023-02-03 21:55:00+00:00,2023-02-05 22:00:00+00:00,2023-02-07 03:30:00+00:00,55.3,55.3,1,-53.15,stop,False,50+,2023
NZD_JPY,2023-02-03 21:55:00+00:00,2023-02-05 22:00:00+00:00,2023-02-07 13:30:00+00:00,51.7,51.7,1,42.48,target,False,50+,2023
EUR_GBP,2023-02-03 21:55:00+00:00,2023-02-05 22:00:00+00:00,2023-02-05 23:10:00+00:00,5.4,5.4,1,2.76,target,False,5-10,2023
GBP_USD,2023-02-03 21:55:00+00:00,2023-02-05 22:00:00+00:00,2023-02-05 23:15:00+00:00,-18.0,18.0,-1,13.35,target,False,10-20,2023
AUD_USD,2023-02-03 21:55:00+00:00,2023-02-05 22:00:00+00:00,2023-02-05 23:05:00+00:00,-16.8,16.8,-1,13.17,target,False,10-20,2023
NZD_USD,2023-02-03 21:55:00+00:00,2023-02-05 22:00:00+00:00,2023-02-05 23:10:00+00:00,-15.4,15.4,-1,11.61,target,False,10-20,2023
EUR_USD,2023-02-10 21:55:00+00:00,2023-02-12 22:00:00+00:00,2023-02-12 22:25:00+00:00,6.0,6.0,1,3.0,target,False,5-10,2023
GBP_USD,2023-02-10 21:55:00+00:00,2023-02-12 22:00:00+00:00,2023-02-12 22:15:00+00:00,8.7,8.7,1,4.98,target,False,5-10,2023
CAD_JPY,2023-02-10 21:55:00+00:00,2023-02-12 22:00:00+00:00,2023-02-12 22:10:00+00:00,-8.1,8.1,-1,3.84,target,False,5-10,2023
USD_JPY,2023-02-10 21:55:00+00:00,2023-02-12 22:00:00+00:00,2023-02-12 22:10:00+00:00,-10.8,10.8,-1,7.17,target,False,10-20,2023
CHF_JPY,2023-02-10 21:55:00+00:00,2023-02-12 22:00:00+00:00,2023-02-12 22:15:00+00:00,-16.1,16.1,-1,9.24,target,False,10-20,2023
USD_JPY,2023-02-17 21:55:00+00:00,2023-02-19 22:00:00+00:00,2023-02-20 04:20:00+00:00,9.5,9.5,1,6.0,target,False,5-10,2023
GBP_JPY,2023-02-17 21:55:00+00:00,2023-02-19 22:00:00+00:00,2023-02-19 22:05:00+00:00,-5.5,5.5,-1,-0.0,target,False,5-10,2023
CHF_JPY,2023-02-17 21:55:00+00:00,2023-02-19 22:00:00+00:00,2023-02-19 22:05:00+00:00,-9.4,9.4,-1,3.21,target,False,5-10,2023
GBP_USD,2023-02-17 21:55:00+00:00,2023-02-19 22:00:00+00:00,2023-02-20 04:35:00+00:00,-12.4,12.4,-1,8.31,target,False,10-20,2023
AUD_USD,2023-02-17 21:55:00+00:00,2023-02-19 22:00:00+00:00,2023-02-20 01:20:00+00:00,-8.2,8.2,-1,5.43,target,False,5-10,2023
EUR_USD,2023-02-17 21:55:00+00:00,2023-02-19 22:00:00+00:00,2023-02-19 22:40:00+00:00,-5.9,5.9,-1,2.91,target,False,5-10,2023
AUD_USD,2023-02-24 21:55:00+00:00,2023-02-26 22:00:00+00:00,2023-02-26 22:05:00+00:00,5.4,5.4,1,2.91,target,False,5-10,2023
GBP_USD,2023-02-24 21:55:00+00:00,2023-02-26 22:00:00+00:00,2023-02-27 03:35:00+00:00,12.8,12.8,1,8.67,target,False,10-20,2023
EUR_GBP,2023-02-24 21:55:00+00:00,2023-02-26 22:00:00+00:00,2023-02-26 23:45:00+00:00,-8.5,8.5,-1,5.55,target,False,5-10,2023
CAD_JPY,2023-02-24 21:55:00+00:00,2023-02-26 22:00:00+00:00,2023-02-26 22:05:00+00:00,-7.1,7.1,-1,2.94,target,False,5-10,2023
GBP_JPY,2023-02-24 21:55:00+00:00,2023-02-26 22:00:00+00:00,2023-02-26 22:15:00+00:00,18.2,18.2,1,11.43,target,False,10-20,2023
CHF_JPY,2023-02-24 21:55:00+00:00,2023-02-26 22:00:00+00:00,2023-02-26 22:30:00+00:00,9.5,9.5,1,3.3,target,False,5-10,2023
USD_JPY,2023-03-03 21:55:00+00:00,2023-03-05 22:00:00+00:00,2023-03-06 00:55:00+00:00,15.8,15.8,1,11.67,target,False,10-20,2023
EUR_JPY,2023-03-03 21:55:00+00:00,2023-03-05 22:00:00+00:00,2023-03-05 22:50:00+00:00,8.8,8.8,1,4.47,target,False,5-10,2023
GBP_JPY,2023-03-03 21:55:00+00:00,2023-03-05 22:00:00+00:00,2023-03-05 22:50:00+00:00,6.5,6.5,1,0.9,target,False,5-10,2023
AUD_JPY,2023-03-03 21:55:00+00:00,2023-03-05 22:00:00+00:00,2023-03-05 22:05:00+00:00,-11.2,11.2,-1,6.93,target,False,10-20,2023
CHF_JPY,2023-03-03 21:55:00+00:00,2023-03-05 22:00:00+00:00,2023-03-05 22:50:00+00:00,10.8,10.8,1,4.47,target,False,10-20,2023
AUD_USD,2023-03-03 21:55:00+00:00,2023-03-05 22:00:00+00:00,2023-03-06 02:55:00+00:00,-16.4,16.4,-1,12.81,target,False,10-20,2023
GBP_USD,2023-03-03 21:55:00+00:00,2023-03-05 22:00:00+00:00,2023-03-06 02:40:00+00:00,-7.9,7.9,-1,4.26,target,False,5-10,2023
EUR_USD,2023-03-03 21:55:00+00:00,2023-03-05 22:00:00+00:00,2023-03-06 00:05:00+00:00,-6.9,6.9,-1,3.81,target,False,5-10,2023
AUD_USD,2023-03-24 20:55:00+00:00,2023-03-26 21:00:00+00:00,2023-03-26 21:55:00+00:00,8.1,8.1,1,5.34,target,False,5-10,2023
EUR_USD,2023-03-24 20:55:00+00:00,2023-03-26 21:00:00+00:00,2023-03-27 00:55:00+00:00,15.2,15.2,1,11.28,target,False,10-20,2023
EUR_GBP,2023-03-24 20:55:00+00:00,2023-03-26 21:00:00+00:00,2023-03-26 21:55:00+00:00,9.1,9.1,1,6.09,target,False,5-10,2023
GBP_JPY,2023-03-24 20:55:00+00:00,2023-03-26 21:00:00+00:00,2023-03-26 22:00:00+00:00,-16.8,16.8,-1,10.17,target,False,10-20,2023
USD_JPY,2023-03-24 20:55:00+00:00,2023-03-26 21:00:00+00:00,2023-03-26 22:00:00+00:00,-13.5,13.5,-1,9.6,target,False,10-20,2023
NZD_JPY,2023-03-24 20:55:00+00:00,2023-03-26 21:00:00+00:00,2023-03-26 22:00:00+00:00,-6.4,6.4,-1,1.71,target,False,5-10,2023
NZD_JPY,2023-03-31 20:55:00+00:00,2023-04-02 21:00:00+00:00,2023-04-02 22:15:00+00:00,35.6,35.6,1,27.99,target,False,20-50,2023
USD_JPY,2023-03-31 20:55:00+00:00,2023-04-02 21:00:00+00:00,2023-04-03 01:15:00+00:00,48.5,48.5,1,41.1,target,False,20-50,2023
EUR_JPY,2023-03-31 20:55:00+00:00,2023-04-02 21:00:00+00:00,2023-04-02 22:30:00+00:00,53.7,53.7,1,44.88,target,False,50+,2023
AUD_JPY,2023-03-31 20:55:00+00:00,2023-04-02 21:00:00+00:00,2023-04-02 23:35:00+00:00,39.1,39.1,1,32.04,target,False,20-50,2023
CAD_JPY,2023-03-31 20:55:00+00:00,2023-04-02 21:00:00+00:00,2023-04-03 15:00:00+00:00,52.3,52.3,1,43.62,target,False,50+,2023
CHF_JPY,2023-03-31 20:55:00+00:00,2023-04-02 21:00:00+00:00,2023-04-03 00:00:00+00:00,44.5,44.5,1,34.8,target,False,20-50,2023
CHF_JPY,2023-04-07 20:55:00+00:00,2023-04-09 21:00:00+00:00,2023-04-09 22:00:00+00:00,21.9,21.9,1,14.46,target,False,20-50,2023
AUD_USD,2023-04-07 20:55:00+00:00,2023-04-09 21:00:00+00:00,2023-04-09 22:05:00+00:00,-9.0,9.0,-1,6.15,target,False,5-10,2023
GBP_JPY,2023-04-07 20:55:00+00:00,2023-04-09 21:00:00+00:00,2023-04-09 21:10:00+00:00,8.6,8.6,1,2.79,target,False,5-10,2023
AUD_JPY,2023-04-07 20:55:00+00:00,2023-04-09 21:00:00+00:00,2023-04-09 23:15:00+00:00,-10.5,10.5,-1,6.3,target,False,10-20,2023
USD_JPY,2023-04-14 20:55:00+00:00,2023-04-16 21:00:00+00:00,2023-04-16 22:20:00+00:00,6.6,6.6,1,3.39,target,False,5-10,2023
GBP_JPY,2023-04-14 20:55:00+00:00,2023-04-16 21:00:00+00:00,2023-04-16 22:00:00+00:00,8.2,8.2,1,2.43,target,False,5-10,2023
CHF_JPY,2023-04-14 20:55:00+00:00,2023-04-16 21:00:00+00:00,2023-04-16 22:00:00+00:00,-9.2,9.2,-1,3.03,target,False,5-10,2023
AUD_USD,2023-04-14 20:55:00+00:00,2023-04-16 21:00:00+00:00,2023-04-17 00:20:00+00:00,-5.7,5.7,-1,3.18,target,False,5-10,2023
NZD_USD,2023-04-14 20:55:00+00:00,2023-04-16 21:00:00+00:00,2023-04-16 21:10:00+00:00,-5.5,5.5,-1,2.7,target,False,5-10,2023
USD_JPY,2023-04-21 20:55:00+00:00,2023-04-23 21:00:00+00:00,2023-04-23 22:45:00+00:00,-10.1,10.1,-1,6.54,target,False,10-20,2023
EUR_JPY,2023-04-21 20:55:00+00:00,2023-04-23 21:00:00+00:00,2023-04-23 22:35:00+00:00,-13.8,13.8,-1,8.97,target,False,10-20,2023
GBP_JPY,2023-04-21 20:55:00+00:00,2023-04-23 21:00:00+00:00,2023-04-23 21:05:00+00:00,-7.9,7.9,-1,2.16,target,False,5-10,2023
CHF_JPY,2023-04-21 20:55:00+00:00,2023-04-23 21:00:00+00:00,2023-04-23 22:25:00+00:00,-18.0,18.0,-1,10.95,target,False,10-20,2023
NZD_USD,2023-04-28 20:55:00+00:00,2023-04-30 21:00:00+00:00,2023-04-30 21:30:00+00:00,-5.4,5.4,-1,2.61,target,False,5-10,2023
EUR_GBP,2023-04-28 20:55:00+00:00,2023-04-30 21:00:00+00:00,2023-04-30 22:05:00+00:00,5.8,5.8,1,3.12,target,False,5-10,2023
NZD_JPY,2023-04-28 20:55:00+00:00,2023-04-30 21:00:00+00:00,2023-04-30 21:30:00+00:00,-14.0,14.0,-1,8.55,target,False,10-20,2023
GBP_JPY,2023-04-28 20:55:00+00:00,2023-04-30 21:00:00+00:00,2023-04-30 21:10:00+00:00,-10.9,10.9,-1,4.86,target,False,10-20,2023
EUR_JPY,2023-04-28 20:55:00+00:00,2023-04-30 21:00:00+00:00,2023-04-30 22:15:00+00:00,8.1,8.1,1,3.84,target,False,5-10,2023
USD_JPY,2023-04-28 20:55:00+00:00,2023-04-30 21:00:00+00:00,2023-04-30 21:30:00+00:00,-10.8,10.8,-1,7.17,target,False,10-20,2023
AUD_JPY,2023-04-28 20:55:00+00:00,2023-04-30 21:00:00+00:00,2023-04-30 21:15:00+00:00,-9.3,9.3,-1,5.22,target,False,5-10,2023
EUR_JPY,2023-05-05 20:55:00+00:00,2023-05-07 21:00:00+00:00,2023-05-08 07:55:00+00:00,8.2,8.2,1,-53.45,stop,False,5-10,2023
GBP_JPY,2023-05-05 20:55:00+00:00,2023-05-07 21:00:00+00:00,2023-05-08 10:35:00+00:00,14.2,14.2,1,-54.95,stop,False,10-20,2023
AUD_JPY,2023-05-05 20:55:00+00:00,2023-05-07 21:00:00+00:00,2023-05-07 21:05:00+00:00,-6.0,6.0,-1,2.25,target,False,5-10,2023
CAD_JPY,2023-05-05 20:55:00+00:00,2023-05-07 21:00:00+00:00,2023-05-07 21:40:00+00:00,-5.5,5.5,-1,1.5,target,False,5-10,2023
CHF_JPY,2023-05-05 20:55:00+00:00,2023-05-07 21:00:00+00:00,2023-05-08 07:00:00+00:00,8.3,8.3,1,-55.25,stop,False,5-10,2023
AUD_USD,2023-05-05 20:55:00+00:00,2023-05-07 21:00:00+00:00,2023-05-07 21:30:00+00:00,-5.2,5.2,-1,2.73,target,False,5-10,2023
AUD_USD,2023-05-12 20:55:00+00:00,2023-05-14 21:00:00+00:00,2023-05-14 22:05:00+00:00,6.5,6.5,1,3.9,target,False,5-10,2023
EUR_USD,2023-05-12 20:55:00+00:00,2023-05-14 21:00:00+00:00,2023-05-14 22:00:00+00:00,5.5,5.5,1,2.55,target,False,5-10,2023
GBP_USD,2023-05-12 20:55:00+00:00,2023-05-14 21:00:00+00:00,2023-05-14 22:00:00+00:00,10.4,10.4,1,6.51,target,False,10-20,2023
USD_JPY,2023-05-12 20:55:00+00:00,2023-05-14 21:00:00+00:00,2023-05-14 21:55:00+00:00,-5.8,5.8,-1,2.67,target,False,5-10,2023
GBP_JPY,2023-05-12 20:55:00+00:00,2023-05-14 21:00:00+00:00,2023-05-14 21:10:00+00:00,5.6,5.6,1,0.09,target,False,5-10,2023
CHF_JPY,2023-05-12 20:55:00+00:00,2023-05-14 21:00:00+00:00,2023-05-14 21:45:00+00:00,31.2,31.2,1,22.83,target,False,20-50,2023
CHF_JPY,2023-05-19 20:55:00+00:00,2023-05-21 21:00:00+00:00,2023-05-21 22:00:00+00:00,10.8,10.8,1,4.47,target,False,10-20,2023
NZD_JPY,2023-05-19 20:55:00+00:00,2023-05-21 21:00:00+00:00,2023-05-21 21:05:00+00:00,-6.7,6.7,-1,1.98,target,False,5-10,2023
NZD_USD,2023-05-19 20:55:00+00:00,2023-05-21 21:00:00+00:00,2023-05-21 21:05:00+00:00,-6.1,6.1,-1,3.24,target,False,5-10,2023
GBP_JPY,2023-05-26 20:55:00+00:00,2023-05-28 21:00:00+00:00,2023-05-28 21:45:00+00:00,-7.6,7.6,-1,1.89,target,False,5-10,2023
CAD_JPY,2023-05-26 20:55:00+00:00,2023-05-28 21:00:00+00:00,2023-05-28 21:25:00+00:00,9.0,9.0,1,4.65,target,False,5-10,2023
GBP_JPY,2023-06-02 20:55:00+00:00,2023-06-04 21:00:00+00:00,2023-06-04 21:45:00+00:00,13.1,13.1,1,6.84,target,False,10-20,2023
AUD_JPY,2023-06-02 20:55:00+00:00,2023-06-04 21:00:00+00:00,2023-06-04 21:10:00+00:00,7.7,7.7,1,3.78,target,False,5-10,2023
GBP_USD,2023-06-02 20:55:00+00:00,2023-06-04 21:00:00+00:00,2023-06-04 21:05:00+00:00,7.6,7.6,1,3.99,target,False,5-10,2023
AUD_USD,2023-06-09 20:55:00+00:00,2023-06-11 21:00:00+00:00,2023-06-11 22:00:00+00:00,-5.8,5.8,-1,3.27,target,False,5-10,2023
GBP_USD,2023-06-09 20:55:00+00:00,2023-06-11 21:00:00+00:00,2023-06-11 21:15:00+00:00,-11.2,11.2,-1,7.23,target,False,10-20,2023
CHF_JPY,2023-06-09 20:55:00+00:00,2023-06-11 21:00:00+00:00,2023-06-11 22:30:00+00:00,5.4,5.4,1,-0.39,target,False,5-10,2023
AUD_JPY,2023-06-09 20:55:00+00:00,2023-06-11 21:00:00+00:00,2023-06-11 21:55:00+00:00,-6.3,6.3,-1,2.52,target,False,5-10,2023
GBP_JPY,2023-06-09 20:55:00+00:00,2023-06-11 21:00:00+00:00,2023-06-11 21:15:00+00:00,-18.4,18.4,-1,11.61,target,False,10-20,2023
USD_JPY,2023-06-16 20:55:00+00:00,2023-06-18 21:00:00+00:00,2023-06-18 22:05:00+00:00,-13.9,13.9,-1,9.96,target,False,10-20,2023
EUR_JPY,2023-06-16 20:55:00+00:00,2023-06-18 21:00:00+00:00,2023-06-18 22:05:00+00:00,-11.2,11.2,-1,6.63,target,False,10-20,2023
GBP_JPY,2023-06-16 20:55:00+00:00,2023-06-18 21:00:00+00:00,2023-06-18 21:55:00+00:00,-19.3,19.3,-1,12.42,target,False,10-20,2023
CHF_JPY,2023-06-16 20:55:00+00:00,2023-06-18 21:00:00+00:00,2023-06-18 22:05:00+00:00,-7.1,7.1,-1,1.14,target,False,5-10,2023
NZD_JPY,2023-06-16 20:55:00+00:00,2023-06-18 21:00:00+00:00,2023-06-19 14:30:00+00:00,-20.8,20.8,-1,-54.05,stop,False,20-50,2023
AUD_USD,2023-06-16 20:55:00+00:00,2023-06-18 21:00:00+00:00,2023-06-18 21:10:00+00:00,9.3,9.3,1,6.42,target,False,5-10,2023
NZD_USD,2023-06-16 20:55:00+00:00,2023-06-18 21:00:00+00:00,2023-06-20 02:10:00+00:00,-8.6,8.6,-1,-52.25,stop,False,5-10,2023
EUR_GBP,2023-06-23 20:55:00+00:00,2023-06-25 21:00:00+00:00,2023-06-25 22:00:00+00:00,6.6,6.6,1,3.84,target,False,5-10,2023
NZD_JPY,2023-06-23 20:55:00+00:00,2023-06-25 21:00:00+00:00,2023-06-25 22:00:00+00:00,-7.8,7.8,-1,2.97,target,False,5-10,2023
CHF_JPY,2023-06-23 20:55:00+00:00,2023-06-25 21:00:00+00:00,2023-06-25 22:00:00+00:00,-11.1,11.1,-1,4.74,target,False,10-20,2023
USD_JPY,2023-06-23 20:55:00+00:00,2023-06-25 21:00:00+00:00,2023-06-25 22:05:00+00:00,-10.4,10.4,-1,6.81,target,False,10-20,2023
GBP_JPY,2023-06-23 20:55:00+00:00,2023-06-25 21:00:00+00:00,2023-06-25 22:00:00+00:00,-29.5,29.5,-1,21.6,target,False,20-50,2023
EUR_JPY,2023-06-23 20:55:00+00:00,2023-06-25 21:00:00+00:00,2023-06-25 21:05:00+00:00,-8.8,8.8,-1,4.47,target,False,5-10,2023
CAD_JPY,2023-06-23 20:55:00+00:00,2023-06-25 21:00:00+00:00,2023-06-25 22:00:00+00:00,-11.0,11.0,-1,6.45,target,False,10-20,2023
USD_JPY,2023-06-30 20:55:00+00:00,2023-07-02 21:00:00+00:00,2023-07-02 21:05:00+00:00,5.6,5.6,1,2.49,target,False,5-10,2023
EUR_JPY,2023-06-30 20:55:00+00:00,2023-07-02 21:00:00+00:00,2023-07-02 21:05:00+00:00,7.2,7.2,1,3.03,target,False,5-10,2023
AUD_JPY,2023-06-30 20:55:00+00:00,2023-07-02 21:00:00+00:00,2023-07-02 21:10:00+00:00,6.9,6.9,1,3.06,target,False,5-10,2023
CAD_JPY,2023-06-30 20:55:00+00:00,2023-07-02 21:00:00+00:00,2023-07-02 21:30:00+00:00,5.4,5.4,1,1.41,target,False,5-10,2023
NZD_JPY,2023-06-30 20:55:00+00:00,2023-07-02 21:00:00+00:00,2023-07-03 00:00:00+00:00,-9.7,9.7,-1,4.68,target,False,5-10,2023
NZD_USD,2023-06-30 20:55:00+00:00,2023-07-02 21:00:00+00:00,2023-07-02 22:00:00+00:00,-9.2,9.2,-1,6.03,target,False,5-10,2023
EUR_USD,2023-07-07 20:55:00+00:00,2023-07-09 21:00:00+00:00,2023-07-09 21:20:00+00:00,-7.8,7.8,-1,4.62,target,False,5-10,2023
AUD_USD,2023-07-07 20:55:00+00:00,2023-07-09 21:00:00+00:00,2023-07-09 21:45:00+00:00,-8.9,8.9,-1,6.06,target,False,5-10,2023
CHF_JPY,2023-07-07 20:55:00+00:00,2023-07-09 21:00:00+00:00,2023-07-10 02:25:00+00:00,6.1,6.1,1,-55.25,stop,False,5-10,2023
EUR_JPY,2023-07-07 20:55:00+00:00,2023-07-09 21:00:00+00:00,2023-07-09 22:00:00+00:00,-9.1,9.1,-1,4.74,target,False,5-10,2023
AUD_JPY,2023-07-07 20:55:00+00:00,2023-07-09 21:00:00+00:00,2023-07-09 21:05:00+00:00,-5.4,5.4,-1,1.71,target,False,5-10,2023
CAD_JPY,2023-07-07 20:55:00+00:00,2023-07-09 21:00:00+00:00,2023-07-09 21:40:00+00:00,6.0,6.0,1,1.95,target,False,5-10,2023
EUR_USD,2023-07-14 20:55:00+00:00,2023-07-16 21:00:00+00:00,2023-07-16 21:05:00+00:00,7.2,7.2,1,4.08,target,False,5-10,2023
AUD_JPY,2023-07-14 20:55:00+00:00,2023-07-16 21:00:00+00:00,2023-07-16 21:10:00+00:00,7.9,7.9,1,3.96,target,False,5-10,2023
GBP_USD,2023-07-14 20:55:00+00:00,2023-07-16 21:00:00+00:00,2023-07-16 21:10:00+00:00,8.1,8.1,1,4.44,target,False,5-10,2023
NZD_USD,2023-07-14 20:55:00+00:00,2023-07-16 21:00:00+00:00,2023-07-17 13:30:00+00:00,-5.8,5.8,-1,-52.25,stop,False,5-10,2023
CAD_JPY,2023-07-21 20:55:00+00:00,2023-07-23 21:00:00+00:00,2023-07-23 22:00:00+00:00,-8.8,8.8,-1,4.47,target,False,5-10,2023
NZD_USD,2023-07-21 20:55:00+00:00,2023-07-23 21:00:00+00:00,2023-07-23 22:45:00+00:00,5.9,5.9,1,3.06,target,False,5-10,2023
AUD_JPY,2023-07-21 20:55:00+00:00,2023-07-23 21:00:00+00:00,2023-07-24 13:15:00+00:00,-8.8,8.8,-1,-53.15,stop,False,5-10,2023
USD_JPY,2023-07-21 20:55:00+00:00,2023-07-23 21:00:00+00:00,2023-07-24 09:05:00+00:00,-15.5,15.5,-1,-52.55,stop,False,10-20,2023
EUR_JPY,2023-07-21 20:55:00+00:00,2023-07-23 21:00:00+00:00,2023-07-24 07:15:00+00:00,-13.5,13.5,-1,-53.45,stop,False,10-20,2023
GBP_JPY,2023-07-21 20:55:00+00:00,2023-07-23 21:00:00+00:00,2023-07-23 22:05:00+00:00,-19.9,19.9,-1,12.96,target,False,10-20,2023
USD_JPY,2023-08-04 20:55:00+00:00,2023-08-06 21:00:00+00:00,2023-08-06 22:00:00+00:00,-8.0,8.0,-1,4.65,target,False,5-10,2023
EUR_GBP,2023-08-04 20:55:00+00:00,2023-08-06 21:00:00+00:00,2023-08-06 23:40:00+00:00,6.2,6.2,1,3.48,target,False,5-10,2023
EUR_USD,2023-08-04 20:55:00+00:00,2023-08-06 21:00:00+00:00,2023-08-06 22:00:00+00:00,7.9,7.9,1,4.71,target,False,5-10,2023
USD_JPY,2023-08-11 20:55:00+00:00,2023-08-13 21:00:00+00:00,2023-08-13 21:05:00+00:00,-8.0,8.0,-1,4.65,target,False,5-10,2023
EUR_JPY,2023-08-11 20:55:00+00:00,2023-08-13 21:00:00+00:00,2023-08-13 22:00:00+00:00,8.1,8.1,1,3.84,target,False,5-10,2023
EUR_GBP,2023-08-11 20:55:00+00:00,2023-08-13 21:00:00+00:00,2023-08-13 21:15:00+00:00,6.3,6.3,1,3.57,target,False,5-10,2023
EUR_USD,2023-08-11 20:55:00+00:00,2023-08-13 21:00:00+00:00,2023-08-13 22:00:00+00:00,6.4,6.4,1,3.36,target,False,5-10,2023
GBP_USD,2023-08-11 20:55:00+00:00,2023-08-13 21:00:00+00:00,2023-08-13 22:10:00+00:00,5.9,5.9,1,2.46,target,False,5-10,2023
NZD_USD,2023-08-18 20:55:00+00:00,2023-08-20 21:00:00+00:00,2023-08-20 23:35:00+00:00,12.4,12.4,1,8.91,target,False,10-20,2023
NZD_JPY,2023-08-18 20:55:00+00:00,2023-08-20 21:00:00+00:00,2023-08-20 22:40:00+00:00,7.1,7.1,1,2.34,target,False,5-10,2023
GBP_JPY,2023-08-18 20:55:00+00:00,2023-08-20 21:00:00+00:00,2023-08-20 21:15:00+00:00,-12.0,12.0,-1,5.85,target,False,10-20,2023
EUR_JPY,2023-08-18 20:55:00+00:00,2023-08-20 21:00:00+00:00,2023-08-20 21:25:00+00:00,-13.6,13.6,-1,8.79,target,False,10-20,2023
USD_JPY,2023-08-18 20:55:00+00:00,2023-08-20 21:00:00+00:00,2023-08-20 21:50:00+00:00,-7.3,7.3,-1,4.02,target,False,5-10,2023
GBP_JPY,2023-08-25 20:55:00+00:00,2023-08-27 21:00:00+00:00,2023-08-28 09:20:00+00:00,14.5,14.5,1,8.1,target,False,10-20,2023
AUD_JPY,2023-08-25 20:55:00+00:00,2023-08-27 21:00:00+00:00,2023-08-28 01:30:00+00:00,6.4,6.4,1,-53.15,stop,False,5-10,2023
CAD_JPY,2023-08-25 20:55:00+00:00,2023-08-27 21:00:00+00:00,2023-08-28 07:15:00+00:00,10.7,10.7,1,6.18,target,False,10-20,2023
CHF_JPY,2023-08-25 20:55:00+00:00,2023-08-27 21:00:00+00:00,2023-08-27 21:20:00+00:00,-11.0,11.0,-1,4.65,target,False,10-20,2023
NZD_JPY,2023-08-25 20:55:00+00:00,2023-08-27 21:00:00+00:00,2023-08-27 21:05:00+00:00,8.0,8.0,1,3.15,target,False,5-10,2023
GBP_USD,2023-08-25 20:55:00+00:00,2023-08-27 21:00:00+00:00,2023-08-27 22:45:00+00:00,9.4,9.4,1,5.61,target,False,5-10,2023
GBP_USD,2023-09-01 20:55:00+00:00,2023-09-03 21:00:00+00:00,2023-09-03 22:55:00+00:00,8.5,8.5,1,4.8,target,False,5-10,2023
EUR_GBP,2023-09-01 20:55:00+00:00,2023-09-03 21:00:00+00:00,2023-09-03 21:15:00+00:00,-5.5,5.5,-1,2.85,target,False,5-10,2023
NZD_JPY,2023-09-01 20:55:00+00:00,2023-09-03 21:00:00+00:00,2023-09-04 01:10:00+00:00,-11.5,11.5,-1,6.3,target,False,10-20,2023
CHF_JPY,2023-09-01 20:55:00+00:00,2023-09-03 21:00:00+00:00,2023-09-03 21:05:00+00:00,-7.4,7.4,-1,1.41,target,False,5-10,2023
AUD_JPY,2023-09-01 20:55:00+00:00,2023-09-03 21:00:00+00:00,2023-09-03 21:40:00+00:00,-11.1,11.1,-1,6.84,target,False,10-20,2023
EUR_JPY,2023-09-01 20:55:00+00:00,2023-09-03 21:00:00+00:00,2023-09-03 21:05:00+00:00,-7.8,7.8,-1,3.57,target,False,5-10,2023
USD_JPY,2023-09-01 20:55:00+00:00,2023-09-03 21:00:00+00:00,2023-09-03 21:55:00+00:00,-12.8,12.8,-1,8.97,target,False,10-20,2023
CAD_JPY,2023-09-01 20:55:00+00:00,2023-09-03 21:00:00+00:00,2023-09-03 21:15:00+00:00,-7.8,7.8,-1,3.57,target,False,5-10,2023
AUD_USD,2023-09-08 20:55:00+00:00,2023-09-10 21:00:00+00:00,2023-09-10 21:15:00+00:00,9.5,9.5,1,6.6,target,False,5-10,2023
AUD_JPY,2023-09-08 20:55:00+00:00,2023-09-10 21:00:00+00:00,2023-09-11 09:10:00+00:00,-34.8,34.8,-1,28.17,target,False,20-50,2023
CAD_JPY,2023-09-08 20:55:00+00:00,2023-09-10 21:00:00+00:00,2023-09-11 06:10:00+00:00,-56.0,56.0,-1,-53.45,stop,False,50+,2023
CHF_JPY,2023-09-08 20:55:00+00:00,2023-09-10 21:00:00+00:00,2023-09-10 21:40:00+00:00,-48.5,48.5,-1,-55.25,stop,False,20-50,2023
NZD_JPY,2023-09-08 20:55:00+00:00,2023-09-10 21:00:00+00:00,2023-09-12 21:15:00+00:00,-33.8,33.8,-1,11.95,timeout,False,20-50,2023
EUR_USD,2023-09-08 20:55:00+00:00,2023-09-10 21:00:00+00:00,2023-09-12 01:10:00+00:00,16.4,16.4,1,-52.4,stop,False,10-20,2023
GBP_USD,2023-09-08 20:55:00+00:00,2023-09-10 21:00:00+00:00,2023-09-11 05:15:00+00:00,14.0,14.0,1,-52.85,stop,False,10-20,2023
AUD_USD,2023-09-15 20:55:00+00:00,2023-09-17 21:00:00+00:00,2023-09-17 21:35:00+00:00,12.5,12.5,1,9.3,target,False,10-20,2023
AUD_JPY,2023-09-15 20:55:00+00:00,2023-09-17 21:00:00+00:00,2023-09-17 21:35:00+00:00,5.4,5.4,1,1.71,target,False,5-10,2023
EUR_JPY,2023-09-15 20:55:00+00:00,2023-09-17 21:00:00+00:00,2023-09-17 22:00:00+00:00,-8.9,8.9,-1,4.56,target,False,5-10,2023
USD_JPY,2023-09-15 20:55:00+00:00,2023-09-17 21:00:00+00:00,2023-09-17 23:00:00+00:00,-11.0,11.0,-1,7.35,target,False,10-20,2023
GBP_JPY,2023-09-15 20:55:00+00:00,2023-09-17 21:00:00+00:00,2023-09-17 22:00:00+00:00,-7.0,7.0,-1,1.35,target,False,5-10,2023
GBP_USD,2023-09-22 20:55:00+00:00,2023-09-24 21:00:00+00:00,2023-09-24 21:45:00+00:00,17.6,17.6,1,12.99,target,False,10-20,2023
USD_JPY,2023-09-22 20:55:00+00:00,2023-09-24 21:00:00+00:00,2023-09-24 22:00:00+00:00,-6.8,6.8,-1,3.57,target,False,5-10,2023
EUR_JPY,2023-09-22 20:55:00+00:00,2023-09-24 21:00:00+00:00,2023-09-24 21:15:00+00:00,5.0,5.0,1,1.05,target,False,<5,2023
EUR_GBP,2023-09-22 20:55:00+00:00,2023-09-24 21:00:00+00:00,2023-09-24 21:30:00+00:00,-7.8,7.8,-1,4.92,target,False,5-10,2023
EUR_USD,2023-09-22 20:55:00+00:00,2023-09-24 21:00:00+00:00,2023-09-24 21:45:00+00:00,9.8,9.8,1,6.42,target,False,5-10,2023
NZD_JPY,2023-09-22 20:55:00+00:00,2023-09-24 21:15:00+00:00,2023-09-24 21:40:00+00:00,-7.7,7.7,-1,2.88,target,False,5-10,2023
GBP_USD,2023-09-29 20:55:00+00:00,2023-10-01 21:00:00+00:00,2023-10-01 21:30:00+00:00,-11.4,11.4,-1,7.41,target,False,10-20,2023
AUD_USD,2023-09-29 20:55:00+00:00,2023-10-01 21:00:00+00:00,2023-10-01 21:10:00+00:00,-10.2,10.2,-1,7.23,target,False,10-20,2023
CHF_JPY,2023-09-29 20:55:00+00:00,2023-10-01 21:00:00+00:00,2023-10-01 22:00:00+00:00,9.0,9.0,1,2.85,target,False,5-10,2023
NZD_JPY,2023-09-29 20:55:00+00:00,2023-10-01 21:00:00+00:00,2023-10-01 21:05:00+00:00,12.8,12.8,1,7.47,target,False,10-20,2023
GBP_JPY,2023-09-29 20:55:00+00:00,2023-10-01 21:00:00+00:00,2023-10-01 22:00:00+00:00,13.9,13.9,1,7.56,target,False,10-20,2023
CAD_JPY,2023-09-29 20:55:00+00:00,2023-10-01 21:00:00+00:00,2023-10-02 09:45:00+00:00,24.2,24.2,1,18.33,target,False,20-50,2023
EUR_JPY,2023-09-29 20:55:00+00:00,2023-10-01 21:00:00+00:00,2023-10-01 22:00:00+00:00,13.7,13.7,1,8.88,target,False,10-20,2023
USD_JPY,2023-09-29 20:55:00+00:00,2023-10-01 21:00:00+00:00,2023-10-03 14:05:00+00:00,25.4,25.4,1,-52.55,stop,False,20-50,2023
AUD_USD,2023-10-06 20:55:00+00:00,2023-10-08 21:00:00+00:00,2023-10-09 13:50:00+00:00,-24.7,24.7,-1,20.28,target,False,20-50,2023
GBP_USD,2023-10-06 20:55:00+00:00,2023-10-08 21:00:00+00:00,2023-10-09 18:00:00+00:00,-33.8,33.8,-1,27.57,target,False,20-50,2023
EUR_GBP,2023-10-06 20:55:00+00:00,2023-10-08 21:00:00+00:00,2023-10-08 21:25:00+00:00,-5.6,5.6,-1,2.94,target,False,5-10,2023
NZD_JPY,2023-10-06 20:55:00+00:00,2023-10-08 21:00:00+00:00,2023-10-09 18:00:00+00:00,-44.2,44.2,-1,35.73,target,False,20-50,2023
EUR_USD,2023-10-06 20:55:00+00:00,2023-10-08 21:00:00+00:00,2023-10-10 00:00:00+00:00,-34.0,34.0,-1,28.2,target,False,20-50,2023
CAD_JPY,2023-10-06 20:55:00+00:00,2023-10-08 21:00:00+00:00,2023-10-09 00:25:00+00:00,-25.7,25.7,-1,19.68,target,False,20-50,2023
AUD_JPY,2023-10-06 20:55:00+00:00,2023-10-08 21:00:00+00:00,2023-10-10 00:00:00+00:00,-50.4,50.4,-1,42.21,target,False,50+,2023
USD_JPY,2023-10-06 20:55:00+00:00,2023-10-08 21:00:00+00:00,2023-10-09 14:25:00+00:00,-19.0,19.0,-1,-52.55,stop,False,10-20,2023
CHF_JPY,2023-10-06 20:55:00+00:00,2023-10-08 21:00:00+00:00,2023-10-08 22:45:00+00:00,-15.0,15.0,-1,8.25,target,False,10-20,2023
AUD_USD,2023-10-13 20:55:00+00:00,2023-10-15 21:00:00+00:00,2023-10-17 00:35:00+00:00,7.8,7.8,1,-51.95,stop,False,5-10,2023
USD_JPY,2023-10-13 20:55:00+00:00,2023-10-15 21:00:00+00:00,2023-10-15 21:15:00+00:00,-19.7,19.7,-1,15.18,target,False,10-20,2023
EUR_JPY,2023-10-13 20:55:00+00:00,2023-10-15 21:00:00+00:00,2023-10-15 21:15:00+00:00,-7.4,7.4,-1,3.21,target,False,5-10,2023
GBP_JPY,2023-10-13 20:55:00+00:00,2023-10-15 21:00:00+00:00,2023-10-15 21:15:00+00:00,-29.1,29.1,-1,21.24,target,False,20-50,2023
CAD_JPY,2023-10-13 20:55:00+00:00,2023-10-15 21:00:00+00:00,2023-10-15 21:15:00+00:00,-14.6,14.6,-1,9.69,target,False,10-20,2023
CHF_JPY,2023-10-13 20:55:00+00:00,2023-10-15 21:00:00+00:00,2023-10-15 22:00:00+00:00,7.4,7.4,1,1.41,target,False,5-10,2023
NZD_JPY,2023-10-13 20:55:00+00:00,2023-10-15 21:00:00+00:00,2023-10-17 08:35:00+00:00,35.1,35.1,1,27.54,target,False,20-50,2023
NZD_USD,2023-10-13 20:55:00+00:00,2023-10-15 21:00:00+00:00,2023-10-17 08:30:00+00:00,30.3,30.3,1,25.02,target,False,20-50,2023
CHF_JPY,2023-10-20 20:55:00+00:00,2023-10-22 21:00:00+00:00,2023-10-22 22:00:00+00:00,8.0,8.0,1,1.95,target,False,5-10,2023
EUR_GBP,2023-10-20 20:55:00+00:00,2023-10-22 21:00:00+00:00,2023-10-22 21:15:00+00:00,7.1,7.1,1,4.29,target,False,5-10,2023
EUR_JPY,2023-10-20 20:55:00+00:00,2023-10-22 21:00:00+00:00,2023-10-22 21:05:00+00:00,-6.3,6.3,-1,2.22,target,False,5-10,2023
GBP_JPY,2023-10-20 20:55:00+00:00,2023-10-22 21:00:00+00:00,2023-10-22 21:15:00+00:00,-6.7,6.7,-1,1.08,target,False,5-10,2023
NZD_JPY,2023-10-20 20:55:00+00:00,2023-10-22 21:35:00+00:00,2023-10-22 21:50:00+00:00,-6.2,6.2,-1,1.53,target,False,5-10,2023
EUR_JPY,2023-11-03 20:55:00+00:00,2023-11-05 22:00:00+00:00,2023-11-05 23:25:00+00:00,-9.5,9.5,-1,5.1,target,False,5-10,2023
GBP_JPY,2023-11-03 20:55:00+00:00,2023-11-05 22:00:00+00:00,2023-11-05 23:25:00+00:00,-8.2,8.2,-1,2.43,target,False,5-10,2023
AUD_JPY,2023-11-03 20:55:00+00:00,2023-11-05 22:00:00+00:00,2023-11-05 23:05:00+00:00,-9.0,9.0,-1,4.95,target,False,5-10,2023
NZD_JPY,2023-11-03 20:55:00+00:00,2023-11-05 22:00:00+00:00,2023-11-05 23:00:00+00:00,-9.0,9.0,-1,4.05,target,False,5-10,2023
NZD_USD,2023-11-03 20:55:00+00:00,2023-11-05 22:00:00+00:00,2023-11-06 00:00:00+00:00,-6.4,6.4,-1,3.51,target,False,5-10,2023
GBP_USD,2023-11-03 20:55:00+00:00,2023-11-05 22:00:00+00:00,2023-11-06 04:15:00+00:00,-5.8,5.8,-1,2.37,target,False,5-10,2023
AUD_JPY,2023-11-10 21:55:00+00:00,2023-11-12 22:00:00+00:00,2023-11-12 22:20:00+00:00,-9.0,9.0,-1,4.95,target,False,5-10,2023
NZD_JPY,2023-11-10 21:55:00+00:00,2023-11-12 22:00:00+00:00,2023-11-12 22:30:00+00:00,-9.8,9.8,-1,4.77,target,False,5-10,2023
AUD_USD,2023-11-17 21:55:00+00:00,2023-11-19 22:00:00+00:00,2023-11-19 22:35:00+00:00,-8.0,8.0,-1,5.25,target,False,5-10,2023
GBP_USD,2023-11-17 21:55:00+00:00,2023-11-19 22:00:00+00:00,2023-11-19 23:00:00+00:00,-11.2,11.2,-1,7.23,target,False,10-20,2023
EUR_GBP,2023-11-17 21:55:00+00:00,2023-11-19 22:00:00+00:00,2023-11-19 22:35:00+00:00,6.9,6.9,1,4.11,target,False,5-10,2023
CAD_JPY,2023-11-17 21:55:00+00:00,2023-11-19 22:00:00+00:00,2023-11-20 01:20:00+00:00,10.1,10.1,1,5.64,target,False,10-20,2023
GBP_JPY,2023-11-17 21:55:00+00:00,2023-11-19 22:00:00+00:00,2023-11-19 22:35:00+00:00,-8.0,8.0,-1,2.25,target,False,5-10,2023
EUR_JPY,2023-11-17 21:55:00+00:00,2023-11-19 22:00:00+00:00,2023-11-19 22:05:00+00:00,-7.3,7.3,-1,3.12,target,False,5-10,2023
AUD_JPY,2023-11-17 21:55:00+00:00,2023-11-19 22:00:00+00:00,2023-11-19 22:25:00+00:00,-12.4,12.4,-1,8.01,target,False,10-20,2023
EUR_JPY,2023-11-24 21:55:00+00:00,2023-11-26 22:00:00+00:00,2023-11-27 00:50:00+00:00,9.0,9.0,1,4.65,target,False,5-10,2023
GBP_JPY,2023-11-24 21:55:00+00:00,2023-11-26 22:00:00+00:00,2023-11-26 22:05:00+00:00,-5.4,5.4,-1,-0.09,target,False,5-10,2023
AUD_JPY,2023-11-24 21:55:00+00:00,2023-11-26 22:00:00+00:00,2023-11-26 22:05:00+00:00,-7.1,7.1,-1,3.24,target,False,5-10,2023
NZD_JPY,2023-11-24 21:55:00+00:00,2023-11-26 22:00:00+00:00,2023-11-26 22:25:00+00:00,-8.4,8.4,-1,3.51,target,False,5-10,2023
EUR_USD,2023-11-24 21:55:00+00:00,2023-11-26 22:00:00+00:00,2023-11-26 23:00:00+00:00,5.3,5.3,1,2.37,target,False,5-10,2023
NZD_USD,2023-11-24 21:55:00+00:00,2023-11-26 22:00:00+00:00,2023-11-27 01:20:00+00:00,-5.3,5.3,-1,2.52,target,False,5-10,2023
NZD_JPY,2023-12-01 21:55:00+00:00,2023-12-03 22:00:00+00:00,2023-12-05 03:40:00+00:00,-26.2,26.2,-1,-54.05,stop,False,20-50,2023
AUD_USD,2023-12-01 21:55:00+00:00,2023-12-03 22:00:00+00:00,2023-12-03 22:10:00+00:00,-6.2,6.2,-1,3.63,target,False,5-10,2023
GBP_USD,2023-12-01 21:55:00+00:00,2023-12-03 22:00:00+00:00,2023-12-03 22:10:00+00:00,-12.2,12.2,-1,8.13,target,False,10-20,2023
NZD_USD,2023-12-01 21:55:00+00:00,2023-12-03 22:00:00+00:00,2023-12-03 23:00:00+00:00,-14.8,14.8,-1,11.07,target,False,10-20,2023
CHF_JPY,2023-12-01 21:55:00+00:00,2023-12-03 22:00:00+00:00,2023-12-03 22:50:00+00:00,-35.8,35.8,-1,26.97,target,False,20-50,2023
USD_JPY,2023-12-01 21:55:00+00:00,2023-12-03 22:00:00+00:00,2023-12-03 22:05:00+00:00,-6.3,6.3,-1,3.12,target,False,5-10,2023
AUD_JPY,2023-12-01 21:55:00+00:00,2023-12-03 22:00:00+00:00,2023-12-04 14:15:00+00:00,-14.2,14.2,-1,-53.15,stop,False,10-20,2023
EUR_JPY,2023-12-01 21:55:00+00:00,2023-12-03 22:00:00+00:00,2023-12-03 22:15:00+00:00,-9.9,9.9,-1,5.46,target,False,5-10,2023
CAD_JPY,2023-12-01 21:55:00+00:00,2023-12-03 22:00:00+00:00,2023-12-04 10:40:00+00:00,-11.1,11.1,-1,-53.45,stop,False,10-20,2023
GBP_JPY,2023-12-01 21:55:00+00:00,2023-12-03 22:00:00+00:00,2023-12-04 00:45:00+00:00,-28.3,28.3,-1,-54.95,stop,False,20-50,2023
GBP_JPY,2023-12-08 21:55:00+00:00,2023-12-10 22:00:00+00:00,2023-12-10 22:10:00+00:00,-17.2,17.2,-1,10.53,target,False,10-20,2023
AUD_JPY,2023-12-08 21:55:00+00:00,2023-12-10 22:00:00+00:00,2023-12-10 22:40:00+00:00,-15.2,15.2,-1,10.53,target,False,10-20,2023
CHF_JPY,2023-12-08 21:55:00+00:00,2023-12-10 22:00:00+00:00,2023-12-10 22:30:00+00:00,-18.2,18.2,-1,11.13,target,False,10-20,2023
NZD_JPY,2023-12-08 21:55:00+00:00,2023-12-10 22:00:00+00:00,2023-12-10 22:10:00+00:00,-6.5,6.5,-1,1.8,target,False,5-10,2023
GBP_USD,2023-12-08 21:55:00+00:00,2023-12-10 22:00:00+00:00,2023-12-10 22:55:00+00:00,-11.9,11.9,-1,7.86,target,False,10-20,2023
NZD_USD,2023-12-15 21:55:00+00:00,2023-12-17 22:00:00+00:00,2023-12-17 22:05:00+00:00,-11.2,11.2,-1,7.83,target,False,10-20,2023
AUD_JPY,2023-12-15 21:55:00+00:00,2023-12-17 22:00:00+00:00,2023-12-17 22:50:00+00:00,-10.6,10.6,-1,6.39,target,False,10-20,2023
USD_JPY,2023-12-15 21:55:00+00:00,2023-12-17 22:00:00+00:00,2023-12-17 22:30:00+00:00,-7.1,7.1,-1,3.84,target,False,5-10,2023
CHF_JPY,2024-01-05 21:55:00+00:00,2024-01-07 22:00:00+00:00,2024-01-07 22:15:00+00:00,6.2,6.2,1,0.33,target,False,5-10,2024
EUR_USD,2024-01-05 21:55:00+00:00,2024-01-07 22:00:00+00:00,2024-01-07 23:00:00+00:00,6.4,6.4,1,3.36,target,False,5-10,2024
GBP_USD,2024-01-12 21:55:00+00:00,2024-01-14 22:00:00+00:00,2024-01-14 22:45:00+00:00,-7.2,7.2,-1,3.63,target,False,5-10,2024
USD_JPY,2024-01-26 21:55:00+00:00,2024-01-28 22:00:00+00:00,2024-01-28 23:15:00+00:00,-6.3,6.3,-1,3.12,target,False,5-10,2024
EUR_JPY,2024-01-26 21:55:00+00:00,2024-01-28 22:00:00+00:00,2024-01-29 00:25:00+00:00,-24.3,24.3,-1,18.42,target,False,20-50,2024
GBP_JPY,2024-01-26 21:55:00+00:00,2024-01-28 22:00:00+00:00,2024-01-29 00:00:00+00:00,-11.3,11.3,-1,5.22,target,False,10-20,2024
AUD_JPY,2024-01-26 21:55:00+00:00,2024-01-28 22:00:00+00:00,2024-01-28 23:25:00+00:00,-8.2,8.2,-1,4.23,target,False,5-10,2024
EUR_USD,2024-01-26 21:55:00+00:00,2024-01-28 22:00:00+00:00,2024-01-30 14:30:00+00:00,-11.2,11.2,-1,7.68,target,False,10-20,2024
NZD_USD,2024-02-02 21:55:00+00:00,2024-02-04 22:00:00+00:00,2024-02-04 22:50:00+00:00,5.6,5.6,1,2.79,target,False,5-10,2024
NZD_JPY,2024-02-02 21:55:00+00:00,2024-02-04 22:00:00+00:00,2024-02-04 23:00:00+00:00,11.2,11.2,1,6.03,target,False,10-20,2024
CAD_JPY,2024-02-02 21:55:00+00:00,2024-02-04 22:00:00+00:00,2024-02-05 00:05:00+00:00,5.8,5.8,1,1.77,target,False,5-10,2024
EUR_JPY,2024-02-09 21:55:00+00:00,2024-02-11 22:00:00+00:00,2024-02-11 22:35:00+00:00,-6.5,6.5,-1,2.4,target,False,5-10,2024
CAD_JPY,2024-02-09 21:55:00+00:00,2024-02-11 22:00:00+00:00,2024-02-11 22:30:00+00:00,-5.4,5.4,-1,1.41,target,False,5-10,2024
EUR_JPY,2024-02-16 21:55:00+00:00,2024-02-18 22:00:00+00:00,2024-02-18 22:05:00+00:00,-5.0,5.0,-1,1.05,target,False,<5,2024
GBP_USD,2024-02-16 21:55:00+00:00,2024-02-18 22:00:00+00:00,2024-02-18 22:40:00+00:00,5.8,5.8,1,2.37,target,False,5-10,2024
EUR_USD,2024-02-23 21:55:00+00:00,2024-02-25 22:00:00+00:00,2024-02-25 22:10:00+00:00,10.8,10.8,1,7.32,target,False,10-20,2024
CHF_JPY,2024-02-23 21:55:00+00:00,2024-02-25 22:00:00+00:00,2024-02-25 22:30:00+00:00,14.7,14.7,1,7.98,target,False,10-20,2024
NZD_JPY,2024-02-23 21:55:00+00:00,2024-02-25 22:00:00+00:00,2024-02-26 00:50:00+00:00,-7.0,7.0,-1,-54.05,stop,False,5-10,2024
EUR_JPY,2024-02-23 21:55:00+00:00,2024-02-25 22:00:00+00:00,2024-02-25 22:05:00+00:00,10.1,10.1,1,5.64,target,False,10-20,2024
USD_JPY,2024-02-23 21:55:00+00:00,2024-02-25 22:00:00+00:00,2024-02-25 23:00:00+00:00,-7.9,7.9,-1,4.56,target,False,5-10,2024
CAD_JPY,2024-02-23 21:55:00+00:00,2024-02-25 22:00:00+00:00,2024-02-25 22:15:00+00:00,6.8,6.8,1,2.67,target,False,5-10,2024
CHF_JPY,2024-03-01 21:55:00+00:00,2024-03-03 22:00:00+00:00,2024-03-03 23:15:00+00:00,-5.4,5.4,-1,-0.39,target,False,5-10,2024
EUR_JPY,2024-03-08 21:55:00+00:00,2024-03-10 21:00:00+00:00,2024-03-10 21:15:00+00:00,5.5,5.5,1,1.5,target,False,5-10,2024
USD_JPY,2024-03-22 20:55:00+00:00,2024-03-24 21:00:00+00:00,2024-03-24 21:15:00+00:00,-6.1,6.1,-1,2.94,target,False,5-10,2024
GBP_JPY,2024-03-22 20:55:00+00:00,2024-03-24 21:00:00+00:00,2024-03-24 21:05:00+00:00,-6.8,6.8,-1,1.17,target,False,5-10,2024
NZD_JPY,2024-03-22 20:55:00+00:00,2024-03-24 21:00:00+00:00,2024-03-24 21:15:00+00:00,7.9,7.9,1,3.06,target,False,5-10,2024
NZD_USD,2024-03-22 20:55:00+00:00,2024-03-24 21:00:00+00:00,2024-03-24 21:10:00+00:00,7.6,7.6,1,4.59,target,False,5-10,2024
EUR_GBP,2024-04-05 20:55:00+00:00,2024-04-07 21:00:00+00:00,2024-04-08 06:30:00+00:00,9.9,9.9,1,6.81,target,False,5-10,2024
GBP_JPY,2024-04-05 20:55:00+00:00,2024-04-07 21:00:00+00:00,2024-04-07 22:00:00+00:00,-14.3,14.3,-1,7.92,target,False,10-20,2024
GBP_USD,2024-04-05 20:55:00+00:00,2024-04-07 21:00:00+00:00,2024-04-08 02:40:00+00:00,-9.6,9.6,-1,5.79,target,False,5-10,2024
CHF_JPY,2024-04-12 20:55:00+00:00,2024-04-14 21:00:00+00:00,2024-04-14 21:50:00+00:00,28.9,28.9,1,20.76,target,False,20-50,2024
AUD_JPY,2024-04-12 20:55:00+00:00,2024-04-14 21:00:00+00:00,2024-04-14 22:00:00+00:00,-9.6,9.6,-1,5.49,target,False,5-10,2024
CAD_JPY,2024-04-12 20:55:00+00:00,2024-04-14 21:00:00+00:00,2024-04-14 22:00:00+00:00,-20.6,20.6,-1,15.09,target,False,20-50,2024
USD_JPY,2024-04-12 20:55:00+00:00,2024-04-14 21:00:00+00:00,2024-04-14 22:50:00+00:00,-22.8,22.8,-1,17.97,target,False,20-50,2024
EUR_JPY,2024-04-12 20:55:00+00:00,2024-04-14 21:00:00+00:00,2024-04-14 22:20:00+00:00,-30.9,30.9,-1,24.36,target,False,20-50,2024
AUD_JPY,2024-04-19 20:55:00+00:00,2024-04-21 21:00:00+00:00,2024-04-21 22:00:00+00:00,-7.7,7.7,-1,3.78,target,False,5-10,2024
GBP_USD,2024-04-19 20:55:00+00:00,2024-04-21 21:00:00+00:00,2024-04-21 21:25:00+00:00,9.0,9.0,1,5.25,target,False,5-10,2024
NZD_USD,2024-04-26 20:55:00+00:00,2024-04-28 21:00:00+00:00,2024-04-30 05:25:00+00:00,15.3,15.3,1,11.52,target,False,10-20,2024
NZD_JPY,2024-04-26 20:55:00+00:00,2024-04-28 21:00:00+00:00,2024-04-28 22:10:00+00:00,-7.9,7.9,-1,3.06,target,False,5-10,2024
CAD_JPY,2024-04-26 20:55:00+00:00,2024-04-28 21:00:00+00:00,2024-04-28 22:10:00+00:00,-33.8,33.8,-1,26.97,target,False,20-50,2024
GBP_USD,2024-04-26 20:55:00+00:00,2024-04-28 21:00:00+00:00,2024-04-28 21:05:00+00:00,7.6,7.6,1,3.99,target,False,5-10,2024
GBP_JPY,2024-04-26 20:55:00+00:00,2024-04-28 21:00:00+00:00,2024-04-28 22:15:00+00:00,-37.3,37.3,-1,28.62,target,False,20-50,2024
EUR_JPY,2024-04-26 20:55:00+00:00,2024-04-28 21:00:00+00:00,2024-04-28 22:10:00+00:00,-47.4,47.4,-1,39.21,target,False,20-50,2024
USD_JPY,2024-04-26 20:55:00+00:00,2024-04-28 21:00:00+00:00,2024-04-28 22:15:00+00:00,-43.3,43.3,-1,36.42,target,False,20-50,2024
AUD_JPY,2024-04-26 20:55:00+00:00,2024-04-28 21:00:00+00:00,2024-04-28 22:10:00+00:00,-36.8,36.8,-1,29.97,target,False,20-50,2024
CAD_JPY,2024-05-03 20:55:00+00:00,2024-05-05 21:00:00+00:00,2024-05-05 21:05:00+00:00,6.5,6.5,1,2.4,target,False,5-10,2024
AUD_USD,2024-05-03 20:55:00+00:00,2024-05-05 21:00:00+00:00,2024-05-05 21:25:00+00:00,9.1,9.1,1,6.24,target,False,5-10,2024
NZD_USD,2024-05-03 20:55:00+00:00,2024-05-05 21:00:00+00:00,2024-05-05 21:05:00+00:00,7.1,7.1,1,4.14,target,False,5-10,2024
AUD_JPY,2024-05-03 20:55:00+00:00,2024-05-05 21:00:00+00:00,2024-05-05 21:05:00+00:00,6.5,6.5,1,2.7,target,False,5-10,2024
USD_JPY,2024-05-10 20:55:00+00:00,2024-05-12 21:00:00+00:00,2024-05-12 22:45:00+00:00,-6.7,6.7,-1,3.48,target,False,5-10,2024
GBP_JPY,2024-05-10 20:55:00+00:00,2024-05-12 21:00:00+00:00,2024-05-12 22:35:00+00:00,-18.8,18.8,-1,11.97,target,False,10-20,2024
AUD_JPY,2024-05-10 20:55:00+00:00,2024-05-12 21:00:00+00:00,2024-05-12 22:30:00+00:00,-6.5,6.5,-1,2.7,target,False,5-10,2024
NZD_JPY,2024-05-10 20:55:00+00:00,2024-05-12 21:00:00+00:00,2024-05-12 22:30:00+00:00,-9.2,9.2,-1,4.23,target,False,5-10,2024
GBP_USD,2024-05-10 20:55:00+00:00,2024-05-12 21:00:00+00:00,2024-05-12 22:00:00+00:00,-5.4,5.4,-1,2.01,target,False,5-10,2024
CAD_JPY,2024-05-17 20:55:00+00:00,2024-05-19 21:00:00+00:00,2024-05-19 21:15:00+00:00,-6.3,6.3,-1,2.22,target,False,5-10,2024
NZD_JPY,2024-05-17 20:55:00+00:00,2024-05-19 21:00:00+00:00,2024-05-19 21:15:00+00:00,-9.3,9.3,-1,4.32,target,False,5-10,2024
GBP_JPY,2024-05-17 20:55:00+00:00,2024-05-19 21:00:00+00:00,2024-05-19 21:15:00+00:00,-8.2,8.2,-1,2.43,target,False,5-10,2024
EUR_JPY,2024-05-17 20:55:00+00:00,2024-05-19 21:00:00+00:00,2024-05-19 21:05:00+00:00,-7.0,7.0,-1,2.85,target,False,5-10,2024
GBP_JPY,2024-05-24 20:55:00+00:00,2024-05-26 21:00:00+00:00,2024-05-26 21:25:00+00:00,6.2,6.2,1,0.63,target,False,5-10,2024
AUD_JPY,2024-05-24 20:55:00+00:00,2024-05-26 21:00:00+00:00,2024-05-26 21:05:00+00:00,-5.4,5.4,-1,1.71,target,False,5-10,2024
CAD_JPY,2024-05-24 20:55:00+00:00,2024-05-26 21:00:00+00:00,2024-05-26 21:05:00+00:00,-5.1,5.1,-1,1.14,target,False,5-10,2024
USD_JPY,2024-05-31 20:55:00+00:00,2024-06-02 21:00:00+00:00,2024-06-02 21:10:00+00:00,-6.9,6.9,-1,3.66,target,False,5-10,2024
EUR_JPY,2024-05-31 20:55:00+00:00,2024-06-02 21:00:00+00:00,2024-06-02 21:10:00+00:00,-11.7,11.7,-1,7.08,target,False,10-20,2024
GBP_JPY,2024-05-31 20:55:00+00:00,2024-06-02 21:00:00+00:00,2024-06-02 22:15:00+00:00,-7.6,7.6,-1,1.89,target,False,5-10,2024
CAD_JPY,2024-05-31 20:55:00+00:00,2024-06-02 21:00:00+00:00,2024-06-02 22:15:00+00:00,-10.8,10.8,-1,6.27,target,False,10-20,2024
NZD_USD,2024-05-31 20:55:00+00:00,2024-06-02 21:00:00+00:00,2024-06-02 21:05:00+00:00,-7.2,7.2,-1,4.23,target,False,5-10,2024
GBP_JPY,2024-06-07 20:55:00+00:00,2024-06-09 21:00:00+00:00,2024-06-09 21:15:00+00:00,12.9,12.9,1,6.66,target,False,10-20,2024
EUR_USD,2024-06-07 20:55:00+00:00,2024-06-09 21:00:00+00:00,2024-06-11 13:50:00+00:00,-31.8,31.8,-1,-52.4,stop,False,20-50,2024
GBP_USD,2024-06-07 20:55:00+00:00,2024-06-09 21:00:00+00:00,2024-06-09 21:10:00+00:00,9.3,9.3,1,5.52,target,False,5-10,2024
EUR_JPY,2024-06-07 20:55:00+00:00,2024-06-09 21:00:00+00:00,2024-06-10 10:05:00+00:00,-47.0,47.0,-1,-53.45,stop,False,20-50,2024
NZD_JPY,2024-06-07 20:55:00+00:00,2024-06-09 21:00:00+00:00,2024-06-09 21:05:00+00:00,17.4,17.4,1,11.61,target,False,10-20,2024
EUR_GBP,2024-06-07 20:55:00+00:00,2024-06-09 21:00:00+00:00,2024-06-11 21:00:00+00:00,-30.5,30.5,-1,-32.4,timeout,False,20-50,2024
AUD_USD,2024-06-14 20:55:00+00:00,2024-06-16 21:00:00+00:00,2024-06-16 21:05:00+00:00,-7.2,7.2,-1,4.53,target,False,5-10,2024
AUD_JPY,2024-06-14 20:55:00+00:00,2024-06-16 21:00:00+00:00,2024-06-16 21:05:00+00:00,-7.0,7.0,-1,3.15,target,False,5-10,2024
NZD_USD,2024-06-14 20:55:00+00:00,2024-06-16 21:00:00+00:00,2024-06-16 22:30:00+00:00,-8.3,8.3,-1,5.22,target,False,5-10,2024
EUR_JPY,2024-06-21 20:55:00+00:00,2024-06-23 21:00:00+00:00,2024-06-23 23:10:00+00:00,-12.9,12.9,-1,8.16,target,False,10-20,2024
EUR_GBP,2024-06-28 20:55:00+00:00,2024-06-30 21:00:00+00:00,2024-07-01 14:00:00+00:00,14.9,14.9,1,11.31,target,False,10-20,2024
AUD_USD,2024-06-28 20:55:00+00:00,2024-06-30 21:00:00+00:00,2024-07-01 00:05:00+00:00,12.3,12.3,1,9.12,target,False,10-20,2024
AUD_JPY,2024-06-28 20:55:00+00:00,2024-06-30 21:00:00+00:00,2024-07-01 00:05:00+00:00,10.8,10.8,1,6.57,target,False,10-20,2024
GBP_USD,2024-06-28 20:55:00+00:00,2024-06-30 21:00:00+00:00,2024-06-30 21:15:00+00:00,12.8,12.8,1,8.67,target,False,10-20,2024
EUR_JPY,2024-06-28 20:55:00+00:00,2024-06-30 21:00:00+00:00,2024-07-01 00:50:00+00:00,31.8,31.8,1,-53.45,stop,False,20-50,2024
GBP_JPY,2024-06-28 20:55:00+00:00,2024-06-30 21:00:00+00:00,2024-06-30 21:15:00+00:00,6.8,6.8,1,1.17,target,False,5-10,2024
USD_JPY,2024-06-28 20:55:00+00:00,2024-06-30 21:00:00+00:00,2024-06-30 21:25:00+00:00,-8.7,8.7,-1,5.28,target,False,5-10,2024
EUR_USD,2024-06-28 20:55:00+00:00,2024-06-30 21:00:00+00:00,2024-07-02 07:20:00+00:00,30.9,30.9,1,25.41,target,False,20-50,2024
USD_JPY,2024-07-05 20:55:00+00:00,2024-07-07 21:00:00+00:00,2024-07-07 21:40:00+00:00,-5.7,5.7,-1,2.58,target,False,5-10,2024
GBP_USD,2024-07-05 20:55:00+00:00,2024-07-07 21:00:00+00:00,2024-07-07 22:00:00+00:00,-18.0,18.0,-1,13.35,target,False,10-20,2024
EUR_USD,2024-07-05 20:55:00+00:00,2024-07-07 21:00:00+00:00,2024-07-08 03:35:00+00:00,-32.2,32.2,-1,26.58,target,False,20-50,2024
EUR_GBP,2024-07-05 20:55:00+00:00,2024-07-07 21:00:00+00:00,2024-07-08 07:30:00+00:00,-18.0,18.0,-1,14.1,target,False,10-20,2024
NZD_JPY,2024-07-05 20:55:00+00:00,2024-07-07 21:00:00+00:00,2024-07-07 22:10:00+00:00,-16.2,16.2,-1,10.53,target,False,10-20,2024
AUD_USD,2024-07-05 20:55:00+00:00,2024-07-07 21:00:00+00:00,2024-07-07 22:00:00+00:00,-11.8,11.8,-1,8.67,target,False,10-20,2024
CAD_JPY,2024-07-05 20:55:00+00:00,2024-07-07 21:00:00+00:00,2024-07-08 06:40:00+00:00,-5.4,5.4,-1,1.41,target,False,5-10,2024
AUD_JPY,2024-07-05 20:55:00+00:00,2024-07-07 21:00:00+00:00,2024-07-08 03:40:00+00:00,-23.4,23.4,-1,17.91,target,False,20-50,2024
GBP_JPY,2024-07-05 20:55:00+00:00,2024-07-07 21:00:00+00:00,2024-07-08 07:05:00+00:00,-35.5,35.5,-1,27.0,target,False,20-50,2024
EUR_JPY,2024-07-05 20:55:00+00:00,2024-07-07 21:00:00+00:00,2024-07-08 07:15:00+00:00,-57.3,57.3,-1,48.12,target,False,50+,2024
CHF_JPY,2024-07-05 20:55:00+00:00,2024-07-07 21:00:00+00:00,2024-07-07 21:15:00+00:00,-9.8,9.8,-1,3.57,target,False,5-10,2024
USD_JPY,2024-07-12 20:55:00+00:00,2024-07-14 21:00:00+00:00,2024-07-15 05:15:00+00:00,24.1,24.1,1,19.14,target,False,20-50,2024
EUR_JPY,2024-07-12 20:55:00+00:00,2024-07-14 21:00:00+00:00,2024-07-14 21:10:00+00:00,-12.8,12.8,-1,8.07,target,False,10-20,2024
CAD_JPY,2024-07-12 20:55:00+00:00,2024-07-14 21:00:00+00:00,2024-07-14 22:05:00+00:00,9.1,9.1,1,4.74,target,False,5-10,2024
CHF_JPY,2024-07-12 20:55:00+00:00,2024-07-14 21:00:00+00:00,2024-07-14 22:00:00+00:00,24.7,24.7,1,16.98,target,False,20-50,2024
EUR_GBP,2024-07-12 20:55:00+00:00,2024-07-14 21:00:00+00:00,2024-07-14 22:00:00+00:00,-6.6,6.6,-1,3.84,target,False,5-10,2024
EUR_USD,2024-07-12 20:55:00+00:00,2024-07-14 21:00:00+00:00,2024-07-15 08:15:00+00:00,-21.6,21.6,-1,17.04,target,False,20-50,2024
GBP_USD,2024-07-12 20:55:00+00:00,2024-07-14 21:00:00+00:00,2024-07-15 08:20:00+00:00,-19.1,19.1,-1,14.34,target,False,10-20,2024
AUD_USD,2024-07-12 20:55:00+00:00,2024-07-14 21:00:00+00:00,2024-07-15 08:05:00+00:00,-11.2,11.2,-1,8.13,target,False,10-20,2024
AUD_USD,2024-07-19 20:55:00+00:00,2024-07-21 21:00:00+00:00,2024-07-21 21:55:00+00:00,6.7,6.7,1,4.08,target,False,5-10,2024
NZD_USD,2024-07-19 20:55:00+00:00,2024-07-21 21:00:00+00:00,2024-07-22 01:50:00+00:00,8.9,8.9,1,5.76,target,False,5-10,2024
AUD_JPY,2024-07-19 20:55:00+00:00,2024-07-21 21:00:00+00:00,2024-07-21 21:05:00+00:00,5.7,5.7,1,1.98,target,False,5-10,2024
GBP_JPY,2024-07-19 20:55:00+00:00,2024-07-21 21:00:00+00:00,2024-07-21 21:05:00+00:00,-12.3,12.3,-1,6.12,target,False,10-20,2024
USD_JPY,2024-07-19 20:55:00+00:00,2024-07-21 21:00:00+00:00,2024-07-21 22:00:00+00:00,-5.1,5.1,-1,2.04,target,False,5-10,2024
EUR_JPY,2024-08-02 20:55:00+00:00,2024-08-04 21:00:00+00:00,2024-08-04 22:00:00+00:00,5.3,5.3,1,1.32,target,False,5-10,2024
CAD_JPY,2024-08-02 20:55:00+00:00,2024-08-04 21:00:00+00:00,2024-08-04 21:05:00+00:00,-8.4,8.4,-1,4.11,target,False,5-10,2024
CHF_JPY,2024-08-02 20:55:00+00:00,2024-08-04 21:00:00+00:00,2024-08-04 22:00:00+00:00,7.4,7.4,1,1.41,target,False,5-10,2024
EUR_GBP,2024-08-02 20:55:00+00:00,2024-08-04 21:00:00+00:00,2024-08-05 08:55:00+00:00,7.9,7.9,1,-52.1,stop,False,5-10,2024
EUR_USD,2024-08-02 20:55:00+00:00,2024-08-04 21:00:00+00:00,2024-08-04 22:00:00+00:00,10.2,10.2,1,6.78,target,False,10-20,2024
GBP_USD,2024-08-09 20:55:00+00:00,2024-08-11 21:00:00+00:00,2024-08-11 21:35:00+00:00,8.2,8.2,1,4.53,target,False,5-10,2024
NZD_JPY,2024-08-09 20:55:00+00:00,2024-08-11 21:00:00+00:00,2024-08-11 21:05:00+00:00,-11.1,11.1,-1,5.94,target,False,10-20,2024
CAD_JPY,2024-08-09 20:55:00+00:00,2024-08-11 21:00:00+00:00,2024-08-11 21:05:00+00:00,-10.5,10.5,-1,6.0,target,False,10-20,2024
GBP_JPY,2024-08-09 20:55:00+00:00,2024-08-11 21:00:00+00:00,2024-08-11 21:05:00+00:00,-9.2,9.2,-1,3.33,target,False,5-10,2024
EUR_JPY,2024-08-09 20:55:00+00:00,2024-08-11 21:00:00+00:00,2024-08-11 21:05:00+00:00,-17.1,17.1,-1,11.94,target,False,10-20,2024
AUD_JPY,2024-08-09 20:55:00+00:00,2024-08-11 21:00:00+00:00,2024-08-11 21:10:00+00:00,-14.4,14.4,-1,9.81,target,False,10-20,2024
GBP_JPY,2024-08-16 20:55:00+00:00,2024-08-18 21:00:00+00:00,2024-08-18 21:05:00+00:00,-9.8,9.8,-1,3.87,target,False,5-10,2024
AUD_JPY,2024-08-16 20:55:00+00:00,2024-08-18 21:00:00+00:00,2024-08-18 21:05:00+00:00,-7.8,7.8,-1,3.87,target,False,5-10,2024
CAD_JPY,2024-08-16 20:55:00+00:00,2024-08-18 21:00:00+00:00,2024-08-18 21:05:00+00:00,-5.3,5.3,-1,1.32,target,False,5-10,2024
NZD_USD,2024-08-16 20:55:00+00:00,2024-08-18 21:00:00+00:00,2024-08-18 22:00:00+00:00,-6.5,6.5,-1,3.6,target,False,5-10,2024
GBP_USD,2024-08-16 20:55:00+00:00,2024-08-18 21:00:00+00:00,2024-08-18 22:00:00+00:00,-5.4,5.4,-1,2.01,target,False,5-10,2024
CHF_JPY,2024-08-23 20:55:00+00:00,2024-08-25 21:00:00+00:00,2024-08-25 23:05:00+00:00,-13.2,13.2,-1,-55.25,stop,False,10-20,2024
NZD_JPY,2024-08-23 20:55:00+00:00,2024-08-25 21:00:00+00:00,2024-08-26 06:45:00+00:00,-21.0,21.0,-1,-54.05,stop,False,20-50,2024
CAD_JPY,2024-08-23 20:55:00+00:00,2024-08-25 21:00:00+00:00,2024-08-25 23:15:00+00:00,-9.6,9.6,-1,-53.45,stop,False,5-10,2024
NZD_USD,2024-08-23 20:55:00+00:00,2024-08-25 21:00:00+00:00,2024-08-25 21:30:00+00:00,-7.5,7.5,-1,4.5,target,False,5-10,2024
GBP_JPY,2024-08-23 20:55:00+00:00,2024-08-25 21:00:00+00:00,2024-08-25 22:40:00+00:00,-16.7,16.7,-1,-54.95,stop,False,10-20,2024
EUR_JPY,2024-08-23 20:55:00+00:00,2024-08-25 21:00:00+00:00,2024-08-25 23:00:00+00:00,-19.9,19.9,-1,-53.45,stop,False,10-20,2024
USD_JPY,2024-08-23 20:55:00+00:00,2024-08-25 21:00:00+00:00,2024-08-25 23:00:00+00:00,-14.3,14.3,-1,-52.55,stop,False,10-20,2024
AUD_JPY,2024-08-23 20:55:00+00:00,2024-08-25 21:00:00+00:00,2024-08-25 23:15:00+00:00,-18.1,18.1,-1,-53.15,stop,False,10-20,2024
USD_JPY,2024-08-30 20:55:00+00:00,2024-09-01 21:00:00+00:00,2024-09-01 21:30:00+00:00,-11.9,11.9,-1,8.16,target,False,10-20,2024
EUR_JPY,2024-08-30 20:55:00+00:00,2024-09-01 21:00:00+00:00,2024-09-01 21:30:00+00:00,-8.0,8.0,-1,3.75,target,False,5-10,2024
AUD_JPY,2024-08-30 20:55:00+00:00,2024-09-01 21:00:00+00:00,2024-09-01 21:30:00+00:00,-5.6,5.6,-1,1.89,target,False,5-10,2024
NZD_JPY,2024-08-30 20:55:00+00:00,2024-09-01 21:00:00+00:00,2024-09-01 22:00:00+00:00,-9.8,9.8,-1,4.77,target,False,5-10,2024
GBP_USD,2024-08-30 20:55:00+00:00,2024-09-01 21:00:00+00:00,2024-09-01 21:10:00+00:00,9.2,9.2,1,5.43,target,False,5-10,2024
NZD_USD,2024-08-30 20:55:00+00:00,2024-09-01 21:00:00+00:00,2024-09-01 22:00:00+00:00,-6.2,6.2,-1,3.33,target,False,5-10,2024
CAD_JPY,2024-09-06 20:55:00+00:00,2024-09-08 21:00:00+00:00,2024-09-08 21:15:00+00:00,9.0,9.0,1,4.65,target,False,5-10,2024
GBP_USD,2024-09-06 20:55:00+00:00,2024-09-08 21:00:00+00:00,2024-09-08 21:10:00+00:00,-5.6,5.6,-1,2.19,target,False,5-10,2024
CAD_JPY,2024-09-13 20:55:00+00:00,2024-09-15 21:00:00+00:00,2024-09-15 21:40:00+00:00,-14.0,14.0,-1,9.15,target,False,10-20,2024
AUD_JPY,2024-09-13 20:55:00+00:00,2024-09-15 21:00:00+00:00,2024-09-15 21:05:00+00:00,-9.6,9.6,-1,5.49,target,False,5-10,2024
GBP_JPY,2024-09-13 20:55:00+00:00,2024-09-15 21:00:00+00:00,2024-09-15 21:30:00+00:00,-6.6,6.6,-1,0.99,target,False,5-10,2024
EUR_JPY,2024-09-13 20:55:00+00:00,2024-09-15 21:00:00+00:00,2024-09-15 21:05:00+00:00,5.4,5.4,1,1.41,target,False,5-10,2024
EUR_JPY,2024-09-20 20:55:00+00:00,2024-09-22 21:00:00+00:00,2024-09-22 21:05:00+00:00,9.3,9.3,1,4.92,target,False,5-10,2024
CAD_JPY,2024-09-20 20:55:00+00:00,2024-09-22 21:00:00+00:00,2024-09-22 21:15:00+00:00,14.4,14.4,1,9.51,target,False,10-20,2024
NZD_JPY,2024-09-20 20:55:00+00:00,2024-09-22 21:00:00+00:00,2024-09-22 21:05:00+00:00,-5.4,5.4,-1,0.81,target,False,5-10,2024
GBP_USD,2024-09-20 20:55:00+00:00,2024-09-22 21:00:00+00:00,2024-09-22 22:00:00+00:00,-6.2,6.2,-1,2.73,target,False,5-10,2024
AUD_USD,2024-09-20 20:55:00+00:00,2024-09-22 21:00:00+00:00,2024-09-22 21:30:00+00:00,-5.7,5.7,-1,3.18,target,False,5-10,2024
USD_JPY,2024-09-27 20:55:00+00:00,2024-09-29 21:00:00+00:00,2024-09-29 21:30:00+00:00,7.8,7.8,1,4.47,target,False,5-10,2024
EUR_JPY,2024-09-27 20:55:00+00:00,2024-09-29 21:00:00+00:00,2024-09-29 21:35:00+00:00,-7.6,7.6,-1,3.39,target,False,5-10,2024
NZD_JPY,2024-09-27 20:55:00+00:00,2024-09-29 21:00:00+00:00,2024-09-29 21:45:00+00:00,-8.7,8.7,-1,3.78,target,False,5-10,2024
EUR_USD,2024-10-04 20:55:00+00:00,2024-10-06 21:00:00+00:00,2024-10-07 00:15:00+00:00,-7.2,7.2,-1,4.08,target,False,5-10,2024
GBP_USD,2024-10-04 20:55:00+00:00,2024-10-06 21:00:00+00:00,2024-10-07 00:15:00+00:00,-9.3,9.3,-1,5.52,target,False,5-10,2024
EUR_GBP,2024-10-04 20:55:00+00:00,2024-10-06 21:00:00+00:00,2024-10-06 21:05:00+00:00,15.9,15.9,1,12.21,target,False,10-20,2024
CAD_JPY,2024-10-04 20:55:00+00:00,2024-10-06 21:00:00+00:00,2024-10-06 21:15:00+00:00,5.4,5.4,1,1.41,target,False,5-10,2024
EUR_JPY,2024-10-04 20:55:00+00:00,2024-10-06 21:00:00+00:00,2024-10-06 21:25:00+00:00,-9.0,9.0,-1,4.65,target,False,5-10,2024
CHF_JPY,2024-10-04 20:55:00+00:00,2024-10-06 21:00:00+00:00,2024-10-06 21:40:00+00:00,-14.6,14.6,-1,7.89,target,False,10-20,2024
USD_JPY,2024-10-11 20:55:00+00:00,2024-10-13 21:00:00+00:00,2024-10-13 21:40:00+00:00,-5.1,5.1,-1,2.04,target,False,5-10,2024
EUR_JPY,2024-10-11 20:55:00+00:00,2024-10-13 21:00:00+00:00,2024-10-13 21:45:00+00:00,-13.1,13.1,-1,8.34,target,False,10-20,2024
GBP_JPY,2024-10-11 20:55:00+00:00,2024-10-13 21:00:00+00:00,2024-10-13 21:45:00+00:00,-7.4,7.4,-1,1.71,target,False,5-10,2024
AUD_JPY,2024-10-11 20:55:00+00:00,2024-10-13 21:00:00+00:00,2024-10-14 03:25:00+00:00,-22.2,22.2,-1,16.83,target,False,20-50,2024
CHF_JPY,2024-10-11 20:55:00+00:00,2024-10-13 21:00:00+00:00,2024-10-13 21:40:00+00:00,-8.4,8.4,-1,2.31,target,False,5-10,2024
NZD_JPY,2024-10-11 20:55:00+00:00,2024-10-13 21:00:00+00:00,2024-10-14 13:40:00+00:00,-26.2,26.2,-1,19.53,target,False,20-50,2024
NZD_USD,2024-10-11 20:55:00+00:00,2024-10-13 21:00:00+00:00,2024-10-15 21:00:00+00:00,-13.8,13.8,-1,-14.25,timeout,False,10-20,2024
AUD_USD,2024-10-11 20:55:00+00:00,2024-10-13 21:00:00+00:00,2024-10-15 21:00:00+00:00,-9.7,9.7,-1,-39.75,timeout,False,5-10,2024
EUR_USD,2024-10-18 20:55:00+00:00,2024-10-20 21:00:00+00:00,2024-10-20 21:30:00+00:00,-6.0,6.0,-1,3.0,target,False,5-10,2024
CAD_JPY,2024-10-18 20:55:00+00:00,2024-10-20 21:00:00+00:00,2024-10-20 21:10:00+00:00,-5.2,5.2,-1,1.23,target,False,5-10,2024
GBP_JPY,2024-10-18 20:55:00+00:00,2024-10-20 21:00:00+00:00,2024-10-20 21:10:00+00:00,-10.2,10.2,-1,4.23,target,False,10-20,2024
EUR_JPY,2024-10-18 20:55:00+00:00,2024-10-20 21:00:00+00:00,2024-10-20 21:10:00+00:00,-9.1,9.1,-1,4.74,target,False,5-10,2024
AUD_JPY,2024-10-18 20:55:00+00:00,2024-10-20 21:00:00+00:00,2024-10-20 21:20:00+00:00,-5.5,5.5,-1,1.8,target,False,5-10,2024
AUD_USD,2024-10-25 20:55:00+00:00,2024-10-27 21:00:00+00:00,2024-10-27 22:05:00+00:00,10.4,10.4,1,7.41,target,False,10-20,2024
EUR_USD,2024-11-08 21:55:00+00:00,2024-11-10 22:00:00+00:00,2024-11-11 00:25:00+00:00,-8.6,8.6,-1,5.34,target,False,5-10,2024
USD_JPY,2024-11-08 21:55:00+00:00,2024-11-10 22:00:00+00:00,2024-11-11 01:40:00+00:00,5.4,5.4,1,-52.55,stop,False,5-10,2024
EUR_JPY,2024-11-08 21:55:00+00:00,2024-11-10 22:00:00+00:00,2024-11-10 22:10:00+00:00,-6.2,6.2,-1,2.13,target,False,5-10,2024
AUD_JPY,2024-11-08 21:55:00+00:00,2024-11-10 22:00:00+00:00,2024-11-10 22:55:00+00:00,12.2,12.2,1,7.83,target,False,10-20,2024
CAD_JPY,2024-11-08 21:55:00+00:00,2024-11-10 22:00:00+00:00,2024-11-10 22:15:00+00:00,8.8,8.8,1,4.47,target,False,5-10,2024
GBP_USD,2024-11-08 21:55:00+00:00,2024-11-10 22:00:00+00:00,2024-11-10 23:45:00+00:00,-19.7,19.7,-1,14.88,target,False,10-20,2024
NZD_USD,2024-11-08 21:55:00+00:00,2024-11-10 22:00:00+00:00,2024-11-10 22:15:00+00:00,-12.9,12.9,-1,9.36,target,False,10-20,2024
EUR_JPY,2024-11-15 21:55:00+00:00,2024-11-17 22:00:00+00:00,2024-11-17 22:05:00+00:00,-5.7,5.7,-1,1.68,target,False,5-10,2024
EUR_USD,2024-11-15 21:55:00+00:00,2024-11-17 22:00:00+00:00,2024-11-18 00:20:00+00:00,-9.4,9.4,-1,6.06,target,False,5-10,2024
USD_JPY,2024-11-15 21:55:00+00:00,2024-11-17 22:00:00+00:00,2024-11-17 22:25:00+00:00,6.1,6.1,1,2.94,target,False,5-10,2024
AUD_USD,2024-11-22 21:55:00+00:00,2024-11-24 22:00:00+00:00,2024-11-25 08:15:00+00:00,33.7,33.7,1,28.38,target,False,20-50,2024
GBP_USD,2024-11-22 21:55:00+00:00,2024-11-24 22:00:00+00:00,2024-11-25 23:40:00+00:00,59.2,59.2,1,50.43,target,False,50+,2024
EUR_GBP,2024-11-22 21:55:00+00:00,2024-11-24 22:00:00+00:00,2024-11-25 07:35:00+00:00,10.2,10.2,1,7.08,target,False,10-20,2024
CHF_JPY,2024-11-22 21:55:00+00:00,2024-11-24 22:00:00+00:00,2024-11-24 22:05:00+00:00,-26.3,26.3,-1,18.42,target,False,20-50,2024
NZD_USD,2024-11-22 21:55:00+00:00,2024-11-24 22:00:00+00:00,2024-11-25 08:20:00+00:00,18.5,18.5,1,14.4,target,False,10-20,2024
AUD_JPY,2024-11-22 21:55:00+00:00,2024-11-24 22:00:00+00:00,2024-11-24 23:00:00+00:00,13.4,13.4,1,8.91,target,False,10-20,2024
GBP_JPY,2024-11-22 21:55:00+00:00,2024-11-24 22:00:00+00:00,2024-11-24 23:00:00+00:00,26.2,26.2,1,18.63,target,False,20-50,2024
EUR_JPY,2024-11-22 21:55:00+00:00,2024-11-24 22:00:00+00:00,2024-11-25 00:15:00+00:00,42.6,42.6,1,34.89,target,False,20-50,2024
USD_JPY,2024-11-22 21:55:00+00:00,2024-11-24 22:00:00+00:00,2024-11-25 01:35:00+00:00,-51.3,51.3,-1,-52.55,stop,False,50+,2024
CAD_JPY,2024-11-22 21:55:00+00:00,2024-11-24 22:00:00+00:00,2024-11-24 23:00:00+00:00,-15.2,15.2,-1,10.23,target,False,10-20,2024
EUR_JPY,2024-11-29 21:55:00+00:00,2024-12-01 22:00:00+00:00,2024-12-02 00:10:00+00:00,-25.2,25.2,-1,19.23,target,False,20-50,2024
GBP_JPY,2024-11-29 21:55:00+00:00,2024-12-01 22:00:00+00:00,2024-12-01 22:05:00+00:00,-23.7,23.7,-1,16.38,target,False,20-50,2024
AUD_JPY,2024-11-29 21:55:00+00:00,2024-12-01 22:00:00+00:00,2024-12-01 22:05:00+00:00,-11.2,11.2,-1,6.93,target,False,10-20,2024
NZD_JPY,2024-11-29 21:55:00+00:00,2024-12-01 22:00:00+00:00,2024-12-02 00:10:00+00:00,-26.3,26.3,-1,19.62,target,False,20-50,2024
NZD_USD,2024-11-29 21:55:00+00:00,2024-12-01 22:00:00+00:00,2024-12-03 22:00:00+00:00,-10.8,10.8,-1,-35.35,timeout,False,10-20,2024
EUR_USD,2024-11-29 21:55:00+00:00,2024-12-01 22:00:00+00:00,2024-12-02 05:15:00+00:00,-9.1,9.1,-1,-52.4,stop,False,5-10,2024
GBP_USD,2024-11-29 21:55:00+00:00,2024-12-01 22:00:00+00:00,2024-12-02 02:15:00+00:00,-6.6,6.6,-1,-52.85,stop,False,5-10,2024
NZD_USD,2024-12-06 21:55:00+00:00,2024-12-08 22:00:00+00:00,2024-12-09 00:25:00+00:00,8.9,8.9,1,5.76,target,False,5-10,2024
EUR_USD,2024-12-06 21:55:00+00:00,2024-12-08 22:00:00+00:00,2024-12-08 23:00:00+00:00,-8.0,8.0,-1,4.8,target,False,5-10,2024
NZD_JPY,2024-12-06 21:55:00+00:00,2024-12-08 22:00:00+00:00,2024-12-08 22:55:00+00:00,10.9,10.9,1,5.76,target,False,10-20,2024
GBP_USD,2024-12-06 21:55:00+00:00,2024-12-08 22:00:00+00:00,2024-12-08 22:05:00+00:00,-6.0,6.0,-1,2.55,target,False,5-10,2024
GBP_JPY,2024-12-06 21:55:00+00:00,2024-12-08 22:00:00+00:00,2024-12-08 22:10:00+00:00,-6.6,6.6,-1,0.99,target,False,5-10,2024
EUR_JPY,2024-12-06 21:55:00+00:00,2024-12-08 22:00:00+00:00,2024-12-08 22:10:00+00:00,-15.0,15.0,-1,10.05,target,False,10-20,2024
USD_JPY,2024-12-06 21:55:00+00:00,2024-12-08 22:00:00+00:00,2024-12-08 22:10:00+00:00,-6.3,6.3,-1,3.12,target,False,5-10,2024
CHF_JPY,2024-12-06 21:55:00+00:00,2024-12-08 22:00:00+00:00,2024-12-08 22:10:00+00:00,-12.4,12.4,-1,5.91,target,False,10-20,2024
EUR_JPY,2024-12-13 21:55:00+00:00,2024-12-15 22:00:00+00:00,2024-12-15 23:00:00+00:00,-24.8,24.8,-1,18.87,target,False,20-50,2024
AUD_JPY,2024-12-13 21:55:00+00:00,2024-12-15 22:00:00+00:00,2024-12-15 22:10:00+00:00,-7.4,7.4,-1,3.51,target,False,5-10,2024
EUR_GBP,2024-12-13 21:55:00+00:00,2024-12-15 22:00:00+00:00,2024-12-15 22:40:00+00:00,-11.1,11.1,-1,7.89,target,False,10-20,2024
EUR_USD,2024-12-13 21:55:00+00:00,2024-12-15 22:00:00+00:00,2024-12-15 22:40:00+00:00,-13.1,13.1,-1,9.39,target,False,10-20,2024
AUD_USD,2024-12-13 21:55:00+00:00,2024-12-15 22:00:00+00:00,2024-12-15 23:05:00+00:00,-9.5,9.5,-1,6.6,target,False,5-10,2024
GBP_USD,2024-12-13 21:55:00+00:00,2024-12-15 22:00:00+00:00,2024-12-15 22:30:00+00:00,-5.3,5.3,-1,1.92,target,False,5-10,2024
GBP_JPY,2024-12-20 21:55:00+00:00,2024-12-22 22:00:00+00:00,2024-12-22 22:15:00+00:00,-12.4,12.4,-1,6.21,target,False,10-20,2024
AUD_USD,2024-12-20 21:55:00+00:00,2024-12-22 22:00:00+00:00,2024-12-22 22:45:00+00:00,6.3,6.3,1,3.72,target,False,5-10,2024
EUR_USD,2024-12-27 21:55:00+00:00,2024-12-29 22:00:00+00:00,2024-12-30 00:00:00+00:00,5.0,5.0,1,2.1,target,False,<5,2024
CHF_JPY,2024-12-27 21:55:00+00:00,2024-12-29 22:00:00+00:00,2024-12-29 22:05:00+00:00,5.8,5.8,1,-0.03,target,False,5-10,2024
CAD_JPY,2024-12-27 21:55:00+00:00,2024-12-29 22:00:00+00:00,2024-12-29 23:00:00+00:00,-9.6,9.6,-1,5.19,target,False,5-10,2024
GBP_JPY,2024-12-27 21:55:00+00:00,2024-12-29 22:00:00+00:00,2024-12-29 23:00:00+00:00,-9.2,9.2,-1,3.33,target,False,5-10,2024
EUR_JPY,2024-12-27 21:55:00+00:00,2024-12-29 22:00:00+00:00,2024-12-29 22:05:00+00:00,-15.4,15.4,-1,10.41,target,False,10-20,2024
USD_JPY,2024-12-27 21:55:00+00:00,2024-12-29 22:00:00+00:00,2024-12-29 23:15:00+00:00,-9.6,9.6,-1,6.09,target,False,5-10,2024
AUD_JPY,2024-12-27 21:55:00+00:00,2024-12-29 22:00:00+00:00,2024-12-29 22:25:00+00:00,-8.4,8.4,-1,4.41,target,False,5-10,2024
EUR_JPY,2025-01-03 21:55:00+00:00,2025-01-05 22:00:00+00:00,2025-01-05 23:00:00+00:00,-12.5,12.5,-1,7.8,target,False,10-20,2025
AUD_JPY,2025-01-03 21:55:00+00:00,2025-01-05 22:00:00+00:00,2025-01-05 23:00:00+00:00,-10.7,10.7,-1,6.48,target,False,10-20,2025
CHF_JPY,2025-01-03 21:55:00+00:00,2025-01-05 22:00:00+00:00,2025-01-05 22:55:00+00:00,-5.1,5.1,-1,-0.66,target,False,5-10,2025
EUR_GBP,2025-01-03 21:55:00+00:00,2025-01-05 22:00:00+00:00,2025-01-05 22:15:00+00:00,-7.7,7.7,-1,4.83,target,False,5-10,2025
AUD_JPY,2025-01-10 21:55:00+00:00,2025-01-12 22:00:00+00:00,2025-01-12 22:40:00+00:00,17.5,17.5,1,12.6,target,False,10-20,2025
CAD_JPY,2025-01-10 21:55:00+00:00,2025-01-12 22:00:00+00:00,2025-01-12 22:10:00+00:00,5.9,5.9,1,1.86,target,False,5-10,2025
GBP_USD,2025-01-10 21:55:00+00:00,2025-01-12 22:00:00+00:00,2025-01-12 22:45:00+00:00,-7.2,7.2,-1,3.63,target,False,5-10,2025
EUR_USD,2025-01-17 21:55:00+00:00,2025-01-19 22:00:00+00:00,2025-01-19 23:05:00+00:00,10.7,10.7,1,7.23,target,False,10-20,2025
NZD_USD,2025-01-17 21:55:00+00:00,2025-01-19 22:00:00+00:00,2025-01-19 23:05:00+00:00,10.3,10.3,1,7.02,target,False,10-20,2025
GBP_USD,2025-01-17 21:55:00+00:00,2025-01-19 22:00:00+00:00,2025-01-19 23:00:00+00:00,10.3,10.3,1,6.42,target,False,10-20,2025
EUR_GBP,2025-01-17 21:55:00+00:00,2025-01-19 22:00:00+00:00,2025-01-19 22:10:00+00:00,5.4,5.4,1,2.76,target,False,5-10,2025
EUR_JPY,2025-01-17 21:55:00+00:00,2025-01-19 22:00:00+00:00,2025-01-20 00:25:00+00:00,15.0,15.0,1,10.05,target,False,10-20,2025
CAD_JPY,2025-01-17 21:55:00+00:00,2025-01-19 22:00:00+00:00,2025-01-19 23:05:00+00:00,10.2,10.2,1,5.73,target,False,10-20,2025
GBP_JPY,2025-01-17 21:55:00+00:00,2025-01-19 22:00:00+00:00,2025-01-19 23:05:00+00:00,5.2,5.2,1,-0.27,target,False,5-10,2025
NZD_JPY,2025-01-17 21:55:00+00:00,2025-01-19 22:00:00+00:00,2025-01-20 01:05:00+00:00,17.0,17.0,1,11.25,target,False,10-20,2025
AUD_JPY,2025-01-17 21:55:00+00:00,2025-01-19 22:00:00+00:00,2025-01-20 00:25:00+00:00,10.9,10.9,1,6.66,target,False,10-20,2025
USD_JPY,2025-01-31 21:55:00+00:00,2025-02-02 22:00:00+00:00,2025-02-02 23:05:00+00:00,-32.6,32.6,-1,26.79,target,False,20-50,2025
EUR_GBP,2025-01-31 21:55:00+00:00,2025-02-02 22:00:00+00:00,2025-02-04 22:00:00+00:00,-40.5,40.5,-1,-2.4,timeout,False,20-50,2025
AUD_USD,2025-01-31 21:55:00+00:00,2025-02-02 22:00:00+00:00,2025-02-03 02:00:00+00:00,-51.2,51.2,-1,-51.95,stop,False,50+,2025
NZD_USD,2025-01-31 21:55:00+00:00,2025-02-02 22:00:00+00:00,2025-02-03 02:00:00+00:00,-49.4,49.4,-1,-52.25,stop,False,20-50,2025
CAD_JPY,2025-02-07 21:55:00+00:00,2025-02-09 22:00:00+00:00,2025-02-09 23:50:00+00:00,-47.8,47.8,-1,39.57,target,False,20-50,2025
GBP_USD,2025-02-07 21:55:00+00:00,2025-02-09 22:00:00+00:00,2025-02-09 22:35:00+00:00,-25.5,25.5,-1,20.1,target,False,20-50,2025
AUD_USD,2025-02-07 21:55:00+00:00,2025-02-09 22:00:00+00:00,2025-02-10 04:00:00+00:00,-32.3,32.3,-1,27.12,target,False,20-50,2025
EUR_USD,2025-02-07 21:55:00+00:00,2025-02-09 22:00:00+00:00,2025-02-10 07:05:00+00:00,-34.5,34.5,-1,28.65,target,False,20-50,2025
EUR_GBP,2025-02-07 21:55:00+00:00,2025-02-09 22:00:00+00:00,2025-02-10 08:55:00+00:00,-14.1,14.1,-1,10.59,target,False,10-20,2025
AUD_JPY,2025-02-07 21:55:00+00:00,2025-02-09 22:00:00+00:00,2025-02-09 23:45:00+00:00,-51.3,51.3,-1,43.02,target,False,50+,2025
CHF_JPY,2025-02-07 21:55:00+00:00,2025-02-09 22:00:00+00:00,2025-02-09 22:30:00+00:00,-23.4,23.4,-1,15.81,target,False,20-50,2025
GBP_JPY,2025-02-07 21:55:00+00:00,2025-02-09 22:00:00+00:00,2025-02-09 22:35:00+00:00,-43.0,43.0,-1,33.75,target,False,20-50,2025
USD_JPY,2025-02-07 21:55:00+00:00,2025-02-09 22:00:00+00:00,2025-02-09 22:25:00+00:00,-6.2,6.2,-1,3.03,target,False,5-10,2025
NZD_JPY,2025-02-07 21:55:00+00:00,2025-02-09 22:00:00+00:00,2025-02-09 23:00:00+00:00,-35.2,35.2,-1,27.63,target,False,20-50,2025
EUR_GBP,2025-02-14 21:55:00+00:00,2025-02-16 22:00:00+00:00,2025-02-16 22:35:00+00:00,-7.7,7.7,-1,4.83,target,False,5-10,2025
NZD_USD,2025-02-14 21:55:00+00:00,2025-02-16 22:00:00+00:00,2025-02-16 23:15:00+00:00,-10.6,10.6,-1,7.29,target,False,10-20,2025
EUR_USD,2025-02-14 21:55:00+00:00,2025-02-16 22:00:00+00:00,2025-02-16 23:00:00+00:00,-5.8,5.8,-1,2.82,target,False,5-10,2025
NZD_JPY,2025-02-14 21:55:00+00:00,2025-02-16 22:00:00+00:00,2025-02-16 23:30:00+00:00,-19.3,19.3,-1,13.32,target,False,10-20,2025
AUD_JPY,2025-02-14 21:55:00+00:00,2025-02-16 22:00:00+00:00,2025-02-16 22:50:00+00:00,-10.8,10.8,-1,6.57,target,False,10-20,2025
EUR_JPY,2025-02-14 21:55:00+00:00,2025-02-16 22:00:00+00:00,2025-02-16 23:00:00+00:00,-14.5,14.5,-1,9.6,target,False,10-20,2025
USD_JPY,2025-02-14 21:55:00+00:00,2025-02-16 22:00:00+00:00,2025-02-16 23:00:00+00:00,-7.6,7.6,-1,4.29,target,False,5-10,2025
CHF_JPY,2025-02-14 21:55:00+00:00,2025-02-16 22:00:00+00:00,2025-02-16 22:05:00+00:00,34.2,34.2,1,25.53,target,False,20-50,2025
USD_JPY,2025-02-21 21:55:00+00:00,2025-02-23 22:00:00+00:00,2025-02-23 23:15:00+00:00,-5.3,5.3,-1,2.22,target,False,5-10,2025
EUR_JPY,2025-02-21 21:55:00+00:00,2025-02-23 22:00:00+00:00,2025-02-23 22:10:00+00:00,9.7,9.7,1,5.28,target,False,5-10,2025
GBP_JPY,2025-02-21 21:55:00+00:00,2025-02-23 22:00:00+00:00,2025-02-23 22:05:00+00:00,-8.7,8.7,-1,2.88,target,False,5-10,2025
EUR_USD,2025-02-21 21:55:00+00:00,2025-02-23 22:00:00+00:00,2025-02-24 01:45:00+00:00,8.2,8.2,1,-52.4,stop,False,5-10,2025
AUD_USD,2025-02-28 21:55:00+00:00,2025-03-02 22:00:00+00:00,2025-03-02 22:55:00+00:00,6.2,6.2,1,3.63,target,False,5-10,2025
GBP_USD,2025-02-28 21:55:00+00:00,2025-03-02 22:00:00+00:00,2025-03-03 10:00:00+00:00,7.0,7.0,1,-52.85,stop,False,5-10,2025
EUR_USD,2025-02-28 21:55:00+00:00,2025-03-02 22:00:00+00:00,2025-03-03 11:40:00+00:00,29.4,29.4,1,-52.4,stop,False,20-50,2025
EUR_GBP,2025-02-28 21:55:00+00:00,2025-03-02 22:00:00+00:00,2025-03-03 12:55:00+00:00,16.3,16.3,1,12.57,target,False,10-20,2025
NZD_JPY,2025-02-28 21:55:00+00:00,2025-03-02 22:00:00+00:00,2025-03-03 01:00:00+00:00,11.2,11.2,1,6.03,target,False,10-20,2025
AUD_JPY,2025-02-28 21:55:00+00:00,2025-03-02 22:00:00+00:00,2025-03-03 03:00:00+00:00,19.3,19.3,1,14.22,target,False,10-20,2025
CAD_JPY,2025-02-28 21:55:00+00:00,2025-03-02 22:00:00+00:00,2025-03-03 02:20:00+00:00,21.6,21.6,1,15.99,target,False,20-50,2025
GBP_JPY,2025-02-28 21:55:00+00:00,2025-03-02 22:00:00+00:00,2025-03-02 23:05:00+00:00,24.9,24.9,1,-54.95,stop,False,20-50,2025
EUR_JPY,2025-02-28 21:55:00+00:00,2025-03-02 22:00:00+00:00,2025-03-02 23:30:00+00:00,52.4,52.4,1,-53.45,stop,False,50+,2025
USD_JPY,2025-02-28 21:55:00+00:00,2025-03-02 22:00:00+00:00,2025-03-03 00:15:00+00:00,8.6,8.6,1,5.19,target,False,5-10,2025
CHF_JPY,2025-02-28 21:55:00+00:00,2025-03-02 22:00:00+00:00,2025-03-03 01:00:00+00:00,7.3,7.3,1,1.32,target,False,5-10,2025
NZD_JPY,2025-03-07 21:55:00+00:00,2025-03-09 21:00:00+00:00,2025-03-10 06:15:00+00:00,-14.4,14.4,-1,8.91,target,False,10-20,2025
NZD_USD,2025-03-07 21:55:00+00:00,2025-03-09 21:00:00+00:00,2025-03-09 21:05:00+00:00,9.7,9.7,1,6.48,target,False,5-10,2025
EUR_GBP,2025-03-07 21:55:00+00:00,2025-03-09 21:00:00+00:00,2025-03-09 21:05:00+00:00,5.6,5.6,1,2.94,target,False,5-10,2025
GBP_USD,2025-03-07 21:55:00+00:00,2025-03-09 21:00:00+00:00,2025-03-09 21:10:00+00:00,-20.3,20.3,-1,15.42,target,False,20-50,2025
CHF_JPY,2025-03-07 21:55:00+00:00,2025-03-09 21:00:00+00:00,2025-03-09 23:50:00+00:00,-5.4,5.4,-1,-0.39,target,False,5-10,2025
EUR_JPY,2025-03-07 21:55:00+00:00,2025-03-09 21:00:00+00:00,2025-03-09 23:50:00+00:00,-10.7,10.7,-1,6.18,target,False,10-20,2025
GBP_JPY,2025-03-07 21:55:00+00:00,2025-03-09 21:00:00+00:00,2025-03-10 01:25:00+00:00,-47.6,47.6,-1,-54.95,stop,False,20-50,2025
USD_JPY,2025-03-07 21:55:00+00:00,2025-03-09 21:00:00+00:00,2025-03-09 23:10:00+00:00,-8.9,8.9,-1,-52.55,stop,False,5-10,2025
USD_JPY,2025-03-14 20:55:00+00:00,2025-03-16 21:00:00+00:00,2025-03-16 22:20:00+00:00,11.3,11.3,1,7.62,target,False,10-20,2025
EUR_JPY,2025-03-14 20:55:00+00:00,2025-03-16 21:00:00+00:00,2025-03-16 22:30:00+00:00,10.9,10.9,1,6.36,target,False,10-20,2025
CAD_JPY,2025-03-14 20:55:00+00:00,2025-03-16 21:00:00+00:00,2025-03-16 22:55:00+00:00,6.0,6.0,1,1.95,target,False,5-10,2025
EUR_GBP,2025-03-14 20:55:00+00:00,2025-03-16 21:00:00+00:00,2025-03-17 00:50:00+00:00,5.1,5.1,1,2.49,target,False,5-10,2025
AUD_USD,2025-03-14 20:55:00+00:00,2025-03-16 21:00:00+00:00,2025-03-16 21:55:00+00:00,-6.5,6.5,-1,3.9,target,False,5-10,2025
NZD_USD,2025-03-21 20:55:00+00:00,2025-03-23 21:00:00+00:00,2025-03-24 01:50:00+00:00,6.5,6.5,1,3.6,target,False,5-10,2025
USD_JPY,2025-03-21 20:55:00+00:00,2025-03-23 21:00:00+00:00,2025-03-24 01:25:00+00:00,6.6,6.6,1,-52.55,stop,False,5-10,2025
GBP_JPY,2025-03-21 20:55:00+00:00,2025-03-23 21:00:00+00:00,2025-03-23 21:20:00+00:00,-18.0,18.0,-1,11.25,target,False,10-20,2025
CHF_JPY,2025-03-21 20:55:00+00:00,2025-03-23 21:00:00+00:00,2025-03-24 01:40:00+00:00,7.0,7.0,1,-55.25,stop,False,5-10,2025
EUR_GBP,2025-03-21 20:55:00+00:00,2025-03-23 21:00:00+00:00,2025-03-24 06:45:00+00:00,8.4,8.4,1,5.46,target,False,5-10,2025
GBP_USD,2025-03-21 20:55:00+00:00,2025-03-23 21:00:00+00:00,2025-03-23 22:00:00+00:00,-18.4,18.4,-1,13.71,target,False,10-20,2025
CHF_JPY,2025-03-28 20:55:00+00:00,2025-03-30 21:00:00+00:00,2025-03-30 21:10:00+00:00,44.3,44.3,1,34.62,target,False,20-50,2025
CAD_JPY,2025-03-28 20:55:00+00:00,2025-03-30 21:00:00+00:00,2025-03-30 21:25:00+00:00,6.6,6.6,1,2.49,target,False,5-10,2025
EUR_JPY,2025-03-28 20:55:00+00:00,2025-03-30 21:00:00+00:00,2025-03-30 23:20:00+00:00,-19.0,19.0,-1,-53.45,stop,False,10-20,2025
GBP_JPY,2025-03-28 20:55:00+00:00,2025-03-30 21:00:00+00:00,2025-03-30 22:00:00+00:00,-9.9,9.9,-1,-54.95,stop,False,5-10,2025
NZD_USD,2025-04-04 20:55:00+00:00,2025-04-06 21:00:00+00:00,2025-04-07 00:10:00+00:00,-19.9,19.9,-1,-52.25,stop,False,10-20,2025
EUR_GBP,2025-04-04 20:55:00+00:00,2025-04-06 21:00:00+00:00,2025-04-06 21:55:00+00:00,-17.9,17.9,-1,14.01,target,False,10-20,2025
GBP_USD,2025-04-04 20:55:00+00:00,2025-04-06 21:00:00+00:00,2025-04-06 22:20:00+00:00,-53.2,53.2,-1,45.03,target,False,50+,2025
AUD_USD,2025-04-04 20:55:00+00:00,2025-04-06 21:00:00+00:00,2025-04-06 22:00:00+00:00,-41.4,41.4,-1,-51.95,stop,False,20-50,2025
AUD_USD,2025-04-11 20:55:00+00:00,2025-04-13 21:00:00+00:00,2025-04-13 22:10:00+00:00,11.5,11.5,1,8.4,target,False,10-20,2025
CAD_JPY,2025-04-11 20:55:00+00:00,2025-04-13 21:00:00+00:00,2025-04-13 22:35:00+00:00,38.6,38.6,1,31.29,target,False,20-50,2025
NZD_USD,2025-04-11 20:55:00+00:00,2025-04-13 21:00:00+00:00,2025-04-13 21:10:00+00:00,-5.2,5.2,-1,2.43,target,False,5-10,2025
EUR_USD,2025-04-11 20:55:00+00:00,2025-04-13 21:00:00+00:00,2025-04-14 00:05:00+00:00,-38.5,38.5,-1,32.25,target,False,20-50,2025
EUR_GBP,2025-04-11 20:55:00+00:00,2025-04-13 21:00:00+00:00,2025-04-14 00:35:00+00:00,-36.2,36.2,-1,30.48,target,False,20-50,2025
EUR_JPY,2025-04-11 20:55:00+00:00,2025-04-13 21:00:00+00:00,2025-04-13 21:30:00+00:00,-13.8,13.8,-1,8.97,target,False,10-20,2025
CHF_JPY,2025-04-11 20:55:00+00:00,2025-04-13 21:00:00+00:00,2025-04-13 22:20:00+00:00,-25.4,25.4,-1,17.61,target,False,20-50,2025
AUD_JPY,2025-04-11 20:55:00+00:00,2025-04-13 21:00:00+00:00,2025-04-13 22:35:00+00:00,48.3,48.3,1,40.32,target,False,20-50,2025
USD_JPY,2025-04-11 20:55:00+00:00,2025-04-13 21:00:00+00:00,2025-04-13 22:35:00+00:00,51.3,51.3,1,43.62,target,False,50+,2025
NZD_JPY,2025-04-11 20:55:00+00:00,2025-04-13 21:00:00+00:00,2025-04-14 00:50:00+00:00,19.9,19.9,1,13.86,target,False,10-20,2025
GBP_USD,2025-04-18 20:55:00+00:00,2025-04-20 21:00:00+00:00,2025-04-20 22:05:00+00:00,-19.1,19.1,-1,14.34,target,False,10-20,2025
EUR_GBP,2025-04-18 20:55:00+00:00,2025-04-20 21:00:00+00:00,2025-04-22 13:05:00+00:00,17.0,17.0,1,13.2,target,False,10-20,2025
AUD_JPY,2025-04-18 20:55:00+00:00,2025-04-20 21:00:00+00:00,2025-04-20 22:00:00+00:00,-9.6,9.6,-1,5.49,target,False,5-10,2025
CAD_JPY,2025-04-18 20:55:00+00:00,2025-04-20 21:00:00+00:00,2025-04-20 22:00:00+00:00,-11.6,11.6,-1,6.99,target,False,10-20,2025
EUR_JPY,2025-04-18 20:55:00+00:00,2025-04-20 21:00:00+00:00,2025-04-20 21:35:00+00:00,-7.2,7.2,-1,3.03,target,False,5-10,2025
USD_JPY,2025-04-18 20:55:00+00:00,2025-04-20 21:00:00+00:00,2025-04-20 23:00:00+00:00,-10.8,10.8,-1,-52.55,stop,False,10-20,2025
GBP_JPY,2025-04-18 20:55:00+00:00,2025-04-20 21:00:00+00:00,2025-04-21 02:15:00+00:00,-40.8,40.8,-1,-54.95,stop,False,20-50,2025
NZD_USD,2025-04-25 20:55:00+00:00,2025-04-27 21:00:00+00:00,2025-04-27 21:25:00+00:00,-6.3,6.3,-1,3.42,target,False,5-10,2025
USD_JPY,2025-04-25 20:55:00+00:00,2025-04-27 21:00:00+00:00,2025-04-27 22:00:00+00:00,-5.9,5.9,-1,2.76,target,False,5-10,2025
EUR_JPY,2025-04-25 20:55:00+00:00,2025-04-27 21:00:00+00:00,2025-04-27 21:15:00+00:00,-7.2,7.2,-1,3.03,target,False,5-10,2025
GBP_JPY,2025-04-25 20:55:00+00:00,2025-04-27 21:00:00+00:00,2025-04-27 22:00:00+00:00,-19.1,19.1,-1,12.24,target,False,10-20,2025
CAD_JPY,2025-04-25 20:55:00+00:00,2025-04-27 21:00:00+00:00,2025-04-27 22:00:00+00:00,-15.5,15.5,-1,10.5,target,False,10-20,2025
CHF_JPY,2025-04-25 20:55:00+00:00,2025-04-27 21:00:00+00:00,2025-04-27 22:00:00+00:00,-12.0,12.0,-1,5.55,target,False,10-20,2025
AUD_USD,2025-05-02 20:55:00+00:00,2025-05-04 21:00:00+00:00,2025-05-04 21:55:00+00:00,10.3,10.3,1,7.32,target,False,10-20,2025
AUD_JPY,2025-05-02 20:55:00+00:00,2025-05-04 21:00:00+00:00,2025-05-04 21:25:00+00:00,-12.2,12.2,-1,7.83,target,False,10-20,2025
GBP_USD,2025-05-02 20:55:00+00:00,2025-05-04 21:00:00+00:00,2025-05-04 21:25:00+00:00,-6.2,6.2,-1,2.73,target,False,5-10,2025
EUR_USD,2025-05-02 20:55:00+00:00,2025-05-04 21:00:00+00:00,2025-05-04 21:35:00+00:00,5.7,5.7,1,2.73,target,False,5-10,2025
EUR_GBP,2025-05-02 20:55:00+00:00,2025-05-04 21:00:00+00:00,2025-05-04 21:45:00+00:00,5.2,5.2,1,2.58,target,False,5-10,2025
EUR_JPY,2025-05-02 20:55:00+00:00,2025-05-04 21:00:00+00:00,2025-05-04 21:55:00+00:00,-18.8,18.8,-1,13.47,target,False,10-20,2025
CAD_JPY,2025-05-02 20:55:00+00:00,2025-05-04 21:00:00+00:00,2025-05-04 21:20:00+00:00,-5.7,5.7,-1,1.68,target,False,5-10,2025
GBP_JPY,2025-05-02 20:55:00+00:00,2025-05-04 21:00:00+00:00,2025-05-05 08:35:00+00:00,-44.0,44.0,-1,-54.95,stop,False,20-50,2025
USD_JPY,2025-05-02 20:55:00+00:00,2025-05-04 21:00:00+00:00,2025-05-04 22:05:00+00:00,-22.5,22.5,-1,17.7,target,False,20-50,2025
NZD_JPY,2025-05-02 20:55:00+00:00,2025-05-04 21:00:00+00:00,2025-05-04 21:30:00+00:00,-22.7,22.7,-1,16.38,target,False,20-50,2025
EUR_JPY,2025-05-09 20:55:00+00:00,2025-05-11 21:00:00+00:00,2025-05-12 01:10:00+00:00,16.1,16.1,1,-53.45,stop,False,10-20,2025
GBP_JPY,2025-05-09 20:55:00+00:00,2025-05-11 21:00:00+00:00,2025-05-12 07:00:00+00:00,52.3,52.3,1,-54.95,stop,False,50+,2025
CHF_JPY,2025-05-09 20:55:00+00:00,2025-05-11 21:00:00+00:00,2025-05-11 22:00:00+00:00,31.1,31.1,1,22.74,target,False,20-50,2025
EUR_GBP,2025-05-09 20:55:00+00:00,2025-05-11 21:00:00+00:00,2025-05-11 21:20:00+00:00,-13.7,13.7,-1,10.23,target,False,10-20,2025
NZD_USD,2025-05-09 20:55:00+00:00,2025-05-11 21:00:00+00:00,2025-05-12 00:25:00+00:00,13.0,13.0,1,9.45,target,False,10-20,2025
AUD_USD,2025-05-09 20:55:00+00:00,2025-05-11 21:00:00+00:00,2025-05-12 00:20:00+00:00,9.6,9.6,1,6.69,target,False,5-10,2025
EUR_USD,2025-05-09 20:55:00+00:00,2025-05-11 21:00:00+00:00,2025-05-12 07:20:00+00:00,-46.7,46.7,-1,-52.4,stop,False,20-50,2025
GBP_USD,2025-05-09 20:55:00+00:00,2025-05-11 21:00:00+00:00,2025-05-12 07:20:00+00:00,-36.0,36.0,-1,-52.85,stop,False,20-50,2025
NZD_USD,2025-05-16 20:55:00+00:00,2025-05-18 21:00:00+00:00,2025-05-18 21:05:00+00:00,5.6,5.6,1,2.79,target,False,5-10,2025
EUR_GBP,2025-05-16 20:55:00+00:00,2025-05-18 21:00:00+00:00,2025-05-19 00:15:00+00:00,7.6,7.6,1,4.74,target,False,5-10,2025
NZD_JPY,2025-05-16 20:55:00+00:00,2025-05-18 21:00:00+00:00,2025-05-19 10:00:00+00:00,-8.6,8.6,-1,3.69,target,False,5-10,2025
CHF_JPY,2025-05-16 20:55:00+00:00,2025-05-18 21:00:00+00:00,2025-05-18 21:50:00+00:00,-9.3,9.3,-1,3.12,target,False,5-10,2025
EUR_USD,2025-05-16 20:55:00+00:00,2025-05-18 21:00:00+00:00,2025-05-19 07:25:00+00:00,13.4,13.4,1,-52.4,stop,False,10-20,2025
AUD_JPY,2025-05-16 20:55:00+00:00,2025-05-18 21:00:00+00:00,2025-05-19 09:10:00+00:00,-21.1,21.1,-1,15.84,target,False,20-50,2025
GBP_JPY,2025-05-16 20:55:00+00:00,2025-05-18 21:00:00+00:00,2025-05-18 23:40:00+00:00,-48.2,48.2,-1,38.43,target,False,20-50,2025
EUR_JPY,2025-05-16 20:55:00+00:00,2025-05-18 21:00:00+00:00,2025-05-18 21:55:00+00:00,-19.5,19.5,-1,14.1,target,False,10-20,2025
USD_JPY,2025-05-16 20:55:00+00:00,2025-05-18 21:00:00+00:00,2025-05-19 01:00:00+00:00,-31.2,31.2,-1,-52.55,stop,False,20-50,2025
CAD_JPY,2025-05-16 20:55:00+00:00,2025-05-18 21:00:00+00:00,2025-05-20 05:40:00+00:00,-24.6,24.6,-1,-53.45,stop,False,20-50,2025
EUR_JPY,2025-05-23 20:55:00+00:00,2025-05-25 21:00:00+00:00,2025-05-25 21:30:00+00:00,-8.4,8.4,-1,4.11,target,False,5-10,2025
GBP_JPY,2025-05-23 20:55:00+00:00,2025-05-25 21:00:00+00:00,2025-05-25 22:00:00+00:00,-22.6,22.6,-1,15.39,target,False,20-50,2025
AUD_JPY,2025-05-23 20:55:00+00:00,2025-05-25 21:00:00+00:00,2025-05-25 22:00:00+00:00,-13.5,13.5,-1,9.0,target,False,10-20,2025
EUR_GBP,2025-05-23 20:55:00+00:00,2025-05-25 21:00:00+00:00,2025-05-26 07:30:00+00:00,9.2,9.2,1,6.18,target,False,5-10,2025
GBP_USD,2025-05-23 20:55:00+00:00,2025-05-25 21:00:00+00:00,2025-05-25 22:10:00+00:00,-13.1,13.1,-1,8.94,target,False,10-20,2025
GBP_USD,2025-05-30 20:55:00+00:00,2025-06-01 21:00:00+00:00,2025-06-01 22:00:00+00:00,11.3,11.3,1,7.32,target,False,10-20,2025
EUR_GBP,2025-05-30 20:55:00+00:00,2025-06-01 21:00:00+00:00,2025-06-01 21:35:00+00:00,-6.3,6.3,-1,3.57,target,False,5-10,2025
CHF_JPY,2025-05-30 20:55:00+00:00,2025-06-01 21:00:00+00:00,2025-06-01 21:10:00+00:00,12.6,12.6,1,6.09,target,False,10-20,2025
CAD_JPY,2025-05-30 20:55:00+00:00,2025-06-01 21:00:00+00:00,2025-06-01 22:10:00+00:00,-15.5,15.5,-1,10.5,target,False,10-20,2025
EUR_JPY,2025-05-30 20:55:00+00:00,2025-06-01 21:00:00+00:00,2025-06-03 01:20:00+00:00,-14.9,14.9,-1,9.96,target,False,10-20,2025
GBP_JPY,2025-05-30 20:55:00+00:00,2025-06-01 21:00:00+00:00,2025-06-02 00:30:00+00:00,-10.6,10.6,-1,4.59,target,False,10-20,2025
USD_JPY,2025-05-30 20:55:00+00:00,2025-06-01 21:00:00+00:00,2025-06-02 01:25:00+00:00,-19.8,19.8,-1,-52.55,stop,False,10-20,2025
AUD_JPY,2025-05-30 20:55:00+00:00,2025-06-01 21:00:00+00:00,2025-06-01 22:05:00+00:00,-8.9,8.9,-1,4.86,target,False,5-10,2025
AUD_USD,2025-06-06 20:55:00+00:00,2025-06-08 21:00:00+00:00,2025-06-10 07:05:00+00:00,5.1,5.1,1,2.64,target,False,5-10,2025
EUR_JPY,2025-06-06 20:55:00+00:00,2025-06-08 21:00:00+00:00,2025-06-08 21:10:00+00:00,9.4,9.4,1,5.01,target,False,5-10,2025
GBP_JPY,2025-06-06 20:55:00+00:00,2025-06-08 21:00:00+00:00,2025-06-08 21:10:00+00:00,8.2,8.2,1,2.43,target,False,5-10,2025
AUD_JPY,2025-06-06 20:55:00+00:00,2025-06-08 21:00:00+00:00,2025-06-08 22:00:00+00:00,9.9,9.9,1,5.76,target,False,5-10,2025
CHF_JPY,2025-06-06 20:55:00+00:00,2025-06-08 21:00:00+00:00,2025-06-08 21:10:00+00:00,5.7,5.7,1,-0.12,target,False,5-10,2025
GBP_USD,2025-06-13 20:55:00+00:00,2025-06-15 21:00:00+00:00,2025-06-16 05:50:00+00:00,-9.7,9.7,-1,5.88,target,False,5-10,2025
EUR_USD,2025-06-13 20:55:00+00:00,2025-06-15 21:00:00+00:00,2025-06-16 05:15:00+00:00,-17.8,17.8,-1,13.62,target,False,10-20,2025
NZD_JPY,2025-06-13 20:55:00+00:00,2025-06-15 21:00:00+00:00,2025-06-15 21:25:00+00:00,-14.3,14.3,-1,8.82,target,False,10-20,2025
NZD_USD,2025-06-13 20:55:00+00:00,2025-06-15 21:00:00+00:00,2025-06-15 22:45:00+00:00,-5.4,5.4,-1,2.61,target,False,5-10,2025
CHF_JPY,2025-06-13 20:55:00+00:00,2025-06-15 21:00:00+00:00,2025-06-15 21:25:00+00:00,-31.2,31.2,-1,22.83,target,False,20-50,2025
EUR_GBP,2025-06-13 20:55:00+00:00,2025-06-15 21:00:00+00:00,2025-06-15 21:20:00+00:00,-10.5,10.5,-1,7.35,target,False,10-20,2025
AUD_JPY,2025-06-13 20:55:00+00:00,2025-06-15 21:00:00+00:00,2025-06-15 21:20:00+00:00,-13.8,13.8,-1,9.27,target,False,10-20,2025
CAD_JPY,2025-06-13 20:55:00+00:00,2025-06-15 21:00:00+00:00,2025-06-15 21:25:00+00:00,-13.0,13.0,-1,8.25,target,False,10-20,2025
GBP_JPY,2025-06-13 20:55:00+00:00,2025-06-15 21:00:00+00:00,2025-06-15 21:25:00+00:00,-25.8,25.8,-1,18.27,target,False,20-50,2025
EUR_JPY,2025-06-13 20:55:00+00:00,2025-06-15 21:00:00+00:00,2025-06-15 21:25:00+00:00,-35.0,35.0,-1,28.05,target,False,20-50,2025
USD_JPY,2025-06-13 20:55:00+00:00,2025-06-15 21:00:00+00:00,2025-06-15 21:20:00+00:00,-9.3,9.3,-1,5.82,target,False,5-10,2025
AUD_USD,2025-06-20 20:55:00+00:00,2025-06-22 21:00:00+00:00,2025-06-22 23:15:00+00:00,-19.8,19.8,-1,15.87,target,False,10-20,2025
GBP_USD,2025-06-20 20:55:00+00:00,2025-06-22 21:00:00+00:00,2025-06-23 07:00:00+00:00,-45.7,45.7,-1,38.28,target,False,20-50,2025
EUR_GBP,2025-06-20 20:55:00+00:00,2025-06-22 21:00:00+00:00,2025-06-22 22:00:00+00:00,-19.1,19.1,-1,15.09,target,False,10-20,2025
NZD_JPY,2025-06-20 20:55:00+00:00,2025-06-22 21:00:00+00:00,2025-06-22 21:30:00+00:00,8.0,8.0,1,3.15,target,False,5-10,2025
NZD_USD,2025-06-20 20:55:00+00:00,2025-06-22 21:00:00+00:00,2025-06-22 23:30:00+00:00,-13.2,13.2,-1,9.63,target,False,10-20,2025
AUD_JPY,2025-06-20 20:55:00+00:00,2025-06-22 21:00:00+00:00,2025-06-22 21:35:00+00:00,9.7,9.7,1,5.58,target,False,5-10,2025
GBP_JPY,2025-06-20 20:55:00+00:00,2025-06-22 21:00:00+00:00,2025-06-22 21:55:00+00:00,11.8,11.8,1,5.67,target,False,10-20,2025
EUR_JPY,2025-06-20 20:55:00+00:00,2025-06-22 21:00:00+00:00,2025-06-22 21:15:00+00:00,-27.3,27.3,-1,21.12,target,False,20-50,2025
CAD_JPY,2025-06-20 20:55:00+00:00,2025-06-22 21:00:00+00:00,2025-06-22 22:00:00+00:00,22.8,22.8,1,17.07,target,False,20-50,2025
GBP_USD,2025-06-27 20:55:00+00:00,2025-06-29 21:00:00+00:00,2025-06-29 21:35:00+00:00,-9.1,9.1,-1,5.34,target,False,5-10,2025
AUD_USD,2025-06-27 20:55:00+00:00,2025-06-29 21:00:00+00:00,2025-06-29 22:25:00+00:00,5.9,5.9,1,3.36,target,False,5-10,2025
EUR_USD,2025-06-27 20:55:00+00:00,2025-06-29 21:00:00+00:00,2025-06-30 00:35:00+00:00,12.5,12.5,1,8.85,target,False,10-20,2025
EUR_GBP,2025-06-27 20:55:00+00:00,2025-06-29 21:00:00+00:00,2025-06-30 01:50:00+00:00,12.2,12.2,1,8.88,target,False,10-20,2025
NZD_JPY,2025-06-27 20:55:00+00:00,2025-06-29 21:00:00+00:00,2025-06-29 22:00:00+00:00,-24.0,24.0,-1,17.55,target,False,20-50,2025
CAD_JPY,2025-06-27 20:55:00+00:00,2025-06-29 21:00:00+00:00,2025-06-30 12:30:00+00:00,-26.5,26.5,-1,20.4,target,False,20-50,2025
AUD_JPY,2025-06-27 20:55:00+00:00,2025-06-29 21:00:00+00:00,2025-06-29 21:35:00+00:00,-12.7,12.7,-1,8.28,target,False,10-20,2025
GBP_JPY,2025-06-27 20:55:00+00:00,2025-06-29 21:00:00+00:00,2025-06-29 22:15:00+00:00,-54.6,54.6,-1,44.19,target,False,50+,2025
EUR_JPY,2025-06-27 20:55:00+00:00,2025-06-29 21:00:00+00:00,2025-06-29 21:55:00+00:00,-16.1,16.1,-1,11.04,target,False,10-20,2025
USD_JPY,2025-06-27 20:55:00+00:00,2025-06-29 21:00:00+00:00,2025-06-29 22:15:00+00:00,-28.7,28.7,-1,23.28,target,False,20-50,2025
CHF_JPY,2025-06-27 20:55:00+00:00,2025-06-29 21:00:00+00:00,2025-06-29 22:10:00+00:00,-33.5,33.5,-1,24.9,target,False,20-50,2025
EUR_USD,2025-07-04 20:55:00+00:00,2025-07-06 21:00:00+00:00,2025-07-06 22:00:00+00:00,8.3,8.3,1,5.07,target,False,5-10,2025
AUD_USD,2025-07-04 20:55:00+00:00,2025-07-06 21:00:00+00:00,2025-07-06 21:20:00+00:00,11.1,11.1,1,8.04,target,False,10-20,2025
AUD_JPY,2025-07-04 20:55:00+00:00,2025-07-06 21:00:00+00:00,2025-07-06 21:10:00+00:00,9.3,9.3,1,5.22,target,False,5-10,2025
CAD_JPY,2025-07-04 20:55:00+00:00,2025-07-06 21:00:00+00:00,2025-07-06 21:25:00+00:00,-9.8,9.8,-1,5.37,target,False,5-10,2025
CHF_JPY,2025-07-04 20:55:00+00:00,2025-07-06 21:00:00+00:00,2025-07-06 21:30:00+00:00,-12.2,12.2,-1,5.73,target,False,10-20,2025
EUR_USD,2025-07-11 20:55:00+00:00,2025-07-13 21:00:00+00:00,2025-07-14 00:05:00+00:00,-20.9,20.9,-1,16.41,target,False,20-50,2025
EUR_GBP,2025-07-11 20:55:00+00:00,2025-07-13 21:00:00+00:00,2025-07-14 01:05:00+00:00,-19.4,19.4,-1,15.36,target,False,10-20,2025
NZD_JPY,2025-07-11 20:55:00+00:00,2025-07-13 21:00:00+00:00,2025-07-15 07:55:00+00:00,-20.4,20.4,-1,14.31,target,False,20-50,2025
CHF_JPY,2025-07-11 20:55:00+00:00,2025-07-13 21:00:00+00:00,2025-07-13 23:00:00+00:00,-47.3,47.3,-1,37.32,target,False,20-50,2025
AUD_USD,2025-07-11 20:55:00+00:00,2025-07-13 21:00:00+00:00,2025-07-13 23:40:00+00:00,-11.8,11.8,-1,8.67,target,False,10-20,2025
AUD_JPY,2025-07-11 20:55:00+00:00,2025-07-13 21:00:00+00:00,2025-07-14 00:15:00+00:00,-29.4,29.4,-1,23.31,target,False,20-50,2025
GBP_JPY,2025-07-11 20:55:00+00:00,2025-07-13 21:00:00+00:00,2025-07-13 22:50:00+00:00,-31.0,31.0,-1,22.95,target,False,20-50,2025
EUR_JPY,2025-07-11 20:55:00+00:00,2025-07-13 21:00:00+00:00,2025-07-14 11:45:00+00:00,-54.1,54.1,-1,45.24,target,False,50+,2025
USD_JPY,2025-07-11 20:55:00+00:00,2025-07-13 21:00:00+00:00,2025-07-13 22:40:00+00:00,-21.7,21.7,-1,16.98,target,False,20-50,2025
CAD_JPY,2025-07-11 20:55:00+00:00,2025-07-13 21:00:00+00:00,2025-07-13 22:50:00+00:00,-25.0,25.0,-1,19.05,target,False,20-50,2025
AUD_JPY,2025-07-18 20:55:00+00:00,2025-07-20 21:00:00+00:00,2025-07-22 12:45:00+00:00,-47.4,47.4,-1,-53.15,stop,False,20-50,2025
CAD_JPY,2025-07-18 20:55:00+00:00,2025-07-20 21:00:00+00:00,2025-07-22 12:45:00+00:00,-57.1,57.1,-1,-53.45,stop,False,50+,2025
NZD_JPY,2025-07-18 20:55:00+00:00,2025-07-20 21:00:00+00:00,2025-07-21 21:15:00+00:00,-34.8,34.8,-1,-54.05,stop,False,20-50,2025
EUR_GBP,2025-07-18 20:55:00+00:00,2025-07-20 21:00:00+00:00,2025-07-20 21:55:00+00:00,-8.5,8.5,-1,5.55,target,False,5-10,2025
AUD_USD,2025-07-18 20:55:00+00:00,2025-07-20 21:00:00+00:00,2025-07-20 22:30:00+00:00,9.7,9.7,1,6.78,target,False,5-10,2025
NZD_USD,2025-07-18 20:55:00+00:00,2025-07-20 21:00:00+00:00,2025-07-20 21:15:00+00:00,9.7,9.7,1,6.48,target,False,5-10,2025
GBP_USD,2025-07-18 20:55:00+00:00,2025-07-20 21:00:00+00:00,2025-07-20 21:05:00+00:00,9.4,9.4,1,5.61,target,False,5-10,2025
GBP_USD,2025-07-25 20:55:00+00:00,2025-07-27 21:00:00+00:00,2025-07-27 21:30:00+00:00,-5.1,5.1,-1,1.74,target,False,5-10,2025
AUD_USD,2025-07-25 20:55:00+00:00,2025-07-27 21:00:00+00:00,2025-07-28 03:30:00+00:00,8.6,8.6,1,5.79,target,False,5-10,2025
EUR_USD,2025-07-25 20:55:00+00:00,2025-07-27 21:00:00+00:00,2025-07-28 05:15:00+00:00,14.1,14.1,1,10.29,target,False,10-20,2025
EUR_GBP,2025-07-25 20:55:00+00:00,2025-07-27 21:00:00+00:00,2025-07-28 06:15:00+00:00,18.1,18.1,1,14.19,target,False,10-20,2025
AUD_JPY,2025-07-25 20:55:00+00:00,2025-07-27 21:00:00+00:00,2025-07-28 04:00:00+00:00,19.3,19.3,1,14.22,target,False,10-20,2025
EUR_JPY,2025-07-25 20:55:00+00:00,2025-07-27 21:00:00+00:00,2025-07-28 07:00:00+00:00,31.8,31.8,1,25.17,target,False,20-50,2025
USD_JPY,2025-07-25 20:55:00+00:00,2025-07-27 21:00:00+00:00,2025-07-27 22:00:00+00:00,9.6,9.6,1,6.09,target,False,5-10,2025
CHF_JPY,2025-07-25 20:55:00+00:00,2025-07-27 21:00:00+00:00,2025-07-27 22:00:00+00:00,-13.7,13.7,-1,7.08,target,False,10-20,2025
USD_JPY,2025-08-01 20:55:00+00:00,2025-08-03 21:00:00+00:00,2025-08-04 00:00:00+00:00,-15.8,15.8,-1,11.67,target,False,10-20,2025
EUR_JPY,2025-08-01 20:55:00+00:00,2025-08-03 21:00:00+00:00,2025-08-04 01:25:00+00:00,-10.8,10.8,-1,6.27,target,False,10-20,2025
GBP_JPY,2025-08-01 20:55:00+00:00,2025-08-03 21:00:00+00:00,2025-08-03 23:50:00+00:00,-8.5,8.5,-1,2.7,target,False,5-10,2025
AUD_JPY,2025-08-01 20:55:00+00:00,2025-08-03 21:00:00+00:00,2025-08-04 00:00:00+00:00,-11.6,11.6,-1,7.29,target,False,10-20,2025
NZD_JPY,2025-08-01 20:55:00+00:00,2025-08-03 21:00:00+00:00,2025-08-04 00:10:00+00:00,-16.1,16.1,-1,10.44,target,False,10-20,2025
NZD_USD,2025-08-01 20:55:00+00:00,2025-08-03 21:00:00+00:00,2025-08-03 22:00:00+00:00,-7.2,7.2,-1,4.23,target,False,5-10,2025
EUR_USD,2025-08-08 20:55:00+00:00,2025-08-10 21:00:00+00:00,2025-08-11 00:35:00+00:00,8.0,8.0,1,4.8,target,False,5-10,2025
NZD_USD,2025-08-08 20:55:00+00:00,2025-08-10 21:00:00+00:00,2025-08-10 21:20:00+00:00,8.1,8.1,1,5.04,target,False,5-10,2025
CHF_JPY,2025-08-08 20:55:00+00:00,2025-08-10 21:00:00+00:00,2025-08-10 21:40:00+00:00,-29.4,29.4,-1,21.21,target,False,20-50,2025
CAD_JPY,2025-08-08 20:55:00+00:00,2025-08-10 21:00:00+00:00,2025-08-10 22:00:00+00:00,-12.2,12.2,-1,7.53,target,False,10-20,2025
USD_JPY,2025-08-08 20:55:00+00:00,2025-08-10 21:00:00+00:00,2025-08-10 21:45:00+00:00,-18.0,18.0,-1,13.65,target,False,10-20,2025
GBP_JPY,2025-08-08 20:55:00+00:00,2025-08-10 21:00:00+00:00,2025-08-11 06:00:00+00:00,-24.0,24.0,-1,16.65,target,False,20-50,2025
EUR_JPY,2025-08-08 20:55:00+00:00,2025-08-10 21:00:00+00:00,2025-08-10 21:45:00+00:00,-12.2,12.2,-1,7.53,target,False,10-20,2025
AUD_JPY,2025-08-08 20:55:00+00:00,2025-08-10 21:00:00+00:00,2025-08-10 22:00:00+00:00,-9.1,9.1,-1,5.04,target,False,5-10,2025
CHF_JPY,2025-08-15 20:55:00+00:00,2025-08-17 21:00:00+00:00,2025-08-17 21:15:00+00:00,25.1,25.1,1,17.34,target,False,20-50,2025
EUR_GBP,2025-08-15 20:55:00+00:00,2025-08-17 21:00:00+00:00,2025-08-17 21:35:00+00:00,6.1,6.1,1,3.39,target,False,5-10,2025
CAD_JPY,2025-08-15 20:55:00+00:00,2025-08-17 21:00:00+00:00,2025-08-17 22:05:00+00:00,5.2,5.2,1,1.23,target,False,5-10,2025
EUR_USD,2025-08-15 20:55:00+00:00,2025-08-17 21:00:00+00:00,2025-08-17 23:20:00+00:00,8.3,8.3,1,5.07,target,False,5-10,2025
GBP_JPY,2025-08-15 20:55:00+00:00,2025-08-17 21:00:00+00:00,2025-08-17 22:10:00+00:00,8.6,8.6,1,2.79,target,False,5-10,2025
EUR_JPY,2025-08-15 20:55:00+00:00,2025-08-17 21:00:00+00:00,2025-08-18 07:05:00+00:00,18.2,18.2,1,12.93,target,False,10-20,2025
AUD_JPY,2025-08-15 20:55:00+00:00,2025-08-17 21:00:00+00:00,2025-08-17 21:50:00+00:00,6.4,6.4,1,2.61,target,False,5-10,2025
GBP_JPY,2025-08-22 20:55:00+00:00,2025-08-24 21:00:00+00:00,2025-08-24 22:40:00+00:00,-16.8,16.8,-1,10.17,target,False,10-20,2025
EUR_GBP,2025-08-22 20:55:00+00:00,2025-08-24 21:00:00+00:00,2025-08-24 22:00:00+00:00,5.6,5.6,1,2.94,target,False,5-10,2025
GBP_USD,2025-08-22 20:55:00+00:00,2025-08-24 21:00:00+00:00,2025-08-24 21:10:00+00:00,-8.1,8.1,-1,4.44,target,False,5-10,2025
NZD_USD,2025-08-29 20:55:00+00:00,2025-08-31 21:00:00+00:00,2025-08-31 21:40:00+00:00,-5.4,5.4,-1,2.61,target,False,5-10,2025
GBP_USD,2025-08-29 20:55:00+00:00,2025-08-31 21:00:00+00:00,2025-08-31 21:05:00+00:00,-7.3,7.3,-1,3.72,target,False,5-10,2025
EUR_USD,2025-08-29 20:55:00+00:00,2025-08-31 21:00:00+00:00,2025-08-31 22:05:00+00:00,10.2,10.2,1,6.78,target,False,10-20,2025
EUR_GBP,2025-08-29 20:55:00+00:00,2025-08-31 21:00:00+00:00,2025-08-31 21:45:00+00:00,11.8,11.8,1,8.52,target,False,10-20,2025
AUD_USD,2025-08-29 20:55:00+00:00,2025-08-31 21:00:00+00:00,2025-08-31 21:45:00+00:00,7.1,7.1,1,4.44,target,False,5-10,2025
CHF_JPY,2025-08-29 20:55:00+00:00,2025-08-31 21:00:00+00:00,2025-08-31 22:00:00+00:00,26.4,26.4,1,18.51,target,False,20-50,2025
AUD_JPY,2025-08-29 20:55:00+00:00,2025-08-31 21:00:00+00:00,2025-08-31 21:45:00+00:00,6.9,6.9,1,3.06,target,False,5-10,2025
GBP_JPY,2025-08-29 20:55:00+00:00,2025-08-31 21:00:00+00:00,2025-08-31 21:05:00+00:00,-14.0,14.0,-1,7.65,target,False,10-20,2025
EUR_JPY,2025-08-29 20:55:00+00:00,2025-08-31 21:00:00+00:00,2025-08-31 21:45:00+00:00,10.8,10.8,1,6.27,target,False,10-20,2025
NZD_JPY,2025-08-29 20:55:00+00:00,2025-08-31 21:00:00+00:00,2025-08-31 22:00:00+00:00,-8.6,8.6,-1,3.69,target,False,5-10,2025
AUD_JPY,2025-09-05 20:55:00+00:00,2025-09-07 21:00:00+00:00,2025-09-09 21:00:00+00:00,46.6,46.6,1,-3.45,timeout,False,20-50,2025
CAD_JPY,2025-09-05 20:55:00+00:00,2025-09-07 21:00:00+00:00,2025-09-09 00:25:00+00:00,50.9,50.9,1,42.36,target,False,50+,2025
NZD_JPY,2025-09-05 20:55:00+00:00,2025-09-07 21:00:00+00:00,2025-09-09 21:00:00+00:00,45.9,45.9,1,-6.85,timeout,False,20-50,2025
EUR_JPY,2025-09-12 20:55:00+00:00,2025-09-14 21:00:00+00:00,2025-09-14 21:30:00+00:00,7.9,7.9,1,3.66,target,False,5-10,2025
AUD_USD,2025-09-12 20:55:00+00:00,2025-09-14 21:00:00+00:00,2025-09-14 22:00:00+00:00,-8.5,8.5,-1,5.7,target,False,5-10,2025
EUR_USD,2025-09-19 20:55:00+00:00,2025-09-21 21:00:00+00:00,2025-09-21 21:25:00+00:00,-8.7,8.7,-1,5.43,target,False,5-10,2025
CAD_JPY,2025-09-19 20:55:00+00:00,2025-09-21 21:00:00+00:00,2025-09-21 22:55:00+00:00,-7.0,7.0,-1,2.85,target,False,5-10,2025
NZD_JPY,2025-09-19 20:55:00+00:00,2025-09-21 21:00:00+00:00,2025-09-21 21:50:00+00:00,6.8,6.8,1,2.07,target,False,5-10,2025
NZD_USD,2025-09-19 20:55:00+00:00,2025-09-21 21:00:00+00:00,2025-09-21 22:00:00+00:00,11.2,11.2,1,7.83,target,False,10-20,2025
GBP_USD,2025-09-19 20:55:00+00:00,2025-09-21 21:00:00+00:00,2025-09-21 21:10:00+00:00,6.5,6.5,1,3.0,target,False,5-10,2025
CAD_JPY,2025-09-26 20:55:00+00:00,2025-09-28 21:00:00+00:00,2025-09-28 21:30:00+00:00,6.1,6.1,1,2.04,target,False,5-10,2025
EUR_JPY,2025-09-26 20:55:00+00:00,2025-09-28 21:00:00+00:00,2025-09-28 21:30:00+00:00,6.9,6.9,1,2.76,target,False,5-10,2025
GBP_JPY,2025-09-26 20:55:00+00:00,2025-09-28 21:00:00+00:00,2025-09-28 21:15:00+00:00,-8.2,8.2,-1,2.43,target,False,5-10,2025
EUR_GBP,2025-10-03 20:55:00+00:00,2025-10-05 21:00:00+00:00,2025-10-06 06:15:00+00:00,12.7,12.7,1,9.33,target,False,10-20,2025
GBP_USD,2025-10-03 20:55:00+00:00,2025-10-05 21:00:00+00:00,2025-10-06 14:35:00+00:00,-38.8,38.8,-1,32.07,target,False,20-50,2025
AUD_USD,2025-10-03 20:55:00+00:00,2025-10-05 21:00:00+00:00,2025-10-06 01:30:00+00:00,-18.4,18.4,-1,14.61,target,False,10-20,2025
EUR_USD,2025-10-03 20:55:00+00:00,2025-10-05 21:00:00+00:00,2025-10-06 07:40:00+00:00,-16.3,16.3,-1,-52.4,stop,False,10-20,2025
EUR_USD,2025-10-10 20:55:00+00:00,2025-10-12 21:00:00+00:00,2025-10-13 02:00:00+00:00,-11.0,11.0,-1,7.5,target,False,10-20,2025
NZD_USD,2025-10-10 20:55:00+00:00,2025-10-12 21:00:00+00:00,2025-10-13 00:30:00+00:00,21.0,21.0,1,16.65,target,False,20-50,2025
GBP_USD,2025-10-10 20:55:00+00:00,2025-10-12 21:00:00+00:00,2025-10-13 02:00:00+00:00,-10.1,10.1,-1,6.24,target,False,10-20,2025
CHF_JPY,2025-10-10 20:55:00+00:00,2025-10-12 21:00:00+00:00,2025-10-12 22:05:00+00:00,31.0,31.0,1,22.65,target,False,20-50,2025
CAD_JPY,2025-10-10 20:55:00+00:00,2025-10-12 21:00:00+00:00,2025-10-14 05:35:00+00:00,57.1,57.1,1,47.94,target,False,50+,2025
AUD_USD,2025-10-10 20:55:00+00:00,2025-10-12 21:00:00+00:00,2025-10-14 04:50:00+00:00,31.9,31.9,1,26.76,target,False,20-50,2025
USD_JPY,2025-10-17 20:55:00+00:00,2025-10-19 21:00:00+00:00,2025-10-19 22:00:00+00:00,-18.1,18.1,-1,13.74,target,False,10-20,2025
GBP_JPY,2025-10-17 20:55:00+00:00,2025-10-19 21:00:00+00:00,2025-10-19 22:00:00+00:00,-16.2,16.2,-1,9.63,target,False,10-20,2025
AUD_JPY,2025-10-17 20:55:00+00:00,2025-10-19 21:00:00+00:00,2025-10-19 22:00:00+00:00,-16.1,16.1,-1,11.34,target,False,10-20,2025
CAD_JPY,2025-10-17 20:55:00+00:00,2025-10-19 21:00:00+00:00,2025-10-19 22:00:00+00:00,-8.7,8.7,-1,4.38,target,False,5-10,2025
EUR_GBP,2025-10-17 20:55:00+00:00,2025-10-19 21:00:00+00:00,2025-10-19 22:00:00+00:00,7.1,7.1,1,4.29,target,False,5-10,2025
EUR_USD,2025-10-17 20:55:00+00:00,2025-10-19 21:00:00+00:00,2025-10-19 22:25:00+00:00,15.9,15.9,1,11.91,target,False,10-20,2025
GBP_USD,2025-10-17 20:55:00+00:00,2025-10-19 21:00:00+00:00,2025-10-19 21:55:00+00:00,5.6,5.6,1,2.19,target,False,5-10,2025
NZD_USD,2025-10-24 20:55:00+00:00,2025-10-26 21:00:00+00:00,2025-10-28 21:00:00+00:00,29.6,29.6,1,-5.25,timeout,False,20-50,2025
GBP_USD,2025-10-24 20:55:00+00:00,2025-10-26 21:00:00+00:00,2025-10-27 07:20:00+00:00,15.2,15.2,1,10.83,target,False,10-20,2025
AUD_USD,2025-10-24 20:55:00+00:00,2025-10-26 21:00:00+00:00,2025-10-28 16:30:00+00:00,24.7,24.7,1,-51.95,stop,False,20-50,2025
CHF_JPY,2025-10-24 20:55:00+00:00,2025-10-26 21:00:00+00:00,2025-10-26 21:45:00+00:00,-27.3,27.3,-1,19.32,target,False,20-50,2025
NZD_JPY,2025-10-24 20:55:00+00:00,2025-10-26 21:00:00+00:00,2025-10-28 03:55:00+00:00,44.5,44.5,1,36.0,target,False,20-50,2025
AUD_JPY,2025-10-24 20:55:00+00:00,2025-10-26 21:00:00+00:00,2025-10-28 05:15:00+00:00,36.7,36.7,1,29.88,target,False,20-50,2025
GBP_JPY,2025-10-24 20:55:00+00:00,2025-10-26 21:00:00+00:00,2025-10-27 13:40:00+00:00,19.3,19.3,1,-54.95,stop,False,10-20,2025
EUR_JPY,2025-10-24 20:55:00+00:00,2025-10-26 21:00:00+00:00,2025-10-27 07:10:00+00:00,12.3,12.3,1,7.62,target,False,10-20,2025
CAD_JPY,2025-10-24 20:55:00+00:00,2025-10-26 21:00:00+00:00,2025-10-26 21:45:00+00:00,-12.1,12.1,-1,7.44,target,False,10-20,2025
EUR_JPY,2025-10-31 20:55:00+00:00,2025-11-02 22:00:00+00:00,2025-11-02 22:30:00+00:00,-6.2,6.2,-1,2.13,target,False,5-10,2025
GBP_JPY,2025-10-31 20:55:00+00:00,2025-11-02 22:00:00+00:00,2025-11-02 23:00:00+00:00,-29.8,29.8,-1,21.87,target,False,20-50,2025
NZD_JPY,2025-10-31 20:55:00+00:00,2025-11-02 22:00:00+00:00,2025-11-02 22:10:00+00:00,-6.2,6.2,-1,1.53,target,False,5-10,2025
EUR_GBP,2025-10-31 20:55:00+00:00,2025-11-02 22:00:00+00:00,2025-11-03 08:50:00+00:00,10.4,10.4,1,7.26,target,False,10-20,2025
GBP_USD,2025-10-31 20:55:00+00:00,2025-11-02 22:00:00+00:00,2025-11-03 06:30:00+00:00,-19.5,19.5,-1,14.7,target,False,10-20,2025
GBP_JPY,2025-11-07 21:55:00+00:00,2025-11-09 22:00:00+00:00,2025-11-09 22:35:00+00:00,36.2,36.2,1,27.63,target,False,20-50,2025
EUR_USD,2025-11-07 21:55:00+00:00,2025-11-09 22:00:00+00:00,2025-11-10 05:40:00+00:00,-8.6,8.6,-1,5.34,target,False,5-10,2025
NZD_JPY,2025-11-07 21:55:00+00:00,2025-11-09 22:00:00+00:00,2025-11-10 00:00:00+00:00,20.4,20.4,1,14.31,target,False,20-50,2025
CHF_JPY,2025-11-07 21:55:00+00:00,2025-11-09 22:00:00+00:00,2025-11-09 22:35:00+00:00,52.3,52.3,1,41.82,target,False,50+,2025
EUR_JPY,2025-11-07 21:55:00+00:00,2025-11-09 22:00:00+00:00,2025-11-10 00:00:00+00:00,25.2,25.2,1,19.23,target,False,20-50,2025
AUD_JPY,2025-11-07 21:55:00+00:00,2025-11-09 22:00:00+00:00,2025-11-10 04:55:00+00:00,26.1,26.1,1,-53.15,stop,False,20-50,2025
USD_JPY,2025-11-07 21:55:00+00:00,2025-11-09 22:00:00+00:00,2025-11-10 00:00:00+00:00,33.1,33.1,1,27.24,target,False,20-50,2025
CAD_JPY,2025-11-07 21:55:00+00:00,2025-11-09 22:00:00+00:00,2025-11-10 00:00:00+00:00,17.2,17.2,1,12.03,target,False,10-20,2025
EUR_GBP,2025-11-14 21:55:00+00:00,2025-11-16 22:00:00+00:00,2025-11-17 00:40:00+00:00,12.0,12.0,1,8.7,target,False,10-20,2025
USD_JPY,2025-11-14 21:55:00+00:00,2025-11-16 22:00:00+00:00,2025-11-16 22:45:00+00:00,5.1,5.1,1,2.04,target,False,5-10,2025
EUR_JPY,2025-11-14 21:55:00+00:00,2025-11-16 22:00:00+00:00,2025-11-16 22:05:00+00:00,20.6,20.6,1,15.09,target,False,20-50,2025
GBP_JPY,2025-11-14 21:55:00+00:00,2025-11-16 22:00:00+00:00,2025-11-17 07:10:00+00:00,-15.4,15.4,-1,8.91,target,False,10-20,2025
GBP_USD,2025-11-14 21:55:00+00:00,2025-11-16 22:00:00+00:00,2025-11-17 07:35:00+00:00,-9.8,9.8,-1,5.97,target,False,5-10,2025
AUD_USD,2025-11-21 21:55:00+00:00,2025-11-23 22:00:00+00:00,2025-11-24 00:05:00+00:00,5.3,5.3,1,2.82,target,False,5-10,2025
CHF_JPY,2025-11-21 21:55:00+00:00,2025-11-23 22:00:00+00:00,2025-11-23 22:15:00+00:00,24.9,24.9,1,17.16,target,False,20-50,2025
EUR_USD,2025-11-21 21:55:00+00:00,2025-11-23 22:00:00+00:00,2025-11-23 22:10:00+00:00,6.3,6.3,1,3.27,target,False,5-10,2025
GBP_JPY,2025-11-21 21:55:00+00:00,2025-11-23 22:00:00+00:00,2025-11-24 08:50:00+00:00,11.9,11.9,1,-54.95,stop,False,10-20,2025
AUD_JPY,2025-11-21 21:55:00+00:00,2025-11-23 22:00:00+00:00,2025-11-24 09:25:00+00:00,11.5,11.5,1,7.2,target,False,10-20,2025
NZD_USD,2025-11-28 21:55:00+00:00,2025-11-30 22:00:00+00:00,2025-11-30 23:00:00+00:00,-8.0,8.0,-1,4.95,target,False,5-10,2025
AUD_USD,2025-11-28 21:55:00+00:00,2025-11-30 22:00:00+00:00,2025-11-30 23:05:00+00:00,-8.7,8.7,-1,5.88,target,False,5-10,2025
CHF_JPY,2025-11-28 21:55:00+00:00,2025-11-30 22:00:00+00:00,2025-11-30 22:15:00+00:00,-24.7,24.7,-1,16.98,target,False,20-50,2025
CAD_JPY,2025-11-28 21:55:00+00:00,2025-11-30 22:00:00+00:00,2025-11-30 22:20:00+00:00,-6.3,6.3,-1,2.22,target,False,5-10,2025
NZD_JPY,2025-11-28 21:55:00+00:00,2025-11-30 22:00:00+00:00,2025-11-30 23:15:00+00:00,-17.2,17.2,-1,11.43,target,False,10-20,2025
GBP_JPY,2025-11-28 21:55:00+00:00,2025-11-30 22:00:00+00:00,2025-11-30 22:20:00+00:00,-14.9,14.9,-1,8.46,target,False,10-20,2025
EUR_JPY,2025-11-28 21:55:00+00:00,2025-11-30 22:00:00+00:00,2025-11-30 23:00:00+00:00,-13.9,13.9,-1,9.06,target,False,10-20,2025
USD_JPY,2025-11-28 21:55:00+00:00,2025-11-30 22:00:00+00:00,2025-12-01 01:05:00+00:00,-7.1,7.1,-1,-52.55,stop,False,5-10,2025
AUD_JPY,2025-11-28 21:55:00+00:00,2025-11-30 22:00:00+00:00,2025-12-01 10:50:00+00:00,-17.9,17.9,-1,-53.15,stop,False,10-20,2025
CHF_JPY,2025-12-05 21:55:00+00:00,2025-12-07 22:00:00+00:00,2025-12-07 22:05:00+00:00,-5.0,5.0,-1,-0.75,target,False,<5,2025
USD_JPY,2025-12-05 21:55:00+00:00,2025-12-07 22:00:00+00:00,2025-12-07 23:45:00+00:00,-12.1,12.1,-1,8.34,target,False,10-20,2025
EUR_JPY,2025-12-05 21:55:00+00:00,2025-12-07 22:00:00+00:00,2025-12-07 23:50:00+00:00,-19.6,19.6,-1,14.19,target,False,10-20,2025
GBP_JPY,2025-12-05 21:55:00+00:00,2025-12-07 22:00:00+00:00,2025-12-08 05:50:00+00:00,-23.1,23.1,-1,15.84,target,False,20-50,2025
AUD_JPY,2025-12-05 21:55:00+00:00,2025-12-07 22:00:00+00:00,2025-12-08 05:45:00+00:00,-17.1,17.1,-1,12.24,target,False,10-20,2025
CAD_JPY,2025-12-05 21:55:00+00:00,2025-12-07 22:00:00+00:00,2025-12-08 08:00:00+00:00,-21.5,21.5,-1,15.9,target,False,20-50,2025
AUD_USD,2025-12-05 21:55:00+00:00,2025-12-07 22:00:00+00:00,2025-12-08 00:55:00+00:00,-5.7,5.7,-1,3.18,target,False,5-10,2025
EUR_USD,2025-12-12 21:55:00+00:00,2025-12-14 22:00:00+00:00,2025-12-14 23:05:00+00:00,-7.3,7.3,-1,4.17,target,False,5-10,2025
AUD_USD,2025-12-12 21:55:00+00:00,2025-12-14 22:00:00+00:00,2025-12-15 01:35:00+00:00,-9.3,9.3,-1,6.42,target,False,5-10,2025
EUR_GBP,2025-12-12 21:55:00+00:00,2025-12-14 22:00:00+00:00,2025-12-14 22:20:00+00:00,-9.4,9.4,-1,6.36,target,False,5-10,2025
GBP_USD,2025-12-12 21:55:00+00:00,2025-12-14 22:00:00+00:00,2025-12-14 22:15:00+00:00,6.0,6.0,1,2.55,target,False,5-10,2025
AUD_JPY,2025-12-12 21:55:00+00:00,2025-12-14 22:00:00+00:00,2025-12-14 22:15:00+00:00,-12.0,12.0,-1,7.65,target,False,10-20,2025
GBP_JPY,2025-12-12 21:55:00+00:00,2025-12-14 22:00:00+00:00,2025-12-14 22:30:00+00:00,14.8,14.8,1,8.37,target,False,10-20,2025
CHF_JPY,2025-12-12 21:55:00+00:00,2025-12-14 22:00:00+00:00,2025-12-14 22:30:00+00:00,8.1,8.1,1,2.04,target,False,5-10,2025
CHF_JPY,2025-12-19 21:55:00+00:00,2025-12-21 22:00:00+00:00,2025-12-21 22:05:00+00:00,15.9,15.9,1,9.06,target,False,10-20,2025
USD_JPY,2025-12-19 21:55:00+00:00,2025-12-21 22:00:00+00:00,2025-12-21 23:45:00+00:00,-17.6,17.6,-1,13.29,target,False,10-20,2025
EUR_JPY,2025-12-19 21:55:00+00:00,2025-12-21 22:00:00+00:00,2025-12-21 22:05:00+00:00,14.3,14.3,1,9.42,target,False,10-20,2025
GBP_JPY,2025-12-19 21:55:00+00:00,2025-12-21 22:00:00+00:00,2025-12-21 22:10:00+00:00,41.8,41.8,1,32.67,target,False,20-50,2025
AUD_JPY,2025-12-19 21:55:00+00:00,2025-12-21 22:00:00+00:00,2025-12-21 22:25:00+00:00,-7.4,7.4,-1,3.51,target,False,5-10,2025
CAD_JPY,2025-12-19 21:55:00+00:00,2025-12-21 22:00:00+00:00,2025-12-21 23:25:00+00:00,-8.5,8.5,-1,4.2,target,False,5-10,2025
EUR_USD,2025-12-19 21:55:00+00:00,2025-12-21 22:00:00+00:00,2025-12-21 23:45:00+00:00,10.0,10.0,1,6.6,target,False,5-10,2025
GBP_USD,2025-12-26 21:55:00+00:00,2025-12-28 22:00:00+00:00,2025-12-28 22:30:00+00:00,-6.0,6.0,-1,2.55,target,False,5-10,2025
AUD_USD,2025-12-26 21:55:00+00:00,2025-12-28 22:00:00+00:00,2025-12-28 23:05:00+00:00,-11.5,11.5,-1,8.4,target,False,10-20,2025
CHF_JPY,2025-12-26 21:55:00+00:00,2025-12-28 22:00:00+00:00,2025-12-28 22:05:00+00:00,-6.8,6.8,-1,0.87,target,False,5-10,2025
AUD_JPY,2025-12-26 21:55:00+00:00,2025-12-28 22:00:00+00:00,2025-12-29 02:05:00+00:00,-21.1,21.1,-1,15.84,target,False,20-50,2025
NZD_JPY,2025-12-26 21:55:00+00:00,2025-12-28 22:00:00+00:00,2025-12-29 11:10:00+00:00,-9.1,9.1,-1,-54.05,stop,False,5-10,2025
NZD_JPY,2026-01-02 21:55:00+00:00,2026-01-04 22:00:00+00:00,2026-01-05 00:15:00+00:00,-11.0,11.0,-1,5.85,target,False,10-20,2026
EUR_GBP,2026-01-02 21:55:00+00:00,2026-01-04 22:00:00+00:00,2026-01-04 22:55:00+00:00,7.7,7.7,1,4.83,target,False,5-10,2026
CHF_JPY,2026-01-02 21:55:00+00:00,2026-01-04 22:00:00+00:00,2026-01-04 22:15:00+00:00,10.6,10.6,1,4.29,target,False,10-20,2026
AUD_USD,2026-01-02 21:55:00+00:00,2026-01-04 22:00:00+00:00,2026-01-05 15:00:00+00:00,-11.9,11.9,-1,8.76,target,False,10-20,2026
AUD_JPY,2026-01-02 21:55:00+00:00,2026-01-04 22:00:00+00:00,2026-01-05 00:00:00+00:00,-23.9,23.9,-1,18.36,target,False,20-50,2026
GBP_JPY,2026-01-02 21:55:00+00:00,2026-01-04 22:00:00+00:00,2026-01-05 00:00:00+00:00,-20.5,20.5,-1,13.5,target,False,20-50,2026
USD_JPY,2026-01-02 21:55:00+00:00,2026-01-04 22:00:00+00:00,2026-01-04 22:05:00+00:00,-8.1,8.1,-1,4.74,target,False,5-10,2026
CAD_JPY,2026-01-02 21:55:00+00:00,2026-01-04 22:00:00+00:00,2026-01-04 23:40:00+00:00,-16.5,16.5,-1,11.4,target,False,10-20,2026
GBP_USD,2026-01-02 21:55:00+00:00,2026-01-04 22:00:00+00:00,2026-01-04 22:20:00+00:00,-5.7,5.7,-1,2.28,target,False,5-10,2026
CHF_JPY,2026-01-09 21:55:00+00:00,2026-01-11 22:00:00+00:00,2026-01-12 05:10:00+00:00,35.7,35.7,1,-55.25,stop,False,20-50,2026
AUD_USD,2026-01-09 21:55:00+00:00,2026-01-11 22:00:00+00:00,2026-01-11 22:35:00+00:00,-7.9,7.9,-1,5.16,target,False,5-10,2026
CAD_JPY,2026-01-09 21:55:00+00:00,2026-01-11 22:00:00+00:00,2026-01-12 00:35:00+00:00,9.7,9.7,1,5.28,target,False,5-10,2026
EUR_JPY,2026-01-09 21:55:00+00:00,2026-01-11 22:00:00+00:00,2026-01-11 23:00:00+00:00,9.6,9.6,1,5.19,target,False,5-10,2026
USD_JPY,2026-01-09 21:55:00+00:00,2026-01-11 22:00:00+00:00,2026-01-12 00:10:00+00:00,14.3,14.3,1,10.32,target,False,10-20,2026
GBP_JPY,2026-01-09 21:55:00+00:00,2026-01-11 22:00:00+00:00,2026-01-11 23:00:00+00:00,15.4,15.4,1,8.91,target,False,10-20,2026
AUD_USD,2026-01-16 21:55:00+00:00,2026-01-18 22:00:00+00:00,2026-01-18 23:15:00+00:00,-11.8,11.8,-1,8.67,target,False,10-20,2026
USD_JPY,2026-01-16 21:55:00+00:00,2026-01-18 22:00:00+00:00,2026-01-19 07:55:00+00:00,-18.3,18.3,-1,13.92,target,False,10-20,2026
EUR_JPY,2026-01-16 21:55:00+00:00,2026-01-18 22:00:00+00:00,2026-01-19 00:30:00+00:00,-49.7,49.7,-1,41.28,target,False,20-50,2026
AUD_JPY,2026-01-16 21:55:00+00:00,2026-01-18 22:00:00+00:00,2026-01-19 04:40:00+00:00,-31.3,31.3,-1,25.02,target,False,20-50,2026
CAD_JPY,2026-01-16 21:55:00+00:00,2026-01-18 22:00:00+00:00,2026-01-19 02:45:00+00:00,-9.4,9.4,-1,5.01,target,False,5-10,2026
NZD_JPY,2026-01-16 21:55:00+00:00,2026-01-18 22:00:00+00:00,2026-01-19 01:40:00+00:00,-23.4,23.4,-1,17.01,target,False,20-50,2026
GBP_USD,2026-01-16 21:55:00+00:00,2026-01-18 22:00:00+00:00,2026-01-18 23:05:00+00:00,-25.6,25.6,-1,20.19,target,False,20-50,2026
EUR_USD,2026-01-16 21:55:00+00:00,2026-01-18 22:00:00+00:00,2026-01-18 23:05:00+00:00,-18.6,18.6,-1,14.34,target,False,10-20,2026
AUD_USD,2026-01-23 21:55:00+00:00,2026-01-25 22:00:00+00:00,2026-01-27 15:20:00+00:00,27.1,27.1,1,-51.95,stop,False,20-50,2026
EUR_USD,2026-01-23 21:55:00+00:00,2026-01-25 22:00:00+00:00,2026-01-27 12:20:00+00:00,35.8,35.8,1,-52.4,stop,False,20-50,2026
EUR_GBP,2026-01-23 21:55:00+00:00,2026-01-25 22:00:00+00:00,2026-01-26 09:15:00+00:00,11.0,11.0,1,7.8,target,False,10-20,2026
AUD_JPY,2026-01-23 21:55:00+00:00,2026-01-25 22:00:00+00:00,2026-01-25 22:15:00+00:00,-16.1,16.1,-1,11.34,target,False,10-20,2026
CAD_JPY,2026-01-23 21:55:00+00:00,2026-01-25 22:00:00+00:00,2026-01-26 02:25:00+00:00,-59.1,59.1,-1,-53.45,stop,False,50+,2026
EUR_JPY,2026-01-23 21:55:00+00:00,2026-01-25 22:00:00+00:00,2026-01-25 22:45:00+00:00,-47.7,47.7,-1,-53.45,stop,False,20-50,2026
GBP_USD,2026-01-23 21:55:00+00:00,2026-01-25 22:00:00+00:00,2026-01-26 00:00:00+00:00,21.7,21.7,1,16.68,target,False,20-50,2026
NZD_JPY,2026-01-23 21:55:00+00:00,2026-01-25 22:00:00+00:00,2026-01-26 08:35:00+00:00,-55.0,55.0,-1,-54.05,stop,False,50+,2026
GBP_USD,2026-01-30 21:55:00+00:00,2026-02-01 22:00:00+00:00,2026-02-01 22:05:00+00:00,8.4,8.4,1,4.71,target,False,5-10,2026
EUR_GBP,2026-01-30 21:55:00+00:00,2026-02-01 22:00:00+00:00,2026-02-01 22:05:00+00:00,-5.3,5.3,-1,2.67,target,False,5-10,2026
NZD_USD,2026-01-30 21:55:00+00:00,2026-02-01 22:00:00+00:00,2026-02-01 23:35:00+00:00,-7.6,7.6,-1,4.59,target,False,5-10,2026
AUD_USD,2026-01-30 21:55:00+00:00,2026-02-01 22:00:00+00:00,2026-02-02 00:05:00+00:00,-9.9,9.9,-1,6.96,target,False,5-10,2026
CHF_JPY,2026-01-30 21:55:00+00:00,2026-02-01 22:00:00+00:00,2026-02-02 05:50:00+00:00,35.3,35.3,1,26.52,target,False,20-50,2026
GBP_JPY,2026-01-30 21:55:00+00:00,2026-02-01 22:00:00+00:00,2026-02-01 22:25:00+00:00,31.6,31.6,1,-54.95,stop,False,20-50,2026
AUD_JPY,2026-01-30 21:55:00+00:00,2026-02-01 22:00:00+00:00,2026-02-01 22:15:00+00:00,-7.1,7.1,-1,3.24,target,False,5-10,2026
EUR_JPY,2026-01-30 21:55:00+00:00,2026-02-01 22:00:00+00:00,2026-02-01 22:25:00+00:00,15.0,15.0,1,-53.45,stop,False,10-20,2026
USD_JPY,2026-01-30 21:55:00+00:00,2026-02-01 22:00:00+00:00,2026-02-01 22:30:00+00:00,12.1,12.1,1,-52.55,stop,False,10-20,2026
CAD_JPY,2026-01-30 21:55:00+00:00,2026-02-01 22:00:00+00:00,2026-02-02 00:00:00+00:00,14.5,14.5,1,9.6,target,False,10-20,2026
GBP_USD,2026-02-06 21:55:00+00:00,2026-02-08 22:00:00+00:00,2026-02-08 23:45:00+00:00,-14.0,14.0,-1,9.75,target,False,10-20,2026
AUD_USD,2026-02-06 21:55:00+00:00,2026-02-08 22:00:00+00:00,2026-02-08 22:05:00+00:00,7.3,7.3,1,4.62,target,False,5-10,2026
EUR_GBP,2026-02-06 21:55:00+00:00,2026-02-08 22:00:00+00:00,2026-02-09 14:05:00+00:00,6.5,6.5,1,-52.1,stop,False,5-10,2026
NZD_JPY,2026-02-06 21:55:00+00:00,2026-02-08 22:00:00+00:00,2026-02-08 22:05:00+00:00,18.2,18.2,1,12.33,target,False,10-20,2026
CAD_JPY,2026-02-06 21:55:00+00:00,2026-02-08 22:00:00+00:00,2026-02-08 22:05:00+00:00,21.4,21.4,1,15.81,target,False,20-50,2026
GBP_JPY,2026-02-06 21:55:00+00:00,2026-02-08 22:00:00+00:00,2026-02-08 22:05:00+00:00,18.1,18.1,1,11.34,target,False,10-20,2026
EUR_JPY,2026-02-06 21:55:00+00:00,2026-02-08 22:00:00+00:00,2026-02-08 22:05:00+00:00,27.4,27.4,1,21.21,target,False,20-50,2026
USD_JPY,2026-02-06 21:55:00+00:00,2026-02-08 22:00:00+00:00,2026-02-08 22:05:00+00:00,29.0,29.0,1,23.55,target,False,20-50,2026
AUD_JPY,2026-02-06 21:55:00+00:00,2026-02-08 22:00:00+00:00,2026-02-08 22:05:00+00:00,29.9,29.9,1,23.76,target,False,20-50,2026
EUR_GBP,2026-02-13 21:55:00+00:00,2026-02-15 22:00:00+00:00,2026-02-16 07:40:00+00:00,8.7,8.7,1,5.73,target,False,5-10,2026
GBP_USD,2026-02-13 21:55:00+00:00,2026-02-15 22:00:00+00:00,2026-02-16 08:00:00+00:00,-9.2,9.2,-1,5.43,target,False,5-10,2026
NZD_USD,2026-02-13 21:55:00+00:00,2026-02-15 22:00:00+00:00,2026-02-15 23:00:00+00:00,-10.7,10.7,-1,7.38,target,False,10-20,2026
NZD_JPY,2026-02-13 21:55:00+00:00,2026-02-15 22:00:00+00:00,2026-02-15 23:00:00+00:00,-25.1,25.1,-1,18.54,target,False,20-50,2026
AUD_USD,2026-02-13 21:55:00+00:00,2026-02-15 22:00:00+00:00,2026-02-16 00:05:00+00:00,-8.2,8.2,-1,5.43,target,False,5-10,2026
CAD_JPY,2026-02-13 21:55:00+00:00,2026-02-15 22:00:00+00:00,2026-02-15 22:05:00+00:00,7.8,7.8,1,3.57,target,False,5-10,2026
AUD_JPY,2026-02-13 21:55:00+00:00,2026-02-15 22:00:00+00:00,2026-02-15 23:15:00+00:00,-11.5,11.5,-1,7.2,target,False,10-20,2026
GBP_JPY,2026-02-13 21:55:00+00:00,2026-02-15 22:00:00+00:00,2026-02-15 23:15:00+00:00,-12.0,12.0,-1,5.85,target,False,10-20,2026
CHF_JPY,2026-02-13 21:55:00+00:00,2026-02-15 22:00:00+00:00,2026-02-15 22:55:00+00:00,-22.2,22.2,-1,14.73,target,False,20-50,2026
GBP_USD,2026-02-20 21:55:00+00:00,2026-02-22 22:00:00+00:00,2026-02-23 12:20:00+00:00,13.0,13.0,1,8.85,target,False,10-20,2026
EUR_USD,2026-02-20 21:55:00+00:00,2026-02-22 22:00:00+00:00,2026-02-23 11:30:00+00:00,14.5,14.5,1,10.65,target,False,10-20,2026
NZD_JPY,2026-02-20 21:55:00+00:00,2026-02-22 22:00:00+00:00,2026-02-22 22:15:00+00:00,-6.7,6.7,-1,1.98,target,False,5-10,2026
USD_JPY,2026-02-20 21:55:00+00:00,2026-02-22 22:00:00+00:00,2026-02-22 23:45:00+00:00,-15.1,15.1,-1,-52.55,stop,False,10-20,2026
AUD_JPY,2026-02-20 21:55:00+00:00,2026-02-22 22:00:00+00:00,2026-02-23 01:00:00+00:00,-18.9,18.9,-1,-53.15,stop,False,10-20,2026
CAD_JPY,2026-02-20 21:55:00+00:00,2026-02-22 22:00:00+00:00,2026-02-23 01:00:00+00:00,-7.8,7.8,-1,-53.45,stop,False,5-10,2026
USD_JPY,2026-02-27 21:55:00+00:00,2026-03-01 22:00:00+00:00,2026-03-01 23:50:00+00:00,8.8,8.8,1,-52.55,stop,False,5-10,2026
CHF_JPY,2026-02-27 21:55:00+00:00,2026-03-01 22:00:00+00:00,2026-03-02 05:55:00+00:00,51.1,51.1,1,-55.25,stop,False,50+,2026
EUR_GBP,2026-02-27 21:55:00+00:00,2026-03-01 22:00:00+00:00,2026-03-02 01:05:00+00:00,13.6,13.6,1,10.14,target,False,10-20,2026
EUR_USD,2026-02-27 21:55:00+00:00,2026-03-01 22:00:00+00:00,2026-03-02 07:15:00+00:00,-48.7,48.7,-1,-52.4,stop,False,20-50,2026
NZD_USD,2026-02-27 21:55:00+00:00,2026-03-01 22:00:00+00:00,2026-03-02 03:20:00+00:00,-44.0,44.0,-1,37.35,target,False,20-50,2026
NZD_USD,2026-03-06 21:55:00+00:00,2026-03-08 21:00:00+00:00,2026-03-09 08:05:00+00:00,-34.0,34.0,-1,28.35,target,False,20-50,2026
AUD_USD,2026-03-06 21:55:00+00:00,2026-03-08 21:00:00+00:00,2026-03-09 09:30:00+00:00,-43.9,43.9,-1,37.56,target,False,20-50,2026
NZD_JPY,2026-03-06 21:55:00+00:00,2026-03-08 21:00:00+00:00,2026-03-09 02:05:00+00:00,-37.8,37.8,-1,29.97,target,False,20-50,2026
AUD_JPY,2026-03-06 21:55:00+00:00,2026-03-08 21:00:00+00:00,2026-03-09 02:45:00+00:00,-49.9,49.9,-1,41.76,target,False,20-50,2026
CAD_JPY,2026-03-06 21:55:00+00:00,2026-03-08 21:00:00+00:00,2026-03-08 22:05:00+00:00,-11.3,11.3,-1,6.72,target,False,10-20,2026
USD_JPY,2026-03-06 21:55:00+00:00,2026-03-08 21:00:00+00:00,2026-03-09 00:45:00+00:00,27.2,27.2,1,-52.55,stop,False,20-50,2026
CHF_JPY,2026-03-06 21:55:00+00:00,2026-03-08 21:00:00+00:00,2026-03-09 03:30:00+00:00,-58.9,58.9,-1,47.76,target,False,50+,2026
AUD_USD,2026-03-13 20:55:00+00:00,2026-03-15 21:00:00+00:00,2026-03-16 10:25:00+00:00,11.4,11.4,1,-51.95,stop,False,10-20,2026
NZD_USD,2026-03-13 20:55:00+00:00,2026-03-15 21:00:00+00:00,2026-03-16 11:10:00+00:00,15.5,15.5,1,-52.25,stop,False,10-20,2026
GBP_USD,2026-03-13 20:55:00+00:00,2026-03-15 21:00:00+00:00,2026-03-15 22:15:00+00:00,19.2,19.2,1,14.43,target,False,10-20,2026
NZD_JPY,2026-03-13 20:55:00+00:00,2026-03-15 21:00:00+00:00,2026-03-16 10:25:00+00:00,15.8,15.8,1,-54.05,stop,False,10-20,2026
EUR_GBP,2026-03-13 20:55:00+00:00,2026-03-15 21:00:00+00:00,2026-03-15 21:25:00+00:00,-6.8,6.8,-1,4.02,target,False,5-10,2026
CAD_JPY,2026-03-13 20:55:00+00:00,2026-03-15 21:00:00+00:00,2026-03-15 22:05:00+00:00,-16.4,16.4,-1,11.31,target,False,10-20,2026
AUD_JPY,2026-03-13 20:55:00+00:00,2026-03-15 21:00:00+00:00,2026-03-16 10:20:00+00:00,6.7,6.7,1,-53.15,stop,False,5-10,2026
GBP_JPY,2026-03-13 20:55:00+00:00,2026-03-15 21:00:00+00:00,2026-03-15 21:25:00+00:00,9.3,9.3,1,3.42,target,False,5-10,2026
USD_JPY,2026-03-13 20:55:00+00:00,2026-03-15 21:00:00+00:00,2026-03-15 22:05:00+00:00,-16.7,16.7,-1,12.48,target,False,10-20,2026
CHF_JPY,2026-03-13 20:55:00+00:00,2026-03-15 21:00:00+00:00,2026-03-15 21:25:00+00:00,16.4,16.4,1,9.51,target,False,10-20,2026
AUD_USD,2026-03-20 20:55:00+00:00,2026-03-22 21:00:00+00:00,2026-03-23 06:40:00+00:00,-17.4,17.4,-1,-51.95,stop,False,10-20,2026
GBP_USD,2026-03-20 20:55:00+00:00,2026-03-22 21:00:00+00:00,2026-03-23 00:10:00+00:00,-27.0,27.0,-1,21.45,target,False,20-50,2026
EUR_USD,2026-03-20 20:55:00+00:00,2026-03-22 21:00:00+00:00,2026-03-23 10:05:00+00:00,-33.3,33.3,-1,-52.4,stop,False,20-50,2026
EUR_GBP,2026-03-20 20:55:00+00:00,2026-03-22 21:00:00+00:00,2026-03-22 21:30:00+00:00,-7.2,7.2,-1,4.38,target,False,5-10,2026
NZD_JPY,2026-03-20 20:55:00+00:00,2026-03-22 21:00:00+00:00,2026-03-22 22:10:00+00:00,-14.6,14.6,-1,9.09,target,False,10-20,2026
AUD_JPY,2026-03-20 20:55:00+00:00,2026-03-22 21:00:00+00:00,2026-03-23 06:05:00+00:00,-32.2,32.2,-1,-53.15,stop,False,20-50,2026
GBP_JPY,2026-03-20 20:55:00+00:00,2026-03-22 21:00:00+00:00,2026-03-23 00:55:00+00:00,-28.2,28.2,-1,20.43,target,False,20-50,2026
EUR_JPY,2026-03-20 20:55:00+00:00,2026-03-22 21:00:00+00:00,2026-03-22 22:05:00+00:00,-39.9,39.9,-1,32.46,target,False,20-50,2026
USD_JPY,2026-03-20 20:55:00+00:00,2026-03-22 21:00:00+00:00,2026-03-22 21:40:00+00:00,11.8,11.8,1,8.07,target,False,10-20,2026
CAD_JPY,2026-03-20 20:55:00+00:00,2026-03-22 21:00:00+00:00,2026-03-22 21:40:00+00:00,13.0,13.0,1,8.25,target,False,10-20,2026
EUR_USD,2026-03-27 20:55:00+00:00,2026-03-29 21:00:00+00:00,2026-03-30 00:25:00+00:00,-8.5,8.5,-1,5.25,target,False,5-10,2026
USD_JPY,2026-03-27 20:55:00+00:00,2026-03-29 21:00:00+00:00,2026-03-29 21:35:00+00:00,-11.8,11.8,-1,8.07,target,False,10-20,2026
EUR_JPY,2026-03-27 20:55:00+00:00,2026-03-29 21:00:00+00:00,2026-03-29 21:40:00+00:00,-24.7,24.7,-1,18.78,target,False,20-50,2026
GBP_JPY,2026-03-27 20:55:00+00:00,2026-03-29 21:00:00+00:00,2026-03-29 21:10:00+00:00,-16.6,16.6,-1,9.99,target,False,10-20,2026
AUD_JPY,2026-03-27 20:55:00+00:00,2026-03-29 21:00:00+00:00,2026-03-30 07:25:00+00:00,-19.4,19.4,-1,-53.15,stop,False,10-20,2026
EUR_GBP,2026-03-27 20:55:00+00:00,2026-03-29 21:00:00+00:00,2026-03-29 22:00:00+00:00,-5.2,5.2,-1,2.58,target,False,5-10,2026
AUD_USD,2026-03-27 20:55:00+00:00,2026-03-29 21:00:00+00:00,2026-03-30 04:25:00+00:00,-7.2,7.2,-1,4.53,target,False,5-10,2026
EUR_GBP,2026-04-03 20:55:00+00:00,2026-04-05 21:00:00+00:00,2026-04-06 00:55:00+00:00,13.3,13.3,1,9.87,target,False,10-20,2026
CAD_JPY,2026-04-03 20:55:00+00:00,2026-04-05 21:00:00+00:00,2026-04-05 21:15:00+00:00,8.7,8.7,1,4.38,target,False,5-10,2026
AUD_USD,2026-04-03 20:55:00+00:00,2026-04-05 21:00:00+00:00,2026-04-06 00:20:00+00:00,-6.8,6.8,-1,4.17,target,False,5-10,2026
GBP_JPY,2026-04-03 20:55:00+00:00,2026-04-05 21:00:00+00:00,2026-04-05 21:40:00+00:00,-19.4,19.4,-1,12.51,target,False,10-20,2026
EUR_JPY,2026-04-03 20:50:00+00:00,2026-04-05 21:00:00+00:00,2026-04-05 21:15:00+00:00,22.6,22.6,1,16.89,target,False,20-50,2026
AUD_JPY,2026-04-03 20:55:00+00:00,2026-04-05 21:00:00+00:00,2026-04-06 00:00:00+00:00,-11.2,11.2,-1,6.93,target,False,10-20,2026
GBP_USD,2026-04-03 20:55:00+00:00,2026-04-05 21:00:00+00:00,2026-04-06 00:40:00+00:00,-6.0,6.0,-1,2.55,target,False,5-10,2026
