pair,mw,mt,sig_thr,sma,n_consec,dist_min_m,dist_max_m,tp_frac,sl_frac,atr_mult,is_pd,is_wr,is_n,wf1,wf2,wf3,wf_pass,oos_pd,oos_wr,oos_n,mc_p
EUR_USD,5,0.002,-999.0,14,2,3.0,5.0,0.5,1.5,1.0,0.01,0.72,758,-0.11,0.22,-0.08,False,-0.54,0.642,254,
EUR_USD,5,0.002,-999.0,14,2,3.0,5.0,0.6,1.5,1.0,0.05,0.688,757,-0.01,0.29,-0.13,False,-0.58,0.602,254,
EUR_USD,5,0.002,-999.0,14,2,3.0,5.0,0.7,1.5,1.0,0.05,0.658,757,-0.04,0.31,-0.12,False,-0.58,0.575,254,
EUR_USD,5,0.002,-999.0,14,2,3.0,5.0,0.8,1.5,1.0,0.05,0.628,756,-0.01,0.32,-0.18,False,-0.63,0.54,252,
EUR_USD,5,0.002,-999.0,14,2,3.0,5.0,0.8,2.0,1.0,0.01,0.666,754,-0.08,0.22,-0.11,False,-0.68,0.583,252,
EUR_USD,5,0.002,-999.0,14,2,3.0,5.0,0.8,2.5,1.0,0.01,0.686,752,-0.18,0.43,-0.23,False,-0.74,0.595,252,
EUR_USD,5,0.002,-999.0,14,2,4.0,5.0,0.4,1.5,0.5,0.02,0.746,894,0.27,0.2,-0.42,False,-0.74,0.653,320,
EUR_USD,5,0.002,-999.0,14,2,4.0,5.0,0.4,1.5,1.0,0.04,0.77,413,0.23,0.14,-0.24,False,-0.3,0.674,135,
EUR_USD,5,0.002,-999.0,14,2,4.0,5.0,0.4,2.5,1.0,0.01,0.804,413,0.36,0.05,-0.39,False,-0.51,0.696,135,
EUR_USD,5,0.002,-999.0,14,2,4.0,5.0,0.5,1.5,0.5,0.16,0.714,893,0.33,0.39,-0.25,False,-0.81,0.602,319,
EUR_USD,5,0.002,-999.0,14,2,4.0,5.0,0.5,1.5,1.0,0.15,0.751,413,0.3,0.23,-0.06,False,-0.37,0.615,135,
EUR_USD,5,0.002,-999.0,14,2,4.0,5.0,0.5,2.0,0.5,0.14,0.736,890,0.4,0.39,-0.38,False,-0.89,0.625,317,
EUR_USD,5,0.002,-999.0,14,2,4.0,5.0,0.5,2.0,1.0,0.12,0.77,413,0.41,0.15,-0.22,False,-0.44,0.637,135,
EUR_USD,5,0.002,-999.0,14,2,4.0,5.0,0.5,2.5,0.5,0.05,0.743,890,0.35,0.31,-0.52,False,-0.95,0.64,317,
EUR_USD,5,0.002,-999.0,14,2,4.0,5.0,0.5,2.5,1.0,0.09,0.78,413,0.38,0.14,-0.26,False,-0.58,0.637,135,
EUR_USD,5,0.002,-999.0,14,2,4.0,5.0,0.6,1.5,0.5,0.14,0.673,890,0.35,0.31,-0.23,False,-0.79,0.577,319,
EUR_USD,5,0.002,-999.0,14,2,4.0,5.0,0.6,1.5,1.0,0.19,0.719,413,0.37,0.27,-0.06,False,-0.43,0.57,135,
EUR_USD,5,0.002,-999.0,14,2,4.0,5.0,0.6,2.0,0.5,0.1,0.694,887,0.42,0.27,-0.4,False,-0.83,0.603,317,
EUR_USD,5,0.002,-999.0,14,2,4.0,5.0,0.6,2.0,1.0,0.14,0.738,413,0.48,0.19,-0.24,False,-0.45,0.607,135,
EUR_USD,5,0.002,-999.0,14,2,4.0,5.0,0.6,2.5,1.0,0.1,0.748,413,0.43,0.16,-0.3,False,-0.57,0.607,135,
EUR_USD,5,0.002,-999.0,14,2,4.0,5.0,0.7,1.5,0.5,0.06,0.632,888,0.18,0.35,-0.36,False,-0.78,0.549,319,
EUR_USD,5,0.002,-999.0,14,2,4.0,5.0,0.7,1.5,1.0,0.16,0.68,413,0.31,0.28,-0.13,False,-0.44,0.548,135,
EUR_USD,5,0.002,-999.0,14,2,4.0,5.0,0.7,2.0,0.5,0.06,0.66,885,0.29,0.38,-0.48,False,-0.83,0.574,317,
EUR_USD,5,0.002,-999.0,14,2,4.0,5.0,0.7,2.0,1.0,0.15,0.712,413,0.46,0.23,-0.26,False,-0.46,0.585,135,
EUR_USD,5,0.002,-999.0,14,2,4.0,5.0,0.7,2.5,1.0,0.11,0.722,413,0.42,0.24,-0.32,False,-0.54,0.593,135,
EUR_USD,5,0.002,-999.0,14,2,4.0,5.0,0.8,1.5,0.5,0.08,0.605,886,0.22,0.51,-0.51,False,-0.8,0.524,319,
EUR_USD,5,0.002,-999.0,14,2,4.0,5.0,0.8,1.5,1.0,0.15,0.649,413,0.32,0.3,-0.18,False,-0.45,0.519,135,
EUR_USD,5,0.002,-999.0,14,2,4.0,5.0,0.8,2.0,0.5,0.11,0.638,883,0.34,0.54,-0.54,False,-0.83,0.552,317,
EUR_USD,5,0.002,-999.0,14,2,4.0,5.0,0.8,2.0,1.0,0.16,0.688,413,0.49,0.24,-0.26,False,-0.47,0.556,135,
EUR_USD,5,0.002,-999.0,14,2,4.0,5.0,0.8,2.5,0.5,0.05,0.647,883,0.27,0.49,-0.63,False,-0.74,0.577,317,
EUR_USD,5,0.002,-999.0,14,2,4.0,5.0,0.8,2.5,1.0,0.14,0.7,413,0.42,0.28,-0.27,False,-0.56,0.563,135,
EUR_USD,5,0.002,-999.0,20,2,4.0,5.0,0.3,1.5,1.0,0.04,0.831,307,0.19,-0.05,-0.01,False,-0.05,0.802,86,
EUR_USD,5,0.002,-999.0,20,2,4.0,5.0,0.4,1.5,1.0,0.07,0.788,307,0.22,-0.04,0.03,False,-0.02,0.767,86,
EUR_USD,5,0.002,-999.0,20,2,4.0,5.0,0.4,2.0,1.0,0.02,0.801,307,0.19,-0.12,-0.0,False,-0.05,0.767,86,
EUR_USD,5,0.002,-999.0,20,2,4.0,5.0,0.5,1.5,1.0,0.1,0.749,307,0.32,-0.12,0.09,False,0.04,0.744,86,
EUR_USD,5,0.002,-999.0,20,2,4.0,5.0,0.5,2.0,1.0,0.05,0.765,307,0.31,-0.21,0.04,False,-0.0,0.744,86,
EUR_USD,5,0.002,-999.0,20,2,4.0,5.0,0.5,2.5,1.0,0.04,0.775,307,0.21,-0.09,-0.01,False,-0.08,0.744,86,
EUR_USD,5,0.002,-999.0,20,2,4.0,5.0,0.6,1.5,1.0,0.11,0.71,307,0.36,-0.06,0.03,False,-0.03,0.674,86,
EUR_USD,5,0.002,-999.0,20,2,4.0,5.0,0.6,2.0,1.0,0.08,0.73,307,0.38,-0.18,0.05,False,-0.08,0.674,86,
EUR_USD,5,0.002,-999.0,20,2,4.0,5.0,0.6,2.5,1.0,0.06,0.736,307,0.28,-0.09,-0.01,False,-0.17,0.674,86,
EUR_USD,5,0.002,-999.0,20,2,4.0,5.0,0.7,1.5,1.0,0.05,0.655,307,0.35,-0.03,-0.18,False,-0.03,0.64,86,
EUR_USD,5,0.002,-999.0,20,2,4.0,5.0,0.8,1.5,1.0,0.07,0.634,306,0.38,-0.1,-0.08,False,-0.12,0.581,86,
EUR_USD,5,0.002,-999.0,20,2,4.0,5.0,0.8,2.0,1.0,0.02,0.654,306,0.38,-0.24,-0.09,False,-0.08,0.605,86,
EUR_USD,5,0.002,-999.0,20,4,4.0,5.0,0.5,1.5,1.0,0.01,0.703,202,0.11,-0.05,-0.04,False,-0.04,0.683,60,
EUR_USD,5,0.002,-999.0,20,4,4.0,5.0,0.6,1.5,1.0,0.01,0.663,202,0.08,-0.03,-0.03,False,-0.12,0.567,60,
EUR_USD,5,0.002,-999.0,20,4,4.0,5.0,0.7,1.5,1.0,0.01,0.629,202,0.01,-0.02,0.03,False,-0.12,0.533,60,
EUR_USD,5,0.002,-999.0,20,4,4.0,5.0,0.8,1.5,1.0,0.01,0.599,202,-0.0,-0.03,0.05,False,-0.16,0.483,60,
EUR_USD,5,0.002,-999.0,20,4,4.0,5.0,0.8,2.0,1.0,0.01,0.619,202,-0.07,-0.04,0.14,False,-0.18,0.483,60,
EUR_USD,5,0.002,0.0,14,2,3.0,5.0,0.5,1.5,1.0,0.02,0.718,362,0.02,0.11,-0.07,False,-0.38,0.612,134,
EUR_USD,5,0.002,0.0,14,2,3.0,5.0,0.6,1.5,1.0,0.04,0.685,362,0.03,0.12,-0.04,False,-0.41,0.575,134,
EUR_USD,5,0.002,0.0,14,2,3.0,5.0,0.7,1.5,1.0,0.07,0.663,362,0.01,0.18,0.02,True,-0.4,0.545,134,0.228
EUR_USD,5,0.002,0.0,14,2,3.0,5.0,0.8,1.5,1.0,0.06,0.632,361,0.07,0.17,-0.07,False,-0.43,0.507,134,
EUR_USD,5,0.002,0.0,14,2,3.0,5.0,0.8,2.0,1.0,0.04,0.665,361,0.09,0.14,-0.12,False,-0.41,0.575,134,
EUR_USD,5,0.002,0.0,14,2,3.0,5.0,0.8,2.5,1.0,0.05,0.684,361,-0.02,0.35,-0.18,False,-0.5,0.582,134,
EUR_USD,5,0.002,0.0,14,2,4.0,5.0,0.4,1.5,0.5,-0.1,0.711,384,-0.1,0.2,-0.4,False,-0.37,0.657,166,
EUR_USD,5,0.002,0.0,14,2,4.0,5.0,0.4,1.5,1.0,0.02,0.77,183,0.16,0.1,-0.19,False,-0.16,0.686,70,
EUR_USD,5,0.002,0.0,14,2,4.0,5.0,0.4,2.5,1.0,-0.03,0.787,183,0.12,0.11,-0.33,False,-0.31,0.714,70,
EUR_USD,5,0.002,0.0,14,2,4.0,5.0,0.5,1.5,0.5,-0.07,0.674,383,-0.14,0.25,-0.34,False,-0.37,0.612,165,
EUR_USD,5,0.002,0.0,14,2,4.0,5.0,0.5,1.5,1.0,0.05,0.738,183,0.11,0.15,-0.11,False,-0.18,0.629,70,
EUR_USD,5,0.002,0.0,14,2,4.0,5.0,0.5,2.0,0.5,-0.09,0.697,380,-0.17,0.27,-0.37,False,-0.48,0.632,163,
EUR_USD,5,0.002,0.0,14,2,4.0,5.0,0.5,2.0,1.0,0.01,0.749,183,0.13,0.13,-0.22,False,-0.24,0.657,70,
EUR_USD,5,0.002,0.0,14,2,4.0,5.0,0.5,2.5,0.5,-0.11,0.708,380,-0.15,0.27,-0.46,False,-0.5,0.656,163,
EUR_USD,5,0.002,0.0,14,2,4.0,5.0,0.5,2.5,1.0,0.01,0.76,183,0.11,0.16,-0.24,False,-0.34,0.657,70,
EUR_USD,5,0.002,0.0,14,2,4.0,5.0,0.6,1.5,0.5,-0.07,0.64,381,-0.07,0.15,-0.3,False,-0.38,0.582,165,
EUR_USD,5,0.002,0.0,14,2,4.0,5.0,0.6,1.5,1.0,0.07,0.71,183,0.16,0.14,-0.08,False,-0.21,0.586,70,
EUR_USD,5,0.002,0.0,14,2,4.0,5.0,0.6,2.0,0.5,-0.11,0.661,378,-0.11,0.11,-0.34,False,-0.45,0.607,163,
EUR_USD,5,0.002,0.0,14,2,4.0,5.0,0.6,2.0,1.0,0.03,0.721,183,0.18,0.11,-0.19,False,-0.22,0.629,70,
EUR_USD,5,0.002,0.0,14,2,4.0,5.0,0.6,2.5,1.0,0.02,0.732,183,0.16,0.13,-0.22,False,-0.32,0.629,70,
EUR_USD,5,0.002,0.0,14,2,4.0,5.0,0.7,1.5,0.5,-0.08,0.611,380,-0.19,0.25,-0.3,False,-0.43,0.545,165,
EUR_USD,5,0.002,0.0,14,2,4.0,5.0,0.7,1.5,1.0,0.08,0.683,183,0.11,0.19,-0.06,False,-0.23,0.557,70,
EUR_USD,5,0.002,0.0,14,2,4.0,5.0,0.7,2.0,0.5,-0.09,0.639,377,-0.18,0.21,-0.31,False,-0.5,0.571,163,
EUR_USD,5,0.002,0.0,14,2,4.0,5.0,0.7,2.0,1.0,0.07,0.71,183,0.19,0.17,-0.15,False,-0.24,0.6,70,
EUR_USD,5,0.002,0.0,14,2,4.0,5.0,0.7,2.5,1.0,0.06,0.721,183,0.17,0.19,-0.18,False,-0.35,0.6,70,
EUR_USD,5,0.002,0.0,14,2,4.0,5.0,0.8,1.5,0.5,-0.12,0.576,380,-0.17,0.33,-0.52,False,-0.45,0.515,165,
EUR_USD,5,0.002,0.0,14,2,4.0,5.0,0.8,1.5,1.0,0.05,0.645,183,0.14,0.21,-0.19,False,-0.24,0.514,70,
EUR_USD,5,0.002,0.0,14,2,4.0,5.0,0.8,2.0,0.5,-0.11,0.613,377,-0.17,0.27,-0.42,False,-0.54,0.54,163,
EUR_USD,5,0.002,0.0,14,2,4.0,5.0,0.8,2.0,1.0,0.06,0.683,183,0.22,0.17,-0.22,False,-0.26,0.557,70,
EUR_USD,5,0.002,0.0,14,2,4.0,5.0,0.8,2.5,0.5,-0.11,0.626,377,-0.13,0.29,-0.49,False,-0.47,0.577,163,
EUR_USD,5,0.002,0.0,14,2,4.0,5.0,0.8,2.5,1.0,0.08,0.699,183,0.18,0.25,-0.2,False,-0.37,0.557,70,
EUR_USD,5,0.002,0.0,20,2,4.0,5.0,0.3,1.5,1.0,0.01,0.828,134,-0.01,0.05,-0.01,False,-0.1,0.737,38,
EUR_USD,5,0.002,0.0,20,2,4.0,5.0,0.4,1.5,1.0,0.0,0.776,134,-0.02,0.03,-0.01,False,-0.09,0.684,38,
EUR_USD,5,0.002,0.0,20,2,4.0,5.0,0.4,2.0,1.0,0.01,0.806,134,0.02,0.0,0.0,True,-0.12,0.684,38,0.468
EUR_USD,5,0.002,0.0,20,2,4.0,5.0,0.5,1.5,1.0,-0.03,0.716,134,0.0,-0.04,-0.04,False,-0.06,0.658,38,
EUR_USD,5,0.002,0.0,20,2,4.0,5.0,0.5,2.0,1.0,-0.01,0.754,134,0.07,-0.05,-0.05,False,-0.09,0.658,38,
EUR_USD,5,0.002,0.0,20,2,4.0,5.0,0.5,2.5,1.0,-0.03,0.769,134,0.01,0.0,-0.09,False,-0.14,0.658,38,
EUR_USD,5,0.002,0.0,20,2,4.0,5.0,0.6,1.5,1.0,-0.05,0.664,134,-0.02,-0.01,-0.12,False,-0.14,0.553,38,
EUR_USD,5,0.002,0.0,20,2,4.0,5.0,0.6,2.0,1.0,-0.01,0.709,134,0.07,-0.05,-0.06,False,-0.18,0.553,38,
EUR_USD,5,0.002,0.0,20,2,4.0,5.0,0.6,2.5,1.0,-0.02,0.724,134,0.02,0.01,-0.1,False,-0.24,0.553,38,
EUR_USD,5,0.002,0.0,20,2,4.0,5.0,0.7,1.5,1.0,-0.05,0.627,134,0.02,-0.01,-0.16,False,-0.16,0.5,38,
EUR_USD,5,0.002,0.0,20,2,4.0,5.0,0.8,1.5,1.0,-0.01,0.627,134,0.05,0.03,-0.1,False,-0.13,0.5,38,
EUR_USD,5,0.002,0.0,20,2,4.0,5.0,0.8,2.0,1.0,0.03,0.672,134,0.16,-0.02,-0.04,False,-0.15,0.5,38,
EUR_USD,5,0.002,0.0,20,4,4.0,5.0,0.5,1.5,1.0,-0.02,0.663,92,-0.07,-0.0,0.02,False,-0.04,0.667,30,
EUR_USD,5,0.002,0.0,20,4,4.0,5.0,0.6,1.5,1.0,-0.04,0.609,92,-0.1,-0.01,-0.01,False,-0.11,0.533,30,
EUR_USD,5,0.002,0.0,20,4,4.0,5.0,0.7,1.5,1.0,-0.03,0.576,92,-0.08,-0.02,-0.01,False,-0.09,0.533,30,
EUR_USD,5,0.002,0.0,20,4,4.0,5.0,0.8,1.5,1.0,-0.03,0.565,92,-0.07,-0.0,-0.02,False,-0.09,0.533,30,
EUR_USD,5,0.002,0.0,20,4,4.0,5.0,0.8,2.0,1.0,-0.01,0.598,92,-0.12,-0.03,0.13,False,-0.11,0.533,30,
EUR_USD,5,0.002,0.05,14,2,3.0,5.0,0.5,1.5,1.0,0.01,0.717,350,-0.0,0.13,-0.09,False,-0.3,0.619,113,
EUR_USD,5,0.002,0.05,14,2,3.0,5.0,0.6,1.5,1.0,0.03,0.683,350,0.01,0.14,-0.07,False,-0.33,0.575,113,
EUR_USD,5,0.002,0.05,14,2,3.0,5.0,0.7,1.5,1.0,0.06,0.66,350,-0.02,0.2,-0.02,False,-0.29,0.566,113,
EUR_USD,5,0.002,0.05,14,2,3.0,5.0,0.8,1.5,1.0,0.04,0.628,349,0.04,0.18,-0.11,False,-0.3,0.531,113,
EUR_USD,5,0.002,0.05,14,2,3.0,5.0,0.8,2.0,1.0,0.02,0.662,349,0.07,0.16,-0.16,False,-0.25,0.602,113,
EUR_USD,5,0.002,0.05,14,2,3.0,5.0,0.8,2.5,1.0,0.04,0.682,349,-0.04,0.37,-0.21,False,-0.31,0.611,113,
EUR_USD,5,0.002,0.05,14,2,4.0,5.0,0.4,1.5,0.5,-0.08,0.714,364,-0.11,0.21,-0.33,False,-0.24,0.679,140,
EUR_USD,5,0.002,0.05,14,2,4.0,5.0,0.4,1.5,1.0,0.02,0.771,175,0.15,0.12,-0.22,False,-0.07,0.733,60,
EUR_USD,5,0.002,0.05,14,2,4.0,5.0,0.4,2.5,1.0,-0.03,0.789,175,0.12,0.13,-0.35,False,-0.15,0.767,60,
EUR_USD,5,0.002,0.05,14,2,4.0,5.0,0.5,1.5,0.5,-0.05,0.678,363,-0.16,0.26,-0.25,False,-0.26,0.626,139,
EUR_USD,5,0.002,0.05,14,2,4.0,5.0,0.5,1.5,1.0,0.04,0.737,175,0.1,0.17,-0.15,False,-0.09,0.667,60,
EUR_USD,5,0.002,0.05,14,2,4.0,5.0,0.5,2.0,0.5,-0.07,0.701,361,-0.19,0.28,-0.3,False,-0.32,0.65,137,
EUR_USD,5,0.002,0.05,14,2,4.0,5.0,0.5,2.0,1.0,0.0,0.749,175,0.12,0.15,-0.25,False,-0.12,0.7,60,
EUR_USD,5,0.002,0.05,14,2,4.0,5.0,0.5,2.5,0.5,-0.09,0.712,361,-0.16,0.28,-0.38,False,-0.33,0.672,137,
EUR_USD,5,0.002,0.05,14,2,4.0,5.0,0.5,2.5,1.0,-0.0,0.76,175,0.1,0.18,-0.28,False,-0.18,0.7,60,
EUR_USD,5,0.002,0.05,14,2,4.0,5.0,0.6,1.5,0.5,-0.05,0.643,361,-0.09,0.16,-0.22,False,-0.27,0.597,139,
EUR_USD,5,0.002,0.05,14,2,4.0,5.0,0.6,1.5,1.0,0.06,0.709,175,0.15,0.16,-0.11,False,-0.13,0.617,60,
EUR_USD,5,0.002,0.05,14,2,4.0,5.0,0.6,2.0,0.5,-0.1,0.663,359,-0.13,0.11,-0.28,False,-0.28,0.628,137,
EUR_USD,5,0.002,0.05,14,2,4.0,5.0,0.6,2.0,1.0,0.02,0.72,175,0.17,0.13,-0.23,False,-0.11,0.667,60,
EUR_USD,5,0.002,0.05,14,2,4.0,5.0,0.6,2.5,1.0,0.01,0.731,175,0.15,0.15,-0.26,False,-0.18,0.667,60,
EUR_USD,5,0.002,0.05,14,2,4.0,5.0,0.7,1.5,0.5,-0.06,0.611,360,-0.21,0.26,-0.23,False,-0.31,0.561,139,
EUR_USD,5,0.002,0.05,14,2,4.0,5.0,0.7,1.5,1.0,0.07,0.68,175,0.1,0.21,-0.1,False,-0.12,0.6,60,
EUR_USD,5,0.002,0.05,14,2,4.0,5.0,0.7,2.0,0.5,-0.08,0.64,358,-0.2,0.21,-0.26,False,-0.32,0.591,137,
EUR_USD,5,0.002,0.05,14,2,4.0,5.0,0.7,2.0,1.0,0.06,0.709,175,0.18,0.19,-0.19,False,-0.09,0.65,60,
EUR_USD,5,0.002,0.05,14,2,4.0,5.0,0.7,2.5,1.0,0.05,0.72,175,0.15,0.21,-0.22,False,-0.16,0.65,60,
EUR_USD,5,0.002,0.05,14,2,4.0,5.0,0.8,1.5,0.5,-0.11,0.575,360,-0.19,0.33,-0.46,False,-0.34,0.525,139,
EUR_USD,5,0.002,0.05,14,2,4.0,5.0,0.8,1.5,1.0,0.04,0.64,175,0.13,0.23,-0.24,False,-0.14,0.55,60,
EUR_USD,5,0.002,0.05,14,2,4.0,5.0,0.8,2.0,0.5,-0.1,0.612,358,-0.19,0.28,-0.39,False,-0.36,0.555,137,
EUR_USD,5,0.002,0.05,14,2,4.0,5.0,0.8,2.0,1.0,0.04,0.68,175,0.2,0.19,-0.27,False,-0.12,0.6,60,
EUR_USD,5,0.002,0.05,14,2,4.0,5.0,0.8,2.5,0.5,-0.1,0.626,358,-0.15,0.29,-0.45,False,-0.28,0.591,137,
EUR_USD,5,0.002,0.05,14,2,4.0,5.0,0.8,2.5,1.0,0.06,0.697,175,0.17,0.27,-0.25,False,-0.19,0.6,60,
EUR_USD,5,0.002,0.05,20,2,4.0,5.0,0.3,1.5,1.0,0.01,0.829,129,-0.01,0.05,-0.0,False,-0.07,0.765,34,
EUR_USD,5,0.002,0.05,20,2,4.0,5.0,0.4,1.5,1.0,-0.0,0.775,129,-0.03,0.03,-0.01,False,-0.06,0.706,34,
EUR_USD,5,0.002,0.05,20,2,4.0,5.0,0.4,2.0,1.0,0.01,0.806,129,0.01,0.0,0.01,True,-0.08,0.706,34,0.444
EUR_USD,5,0.002,0.05,20,2,4.0,5.0,0.5,1.5,1.0,-0.03,0.713,129,-0.01,-0.04,-0.04,False,-0.03,0.676,34,
EUR_USD,5,0.002,0.05,20,2,4.0,5.0,0.5,2.0,1.0,-0.01,0.752,129,0.06,-0.05,-0.04,False,-0.05,0.676,34,
EUR_USD,5,0.002,0.05,20,2,4.0,5.0,0.5,2.5,1.0,-0.02,0.767,129,0.0,0.0,-0.07,False,-0.09,0.676,34,
EUR_USD,5,0.002,0.05,20,2,4.0,5.0,0.6,1.5,1.0,-0.05,0.659,129,-0.03,-0.01,-0.12,False,-0.12,0.559,34,
EUR_USD,5,0.002,0.05,20,2,4.0,5.0,0.6,2.0,1.0,-0.01,0.705,129,0.06,-0.05,-0.05,False,-0.15,0.559,34,
EUR_USD,5,0.002,0.05,20,2,4.0,5.0,0.6,2.5,1.0,-0.02,0.721,129,0.01,0.01,-0.09,False,-0.19,0.559,34,
EUR_USD,5,0.002,0.05,20,2,4.0,5.0,0.7,1.5,1.0,-0.04,0.636,129,0.01,-0.01,-0.12,False,-0.14,0.5,34,
EUR_USD,5,0.002,0.05,20,2,4.0,5.0,0.8,1.5,1.0,0.0,0.636,129,0.04,0.03,-0.07,False,-0.11,0.5,34,
EUR_USD,5,0.002,0.05,20,2,4.0,5.0,0.8,2.0,1.0,0.04,0.682,129,0.15,-0.02,0.01,False,-0.12,0.5,34,
EUR_USD,5,0.002,0.05,20,4,4.0,5.0,0.5,1.5,1.0,-0.01,0.67,88,-0.07,-0.0,0.03,False,-0.03,0.69,29,
EUR_USD,5,0.002,0.05,20,4,4.0,5.0,0.6,1.5,1.0,-0.03,0.614,88,-0.09,-0.01,0.01,False,-0.09,0.552,29,
EUR_USD,5,0.002,0.05,20,4,4.0,5.0,0.7,1.5,1.0,-0.03,0.58,88,-0.08,-0.02,0.01,False,-0.07,0.552,29,
EUR_USD,5,0.002,0.05,20,4,4.0,5.0,0.8,1.5,1.0,-0.02,0.568,88,-0.06,-0.0,-0.01,False,-0.07,0.552,29,
EUR_USD,5,0.002,0.05,20,4,4.0,5.0,0.8,2.0,1.0,0.0,0.602,88,-0.11,-0.03,0.15,False,-0.1,0.552,29,
EUR_USD,5,0.002,0.1,14,2,3.0,5.0,0.5,1.5,1.0,0.01,0.719,320,-0.01,0.12,-0.07,False,-0.25,0.636,107,
EUR_USD,5,0.002,0.1,14,2,3.0,5.0,0.6,1.5,1.0,0.03,0.688,320,-0.0,0.17,-0.07,False,-0.28,0.589,107,
EUR_USD,5,0.002,0.1,14,2,3.0,5.0,0.7,1.5,1.0,0.06,0.666,320,0.0,0.23,-0.04,False,-0.25,0.579,107,
EUR_USD,5,0.002,0.1,14,2,3.0,5.0,0.8,1.5,1.0,0.05,0.633,319,0.09,0.21,-0.15,False,-0.26,0.542,107,
EUR_USD,5,0.002,0.1,14,2,3.0,5.0,0.8,2.0,1.0,0.02,0.661,319,0.1,0.2,-0.24,False,-0.19,0.617,107,
EUR_USD,5,0.002,0.1,14,2,3.0,5.0,0.8,2.5,1.0,0.03,0.68,319,-0.01,0.38,-0.27,False,-0.23,0.626,107,
EUR_USD,5,0.002,0.1,14,2,4.0,5.0,0.4,1.5,0.5,-0.07,0.718,340,-0.14,0.19,-0.27,False,-0.22,0.681,135,
EUR_USD,5,0.002,0.1,14,2,4.0,5.0,0.4,1.5,1.0,0.01,0.768,164,0.13,0.11,-0.21,False,-0.04,0.754,57,
EUR_USD,5,0.002,0.1,14,2,4.0,5.0,0.4,2.5,1.0,-0.04,0.787,164,0.09,0.12,-0.32,False,-0.09,0.789,57,
EUR_USD,5,0.002,0.1,14,2,4.0,5.0,0.5,1.5,0.5,-0.04,0.681,339,-0.18,0.23,-0.17,False,-0.24,0.627,134,
EUR_USD,5,0.002,0.1,14,2,4.0,5.0,0.5,1.5,1.0,0.03,0.732,164,0.07,0.15,-0.15,False,-0.06,0.684,57,
EUR_USD,5,0.002,0.1,14,2,4.0,5.0,0.5,2.0,0.5,-0.05,0.706,337,-0.21,0.25,-0.2,False,-0.28,0.652,132,
EUR_USD,5,0.002,0.1,14,2,4.0,5.0,0.5,2.0,1.0,-0.01,0.744,164,0.09,0.13,-0.24,False,-0.07,0.719,57,
EUR_USD,5,0.002,0.1,14,2,4.0,5.0,0.5,2.5,0.5,-0.06,0.718,337,-0.19,0.24,-0.24,False,-0.28,0.674,132,
EUR_USD,5,0.002,0.1,14,2,4.0,5.0,0.5,2.5,1.0,-0.01,0.756,164,0.07,0.16,-0.26,False,-0.12,0.719,57,
EUR_USD,5,0.002,0.1,14,2,4.0,5.0,0.6,1.5,0.5,-0.04,0.647,337,-0.12,0.15,-0.16,False,-0.25,0.597,134,
EUR_USD,5,0.002,0.1,14,2,4.0,5.0,0.6,1.5,1.0,0.05,0.707,164,0.11,0.17,-0.12,False,-0.1,0.632,57,
EUR_USD,5,0.002,0.1,14,2,4.0,5.0,0.6,2.0,0.5,-0.08,0.669,335,-0.16,0.1,-0.19,False,-0.25,0.629,132,
EUR_USD,5,0.002,0.1,14,2,4.0,5.0,0.6,2.0,1.0,0.02,0.72,164,0.13,0.14,-0.23,False,-0.07,0.684,57,
EUR_USD,5,0.002,0.1,14,2,4.0,5.0,0.6,2.5,1.0,0.01,0.732,164,0.11,0.16,-0.25,False,-0.11,0.684,57,
EUR_USD,5,0.002,0.1,14,2,4.0,5.0,0.7,1.5,0.5,-0.05,0.616,336,-0.21,0.24,-0.19,False,-0.29,0.56,134,
EUR_USD,5,0.002,0.1,14,2,4.0,5.0,0.7,1.5,1.0,0.07,0.683,164,0.1,0.22,-0.12,False,-0.09,0.614,57,
EUR_USD,5,0.002,0.1,14,2,4.0,5.0,0.7,2.0,0.5,-0.07,0.644,334,-0.22,0.19,-0.19,False,-0.29,0.591,132,
EUR_USD,5,0.002,0.1,14,2,4.0,5.0,0.7,2.0,1.0,0.05,0.707,164,0.16,0.19,-0.2,False,-0.05,0.667,57,
EUR_USD,5,0.002,0.1,14,2,4.0,5.0,0.7,2.5,1.0,0.04,0.72,164,0.13,0.22,-0.21,False,-0.1,0.667,57,
EUR_USD,5,0.002,0.1,14,2,4.0,5.0,0.8,1.5,0.5,-0.09,0.58,336,-0.16,0.31,-0.43,False,-0.33,0.522,134,
EUR_USD,5,0.002,0.1,14,2,4.0,5.0,0.8,1.5,1.0,0.05,0.646,164,0.16,0.23,-0.26,False,-0.11,0.561,57,
EUR_USD,5,0.002,0.1,14,2,4.0,5.0,0.8,2.0,0.5,-0.08,0.617,334,-0.17,0.25,-0.33,False,-0.34,0.553,132,
EUR_USD,5,0.002,0.1,14,2,4.0,5.0,0.8,2.0,1.0,0.04,0.683,164,0.22,0.2,-0.29,False,-0.07,0.614,57,
EUR_USD,5,0.002,0.1,14,2,4.0,5.0,0.8,2.5,0.5,-0.07,0.632,334,-0.12,0.27,-0.36,False,-0.24,0.591,132,
EUR_USD,5,0.002,0.1,14,2,4.0,5.0,0.8,2.5,1.0,0.07,0.701,164,0.19,0.27,-0.25,False,-0.13,0.614,57,
EUR_USD,5,0.002,0.1,20,2,4.0,5.0,0.3,1.5,1.0,0.01,0.829,123,-0.02,0.05,0.01,False,-0.04,0.788,33,
EUR_USD,5,0.002,0.1,20,2,4.0,5.0,0.4,1.5,1.0,-0.0,0.772,123,-0.03,0.02,0.0,False,-0.04,0.727,33,
EUR_USD,5,0.002,0.1,20,2,4.0,5.0,0.4,2.0,1.0,0.01,0.805,123,0.01,-0.0,0.03,False,-0.05,0.727,33,
EUR_USD,5,0.002,0.1,20,2,4.0,5.0,0.5,1.5,1.0,-0.03,0.707,123,-0.01,-0.05,-0.03,False,-0.01,0.697,33,
EUR_USD,5,0.002,0.1,20,2,4.0,5.0,0.5,2.0,1.0,-0.01,0.748,123,0.05,-0.06,-0.02,False,-0.02,0.697,33,
EUR_USD,5,0.002,0.1,20,2,4.0,5.0,0.5,2.5,1.0,-0.02,0.764,123,-0.0,-0.01,-0.06,False,-0.05,0.697,33,
EUR_USD,5,0.002,0.1,20,2,4.0,5.0,0.6,1.5,1.0,-0.05,0.659,123,-0.04,-0.02,-0.08,False,-0.1,0.576,33,
EUR_USD,5,0.002,0.1,20,2,4.0,5.0,0.6,2.0,1.0,-0.01,0.707,123,0.05,-0.06,-0.03,False,-0.12,0.576,33,
EUR_USD,5,0.002,0.1,20,2,4.0,5.0,0.6,2.5,1.0,-0.02,0.724,123,-0.0,-0.0,-0.06,False,-0.15,0.576,33,
EUR_USD,5,0.002,0.1,20,2,4.0,5.0,0.7,1.5,1.0,-0.04,0.634,123,-0.0,-0.02,-0.09,False,-0.11,0.515,33,
EUR_USD,5,0.002,0.1,20,2,4.0,5.0,0.8,1.5,1.0,0.0,0.634,123,0.03,0.01,-0.04,False,-0.09,0.515,33,
EUR_USD,5,0.002,0.1,20,2,4.0,5.0,0.8,2.0,1.0,0.04,0.683,123,0.13,-0.04,0.02,False,-0.09,0.515,33,
EUR_USD,5,0.002,0.1,20,4,4.0,5.0,0.5,1.5,1.0,-0.02,0.655,84,-0.07,-0.0,-0.01,False,-0.03,0.69,29,
EUR_USD,5,0.002,0.1,20,4,4.0,5.0,0.6,1.5,1.0,-0.03,0.607,84,-0.09,-0.01,0.0,False,-0.09,0.552,29,
EUR_USD,5,0.002,0.1,20,4,4.0,5.0,0.7,1.5,1.0,-0.03,0.571,84,-0.08,-0.02,-0.0,False,-0.07,0.552,29,
EUR_USD,5,0.002,0.1,20,4,4.0,5.0,0.8,1.5,1.0,-0.03,0.56,84,-0.06,-0.0,-0.02,False,-0.07,0.552,29,
EUR_USD,5,0.002,0.1,20,4,4.0,5.0,0.8,2.0,1.0,-0.01,0.595,84,-0.11,-0.03,0.11,False,-0.1,0.552,29,
EUR_USD,5,0.002,0.2,14,2,3.0,5.0,0.5,1.5,1.0,0.06,0.731,297,0.02,0.23,-0.07,False,-0.25,0.636,107,
EUR_USD,5,0.002,0.2,14,2,3.0,5.0,0.6,1.5,1.0,0.08,0.7,297,0.05,0.28,-0.07,False,-0.28,0.589,107,
EUR_USD,5,0.002,0.2,14,2,3.0,5.0,0.7,1.5,1.0,0.11,0.677,297,0.03,0.33,-0.04,False,-0.25,0.579,107,
EUR_USD,5,0.002,0.2,14,2,3.0,5.0,0.8,1.5,1.0,0.09,0.642,296,0.1,0.31,-0.15,False,-0.26,0.542,107,
EUR_USD,5,0.002,0.2,14,2,3.0,5.0,0.8,2.0,1.0,0.07,0.672,296,0.14,0.32,-0.24,False,-0.19,0.617,107,
EUR_USD,5,0.002,0.2,14,2,3.0,5.0,0.8,2.5,1.0,0.1,0.693,296,0.07,0.5,-0.27,False,-0.23,0.626,107,
EUR_USD,5,0.002,0.2,14,2,4.0,5.0,0.4,1.5,0.5,-0.05,0.72,322,-0.08,0.21,-0.27,False,-0.22,0.681,135,
EUR_USD,5,0.002,0.2,14,2,4.0,5.0,0.4,1.5,1.0,0.03,0.778,153,0.16,0.14,-0.21,False,-0.04,0.754,57,
EUR_USD,5,0.002,0.2,14,2,4.0,5.0,0.4,2.5,1.0,-0.01,0.797,153,0.15,0.14,-0.32,False,-0.09,0.789,57,
EUR_USD,5,0.002,0.2,14,2,4.0,5.0,0.5,1.5,0.5,-0.02,0.682,321,-0.14,0.24,-0.17,False,-0.24,0.627,134,
EUR_USD,5,0.002,0.2,14,2,4.0,5.0,0.5,1.5,1.0,0.04,0.739,153,0.09,0.18,-0.15,False,-0.06,0.684,57,
EUR_USD,5,0.002,0.2,14,2,4.0,5.0,0.5,2.0,0.5,-0.03,0.708,319,-0.16,0.26,-0.2,False,-0.28,0.652,132,
EUR_USD,5,0.002,0.2,14,2,4.0,5.0,0.5,2.0,1.0,0.01,0.752,153,0.11,0.15,-0.24,False,-0.07,0.719,57,
EUR_USD,5,0.002,0.2,14,2,4.0,5.0,0.5,2.5,0.5,-0.04,0.721,319,-0.11,0.25,-0.24,False,-0.28,0.674,132,
EUR_USD,5,0.002,0.2,14,2,4.0,5.0,0.5,2.5,1.0,0.01,0.765,153,0.11,0.18,-0.26,False,-0.12,0.719,57,
EUR_USD,5,0.002,0.2,14,2,4.0,5.0,0.6,1.5,0.5,-0.03,0.646,319,-0.1,0.17,-0.16,False,-0.25,0.597,134,
EUR_USD,5,0.002,0.2,14,2,4.0,5.0,0.6,1.5,1.0,0.07,0.712,153,0.12,0.2,-0.12,False,-0.1,0.632,57,
EUR_USD,5,0.002,0.2,14,2,4.0,5.0,0.6,2.0,0.5,-0.07,0.669,317,-0.12,0.11,-0.19,False,-0.25,0.629,132,
EUR_USD,5,0.002,0.2,14,2,4.0,5.0,0.6,2.0,1.0,0.03,0.725,153,0.14,0.16,-0.23,False,-0.07,0.684,57,
EUR_USD,5,0.002,0.2,14,2,4.0,5.0,0.6,2.5,1.0,0.02,0.739,153,0.14,0.18,-0.25,False,-0.11,0.684,57,
EUR_USD,5,0.002,0.2,14,2,4.0,5.0,0.7,1.5,0.5,-0.05,0.613,318,-0.2,0.26,-0.19,False,-0.29,0.56,134,
EUR_USD,5,0.002,0.2,14,2,4.0,5.0,0.7,1.5,1.0,0.07,0.686,153,0.1,0.25,-0.12,False,-0.09,0.614,57,
EUR_USD,5,0.002,0.2,14,2,4.0,5.0,0.7,2.0,0.5,-0.06,0.642,316,-0.2,0.2,-0.19,False,-0.29,0.591,132,
EUR_USD,5,0.002,0.2,14,2,4.0,5.0,0.7,2.0,1.0,0.06,0.712,153,0.15,0.21,-0.2,False,-0.05,0.667,57,
EUR_USD,5,0.002,0.2,14,2,4.0,5.0,0.7,2.5,1.0,0.05,0.725,153,0.14,0.23,-0.21,False,-0.1,0.667,57,
EUR_USD,5,0.002,0.2,14,2,4.0,5.0,0.8,1.5,0.5,-0.09,0.575,318,-0.17,0.32,-0.43,False,-0.33,0.522,134,
EUR_USD,5,0.002,0.2,14,2,4.0,5.0,0.8,1.5,1.0,0.05,0.647,153,0.14,0.26,-0.26,False,-0.11,0.561,57,
EUR_USD,5,0.002,0.2,14,2,4.0,5.0,0.8,2.0,0.5,-0.08,0.614,316,-0.17,0.26,-0.33,False,-0.34,0.553,132,
EUR_USD,5,0.002,0.2,14,2,4.0,5.0,0.8,2.0,1.0,0.05,0.686,153,0.21,0.22,-0.29,False,-0.07,0.614,57,
EUR_USD,5,0.002,0.2,14,2,4.0,5.0,0.8,2.5,0.5,-0.06,0.63,316,-0.1,0.27,-0.36,False,-0.24,0.591,132,
EUR_USD,5,0.002,0.2,14,2,4.0,5.0,0.8,2.5,1.0,0.08,0.706,153,0.2,0.29,-0.25,False,-0.13,0.614,57,
EUR_USD,5,0.002,0.2,20,2,4.0,5.0,0.3,1.5,1.0,0.01,0.828,116,-0.04,0.07,0.01,False,-0.04,0.788,33,
EUR_USD,5,0.002,0.2,20,2,4.0,5.0,0.4,1.5,1.0,-0.01,0.767,116,-0.06,0.04,0.0,False,-0.04,0.727,33,
EUR_USD,5,0.002,0.2,20,2,4.0,5.0,0.4,2.0,1.0,0.0,0.802,116,-0.02,0.01,0.03,False,-0.05,0.727,33,
EUR_USD,5,0.002,0.2,20,2,4.0,5.0,0.5,1.5,1.0,-0.03,0.707,116,-0.02,-0.03,-0.03,False,-0.01,0.697,33,
EUR_USD,5,0.002,0.2,20,2,4.0,5.0,0.5,2.0,1.0,-0.02,0.75,116,0.03,-0.05,-0.02,False,-0.02,0.697,33,
EUR_USD,5,0.002,0.2,20,2,4.0,5.0,0.5,2.5,1.0,-0.03,0.767,116,-0.03,0.0,-0.06,False,-0.05,0.697,33,
EUR_USD,5,0.002,0.2,20,2,4.0,5.0,0.6,1.5,1.0,-0.04,0.655,116,-0.05,-0.0,-0.08,False,-0.1,0.576,33,
EUR_USD,5,0.002,0.2,20,2,4.0,5.0,0.6,2.0,1.0,-0.02,0.707,116,0.03,-0.05,-0.03,False,-0.12,0.576,33,
EUR_USD,5,0.002,0.2,20,2,4.0,5.0,0.6,2.5,1.0,-0.03,0.724,116,-0.03,0.0,-0.06,False,-0.15,0.576,33,
EUR_USD,5,0.002,0.2,20,2,4.0,5.0,0.7,1.5,1.0,-0.04,0.629,116,-0.01,-0.0,-0.09,False,-0.11,0.515,33,
EUR_USD,5,0.002,0.2,20,2,4.0,5.0,0.8,1.5,1.0,-0.0,0.629,116,0.01,0.03,-0.04,False,-0.09,0.515,33,
EUR_USD,5,0.002,0.2,20,2,4.0,5.0,0.8,2.0,1.0,0.03,0.681,116,0.09,-0.04,0.02,False,-0.09,0.515,33,
EUR_USD,5,0.002,0.2,20,4,4.0,5.0,0.5,1.5,1.0,-0.01,0.658,79,-0.07,0.03,-0.01,False,-0.03,0.69,29,
EUR_USD,5,0.002,0.2,20,4,4.0,5.0,0.6,1.5,1.0,-0.02,0.608,79,-0.1,0.02,0.0,False,-0.09,0.552,29,
EUR_USD,5,0.002,0.2,20,4,4.0,5.0,0.7,1.5,1.0,-0.02,0.57,79,-0.08,0.01,-0.0,False,-0.07,0.552,29,
EUR_USD,5,0.002,0.2,20,4,4.0,5.0,0.8,1.5,1.0,-0.02,0.557,79,-0.06,0.02,-0.02,False,-0.07,0.552,29,
EUR_USD,5,0.002,0.2,20,4,4.0,5.0,0.8,2.0,1.0,-0.01,0.595,79,-0.11,-0.01,0.11,False,-0.1,0.552,29,
EUR_USD,5,0.005,-999.0,14,2,3.0,5.0,0.5,1.5,1.0,0.01,0.72,758,-0.11,0.22,-0.08,False,-0.54,0.642,254,
EUR_USD,5,0.005,-999.0,14,2,3.0,5.0,0.6,1.5,1.0,0.05,0.688,757,-0.01,0.29,-0.13,False,-0.58,0.602,254,
EUR_USD,5,0.005,-999.0,14,2,3.0,5.0,0.7,1.5,1.0,0.05,0.658,757,-0.04,0.31,-0.12,False,-0.58,0.575,254,
EUR_USD,5,0.005,-999.0,14,2,3.0,5.0,0.8,1.5,1.0,0.05,0.628,756,-0.01,0.32,-0.18,False,-0.63,0.54,252,
EUR_USD,5,0.005,-999.0,14,2,3.0,5.0,0.8,2.0,1.0,0.01,0.666,754,-0.08,0.22,-0.11,False,-0.68,0.583,252,
EUR_USD,5,0.005,-999.0,14,2,3.0,5.0,0.8,2.5,1.0,0.01,0.686,752,-0.18,0.43,-0.23,False,-0.74,0.595,252,
EUR_USD,5,0.005,-999.0,14,2,4.0,5.0,0.4,1.5,0.5,0.02,0.746,894,0.27,0.2,-0.42,False,-0.74,0.653,320,
EUR_USD,5,0.005,-999.0,14,2,4.0,5.0,0.4,1.5,1.0,0.04,0.77,413,0.23,0.14,-0.24,False,-0.3,0.674,135,
EUR_USD,5,0.005,-999.0,14,2,4.0,5.0,0.4,2.5,1.0,0.01,0.804,413,0.36,0.05,-0.39,False,-0.51,0.696,135,
EUR_USD,5,0.005,-999.0,14,2,4.0,5.0,0.5,1.5,0.5,0.16,0.714,893,0.33,0.39,-0.25,False,-0.81,0.602,319,
EUR_USD,5,0.005,-999.0,14,2,4.0,5.0,0.5,1.5,1.0,0.15,0.751,413,0.3,0.23,-0.06,False,-0.37,0.615,135,
EUR_USD,5,0.005,-999.0,14,2,4.0,5.0,0.5,2.0,0.5,0.14,0.736,890,0.4,0.39,-0.38,False,-0.89,0.625,317,
EUR_USD,5,0.005,-999.0,14,2,4.0,5.0,0.5,2.0,1.0,0.12,0.77,413,0.41,0.15,-0.22,False,-0.44,0.637,135,
EUR_USD,5,0.005,-999.0,14,2,4.0,5.0,0.5,2.5,0.5,0.05,0.743,890,0.35,0.31,-0.52,False,-0.95,0.64,317,
EUR_USD,5,0.005,-999.0,14,2,4.0,5.0,0.5,2.5,1.0,0.09,0.78,413,0.38,0.14,-0.26,False,-0.58,0.637,135,
EUR_USD,5,0.005,-999.0,14,2,4.0,5.0,0.6,1.5,0.5,0.14,0.673,890,0.35,0.31,-0.23,False,-0.79,0.577,319,
EUR_USD,5,0.005,-999.0,14,2,4.0,5.0,0.6,1.5,1.0,0.19,0.719,413,0.37,0.27,-0.06,False,-0.43,0.57,135,
EUR_USD,5,0.005,-999.0,14,2,4.0,5.0,0.6,2.0,0.5,0.1,0.694,887,0.42,0.27,-0.4,False,-0.83,0.603,317,
EUR_USD,5,0.005,-999.0,14,2,4.0,5.0,0.6,2.0,1.0,0.14,0.738,413,0.48,0.19,-0.24,False,-0.45,0.607,135,
EUR_USD,5,0.005,-999.0,14,2,4.0,5.0,0.6,2.5,1.0,0.1,0.748,413,0.43,0.16,-0.3,False,-0.57,0.607,135,
EUR_USD,5,0.005,-999.0,14,2,4.0,5.0,0.7,1.5,0.5,0.06,0.632,888,0.18,0.35,-0.36,False,-0.78,0.549,319,
EUR_USD,5,0.005,-999.0,14,2,4.0,5.0,0.7,1.5,1.0,0.16,0.68,413,0.31,0.28,-0.13,False,-0.44,0.548,135,
EUR_USD,5,0.005,-999.0,14,2,4.0,5.0,0.7,2.0,0.5,0.06,0.66,885,0.29,0.38,-0.48,False,-0.83,0.574,317,
EUR_USD,5,0.005,-999.0,14,2,4.0,5.0,0.7,2.0,1.0,0.15,0.712,413,0.46,0.23,-0.26,False,-0.46,0.585,135,
EUR_USD,5,0.005,-999.0,14,2,4.0,5.0,0.7,2.5,1.0,0.11,0.722,413,0.42,0.24,-0.32,False,-0.54,0.593,135,
EUR_USD,5,0.005,-999.0,14,2,4.0,5.0,0.8,1.5,0.5,0.08,0.605,886,0.22,0.51,-0.51,False,-0.8,0.524,319,
EUR_USD,5,0.005,-999.0,14,2,4.0,5.0,0.8,1.5,1.0,0.15,0.649,413,0.32,0.3,-0.18,False,-0.45,0.519,135,
EUR_USD,5,0.005,-999.0,14,2,4.0,5.0,0.8,2.0,0.5,0.11,0.638,883,0.34,0.54,-0.54,False,-0.83,0.552,317,
EUR_USD,5,0.005,-999.0,14,2,4.0,5.0,0.8,2.0,1.0,0.16,0.688,413,0.49,0.24,-0.26,False,-0.47,0.556,135,
EUR_USD,5,0.005,-999.0,14,2,4.0,5.0,0.8,2.5,0.5,0.05,0.647,883,0.27,0.49,-0.63,False,-0.74,0.577,317,
EUR_USD,5,0.005,-999.0,14,2,4.0,5.0,0.8,2.5,1.0,0.14,0.7,413,0.42,0.28,-0.27,False,-0.56,0.563,135,
EUR_USD,5,0.005,-999.0,20,2,4.0,5.0,0.3,1.5,1.0,0.04,0.831,307,0.19,-0.05,-0.01,False,-0.05,0.802,86,
EUR_USD,5,0.005,-999.0,20,2,4.0,5.0,0.4,1.5,1.0,0.07,0.788,307,0.22,-0.04,0.03,False,-0.02,0.767,86,
EUR_USD,5,0.005,-999.0,20,2,4.0,5.0,0.4,2.0,1.0,0.02,0.801,307,0.19,-0.12,-0.0,False,-0.05,0.767,86,
EUR_USD,5,0.005,-999.0,20,2,4.0,5.0,0.5,1.5,1.0,0.1,0.749,307,0.32,-0.12,0.09,False,0.04,0.744,86,
EUR_USD,5,0.005,-999.0,20,2,4.0,5.0,0.5,2.0,1.0,0.05,0.765,307,0.31,-0.21,0.04,False,-0.0,0.744,86,
EUR_USD,5,0.005,-999.0,20,2,4.0,5.0,0.5,2.5,1.0,0.04,0.775,307,0.21,-0.09,-0.01,False,-0.08,0.744,86,
EUR_USD,5,0.005,-999.0,20,2,4.0,5.0,0.6,1.5,1.0,0.11,0.71,307,0.36,-0.06,0.03,False,-0.03,0.674,86,
EUR_USD,5,0.005,-999.0,20,2,4.0,5.0,0.6,2.0,1.0,0.08,0.73,307,0.38,-0.18,0.05,False,-0.08,0.674,86,
EUR_USD,5,0.005,-999.0,20,2,4.0,5.0,0.6,2.5,1.0,0.06,0.736,307,0.28,-0.09,-0.01,False,-0.17,0.674,86,
EUR_USD,5,0.005,-999.0,20,2,4.0,5.0,0.7,1.5,1.0,0.05,0.655,307,0.35,-0.03,-0.18,False,-0.03,0.64,86,
EUR_USD,5,0.005,-999.0,20,2,4.0,5.0,0.8,1.5,1.0,0.07,0.634,306,0.38,-0.1,-0.08,False,-0.12,0.581,86,
EUR_USD,5,0.005,-999.0,20,2,4.0,5.0,0.8,2.0,1.0,0.02,0.654,306,0.38,-0.24,-0.09,False,-0.08,0.605,86,
EUR_USD,5,0.005,-999.0,20,4,4.0,5.0,0.5,1.5,1.0,0.01,0.703,202,0.11,-0.05,-0.04,False,-0.04,0.683,60,
EUR_USD,5,0.005,-999.0,20,4,4.0,5.0,0.6,1.5,1.0,0.01,0.663,202,0.08,-0.03,-0.03,False,-0.12,0.567,60,
EUR_USD,5,0.005,-999.0,20,4,4.0,5.0,0.7,1.5,1.0,0.01,0.629,202,0.01,-0.02,0.03,False,-0.12,0.533,60,
EUR_USD,5,0.005,-999.0,20,4,4.0,5.0,0.8,1.5,1.0,0.01,0.599,202,-0.0,-0.03,0.05,False,-0.16,0.483,60,
EUR_USD,5,0.005,-999.0,20,4,4.0,5.0,0.8,2.0,1.0,0.01,0.619,202,-0.07,-0.04,0.14,False,-0.18,0.483,60,
EUR_USD,5,0.005,0.0,14,2,3.0,5.0,0.5,1.5,1.0,0.0,0.718,341,-0.06,-0.03,0.09,False,-0.34,0.625,128,
EUR_USD,5,0.005,0.0,14,2,3.0,5.0,0.6,1.5,1.0,-0.02,0.674,341,-0.07,-0.04,0.04,False,-0.34,0.594,128,
EUR_USD,5,0.005,0.0,14,2,3.0,5.0,0.7,1.5,1.0,-0.02,0.642,341,-0.16,-0.02,0.12,False,-0.33,0.562,128,
EUR_USD,5,0.005,0.0,14,2,3.0,5.0,0.8,1.5,1.0,0.0,0.621,340,-0.11,0.02,0.1,False,-0.37,0.523,128,
EUR_USD,5,0.005,0.0,14,2,3.0,5.0,0.8,2.0,1.0,-0.04,0.653,340,-0.13,-0.06,0.09,False,-0.4,0.578,128,
EUR_USD,5,0.005,0.0,14,2,3.0,5.0,0.8,2.5,1.0,0.0,0.681,339,-0.13,0.14,-0.01,False,-0.46,0.586,128,
EUR_USD,5,0.005,0.0,14,2,4.0,5.0,0.4,1.5,0.5,-0.12,0.703,380,-0.06,0.06,-0.35,False,-0.37,0.652,161,
EUR_USD,5,0.005,0.0,14,2,4.0,5.0,0.4,1.5,1.0,0.01,0.762,168,0.06,0.05,-0.09,False,-0.17,0.672,61,
EUR_USD,5,0.005,0.0,14,2,4.0,5.0,0.4,2.5,1.0,-0.04,0.786,168,0.01,0.04,-0.19,False,-0.33,0.689,61,
EUR_USD,5,0.005,0.0,14,2,4.0,5.0,0.5,1.5,0.5,-0.09,0.663,380,-0.09,0.13,-0.32,False,-0.38,0.6,160,
EUR_USD,5,0.005,0.0,14,2,4.0,5.0,0.5,1.5,1.0,0.03,0.732,168,0.04,0.09,-0.02,False,-0.18,0.623,61,
EUR_USD,5,0.005,0.0,14,2,4.0,5.0,0.5,2.0,0.5,-0.1,0.687,377,-0.13,0.18,-0.35,False,-0.53,0.608,158,
EUR_USD,5,0.005,0.0,14,2,4.0,5.0,0.5,2.0,1.0,0.01,0.75,168,0.06,0.06,-0.09,False,-0.27,0.639,61,
EUR_USD,5,0.005,0.0,14,2,4.0,5.0,0.5,2.5,0.5,-0.13,0.7,377,-0.12,0.19,-0.46,False,-0.58,0.627,158,
EUR_USD,5,0.005,0.0,14,2,4.0,5.0,0.5,2.5,1.0,0.0,0.768,168,0.04,0.08,-0.11,False,-0.35,0.639,61,
EUR_USD,5,0.005,0.0,14,2,4.0,5.0,0.6,1.5,0.5,-0.12,0.621,377,-0.06,0.02,-0.32,False,-0.37,0.575,160,
EUR_USD,5,0.005,0.0,14,2,4.0,5.0,0.6,1.5,1.0,0.02,0.685,168,0.03,0.07,-0.03,False,-0.19,0.59,61,
EUR_USD,5,0.005,0.0,14,2,4.0,5.0,0.6,2.0,0.5,-0.16,0.642,374,-0.1,-0.0,-0.38,False,-0.51,0.582,158,
EUR_USD,5,0.005,0.0,14,2,4.0,5.0,0.6,2.0,1.0,-0.01,0.702,168,0.06,0.03,-0.12,False,-0.26,0.607,61,
EUR_USD,5,0.005,0.0,14,2,4.0,5.0,0.6,2.5,1.0,-0.03,0.72,168,0.04,0.05,-0.16,False,-0.35,0.607,61,
EUR_USD,5,0.005,0.0,14,2,4.0,5.0,0.7,1.5,0.5,-0.17,0.58,376,-0.23,0.04,-0.31,False,-0.41,0.537,160,
EUR_USD,5,0.005,0.0,14,2,4.0,5.0,0.7,1.5,1.0,-0.0,0.643,168,-0.06,0.07,-0.02,False,-0.18,0.574,61,
EUR_USD,5,0.005,0.0,14,2,4.0,5.0,0.7,2.0,0.5,-0.19,0.606,373,-0.26,0.02,-0.34,False,-0.56,0.544,158,
EUR_USD,5,0.005,0.0,14,2,4.0,5.0,0.7,2.0,1.0,-0.02,0.673,168,-0.01,0.03,-0.07,False,-0.26,0.59,61,
EUR_USD,5,0.005,0.0,14,2,4.0,5.0,0.7,2.5,1.0,-0.02,0.69,168,-0.02,0.07,-0.11,False,-0.35,0.59,61,
EUR_USD,5,0.005,0.0,14,2,4.0,5.0,0.8,1.5,0.5,-0.17,0.556,376,-0.15,0.1,-0.46,False,-0.43,0.506,160,
EUR_USD,5,0.005,0.0,14,2,4.0,5.0,0.8,1.5,1.0,0.0,0.619,168,-0.01,0.08,-0.07,False,-0.18,0.541,61,
EUR_USD,5,0.005,0.0,14,2,4.0,5.0,0.8,2.0,0.5,-0.17,0.587,373,-0.18,0.07,-0.4,False,-0.6,0.513,158,
EUR_USD,5,0.005,0.0,14,2,4.0,5.0,0.8,2.0,1.0,-0.01,0.655,168,0.05,0.03,-0.1,False,-0.26,0.557,61,
EUR_USD,5,0.005,0.0,14,2,4.0,5.0,0.8,2.5,0.5,-0.18,0.603,373,-0.14,0.12,-0.52,False,-0.56,0.544,158,
EUR_USD,5,0.005,0.0,14,2,4.0,5.0,0.8,2.5,1.0,0.02,0.679,168,0.04,0.12,-0.11,False,-0.36,0.557,61,
EUR_USD,5,0.005,0.0,20,2,4.0,5.0,0.3,1.5,1.0,0.06,0.874,135,0.14,-0.01,0.07,False,-0.06,0.78,41,
EUR_USD,5,0.005,0.0,20,2,4.0,5.0,0.4,1.5,1.0,0.03,0.8,135,0.1,-0.04,0.03,False,-0.03,0.756,41,
EUR_USD,5,0.005,0.0,20,2,4.0,5.0,0.4,2.0,1.0,0.02,0.822,135,0.09,-0.08,0.06,False,-0.06,0.756,41,
EUR_USD,5,0.005,0.0,20,2,4.0,5.0,0.5,1.5,1.0,0.02,0.748,135,0.12,-0.11,0.05,False,0.01,0.732,41,
EUR_USD,5,0.005,0.0,20,2,4.0,5.0,0.5,2.0,1.0,0.01,0.778,135,0.1,-0.14,0.06,False,-0.02,0.732,41,
EUR_USD,5,0.005,0.0,20,2,4.0,5.0,0.5,2.5,1.0,-0.0,0.793,135,0.06,-0.09,0.02,False,-0.06,0.732,41,
EUR_USD,5,0.005,0.0,20,2,4.0,5.0,0.6,1.5,1.0,-0.0,0.689,135,0.06,-0.08,0.01,False,-0.1,0.61,41,
EUR_USD,5,0.005,0.0,20,2,4.0,5.0,0.6,2.0,1.0,0.01,0.726,135,0.08,-0.14,0.09,False,-0.14,0.61,41,
EUR_USD,5,0.005,0.0,20,2,4.0,5.0,0.6,2.5,1.0,-0.0,0.741,135,0.03,-0.09,0.05,False,-0.19,0.61,41,
EUR_USD,5,0.005,0.0,20,2,4.0,5.0,0.7,1.5,1.0,-0.02,0.637,135,0.08,-0.05,-0.09,False,-0.11,0.561,41,
EUR_USD,5,0.005,0.0,20,2,4.0,5.0,0.8,1.5,1.0,0.02,0.637,135,0.12,-0.01,-0.03,False,-0.11,0.537,41,
EUR_USD,5,0.005,0.0,20,2,4.0,5.0,0.8,2.0,1.0,0.04,0.674,135,0.14,-0.08,0.05,False,-0.14,0.537,41,
EUR_USD,5,0.005,0.0,20,4,4.0,5.0,0.5,1.5,1.0,-0.02,0.674,89,-0.01,-0.05,0.01,False,-0.06,0.677,31,
EUR_USD,5,0.005,0.0,20,4,4.0,5.0,0.6,1.5,1.0,-0.01,0.64,89,-0.03,-0.03,0.02,False,-0.09,0.581,31,
EUR_USD,5,0.005,0.0,20,4,4.0,5.0,0.7,1.5,1.0,0.01,0.618,89,-0.0,-0.01,0.02,False,-0.09,0.548,31,
EUR_USD,5,0.005,0.0,20,4,4.0,5.0,0.8,1.5,1.0,0.01,0.596,89,0.0,0.01,0.02,True,-0.08,0.548,31,0.436
EUR_USD,5,0.005,0.0,20,4,4.0,5.0,0.8,2.0,1.0,0.03,0.629,89,-0.05,-0.0,0.16,False,-0.11,0.548,31,
EUR_USD,5,0.005,0.05,14,2,3.0,5.0,0.5,1.5,1.0,0.02,0.728,184,-0.03,0.07,0.03,False,-0.16,0.646,65,
EUR_USD,5,0.005,0.05,14,2,3.0,5.0,0.6,1.5,1.0,-0.0,0.679,184,-0.09,0.09,0.0,False,-0.15,0.615,65,
EUR_USD,5,0.005,0.05,14,2,3.0,5.0,0.7,1.5,1.0,-0.01,0.641,184,-0.19,0.11,0.04,False,-0.1,0.615,65,
EUR_USD,5,0.005,0.05,14,2,3.0,5.0,0.8,1.5,1.0,-0.01,0.614,184,-0.2,0.12,0.04,False,-0.11,0.585,65,
EUR_USD,5,0.005,0.05,14,2,3.0,5.0,0.8,2.0,1.0,-0.03,0.647,184,-0.17,0.12,-0.03,False,-0.07,0.662,65,
EUR_USD,5,0.005,0.05,14,2,3.0,5.0,0.8,2.5,1.0,0.03,0.685,184,-0.11,0.24,-0.05,False,-0.06,0.677,65,
EUR_USD,5,0.005,0.05,14,2,4.0,5.0,0.4,1.5,0.5,-0.04,0.714,210,0.0,0.09,-0.21,False,-0.18,0.671,85,
EUR_USD,5,0.005,0.05,14,2,4.0,5.0,0.4,1.5,1.0,0.01,0.772,92,0.01,0.09,-0.06,False,-0.04,0.742,31,
EUR_USD,5,0.005,0.05,14,2,4.0,5.0,0.4,2.5,1.0,-0.01,0.804,92,0.02,0.05,-0.1,False,-0.08,0.774,31,
EUR_USD,5,0.005,0.05,14,2,4.0,5.0,0.5,1.5,0.5,-0.0,0.681,210,-0.01,0.13,-0.13,False,-0.22,0.607,84,
EUR_USD,5,0.005,0.05,14,2,4.0,5.0,0.5,1.5,1.0,0.03,0.75,92,0.01,0.11,-0.02,False,-0.06,0.677,31,
EUR_USD,5,0.005,0.05,14,2,4.0,5.0,0.5,2.0,0.5,-0.0,0.712,208,-0.04,0.16,-0.13,False,-0.27,0.622,82,
EUR_USD,5,0.005,0.05,14,2,4.0,5.0,0.5,2.0,1.0,0.02,0.772,92,0.04,0.09,-0.06,False,-0.08,0.71,31,
EUR_USD,5,0.005,0.05,14,2,4.0,5.0,0.5,2.5,0.5,-0.02,0.726,208,-0.02,0.12,-0.16,False,-0.26,0.646,82,
EUR_USD,5,0.005,0.05,14,2,4.0,5.0,0.5,2.5,1.0,0.03,0.793,92,0.06,0.07,-0.05,False,-0.11,0.71,31,
EUR_USD,5,0.005,0.05,14,2,4.0,5.0,0.6,1.5,0.5,-0.05,0.628,207,-0.03,0.02,-0.13,False,-0.18,0.595,84,
EUR_USD,5,0.005,0.05,14,2,4.0,5.0,0.6,1.5,1.0,0.03,0.707,92,-0.02,0.1,-0.0,False,-0.04,0.677,31,
EUR_USD,5,0.005,0.05,14,2,4.0,5.0,0.6,2.0,0.5,-0.08,0.654,205,-0.06,-0.02,-0.15,False,-0.24,0.61,82,
EUR_USD,5,0.005,0.05,14,2,4.0,5.0,0.6,2.0,1.0,0.01,0.728,92,0.01,0.07,-0.06,False,-0.06,0.71,31,
EUR_USD,5,0.005,0.05,14,2,4.0,5.0,0.6,2.5,1.0,0.01,0.75,92,0.03,0.05,-0.05,False,-0.08,0.71,31,
EUR_USD,5,0.005,0.05,14,2,4.0,5.0,0.7,1.5,0.5,-0.09,0.585,207,-0.18,0.08,-0.16,False,-0.23,0.548,84,
EUR_USD,5,0.005,0.05,14,2,4.0,5.0,0.7,1.5,1.0,0.01,0.663,92,-0.11,0.13,0.02,False,-0.02,0.677,31,
EUR_USD,5,0.005,0.05,14,2,4.0,5.0,0.7,2.0,0.5,-0.11,0.615,205,-0.19,0.04,-0.17,False,-0.29,0.561,82,
EUR_USD,5,0.005,0.05,14,2,4.0,5.0,0.7,2.0,1.0,0.01,0.696,92,-0.05,0.11,-0.04,False,-0.03,0.71,31,
EUR_USD,5,0.005,0.05,14,2,4.0,5.0,0.7,2.5,1.0,0.01,0.717,92,-0.01,0.08,-0.03,False,-0.06,0.71,31,
EUR_USD,5,0.005,0.05,14,2,4.0,5.0,0.8,1.5,0.5,-0.12,0.551,207,-0.17,0.11,-0.3,False,-0.24,0.524,84,
EUR_USD,5,0.005,0.05,14,2,4.0,5.0,0.8,1.5,1.0,0.0,0.63,92,-0.1,0.13,-0.02,False,-0.02,0.645,31,
EUR_USD,5,0.005,0.05,14,2,4.0,5.0,0.8,2.0,0.5,-0.12,0.59,205,-0.19,0.07,-0.24,False,-0.31,0.537,82,
EUR_USD,5,0.005,0.05,14,2,4.0,5.0,0.8,2.0,1.0,0.0,0.674,92,-0.03,0.09,-0.05,False,-0.04,0.677,31,
EUR_USD,5,0.005,0.05,14,2,4.0,5.0,0.8,2.5,0.5,-0.12,0.61,205,-0.13,0.03,-0.26,False,-0.25,0.573,82,
EUR_USD,5,0.005,0.05,14,2,4.0,5.0,0.8,2.5,1.0,0.04,0.707,92,0.01,0.11,-0.01,False,-0.07,0.677,31,
EUR_USD,5,0.005,0.05,20,2,4.0,5.0,0.3,1.5,1.0,0.04,0.877,73,0.07,0.02,0.02,True,-0.02,0.8,20,0.111
EUR_USD,5,0.005,0.05,20,2,4.0,5.0,0.4,1.5,1.0,0.02,0.808,73,0.07,0.01,-0.01,False,-0.0,0.8,20,
EUR_USD,5,0.005,0.05,20,2,4.0,5.0,0.4,2.0,1.0,0.04,0.849,73,0.1,-0.02,0.04,False,-0.01,0.8,20,
EUR_USD,5,0.005,0.05,20,2,4.0,5.0,0.5,1.5,1.0,-0.0,0.74,73,0.1,-0.08,-0.03,False,0.01,0.75,20,
EUR_USD,5,0.005,0.05,20,2,4.0,5.0,0.5,2.0,1.0,0.02,0.795,73,0.13,-0.09,0.01,False,0.01,0.75,20,
EUR_USD,5,0.005,0.05,20,2,4.0,5.0,0.5,2.5,1.0,0.03,0.822,73,0.12,-0.02,-0.01,False,-0.02,0.75,20,
EUR_USD,5,0.005,0.05,20,2,4.0,5.0,0.6,1.5,1.0,0.0,0.699,73,0.08,-0.06,-0.01,False,-0.02,0.65,20,
EUR_USD,5,0.005,0.05,20,2,4.0,5.0,0.6,2.0,1.0,0.01,0.74,73,0.11,-0.1,0.03,False,-0.04,0.65,20,
EUR_USD,5,0.005,0.05,20,2,4.0,5.0,0.6,2.5,1.0,0.03,0.767,73,0.1,-0.04,0.01,False,-0.06,0.65,20,
EUR_USD,5,0.005,0.05,20,2,4.0,5.0,0.7,1.5,1.0,0.01,0.671,73,0.07,-0.04,0.01,False,-0.05,0.55,20,
EUR_USD,5,0.005,0.05,20,2,4.0,5.0,0.8,1.5,1.0,0.04,0.671,73,0.08,-0.02,0.05,False,-0.03,0.55,20,
EUR_USD,5,0.005,0.05,20,2,4.0,5.0,0.8,2.0,1.0,0.05,0.712,73,0.11,-0.07,0.1,False,-0.03,0.55,20,
EUR_USD,5,0.005,0.05,20,4,4.0,5.0,0.5,1.5,1.0,-0.03,0.612,49,-0.02,-0.04,-0.03,False,-0.0,0.75,20,
EUR_USD,5,0.005,0.05,20,4,4.0,5.0,0.6,1.5,1.0,-0.01,0.612,49,-0.01,-0.02,-0.01,False,-0.05,0.6,20,
EUR_USD,5,0.005,0.05,20,4,4.0,5.0,0.7,1.5,1.0,-0.01,0.571,49,0.0,-0.01,-0.02,False,-0.03,0.6,20,
EUR_USD,5,0.005,0.05,20,4,4.0,5.0,0.8,1.5,1.0,-0.02,0.531,49,-0.01,0.01,-0.06,False,-0.03,0.6,20,
EUR_USD,5,0.005,0.05,20,4,4.0,5.0,0.8,2.0,1.0,0.02,0.592,49,-0.03,-0.0,0.08,False,-0.07,0.6,20,
EUR_USD,5,0.005,0.1,14,2,3.0,5.0,0.5,1.5,1.0,0.05,0.739,176,0.04,0.07,0.03,True,-0.16,0.646,65,0.213
EUR_USD,5,0.005,0.1,14,2,3.0,5.0,0.6,1.5,1.0,0.03,0.693,176,-0.0,0.09,0.0,False,-0.15,0.615,65,
EUR_USD,5,0.005,0.1,14,2,3.0,5.0,0.7,1.5,1.0,0.02,0.653,176,-0.1,0.11,0.04,False,-0.1,0.615,65,
EUR_USD,5,0.005,0.1,14,2,3.0,5.0,0.8,1.5,1.0,0.03,0.631,176,-0.08,0.12,0.04,False,-0.11,0.585,65,
EUR_USD,5,0.005,0.1,14,2,3.0,5.0,0.8,2.0,1.0,0.01,0.659,176,-0.07,0.12,-0.03,False,-0.07,0.662,65,
EUR_USD,5,0.005,0.1,14,2,3.0,5.0,0.8,2.5,1.0,0.06,0.699,176,-0.02,0.24,-0.05,False,-0.06,0.677,65,
EUR_USD,5,0.005,0.1,14,2,4.0,5.0,0.4,1.5,0.5,-0.02,0.728,195,0.05,0.09,-0.21,False,-0.18,0.671,85,
EUR_USD,5,0.005,0.1,14,2,4.0,5.0,0.4,1.5,1.0,0.03,0.795,88,0.08,0.09,-0.06,False,-0.04,0.742,31,
EUR_USD,5,0.005,0.1,14,2,4.0,5.0,0.4,2.5,1.0,0.01,0.818,88,0.09,0.05,-0.1,False,-0.08,0.774,31,
EUR_USD,5,0.005,0.1,14,2,4.0,5.0,0.5,1.5,0.5,0.01,0.697,195,0.04,0.13,-0.13,False,-0.22,0.607,84,
EUR_USD,5,0.005,0.1,14,2,4.0,5.0,0.5,1.5,1.0,0.05,0.773,88,0.08,0.11,-0.02,False,-0.06,0.677,31,
EUR_USD,5,0.005,0.1,14,2,4.0,5.0,0.5,2.0,0.5,0.01,0.725,193,-0.01,0.16,-0.13,False,-0.27,0.622,82,
EUR_USD,5,0.005,0.1,14,2,4.0,5.0,0.5,2.0,1.0,0.04,0.784,88,0.09,0.09,-0.06,False,-0.08,0.71,31,
EUR_USD,5,0.005,0.1,14,2,4.0,5.0,0.5,2.5,0.5,-0.0,0.741,193,0.03,0.12,-0.16,False,-0.26,0.646,82,
EUR_USD,5,0.005,0.1,14,2,4.0,5.0,0.5,2.5,1.0,0.05,0.807,88,0.13,0.07,-0.05,False,-0.11,0.71,31,
EUR_USD,5,0.005,0.1,14,2,4.0,5.0,0.6,1.5,0.5,-0.02,0.648,193,0.05,0.02,-0.13,False,-0.18,0.595,84,
EUR_USD,5,0.005,0.1,14,2,4.0,5.0,0.6,1.5,1.0,0.06,0.739,88,0.07,0.1,-0.0,False,-0.04,0.677,31,
EUR_USD,5,0.005,0.1,14,2,4.0,5.0,0.6,2.0,0.5,-0.06,0.67,191,0.0,-0.02,-0.15,False,-0.24,0.61,82,
EUR_USD,5,0.005,0.1,14,2,4.0,5.0,0.6,2.0,1.0,0.04,0.75,88,0.09,0.07,-0.06,False,-0.06,0.71,31,
EUR_USD,5,0.005,0.1,14,2,4.0,5.0,0.6,2.5,1.0,0.04,0.773,88,0.13,0.05,-0.05,False,-0.08,0.71,31,
EUR_USD,5,0.005,0.1,14,2,4.0,5.0,0.7,1.5,0.5,-0.05,0.606,193,-0.08,0.08,-0.16,False,-0.23,0.548,84,
EUR_USD,5,0.005,0.1,14,2,4.0,5.0,0.7,1.5,1.0,0.04,0.693,88,-0.02,0.13,0.02,False,-0.02,0.677,31,
EUR_USD,5,0.005,0.1,14,2,4.0,5.0,0.7,2.0,0.5,-0.08,0.634,191,-0.1,0.04,-0.17,False,-0.29,0.561,82,
EUR_USD,5,0.005,0.1,14,2,4.0,5.0,0.7,2.0,1.0,0.03,0.716,88,0.02,0.11,-0.04,False,-0.03,0.71,31,
EUR_USD,5,0.005,0.1,14,2,4.0,5.0,0.7,2.5,1.0,0.04,0.739,88,0.08,0.08,-0.03,False,-0.06,0.71,31,
EUR_USD,5,0.005,0.1,14,2,4.0,5.0,0.8,1.5,0.5,-0.08,0.575,193,-0.03,0.11,-0.3,False,-0.24,0.524,84,
EUR_USD,5,0.005,0.1,14,2,4.0,5.0,0.8,1.5,1.0,0.03,0.659,88,-0.0,0.13,-0.02,False,-0.02,0.645,31,
EUR_USD,5,0.005,0.1,14,2,4.0,5.0,0.8,2.0,0.5,-0.08,0.613,191,-0.06,0.07,-0.24,False,-0.31,0.537,82,
EUR_USD,5,0.005,0.1,14,2,4.0,5.0,0.8,2.0,1.0,0.03,0.693,88,0.04,0.09,-0.05,False,-0.04,0.677,31,
EUR_USD,5,0.005,0.1,14,2,4.0,5.0,0.8,2.5,0.5,-0.07,0.634,191,0.01,0.03,-0.26,False,-0.25,0.573,82,
EUR_USD,5,0.005,0.1,14,2,4.0,5.0,0.8,2.5,1.0,0.07,0.727,88,0.1,0.11,-0.01,False,-0.07,0.677,31,
EUR_USD,5,0.005,0.1,20,2,4.0,5.0,0.3,1.5,1.0,0.03,0.873,71,0.06,0.02,0.02,True,-0.02,0.8,20,0.125
EUR_USD,5,0.005,0.1,20,2,4.0,5.0,0.4,1.5,1.0,0.02,0.803,71,0.06,0.01,-0.01,False,-0.0,0.8,20,
EUR_USD,5,0.005,0.1,20,2,4.0,5.0,0.4,2.0,1.0,0.04,0.845,71,0.08,-0.02,0.04,False,-0.01,0.8,20,
EUR_USD,5,0.005,0.1,20,2,4.0,5.0,0.5,1.5,1.0,-0.01,0.732,71,0.08,-0.08,-0.03,False,0.01,0.75,20,
EUR_USD,5,0.005,0.1,20,2,4.0,5.0,0.5,2.0,1.0,0.01,0.789,71,0.11,-0.09,0.01,False,0.01,0.75,20,
EUR_USD,5,0.005,0.1,20,2,4.0,5.0,0.5,2.5,1.0,0.02,0.817,71,0.1,-0.02,-0.01,False,-0.02,0.75,20,
EUR_USD,5,0.005,0.1,20,2,4.0,5.0,0.6,1.5,1.0,0.01,0.718,71,0.1,-0.06,-0.01,False,-0.02,0.65,20,
EUR_USD,5,0.005,0.1,20,2,4.0,5.0,0.6,2.0,1.0,0.02,0.761,71,0.13,-0.1,0.03,False,-0.04,0.65,20,
EUR_USD,5,0.005,0.1,20,2,4.0,5.0,0.6,2.5,1.0,0.03,0.789,71,0.12,-0.04,0.01,False,-0.06,0.65,20,
EUR_USD,5,0.005,0.1,20,2,4.0,5.0,0.7,1.5,1.0,0.02,0.69,71,0.09,-0.04,0.01,False,-0.05,0.55,20,
EUR_USD,5,0.005,0.1,20,2,4.0,5.0,0.8,1.5,1.0,0.04,0.69,71,0.1,-0.02,0.05,False,-0.03,0.55,20,
EUR_USD,5,0.005,0.1,20,2,4.0,5.0,0.8,2.0,1.0,0.06,0.732,71,0.13,-0.07,0.1,False,-0.03,0.55,20,
EUR_USD,5,0.005,0.1,20,4,4.0,5.0,0.5,1.5,1.0,-0.02,0.63,46,-0.0,-0.04,-0.03,False,-0.0,0.75,20,
EUR_USD,5,0.005,0.1,20,4,4.0,5.0,0.6,1.5,1.0,-0.01,0.63,46,0.01,-0.02,-0.01,False,-0.05,0.6,20,
EUR_USD,5,0.005,0.1,20,4,4.0,5.0,0.7,1.5,1.0,-0.0,0.587,46,0.02,-0.01,-0.02,False,-0.03,0.6,20,
EUR_USD,5,0.005,0.1,20,4,4.0,5.0,0.8,1.5,1.0,-0.01,0.543,46,0.01,0.01,-0.06,False,-0.03,0.6,20,
EUR_USD,5,0.005,0.1,20,4,4.0,5.0,0.8,2.0,1.0,0.02,0.609,46,-0.01,-0.0,0.08,False,-0.07,0.6,20,
EUR_USD,5,0.005,0.2,14,2,3.0,5.0,0.5,1.5,1.0,0.06,0.744,168,0.07,0.07,0.03,True,-0.16,0.646,65,0.137
EUR_USD,5,0.005,0.2,14,2,3.0,5.0,0.6,1.5,1.0,0.05,0.702,168,0.05,0.09,0.0,True,-0.15,0.615,65,0.237
EUR_USD,5,0.005,0.2,14,2,3.0,5.0,0.7,1.5,1.0,0.05,0.667,168,-0.01,0.11,0.04,False,-0.1,0.615,65,
EUR_USD,5,0.005,0.2,14,2,3.0,5.0,0.8,1.5,1.0,0.06,0.643,168,0.0,0.12,0.04,True,-0.11,0.585,65,0.218
EUR_USD,5,0.005,0.2,14,2,3.0,5.0,0.8,2.0,1.0,0.05,0.673,168,0.05,0.12,-0.03,False,-0.07,0.662,65,
EUR_USD,5,0.005,0.2,14,2,3.0,5.0,0.8,2.5,1.0,0.06,0.702,168,-0.01,0.24,-0.05,False,-0.06,0.677,65,
EUR_USD,5,0.005,0.2,14,2,4.0,5.0,0.4,1.5,0.5,-0.02,0.727,183,0.05,0.09,-0.21,False,-0.18,0.671,85,
EUR_USD,5,0.005,0.2,14,2,4.0,5.0,0.4,1.5,1.0,0.04,0.802,81,0.09,0.09,-0.06,False,-0.04,0.742,31,
EUR_USD,5,0.005,0.2,14,2,4.0,5.0,0.4,2.5,1.0,0.01,0.815,81,0.09,0.05,-0.1,False,-0.08,0.774,31,
EUR_USD,5,0.005,0.2,14,2,4.0,5.0,0.5,1.5,0.5,0.01,0.694,183,0.02,0.13,-0.13,False,-0.22,0.607,84,
EUR_USD,5,0.005,0.2,14,2,4.0,5.0,0.5,1.5,1.0,0.06,0.778,81,0.08,0.11,-0.02,False,-0.06,0.677,31,
EUR_USD,5,0.005,0.2,14,2,4.0,5.0,0.5,2.0,0.5,0.01,0.724,181,-0.01,0.16,-0.13,False,-0.27,0.622,82,
EUR_USD,5,0.005,0.2,14,2,4.0,5.0,0.5,2.0,1.0,0.05,0.79,81,0.12,0.09,-0.06,False,-0.08,0.71,31,
EUR_USD,5,0.005,0.2,14,2,4.0,5.0,0.5,2.5,0.5,-0.01,0.735,181,-0.01,0.12,-0.16,False,-0.26,0.646,82,
EUR_USD,5,0.005,0.2,14,2,4.0,5.0,0.5,2.5,1.0,0.04,0.802,81,0.12,0.07,-0.05,False,-0.11,0.71,31,
EUR_USD,5,0.005,0.2,14,2,4.0,5.0,0.6,1.5,0.5,-0.02,0.652,181,0.06,0.02,-0.13,False,-0.18,0.595,84,
EUR_USD,5,0.005,0.2,14,2,4.0,5.0,0.6,1.5,1.0,0.07,0.753,81,0.1,0.1,-0.0,False,-0.04,0.677,31,
EUR_USD,5,0.005,0.2,14,2,4.0,5.0,0.6,2.0,0.5,-0.04,0.676,179,0.04,-0.02,-0.15,False,-0.24,0.61,82,
EUR_USD,5,0.005,0.2,14,2,4.0,5.0,0.6,2.0,1.0,0.05,0.765,81,0.13,0.07,-0.06,False,-0.06,0.71,31,
EUR_USD,5,0.005,0.2,14,2,4.0,5.0,0.6,2.5,1.0,0.04,0.778,81,0.13,0.05,-0.05,False,-0.08,0.71,31,
EUR_USD,5,0.005,0.2,14,2,4.0,5.0,0.7,1.5,0.5,-0.03,0.613,181,-0.02,0.08,-0.16,False,-0.23,0.548,84,
EUR_USD,5,0.005,0.2,14,2,4.0,5.0,0.7,1.5,1.0,0.06,0.716,81,0.05,0.13,0.02,True,-0.02,0.677,31,0.092
EUR_USD,5,0.005,0.2,14,2,4.0,5.0,0.7,2.0,0.5,-0.05,0.642,179,-0.02,0.04,-0.17,False,-0.29,0.561,82,
EUR_USD,5,0.005,0.2,14,2,4.0,5.0,0.7,2.0,1.0,0.06,0.741,81,0.11,0.11,-0.04,False,-0.03,0.71,31,
EUR_USD,5,0.005,0.2,14,2,4.0,5.0,0.7,2.5,1.0,0.05,0.753,81,0.1,0.08,-0.03,False,-0.06,0.71,31,
EUR_USD,5,0.005,0.2,14,2,4.0,5.0,0.8,1.5,0.5,-0.06,0.58,181,0.01,0.11,-0.3,False,-0.24,0.524,84,
EUR_USD,5,0.005,0.2,14,2,4.0,5.0,0.8,1.5,1.0,0.05,0.679,81,0.06,0.13,-0.02,False,-0.02,0.645,31,
EUR_USD,5,0.005,0.2,14,2,4.0,5.0,0.8,2.0,0.5,-0.05,0.62,179,0.02,0.07,-0.24,False,-0.31,0.537,82,
EUR_USD,5,0.005,0.2,14,2,4.0,5.0,0.8,2.0,1.0,0.06,0.716,81,0.13,0.09,-0.05,False,-0.04,0.677,31,
EUR_USD,5,0.005,0.2,14,2,4.0,5.0,0.8,2.5,0.5,-0.07,0.637,179,0.02,0.03,-0.26,False,-0.25,0.573,82,
EUR_USD,5,0.005,0.2,14,2,4.0,5.0,0.8,2.5,1.0,0.07,0.741,81,0.12,0.11,-0.01,False,-0.07,0.677,31,
EUR_USD,5,0.005,0.2,20,2,4.0,5.0,0.3,1.5,1.0,0.03,0.866,67,0.04,0.02,0.02,True,-0.02,0.8,20,0.188
EUR_USD,5,0.005,0.2,20,2,4.0,5.0,0.4,1.5,1.0,0.01,0.791,67,0.03,0.01,-0.01,False,-0.0,0.8,20,
EUR_USD,5,0.005,0.2,20,2,4.0,5.0,0.4,2.0,1.0,0.03,0.836,67,0.05,-0.02,0.04,False,-0.01,0.8,20,
EUR_USD,5,0.005,0.2,20,2,4.0,5.0,0.5,1.5,1.0,-0.02,0.716,67,0.05,-0.08,-0.03,False,0.01,0.75,20,
EUR_USD,5,0.005,0.2,20,2,4.0,5.0,0.5,2.0,1.0,0.0,0.776,67,0.07,-0.09,0.01,False,0.01,0.75,20,
EUR_USD,5,0.005,0.2,20,2,4.0,5.0,0.5,2.5,1.0,0.01,0.806,67,0.07,-0.02,-0.01,False,-0.02,0.75,20,
EUR_USD,5,0.005,0.2,20,2,4.0,5.0,0.6,1.5,1.0,-0.0,0.701,67,0.06,-0.06,-0.01,False,-0.02,0.65,20,
EUR_USD,5,0.005,0.2,20,2,4.0,5.0,0.6,2.0,1.0,0.01,0.746,67,0.09,-0.1,0.03,False,-0.04,0.65,20,
EUR_USD,5,0.005,0.2,20,2,4.0,5.0,0.6,2.5,1.0,0.02,0.776,67,0.08,-0.04,0.01,False,-0.06,0.65,20,
EUR_USD,5,0.005,0.2,20,2,4.0,5.0,0.7,1.5,1.0,0.01,0.687,67,0.07,-0.04,0.01,False,-0.05,0.55,20,
EUR_USD,5,0.005,0.2,20,2,4.0,5.0,0.8,1.5,1.0,0.03,0.687,67,0.07,-0.02,0.05,False,-0.03,0.55,20,
EUR_USD,5,0.005,0.2,20,2,4.0,5.0,0.8,2.0,1.0,0.05,0.731,67,0.11,-0.07,0.1,False,-0.03,0.55,20,
EUR_USD,5,0.005,0.2,20,4,4.0,5.0,0.5,1.5,1.0,-0.02,0.628,43,0.01,-0.04,-0.03,False,-0.0,0.75,20,
EUR_USD,5,0.005,0.2,20,4,4.0,5.0,0.6,1.5,1.0,-0.0,0.628,43,0.02,-0.02,-0.01,False,-0.05,0.6,20,
EUR_USD,5,0.005,0.2,20,4,4.0,5.0,0.7,1.5,1.0,-0.0,0.581,43,0.03,-0.01,-0.02,False,-0.03,0.6,20,
EUR_USD,5,0.005,0.2,20,4,4.0,5.0,0.8,1.5,1.0,-0.0,0.558,43,0.04,0.01,-0.06,False,-0.03,0.6,20,
EUR_USD,5,0.005,0.2,20,4,4.0,5.0,0.8,2.0,1.0,0.04,0.628,43,0.03,-0.0,0.08,False,-0.07,0.6,20,
EUR_USD,10,0.002,-999.0,14,2,3.0,5.0,0.5,1.5,1.0,0.01,0.72,758,-0.11,0.22,-0.08,False,-0.54,0.642,254,
EUR_USD,10,0.002,-999.0,14,2,3.0,5.0,0.6,1.5,1.0,0.05,0.688,757,-0.01,0.29,-0.13,False,-0.58,0.602,254,
EUR_USD,10,0.002,-999.0,14,2,3.0,5.0,0.7,1.5,1.0,0.05,0.658,757,-0.04,0.31,-0.12,False,-0.58,0.575,254,
EUR_USD,10,0.002,-999.0,14,2,3.0,5.0,0.8,1.5,1.0,0.05,0.628,756,-0.01,0.32,-0.18,False,-0.63,0.54,252,
EUR_USD,10,0.002,-999.0,14,2,3.0,5.0,0.8,2.0,1.0,0.01,0.666,754,-0.08,0.22,-0.11,False,-0.68,0.583,252,
EUR_USD,10,0.002,-999.0,14,2,3.0,5.0,0.8,2.5,1.0,0.01,0.686,752,-0.18,0.43,-0.23,False,-0.74,0.595,252,
EUR_USD,10,0.002,-999.0,14,2,4.0,5.0,0.4,1.5,0.5,0.02,0.746,894,0.27,0.2,-0.42,False,-0.74,0.653,320,
EUR_USD,10,0.002,-999.0,14,2,4.0,5.0,0.4,1.5,1.0,0.04,0.77,413,0.23,0.14,-0.24,False,-0.3,0.674,135,
EUR_USD,10,0.002,-999.0,14,2,4.0,5.0,0.4,2.5,1.0,0.01,0.804,413,0.36,0.05,-0.39,False,-0.51,0.696,135,
EUR_USD,10,0.002,-999.0,14,2,4.0,5.0,0.5,1.5,0.5,0.16,0.714,893,0.33,0.39,-0.25,False,-0.81,0.602,319,
EUR_USD,10,0.002,-999.0,14,2,4.0,5.0,0.5,1.5,1.0,0.15,0.751,413,0.3,0.23,-0.06,False,-0.37,0.615,135,
EUR_USD,10,0.002,-999.0,14,2,4.0,5.0,0.5,2.0,0.5,0.14,0.736,890,0.4,0.39,-0.38,False,-0.89,0.625,317,
EUR_USD,10,0.002,-999.0,14,2,4.0,5.0,0.5,2.0,1.0,0.12,0.77,413,0.41,0.15,-0.22,False,-0.44,0.637,135,
EUR_USD,10,0.002,-999.0,14,2,4.0,5.0,0.5,2.5,0.5,0.05,0.743,890,0.35,0.31,-0.52,False,-0.95,0.64,317,
EUR_USD,10,0.002,-999.0,14,2,4.0,5.0,0.5,2.5,1.0,0.09,0.78,413,0.38,0.14,-0.26,False,-0.58,0.637,135,
EUR_USD,10,0.002,-999.0,14,2,4.0,5.0,0.6,1.5,0.5,0.14,0.673,890,0.35,0.31,-0.23,False,-0.79,0.577,319,
EUR_USD,10,0.002,-999.0,14,2,4.0,5.0,0.6,1.5,1.0,0.19,0.719,413,0.37,0.27,-0.06,False,-0.43,0.57,135,
EUR_USD,10,0.002,-999.0,14,2,4.0,5.0,0.6,2.0,0.5,0.1,0.694,887,0.42,0.27,-0.4,False,-0.83,0.603,317,
EUR_USD,10,0.002,-999.0,14,2,4.0,5.0,0.6,2.0,1.0,0.14,0.738,413,0.48,0.19,-0.24,False,-0.45,0.607,135,
EUR_USD,10,0.002,-999.0,14,2,4.0,5.0,0.6,2.5,1.0,0.1,0.748,413,0.43,0.16,-0.3,False,-0.57,0.607,135,
EUR_USD,10,0.002,-999.0,14,2,4.0,5.0,0.7,1.5,0.5,0.06,0.632,888,0.18,0.35,-0.36,False,-0.78,0.549,319,
EUR_USD,10,0.002,-999.0,14,2,4.0,5.0,0.7,1.5,1.0,0.16,0.68,413,0.31,0.28,-0.13,False,-0.44,0.548,135,
EUR_USD,10,0.002,-999.0,14,2,4.0,5.0,0.7,2.0,0.5,0.06,0.66,885,0.29,0.38,-0.48,False,-0.83,0.574,317,
EUR_USD,10,0.002,-999.0,14,2,4.0,5.0,0.7,2.0,1.0,0.15,0.712,413,0.46,0.23,-0.26,False,-0.46,0.585,135,
EUR_USD,10,0.002,-999.0,14,2,4.0,5.0,0.7,2.5,1.0,0.11,0.722,413,0.42,0.24,-0.32,False,-0.54,0.593,135,
EUR_USD,10,0.002,-999.0,14,2,4.0,5.0,0.8,1.5,0.5,0.08,0.605,886,0.22,0.51,-0.51,False,-0.8,0.524,319,
EUR_USD,10,0.002,-999.0,14,2,4.0,5.0,0.8,1.5,1.0,0.15,0.649,413,0.32,0.3,-0.18,False,-0.45,0.519,135,
EUR_USD,10,0.002,-999.0,14,2,4.0,5.0,0.8,2.0,0.5,0.11,0.638,883,0.34,0.54,-0.54,False,-0.83,0.552,317,
EUR_USD,10,0.002,-999.0,14,2,4.0,5.0,0.8,2.0,1.0,0.16,0.688,413,0.49,0.24,-0.26,False,-0.47,0.556,135,
EUR_USD,10,0.002,-999.0,14,2,4.0,5.0,0.8,2.5,0.5,0.05,0.647,883,0.27,0.49,-0.63,False,-0.74,0.577,317,
EUR_USD,10,0.002,-999.0,14,2,4.0,5.0,0.8,2.5,1.0,0.14,0.7,413,0.42,0.28,-0.27,False,-0.56,0.563,135,
EUR_USD,10,0.002,-999.0,20,2,4.0,5.0,0.3,1.5,1.0,0.04,0.831,307,0.19,-0.05,-0.01,False,-0.05,0.802,86,
EUR_USD,10,0.002,-999.0,20,2,4.0,5.0,0.4,1.5,1.0,0.07,0.788,307,0.22,-0.04,0.03,False,-0.02,0.767,86,
EUR_USD,10,0.002,-999.0,20,2,4.0,5.0,0.4,2.0,1.0,0.02,0.801,307,0.19,-0.12,-0.0,False,-0.05,0.767,86,
EUR_USD,10,0.002,-999.0,20,2,4.0,5.0,0.5,1.5,1.0,0.1,0.749,307,0.32,-0.12,0.09,False,0.04,0.744,86,
EUR_USD,10,0.002,-999.0,20,2,4.0,5.0,0.5,2.0,1.0,0.05,0.765,307,0.31,-0.21,0.04,False,-0.0,0.744,86,
EUR_USD,10,0.002,-999.0,20,2,4.0,5.0,0.5,2.5,1.0,0.04,0.775,307,0.21,-0.09,-0.01,False,-0.08,0.744,86,
EUR_USD,10,0.002,-999.0,20,2,4.0,5.0,0.6,1.5,1.0,0.11,0.71,307,0.36,-0.06,0.03,False,-0.03,0.674,86,
EUR_USD,10,0.002,-999.0,20,2,4.0,5.0,0.6,2.0,1.0,0.08,0.73,307,0.38,-0.18,0.05,False,-0.08,0.674,86,
EUR_USD,10,0.002,-999.0,20,2,4.0,5.0,0.6,2.5,1.0,0.06,0.736,307,0.28,-0.09,-0.01,False,-0.17,0.674,86,
EUR_USD,10,0.002,-999.0,20,2,4.0,5.0,0.7,1.5,1.0,0.05,0.655,307,0.35,-0.03,-0.18,False,-0.03,0.64,86,
EUR_USD,10,0.002,-999.0,20,2,4.0,5.0,0.8,1.5,1.0,0.07,0.634,306,0.38,-0.1,-0.08,False,-0.12,0.581,86,
EUR_USD,10,0.002,-999.0,20,2,4.0,5.0,0.8,2.0,1.0,0.02,0.654,306,0.38,-0.24,-0.09,False,-0.08,0.605,86,
EUR_USD,10,0.002,-999.0,20,4,4.0,5.0,0.5,1.5,1.0,0.01,0.703,202,0.11,-0.05,-0.04,False,-0.04,0.683,60,
EUR_USD,10,0.002,-999.0,20,4,4.0,5.0,0.6,1.5,1.0,0.01,0.663,202,0.08,-0.03,-0.03,False,-0.12,0.567,60,
EUR_USD,10,0.002,-999.0,20,4,4.0,5.0,0.7,1.5,1.0,0.01,0.629,202,0.01,-0.02,0.03,False,-0.12,0.533,60,
EUR_USD,10,0.002,-999.0,20,4,4.0,5.0,0.8,1.5,1.0,0.01,0.599,202,-0.0,-0.03,0.05,False,-0.16,0.483,60,
EUR_USD,10,0.002,-999.0,20,4,4.0,5.0,0.8,2.0,1.0,0.01,0.619,202,-0.07,-0.04,0.14,False,-0.18,0.483,60,
EUR_USD,10,0.002,0.0,14,2,3.0,5.0,0.5,1.5,1.0,-0.0,0.721,362,-0.17,0.14,0.02,False,-0.35,0.627,126,
EUR_USD,10,0.002,0.0,14,2,3.0,5.0,0.6,1.5,1.0,0.02,0.691,362,-0.13,0.2,0.0,False,-0.36,0.587,126,
EUR_USD,10,0.002,0.0,14,2,3.0,5.0,0.7,1.5,1.0,0.03,0.663,362,-0.18,0.26,-0.0,False,-0.29,0.579,126,
EUR_USD,10,0.002,0.0,14,2,3.0,5.0,0.8,1.5,1.0,0.01,0.629,361,-0.12,0.23,-0.07,False,-0.32,0.54,126,
EUR_USD,10,0.002,0.0,14,2,3.0,5.0,0.8,2.0,1.0,-0.01,0.659,361,-0.09,0.17,-0.11,False,-0.3,0.611,126,
EUR_USD,10,0.002,0.0,14,2,3.0,5.0,0.8,2.5,1.0,-0.0,0.684,361,-0.1,0.31,-0.22,False,-0.35,0.619,126,
EUR_USD,10,0.002,0.0,14,2,4.0,5.0,0.4,1.5,0.5,-0.17,0.687,403,-0.12,0.03,-0.42,False,-0.51,0.615,161,
EUR_USD,10,0.002,0.0,14,2,4.0,5.0,0.4,1.5,1.0,0.03,0.775,191,0.06,0.16,-0.14,False,-0.23,0.636,66,
EUR_USD,10,0.002,0.0,14,2,4.0,5.0,0.4,2.5,1.0,-0.04,0.796,191,0.02,0.1,-0.24,False,-0.37,0.667,66,
EUR_USD,10,0.002,0.0,14,2,4.0,5.0,0.5,1.5,0.5,-0.15,0.649,402,-0.18,0.07,-0.34,False,-0.5,0.575,160,
EUR_USD,10,0.002,0.0,14,2,4.0,5.0,0.5,1.5,1.0,0.05,0.743,191,0.0,0.2,-0.04,False,-0.22,0.606,66,
EUR_USD,10,0.002,0.0,14,2,4.0,5.0,0.5,2.0,0.5,-0.12,0.679,399,-0.2,0.18,-0.33,False,-0.61,0.595,158,
EUR_USD,10,0.002,0.0,14,2,4.0,5.0,0.5,2.0,1.0,0.02,0.759,191,0.03,0.17,-0.15,False,-0.28,0.636,66,
EUR_USD,10,0.002,0.0,14,2,4.0,5.0,0.5,2.5,0.5,-0.16,0.689,399,-0.18,0.1,-0.41,False,-0.65,0.614,158,
EUR_USD,10,0.002,0.0,14,2,4.0,5.0,0.5,2.5,1.0,-0.01,0.77,191,0.0,0.14,-0.19,False,-0.37,0.636,66,
EUR_USD,10,0.002,0.0,14,2,4.0,5.0,0.6,1.5,0.5,-0.15,0.614,399,-0.11,-0.04,-0.3,False,-0.5,0.55,160,
EUR_USD,10,0.002,0.0,14,2,4.0,5.0,0.6,1.5,1.0,0.09,0.717,191,0.03,0.22,0.01,True,-0.26,0.561,66,0.116
EUR_USD,10,0.002,0.0,14,2,4.0,5.0,0.6,2.0,0.5,-0.15,0.641,396,-0.13,-0.01,-0.31,False,-0.58,0.576,158,
EUR_USD,10,0.002,0.0,14,2,4.0,5.0,0.6,2.0,1.0,0.05,0.733,191,0.06,0.18,-0.1,False,-0.29,0.606,66,
EUR_USD,10,0.002,0.0,14,2,4.0,5.0,0.6,2.5,1.0,0.01,0.743,191,0.04,0.14,-0.15,False,-0.38,0.606,66,
EUR_USD,10,0.002,0.0,14,2,4.0,5.0,0.7,1.5,0.5,-0.18,0.58,398,-0.21,0.06,-0.38,False,-0.49,0.525,160,
EUR_USD,10,0.002,0.0,14,2,4.0,5.0,0.7,1.5,1.0,0.07,0.681,191,-0.03,0.27,-0.03,False,-0.22,0.561,66,
EUR_USD,10,0.002,0.0,14,2,4.0,5.0,0.7,2.0,0.5,-0.15,0.613,395,-0.2,0.1,-0.36,False,-0.56,0.551,158,
EUR_USD,10,0.002,0.0,14,2,4.0,5.0,0.7,2.0,1.0,0.05,0.707,191,0.03,0.24,-0.12,False,-0.24,0.606,66,
EUR_USD,10,0.002,0.0,14,2,4.0,5.0,0.7,2.5,1.0,0.02,0.717,191,0.02,0.2,-0.17,False,-0.34,0.606,66,
EUR_USD,10,0.002,0.0,14,2,4.0,5.0,0.8,1.5,0.5,-0.19,0.553,398,-0.12,0.13,-0.57,False,-0.5,0.5,160,
EUR_USD,10,0.002,0.0,14,2,4.0,5.0,0.8,1.5,1.0,0.06,0.644,191,-0.0,0.29,-0.12,False,-0.22,0.53,66,
EUR_USD,10,0.002,0.0,14,2,4.0,5.0,0.8,2.0,0.5,-0.13,0.592,395,-0.12,0.17,-0.44,False,-0.55,0.532,158,
EUR_USD,10,0.002,0.0,14,2,4.0,5.0,0.8,2.0,1.0,0.05,0.681,191,0.06,0.25,-0.15,False,-0.25,0.576,66,
EUR_USD,10,0.002,0.0,14,2,4.0,5.0,0.8,2.5,0.5,-0.17,0.605,395,-0.07,0.09,-0.54,False,-0.56,0.557,158,
EUR_USD,10,0.002,0.0,14,2,4.0,5.0,0.8,2.5,1.0,0.04,0.696,191,0.04,0.26,-0.17,False,-0.34,0.576,66,
EUR_USD,10,0.002,0.0,20,2,4.0,5.0,0.3,1.5,1.0,0.03,0.834,145,0.06,-0.01,0.04,False,-0.06,0.763,38,
EUR_USD,10,0.002,0.0,20,2,4.0,5.0,0.4,1.5,1.0,0.03,0.786,145,0.05,0.0,0.04,True,-0.02,0.763,38,0.272
EUR_USD,10,0.002,0.0,20,2,4.0,5.0,0.4,2.0,1.0,0.02,0.807,145,0.04,-0.05,0.06,False,-0.04,0.763,38,
EUR_USD,10,0.002,0.0,20,2,4.0,5.0,0.5,1.5,1.0,0.02,0.731,145,0.11,-0.08,0.03,False,0.02,0.737,38,
EUR_USD,10,0.002,0.0,20,2,4.0,5.0,0.5,2.0,1.0,0.0,0.759,145,0.1,-0.12,0.03,False,-0.0,0.737,38,
EUR_USD,10,0.002,0.0,20,2,4.0,5.0,0.5,2.5,1.0,-0.01,0.772,145,0.06,-0.07,-0.0,False,-0.04,0.737,38,
EUR_USD,10,0.002,0.0,20,2,4.0,5.0,0.6,1.5,1.0,0.0,0.683,145,0.08,-0.05,-0.02,False,-0.03,0.658,38,
EUR_USD,10,0.002,0.0,20,2,4.0,5.0,0.6,2.0,1.0,0.01,0.717,145,0.11,-0.12,0.04,False,-0.06,0.658,38,
EUR_USD,10,0.002,0.0,20,2,4.0,5.0,0.6,2.5,1.0,-0.01,0.724,145,0.07,-0.1,0.01,False,-0.1,0.658,38,
EUR_USD,10,0.002,0.0,20,2,4.0,5.0,0.7,1.5,1.0,0.02,0.655,145,0.13,-0.05,-0.03,False,-0.04,0.605,38,
EUR_USD,10,0.002,0.0,20,2,4.0,5.0,0.8,1.5,1.0,0.04,0.646,144,0.17,-0.06,0.01,False,-0.05,0.579,38,
EUR_USD,10,0.002,0.0,20,2,4.0,5.0,0.8,2.0,1.0,0.04,0.681,144,0.2,-0.15,0.07,False,-0.01,0.632,38,
EUR_USD,10,0.002,0.0,20,4,4.0,5.0,0.5,1.5,1.0,-0.04,0.644,101,-0.07,-0.02,-0.04,False,0.02,0.722,36,
EUR_USD,10,0.002,0.0,20,4,4.0,5.0,0.6,1.5,1.0,-0.02,0.624,101,-0.06,0.01,-0.02,False,-0.03,0.611,36,
EUR_USD,10,0.002,0.0,20,4,4.0,5.0,0.7,1.5,1.0,-0.03,0.584,101,-0.07,-0.0,-0.02,False,-0.05,0.556,36,
EUR_USD,10,0.002,0.0,20,4,4.0,5.0,0.8,1.5,1.0,-0.05,0.554,101,-0.09,-0.04,-0.02,False,-0.04,0.556,36,
EUR_USD,10,0.002,0.0,20,4,4.0,5.0,0.8,2.0,1.0,-0.04,0.584,101,-0.16,-0.06,0.1,False,-0.07,0.556,36,
EUR_USD,10,0.002,0.05,14,2,3.0,5.0,0.5,1.5,1.0,0.05,0.738,332,-0.09,0.15,0.09,False,-0.32,0.617,107,
EUR_USD,10,0.002,0.05,14,2,3.0,5.0,0.6,1.5,1.0,0.07,0.705,332,-0.05,0.2,0.05,False,-0.32,0.579,107,
EUR_USD,10,0.002,0.05,14,2,3.0,5.0,0.7,1.5,1.0,0.06,0.675,332,-0.09,0.25,0.03,False,-0.26,0.57,107,
EUR_USD,10,0.002,0.05,14,2,3.0,5.0,0.8,1.5,1.0,0.05,0.64,331,-0.04,0.22,-0.03,False,-0.28,0.533,107,
EUR_USD,10,0.002,0.05,14,2,3.0,5.0,0.8,2.0,1.0,0.04,0.674,331,-0.03,0.18,-0.04,False,-0.23,0.617,107,
EUR_USD,10,0.002,0.05,14,2,3.0,5.0,0.8,2.5,1.0,0.04,0.698,331,-0.02,0.28,-0.13,False,-0.26,0.626,107,
EUR_USD,10,0.002,0.05,14,2,4.0,5.0,0.4,1.5,0.5,-0.15,0.696,382,-0.1,0.02,-0.38,False,-0.47,0.607,145,
EUR_USD,10,0.002,0.05,14,2,4.0,5.0,0.4,1.5,1.0,0.04,0.78,182,0.05,0.15,-0.09,False,-0.19,0.643,56,
EUR_USD,10,0.002,0.05,14,2,4.0,5.0,0.4,2.5,1.0,-0.02,0.802,182,0.01,0.09,-0.16,False,-0.28,0.679,56,
EUR_USD,10,0.002,0.05,14,2,4.0,5.0,0.5,1.5,0.5,-0.14,0.656,381,-0.16,0.05,-0.3,False,-0.46,0.569,144,
EUR_USD,10,0.002,0.05,14,2,4.0,5.0,0.5,1.5,1.0,0.06,0.747,182,-0.01,0.18,0.0,False,-0.16,0.625,56,
EUR_USD,10,0.002,0.05,14,2,4.0,5.0,0.5,2.0,0.5,-0.1,0.688,378,-0.17,0.16,-0.28,False,-0.53,0.592,142,
EUR_USD,10,0.002,0.05,14,2,4.0,5.0,0.5,2.0,1.0,0.03,0.764,182,0.02,0.15,-0.09,False,-0.19,0.661,56,
EUR_USD,10,0.002,0.05,14,2,4.0,5.0,0.5,2.5,0.5,-0.15,0.696,378,-0.19,0.08,-0.34,False,-0.54,0.613,142,
EUR_USD,10,0.002,0.05,14,2,4.0,5.0,0.5,2.5,1.0,0.0,0.775,182,-0.0,0.12,-0.11,False,-0.25,0.661,56,
EUR_USD,10,0.002,0.05,14,2,4.0,5.0,0.6,1.5,0.5,-0.15,0.619,378,-0.09,-0.07,-0.28,False,-0.43,0.549,144,
EUR_USD,10,0.002,0.05,14,2,4.0,5.0,0.6,1.5,1.0,0.09,0.72,182,0.02,0.2,0.05,True,-0.17,0.589,56,0.103
EUR_USD,10,0.002,0.05,14,2,4.0,5.0,0.6,2.0,0.5,-0.13,0.648,375,-0.1,-0.03,-0.27,False,-0.49,0.577,142,
EUR_USD,10,0.002,0.05,14,2,4.0,5.0,0.6,2.0,1.0,0.06,0.736,182,0.06,0.16,-0.05,False,-0.18,0.643,56,
EUR_USD,10,0.002,0.05,14,2,4.0,5.0,0.6,2.5,1.0,0.03,0.747,182,0.03,0.12,-0.08,False,-0.25,0.643,56,
EUR_USD,10,0.002,0.05,14,2,4.0,5.0,0.7,1.5,0.5,-0.18,0.584,377,-0.19,0.03,-0.37,False,-0.42,0.528,144,
EUR_USD,10,0.002,0.05,14,2,4.0,5.0,0.7,1.5,1.0,0.07,0.681,182,-0.03,0.25,0.0,False,-0.14,0.589,56,
EUR_USD,10,0.002,0.05,14,2,4.0,5.0,0.7,2.0,0.5,-0.14,0.618,374,-0.17,0.07,-0.33,False,-0.47,0.556,142,
EUR_USD,10,0.002,0.05,14,2,4.0,5.0,0.7,2.0,1.0,0.06,0.709,182,0.03,0.21,-0.07,False,-0.14,0.643,56,
EUR_USD,10,0.002,0.05,14,2,4.0,5.0,0.7,2.5,1.0,0.03,0.72,182,0.02,0.17,-0.1,False,-0.21,0.643,56,
EUR_USD,10,0.002,0.05,14,2,4.0,5.0,0.8,1.5,0.5,-0.19,0.554,377,-0.11,0.1,-0.57,False,-0.44,0.5,144,
EUR_USD,10,0.002,0.05,14,2,4.0,5.0,0.8,1.5,1.0,0.05,0.643,182,-0.01,0.26,-0.09,False,-0.15,0.554,56,
EUR_USD,10,0.002,0.05,14,2,4.0,5.0,0.8,2.0,0.5,-0.13,0.596,374,-0.09,0.14,-0.42,False,-0.47,0.535,142,
EUR_USD,10,0.002,0.05,14,2,4.0,5.0,0.8,2.0,1.0,0.05,0.681,182,0.05,0.22,-0.11,False,-0.15,0.607,56,
EUR_USD,10,0.002,0.05,14,2,4.0,5.0,0.8,2.5,0.5,-0.18,0.607,374,-0.09,0.06,-0.5,False,-0.45,0.563,142,
EUR_USD,10,0.002,0.05,14,2,4.0,5.0,0.8,2.5,1.0,0.05,0.698,182,0.04,0.23,-0.11,False,-0.22,0.607,56,
EUR_USD,10,0.002,0.05,20,2,4.0,5.0,0.3,1.5,1.0,0.03,0.833,138,0.05,-0.01,0.04,False,-0.05,0.765,34,
EUR_USD,10,0.002,0.05,20,2,4.0,5.0,0.4,1.5,1.0,0.04,0.79,138,0.04,-0.01,0.08,False,-0.01,0.765,34,
EUR_USD,10,0.002,0.05,20,2,4.0,5.0,0.4,2.0,1.0,0.02,0.812,138,0.02,-0.06,0.1,False,-0.02,0.765,34,
EUR_USD,10,0.002,0.05,20,2,4.0,5.0,0.5,1.5,1.0,0.02,0.732,138,0.09,-0.09,0.06,False,0.02,0.735,34,
EUR_USD,10,0.002,0.05,20,2,4.0,5.0,0.5,2.0,1.0,0.0,0.761,138,0.08,-0.13,0.06,False,0.01,0.735,34,
EUR_USD,10,0.002,0.05,20,2,4.0,5.0,0.5,2.5,1.0,-0.0,0.775,138,0.04,-0.08,0.04,False,-0.02,0.735,34,
EUR_USD,10,0.002,0.05,20,2,4.0,5.0,0.6,1.5,1.0,0.01,0.681,138,0.07,-0.06,0.01,False,-0.0,0.676,34,
EUR_USD,10,0.002,0.05,20,2,4.0,5.0,0.6,2.0,1.0,0.01,0.717,138,0.09,-0.13,0.07,False,-0.02,0.676,34,
EUR_USD,10,0.002,0.05,20,2,4.0,5.0,0.6,2.5,1.0,-0.01,0.725,138,0.05,-0.11,0.04,False,-0.05,0.676,34,
EUR_USD,10,0.002,0.05,20,2,4.0,5.0,0.7,1.5,1.0,0.02,0.652,138,0.12,-0.06,-0.0,False,-0.02,0.618,34,
EUR_USD,10,0.002,0.05,20,2,4.0,5.0,0.8,1.5,1.0,0.04,0.642,137,0.15,-0.08,0.05,False,-0.02,0.588,34,
EUR_USD,10,0.002,0.05,20,2,4.0,5.0,0.8,2.0,1.0,0.04,0.679,137,0.18,-0.17,0.11,False,0.02,0.647,34,
EUR_USD,10,0.002,0.05,20,4,4.0,5.0,0.5,1.5,1.0,-0.04,0.652,92,-0.1,-0.03,0.02,False,0.02,0.727,33,
EUR_USD,10,0.002,0.05,20,4,4.0,5.0,0.6,1.5,1.0,-0.02,0.641,92,-0.09,-0.0,0.04,False,-0.02,0.606,33,
EUR_USD,10,0.002,0.05,20,4,4.0,5.0,0.7,1.5,1.0,-0.03,0.598,92,-0.11,-0.01,0.05,False,-0.04,0.576,33,
EUR_USD,10,0.002,0.05,20,4,4.0,5.0,0.8,1.5,1.0,-0.04,0.565,92,-0.13,-0.05,0.04,False,-0.03,0.576,33,
EUR_USD,10,0.002,0.05,20,4,4.0,5.0,0.8,2.0,1.0,-0.04,0.598,92,-0.2,-0.07,0.16,False,-0.06,0.576,33,
EUR_USD,10,0.002,0.1,14,2,3.0,5.0,0.5,1.5,1.0,0.04,0.736,329,-0.1,0.14,0.09,False,-0.32,0.617,107,
EUR_USD,10,0.002,0.1,14,2,3.0,5.0,0.6,1.5,1.0,0.06,0.702,329,-0.06,0.18,0.05,False,-0.32,0.579,107,
EUR_USD,10,0.002,0.1,14,2,3.0,5.0,0.7,1.5,1.0,0.05,0.672,329,-0.11,0.23,0.03,False,-0.26,0.57,107,
EUR_USD,10,0.002,0.1,14,2,3.0,5.0,0.8,1.5,1.0,0.04,0.637,328,-0.06,0.2,-0.03,False,-0.28,0.533,107,
EUR_USD,10,0.002,0.1,14,2,3.0,5.0,0.8,2.0,1.0,0.02,0.671,328,-0.04,0.15,-0.04,False,-0.23,0.617,107,
EUR_USD,10,0.002,0.1,14,2,3.0,5.0,0.8,2.5,1.0,0.03,0.695,328,-0.04,0.26,-0.13,False,-0.26,0.626,107,
EUR_USD,10,0.002,0.1,14,2,4.0,5.0,0.4,1.5,0.5,-0.15,0.698,377,-0.09,0.02,-0.38,False,-0.47,0.607,145,
EUR_USD,10,0.002,0.1,14,2,4.0,5.0,0.4,1.5,1.0,0.03,0.778,180,0.05,0.14,-0.09,False,-0.19,0.643,56,
EUR_USD,10,0.002,0.1,14,2,4.0,5.0,0.4,2.5,1.0,-0.02,0.8,180,0.0,0.08,-0.16,False,-0.28,0.679,56,
EUR_USD,10,0.002,0.1,14,2,4.0,5.0,0.5,1.5,0.5,-0.14,0.657,376,-0.15,0.04,-0.3,False,-0.46,0.569,144,
EUR_USD,10,0.002,0.1,14,2,4.0,5.0,0.5,1.5,1.0,0.05,0.744,180,-0.02,0.17,0.0,False,-0.16,0.625,56,
EUR_USD,10,0.002,0.1,14,2,4.0,5.0,0.5,2.0,0.5,-0.1,0.689,373,-0.16,0.15,-0.28,False,-0.53,0.592,142,
EUR_USD,10,0.002,0.1,14,2,4.0,5.0,0.5,2.0,1.0,0.02,0.761,180,0.01,0.14,-0.09,False,-0.19,0.661,56,
EUR_USD,10,0.002,0.1,14,2,4.0,5.0,0.5,2.5,0.5,-0.15,0.697,373,-0.18,0.07,-0.34,False,-0.54,0.613,142,
EUR_USD,10,0.002,0.1,14,2,4.0,5.0,0.5,2.5,1.0,-0.0,0.772,180,-0.01,0.11,-0.11,False,-0.25,0.661,56,
EUR_USD,10,0.002,0.1,14,2,4.0,5.0,0.6,1.5,0.5,-0.15,0.619,373,-0.09,-0.07,-0.28,False,-0.43,0.549,144,
EUR_USD,10,0.002,0.1,14,2,4.0,5.0,0.6,1.5,1.0,0.08,0.717,180,0.01,0.18,0.05,True,-0.17,0.589,56,0.144
EUR_USD,10,0.002,0.1,14,2,4.0,5.0,0.6,2.0,0.5,-0.14,0.649,370,-0.1,-0.04,-0.27,False,-0.49,0.577,142,
EUR_USD,10,0.002,0.1,14,2,4.0,5.0,0.6,2.0,1.0,0.05,0.733,180,0.05,0.15,-0.05,False,-0.18,0.643,56,
EUR_USD,10,0.002,0.1,14,2,4.0,5.0,0.6,2.5,1.0,0.02,0.744,180,0.02,0.11,-0.08,False,-0.25,0.643,56,
EUR_USD,10,0.002,0.1,14,2,4.0,5.0,0.7,1.5,0.5,-0.18,0.583,372,-0.19,0.02,-0.37,False,-0.42,0.528,144,
EUR_USD,10,0.002,0.1,14,2,4.0,5.0,0.7,1.5,1.0,0.06,0.678,180,-0.05,0.23,0.0,False,-0.14,0.589,56,
EUR_USD,10,0.002,0.1,14,2,4.0,5.0,0.7,2.0,0.5,-0.15,0.618,369,-0.17,0.06,-0.33,False,-0.47,0.556,142,
EUR_USD,10,0.002,0.1,14,2,4.0,5.0,0.7,2.0,1.0,0.05,0.706,180,0.02,0.2,-0.07,False,-0.14,0.643,56,
EUR_USD,10,0.002,0.1,14,2,4.0,5.0,0.7,2.5,1.0,0.02,0.717,180,0.01,0.16,-0.1,False,-0.21,0.643,56,
EUR_USD,10,0.002,0.1,14,2,4.0,5.0,0.8,1.5,0.5,-0.2,0.554,372,-0.11,0.08,-0.57,False,-0.44,0.5,144,
EUR_USD,10,0.002,0.1,14,2,4.0,5.0,0.8,1.5,1.0,0.04,0.639,180,-0.02,0.25,-0.09,False,-0.15,0.554,56,
EUR_USD,10,0.002,0.1,14,2,4.0,5.0,0.8,2.0,0.5,-0.13,0.596,369,-0.09,0.12,-0.42,False,-0.47,0.535,142,
EUR_USD,10,0.002,0.1,14,2,4.0,5.0,0.8,2.0,1.0,0.04,0.678,180,0.04,0.2,-0.11,False,-0.15,0.607,56,
EUR_USD,10,0.002,0.1,14,2,4.0,5.0,0.8,2.5,0.5,-0.18,0.607,369,-0.09,0.04,-0.5,False,-0.45,0.563,142,
EUR_USD,10,0.002,0.1,14,2,4.0,5.0,0.8,2.5,1.0,0.04,0.694,180,0.03,0.21,-0.11,False,-0.22,0.607,56,
EUR_USD,10,0.002,0.1,20,2,4.0,5.0,0.3,1.5,1.0,0.02,0.832,137,0.05,-0.02,0.04,False,-0.05,0.765,34,
EUR_USD,10,0.002,0.1,20,2,4.0,5.0,0.4,1.5,1.0,0.03,0.788,137,0.04,-0.01,0.08,False,-0.01,0.765,34,
EUR_USD,10,0.002,0.1,20,2,4.0,5.0,0.4,2.0,1.0,0.02,0.81,137,0.02,-0.07,0.1,False,-0.02,0.765,34,
EUR_USD,10,0.002,0.1,20,2,4.0,5.0,0.5,1.5,1.0,0.02,0.73,137,0.09,-0.1,0.06,False,0.02,0.735,34,
EUR_USD,10,0.002,0.1,20,2,4.0,5.0,0.5,2.0,1.0,-0.0,0.759,137,0.08,-0.14,0.06,False,0.01,0.735,34,
EUR_USD,10,0.002,0.1,20,2,4.0,5.0,0.5,2.5,1.0,-0.0,0.774,137,0.04,-0.09,0.04,False,-0.02,0.735,34,
EUR_USD,10,0.002,0.1,20,2,4.0,5.0,0.6,1.5,1.0,0.0,0.679,137,0.07,-0.07,0.01,False,-0.0,0.676,34,
EUR_USD,10,0.002,0.1,20,2,4.0,5.0,0.6,2.0,1.0,0.01,0.715,137,0.09,-0.14,0.07,False,-0.02,0.676,34,
EUR_USD,10,0.002,0.1,20,2,4.0,5.0,0.6,2.5,1.0,-0.01,0.723,137,0.05,-0.12,0.04,False,-0.05,0.676,34,
EUR_USD,10,0.002,0.1,20,2,4.0,5.0,0.7,1.5,1.0,0.01,0.65,137,0.12,-0.07,-0.0,False,-0.02,0.618,34,
EUR_USD,10,0.002,0.1,20,2,4.0,5.0,0.8,1.5,1.0,0.04,0.64,136,0.15,-0.09,0.05,False,-0.02,0.588,34,
EUR_USD,10,0.002,0.1,20,2,4.0,5.0,0.8,2.0,1.0,0.04,0.676,136,0.18,-0.18,0.11,False,0.02,0.647,34,
EUR_USD,10,0.002,0.1,20,4,4.0,5.0,0.5,1.5,1.0,-0.04,0.648,91,-0.1,-0.03,0.02,False,0.02,0.727,33,
EUR_USD,10,0.002,0.1,20,4,4.0,5.0,0.6,1.5,1.0,-0.02,0.637,91,-0.09,-0.01,0.04,False,-0.02,0.606,33,
EUR_USD,10,0.002,0.1,20,4,4.0,5.0,0.7,1.5,1.0,-0.03,0.593,91,-0.11,-0.03,0.05,False,-0.04,0.576,33,
EUR_USD,10,0.002,0.1,20,4,4.0,5.0,0.8,1.5,1.0,-0.05,0.56,91,-0.13,-0.06,0.04,False,-0.03,0.576,33,
EUR_USD,10,0.002,0.1,20,4,4.0,5.0,0.8,2.0,1.0,-0.04,0.593,91,-0.2,-0.08,0.16,False,-0.06,0.576,33,
EUR_USD,10,0.002,0.2,14,2,3.0,5.0,0.5,1.5,1.0,0.04,0.734,327,-0.12,0.14,0.09,False,-0.32,0.617,107,
EUR_USD,10,0.002,0.2,14,2,3.0,5.0,0.6,1.5,1.0,0.06,0.703,327,-0.05,0.18,0.05,False,-0.32,0.579,107,
EUR_USD,10,0.002,0.2,14,2,3.0,5.0,0.7,1.5,1.0,0.05,0.673,327,-0.1,0.23,0.03,False,-0.26,0.57,107,
EUR_USD,10,0.002,0.2,14,2,3.0,5.0,0.8,1.5,1.0,0.04,0.638,326,-0.05,0.2,-0.03,False,-0.28,0.533,107,
EUR_USD,10,0.002,0.2,14,2,3.0,5.0,0.8,2.0,1.0,0.02,0.672,326,-0.04,0.15,-0.04,False,-0.23,0.617,107,
EUR_USD,10,0.002,0.2,14,2,3.0,5.0,0.8,2.5,1.0,0.03,0.696,326,-0.03,0.26,-0.13,False,-0.26,0.626,107,
EUR_USD,10,0.002,0.2,14,2,4.0,5.0,0.4,1.5,0.5,-0.16,0.696,372,-0.11,0.02,-0.38,False,-0.47,0.607,145,
EUR_USD,10,0.002,0.2,14,2,4.0,5.0,0.4,1.5,1.0,0.03,0.777,179,0.04,0.14,-0.09,False,-0.19,0.643,56,
EUR_USD,10,0.002,0.2,14,2,4.0,5.0,0.4,2.5,1.0,-0.03,0.799,179,-0.01,0.08,-0.16,False,-0.28,0.679,56,
EUR_USD,10,0.002,0.2,14,2,4.0,5.0,0.5,1.5,0.5,-0.14,0.658,371,-0.16,0.04,-0.3,False,-0.46,0.569,144,
EUR_USD,10,0.002,0.2,14,2,4.0,5.0,0.5,1.5,1.0,0.05,0.743,179,-0.03,0.17,0.0,False,-0.16,0.625,56,
EUR_USD,10,0.002,0.2,14,2,4.0,5.0,0.5,2.0,0.5,-0.1,0.69,368,-0.17,0.15,-0.28,False,-0.53,0.592,142,
EUR_USD,10,0.002,0.2,14,2,4.0,5.0,0.5,2.0,1.0,0.02,0.76,179,0.01,0.14,-0.09,False,-0.19,0.661,56,
EUR_USD,10,0.002,0.2,14,2,4.0,5.0,0.5,2.5,0.5,-0.15,0.698,368,-0.19,0.07,-0.34,False,-0.54,0.613,142,
EUR_USD,10,0.002,0.2,14,2,4.0,5.0,0.5,2.5,1.0,-0.01,0.771,179,-0.02,0.11,-0.11,False,-0.25,0.661,56,
EUR_USD,10,0.002,0.2,14,2,4.0,5.0,0.6,1.5,0.5,-0.14,0.623,369,-0.07,-0.07,-0.28,False,-0.43,0.549,144,
EUR_USD,10,0.002,0.2,14,2,4.0,5.0,0.6,1.5,1.0,0.09,0.721,179,0.03,0.18,0.05,True,-0.17,0.589,56,0.111
EUR_USD,10,0.002,0.2,14,2,4.0,5.0,0.6,2.0,0.5,-0.13,0.653,366,-0.07,-0.04,-0.27,False,-0.49,0.577,142,
EUR_USD,10,0.002,0.2,14,2,4.0,5.0,0.6,2.0,1.0,0.05,0.737,179,0.07,0.15,-0.05,False,-0.18,0.643,56,
EUR_USD,10,0.002,0.2,14,2,4.0,5.0,0.6,2.5,1.0,0.02,0.749,179,0.04,0.11,-0.08,False,-0.25,0.643,56,
EUR_USD,10,0.002,0.2,14,2,4.0,5.0,0.7,1.5,0.5,-0.17,0.587,368,-0.16,0.02,-0.37,False,-0.42,0.528,144,
EUR_USD,10,0.002,0.2,14,2,4.0,5.0,0.7,1.5,1.0,0.07,0.682,179,-0.03,0.23,0.0,False,-0.14,0.589,56,
EUR_USD,10,0.002,0.2,14,2,4.0,5.0,0.7,2.0,0.5,-0.14,0.622,365,-0.15,0.06,-0.33,False,-0.47,0.556,142,
EUR_USD,10,0.002,0.2,14,2,4.0,5.0,0.7,2.0,1.0,0.05,0.709,179,0.03,0.2,-0.07,False,-0.14,0.643,56,
EUR_USD,10,0.002,0.2,14,2,4.0,5.0,0.7,2.5,1.0,0.03,0.721,179,0.03,0.16,-0.1,False,-0.21,0.643,56,
EUR_USD,10,0.002,0.2,14,2,4.0,5.0,0.8,1.5,0.5,-0.19,0.557,368,-0.09,0.08,-0.57,False,-0.44,0.5,144,
EUR_USD,10,0.002,0.2,14,2,4.0,5.0,0.8,1.5,1.0,0.05,0.642,179,-0.01,0.25,-0.09,False,-0.15,0.554,56,
EUR_USD,10,0.002,0.2,14,2,4.0,5.0,0.8,2.0,0.5,-0.12,0.6,365,-0.07,0.12,-0.42,False,-0.47,0.535,142,
EUR_USD,10,0.002,0.2,14,2,4.0,5.0,0.8,2.0,1.0,0.05,0.682,179,0.06,0.2,-0.11,False,-0.15,0.607,56,
EUR_USD,10,0.002,0.2,14,2,4.0,5.0,0.8,2.5,0.5,-0.18,0.611,365,-0.07,0.04,-0.5,False,-0.45,0.563,142,
EUR_USD,10,0.002,0.2,14,2,4.0,5.0,0.8,2.5,1.0,0.05,0.698,179,0.04,0.21,-0.11,False,-0.22,0.607,56,
EUR_USD,10,0.002,0.2,20,2,4.0,5.0,0.3,1.5,1.0,0.02,0.83,135,0.04,-0.02,0.04,False,-0.05,0.765,34,
EUR_USD,10,0.002,0.2,20,2,4.0,5.0,0.4,1.5,1.0,0.03,0.785,135,0.02,-0.01,0.08,False,-0.01,0.765,34,
EUR_USD,10,0.002,0.2,20,2,4.0,5.0,0.4,2.0,1.0,0.01,0.807,135,0.01,-0.07,0.1,False,-0.02,0.765,34,
EUR_USD,10,0.002,0.2,20,2,4.0,5.0,0.5,1.5,1.0,0.01,0.726,135,0.07,-0.1,0.06,False,0.02,0.735,34,
EUR_USD,10,0.002,0.2,20,2,4.0,5.0,0.5,2.0,1.0,-0.01,0.756,135,0.06,-0.14,0.06,False,0.01,0.735,34,
EUR_USD,10,0.002,0.2,20,2,4.0,5.0,0.5,2.5,1.0,-0.01,0.77,135,0.02,-0.09,0.04,False,-0.02,0.735,34,
EUR_USD,10,0.002,0.2,20,2,4.0,5.0,0.6,1.5,1.0,0.01,0.689,135,0.09,-0.07,0.01,False,-0.0,0.676,34,
EUR_USD,10,0.002,0.2,20,2,4.0,5.0,0.6,2.0,1.0,0.01,0.726,135,0.11,-0.14,0.07,False,-0.02,0.676,34,
EUR_USD,10,0.002,0.2,20,2,4.0,5.0,0.6,2.5,1.0,-0.0,0.733,135,0.07,-0.12,0.04,False,-0.05,0.676,34,
EUR_USD,10,0.002,0.2,20,2,4.0,5.0,0.7,1.5,1.0,0.02,0.659,135,0.14,-0.07,-0.0,False,-0.02,0.618,34,
EUR_USD,10,0.002,0.2,20,2,4.0,5.0,0.8,1.5,1.0,0.04,0.649,134,0.17,-0.09,0.05,False,-0.02,0.588,34,
EUR_USD,10,0.002,0.2,20,2,4.0,5.0,0.8,2.0,1.0,0.04,0.687,134,0.2,-0.18,0.11,False,0.02,0.647,34,
EUR_USD,10,0.002,0.2,20,4,4.0,5.0,0.5,1.5,1.0,-0.04,0.652,89,-0.1,-0.03,0.02,False,0.02,0.727,33,
EUR_USD,10,0.002,0.2,20,4,4.0,5.0,0.6,1.5,1.0,-0.02,0.64,89,-0.09,-0.01,0.04,False,-0.02,0.606,33,
EUR_USD,10,0.002,0.2,20,4,4.0,5.0,0.7,1.5,1.0,-0.02,0.607,89,-0.07,-0.03,0.05,False,-0.04,0.576,33,
EUR_USD,10,0.002,0.2,20,4,4.0,5.0,0.8,1.5,1.0,-0.04,0.573,89,-0.1,-0.06,0.04,False,-0.03,0.576,33,
EUR_USD,10,0.002,0.2,20,4,4.0,5.0,0.8,2.0,1.0,-0.03,0.607,89,-0.16,-0.08,0.16,False,-0.06,0.576,33,
EUR_USD,10,0.005,-999.0,14,2,3.0,5.0,0.5,1.5,1.0,0.01,0.72,758,-0.11,0.22,-0.08,False,-0.54,0.642,254,
EUR_USD,10,0.005,-999.0,14,2,3.0,5.0,0.6,1.5,1.0,0.05,0.688,757,-0.01,0.29,-0.13,False,-0.58,0.602,254,
EUR_USD,10,0.005,-999.0,14,2,3.0,5.0,0.7,1.5,1.0,0.05,0.658,757,-0.04,0.31,-0.12,False,-0.58,0.575,254,
EUR_USD,10,0.005,-999.0,14,2,3.0,5.0,0.8,1.5,1.0,0.05,0.628,756,-0.01,0.32,-0.18,False,-0.63,0.54,252,
EUR_USD,10,0.005,-999.0,14,2,3.0,5.0,0.8,2.0,1.0,0.01,0.666,754,-0.08,0.22,-0.11,False,-0.68,0.583,252,
EUR_USD,10,0.005,-999.0,14,2,3.0,5.0,0.8,2.5,1.0,0.01,0.686,752,-0.18,0.43,-0.23,False,-0.74,0.595,252,
EUR_USD,10,0.005,-999.0,14,2,4.0,5.0,0.4,1.5,0.5,0.02,0.746,894,0.27,0.2,-0.42,False,-0.74,0.653,320,
EUR_USD,10,0.005,-999.0,14,2,4.0,5.0,0.4,1.5,1.0,0.04,0.77,413,0.23,0.14,-0.24,False,-0.3,0.674,135,
EUR_USD,10,0.005,-999.0,14,2,4.0,5.0,0.4,2.5,1.0,0.01,0.804,413,0.36,0.05,-0.39,False,-0.51,0.696,135,
EUR_USD,10,0.005,-999.0,14,2,4.0,5.0,0.5,1.5,0.5,0.16,0.714,893,0.33,0.39,-0.25,False,-0.81,0.602,319,
EUR_USD,10,0.005,-999.0,14,2,4.0,5.0,0.5,1.5,1.0,0.15,0.751,413,0.3,0.23,-0.06,False,-0.37,0.615,135,
EUR_USD,10,0.005,-999.0,14,2,4.0,5.0,0.5,2.0,0.5,0.14,0.736,890,0.4,0.39,-0.38,False,-0.89,0.625,317,
EUR_USD,10,0.005,-999.0,14,2,4.0,5.0,0.5,2.0,1.0,0.12,0.77,413,0.41,0.15,-0.22,False,-0.44,0.637,135,
EUR_USD,10,0.005,-999.0,14,2,4.0,5.0,0.5,2.5,0.5,0.05,0.743,890,0.35,0.31,-0.52,False,-0.95,0.64,317,
EUR_USD,10,0.005,-999.0,14,2,4.0,5.0,0.5,2.5,1.0,0.09,0.78,413,0.38,0.14,-0.26,False,-0.58,0.637,135,
EUR_USD,10,0.005,-999.0,14,2,4.0,5.0,0.6,1.5,0.5,0.14,0.673,890,0.35,0.31,-0.23,False,-0.79,0.577,319,
EUR_USD,10,0.005,-999.0,14,2,4.0,5.0,0.6,1.5,1.0,0.19,0.719,413,0.37,0.27,-0.06,False,-0.43,0.57,135,
EUR_USD,10,0.005,-999.0,14,2,4.0,5.0,0.6,2.0,0.5,0.1,0.694,887,0.42,0.27,-0.4,False,-0.83,0.603,317,
EUR_USD,10,0.005,-999.0,14,2,4.0,5.0,0.6,2.0,1.0,0.14,0.738,413,0.48,0.19,-0.24,False,-0.45,0.607,135,
EUR_USD,10,0.005,-999.0,14,2,4.0,5.0,0.6,2.5,1.0,0.1,0.748,413,0.43,0.16,-0.3,False,-0.57,0.607,135,
EUR_USD,10,0.005,-999.0,14,2,4.0,5.0,0.7,1.5,0.5,0.06,0.632,888,0.18,0.35,-0.36,False,-0.78,0.549,319,
EUR_USD,10,0.005,-999.0,14,2,4.0,5.0,0.7,1.5,1.0,0.16,0.68,413,0.31,0.28,-0.13,False,-0.44,0.548,135,
EUR_USD,10,0.005,-999.0,14,2,4.0,5.0,0.7,2.0,0.5,0.06,0.66,885,0.29,0.38,-0.48,False,-0.83,0.574,317,
EUR_USD,10,0.005,-999.0,14,2,4.0,5.0,0.7,2.0,1.0,0.15,0.712,413,0.46,0.23,-0.26,False,-0.46,0.585,135,
EUR_USD,10,0.005,-999.0,14,2,4.0,5.0,0.7,2.5,1.0,0.11,0.722,413,0.42,0.24,-0.32,False,-0.54,0.593,135,
EUR_USD,10,0.005,-999.0,14,2,4.0,5.0,0.8,1.5,0.5,0.08,0.605,886,0.22,0.51,-0.51,False,-0.8,0.524,319,
EUR_USD,10,0.005,-999.0,14,2,4.0,5.0,0.8,1.5,1.0,0.15,0.649,413,0.32,0.3,-0.18,False,-0.45,0.519,135,
EUR_USD,10,0.005,-999.0,14,2,4.0,5.0,0.8,2.0,0.5,0.11,0.638,883,0.34,0.54,-0.54,False,-0.83,0.552,317,
EUR_USD,10,0.005,-999.0,14,2,4.0,5.0,0.8,2.0,1.0,0.16,0.688,413,0.49,0.24,-0.26,False,-0.47,0.556,135,
EUR_USD,10,0.005,-999.0,14,2,4.0,5.0,0.8,2.5,0.5,0.05,0.647,883,0.27,0.49,-0.63,False,-0.74,0.577,317,
EUR_USD,10,0.005,-999.0,14,2,4.0,5.0,0.8,2.5,1.0,0.14,0.7,413,0.42,0.28,-0.27,False,-0.56,0.563,135,
EUR_USD,10,0.005,-999.0,20,2,4.0,5.0,0.3,1.5,1.0,0.04,0.831,307,0.19,-0.05,-0.01,False,-0.05,0.802,86,
EUR_USD,10,0.005,-999.0,20,2,4.0,5.0,0.4,1.5,1.0,0.07,0.788,307,0.22,-0.04,0.03,False,-0.02,0.767,86,
EUR_USD,10,0.005,-999.0,20,2,4.0,5.0,0.4,2.0,1.0,0.02,0.801,307,0.19,-0.12,-0.0,False,-0.05,0.767,86,
EUR_USD,10,0.005,-999.0,20,2,4.0,5.0,0.5,1.5,1.0,0.1,0.749,307,0.32,-0.12,0.09,False,0.04,0.744,86,
EUR_USD,10,0.005,-999.0,20,2,4.0,5.0,0.5,2.0,1.0,0.05,0.765,307,0.31,-0.21,0.04,False,-0.0,0.744,86,
EUR_USD,10,0.005,-999.0,20,2,4.0,5.0,0.5,2.5,1.0,0.04,0.775,307,0.21,-0.09,-0.01,False,-0.08,0.744,86,
EUR_USD,10,0.005,-999.0,20,2,4.0,5.0,0.6,1.5,1.0,0.11,0.71,307,0.36,-0.06,0.03,False,-0.03,0.674,86,
EUR_USD,10,0.005,-999.0,20,2,4.0,5.0,0.6,2.0,1.0,0.08,0.73,307,0.38,-0.18,0.05,False,-0.08,0.674,86,
EUR_USD,10,0.005,-999.0,20,2,4.0,5.0,0.6,2.5,1.0,0.06,0.736,307,0.28,-0.09,-0.01,False,-0.17,0.674,86,
EUR_USD,10,0.005,-999.0,20,2,4.0,5.0,0.7,1.5,1.0,0.05,0.655,307,0.35,-0.03,-0.18,False,-0.03,0.64,86,
EUR_USD,10,0.005,-999.0,20,2,4.0,5.0,0.8,1.5,1.0,0.07,0.634,306,0.38,-0.1,-0.08,False,-0.12,0.581,86,
EUR_USD,10,0.005,-999.0,20,2,4.0,5.0,0.8,2.0,1.0,0.02,0.654,306,0.38,-0.24,-0.09,False,-0.08,0.605,86,
EUR_USD,10,0.005,-999.0,20,4,4.0,5.0,0.5,1.5,1.0,0.01,0.703,202,0.11,-0.05,-0.04,False,-0.04,0.683,60,
EUR_USD,10,0.005,-999.0,20,4,4.0,5.0,0.6,1.5,1.0,0.01,0.663,202,0.08,-0.03,-0.03,False,-0.12,0.567,60,
EUR_USD,10,0.005,-999.0,20,4,4.0,5.0,0.7,1.5,1.0,0.01,0.629,202,0.01,-0.02,0.03,False,-0.12,0.533,60,
EUR_USD,10,0.005,-999.0,20,4,4.0,5.0,0.8,1.5,1.0,0.01,0.599,202,-0.0,-0.03,0.05,False,-0.16,0.483,60,
EUR_USD,10,0.005,-999.0,20,4,4.0,5.0,0.8,2.0,1.0,0.01,0.619,202,-0.07,-0.04,0.14,False,-0.18,0.483,60,
EUR_USD,10,0.005,0.0,14,2,3.0,5.0,0.5,1.5,1.0,0.02,0.731,331,-0.14,0.13,0.06,False,-0.34,0.625,128,
EUR_USD,10,0.005,0.0,14,2,3.0,5.0,0.6,1.5,1.0,0.02,0.695,331,-0.15,0.18,0.02,False,-0.36,0.586,128,
EUR_USD,10,0.005,0.0,14,2,3.0,5.0,0.7,1.5,1.0,0.03,0.668,331,-0.16,0.2,0.05,False,-0.31,0.57,128,
EUR_USD,10,0.005,0.0,14,2,3.0,5.0,0.8,1.5,1.0,0.02,0.636,330,-0.16,0.21,0.01,False,-0.34,0.531,128,
EUR_USD,10,0.005,0.0,14,2,3.0,5.0,0.8,2.0,1.0,-0.04,0.664,330,-0.24,0.11,0.01,False,-0.3,0.602,128,
EUR_USD,10,0.005,0.0,14,2,3.0,5.0,0.8,2.5,1.0,0.0,0.691,330,-0.2,0.28,-0.06,False,-0.38,0.602,128,
EUR_USD,10,0.005,0.0,14,2,4.0,5.0,0.4,1.5,0.5,-0.16,0.696,369,-0.21,0.0,-0.28,False,-0.41,0.627,158,
EUR_USD,10,0.005,0.0,14,2,4.0,5.0,0.4,1.5,1.0,0.01,0.78,173,-0.05,0.17,-0.07,False,-0.19,0.652,66,
EUR_USD,10,0.005,0.0,14,2,4.0,5.0,0.4,2.5,1.0,-0.02,0.815,173,-0.02,0.11,-0.15,False,-0.31,0.682,66,
EUR_USD,10,0.005,0.0,14,2,4.0,5.0,0.5,1.5,0.5,-0.13,0.66,368,-0.25,0.1,-0.24,False,-0.42,0.58,157,
EUR_USD,10,0.005,0.0,14,2,4.0,5.0,0.5,1.5,1.0,0.04,0.751,173,-0.09,0.21,0.01,False,-0.18,0.621,66,
EUR_USD,10,0.005,0.0,14,2,4.0,5.0,0.5,2.0,0.5,-0.12,0.689,366,-0.27,0.13,-0.21,False,-0.49,0.6,155,
EUR_USD,10,0.005,0.0,14,2,4.0,5.0,0.5,2.0,1.0,-0.0,0.763,173,-0.11,0.18,-0.07,False,-0.23,0.652,66,
EUR_USD,10,0.005,0.0,14,2,4.0,5.0,0.5,2.5,0.5,-0.17,0.697,366,-0.29,0.08,-0.3,False,-0.52,0.619,155,
EUR_USD,10,0.005,0.0,14,2,4.0,5.0,0.5,2.5,1.0,-0.03,0.775,173,-0.12,0.15,-0.11,False,-0.31,0.652,66,
EUR_USD,10,0.005,0.0,14,2,4.0,5.0,0.6,1.5,0.5,-0.14,0.622,365,-0.21,0.02,-0.23,False,-0.44,0.548,157,
EUR_USD,10,0.005,0.0,14,2,4.0,5.0,0.6,1.5,1.0,0.06,0.723,173,-0.08,0.23,0.04,False,-0.25,0.561,66,
EUR_USD,10,0.005,0.0,14,2,4.0,5.0,0.6,2.0,0.5,-0.16,0.647,363,-0.22,-0.02,-0.23,False,-0.48,0.574,155,
EUR_USD,10,0.005,0.0,14,2,4.0,5.0,0.6,2.0,1.0,0.01,0.734,173,-0.1,0.19,-0.05,False,-0.25,0.606,66,
EUR_USD,10,0.005,0.0,14,2,4.0,5.0,0.6,2.5,1.0,-0.02,0.746,173,-0.11,0.16,-0.1,False,-0.34,0.606,66,
EUR_USD,10,0.005,0.0,14,2,4.0,5.0,0.7,1.5,0.5,-0.16,0.591,364,-0.29,0.07,-0.26,False,-0.43,0.522,157,
EUR_USD,10,0.005,0.0,14,2,4.0,5.0,0.7,1.5,1.0,0.06,0.694,173,-0.11,0.25,0.05,False,-0.21,0.561,66,
EUR_USD,10,0.005,0.0,14,2,4.0,5.0,0.7,2.0,0.5,-0.16,0.622,362,-0.28,0.03,-0.21,False,-0.45,0.548,155,
EUR_USD,10,0.005,0.0,14,2,4.0,5.0,0.7,2.0,1.0,0.03,0.717,173,-0.09,0.2,-0.01,False,-0.21,0.606,66,
EUR_USD,10,0.005,0.0,14,2,4.0,5.0,0.7,2.5,1.0,0.02,0.728,173,-0.07,0.19,-0.05,False,-0.3,0.606,66,
EUR_USD,10,0.005,0.0,14,2,4.0,5.0,0.8,1.5,0.5,-0.19,0.558,364,-0.26,0.13,-0.45,False,-0.47,0.49,157,
EUR_USD,10,0.005,0.0,14,2,4.0,5.0,0.8,1.5,1.0,0.03,0.647,173,-0.13,0.26,-0.05,False,-0.21,0.53,66,
EUR_USD,10,0.005,0.0,14,2,4.0,5.0,0.8,2.0,0.5,-0.17,0.594,362,-0.26,0.08,-0.33,False,-0.48,0.523,155,
EUR_USD,10,0.005,0.0,14,2,4.0,5.0,0.8,2.0,1.0,0.0,0.676,173,-0.12,0.21,-0.09,False,-0.21,0.576,66,
EUR_USD,10,0.005,0.0,14,2,4.0,5.0,0.8,2.5,0.5,-0.19,0.605,362,-0.24,0.07,-0.41,False,-0.45,0.555,155,
EUR_USD,10,0.005,0.0,14,2,4.0,5.0,0.8,2.5,1.0,0.02,0.694,173,-0.12,0.24,-0.08,False,-0.3,0.576,66,
EUR_USD,10,0.005,0.0,20,2,4.0,5.0,0.3,1.5,1.0,0.04,0.859,128,0.08,-0.01,0.06,False,-0.07,0.756,41,
EUR_USD,10,0.005,0.0,20,2,4.0,5.0,0.4,1.5,1.0,0.05,0.82,128,0.07,0.0,0.09,True,-0.03,0.756,41,0.14
EUR_USD,10,0.005,0.0,20,2,4.0,5.0,0.4,2.0,1.0,0.03,0.836,128,0.02,-0.05,0.12,False,-0.05,0.756,41,
EUR_USD,10,0.005,0.0,20,2,4.0,5.0,0.5,1.5,1.0,0.03,0.758,128,0.1,-0.05,0.06,False,0.01,0.732,41,
EUR_USD,10,0.005,0.0,20,2,4.0,5.0,0.5,2.0,1.0,0.0,0.773,128,0.06,-0.12,0.07,False,-0.02,0.732,41,
EUR_USD,10,0.005,0.0,20,2,4.0,5.0,0.5,2.5,1.0,-0.0,0.789,128,0.02,-0.07,0.04,False,-0.06,0.732,41,
EUR_USD,10,0.005,0.0,20,2,4.0,5.0,0.6,1.5,1.0,0.05,0.719,128,0.07,-0.01,0.08,False,-0.07,0.634,41,
EUR_USD,10,0.005,0.0,20,2,4.0,5.0,0.6,2.0,1.0,0.04,0.742,128,0.08,-0.09,0.12,False,-0.09,0.634,41,
EUR_USD,10,0.005,0.0,20,2,4.0,5.0,0.6,2.5,1.0,0.02,0.75,128,0.03,-0.07,0.1,False,-0.14,0.634,41,
EUR_USD,10,0.005,0.0,20,2,4.0,5.0,0.7,1.5,1.0,0.05,0.68,128,0.05,-0.01,0.11,False,-0.04,0.61,41,
EUR_USD,10,0.005,0.0,20,2,4.0,5.0,0.8,1.5,1.0,0.07,0.669,127,0.08,-0.02,0.15,False,-0.07,0.561,41,
EUR_USD,10,0.005,0.0,20,2,4.0,5.0,0.8,2.0,1.0,0.06,0.693,127,0.08,-0.12,0.2,False,-0.08,0.585,41,
EUR_USD,10,0.005,0.0,20,4,4.0,5.0,0.5,1.5,1.0,0.01,0.707,92,-0.02,-0.02,0.06,False,0.02,0.71,31,
EUR_USD,10,0.005,0.0,20,4,4.0,5.0,0.6,1.5,1.0,0.03,0.696,92,-0.0,0.01,0.08,False,-0.03,0.581,31,
EUR_USD,10,0.005,0.0,20,4,4.0,5.0,0.7,1.5,1.0,0.02,0.652,92,-0.02,-0.0,0.1,False,-0.05,0.516,31,
EUR_USD,10,0.005,0.0,20,4,4.0,5.0,0.8,1.5,1.0,-0.01,0.598,92,-0.06,-0.04,0.08,False,-0.05,0.516,31,
EUR_USD,10,0.005,0.0,20,4,4.0,5.0,0.8,2.0,1.0,0.0,0.63,92,-0.12,-0.08,0.21,False,-0.06,0.516,31,
EUR_USD,10,0.005,0.05,14,2,3.0,5.0,0.5,1.5,1.0,0.05,0.748,242,-0.13,0.1,0.17,False,-0.28,0.605,86,
EUR_USD,10,0.005,0.05,14,2,3.0,5.0,0.6,1.5,1.0,0.03,0.702,242,-0.14,0.13,0.1,False,-0.27,0.57,86,
EUR_USD,10,0.005,0.05,14,2,3.0,5.0,0.7,1.5,1.0,0.04,0.678,242,-0.15,0.17,0.11,False,-0.23,0.558,86,
EUR_USD,10,0.005,0.05,14,2,3.0,5.0,0.8,1.5,1.0,0.05,0.649,242,-0.14,0.16,0.13,False,-0.24,0.523,86,
EUR_USD,10,0.005,0.05,14,2,3.0,5.0,0.8,2.0,1.0,0.03,0.678,242,-0.13,0.09,0.13,False,-0.16,0.616,86,
EUR_USD,10,0.005,0.05,14,2,3.0,5.0,0.8,2.5,1.0,0.03,0.702,242,-0.14,0.2,0.04,False,-0.2,0.616,86,
EUR_USD,10,0.005,0.05,14,2,4.0,5.0,0.4,1.5,0.5,-0.11,0.699,289,-0.19,0.01,-0.16,False,-0.37,0.609,115,
EUR_USD,10,0.005,0.05,14,2,4.0,5.0,0.4,1.5,1.0,0.02,0.782,133,-0.05,0.1,0.02,False,-0.14,0.644,45,
EUR_USD,10,0.005,0.05,14,2,4.0,5.0,0.4,2.5,1.0,-0.04,0.797,133,-0.08,0.04,-0.07,False,-0.19,0.689,45,
EUR_USD,10,0.005,0.05,14,2,4.0,5.0,0.5,1.5,0.5,-0.08,0.668,289,-0.25,0.09,-0.1,False,-0.36,0.57,114,
EUR_USD,10,0.005,0.05,14,2,4.0,5.0,0.5,1.5,1.0,0.04,0.759,133,-0.11,0.13,0.1,False,-0.13,0.622,45,
EUR_USD,10,0.005,0.05,14,2,4.0,5.0,0.5,2.0,0.5,-0.05,0.704,287,-0.23,0.14,-0.05,False,-0.38,0.598,112,
EUR_USD,10,0.005,0.05,14,2,4.0,5.0,0.5,2.0,1.0,0.01,0.774,133,-0.11,0.1,0.05,False,-0.13,0.667,45,
EUR_USD,10,0.005,0.05,14,2,4.0,5.0,0.5,2.5,0.5,-0.11,0.711,287,-0.26,0.07,-0.14,False,-0.36,0.625,112,
EUR_USD,10,0.005,0.05,14,2,4.0,5.0,0.5,2.5,1.0,-0.01,0.782,133,-0.12,0.08,0.01,False,-0.17,0.667,45,
EUR_USD,10,0.005,0.05,14,2,4.0,5.0,0.6,1.5,0.5,-0.11,0.626,286,-0.22,-0.01,-0.11,False,-0.37,0.544,114,
EUR_USD,10,0.005,0.05,14,2,4.0,5.0,0.6,1.5,1.0,0.05,0.722,133,-0.13,0.14,0.13,False,-0.15,0.578,45,
EUR_USD,10,0.005,0.05,14,2,4.0,5.0,0.6,2.0,0.5,-0.11,0.658,284,-0.2,-0.04,-0.08,False,-0.37,0.58,112,
EUR_USD,10,0.005,0.05,14,2,4.0,5.0,0.6,2.0,1.0,0.02,0.737,133,-0.11,0.1,0.06,False,-0.13,0.644,45,
EUR_USD,10,0.005,0.05,14,2,4.0,5.0,0.6,2.5,1.0,-0.02,0.744,133,-0.13,0.06,0.01,False,-0.18,0.644,45,
EUR_USD,10,0.005,0.05,14,2,4.0,5.0,0.7,1.5,0.5,-0.12,0.596,285,-0.25,0.06,-0.16,False,-0.37,0.518,114,
EUR_USD,10,0.005,0.05,14,2,4.0,5.0,0.7,1.5,1.0,0.06,0.699,133,-0.13,0.18,0.12,False,-0.12,0.578,45,
EUR_USD,10,0.005,0.05,14,2,4.0,5.0,0.7,2.0,0.5,-0.08,0.636,283,-0.18,0.04,-0.1,False,-0.36,0.554,112,
EUR_USD,10,0.005,0.05,14,2,4.0,5.0,0.7,2.0,1.0,0.05,0.729,133,-0.08,0.14,0.09,False,-0.1,0.644,45,
EUR_USD,10,0.005,0.05,14,2,4.0,5.0,0.7,2.5,1.0,0.02,0.737,133,-0.09,0.1,0.05,False,-0.15,0.644,45,
EUR_USD,10,0.005,0.05,14,2,4.0,5.0,0.8,1.5,0.5,-0.13,0.565,285,-0.2,0.1,-0.3,False,-0.41,0.482,114,
EUR_USD,10,0.005,0.05,14,2,4.0,5.0,0.8,1.5,1.0,0.05,0.662,133,-0.13,0.18,0.1,False,-0.14,0.533,45,
EUR_USD,10,0.005,0.05,14,2,4.0,5.0,0.8,2.0,0.5,-0.07,0.611,283,-0.14,0.07,-0.15,False,-0.38,0.527,112,
EUR_USD,10,0.005,0.05,14,2,4.0,5.0,0.8,2.0,1.0,0.05,0.699,133,-0.08,0.14,0.1,False,-0.11,0.6,45,
EUR_USD,10,0.005,0.05,14,2,4.0,5.0,0.8,2.5,0.5,-0.13,0.622,283,-0.16,0.01,-0.25,False,-0.32,0.562,112,
EUR_USD,10,0.005,0.05,14,2,4.0,5.0,0.8,2.5,1.0,0.04,0.714,133,-0.1,0.15,0.08,False,-0.16,0.6,45,
EUR_USD,10,0.005,0.05,20,2,4.0,5.0,0.3,1.5,1.0,0.02,0.848,99,0.01,0.01,0.05,True,-0.09,0.68,25,0.259
EUR_USD,10,0.005,0.05,20,2,4.0,5.0,0.4,1.5,1.0,0.04,0.818,99,0.02,0.01,0.09,True,-0.06,0.68,25,0.181
EUR_USD,10,0.005,0.05,20,2,4.0,5.0,0.4,2.0,1.0,0.03,0.838,99,-0.03,-0.02,0.13,False,-0.07,0.68,25,
EUR_USD,10,0.005,0.05,20,2,4.0,5.0,0.5,1.5,1.0,0.03,0.768,99,0.06,-0.03,0.05,False,-0.05,0.64,25,
EUR_USD,10,0.005,0.05,20,2,4.0,5.0,0.5,2.0,1.0,-0.0,0.788,99,0.01,-0.09,0.07,False,-0.06,0.64,25,
EUR_USD,10,0.005,0.05,20,2,4.0,5.0,0.5,2.5,1.0,0.0,0.808,99,-0.02,-0.03,0.06,False,-0.09,0.64,25,
EUR_USD,10,0.005,0.05,20,2,4.0,5.0,0.6,1.5,1.0,0.03,0.727,99,0.03,-0.01,0.07,False,-0.05,0.6,25,
EUR_USD,10,0.005,0.05,20,2,4.0,5.0,0.6,2.0,1.0,0.03,0.758,99,0.02,-0.06,0.12,False,-0.06,0.6,25,
EUR_USD,10,0.005,0.05,20,2,4.0,5.0,0.6,2.5,1.0,0.02,0.768,99,-0.01,-0.04,0.1,False,-0.09,0.6,25,
EUR_USD,10,0.005,0.05,20,2,4.0,5.0,0.7,1.5,1.0,0.03,0.687,99,0.03,-0.01,0.08,False,-0.04,0.56,25,
EUR_USD,10,0.005,0.05,20,2,4.0,5.0,0.8,1.5,1.0,0.04,0.673,98,0.04,-0.03,0.12,False,-0.02,0.56,25,
EUR_USD,10,0.005,0.05,20,2,4.0,5.0,0.8,2.0,1.0,0.04,0.704,98,0.04,-0.11,0.18,False,-0.03,0.56,25,
EUR_USD,10,0.005,0.05,20,4,4.0,5.0,0.5,1.5,1.0,0.02,0.718,71,-0.02,0.04,0.04,False,-0.01,0.667,24,
EUR_USD,10,0.005,0.05,20,4,4.0,5.0,0.6,1.5,1.0,0.03,0.704,71,-0.01,0.06,0.05,False,-0.03,0.542,24,
EUR_USD,10,0.005,0.05,20,4,4.0,5.0,0.7,1.5,1.0,0.03,0.662,71,0.01,0.04,0.05,True,-0.05,0.5,24,0.219
EUR_USD,10,0.005,0.05,20,4,4.0,5.0,0.8,1.5,1.0,0.0,0.606,71,-0.04,0.01,0.04,False,-0.05,0.5,24,
EUR_USD,10,0.005,0.05,20,4,4.0,5.0,0.8,2.0,1.0,0.02,0.648,71,-0.08,-0.03,0.17,False,-0.06,0.5,24,
EUR_USD,10,0.005,0.1,14,2,3.0,5.0,0.5,1.5,1.0,0.06,0.755,233,-0.09,0.1,0.17,False,-0.28,0.605,86,
EUR_USD,10,0.005,0.1,14,2,3.0,5.0,0.6,1.5,1.0,0.06,0.717,233,-0.05,0.13,0.1,False,-0.27,0.57,86,
EUR_USD,10,0.005,0.1,14,2,3.0,5.0,0.7,1.5,1.0,0.07,0.691,233,-0.07,0.17,0.11,False,-0.23,0.558,86,
EUR_USD,10,0.005,0.1,14,2,3.0,5.0,0.8,1.5,1.0,0.08,0.661,233,-0.06,0.16,0.13,False,-0.24,0.523,86,
EUR_USD,10,0.005,0.1,14,2,3.0,5.0,0.8,2.0,1.0,0.06,0.691,233,-0.03,0.09,0.13,False,-0.16,0.616,86,
EUR_USD,10,0.005,0.1,14,2,3.0,5.0,0.8,2.5,1.0,0.04,0.708,233,-0.12,0.2,0.04,False,-0.2,0.616,86,
EUR_USD,10,0.005,0.1,14,2,4.0,5.0,0.4,1.5,0.5,-0.09,0.704,274,-0.13,0.01,-0.16,False,-0.37,0.609,115,
EUR_USD,10,0.005,0.1,14,2,4.0,5.0,0.4,1.5,1.0,0.03,0.794,126,-0.02,0.1,0.02,False,-0.14,0.644,45,
EUR_USD,10,0.005,0.1,14,2,4.0,5.0,0.4,2.5,1.0,-0.03,0.802,126,-0.06,0.04,-0.07,False,-0.19,0.689,45,
EUR_USD,10,0.005,0.1,14,2,4.0,5.0,0.5,1.5,0.5,-0.07,0.672,274,-0.2,0.09,-0.1,False,-0.36,0.57,114,
EUR_USD,10,0.005,0.1,14,2,4.0,5.0,0.5,1.5,1.0,0.05,0.77,126,-0.09,0.13,0.1,False,-0.13,0.622,45,
EUR_USD,10,0.005,0.1,14,2,4.0,5.0,0.5,2.0,0.5,-0.04,0.706,272,-0.21,0.14,-0.05,False,-0.38,0.598,112,
EUR_USD,10,0.005,0.1,14,2,4.0,5.0,0.5,2.0,1.0,0.03,0.786,126,-0.06,0.1,0.05,False,-0.13,0.667,45,
EUR_USD,10,0.005,0.1,14,2,4.0,5.0,0.5,2.5,0.5,-0.11,0.71,272,-0.27,0.07,-0.14,False,-0.36,0.625,112,
EUR_USD,10,0.005,0.1,14,2,4.0,5.0,0.5,2.5,1.0,-0.01,0.786,126,-0.12,0.08,0.01,False,-0.17,0.667,45,
EUR_USD,10,0.005,0.1,14,2,4.0,5.0,0.6,1.5,0.5,-0.08,0.636,272,-0.12,-0.01,-0.11,False,-0.37,0.544,114,
EUR_USD,10,0.005,0.1,14,2,4.0,5.0,0.6,1.5,1.0,0.07,0.746,126,-0.05,0.14,0.13,False,-0.15,0.578,45,
EUR_USD,10,0.005,0.1,14,2,4.0,5.0,0.6,2.0,0.5,-0.08,0.667,270,-0.12,-0.04,-0.08,False,-0.37,0.58,112,
EUR_USD,10,0.005,0.1,14,2,4.0,5.0,0.6,2.0,1.0,0.05,0.762,126,-0.02,0.1,0.06,False,-0.13,0.644,45,
EUR_USD,10,0.005,0.1,14,2,4.0,5.0,0.6,2.5,1.0,0.0,0.762,126,-0.08,0.06,0.01,False,-0.18,0.644,45,
EUR_USD,10,0.005,0.1,14,2,4.0,5.0,0.7,1.5,0.5,-0.09,0.605,271,-0.15,0.06,-0.16,False,-0.37,0.518,114,
EUR_USD,10,0.005,0.1,14,2,4.0,5.0,0.7,1.5,1.0,0.08,0.722,126,-0.06,0.18,0.12,False,-0.12,0.578,45,
EUR_USD,10,0.005,0.1,14,2,4.0,5.0,0.7,2.0,0.5,-0.06,0.643,269,-0.12,0.04,-0.1,False,-0.36,0.554,112,
EUR_USD,10,0.005,0.1,14,2,4.0,5.0,0.7,2.0,1.0,0.08,0.754,126,0.01,0.14,0.09,True,-0.1,0.644,45,0.125
EUR_USD,10,0.005,0.1,14,2,4.0,5.0,0.7,2.5,1.0,0.04,0.754,126,-0.04,0.1,0.05,False,-0.15,0.644,45,
EUR_USD,10,0.005,0.1,14,2,4.0,5.0,0.8,1.5,0.5,-0.11,0.572,271,-0.12,0.1,-0.3,False,-0.41,0.482,114,
EUR_USD,10,0.005,0.1,14,2,4.0,5.0,0.8,1.5,1.0,0.07,0.683,126,-0.07,0.18,0.1,False,-0.14,0.533,45,
EUR_USD,10,0.005,0.1,14,2,4.0,5.0,0.8,2.0,0.5,-0.05,0.617,269,-0.08,0.07,-0.15,False,-0.38,0.527,112,
EUR_USD,10,0.005,0.1,14,2,4.0,5.0,0.8,2.0,1.0,0.08,0.722,126,0.0,0.14,0.1,True,-0.11,0.6,45,0.155
EUR_USD,10,0.005,0.1,14,2,4.0,5.0,0.8,2.5,0.5,-0.13,0.625,269,-0.15,0.01,-0.25,False,-0.32,0.562,112,
EUR_USD,10,0.005,0.1,14,2,4.0,5.0,0.8,2.5,1.0,0.05,0.73,126,-0.06,0.15,0.08,False,-0.16,0.6,45,
EUR_USD,10,0.005,0.1,20,2,4.0,5.0,0.3,1.5,1.0,0.02,0.84,94,-0.02,0.01,0.05,False,-0.09,0.68,25,
EUR_USD,10,0.005,0.1,20,2,4.0,5.0,0.4,1.5,1.0,0.03,0.809,94,-0.02,0.01,0.09,False,-0.06,0.68,25,
EUR_USD,10,0.005,0.1,20,2,4.0,5.0,0.4,2.0,1.0,0.01,0.83,94,-0.06,-0.02,0.13,False,-0.07,0.68,25,
EUR_USD,10,0.005,0.1,20,2,4.0,5.0,0.5,1.5,1.0,0.01,0.755,94,0.01,-0.03,0.05,False,-0.05,0.64,25,
EUR_USD,10,0.005,0.1,20,2,4.0,5.0,0.5,2.0,1.0,-0.02,0.777,94,-0.03,-0.09,0.07,False,-0.06,0.64,25,
EUR_USD,10,0.005,0.1,20,2,4.0,5.0,0.5,2.5,1.0,-0.01,0.798,94,-0.07,-0.03,0.06,False,-0.09,0.64,25,
EUR_USD,10,0.005,0.1,20,2,4.0,5.0,0.6,1.5,1.0,0.02,0.723,94,0.0,-0.01,0.07,False,-0.05,0.6,25,
EUR_USD,10,0.005,0.1,20,2,4.0,5.0,0.6,2.0,1.0,0.02,0.755,94,-0.0,-0.06,0.12,False,-0.06,0.6,25,
EUR_USD,10,0.005,0.1,20,2,4.0,5.0,0.6,2.5,1.0,0.01,0.766,94,-0.04,-0.04,0.1,False,-0.09,0.6,25,
EUR_USD,10,0.005,0.1,20,2,4.0,5.0,0.7,1.5,1.0,0.03,0.691,94,0.03,-0.01,0.08,False,-0.04,0.56,25,
EUR_USD,10,0.005,0.1,20,2,4.0,5.0,0.8,1.5,1.0,0.04,0.677,93,0.04,-0.03,0.12,False,-0.02,0.56,25,
EUR_USD,10,0.005,0.1,20,2,4.0,5.0,0.8,2.0,1.0,0.03,0.71,93,0.03,-0.11,0.18,False,-0.03,0.56,25,
EUR_USD,10,0.005,0.1,20,4,4.0,5.0,0.5,1.5,1.0,0.02,0.721,68,-0.03,0.04,0.04,False,-0.01,0.667,24,
EUR_USD,10,0.005,0.1,20,4,4.0,5.0,0.6,1.5,1.0,0.03,0.706,68,-0.02,0.06,0.05,False,-0.03,0.542,24,
EUR_USD,10,0.005,0.1,20,4,4.0,5.0,0.7,1.5,1.0,0.03,0.662,68,-0.01,0.04,0.05,False,-0.05,0.5,24,
EUR_USD,10,0.005,0.1,20,4,4.0,5.0,0.8,1.5,1.0,0.0,0.618,68,-0.04,0.01,0.04,False,-0.05,0.5,24,
EUR_USD,10,0.005,0.1,20,4,4.0,5.0,0.8,2.0,1.0,0.02,0.662,68,-0.07,-0.03,0.17,False,-0.06,0.5,24,
EUR_USD,10,0.005,0.2,14,2,3.0,5.0,0.5,1.5,1.0,0.06,0.755,233,-0.09,0.1,0.17,False,-0.28,0.605,86,
EUR_USD,10,0.005,0.2,14,2,3.0,5.0,0.6,1.5,1.0,0.06,0.717,233,-0.05,0.13,0.1,False,-0.27,0.57,86,
EUR_USD,10,0.005,0.2,14,2,3.0,5.0,0.7,1.5,1.0,0.07,0.691,233,-0.07,0.17,0.11,False,-0.23,0.558,86,
EUR_USD,10,0.005,0.2,14,2,3.0,5.0,0.8,1.5,1.0,0.08,0.661,233,-0.06,0.16,0.13,False,-0.24,0.523,86,
EUR_USD,10,0.005,0.2,14,2,3.0,5.0,0.8,2.0,1.0,0.06,0.691,233,-0.03,0.09,0.13,False,-0.16,0.616,86,
EUR_USD,10,0.005,0.2,14,2,3.0,5.0,0.8,2.5,1.0,0.04,0.708,233,-0.12,0.2,0.04,False,-0.2,0.616,86,
EUR_USD,10,0.005,0.2,14,2,4.0,5.0,0.4,1.5,0.5,-0.09,0.704,274,-0.13,0.01,-0.16,False,-0.37,0.609,115,
EUR_USD,10,0.005,0.2,14,2,4.0,5.0,0.4,1.5,1.0,0.03,0.794,126,-0.02,0.1,0.02,False,-0.14,0.644,45,
EUR_USD,10,0.005,0.2,14,2,4.0,5.0,0.4,2.5,1.0,-0.03,0.802,126,-0.06,0.04,-0.07,False,-0.19,0.689,45,
EUR_USD,10,0.005,0.2,14,2,4.0,5.0,0.5,1.5,0.5,-0.07,0.672,274,-0.2,0.09,-0.1,False,-0.36,0.57,114,
EUR_USD,10,0.005,0.2,14,2,4.0,5.0,0.5,1.5,1.0,0.05,0.77,126,-0.09,0.13,0.1,False,-0.13,0.622,45,
EUR_USD,10,0.005,0.2,14,2,4.0,5.0,0.5,2.0,0.5,-0.04,0.706,272,-0.21,0.14,-0.05,False,-0.38,0.598,112,
EUR_USD,10,0.005,0.2,14,2,4.0,5.0,0.5,2.0,1.0,0.03,0.786,126,-0.06,0.1,0.05,False,-0.13,0.667,45,
EUR_USD,10,0.005,0.2,14,2,4.0,5.0,0.5,2.5,0.5,-0.11,0.71,272,-0.27,0.07,-0.14,False,-0.36,0.625,112,
EUR_USD,10,0.005,0.2,14,2,4.0,5.0,0.5,2.5,1.0,-0.01,0.786,126,-0.12,0.08,0.01,False,-0.17,0.667,45,
EUR_USD,10,0.005,0.2,14,2,4.0,5.0,0.6,1.5,0.5,-0.08,0.636,272,-0.12,-0.01,-0.11,False,-0.37,0.544,114,
EUR_USD,10,0.005,0.2,14,2,4.0,5.0,0.6,1.5,1.0,0.07,0.746,126,-0.05,0.14,0.13,False,-0.15,0.578,45,
EUR_USD,10,0.005,0.2,14,2,4.0,5.0,0.6,2.0,0.5,-0.08,0.667,270,-0.12,-0.04,-0.08,False,-0.37,0.58,112,
EUR_USD,10,0.005,0.2,14,2,4.0,5.0,0.6,2.0,1.0,0.05,0.762,126,-0.02,0.1,0.06,False,-0.13,0.644,45,
EUR_USD,10,0.005,0.2,14,2,4.0,5.0,0.6,2.5,1.0,0.0,0.762,126,-0.08,0.06,0.01,False,-0.18,0.644,45,
EUR_USD,10,0.005,0.2,14,2,4.0,5.0,0.7,1.5,0.5,-0.09,0.605,271,-0.15,0.06,-0.16,False,-0.37,0.518,114,
EUR_USD,10,0.005,0.2,14,2,4.0,5.0,0.7,1.5,1.0,0.08,0.722,126,-0.06,0.18,0.12,False,-0.12,0.578,45,
EUR_USD,10,0.005,0.2,14,2,4.0,5.0,0.7,2.0,0.5,-0.06,0.643,269,-0.12,0.04,-0.1,False,-0.36,0.554,112,
EUR_USD,10,0.005,0.2,14,2,4.0,5.0,0.7,2.0,1.0,0.08,0.754,126,0.01,0.14,0.09,True,-0.1,0.644,45,0.125
EUR_USD,10,0.005,0.2,14,2,4.0,5.0,0.7,2.5,1.0,0.04,0.754,126,-0.04,0.1,0.05,False,-0.15,0.644,45,
EUR_USD,10,0.005,0.2,14,2,4.0,5.0,0.8,1.5,0.5,-0.11,0.572,271,-0.12,0.1,-0.3,False,-0.41,0.482,114,
EUR_USD,10,0.005,0.2,14,2,4.0,5.0,0.8,1.5,1.0,0.07,0.683,126,-0.07,0.18,0.1,False,-0.14,0.533,45,
EUR_USD,10,0.005,0.2,14,2,4.0,5.0,0.8,2.0,0.5,-0.05,0.617,269,-0.08,0.07,-0.15,False,-0.38,0.527,112,
EUR_USD,10,0.005,0.2,14,2,4.0,5.0,0.8,2.0,1.0,0.08,0.722,126,0.0,0.14,0.1,True,-0.11,0.6,45,0.155
EUR_USD,10,0.005,0.2,14,2,4.0,5.0,0.8,2.5,0.5,-0.13,0.625,269,-0.15,0.01,-0.25,False,-0.32,0.562,112,
EUR_USD,10,0.005,0.2,14,2,4.0,5.0,0.8,2.5,1.0,0.05,0.73,126,-0.06,0.15,0.08,False,-0.16,0.6,45,
EUR_USD,10,0.005,0.2,20,2,4.0,5.0,0.3,1.5,1.0,0.02,0.84,94,-0.02,0.01,0.05,False,-0.09,0.68,25,
EUR_USD,10,0.005,0.2,20,2,4.0,5.0,0.4,1.5,1.0,0.03,0.809,94,-0.02,0.01,0.09,False,-0.06,0.68,25,
EUR_USD,10,0.005,0.2,20,2,4.0,5.0,0.4,2.0,1.0,0.01,0.83,94,-0.06,-0.02,0.13,False,-0.07,0.68,25,
EUR_USD,10,0.005,0.2,20,2,4.0,5.0,0.5,1.5,1.0,0.01,0.755,94,0.01,-0.03,0.05,False,-0.05,0.64,25,
EUR_USD,10,0.005,0.2,20,2,4.0,5.0,0.5,2.0,1.0,-0.02,0.777,94,-0.03,-0.09,0.07,False,-0.06,0.64,25,
EUR_USD,10,0.005,0.2,20,2,4.0,5.0,0.5,2.5,1.0,-0.01,0.798,94,-0.07,-0.03,0.06,False,-0.09,0.64,25,
EUR_USD,10,0.005,0.2,20,2,4.0,5.0,0.6,1.5,1.0,0.02,0.723,94,0.0,-0.01,0.07,False,-0.05,0.6,25,
EUR_USD,10,0.005,0.2,20,2,4.0,5.0,0.6,2.0,1.0,0.02,0.755,94,-0.0,-0.06,0.12,False,-0.06,0.6,25,
EUR_USD,10,0.005,0.2,20,2,4.0,5.0,0.6,2.5,1.0,0.01,0.766,94,-0.04,-0.04,0.1,False,-0.09,0.6,25,
EUR_USD,10,0.005,0.2,20,2,4.0,5.0,0.7,1.5,1.0,0.03,0.691,94,0.03,-0.01,0.08,False,-0.04,0.56,25,
EUR_USD,10,0.005,0.2,20,2,4.0,5.0,0.8,1.5,1.0,0.04,0.677,93,0.04,-0.03,0.12,False,-0.02,0.56,25,
EUR_USD,10,0.005,0.2,20,2,4.0,5.0,0.8,2.0,1.0,0.03,0.71,93,0.03,-0.11,0.18,False,-0.03,0.56,25,
EUR_USD,10,0.005,0.2,20,4,4.0,5.0,0.5,1.5,1.0,0.02,0.721,68,-0.03,0.04,0.04,False,-0.01,0.667,24,
EUR_USD,10,0.005,0.2,20,4,4.0,5.0,0.6,1.5,1.0,0.03,0.706,68,-0.02,0.06,0.05,False,-0.03,0.542,24,
EUR_USD,10,0.005,0.2,20,4,4.0,5.0,0.7,1.5,1.0,0.03,0.662,68,-0.01,0.04,0.05,False,-0.05,0.5,24,
EUR_USD,10,0.005,0.2,20,4,4.0,5.0,0.8,1.5,1.0,0.0,0.618,68,-0.04,0.01,0.04,False,-0.05,0.5,24,
EUR_USD,10,0.005,0.2,20,4,4.0,5.0,0.8,2.0,1.0,0.02,0.662,68,-0.07,-0.03,0.17,False,-0.06,0.5,24,
EUR_JPY,5,0.002,-999.0,14,4,4.0,5.0,0.3,2.5,1.0,0.06,0.838,253,0.31,-0.17,0.04,False,-0.06,0.818,22,
EUR_JPY,5,0.002,-999.0,14,4,4.0,5.0,0.4,2.5,1.0,0.02,0.783,253,0.17,-0.18,0.07,False,-0.03,0.818,22,
EUR_JPY,5,0.002,-999.0,14,4,4.0,5.0,0.6,2.5,1.0,0.04,0.692,253,0.17,-0.16,0.1,False,0.02,0.773,22,
EUR_JPY,5,0.002,-999.0,14,4,4.0,5.0,0.7,1.5,1.0,0.06,0.636,253,0.19,-0.15,0.16,False,0.02,0.682,22,
EUR_JPY,5,0.002,-999.0,14,4,4.0,5.0,0.7,2.0,1.0,0.05,0.656,253,0.12,-0.15,0.18,False,0.08,0.773,22,
EUR_JPY,5,0.002,-999.0,14,4,4.0,5.0,0.7,2.5,1.0,0.1,0.664,253,0.28,-0.16,0.17,False,0.05,0.773,22,
EUR_JPY,5,0.002,-999.0,14,4,4.0,5.0,0.8,2.5,1.0,0.01,0.617,253,0.11,-0.18,0.11,False,0.09,0.773,22,
EUR_JPY,5,0.002,-999.0,20,3,4.0,5.0,0.5,1.5,1.0,0.03,0.718,312,0.06,0.01,0.01,True,-0.04,0.711,38,0.405
EUR_JPY,5,0.002,-999.0,20,3,4.0,5.0,0.5,2.5,1.0,0.02,0.737,312,0.15,-0.02,-0.07,False,-0.05,0.763,38,
EUR_JPY,5,0.002,-999.0,20,3,4.0,5.0,0.6,1.5,1.0,0.02,0.671,310,0.17,-0.06,-0.06,False,-0.03,0.684,38,
EUR_JPY,5,0.002,-999.0,20,3,4.0,5.0,0.7,1.5,1.0,0.05,0.642,310,0.27,-0.1,-0.02,False,0.02,0.684,38,
EUR_JPY,5,0.002,-999.0,20,3,4.0,5.0,0.8,1.5,0.5,0.07,0.602,487,0.37,-0.28,0.12,False,0.15,0.667,63,
EUR_JPY,5,0.002,-999.0,20,3,4.0,5.0,0.8,1.5,1.0,0.07,0.615,309,0.22,-0.08,0.07,False,0.05,0.658,38,
EUR_JPY,5,0.002,-999.0,20,3,4.0,5.0,0.8,2.5,1.0,0.01,0.641,309,0.28,-0.22,-0.02,False,0.03,0.711,38,
EUR_JPY,5,0.002,-999.0,20,4,4.0,5.0,0.3,1.5,1.0,0.02,0.799,214,0.13,-0.12,0.05,False,-0.22,0.633,30,
EUR_JPY,5,0.002,-999.0,20,4,4.0,5.0,0.6,1.5,1.0,0.03,0.645,214,0.21,-0.07,-0.04,False,-0.15,0.6,30,
EUR_JPY,5,0.002,-999.0,20,4,4.0,5.0,0.7,1.5,1.0,0.07,0.617,214,0.22,-0.03,0.0,False,-0.12,0.6,30,
EUR_JPY,5,0.002,-999.0,20,4,4.0,5.0,0.8,1.5,1.0,0.07,0.589,214,0.19,-0.01,0.04,False,-0.13,0.567,30,
EUR_JPY,5,0.002,-999.0,20,4,4.0,5.0,0.8,2.5,1.0,0.01,0.612,214,0.24,-0.12,-0.09,False,-0.17,0.667,30,
EUR_JPY,5,0.002,0.0,14,4,4.0,5.0,0.3,2.5,1.0,0.01,0.846,123,0.18,-0.12,-0.01,False,0.03,0.923,13,
EUR_JPY,5,0.002,0.0,14,4,4.0,5.0,0.4,2.5,1.0,-0.01,0.789,123,0.1,-0.16,0.03,False,0.05,0.923,13,
EUR_JPY,5,0.002,0.0,14,4,4.0,5.0,0.6,2.5,1.0,-0.0,0.691,123,0.12,-0.18,0.04,False,0.08,0.846,13,
EUR_JPY,5,0.002,0.0,14,4,4.0,5.0,0.7,1.5,1.0,-0.0,0.626,123,0.08,-0.23,0.13,False,0.07,0.769,13,
EUR_JPY,5,0.002,0.0,14,4,4.0,5.0,0.7,2.0,1.0,0.0,0.65,123,0.08,-0.21,0.14,False,0.11,0.846,13,
EUR_JPY,5,0.002,0.0,14,4,4.0,5.0,0.7,2.5,1.0,0.02,0.659,123,0.16,-0.21,0.1,False,0.1,0.846,13,
EUR_JPY,5,0.002,0.0,14,4,4.0,5.0,0.8,2.5,1.0,-0.02,0.61,123,0.09,-0.17,0.02,False,0.12,0.846,13,
EUR_JPY,5,0.002,0.0,20,3,4.0,5.0,0.5,1.5,1.0,-0.0,0.714,161,-0.06,-0.05,0.09,False,-0.03,0.684,19,
EUR_JPY,5,0.002,0.0,20,3,4.0,5.0,0.5,2.5,1.0,-0.02,0.739,161,-0.0,-0.1,0.03,False,-0.03,0.737,19,
EUR_JPY,5,0.002,0.0,20,3,4.0,5.0,0.6,1.5,1.0,0.03,0.688,160,0.01,-0.01,0.08,False,-0.05,0.632,19,
EUR_JPY,5,0.002,0.0,20,3,4.0,5.0,0.7,1.5,1.0,0.04,0.656,160,0.05,-0.06,0.12,False,-0.02,0.632,19,
EUR_JPY,5,0.002,0.0,20,3,4.0,5.0,0.8,1.5,0.5,0.06,0.615,244,0.03,-0.07,0.22,False,0.05,0.629,35,
EUR_JPY,5,0.002,0.0,20,3,4.0,5.0,0.8,1.5,1.0,0.05,0.629,159,0.01,-0.01,0.14,False,-0.02,0.579,19,
EUR_JPY,5,0.002,0.0,20,3,4.0,5.0,0.8,2.5,1.0,0.01,0.667,159,0.06,-0.1,0.09,False,-0.04,0.632,19,
EUR_JPY,5,0.002,0.0,20,4,4.0,5.0,0.3,1.5,1.0,0.04,0.83,112,0.14,-0.06,0.04,False,-0.08,0.722,18,
EUR_JPY,5,0.002,0.0,20,4,4.0,5.0,0.6,1.5,1.0,0.06,0.679,112,0.16,0.01,-0.0,False,-0.05,0.667,18,
EUR_JPY,5,0.002,0.0,20,4,4.0,5.0,0.7,1.5,1.0,0.08,0.652,112,0.18,0.05,0.0,True,-0.02,0.667,18,0.162
EUR_JPY,5,0.002,0.0,20,4,4.0,5.0,0.8,1.5,1.0,0.08,0.616,112,0.13,0.1,0.0,True,-0.0,0.667,18,0.182
EUR_JPY,5,0.002,0.0,20,4,4.0,5.0,0.8,2.5,1.0,0.05,0.643,112,0.22,0.02,-0.09,False,-0.06,0.722,18,
EUR_JPY,5,0.002,0.05,14,4,4.0,5.0,0.3,2.5,1.0,0.06,0.86,121,0.18,-0.12,0.11,False,0.03,0.923,13,
EUR_JPY,5,0.002,0.05,14,4,4.0,5.0,0.4,2.5,1.0,0.03,0.802,121,0.1,-0.16,0.15,False,0.05,0.923,13,
EUR_JPY,5,0.002,0.05,14,4,4.0,5.0,0.6,2.5,1.0,0.04,0.702,121,0.12,-0.18,0.17,False,0.08,0.846,13,
EUR_JPY,5,0.002,0.05,14,4,4.0,5.0,0.7,1.5,1.0,0.02,0.636,121,0.08,-0.23,0.21,False,0.07,0.769,13,
EUR_JPY,5,0.002,0.05,14,4,4.0,5.0,0.7,2.0,1.0,0.04,0.661,121,0.08,-0.21,0.24,False,0.11,0.846,13,
EUR_JPY,5,0.002,0.05,14,4,4.0,5.0,0.7,2.5,1.0,0.06,0.669,121,0.16,-0.21,0.22,False,0.1,0.846,13,
EUR_JPY,5,0.002,0.05,14,4,4.0,5.0,0.8,2.5,1.0,0.02,0.62,121,0.09,-0.17,0.14,False,0.12,0.846,13,
EUR_JPY,5,0.002,0.05,20,3,4.0,5.0,0.5,1.5,1.0,-0.01,0.717,152,-0.06,-0.05,0.09,False,-0.06,0.625,16,
EUR_JPY,5,0.002,0.05,20,3,4.0,5.0,0.5,2.5,1.0,-0.03,0.743,152,-0.01,-0.1,0.02,False,-0.06,0.688,16,
EUR_JPY,5,0.002,0.05,20,3,4.0,5.0,0.6,1.5,1.0,0.02,0.689,151,-0.01,-0.01,0.07,False,-0.04,0.625,16,
EUR_JPY,5,0.002,0.05,20,3,4.0,5.0,0.7,1.5,1.0,0.02,0.656,151,0.03,-0.06,0.11,False,-0.02,0.625,16,
EUR_JPY,5,0.002,0.05,20,3,4.0,5.0,0.8,1.5,0.5,0.04,0.614,233,-0.0,-0.07,0.2,False,0.04,0.613,31,
EUR_JPY,5,0.002,0.05,20,3,4.0,5.0,0.8,1.5,1.0,0.04,0.633,150,-0.0,-0.01,0.14,False,-0.02,0.562,16,
EUR_JPY,5,0.002,0.05,20,3,4.0,5.0,0.8,2.5,1.0,0.01,0.673,150,0.05,-0.1,0.08,False,-0.02,0.625,16,
EUR_JPY,5,0.002,0.05,20,4,4.0,5.0,0.3,1.5,1.0,0.05,0.84,106,0.14,-0.06,0.06,False,-0.09,0.688,16,
EUR_JPY,5,0.002,0.05,20,4,4.0,5.0,0.6,1.5,1.0,0.07,0.689,106,0.15,0.01,0.06,True,-0.03,0.688,16,0.159
EUR_JPY,5,0.002,0.05,20,4,4.0,5.0,0.7,1.5,1.0,0.09,0.66,106,0.16,0.05,0.06,True,-0.0,0.688,16,0.116
EUR_JPY,5,0.002,0.05,20,4,4.0,5.0,0.8,1.5,1.0,0.09,0.623,106,0.12,0.1,0.06,True,0.02,0.688,16,0.119
EUR_JPY,5,0.002,0.05,20,4,4.0,5.0,0.8,2.5,1.0,0.07,0.651,106,0.22,0.02,-0.02,False,-0.02,0.75,16,
EUR_JPY,5,0.002,0.1,14,4,4.0,5.0,0.3,2.5,1.0,0.05,0.857,112,0.17,-0.14,0.12,False,0.02,0.917,12,
EUR_JPY,5,0.002,0.1,14,4,4.0,5.0,0.4,2.5,1.0,0.02,0.795,112,0.09,-0.19,0.15,False,0.04,0.917,12,
EUR_JPY,5,0.002,0.1,14,4,4.0,5.0,0.6,2.5,1.0,0.03,0.696,112,0.11,-0.22,0.19,False,0.06,0.833,12,
EUR_JPY,5,0.002,0.1,14,4,4.0,5.0,0.7,1.5,1.0,0.0,0.625,112,0.06,-0.28,0.22,False,0.06,0.75,12,
EUR_JPY,5,0.002,0.1,14,4,4.0,5.0,0.7,2.0,1.0,0.02,0.652,112,0.06,-0.26,0.26,False,0.09,0.833,12,
EUR_JPY,5,0.002,0.1,14,4,4.0,5.0,0.7,2.5,1.0,0.04,0.661,112,0.14,-0.26,0.24,False,0.08,0.833,12,
EUR_JPY,5,0.002,0.1,14,4,4.0,5.0,0.8,2.5,1.0,-0.0,0.607,112,0.07,-0.22,0.15,False,0.1,0.833,12,
EUR_JPY,5,0.002,0.1,20,3,4.0,5.0,0.5,1.5,1.0,-0.01,0.71,138,0.0,-0.08,0.03,False,-0.06,0.625,16,
EUR_JPY,5,0.002,0.1,20,3,4.0,5.0,0.5,2.5,1.0,-0.05,0.732,138,0.01,-0.1,-0.04,False,-0.06,0.688,16,
EUR_JPY,5,0.002,0.1,20,3,4.0,5.0,0.6,1.5,1.0,0.0,0.679,137,0.06,-0.05,-0.01,False,-0.04,0.625,16,
EUR_JPY,5,0.002,0.1,20,3,4.0,5.0,0.7,1.5,1.0,-0.0,0.642,137,0.09,-0.11,0.02,False,-0.02,0.625,16,
EUR_JPY,5,0.002,0.1,20,3,4.0,5.0,0.8,1.5,0.5,0.03,0.614,215,0.07,-0.09,0.13,False,-0.01,0.571,28,
EUR_JPY,5,0.002,0.1,20,3,4.0,5.0,0.8,1.5,1.0,0.0,0.618,136,0.05,-0.08,0.04,False,-0.02,0.562,16,
EUR_JPY,5,0.002,0.1,20,3,4.0,5.0,0.8,2.5,1.0,-0.04,0.654,136,0.05,-0.14,-0.02,False,-0.02,0.625,16,
EUR_JPY,5,0.002,0.1,20,4,4.0,5.0,0.3,1.5,1.0,0.03,0.827,98,0.14,-0.1,0.04,False,-0.11,0.615,13,
EUR_JPY,5,0.002,0.1,20,4,4.0,5.0,0.6,1.5,1.0,0.05,0.673,98,0.15,-0.07,0.06,False,-0.06,0.615,13,
EUR_JPY,5,0.002,0.1,20,4,4.0,5.0,0.7,1.5,1.0,0.06,0.643,98,0.16,-0.04,0.06,False,-0.04,0.615,13,
EUR_JPY,5,0.002,0.1,20,4,4.0,5.0,0.8,1.5,1.0,0.06,0.602,98,0.12,-0.01,0.05,False,-0.03,0.615,13,
EUR_JPY,5,0.002,0.1,20,4,4.0,5.0,0.8,2.5,1.0,0.04,0.633,98,0.22,-0.08,-0.02,False,-0.06,0.692,13,
EUR_JPY,5,0.002,0.2,14,4,4.0,5.0,0.3,2.5,1.0,0.06,0.862,109,0.2,-0.15,0.12,False,0.02,0.917,12,
EUR_JPY,5,0.002,0.2,14,4,4.0,5.0,0.4,2.5,1.0,0.02,0.798,109,0.12,-0.2,0.15,False,0.04,0.917,12,
EUR_JPY,5,0.002,0.2,14,4,4.0,5.0,0.6,2.5,1.0,0.03,0.697,109,0.13,-0.24,0.19,False,0.06,0.833,12,
EUR_JPY,5,0.002,0.2,14,4,4.0,5.0,0.7,1.5,1.0,0.02,0.633,109,0.09,-0.23,0.22,False,0.06,0.75,12,
EUR_JPY,5,0.002,0.2,14,4,4.0,5.0,0.7,2.0,1.0,0.03,0.651,109,0.1,-0.28,0.26,False,0.09,0.833,12,
EUR_JPY,5,0.002,0.2,14,4,4.0,5.0,0.7,2.5,1.0,0.04,0.661,109,0.16,-0.28,0.24,False,0.08,0.833,12,
EUR_JPY,5,0.002,0.2,14,4,4.0,5.0,0.8,2.5,1.0,-0.0,0.606,109,0.09,-0.25,0.15,False,0.1,0.833,12,
EUR_JPY,5,0.002,0.2,20,3,4.0,5.0,0.5,1.5,1.0,-0.0,0.72,132,0.02,-0.05,0.03,False,-0.06,0.625,16,
EUR_JPY,5,0.002,0.2,20,3,4.0,5.0,0.5,2.5,1.0,-0.04,0.742,132,0.01,-0.08,-0.04,False,-0.06,0.688,16,
EUR_JPY,5,0.002,0.2,20,3,4.0,5.0,0.6,1.5,1.0,0.01,0.687,131,0.06,-0.02,-0.01,False,-0.04,0.625,16,
EUR_JPY,5,0.002,0.2,20,3,4.0,5.0,0.7,1.5,1.0,0.0,0.649,131,0.09,-0.09,0.02,False,-0.02,0.625,16,
EUR_JPY,5,0.002,0.2,20,3,4.0,5.0,0.8,1.5,0.5,0.03,0.615,205,0.06,-0.09,0.13,False,-0.01,0.571,28,
EUR_JPY,5,0.002,0.2,20,3,4.0,5.0,0.8,1.5,1.0,0.01,0.623,130,0.04,-0.05,0.04,False,-0.02,0.562,16,
EUR_JPY,5,0.002,0.2,20,3,4.0,5.0,0.8,2.5,1.0,-0.03,0.662,130,0.04,-0.12,-0.02,False,-0.02,0.625,16,
EUR_JPY,5,0.002,0.2,20,4,4.0,5.0,0.3,1.5,1.0,0.03,0.837,92,0.16,-0.1,0.04,False,-0.11,0.615,13,
EUR_JPY,5,0.002,0.2,20,4,4.0,5.0,0.6,1.5,1.0,0.06,0.685,92,0.18,-0.07,0.06,False,-0.06,0.615,13,
EUR_JPY,5,0.002,0.2,20,4,4.0,5.0,0.7,1.5,1.0,0.07,0.652,92,0.18,-0.04,0.06,False,-0.04,0.615,13,
EUR_JPY,5,0.002,0.2,20,4,4.0,5.0,0.8,1.5,1.0,0.06,0.609,92,0.14,-0.01,0.05,False,-0.03,0.615,13,
EUR_JPY,5,0.002,0.2,20,4,4.0,5.0,0.8,2.5,1.0,0.04,0.641,92,0.23,-0.08,-0.02,False,-0.06,0.692,13,
EUR_JPY,5,0.005,-999.0,14,4,4.0,5.0,0.3,2.5,1.0,0.06,0.838,253,0.31,-0.17,0.04,False,-0.06,0.818,22,
EUR_JPY,5,0.005,-999.0,14,4,4.0,5.0,0.4,2.5,1.0,0.02,0.783,253,0.17,-0.18,0.07,False,-0.03,0.818,22,
EUR_JPY,5,0.005,-999.0,14,4,4.0,5.0,0.6,2.5,1.0,0.04,0.692,253,0.17,-0.16,0.1,False,0.02,0.773,22,
EUR_JPY,5,0.005,-999.0,14,4,4.0,5.0,0.7,1.5,1.0,0.06,0.636,253,0.19,-0.15,0.16,False,0.02,0.682,22,
EUR_JPY,5,0.005,-999.0,14,4,4.0,5.0,0.7,2.0,1.0,0.05,0.656,253,0.12,-0.15,0.18,False,0.08,0.773,22,
EUR_JPY,5,0.005,-999.0,14,4,4.0,5.0,0.7,2.5,1.0,0.1,0.664,253,0.28,-0.16,0.17,False,0.05,0.773,22,
EUR_JPY,5,0.005,-999.0,14,4,4.0,5.0,0.8,2.5,1.0,0.01,0.617,253,0.11,-0.18,0.11,False,0.09,0.773,22,
EUR_JPY,5,0.005,-999.0,20,3,4.0,5.0,0.5,1.5,1.0,0.03,0.718,312,0.06,0.01,0.01,True,-0.04,0.711,38,0.405
EUR_JPY,5,0.005,-999.0,20,3,4.0,5.0,0.5,2.5,1.0,0.02,0.737,312,0.15,-0.02,-0.07,False,-0.05,0.763,38,
EUR_JPY,5,0.005,-999.0,20,3,4.0,5.0,0.6,1.5,1.0,0.02,0.671,310,0.17,-0.06,-0.06,False,-0.03,0.684,38,
EUR_JPY,5,0.005,-999.0,20,3,4.0,5.0,0.7,1.5,1.0,0.05,0.642,310,0.27,-0.1,-0.02,False,0.02,0.684,38,
EUR_JPY,5,0.005,-999.0,20,3,4.0,5.0,0.8,1.5,0.5,0.07,0.602,487,0.37,-0.28,0.12,False,0.15,0.667,63,
EUR_JPY,5,0.005,-999.0,20,3,4.0,5.0,0.8,1.5,1.0,0.07,0.615,309,0.22,-0.08,0.07,False,0.05,0.658,38,
EUR_JPY,5,0.005,-999.0,20,3,4.0,5.0,0.8,2.5,1.0,0.01,0.641,309,0.28,-0.22,-0.02,False,0.03,0.711,38,
EUR_JPY,5,0.005,-999.0,20,4,4.0,5.0,0.3,1.5,1.0,0.02,0.799,214,0.13,-0.12,0.05,False,-0.22,0.633,30,
EUR_JPY,5,0.005,-999.0,20,4,4.0,5.0,0.6,1.5,1.0,0.03,0.645,214,0.21,-0.07,-0.04,False,-0.15,0.6,30,
EUR_JPY,5,0.005,-999.0,20,4,4.0,5.0,0.7,1.5,1.0,0.07,0.617,214,0.22,-0.03,0.0,False,-0.12,0.6,30,
EUR_JPY,5,0.005,-999.0,20,4,4.0,5.0,0.8,1.5,1.0,0.07,0.589,214,0.19,-0.01,0.04,False,-0.13,0.567,30,
EUR_JPY,5,0.005,-999.0,20,4,4.0,5.0,0.8,2.5,1.0,0.01,0.612,214,0.24,-0.12,-0.09,False,-0.17,0.667,30,
EUR_JPY,5,0.005,0.0,14,4,4.0,5.0,0.3,2.5,1.0,0.03,0.835,133,0.13,-0.16,0.12,False,-0.03,0.846,13,
EUR_JPY,5,0.005,0.0,14,4,4.0,5.0,0.4,2.5,1.0,-0.04,0.767,133,0.0,-0.21,0.09,False,-0.01,0.846,13,
EUR_JPY,5,0.005,0.0,14,4,4.0,5.0,0.6,2.5,1.0,-0.03,0.677,133,0.03,-0.25,0.15,False,0.01,0.769,13,
EUR_JPY,5,0.005,0.0,14,4,4.0,5.0,0.7,1.5,1.0,-0.0,0.617,133,0.01,-0.25,0.24,False,0.03,0.692,13,
EUR_JPY,5,0.005,0.0,14,4,4.0,5.0,0.7,2.0,1.0,-0.02,0.639,133,-0.01,-0.22,0.19,False,0.05,0.769,13,
EUR_JPY,5,0.005,0.0,14,4,4.0,5.0,0.7,2.5,1.0,0.01,0.654,133,0.08,-0.26,0.21,False,0.03,0.769,13,
EUR_JPY,5,0.005,0.0,14,4,4.0,5.0,0.8,2.5,1.0,-0.08,0.586,133,-0.12,-0.23,0.11,False,0.05,0.769,13,
EUR_JPY,5,0.005,0.0,20,3,4.0,5.0,0.5,1.5,1.0,0.02,0.72,157,0.05,0.02,-0.02,False,-0.11,0.579,19,
EUR_JPY,5,0.005,0.0,20,3,4.0,5.0,0.5,2.5,1.0,0.0,0.739,157,0.06,0.02,-0.07,False,-0.09,0.684,19,
EUR_JPY,5,0.005,0.0,20,3,4.0,5.0,0.6,1.5,1.0,0.01,0.679,156,0.09,0.02,-0.06,False,-0.09,0.579,19,
EUR_JPY,5,0.005,0.0,20,3,4.0,5.0,0.7,1.5,1.0,-0.02,0.635,156,0.11,-0.07,-0.09,False,-0.06,0.579,19,
EUR_JPY,5,0.005,0.0,20,3,4.0,5.0,0.8,1.5,0.5,-0.04,0.585,246,0.05,-0.07,-0.1,False,-0.12,0.5,32,
EUR_JPY,5,0.005,0.0,20,3,4.0,5.0,0.8,1.5,1.0,-0.03,0.6,155,-0.02,-0.03,-0.06,False,-0.07,0.526,19,
EUR_JPY,5,0.005,0.0,20,3,4.0,5.0,0.8,2.5,1.0,-0.07,0.632,155,-0.04,-0.09,-0.06,False,-0.04,0.632,19,
EUR_JPY,5,0.005,0.0,20,4,4.0,5.0,0.3,1.5,1.0,0.0,0.798,104,0.03,-0.06,0.05,False,-0.23,0.4,15,
EUR_JPY,5,0.005,0.0,20,4,4.0,5.0,0.6,1.5,1.0,0.01,0.644,104,-0.0,0.01,0.02,False,-0.2,0.4,15,
EUR_JPY,5,0.005,0.0,20,4,4.0,5.0,0.7,1.5,1.0,0.02,0.615,104,-0.01,0.05,0.02,False,-0.19,0.4,15,
EUR_JPY,5,0.005,0.0,20,4,4.0,5.0,0.8,1.5,1.0,0.02,0.587,104,-0.02,0.08,0.01,False,-0.17,0.4,15,
EUR_JPY,5,0.005,0.0,20,4,4.0,5.0,0.8,2.5,1.0,-0.01,0.615,104,0.0,0.04,-0.07,False,-0.16,0.6,15,
EUR_JPY,5,0.005,0.05,14,4,4.0,5.0,0.3,2.5,1.0,0.01,0.841,88,0.1,-0.18,0.12,False,0.01,0.9,10,
EUR_JPY,5,0.005,0.05,14,4,4.0,5.0,0.4,2.5,1.0,-0.02,0.773,88,0.05,-0.24,0.13,False,0.03,0.9,10,
EUR_JPY,5,0.005,0.05,14,4,4.0,5.0,0.6,2.5,1.0,-0.02,0.693,88,0.07,-0.3,0.18,False,0.04,0.8,10,
EUR_JPY,5,0.005,0.05,14,4,4.0,5.0,0.7,1.5,1.0,0.02,0.659,88,0.08,-0.25,0.24,False,0.03,0.7,10,
EUR_JPY,5,0.005,0.05,14,4,4.0,5.0,0.7,2.0,1.0,0.0,0.67,88,0.04,-0.28,0.24,False,0.06,0.8,10,
EUR_JPY,5,0.005,0.05,14,4,4.0,5.0,0.7,2.5,1.0,0.01,0.682,88,0.11,-0.31,0.23,False,0.05,0.8,10,
EUR_JPY,5,0.005,0.05,14,4,4.0,5.0,0.8,2.5,1.0,-0.07,0.602,88,-0.04,-0.29,0.13,False,0.07,0.8,10,
EUR_JPY,5,0.005,0.05,20,3,4.0,5.0,0.5,1.5,1.0,-0.02,0.707,99,-0.01,-0.02,-0.02,False,-0.1,0.5,12,
EUR_JPY,5,0.005,0.05,20,3,4.0,5.0,0.5,2.5,1.0,-0.02,0.737,99,0.03,-0.03,-0.07,False,-0.11,0.583,12,
EUR_JPY,5,0.005,0.05,20,3,4.0,5.0,0.6,1.5,1.0,0.0,0.687,99,0.06,0.01,-0.07,False,-0.09,0.5,12,
EUR_JPY,5,0.005,0.05,20,3,4.0,5.0,0.7,1.5,1.0,0.01,0.657,99,0.05,0.05,-0.06,False,-0.08,0.5,12,
EUR_JPY,5,0.005,0.05,20,3,4.0,5.0,0.8,1.5,0.5,0.01,0.606,155,-0.01,-0.02,0.05,False,-0.05,0.5,20,
EUR_JPY,5,0.005,0.05,20,3,4.0,5.0,0.8,1.5,1.0,-0.0,0.622,98,-0.02,0.09,-0.07,False,-0.09,0.417,12,
EUR_JPY,5,0.005,0.05,20,3,4.0,5.0,0.8,2.5,1.0,-0.02,0.663,98,-0.05,0.08,-0.11,False,-0.09,0.5,12,
EUR_JPY,5,0.005,0.05,20,4,4.0,5.0,0.3,1.5,1.0,-0.02,0.789,71,0.02,-0.09,0.02,False,-0.1,0.5,8,
EUR_JPY,5,0.005,0.05,20,4,4.0,5.0,0.6,1.5,1.0,-0.03,0.62,71,-0.03,-0.06,0.01,False,-0.07,0.5,8,
EUR_JPY,5,0.005,0.05,20,4,4.0,5.0,0.7,1.5,1.0,-0.02,0.592,71,-0.03,-0.03,-0.01,False,-0.06,0.5,8,
EUR_JPY,5,0.005,0.05,20,4,4.0,5.0,0.8,1.5,1.0,-0.03,0.549,71,-0.06,-0.01,-0.03,False,-0.06,0.5,8,
EUR_JPY,5,0.005,0.05,20,4,4.0,5.0,0.8,2.5,1.0,-0.08,0.577,71,-0.1,-0.05,-0.08,False,-0.07,0.625,8,
EUR_JPY,5,0.005,0.1,14,4,4.0,5.0,0.3,2.5,1.0,-0.01,0.829,70,0.03,-0.18,0.12,False,0.01,0.9,10,
EUR_JPY,5,0.005,0.1,14,4,4.0,5.0,0.4,2.5,1.0,-0.03,0.757,70,0.01,-0.24,0.13,False,0.03,0.9,10,
EUR_JPY,5,0.005,0.1,14,4,4.0,5.0,0.6,2.5,1.0,-0.04,0.671,70,0.01,-0.3,0.18,False,0.04,0.8,10,
EUR_JPY,5,0.005,0.1,14,4,4.0,5.0,0.7,1.5,1.0,-0.01,0.629,70,-0.04,-0.25,0.24,False,0.03,0.7,10,
EUR_JPY,5,0.005,0.1,14,4,4.0,5.0,0.7,2.0,1.0,-0.03,0.643,70,-0.06,-0.28,0.24,False,0.06,0.8,10,
EUR_JPY,5,0.005,0.1,14,4,4.0,5.0,0.7,2.5,1.0,-0.02,0.657,70,0.02,-0.31,0.23,False,0.05,0.8,10,
EUR_JPY,5,0.005,0.1,14,4,4.0,5.0,0.8,2.5,1.0,-0.05,0.6,70,0.01,-0.29,0.13,False,0.07,0.8,10,
EUR_JPY,5,0.005,0.1,20,3,4.0,5.0,0.5,1.5,1.0,-0.01,0.72,82,0.02,-0.02,-0.02,False,-0.1,0.5,12,
EUR_JPY,5,0.005,0.1,20,3,4.0,5.0,0.5,2.5,1.0,-0.0,0.756,82,0.09,-0.03,-0.07,False,-0.11,0.583,12,
EUR_JPY,5,0.005,0.1,20,3,4.0,5.0,0.6,1.5,1.0,0.0,0.695,82,0.06,0.01,-0.07,False,-0.09,0.5,12,
EUR_JPY,5,0.005,0.1,20,3,4.0,5.0,0.7,1.5,1.0,0.03,0.683,82,0.1,0.05,-0.06,False,-0.08,0.5,12,
EUR_JPY,5,0.005,0.1,20,3,4.0,5.0,0.8,1.5,0.5,0.03,0.626,131,0.06,-0.02,0.05,False,-0.05,0.5,20,
EUR_JPY,5,0.005,0.1,20,3,4.0,5.0,0.8,1.5,1.0,0.03,0.654,81,0.08,0.09,-0.07,False,-0.09,0.417,12,
EUR_JPY,5,0.005,0.1,20,3,4.0,5.0,0.8,2.5,1.0,0.03,0.704,81,0.11,0.08,-0.11,False,-0.09,0.5,12,
EUR_JPY,5,0.005,0.1,20,4,4.0,5.0,0.3,1.5,1.0,-0.01,0.81,58,0.05,-0.09,0.02,False,-0.1,0.5,8,
EUR_JPY,5,0.005,0.1,20,4,4.0,5.0,0.6,1.5,1.0,0.0,0.655,58,0.05,-0.06,0.01,False,-0.07,0.5,8,
EUR_JPY,5,0.005,0.1,20,4,4.0,5.0,0.7,1.5,1.0,0.01,0.638,58,0.07,-0.03,-0.01,False,-0.06,0.5,8,
EUR_JPY,5,0.005,0.1,20,4,4.0,5.0,0.8,1.5,1.0,0.01,0.603,58,0.07,-0.01,-0.03,False,-0.06,0.5,8,
EUR_JPY,5,0.005,0.1,20,4,4.0,5.0,0.8,2.5,1.0,-0.02,0.638,58,0.08,-0.05,-0.08,False,-0.07,0.625,8,
EUR_JPY,5,0.005,0.2,14,4,4.0,5.0,0.3,2.5,1.0,-0.01,0.829,70,0.03,-0.18,0.12,False,0.01,0.9,10,
EUR_JPY,5,0.005,0.2,14,4,4.0,5.0,0.4,2.5,1.0,-0.03,0.757,70,0.01,-0.24,0.13,False,0.03,0.9,10,
EUR_JPY,5,0.005,0.2,14,4,4.0,5.0,0.6,2.5,1.0,-0.04,0.671,70,0.01,-0.3,0.18,False,0.04,0.8,10,
EUR_JPY,5,0.005,0.2,14,4,4.0,5.0,0.7,1.5,1.0,-0.01,0.629,70,-0.04,-0.25,0.24,False,0.03,0.7,10,
EUR_JPY,5,0.005,0.2,14,4,4.0,5.0,0.7,2.0,1.0,-0.03,0.643,70,-0.06,-0.28,0.24,False,0.06,0.8,10,
EUR_JPY,5,0.005,0.2,14,4,4.0,5.0,0.7,2.5,1.0,-0.02,0.657,70,0.02,-0.31,0.23,False,0.05,0.8,10,
EUR_JPY,5,0.005,0.2,14,4,4.0,5.0,0.8,2.5,1.0,-0.05,0.6,70,0.01,-0.29,0.13,False,0.07,0.8,10,
EUR_JPY,5,0.005,0.2,20,3,4.0,5.0,0.5,1.5,1.0,-0.01,0.72,82,0.02,-0.02,-0.02,False,-0.1,0.5,12,
EUR_JPY,5,0.005,0.2,20,3,4.0,5.0,0.5,2.5,1.0,-0.0,0.756,82,0.09,-0.03,-0.07,False,-0.11,0.583,12,
EUR_JPY,5,0.005,0.2,20,3,4.0,5.0,0.6,1.5,1.0,0.0,0.695,82,0.06,0.01,-0.07,False,-0.09,0.5,12,
EUR_JPY,5,0.005,0.2,20,3,4.0,5.0,0.7,1.5,1.0,0.03,0.683,82,0.1,0.05,-0.06,False,-0.08,0.5,12,
EUR_JPY,5,0.005,0.2,20,3,4.0,5.0,0.8,1.5,0.5,0.03,0.626,131,0.06,-0.02,0.05,False,-0.05,0.5,20,
EUR_JPY,5,0.005,0.2,20,3,4.0,5.0,0.8,1.5,1.0,0.03,0.654,81,0.08,0.09,-0.07,False,-0.09,0.417,12,
EUR_JPY,5,0.005,0.2,20,3,4.0,5.0,0.8,2.5,1.0,0.03,0.704,81,0.11,0.08,-0.11,False,-0.09,0.5,12,
EUR_JPY,5,0.005,0.2,20,4,4.0,5.0,0.3,1.5,1.0,-0.01,0.81,58,0.05,-0.09,0.02,False,-0.1,0.5,8,
EUR_JPY,5,0.005,0.2,20,4,4.0,5.0,0.6,1.5,1.0,0.0,0.655,58,0.05,-0.06,0.01,False,-0.07,0.5,8,
EUR_JPY,5,0.005,0.2,20,4,4.0,5.0,0.7,1.5,1.0,0.01,0.638,58,0.07,-0.03,-0.01,False,-0.06,0.5,8,
EUR_JPY,5,0.005,0.2,20,4,4.0,5.0,0.8,1.5,1.0,0.01,0.603,58,0.07,-0.01,-0.03,False,-0.06,0.5,8,
EUR_JPY,5,0.005,0.2,20,4,4.0,5.0,0.8,2.5,1.0,-0.02,0.638,58,0.08,-0.05,-0.08,False,-0.07,0.625,8,
EUR_JPY,10,0.002,-999.0,14,4,4.0,5.0,0.3,2.5,1.0,0.06,0.838,253,0.31,-0.17,0.04,False,-0.06,0.818,22,
EUR_JPY,10,0.002,-999.0,14,4,4.0,5.0,0.4,2.5,1.0,0.02,0.783,253,0.17,-0.18,0.07,False,-0.03,0.818,22,
EUR_JPY,10,0.002,-999.0,14,4,4.0,5.0,0.6,2.5,1.0,0.04,0.692,253,0.17,-0.16,0.1,False,0.02,0.773,22,
EUR_JPY,10,0.002,-999.0,14,4,4.0,5.0,0.7,1.5,1.0,0.06,0.636,253,0.19,-0.15,0.16,False,0.02,0.682,22,
EUR_JPY,10,0.002,-999.0,14,4,4.0,5.0,0.7,2.0,1.0,0.05,0.656,253,0.12,-0.15,0.18,False,0.08,0.773,22,
EUR_JPY,10,0.002,-999.0,14,4,4.0,5.0,0.7,2.5,1.0,0.1,0.664,253,0.28,-0.16,0.17,False,0.05,0.773,22,
EUR_JPY,10,0.002,-999.0,14,4,4.0,5.0,0.8,2.5,1.0,0.01,0.617,253,0.11,-0.18,0.11,False,0.09,0.773,22,
EUR_JPY,10,0.002,-999.0,20,3,4.0,5.0,0.5,1.5,1.0,0.03,0.718,312,0.06,0.01,0.01,True,-0.04,0.711,38,0.405
EUR_JPY,10,0.002,-999.0,20,3,4.0,5.0,0.5,2.5,1.0,0.02,0.737,312,0.15,-0.02,-0.07,False,-0.05,0.763,38,
EUR_JPY,10,0.002,-999.0,20,3,4.0,5.0,0.6,1.5,1.0,0.02,0.671,310,0.17,-0.06,-0.06,False,-0.03,0.684,38,
EUR_JPY,10,0.002,-999.0,20,3,4.0,5.0,0.7,1.5,1.0,0.05,0.642,310,0.27,-0.1,-0.02,False,0.02,0.684,38,
EUR_JPY,10,0.002,-999.0,20,3,4.0,5.0,0.8,1.5,0.5,0.07,0.602,487,0.37,-0.28,0.12,False,0.15,0.667,63,
EUR_JPY,10,0.002,-999.0,20,3,4.0,5.0,0.8,1.5,1.0,0.07,0.615,309,0.22,-0.08,0.07,False,0.05,0.658,38,
EUR_JPY,10,0.002,-999.0,20,3,4.0,5.0,0.8,2.5,1.0,0.01,0.641,309,0.28,-0.22,-0.02,False,0.03,0.711,38,
EUR_JPY,10,0.002,-999.0,20,4,4.0,5.0,0.3,1.5,1.0,0.02,0.799,214,0.13,-0.12,0.05,False,-0.22,0.633,30,
EUR_JPY,10,0.002,-999.0,20,4,4.0,5.0,0.6,1.5,1.0,0.03,0.645,214,0.21,-0.07,-0.04,False,-0.15,0.6,30,
EUR_JPY,10,0.002,-999.0,20,4,4.0,5.0,0.7,1.5,1.0,0.07,0.617,214,0.22,-0.03,0.0,False,-0.12,0.6,30,
EUR_JPY,10,0.002,-999.0,20,4,4.0,5.0,0.8,1.5,1.0,0.07,0.589,214,0.19,-0.01,0.04,False,-0.13,0.567,30,
EUR_JPY,10,0.002,-999.0,20,4,4.0,5.0,0.8,2.5,1.0,0.01,0.612,214,0.24,-0.12,-0.09,False,-0.17,0.667,30,
EUR_JPY,10,0.002,0.0,14,4,4.0,5.0,0.3,2.5,1.0,0.05,0.846,130,0.19,-0.21,0.17,False,0.02,0.923,13,
EUR_JPY,10,0.002,0.0,14,4,4.0,5.0,0.4,2.5,1.0,-0.03,0.769,130,0.04,-0.26,0.14,False,0.04,0.923,13,
EUR_JPY,10,0.002,0.0,14,4,4.0,5.0,0.6,2.5,1.0,-0.03,0.685,130,0.0,-0.27,0.19,False,0.07,0.846,13,
EUR_JPY,10,0.002,0.0,14,4,4.0,5.0,0.7,1.5,1.0,-0.01,0.623,130,0.02,-0.31,0.26,False,0.07,0.769,13,
EUR_JPY,10,0.002,0.0,14,4,4.0,5.0,0.7,2.0,1.0,-0.05,0.638,130,-0.07,-0.31,0.22,False,0.1,0.846,13,
EUR_JPY,10,0.002,0.0,14,4,4.0,5.0,0.7,2.5,1.0,-0.0,0.654,130,0.04,-0.3,0.26,False,0.09,0.846,13,
EUR_JPY,10,0.002,0.0,14,4,4.0,5.0,0.8,2.5,1.0,-0.05,0.6,130,-0.02,-0.27,0.15,False,0.11,0.846,13,
EUR_JPY,10,0.002,0.0,20,3,4.0,5.0,0.5,1.5,1.0,-0.03,0.715,158,0.02,-0.07,-0.04,False,-0.07,0.632,19,
EUR_JPY,10,0.002,0.0,20,3,4.0,5.0,0.5,2.5,1.0,-0.06,0.741,158,0.07,-0.14,-0.12,False,-0.09,0.684,19,
EUR_JPY,10,0.002,0.0,20,3,4.0,5.0,0.6,1.5,1.0,-0.05,0.669,157,0.07,-0.12,-0.09,False,-0.05,0.632,19,
EUR_JPY,10,0.002,0.0,20,3,4.0,5.0,0.7,1.5,1.0,-0.05,0.631,157,0.1,-0.2,-0.05,False,-0.02,0.632,19,
EUR_JPY,10,0.002,0.0,20,3,4.0,5.0,0.8,1.5,0.5,-0.07,0.588,245,0.22,-0.44,0.03,False,0.02,0.6,35,
EUR_JPY,10,0.002,0.0,20,3,4.0,5.0,0.8,1.5,1.0,-0.07,0.596,156,0.06,-0.21,-0.04,False,-0.02,0.579,19,
EUR_JPY,10,0.002,0.0,20,3,4.0,5.0,0.8,2.5,1.0,-0.12,0.635,156,0.11,-0.37,-0.1,False,-0.04,0.632,19,
EUR_JPY,10,0.002,0.0,20,4,4.0,5.0,0.3,1.5,1.0,-0.03,0.792,106,0.13,-0.22,0.02,False,-0.16,0.562,16,
EUR_JPY,10,0.002,0.0,20,4,4.0,5.0,0.6,1.5,1.0,-0.02,0.642,106,0.11,-0.15,-0.02,False,-0.11,0.562,16,
EUR_JPY,10,0.002,0.0,20,4,4.0,5.0,0.7,1.5,1.0,0.0,0.623,106,0.15,-0.12,-0.02,False,-0.09,0.562,16,
EUR_JPY,10,0.002,0.0,20,4,4.0,5.0,0.8,1.5,1.0,-0.01,0.585,106,0.15,-0.14,-0.03,False,-0.07,0.562,16,
EUR_JPY,10,0.002,0.0,20,4,4.0,5.0,0.8,2.5,1.0,-0.05,0.613,106,0.22,-0.23,-0.12,False,-0.15,0.625,16,
EUR_JPY,10,0.002,0.05,14,4,4.0,5.0,0.3,2.5,1.0,0.05,0.845,129,0.19,-0.21,0.16,False,0.02,0.923,13,
EUR_JPY,10,0.002,0.05,14,4,4.0,5.0,0.4,2.5,1.0,-0.03,0.767,129,0.04,-0.26,0.13,False,0.04,0.923,13,
EUR_JPY,10,0.002,0.05,14,4,4.0,5.0,0.6,2.5,1.0,-0.03,0.682,129,0.0,-0.27,0.18,False,0.07,0.846,13,
EUR_JPY,10,0.002,0.05,14,4,4.0,5.0,0.7,1.5,1.0,-0.02,0.62,129,0.02,-0.31,0.24,False,0.07,0.769,13,
EUR_JPY,10,0.002,0.05,14,4,4.0,5.0,0.7,2.0,1.0,-0.06,0.636,129,-0.07,-0.31,0.2,False,0.1,0.846,13,
EUR_JPY,10,0.002,0.05,14,4,4.0,5.0,0.7,2.5,1.0,-0.01,0.651,129,0.04,-0.3,0.24,False,0.09,0.846,13,
EUR_JPY,10,0.002,0.05,14,4,4.0,5.0,0.8,2.5,1.0,-0.05,0.597,129,-0.02,-0.27,0.13,False,0.11,0.846,13,
EUR_JPY,10,0.002,0.05,20,3,4.0,5.0,0.5,1.5,1.0,-0.0,0.727,154,0.02,-0.03,0.0,False,-0.07,0.632,19,
EUR_JPY,10,0.002,0.05,20,3,4.0,5.0,0.5,2.5,1.0,-0.03,0.753,154,0.07,-0.11,-0.05,False,-0.09,0.684,19,
EUR_JPY,10,0.002,0.05,20,3,4.0,5.0,0.6,1.5,1.0,-0.02,0.68,153,0.07,-0.08,-0.05,False,-0.05,0.632,19,
EUR_JPY,10,0.002,0.05,20,3,4.0,5.0,0.7,1.5,1.0,-0.02,0.641,153,0.1,-0.16,-0.01,False,-0.02,0.632,19,
EUR_JPY,10,0.002,0.05,20,3,4.0,5.0,0.8,1.5,0.5,-0.04,0.594,239,0.22,-0.42,0.08,False,0.02,0.6,35,
EUR_JPY,10,0.002,0.05,20,3,4.0,5.0,0.8,1.5,1.0,-0.04,0.605,152,0.06,-0.17,-0.0,False,-0.02,0.579,19,
EUR_JPY,10,0.002,0.05,20,3,4.0,5.0,0.8,2.5,1.0,-0.09,0.645,152,0.11,-0.34,-0.04,False,-0.04,0.632,19,
EUR_JPY,10,0.002,0.05,20,4,4.0,5.0,0.3,1.5,1.0,-0.02,0.794,102,0.13,-0.23,0.04,False,-0.16,0.562,16,
EUR_JPY,10,0.002,0.05,20,4,4.0,5.0,0.6,1.5,1.0,-0.02,0.647,102,0.11,-0.17,0.01,False,-0.11,0.562,16,
EUR_JPY,10,0.002,0.05,20,4,4.0,5.0,0.7,1.5,1.0,0.01,0.627,102,0.15,-0.13,0.0,False,-0.09,0.562,16,
EUR_JPY,10,0.002,0.05,20,4,4.0,5.0,0.8,1.5,1.0,-0.01,0.588,102,0.15,-0.16,-0.01,False,-0.07,0.562,16,
EUR_JPY,10,0.002,0.05,20,4,4.0,5.0,0.8,2.5,1.0,-0.04,0.618,102,0.22,-0.25,-0.08,False,-0.15,0.625,16,
EUR_JPY,10,0.002,0.1,14,4,4.0,5.0,0.3,2.5,1.0,0.05,0.847,124,0.19,-0.17,0.14,False,0.01,0.917,12,
EUR_JPY,10,0.002,0.1,14,4,4.0,5.0,0.4,2.5,1.0,-0.03,0.766,124,0.04,-0.23,0.1,False,0.03,0.917,12,
EUR_JPY,10,0.002,0.1,14,4,4.0,5.0,0.6,2.5,1.0,-0.03,0.685,124,0.0,-0.24,0.16,False,0.06,0.833,12,
EUR_JPY,10,0.002,0.1,14,4,4.0,5.0,0.7,1.5,1.0,-0.01,0.629,124,0.02,-0.26,0.21,False,0.05,0.75,12,
EUR_JPY,10,0.002,0.1,14,4,4.0,5.0,0.7,2.0,1.0,-0.05,0.645,124,-0.07,-0.25,0.18,False,0.09,0.833,12,
EUR_JPY,10,0.002,0.1,14,4,4.0,5.0,0.7,2.5,1.0,0.0,0.661,124,0.04,-0.25,0.22,False,0.07,0.833,12,
EUR_JPY,10,0.002,0.1,14,4,4.0,5.0,0.8,2.5,1.0,-0.05,0.605,124,-0.02,-0.22,0.1,False,0.09,0.833,12,
EUR_JPY,10,0.002,0.1,20,3,4.0,5.0,0.5,1.5,1.0,0.02,0.735,151,0.02,-0.03,0.06,False,-0.11,0.533,15,
EUR_JPY,10,0.002,0.1,20,3,4.0,5.0,0.5,2.5,1.0,-0.02,0.755,151,0.07,-0.11,-0.01,False,-0.13,0.6,15,
EUR_JPY,10,0.002,0.1,20,3,4.0,5.0,0.6,1.5,1.0,0.01,0.693,150,0.07,-0.08,0.04,False,-0.09,0.533,15,
EUR_JPY,10,0.002,0.1,20,3,4.0,5.0,0.7,1.5,1.0,0.0,0.653,150,0.1,-0.16,0.07,False,-0.08,0.533,15,
EUR_JPY,10,0.002,0.1,20,3,4.0,5.0,0.8,1.5,0.5,0.02,0.607,229,0.22,-0.3,0.13,False,0.02,0.607,28,
EUR_JPY,10,0.002,0.1,20,3,4.0,5.0,0.8,1.5,1.0,-0.01,0.617,149,0.06,-0.17,0.08,False,-0.09,0.467,15,
EUR_JPY,10,0.002,0.1,20,3,4.0,5.0,0.8,2.5,1.0,-0.07,0.651,149,0.11,-0.34,0.01,False,-0.1,0.533,15,
EUR_JPY,10,0.002,0.1,20,4,4.0,5.0,0.3,1.5,1.0,0.01,0.812,96,0.13,-0.15,0.05,False,-0.11,0.583,12,
EUR_JPY,10,0.002,0.1,20,4,4.0,5.0,0.6,1.5,1.0,0.02,0.667,96,0.11,-0.08,0.02,False,-0.07,0.583,12,
EUR_JPY,10,0.002,0.1,20,4,4.0,5.0,0.7,1.5,1.0,0.04,0.646,96,0.15,-0.05,0.01,False,-0.06,0.583,12,
EUR_JPY,10,0.002,0.1,20,4,4.0,5.0,0.8,1.5,1.0,0.02,0.604,96,0.15,-0.08,-0.0,False,-0.04,0.583,12,
EUR_JPY,10,0.002,0.1,20,4,4.0,5.0,0.8,2.5,1.0,-0.0,0.635,96,0.22,-0.17,-0.05,False,-0.08,0.667,12,
EUR_JPY,10,0.002,0.2,14,4,4.0,5.0,0.3,2.5,1.0,0.04,0.842,120,0.16,-0.17,0.14,False,0.01,0.917,12,
EUR_JPY,10,0.002,0.2,14,4,4.0,5.0,0.4,2.5,1.0,-0.04,0.767,120,0.02,-0.23,0.1,False,0.03,0.917,12,
EUR_JPY,10,0.002,0.2,14,4,4.0,5.0,0.6,2.5,1.0,-0.04,0.683,120,-0.03,-0.24,0.16,False,0.06,0.833,12,
EUR_JPY,10,0.002,0.2,14,4,4.0,5.0,0.7,1.5,1.0,-0.01,0.625,120,0.02,-0.26,0.21,False,0.05,0.75,12,
EUR_JPY,10,0.002,0.2,14,4,4.0,5.0,0.7,2.0,1.0,-0.04,0.642,120,-0.06,-0.25,0.18,False,0.09,0.833,12,
EUR_JPY,10,0.002,0.2,14,4,4.0,5.0,0.7,2.5,1.0,-0.0,0.658,120,0.02,-0.25,0.22,False,0.07,0.833,12,
EUR_JPY,10,0.002,0.2,14,4,4.0,5.0,0.8,2.5,1.0,-0.06,0.6,120,-0.05,-0.22,0.1,False,0.09,0.833,12,
EUR_JPY,10,0.002,0.2,20,3,4.0,5.0,0.5,1.5,1.0,0.01,0.732,149,-0.01,-0.03,0.06,False,-0.11,0.533,15,
EUR_JPY,10,0.002,0.2,20,3,4.0,5.0,0.5,2.5,1.0,-0.02,0.752,149,0.05,-0.11,-0.01,False,-0.13,0.6,15,
EUR_JPY,10,0.002,0.2,20,3,4.0,5.0,0.6,1.5,1.0,-0.0,0.689,148,0.04,-0.08,0.04,False,-0.09,0.533,15,
EUR_JPY,10,0.002,0.2,20,3,4.0,5.0,0.7,1.5,1.0,-0.01,0.649,148,0.07,-0.16,0.07,False,-0.08,0.533,15,
EUR_JPY,10,0.002,0.2,20,3,4.0,5.0,0.8,1.5,0.5,-0.02,0.595,222,0.12,-0.32,0.13,False,0.02,0.607,28,
EUR_JPY,10,0.002,0.2,20,3,4.0,5.0,0.8,1.5,1.0,-0.02,0.612,147,0.02,-0.17,0.08,False,-0.09,0.467,15,
EUR_JPY,10,0.002,0.2,20,3,4.0,5.0,0.8,2.5,1.0,-0.09,0.646,147,0.07,-0.34,0.01,False,-0.1,0.533,15,
EUR_JPY,10,0.002,0.2,20,4,4.0,5.0,0.3,1.5,1.0,-0.0,0.804,92,0.11,-0.16,0.05,False,-0.11,0.583,12,
EUR_JPY,10,0.002,0.2,20,4,4.0,5.0,0.6,1.5,1.0,-0.01,0.652,92,0.06,-0.1,0.02,False,-0.07,0.583,12,
EUR_JPY,10,0.002,0.2,20,4,4.0,5.0,0.7,1.5,1.0,0.01,0.63,92,0.1,-0.07,0.01,False,-0.06,0.583,12,
EUR_JPY,10,0.002,0.2,20,4,4.0,5.0,0.8,1.5,1.0,-0.0,0.587,92,0.09,-0.1,-0.0,False,-0.04,0.583,12,
EUR_JPY,10,0.002,0.2,20,4,4.0,5.0,0.8,2.5,1.0,-0.03,0.62,92,0.16,-0.19,-0.05,False,-0.08,0.667,12,
EUR_JPY,10,0.005,-999.0,14,4,4.0,5.0,0.3,2.5,1.0,0.06,0.838,253,0.31,-0.17,0.04,False,-0.06,0.818,22,
EUR_JPY,10,0.005,-999.0,14,4,4.0,5.0,0.4,2.5,1.0,0.02,0.783,253,0.17,-0.18,0.07,False,-0.03,0.818,22,
EUR_JPY,10,0.005,-999.0,14,4,4.0,5.0,0.6,2.5,1.0,0.04,0.692,253,0.17,-0.16,0.1,False,0.02,0.773,22,
EUR_JPY,10,0.005,-999.0,14,4,4.0,5.0,0.7,1.5,1.0,0.06,0.636,253,0.19,-0.15,0.16,False,0.02,0.682,22,
EUR_JPY,10,0.005,-999.0,14,4,4.0,5.0,0.7,2.0,1.0,0.05,0.656,253,0.12,-0.15,0.18,False,0.08,0.773,22,
EUR_JPY,10,0.005,-999.0,14,4,4.0,5.0,0.7,2.5,1.0,0.1,0.664,253,0.28,-0.16,0.17,False,0.05,0.773,22,
EUR_JPY,10,0.005,-999.0,14,4,4.0,5.0,0.8,2.5,1.0,0.01,0.617,253,0.11,-0.18,0.11,False,0.09,0.773,22,
EUR_JPY,10,0.005,-999.0,20,3,4.0,5.0,0.5,1.5,1.0,0.03,0.718,312,0.06,0.01,0.01,True,-0.04,0.711,38,0.405
EUR_JPY,10,0.005,-999.0,20,3,4.0,5.0,0.5,2.5,1.0,0.02,0.737,312,0.15,-0.02,-0.07,False,-0.05,0.763,38,
EUR_JPY,10,0.005,-999.0,20,3,4.0,5.0,0.6,1.5,1.0,0.02,0.671,310,0.17,-0.06,-0.06,False,-0.03,0.684,38,
EUR_JPY,10,0.005,-999.0,20,3,4.0,5.0,0.7,1.5,1.0,0.05,0.642,310,0.27,-0.1,-0.02,False,0.02,0.684,38,
EUR_JPY,10,0.005,-999.0,20,3,4.0,5.0,0.8,1.5,0.5,0.07,0.602,487,0.37,-0.28,0.12,False,0.15,0.667,63,
EUR_JPY,10,0.005,-999.0,20,3,4.0,5.0,0.8,1.5,1.0,0.07,0.615,309,0.22,-0.08,0.07,False,0.05,0.658,38,
EUR_JPY,10,0.005,-999.0,20,3,4.0,5.0,0.8,2.5,1.0,0.01,0.641,309,0.28,-0.22,-0.02,False,0.03,0.711,38,
EUR_JPY,10,0.005,-999.0,20,4,4.0,5.0,0.3,1.5,1.0,0.02,0.799,214,0.13,-0.12,0.05,False,-0.22,0.633,30,
EUR_JPY,10,0.005,-999.0,20,4,4.0,5.0,0.6,1.5,1.0,0.03,0.645,214,0.21,-0.07,-0.04,False,-0.15,0.6,30,
EUR_JPY,10,0.005,-999.0,20,4,4.0,5.0,0.7,1.5,1.0,0.07,0.617,214,0.22,-0.03,0.0,False,-0.12,0.6,30,
EUR_JPY,10,0.005,-999.0,20,4,4.0,5.0,0.8,1.5,1.0,0.07,0.589,214,0.19,-0.01,0.04,False,-0.13,0.567,30,
EUR_JPY,10,0.005,-999.0,20,4,4.0,5.0,0.8,2.5,1.0,0.01,0.612,214,0.24,-0.12,-0.09,False,-0.17,0.667,30,
EUR_JPY,10,0.005,0.0,14,4,4.0,5.0,0.3,2.5,1.0,0.05,0.854,137,0.23,-0.19,0.12,False,0.03,0.929,14,
EUR_JPY,10,0.005,0.0,14,4,4.0,5.0,0.4,2.5,1.0,0.01,0.788,137,0.18,-0.23,0.08,False,0.05,0.929,14,
EUR_JPY,10,0.005,0.0,14,4,4.0,5.0,0.6,2.5,1.0,-0.02,0.679,137,0.11,-0.29,0.13,False,0.08,0.857,14,
EUR_JPY,10,0.005,0.0,14,4,4.0,5.0,0.7,1.5,1.0,-0.04,0.613,137,0.07,-0.36,0.16,False,0.08,0.786,14,
EUR_JPY,10,0.005,0.0,14,4,4.0,5.0,0.7,2.0,1.0,-0.03,0.642,137,0.07,-0.33,0.17,False,0.11,0.857,14,
EUR_JPY,10,0.005,0.0,14,4,4.0,5.0,0.7,2.5,1.0,0.02,0.657,137,0.18,-0.32,0.19,False,0.1,0.857,14,
EUR_JPY,10,0.005,0.0,14,4,4.0,5.0,0.8,2.5,1.0,-0.06,0.591,137,0.03,-0.29,0.08,False,0.13,0.857,14,
EUR_JPY,10,0.005,0.0,20,3,4.0,5.0,0.5,1.5,1.0,0.01,0.72,161,0.17,0.02,-0.16,False,-0.08,0.636,22,
EUR_JPY,10,0.005,0.0,20,3,4.0,5.0,0.5,2.5,1.0,-0.01,0.739,161,0.14,-0.0,-0.18,False,-0.06,0.727,22,
EUR_JPY,10,0.005,0.0,20,3,4.0,5.0,0.6,1.5,1.0,-0.0,0.675,160,0.24,-0.04,-0.21,False,-0.05,0.636,22,
EUR_JPY,10,0.005,0.0,20,3,4.0,5.0,0.7,1.5,1.0,0.02,0.644,160,0.28,-0.06,-0.17,False,-0.02,0.636,22,
EUR_JPY,10,0.005,0.0,20,3,4.0,5.0,0.8,1.5,0.5,-0.01,0.588,255,0.34,-0.34,-0.04,False,0.0,0.595,37,
EUR_JPY,10,0.005,0.0,20,3,4.0,5.0,0.8,1.5,1.0,-0.02,0.597,159,0.16,-0.07,-0.16,False,-0.02,0.591,22,
EUR_JPY,10,0.005,0.0,20,3,4.0,5.0,0.8,2.5,1.0,-0.07,0.629,159,0.11,-0.17,-0.15,False,0.01,0.682,22,
EUR_JPY,10,0.005,0.0,20,4,4.0,5.0,0.3,1.5,1.0,-0.03,0.788,113,0.17,-0.18,-0.07,False,-0.18,0.556,18,
EUR_JPY,10,0.005,0.0,20,4,4.0,5.0,0.6,1.5,1.0,-0.0,0.646,113,0.16,-0.1,-0.07,False,-0.12,0.556,18,
EUR_JPY,10,0.005,0.0,20,4,4.0,5.0,0.7,1.5,1.0,0.01,0.619,113,0.17,-0.06,-0.08,False,-0.11,0.556,18,
EUR_JPY,10,0.005,0.0,20,4,4.0,5.0,0.8,1.5,1.0,0.0,0.584,113,0.17,-0.08,-0.08,False,-0.09,0.556,18,
EUR_JPY,10,0.005,0.0,20,4,4.0,5.0,0.8,2.5,1.0,-0.05,0.611,113,0.16,-0.15,-0.15,False,-0.11,0.667,18,
EUR_JPY,10,0.005,0.05,14,4,4.0,5.0,0.3,2.5,1.0,0.08,0.86,121,0.23,-0.11,0.12,False,0.01,0.917,12,
EUR_JPY,10,0.005,0.05,14,4,4.0,5.0,0.4,2.5,1.0,0.02,0.785,121,0.18,-0.17,0.06,False,0.03,0.917,12,
EUR_JPY,10,0.005,0.05,14,4,4.0,5.0,0.6,2.5,1.0,-0.01,0.678,121,0.11,-0.22,0.09,False,0.06,0.833,12,
EUR_JPY,10,0.005,0.05,14,4,4.0,5.0,0.7,1.5,1.0,-0.01,0.628,121,0.07,-0.3,0.2,False,0.05,0.75,12,
EUR_JPY,10,0.005,0.05,14,4,4.0,5.0,0.7,2.0,1.0,0.0,0.653,121,0.07,-0.25,0.17,False,0.09,0.833,12,
EUR_JPY,10,0.005,0.05,14,4,4.0,5.0,0.7,2.5,1.0,0.03,0.661,121,0.18,-0.23,0.14,False,0.07,0.833,12,
EUR_JPY,10,0.005,0.05,14,4,4.0,5.0,0.8,2.5,1.0,-0.06,0.587,121,0.03,-0.21,0.01,False,0.09,0.833,12,
EUR_JPY,10,0.005,0.05,20,3,4.0,5.0,0.5,1.5,1.0,0.09,0.753,146,0.17,0.09,0.02,True,-0.14,0.417,12,0.126
EUR_JPY,10,0.005,0.05,20,3,4.0,5.0,0.5,2.5,1.0,0.06,0.76,146,0.14,0.08,-0.05,False,-0.16,0.5,12,
EUR_JPY,10,0.005,0.05,20,3,4.0,5.0,0.6,1.5,1.0,0.09,0.71,145,0.24,0.03,-0.01,False,-0.13,0.417,12,
EUR_JPY,10,0.005,0.05,20,3,4.0,5.0,0.7,1.5,1.0,0.1,0.676,145,0.28,0.01,0.02,True,-0.12,0.417,12,0.157
EUR_JPY,10,0.005,0.05,20,3,4.0,5.0,0.8,1.5,0.5,0.08,0.605,223,0.34,-0.16,0.04,False,-0.06,0.522,23,
EUR_JPY,10,0.005,0.05,20,3,4.0,5.0,0.8,1.5,1.0,0.06,0.625,144,0.16,-0.01,0.02,False,-0.14,0.333,12,
EUR_JPY,10,0.005,0.05,20,3,4.0,5.0,0.8,2.5,1.0,-0.01,0.646,144,0.11,-0.09,-0.05,False,-0.15,0.417,12,
EUR_JPY,10,0.005,0.05,20,4,4.0,5.0,0.3,1.5,1.0,0.03,0.816,98,0.17,-0.11,0.03,False,-0.12,0.545,11,
EUR_JPY,10,0.005,0.05,20,4,4.0,5.0,0.6,1.5,1.0,0.04,0.673,98,0.16,-0.05,0.01,False,-0.08,0.545,11,
EUR_JPY,10,0.005,0.05,20,4,4.0,5.0,0.7,1.5,1.0,0.05,0.643,98,0.17,-0.02,-0.01,False,-0.07,0.545,11,
EUR_JPY,10,0.005,0.05,20,4,4.0,5.0,0.8,1.5,1.0,0.03,0.602,98,0.17,-0.04,-0.03,False,-0.06,0.545,11,
EUR_JPY,10,0.005,0.05,20,4,4.0,5.0,0.8,2.5,1.0,-0.01,0.622,98,0.16,-0.11,-0.07,False,-0.1,0.636,11,
EUR_JPY,10,0.005,0.1,14,4,4.0,5.0,0.3,2.5,1.0,0.05,0.852,108,0.16,-0.12,0.12,False,0.01,0.917,12,
EUR_JPY,10,0.005,0.1,14,4,4.0,5.0,0.4,2.5,1.0,0.01,0.787,108,0.14,-0.18,0.06,False,0.03,0.917,12,
EUR_JPY,10,0.005,0.1,14,4,4.0,5.0,0.6,2.5,1.0,-0.01,0.694,108,0.09,-0.21,0.09,False,0.06,0.833,12,
EUR_JPY,10,0.005,0.1,14,4,4.0,5.0,0.7,1.5,1.0,0.01,0.639,108,0.08,-0.26,0.2,False,0.05,0.75,12,
EUR_JPY,10,0.005,0.1,14,4,4.0,5.0,0.7,2.0,1.0,0.01,0.667,108,0.09,-0.23,0.17,False,0.09,0.833,12,
EUR_JPY,10,0.005,0.1,14,4,4.0,5.0,0.7,2.5,1.0,0.03,0.676,108,0.16,-0.22,0.14,False,0.07,0.833,12,
EUR_JPY,10,0.005,0.1,14,4,4.0,5.0,0.8,2.5,1.0,-0.06,0.593,108,-0.0,-0.19,0.01,False,0.09,0.833,12,
EUR_JPY,10,0.005,0.1,20,3,4.0,5.0,0.5,1.5,1.0,0.07,0.75,140,0.11,0.09,0.02,True,-0.15,0.364,11,0.173
EUR_JPY,10,0.005,0.1,20,3,4.0,5.0,0.5,2.5,1.0,0.04,0.757,140,0.08,0.08,-0.05,False,-0.18,0.455,11,
EUR_JPY,10,0.005,0.1,20,3,4.0,5.0,0.6,1.5,1.0,0.06,0.705,139,0.16,0.03,-0.01,False,-0.14,0.364,11,
EUR_JPY,10,0.005,0.1,20,3,4.0,5.0,0.7,1.5,1.0,0.07,0.669,139,0.19,0.01,0.02,True,-0.14,0.364,11,0.24
EUR_JPY,10,0.005,0.1,20,3,4.0,5.0,0.8,1.5,0.5,0.01,0.595,205,0.19,-0.2,0.04,False,-0.08,0.5,22,
EUR_JPY,10,0.005,0.1,20,3,4.0,5.0,0.8,1.5,1.0,0.03,0.623,138,0.09,-0.01,0.02,False,-0.15,0.273,11,
EUR_JPY,10,0.005,0.1,20,3,4.0,5.0,0.8,2.5,1.0,-0.03,0.645,138,0.04,-0.09,-0.05,False,-0.17,0.364,11,
EUR_JPY,10,0.005,0.1,20,4,4.0,5.0,0.3,1.5,1.0,0.0,0.8,85,0.11,-0.14,0.03,False,-0.12,0.545,11,
EUR_JPY,10,0.005,0.1,20,4,4.0,5.0,0.6,1.5,1.0,-0.0,0.659,85,0.08,-0.1,0.01,False,-0.08,0.545,11,
EUR_JPY,10,0.005,0.1,20,4,4.0,5.0,0.7,1.5,1.0,-0.0,0.624,85,0.07,-0.07,-0.01,False,-0.07,0.545,11,
EUR_JPY,10,0.005,0.1,20,4,4.0,5.0,0.8,1.5,1.0,-0.02,0.576,85,0.07,-0.11,-0.03,False,-0.06,0.545,11,
EUR_JPY,10,0.005,0.1,20,4,4.0,5.0,0.8,2.5,1.0,-0.06,0.6,85,0.06,-0.17,-0.07,False,-0.1,0.636,11,
EUR_JPY,10,0.005,0.2,14,4,4.0,5.0,0.3,2.5,1.0,0.01,0.835,91,0.05,-0.12,0.12,False,0.01,0.917,12,
EUR_JPY,10,0.005,0.2,14,4,4.0,5.0,0.4,2.5,1.0,-0.02,0.769,91,0.06,-0.18,0.06,False,0.03,0.917,12,
EUR_JPY,10,0.005,0.2,14,4,4.0,5.0,0.6,2.5,1.0,-0.04,0.681,91,-0.02,-0.21,0.09,False,0.06,0.833,12,
EUR_JPY,10,0.005,0.2,14,4,4.0,5.0,0.7,1.5,1.0,-0.03,0.626,91,-0.03,-0.26,0.2,False,0.05,0.75,12,
EUR_JPY,10,0.005,0.2,14,4,4.0,5.0,0.7,2.0,1.0,-0.04,0.648,91,-0.06,-0.23,0.17,False,0.09,0.833,12,
EUR_JPY,10,0.005,0.2,14,4,4.0,5.0,0.7,2.5,1.0,-0.02,0.659,91,0.02,-0.22,0.14,False,0.07,0.833,12,
EUR_JPY,10,0.005,0.2,14,4,4.0,5.0,0.8,2.5,1.0,-0.08,0.593,91,-0.05,-0.19,0.01,False,0.09,0.833,12,
EUR_JPY,10,0.005,0.2,20,3,4.0,5.0,0.5,1.5,1.0,0.07,0.762,126,0.1,0.09,0.02,True,-0.15,0.364,11,0.181
EUR_JPY,10,0.005,0.2,20,3,4.0,5.0,0.5,2.5,1.0,0.04,0.77,126,0.09,0.08,-0.05,False,-0.18,0.455,11,
EUR_JPY,10,0.005,0.2,20,3,4.0,5.0,0.6,1.5,1.0,0.05,0.712,125,0.14,0.03,-0.01,False,-0.14,0.364,11,
EUR_JPY,10,0.005,0.2,20,3,4.0,5.0,0.7,1.5,1.0,0.07,0.68,125,0.19,0.01,0.02,True,-0.14,0.364,11,0.222
EUR_JPY,10,0.005,0.2,20,3,4.0,5.0,0.8,1.5,0.5,0.03,0.601,183,0.24,-0.2,0.04,False,-0.08,0.5,22,
EUR_JPY,10,0.005,0.2,20,3,4.0,5.0,0.8,1.5,1.0,0.05,0.637,124,0.14,-0.01,0.02,False,-0.15,0.273,11,
EUR_JPY,10,0.005,0.2,20,3,4.0,5.0,0.8,2.5,1.0,-0.01,0.661,124,0.12,-0.09,-0.05,False,-0.17,0.364,11,
EUR_JPY,10,0.005,0.2,20,4,4.0,5.0,0.3,1.5,1.0,-0.01,0.795,73,0.09,-0.14,0.03,False,-0.12,0.545,11,
EUR_JPY,10,0.005,0.2,20,4,4.0,5.0,0.6,1.5,1.0,-0.0,0.658,73,0.07,-0.1,0.01,False,-0.08,0.545,11,
EUR_JPY,10,0.005,0.2,20,4,4.0,5.0,0.7,1.5,1.0,0.0,0.63,73,0.09,-0.07,-0.01,False,-0.07,0.545,11,
EUR_JPY,10,0.005,0.2,20,4,4.0,5.0,0.8,1.5,1.0,-0.01,0.589,73,0.1,-0.11,-0.03,False,-0.06,0.545,11,
EUR_JPY,10,0.005,0.2,20,4,4.0,5.0,0.8,2.5,1.0,-0.03,0.616,73,0.14,-0.17,-0.07,False,-0.1,0.636,11,
GBP_USD,5,0.002,-999.0,20,3,4.0,5.0,0.4,1.5,1.0,0.06,0.784,264,0.03,-0.05,0.2,False,-0.2,0.724,163,
GBP_USD,5,0.002,-999.0,20,3,4.0,5.0,0.4,2.0,1.0,0.04,0.806,263,-0.14,-0.15,0.4,False,-0.27,0.742,163,
GBP_USD,5,0.002,-999.0,20,3,4.0,5.0,0.5,1.5,1.0,0.07,0.742,264,0.03,-0.09,0.27,False,-0.29,0.663,163,
GBP_USD,5,0.002,-999.0,20,4,4.0,5.0,0.4,1.5,1.0,0.01,0.753,186,0.11,-0.07,-0.02,False,0.01,0.752,109,
GBP_USD,5,0.002,-999.0,20,4,4.0,5.0,0.5,1.5,1.0,0.02,0.71,186,0.08,-0.06,0.05,False,0.02,0.713,108,
GBP_USD,5,0.002,-999.0,20,4,4.0,5.0,0.6,1.5,1.0,0.01,0.661,186,0.06,-0.0,-0.03,False,0.03,0.667,108,
GBP_USD,5,0.002,0.0,20,3,4.0,5.0,0.4,1.5,1.0,-0.0,0.772,136,0.04,-0.06,0.02,False,-0.05,0.753,81,
GBP_USD,5,0.002,0.0,20,3,4.0,5.0,0.4,2.0,1.0,-0.05,0.779,136,-0.03,-0.14,0.0,False,-0.15,0.765,81,
GBP_USD,5,0.002,0.0,20,3,4.0,5.0,0.5,1.5,1.0,-0.02,0.721,136,-0.03,-0.11,0.07,False,-0.01,0.728,81,
GBP_USD,5,0.002,0.0,20,4,4.0,5.0,0.4,1.5,1.0,-0.02,0.731,93,0.07,0.0,-0.13,False,0.06,0.792,53,
GBP_USD,5,0.002,0.0,20,4,4.0,5.0,0.5,1.5,1.0,-0.03,0.677,93,0.02,-0.01,-0.09,False,0.08,0.769,52,
GBP_USD,5,0.002,0.0,20,4,4.0,5.0,0.6,1.5,1.0,0.0,0.667,93,0.03,0.02,-0.04,False,0.04,0.692,52,
GBP_USD,5,0.002,0.05,20,3,4.0,5.0,0.4,1.5,1.0,-0.04,0.754,122,-0.01,-0.09,-0.01,False,0.07,0.8,60,
GBP_USD,5,0.002,0.05,20,3,4.0,5.0,0.4,2.0,1.0,-0.09,0.762,122,-0.08,-0.16,-0.03,False,0.04,0.817,60,
GBP_USD,5,0.002,0.05,20,3,4.0,5.0,0.5,1.5,1.0,-0.07,0.697,122,-0.09,-0.14,0.02,False,0.12,0.783,60,
GBP_USD,5,0.002,0.05,20,4,4.0,5.0,0.4,1.5,1.0,-0.04,0.706,85,0.05,-0.02,-0.16,False,0.06,0.795,44,
GBP_USD,5,0.002,0.05,20,4,4.0,5.0,0.5,1.5,1.0,-0.05,0.659,85,-0.0,-0.04,-0.11,False,0.07,0.767,43,
GBP_USD,5,0.002,0.05,20,4,4.0,5.0,0.6,1.5,1.0,-0.01,0.659,85,0.04,-0.01,-0.06,False,0.05,0.698,43,
GBP_USD,5,0.002,0.1,20,3,4.0,5.0,0.4,1.5,1.0,-0.06,0.737,114,-0.01,-0.13,-0.04,False,0.09,0.81,58,
GBP_USD,5,0.002,0.1,20,3,4.0,5.0,0.4,2.0,1.0,-0.12,0.746,114,-0.09,-0.2,-0.06,False,0.06,0.828,58,
GBP_USD,5,0.002,0.1,20,3,4.0,5.0,0.5,1.5,1.0,-0.09,0.684,114,-0.1,-0.14,-0.02,False,0.14,0.793,58,
GBP_USD,5,0.002,0.1,20,4,4.0,5.0,0.4,1.5,1.0,-0.05,0.696,79,0.05,-0.05,-0.15,False,0.06,0.795,44,
GBP_USD,5,0.002,0.1,20,4,4.0,5.0,0.5,1.5,1.0,-0.04,0.658,79,-0.0,-0.02,-0.1,False,0.07,0.767,43,
GBP_USD,5,0.002,0.1,20,4,4.0,5.0,0.6,1.5,1.0,-0.01,0.658,79,0.04,0.0,-0.06,False,0.05,0.698,43,
GBP_USD,5,0.002,0.2,20,3,4.0,5.0,0.4,1.5,1.0,-0.06,0.737,114,-0.01,-0.13,-0.04,False,0.09,0.81,58,
GBP_USD,5,0.002,0.2,20,3,4.0,5.0,0.4,2.0,1.0,-0.12,0.746,114,-0.09,-0.2,-0.06,False,0.06,0.828,58,
GBP_USD,5,0.002,0.2,20,3,4.0,5.0,0.5,1.5,1.0,-0.09,0.684,114,-0.1,-0.14,-0.02,False,0.14,0.793,58,
GBP_USD,5,0.002,0.2,20,4,4.0,5.0,0.4,1.5,1.0,-0.05,0.696,79,0.05,-0.05,-0.15,False,0.06,0.795,44,
GBP_USD,5,0.002,0.2,20,4,4.0,5.0,0.5,1.5,1.0,-0.04,0.658,79,-0.0,-0.02,-0.1,False,0.07,0.767,43,
GBP_USD,5,0.002,0.2,20,4,4.0,5.0,0.6,1.5,1.0,-0.01,0.658,79,0.04,0.0,-0.06,False,0.05,0.698,43,
GBP_USD,5,0.005,-999.0,20,3,4.0,5.0,0.4,1.5,1.0,0.06,0.784,264,0.03,-0.05,0.2,False,-0.2,0.724,163,
GBP_USD,5,0.005,-999.0,20,3,4.0,5.0,0.4,2.0,1.0,0.04,0.806,263,-0.14,-0.15,0.4,False,-0.27,0.742,163,
GBP_USD,5,0.005,-999.0,20,3,4.0,5.0,0.5,1.5,1.0,0.07,0.742,264,0.03,-0.09,0.27,False,-0.29,0.663,163,
GBP_USD,5,0.005,-999.0,20,4,4.0,5.0,0.4,1.5,1.0,0.01,0.753,186,0.11,-0.07,-0.02,False,0.01,0.752,109,
GBP_USD,5,0.005,-999.0,20,4,4.0,5.0,0.5,1.5,1.0,0.02,0.71,186,0.08,-0.06,0.05,False,0.02,0.713,108,
GBP_USD,5,0.005,-999.0,20,4,4.0,5.0,0.6,1.5,1.0,0.01,0.661,186,0.06,-0.0,-0.03,False,0.03,0.667,108,
GBP_USD,5,0.005,0.0,20,3,4.0,5.0,0.4,1.5,1.0,0.01,0.782,124,-0.12,0.06,0.09,False,-0.04,0.762,80,
GBP_USD,5,0.005,0.0,20,3,4.0,5.0,0.4,2.0,1.0,-0.04,0.79,124,-0.21,-0.0,0.08,False,-0.1,0.787,80,
GBP_USD,5,0.005,0.0,20,3,4.0,5.0,0.5,1.5,1.0,0.01,0.742,124,-0.07,-0.02,0.14,False,0.01,0.738,80,
GBP_USD,5,0.005,0.0,20,4,4.0,5.0,0.4,1.5,1.0,-0.03,0.739,88,0.06,-0.02,-0.13,False,0.09,0.824,51,
GBP_USD,5,0.005,0.0,20,4,4.0,5.0,0.5,1.5,1.0,-0.0,0.705,88,0.11,-0.03,-0.09,False,0.12,0.8,50,
GBP_USD,5,0.005,0.0,20,4,4.0,5.0,0.6,1.5,1.0,0.02,0.682,88,0.09,0.0,-0.04,False,0.08,0.72,50,
GBP_USD,5,0.005,0.05,20,3,4.0,5.0,0.4,1.5,1.0,-0.02,0.761,67,-0.14,0.02,0.07,False,0.16,0.933,30,
GBP_USD,5,0.005,0.05,20,3,4.0,5.0,0.4,2.0,1.0,-0.04,0.776,67,-0.19,-0.02,0.09,False,0.19,0.967,30,
GBP_USD,5,0.005,0.05,20,3,4.0,5.0,0.5,1.5,1.0,-0.02,0.716,67,-0.12,0.01,0.06,False,0.21,0.933,30,
GBP_USD,5,0.005,0.05,20,4,4.0,5.0,0.4,1.5,1.0,0.02,0.78,50,0.07,0.01,-0.01,False,0.08,0.875,24,
GBP_USD,5,0.005,0.05,20,4,4.0,5.0,0.5,1.5,1.0,0.05,0.76,50,0.11,0.03,0.01,True,0.12,0.875,24,0.124
GBP_USD,5,0.005,0.05,20,4,4.0,5.0,0.6,1.5,1.0,0.06,0.74,50,0.1,0.05,0.03,True,0.14,0.833,24,0.107
GBP_USD,5,0.005,0.1,20,3,4.0,5.0,0.4,1.5,1.0,-0.0,0.774,62,-0.09,0.02,0.07,False,0.16,0.933,30,
GBP_USD,5,0.005,0.1,20,3,4.0,5.0,0.4,2.0,1.0,-0.02,0.79,62,-0.14,-0.02,0.09,False,0.19,0.967,30,
GBP_USD,5,0.005,0.1,20,3,4.0,5.0,0.5,1.5,1.0,-0.0,0.726,62,-0.08,0.01,0.06,False,0.21,0.933,30,
GBP_USD,5,0.005,0.1,20,4,4.0,5.0,0.4,1.5,1.0,0.03,0.783,46,0.08,0.01,-0.01,False,0.08,0.875,24,
GBP_USD,5,0.005,0.1,20,4,4.0,5.0,0.5,1.5,1.0,0.05,0.761,46,0.11,0.03,0.01,True,0.12,0.875,24,0.108
GBP_USD,5,0.005,0.1,20,4,4.0,5.0,0.6,1.5,1.0,0.07,0.761,46,0.14,0.05,0.03,True,0.14,0.833,24,0.047
GBP_USD,5,0.005,0.2,20,3,4.0,5.0,0.4,1.5,1.0,-0.0,0.774,62,-0.09,0.02,0.07,False,0.16,0.933,30,
GBP_USD,5,0.005,0.2,20,3,4.0,5.0,0.4,2.0,1.0,-0.02,0.79,62,-0.14,-0.02,0.09,False,0.19,0.967,30,
GBP_USD,5,0.005,0.2,20,3,4.0,5.0,0.5,1.5,1.0,-0.0,0.726,62,-0.08,0.01,0.06,False,0.21,0.933,30,
GBP_USD,5,0.005,0.2,20,4,4.0,5.0,0.4,1.5,1.0,0.03,0.783,46,0.08,0.01,-0.01,False,0.08,0.875,24,
GBP_USD,5,0.005,0.2,20,4,4.0,5.0,0.5,1.5,1.0,0.05,0.761,46,0.11,0.03,0.01,True,0.12,0.875,24,0.108
GBP_USD,5,0.005,0.2,20,4,4.0,5.0,0.6,1.5,1.0,0.07,0.761,46,0.14,0.05,0.03,True,0.14,0.833,24,0.047
GBP_USD,10,0.002,-999.0,20,3,4.0,5.0,0.4,1.5,1.0,0.06,0.784,264,0.03,-0.05,0.2,False,-0.2,0.724,163,
GBP_USD,10,0.002,-999.0,20,3,4.0,5.0,0.4,2.0,1.0,0.04,0.806,263,-0.14,-0.15,0.4,False,-0.27,0.742,163,
GBP_USD,10,0.002,-999.0,20,3,4.0,5.0,0.5,1.5,1.0,0.07,0.742,264,0.03,-0.09,0.27,False,-0.29,0.663,163,
GBP_USD,10,0.002,-999.0,20,4,4.0,5.0,0.4,1.5,1.0,0.01,0.753,186,0.11,-0.07,-0.02,False,0.01,0.752,109,
GBP_USD,10,0.002,-999.0,20,4,4.0,5.0,0.5,1.5,1.0,0.02,0.71,186,0.08,-0.06,0.05,False,0.02,0.713,108,
GBP_USD,10,0.002,-999.0,20,4,4.0,5.0,0.6,1.5,1.0,0.01,0.661,186,0.06,-0.0,-0.03,False,0.03,0.667,108,
GBP_USD,10,0.002,0.0,20,3,4.0,5.0,0.4,1.5,1.0,-0.05,0.745,141,-0.06,-0.11,0.02,False,0.02,0.771,83,
GBP_USD,10,0.002,0.0,20,3,4.0,5.0,0.4,2.0,1.0,-0.1,0.759,141,-0.16,-0.18,0.05,False,-0.03,0.783,83,
GBP_USD,10,0.002,0.0,20,3,4.0,5.0,0.5,1.5,1.0,-0.06,0.702,141,-0.13,-0.11,0.06,False,0.03,0.735,83,
GBP_USD,10,0.002,0.0,20,4,4.0,5.0,0.4,1.5,1.0,-0.02,0.723,101,0.03,-0.05,-0.04,False,0.08,0.793,58,
GBP_USD,10,0.002,0.0,20,4,4.0,5.0,0.5,1.5,1.0,-0.0,0.693,101,-0.02,-0.02,0.04,False,0.07,0.754,57,
GBP_USD,10,0.002,0.0,20,4,4.0,5.0,0.6,1.5,1.0,0.02,0.663,101,0.03,0.01,0.01,True,0.05,0.684,57,0.393
GBP_USD,10,0.002,0.05,20,3,4.0,5.0,0.4,1.5,1.0,-0.08,0.73,126,-0.06,-0.13,-0.06,False,-0.0,0.766,64,
GBP_USD,10,0.002,0.05,20,3,4.0,5.0,0.4,2.0,1.0,-0.13,0.746,126,-0.16,-0.2,-0.04,False,-0.06,0.781,64,
GBP_USD,10,0.002,0.05,20,3,4.0,5.0,0.5,1.5,1.0,-0.09,0.69,126,-0.13,-0.14,-0.0,False,0.05,0.75,64,
GBP_USD,10,0.002,0.05,20,4,4.0,5.0,0.4,1.5,1.0,-0.05,0.703,91,0.03,-0.06,-0.11,False,0.03,0.766,47,
GBP_USD,10,0.002,0.05,20,4,4.0,5.0,0.5,1.5,1.0,-0.04,0.67,91,-0.02,-0.03,-0.06,False,0.02,0.723,47,
GBP_USD,10,0.002,0.05,20,4,4.0,5.0,0.6,1.5,1.0,-0.02,0.637,91,0.03,-0.0,-0.09,False,-0.02,0.638,47,
GBP_USD,10,0.002,0.1,20,3,4.0,5.0,0.4,1.5,1.0,-0.08,0.73,126,-0.06,-0.13,-0.06,False,-0.0,0.766,64,
GBP_USD,10,0.002,0.1,20,3,4.0,5.0,0.4,2.0,1.0,-0.13,0.746,126,-0.16,-0.2,-0.04,False,-0.06,0.781,64,
GBP_USD,10,0.002,0.1,20,3,4.0,5.0,0.5,1.5,1.0,-0.09,0.69,126,-0.13,-0.14,-0.0,False,0.05,0.75,64,
GBP_USD,10,0.002,0.1,20,4,4.0,5.0,0.4,1.5,1.0,-0.05,0.703,91,0.03,-0.06,-0.11,False,0.03,0.766,47,
GBP_USD,10,0.002,0.1,20,4,4.0,5.0,0.5,1.5,1.0,-0.04,0.67,91,-0.02,-0.03,-0.06,False,0.02,0.723,47,
GBP_USD,10,0.002,0.1,20,4,4.0,5.0,0.6,1.5,1.0,-0.02,0.637,91,0.03,-0.0,-0.09,False,-0.02,0.638,47,
GBP_USD,10,0.002,0.2,20,3,4.0,5.0,0.4,1.5,1.0,-0.07,0.736,121,-0.06,-0.09,-0.06,False,-0.0,0.766,64,
GBP_USD,10,0.002,0.2,20,3,4.0,5.0,0.4,2.0,1.0,-0.12,0.752,121,-0.14,-0.17,-0.04,False,-0.06,0.781,64,
GBP_USD,10,0.002,0.2,20,3,4.0,5.0,0.5,1.5,1.0,-0.08,0.694,121,-0.13,-0.1,-0.0,False,0.05,0.75,64,
GBP_USD,10,0.002,0.2,20,4,4.0,5.0,0.4,1.5,1.0,-0.04,0.708,89,0.05,-0.06,-0.11,False,0.03,0.766,47,
GBP_USD,10,0.002,0.2,20,4,4.0,5.0,0.5,1.5,1.0,-0.03,0.674,89,0.0,-0.03,-0.06,False,0.02,0.723,47,
GBP_USD,10,0.002,0.2,20,4,4.0,5.0,0.6,1.5,1.0,-0.01,0.64,89,0.05,-0.0,-0.09,False,-0.02,0.638,47,
GBP_USD,10,0.005,-999.0,20,3,4.0,5.0,0.4,1.5,1.0,0.06,0.784,264,0.03,-0.05,0.2,False,-0.2,0.724,163,
GBP_USD,10,0.005,-999.0,20,3,4.0,5.0,0.4,2.0,1.0,0.04,0.806,263,-0.14,-0.15,0.4,False,-0.27,0.742,163,
GBP_USD,10,0.005,-999.0,20,3,4.0,5.0,0.5,1.5,1.0,0.07,0.742,264,0.03,-0.09,0.27,False,-0.29,0.663,163,
GBP_USD,10,0.005,-999.0,20,4,4.0,5.0,0.4,1.5,1.0,0.01,0.753,186,0.11,-0.07,-0.02,False,0.01,0.752,109,
GBP_USD,10,0.005,-999.0,20,4,4.0,5.0,0.5,1.5,1.0,0.02,0.71,186,0.08,-0.06,0.05,False,0.02,0.713,108,
GBP_USD,10,0.005,-999.0,20,4,4.0,5.0,0.6,1.5,1.0,0.01,0.661,186,0.06,-0.0,-0.03,False,0.03,0.667,108,
GBP_USD,10,0.005,0.0,20,3,4.0,5.0,0.4,1.5,1.0,-0.02,0.763,135,-0.02,-0.07,0.02,False,-0.07,0.741,85,
GBP_USD,10,0.005,0.0,20,3,4.0,5.0,0.4,2.0,1.0,-0.07,0.778,135,-0.1,-0.15,0.05,False,-0.13,0.753,85,
GBP_USD,10,0.005,0.0,20,3,4.0,5.0,0.5,1.5,1.0,-0.05,0.711,135,-0.07,-0.11,0.05,False,-0.09,0.694,85,
GBP_USD,10,0.005,0.0,20,4,4.0,5.0,0.4,1.5,1.0,-0.0,0.74,100,0.12,-0.01,-0.12,False,-0.01,0.738,61,
GBP_USD,10,0.005,0.0,20,4,4.0,5.0,0.5,1.5,1.0,0.02,0.71,100,0.08,0.02,-0.05,False,-0.06,0.683,60,
GBP_USD,10,0.005,0.0,20,4,4.0,5.0,0.6,1.5,1.0,0.03,0.68,100,0.14,0.06,-0.09,False,-0.09,0.617,60,
GBP_USD,10,0.005,0.05,20,3,4.0,5.0,0.4,1.5,1.0,-0.04,0.754,122,-0.0,-0.1,-0.01,False,-0.08,0.727,55,
GBP_USD,10,0.005,0.05,20,3,4.0,5.0,0.4,2.0,1.0,-0.07,0.77,122,-0.06,-0.18,0.02,False,-0.14,0.745,55,
GBP_USD,10,0.005,0.05,20,3,4.0,5.0,0.5,1.5,1.0,-0.05,0.705,122,-0.06,-0.11,0.01,False,-0.07,0.691,55,
GBP_USD,10,0.005,0.05,20,4,4.0,5.0,0.4,1.5,1.0,-0.0,0.742,93,0.14,-0.02,-0.14,False,-0.05,0.707,41,
GBP_USD,10,0.005,0.05,20,4,4.0,5.0,0.5,1.5,1.0,0.01,0.71,93,0.1,0.01,-0.08,False,-0.07,0.659,41,
GBP_USD,10,0.005,0.05,20,4,4.0,5.0,0.6,1.5,1.0,0.02,0.677,93,0.15,0.04,-0.12,False,-0.08,0.61,41,
GBP_USD,10,0.005,0.1,20,3,4.0,5.0,0.4,1.5,1.0,-0.1,0.71,100,-0.06,-0.12,-0.12,False,0.02,0.783,46,
GBP_USD,10,0.005,0.1,20,3,4.0,5.0,0.4,2.0,1.0,-0.14,0.73,100,-0.11,-0.2,-0.1,False,-0.01,0.804,46,
GBP_USD,10,0.005,0.1,20,3,4.0,5.0,0.5,1.5,1.0,-0.12,0.66,100,-0.13,-0.13,-0.09,False,0.04,0.761,46,
GBP_USD,10,0.005,0.1,20,4,4.0,5.0,0.4,1.5,1.0,-0.01,0.733,75,0.11,-0.04,-0.1,False,0.02,0.771,35,
GBP_USD,10,0.005,0.1,20,4,4.0,5.0,0.5,1.5,1.0,-0.0,0.693,75,0.06,-0.01,-0.06,False,0.03,0.743,35,
GBP_USD,10,0.005,0.1,20,4,4.0,5.0,0.6,1.5,1.0,0.03,0.68,75,0.11,0.01,-0.03,False,0.03,0.686,35,
GBP_USD,10,0.005,0.2,20,3,4.0,5.0,0.4,1.5,1.0,-0.09,0.711,97,-0.04,-0.12,-0.12,False,0.02,0.783,46,
GBP_USD,10,0.005,0.2,20,3,4.0,5.0,0.4,2.0,1.0,-0.13,0.732,97,-0.1,-0.2,-0.1,False,-0.01,0.804,46,
GBP_USD,10,0.005,0.2,20,3,4.0,5.0,0.5,1.5,1.0,-0.11,0.66,97,-0.12,-0.13,-0.09,False,0.04,0.761,46,
GBP_USD,10,0.005,0.2,20,4,4.0,5.0,0.4,1.5,1.0,-0.01,0.73,74,0.1,-0.04,-0.1,False,0.02,0.771,35,
GBP_USD,10,0.005,0.2,20,4,4.0,5.0,0.5,1.5,1.0,-0.01,0.689,74,0.05,-0.01,-0.06,False,0.03,0.743,35,
GBP_USD,10,0.005,0.2,20,4,4.0,5.0,0.6,1.5,1.0,0.02,0.676,74,0.09,0.01,-0.03,False,0.03,0.686,35,
