tf_label,pair,sma,M_exit,tp_pips,trades,is_n,oos_n,is_net,oos_net,is_pd,oos_pd,oos_dd,oos_wr,days
S5/S30/M1,EUR_JPY,5/10/22,0,15.0,2,2,0,-2868.2,0.0,-14.39,0.0,0.0,0.0,298.9
S5/S30/M1,EUR_JPY,5/10/22,0,20.0,2,2,0,-2863.2,0.0,-14.37,0.0,0.0,0.0,298.9
S5/S30/M1,EUR_JPY,5/10/22,0,30.0,2,2,0,-2853.2,0.0,-14.32,0.0,0.0,0.0,298.9
S5/S30/M1,EUR_JPY,5/10/22,1,15.0,7696,5215,2481,-10720.2,-4672.9,-53.8,-46.9,-4690.8,24.9,298.9
S5/S30/M1,EUR_JPY,5/10/22,1,20.0,7609,5155,2454,-10810.3,-4611.9,-54.25,-46.29,-4619.4,24.6,298.9
S5/S30/M1,EUR_JPY,5/10/22,1,30.0,7535,5099,2436,-10605.9,-4572.9,-53.23,-45.9,-4580.4,24.3,298.9
S5/S30/M1,EUR_JPY,5/15/35,0,15.0,73,73,0,-984.9,0.0,-4.94,0.0,0.0,0.0,298.9
S5/S30/M1,EUR_JPY,5/15/35,0,20.0,14,14,0,-2343.1,0.0,-11.76,0.0,0.0,0.0,298.9
S5/S30/M1,EUR_JPY,5/15/35,0,30.0,47,47,0,-931.6,0.0,-4.68,0.0,0.0,0.0,298.9
S5/S30/M1,EUR_JPY,5/15/35,1,15.0,5948,3999,1949,-8027.7,-3936.2,-40.29,-39.51,-3941.1,26.5,298.9
S5/S30/M1,EUR_JPY,5/15/35,1,20.0,5844,3924,1920,-8188.0,-3926.8,-41.09,-39.41,-3927.3,25.7,298.9
S5/S30/M1,EUR_JPY,5/15/35,1,30.0,5746,3850,1896,-7998.5,-3670.4,-40.14,-36.84,-3670.9,25.5,298.9
S5/S30/M1,EUR_JPY,5/22/50,0,15.0,24,24,0,-2139.3,0.0,-10.74,0.0,0.0,0.0,298.9
S5/S30/M1,EUR_JPY,5/22/50,0,20.0,15,15,0,-2320.6,0.0,-11.65,0.0,0.0,0.0,298.9
S5/S30/M1,EUR_JPY,5/22/50,0,30.0,18,18,0,-1965.3,0.0,-9.86,0.0,0.0,0.0,298.9
S5/S30/M1,EUR_JPY,5/22/50,1,15.0,4851,3268,1583,-6680.4,-2992.7,-33.53,-30.04,-3005.5,28.0,298.9
S5/S30/M1,EUR_JPY,5/22/50,1,20.0,4731,3183,1548,-6831.5,-2824.0,-34.28,-28.35,-2835.6,27.2,298.9
S5/S30/M1,EUR_JPY,5/22/50,1,30.0,4601,3088,1513,-6694.7,-2700.1,-33.6,-27.1,-2719.6,26.8,298.9
S5/S30/M1,EUR_JPY,7/15/35,0,15.0,18,18,0,-2220.3,0.0,-11.14,0.0,0.0,0.0,298.9
S5/S30/M1,EUR_JPY,7/15/35,0,20.0,33,33,0,-1857.8,0.0,-9.32,0.0,0.0,0.0,298.9
S5/S30/M1,EUR_JPY,7/15/35,0,30.0,12,12,0,-2136.3,0.0,-10.72,0.0,0.0,0.0,298.9
S5/S30/M1,EUR_JPY,7/15/35,1,15.0,5589,3767,1822,-7416.1,-3660.1,-37.22,-36.74,-3658.5,27.2,298.9
S5/S30/M1,EUR_JPY,7/15/35,1,20.0,5477,3687,1790,-7670.9,-3599.9,-38.5,-36.13,-3596.8,26.6,298.9
S5/S30/M1,EUR_JPY,7/15/35,1,30.0,5381,3613,1768,-7475.4,-3389.6,-37.52,-34.02,-3386.5,26.0,298.9
S5/S30/M1,EUR_JPY,7/22/50,0,15.0,11,11,0,-2460.5,0.0,-12.35,0.0,0.0,0.0,298.9
S5/S30/M1,EUR_JPY,7/22/50,0,20.0,10,10,0,-2429.0,0.0,-12.19,0.0,0.0,0.0,298.9
S5/S30/M1,EUR_JPY,7/22/50,0,30.0,14,14,0,-2079.3,0.0,-10.44,0.0,0.0,0.0,298.9
S5/S30/M1,EUR_JPY,7/22/50,1,15.0,4664,3150,1514,-6488.1,-3082.2,-32.56,-30.94,-3079.9,28.1,298.9
S5/S30/M1,EUR_JPY,7/22/50,1,20.0,4532,3057,1475,-6671.5,-3045.9,-33.48,-30.57,-3048.6,26.5,298.9
S5/S30/M1,EUR_JPY,7/22/50,1,30.0,4402,2965,1437,-6323.9,-2948.1,-31.74,-29.59,-2949.9,26.2,298.9
S5/S30/M1,EUR_JPY,10/22/50,0,15.0,13,13,0,-2433.5,0.0,-12.21,0.0,0.0,0.0,298.9
S5/S30/M1,EUR_JPY,10/22/50,0,20.0,11,11,0,-2410.5,0.0,-12.1,0.0,0.0,0.0,298.9
S5/S30/M1,EUR_JPY,10/22/50,0,30.0,34,34,0,-1481.3,0.0,-7.43,0.0,0.0,0.0,298.9
S5/S30/M1,EUR_JPY,10/22/50,1,15.0,4674,3178,1496,-6652.6,-2606.1,-33.39,-26.16,-2635.1,31.6,298.9
S5/S30/M1,EUR_JPY,10/22/50,1,20.0,4535,3084,1451,-6908.8,-2513.7,-34.67,-25.23,-2529.2,30.7,298.9
S5/S30/M1,EUR_JPY,10/22/50,1,30.0,4411,2997,1414,-6473.2,-2331.7,-32.49,-23.4,-2355.5,30.1,298.9
S5/S30/M1,EUR_USD,5/10/22,0,15.0,60,60,0,-628.8,0.0,-1.97,0.0,0.0,0.0,478.2
S5/S30/M1,EUR_USD,5/10/22,0,20.0,51,51,0,-422.0,0.0,-1.32,0.0,0.0,0.0,478.2
S5/S30/M1,EUR_USD,5/10/22,0,30.0,54,54,0,552.0,0.0,1.73,0.0,0.0,0.0,478.2
S5/S30/M1,EUR_USD,5/10/22,1,15.0,12047,8056,3991,-9521.4,-5158.8,-29.87,-32.37,-5155.7,26.1,478.2
S5/S30/M1,EUR_USD,5/10/22,1,20.0,11964,7991,3973,-9475.4,-5088.7,-29.72,-31.93,-5103.2,26.1,478.2
S5/S30/M1,EUR_USD,5/10/22,1,30.0,11926,7960,3966,-9546.3,-5125.4,-29.95,-32.16,-5133.8,26.0,478.2
S5/S30/M1,EUR_USD,5/15/35,0,15.0,90,90,0,-239.1,0.0,-0.75,0.0,0.0,0.0,478.2
S5/S30/M1,EUR_USD,5/15/35,0,20.0,26,26,0,-513.9,0.0,-1.61,0.0,0.0,0.0,478.2
S5/S30/M1,EUR_USD,5/15/35,0,30.0,59,59,0,1338.9,0.0,4.2,0.0,0.0,0.0,478.2
S5/S30/M1,EUR_USD,5/15/35,1,15.0,9355,6230,3125,-8095.2,-4211.6,-25.39,-26.42,-4261.2,26.7,478.2
S5/S30/M1,EUR_USD,5/15/35,1,20.0,9259,6163,3096,-7957.8,-4167.4,-24.96,-26.15,-4234.2,26.6,478.2
S5/S30/M1,EUR_USD,5/15/35,1,30.0,9200,6116,3084,-7998.8,-4203.2,-25.09,-26.37,-4250.6,26.5,478.2
S5/S30/M1,EUR_USD,5/22/50,0,15.0,207,150,57,2097.0,735.3,6.58,4.61,-47.6,98.2,478.2
S5/S30/M1,EUR_USD,5/22/50,0,20.0,25,25,0,-1092.1,0.0,-3.43,0.0,0.0,0.0,478.2
S5/S30/M1,EUR_USD,5/22/50,0,30.0,28,28,0,257.2,0.0,0.81,0.0,0.0,0.0,478.2
S5/S30/M1,EUR_USD,5/22/50,1,15.0,7621,5123,2498,-6891.7,-3663.4,-21.62,-22.98,-3706.6,26.5,478.2
S5/S30/M1,EUR_USD,5/22/50,1,20.0,7513,5046,2467,-6813.9,-3675.0,-21.37,-23.06,-3733.1,26.6,478.2
S5/S30/M1,EUR_USD,5/22/50,1,30.0,7443,4989,2454,-6770.8,-3717.3,-21.24,-23.32,-3777.0,26.5,478.2
S5/S30/M1,EUR_USD,7/15/35,0,15.0,45,45,0,-194.1,0.0,-0.61,0.0,0.0,0.0,478.2
S5/S30/M1,EUR_USD,7/15/35,0,20.0,52,52,0,600.9,0.0,1.88,0.0,0.0,0.0,478.2
S5/S30/M1,EUR_USD,7/15/35,0,30.0,34,34,0,147.2,0.0,0.46,0.0,0.0,0.0,478.2
S5/S30/M1,EUR_USD,7/15/35,1,15.0,8935,5989,2946,-7493.2,-4181.4,-23.51,-26.23,-4179.2,27.7,478.2
S5/S30/M1,EUR_USD,7/15/35,1,20.0,8835,5916,2919,-7520.5,-4246.4,-23.59,-26.64,-4244.2,27.7,478.2
S5/S30/M1,EUR_USD,7/15/35,1,30.0,8778,5868,2910,-7416.8,-4229.7,-23.27,-26.54,-4227.5,27.7,478.2
S5/S30/M1,EUR_USD,7/22/50,0,15.0,61,61,0,-121.0,0.0,-0.38,0.0,0.0,0.0,478.2
S5/S30/M1,EUR_USD,7/22/50,0,20.0,37,37,0,-866.0,0.0,-2.72,0.0,0.0,0.0,478.2
S5/S30/M1,EUR_USD,7/22/50,0,30.0,31,31,0,-679.9,0.0,-2.13,0.0,0.0,0.0,478.2
S5/S30/M1,EUR_USD,7/22/50,1,15.0,7304,4885,2419,-6503.8,-3777.5,-20.4,-23.7,-3810.9,26.3,478.2
S5/S30/M1,EUR_USD,7/22/50,1,20.0,7198,4805,2393,-6614.8,-3864.7,-20.75,-24.25,-3880.5,26.3,478.2
S5/S30/M1,EUR_USD,7/22/50,1,30.0,7118,4742,2376,-6474.3,-3805.5,-20.31,-23.88,-3831.3,26.3,478.2
S5/S30/M1,EUR_USD,10/22/50,0,15.0,91,91,0,660.5,0.0,2.07,0.0,0.0,0.0,478.2
S5/S30/M1,EUR_USD,10/22/50,0,20.0,48,48,0,546.0,0.0,1.71,0.0,0.0,0.0,478.2
S5/S30/M1,EUR_USD,10/22/50,0,30.0,37,37,0,445.6,0.0,1.4,0.0,0.0,0.0,478.2
S5/S30/M1,EUR_USD,10/22/50,1,15.0,7275,4860,2415,-6314.9,-3899.9,-19.81,-24.47,-3906.4,28.1,478.2
S5/S30/M1,EUR_USD,10/22/50,1,20.0,7167,4780,2387,-6395.8,-3950.1,-20.06,-24.78,-3950.0,28.0,478.2
S5/S30/M1,EUR_USD,10/22/50,1,30.0,7089,4713,2376,-6170.6,-3879.4,-19.36,-24.34,-3879.3,28.0,478.2
S5/S30/M1,GBP_JPY,5/10/22,0,15.0,94,94,0,-1162.3,0.0,-5.75,0.0,0.0,0.0,303.1
S5/S30/M1,GBP_JPY,5/10/22,0,20.0,51,51,0,-1526.1,0.0,-7.55,0.0,0.0,0.0,303.1
S5/S30/M1,GBP_JPY,5/10/22,0,30.0,44,44,0,-1115.7,0.0,-5.52,0.0,0.0,0.0,303.1
S5/S30/M1,GBP_JPY,5/10/22,1,15.0,8028,5399,2629,-16548.5,-8082.1,-81.9,-80.0,-8109.3,23.7,303.1
S5/S30/M1,GBP_JPY,5/10/22,1,20.0,7902,5305,2597,-16903.8,-8053.1,-83.66,-79.71,-8077.4,23.2,303.1
S5/S30/M1,GBP_JPY,5/10/22,1,30.0,7790,5227,2563,-17096.9,-8013.9,-84.62,-79.32,-8043.4,22.8,303.1
S5/S30/M1,GBP_JPY,5/15/35,0,15.0,76,76,0,-2027.8,0.0,-10.04,0.0,0.0,0.0,303.1
S5/S30/M1,GBP_JPY,5/15/35,0,20.0,85,85,0,-543.4,0.0,-2.69,0.0,0.0,0.0,303.1
S5/S30/M1,GBP_JPY,5/15/35,0,30.0,29,29,0,-1582.1,0.0,-7.83,0.0,0.0,0.0,303.1
S5/S30/M1,GBP_JPY,5/15/35,1,15.0,6331,4282,2049,-13492.8,-6458.8,-66.78,-63.93,-6467.3,25.7,303.1
S5/S30/M1,GBP_JPY,5/15/35,1,20.0,6156,4160,1996,-13395.8,-6447.0,-66.3,-63.81,-6460.5,24.6,303.1
S5/S30/M1,GBP_JPY,5/15/35,1,30.0,6039,4076,1963,-13437.1,-6286.2,-66.5,-62.22,-6299.5,24.0,303.1
S5/S30/M1,GBP_JPY,5/22/50,0,15.0,79,79,0,-1990.0,0.0,-9.85,0.0,0.0,0.0,303.1
S5/S30/M1,GBP_JPY,5/22/50,0,20.0,49,49,0,-2128.0,0.0,-10.53,0.0,0.0,0.0,303.1
S5/S30/M1,GBP_JPY,5/22/50,0,30.0,85,85,0,292.6,0.0,1.45,0.0,0.0,0.0,303.1
S5/S30/M1,GBP_JPY,5/22/50,1,15.0,5119,3445,1674,-10960.0,-5168.8,-54.24,-51.16,-5174.5,27.5,303.1
S5/S30/M1,GBP_JPY,5/22/50,1,20.0,4962,3332,1630,-11336.4,-5181.8,-56.11,-51.29,-5181.2,25.5,303.1
S5/S30/M1,GBP_JPY,5/22/50,1,30.0,4836,3244,1592,-11150.6,-4986.9,-55.19,-49.36,-4986.3,24.6,303.1
S5/S30/M1,GBP_JPY,7/15/35,0,15.0,110,110,0,-830.3,0.0,-4.11,0.0,0.0,0.0,303.1
S5/S30/M1,GBP_JPY,7/15/35,0,20.0,59,59,0,-1188.5,0.0,-5.88,0.0,0.0,0.0,303.1
S5/S30/M1,GBP_JPY,7/15/35,0,30.0,36,36,0,-2006.8,0.0,-9.93,0.0,0.0,0.0,303.1
S5/S30/M1,GBP_JPY,7/15/35,1,15.0,6009,4005,2004,-12305.0,-5981.6,-60.9,-59.21,-5989.0,27.1,303.1
S5/S30/M1,GBP_JPY,7/15/35,1,20.0,5883,3920,1963,-12504.4,-6087.1,-61.89,-60.25,-6084.9,25.8,303.1
S5/S30/M1,GBP_JPY,7/15/35,1,30.0,5750,3828,1922,-12487.7,-5852.1,-61.8,-57.93,-5849.9,25.3,303.1
S5/S30/M1,GBP_JPY,7/22/50,0,15.0,102,102,0,-1041.2,0.0,-5.15,0.0,0.0,0.0,303.1
S5/S30/M1,GBP_JPY,7/22/50,0,20.0,46,46,0,-1521.8,0.0,-7.53,0.0,0.0,0.0,303.1
S5/S30/M1,GBP_JPY,7/22/50,0,30.0,32,32,0,-1458.2,0.0,-7.22,0.0,0.0,0.0,303.1
S5/S30/M1,GBP_JPY,7/22/50,1,15.0,4979,3351,1628,-10775.9,-4991.5,-53.33,-49.41,-4999.3,28.9,303.1
S5/S30/M1,GBP_JPY,7/22/50,1,20.0,4819,3237,1582,-10802.7,-5025.6,-53.46,-49.75,-5024.4,26.5,303.1
S5/S30/M1,GBP_JPY,7/22/50,1,30.0,4667,3124,1543,-10600.9,-4921.9,-52.47,-48.72,-4920.7,25.7,303.1
S5/S30/M1,GBP_JPY,10/22/50,0,15.0,89,89,0,-1115.6,0.0,-5.52,0.0,0.0,0.0,303.1
S5/S30/M1,GBP_JPY,10/22/50,0,20.0,62,62,0,-1135.7,0.0,-5.62,0.0,0.0,0.0,303.1
S5/S30/M1,GBP_JPY,10/22/50,0,30.0,71,71,0,-129.9,0.0,-0.64,0.0,0.0,0.0,303.1
S5/S30/M1,GBP_JPY,10/22/50,1,15.0,4885,3300,1585,-10567.8,-4566.7,-52.3,-45.2,-4554.5,30.2,303.1
S5/S30/M1,GBP_JPY,10/22/50,1,20.0,4731,3187,1544,-10503.9,-4490.0,-51.99,-44.44,-4477.8,27.8,303.1
S5/S30/M1,GBP_JPY,10/22/50,1,30.0,4567,3068,1499,-10442.6,-4321.8,-51.68,-42.78,-4309.6,26.6,303.1
S5/S30/M1,GBP_USD,5/10/22,0,15.0,39,39,0,-53.1,0.0,-0.28,0.0,0.0,0.0,286.5
S5/S30/M1,GBP_USD,5/10/22,0,20.0,24,24,0,10.4,0.0,0.05,0.0,0.0,0.0,286.5
S5/S30/M1,GBP_USD,5/10/22,0,30.0,25,25,0,-33.2,0.0,-0.17,0.0,0.0,0.0,286.5
S5/S30/M1,GBP_USD,5/10/22,1,15.0,7327,4904,2423,-8017.6,-3422.0,-41.98,-35.84,-3422.4,27.6,286.5
S5/S30/M1,GBP_USD,5/10/22,1,20.0,7250,4856,2394,-7988.6,-3427.9,-41.83,-35.9,-3428.3,27.3,286.5
S5/S30/M1,GBP_USD,5/10/22,1,30.0,7210,4835,2375,-7919.5,-3509.0,-41.47,-36.75,-3520.7,27.1,286.5
S5/S30/M1,GBP_USD,5/15/35,0,15.0,63,63,0,433.1,0.0,2.27,0.0,0.0,0.0,286.5
S5/S30/M1,GBP_USD,5/15/35,0,20.0,61,61,0,706.0,0.0,3.7,0.0,0.0,0.0,286.5
S5/S30/M1,GBP_USD,5/15/35,0,30.0,26,26,0,200.3,0.0,1.05,0.0,0.0,0.0,286.5
S5/S30/M1,GBP_USD,5/15/35,1,15.0,5611,3705,1906,-6159.3,-2827.9,-32.25,-29.62,-2827.0,27.4,286.5
S5/S30/M1,GBP_USD,5/15/35,1,20.0,5532,3646,1886,-5915.5,-2934.9,-30.97,-30.74,-2933.9,26.9,286.5
S5/S30/M1,GBP_USD,5/15/35,1,30.0,5474,3614,1860,-5979.0,-2951.7,-31.31,-30.91,-2950.7,26.8,286.5
S5/S30/M1,GBP_USD,5/22/50,0,15.0,12,12,0,-546.4,0.0,-2.86,0.0,0.0,0.0,286.5
S5/S30/M1,GBP_USD,5/22/50,0,20.0,91,73,18,1354.9,48.6,7.09,0.51,-266.9,94.4,286.5
S5/S30/M1,GBP_USD,5/22/50,0,30.0,50,43,7,1228.1,-74.0,6.43,-0.77,-245.3,85.7,286.5
S5/S30/M1,GBP_USD,5/22/50,1,15.0,4596,3030,1566,-5108.4,-2170.5,-26.75,-22.73,-2181.3,29.4,286.5
S5/S30/M1,GBP_USD,5/22/50,1,20.0,4505,2967,1538,-4966.3,-2228.3,-26.0,-23.34,-2235.9,28.7,286.5
S5/S30/M1,GBP_USD,5/22/50,1,30.0,4420,2918,1502,-4871.9,-2289.7,-25.51,-23.98,-2315.5,28.2,286.5
S5/S30/M1,GBP_USD,7/15/35,0,15.0,140,95,45,1288.2,384.3,6.75,4.02,-212.3,97.8,286.5
S5/S30/M1,GBP_USD,7/15/35,0,20.0,40,40,0,316.3,0.0,1.66,0.0,0.0,0.0,286.5
S5/S30/M1,GBP_USD,7/15/35,0,30.0,8,8,0,-322.7,0.0,-1.69,0.0,0.0,0.0,286.5
S5/S30/M1,GBP_USD,7/15/35,1,15.0,5405,3587,1818,-5938.2,-2919.1,-31.09,-30.57,-2917.4,28.2,286.5
S5/S30/M1,GBP_USD,7/15/35,1,20.0,5328,3538,1790,-5912.1,-2920.7,-30.96,-30.59,-2918.9,27.8,286.5
S5/S30/M1,GBP_USD,7/15/35,1,30.0,5268,3501,1767,-5899.2,-2888.2,-30.89,-30.25,-2886.4,27.9,286.5
S5/S30/M1,GBP_USD,7/22/50,0,15.0,22,22,0,-350.5,0.0,-1.84,0.0,0.0,0.0,286.5
S5/S30/M1,GBP_USD,7/22/50,0,20.0,41,41,0,107.2,0.0,0.56,0.0,0.0,0.0,286.5
S5/S30/M1,GBP_USD,7/22/50,0,30.0,104,60,44,1713.6,1110.4,8.97,11.63,-117.7,97.7,286.5
S5/S30/M1,GBP_USD,7/22/50,1,15.0,4402,2885,1517,-4627.7,-2335.2,-24.23,-24.46,-2340.9,30.2,286.5
S5/S30/M1,GBP_USD,7/22/50,1,20.0,4314,2824,1490,-4593.2,-2357.2,-24.05,-24.69,-2367.9,29.4,286.5
S5/S30/M1,GBP_USD,7/22/50,1,30.0,4237,2781,1456,-4568.7,-2458.4,-23.92,-25.75,-2484.8,28.9,286.5
S5/S30/M1,GBP_USD,10/22/50,0,15.0,23,23,0,-285.0,0.0,-1.49,0.0,0.0,0.0,286.5
S5/S30/M1,GBP_USD,10/22/50,0,20.0,50,50,0,504.5,0.0,2.64,0.0,0.0,0.0,286.5
S5/S30/M1,GBP_USD,10/22/50,0,30.0,11,11,0,-239.2,0.0,-1.25,0.0,0.0,0.0,286.5
S5/S30/M1,GBP_USD,10/22/50,1,15.0,4352,2880,1472,-4609.4,-1831.5,-24.14,-19.18,-1887.6,32.9,286.5
S5/S30/M1,GBP_USD,10/22/50,1,20.0,4255,2810,1445,-4493.8,-1877.2,-23.53,-19.66,-1938.8,31.4,286.5
S5/S30/M1,GBP_USD,10/22/50,1,30.0,4171,2765,1406,-4411.5,-1887.8,-23.1,-19.77,-1982.1,31.2,286.5
S5/S30/M1,USD_JPY,5/10/22,0,15.0,111,111,0,233.2,0.0,1.19,0.0,0.0,0.0,294.5
S5/S30/M1,USD_JPY,5/10/22,0,20.0,88,88,0,244.7,0.0,1.25,0.0,0.0,0.0,294.5
S5/S30/M1,USD_JPY,5/10/22,0,30.0,76,76,0,769.8,0.0,3.92,0.0,0.0,0.0,294.5
S5/S30/M1,USD_JPY,5/10/22,1,15.0,7566,5084,2482,-7625.3,-3284.6,-38.84,-33.46,-3283.7,28.3,294.5
S5/S30/M1,USD_JPY,5/10/22,1,20.0,7457,5000,2457,-7511.3,-3392.3,-38.26,-34.56,-3391.4,27.9,294.5
S5/S30/M1,USD_JPY,5/10/22,1,30.0,7379,4946,2433,-7586.1,-3359.8,-38.64,-34.23,-3358.9,27.8,294.5
S5/S30/M1,USD_JPY,5/15/35,0,15.0,187,141,46,1937.3,-19.7,9.87,-0.2,-638.0,97.8,294.5
S5/S30/M1,USD_JPY,5/15/35,0,20.0,83,83,0,535.6,0.0,2.73,0.0,0.0,0.0,294.5
S5/S30/M1,USD_JPY,5/15/35,0,30.0,31,31,0,-33.7,0.0,-0.17,0.0,0.0,0.0,294.5
S5/S30/M1,USD_JPY,5/15/35,1,15.0,5936,4031,1905,-6615.7,-2522.2,-33.7,-25.7,-2517.6,30.0,294.5
S5/S30/M1,USD_JPY,5/15/35,1,20.0,5802,3925,1877,-6419.5,-2640.4,-32.7,-26.9,-2635.7,29.5,294.5
S5/S30/M1,USD_JPY,5/15/35,1,30.0,5707,3856,1851,-6233.0,-2568.6,-31.75,-26.17,-2563.9,29.0,294.5
S5/S30/M1,USD_JPY,5/22/50,0,15.0,36,36,0,-520.2,0.0,-2.65,0.0,0.0,0.0,294.5
S5/S30/M1,USD_JPY,5/22/50,0,20.0,25,25,0,-551.4,0.0,-2.81,0.0,0.0,0.0,294.5
S5/S30/M1,USD_JPY,5/22/50,0,30.0,17,17,0,-541.3,0.0,-2.76,0.0,0.0,0.0,294.5
S5/S30/M1,USD_JPY,5/22/50,1,15.0,4954,3355,1599,-5029.1,-2711.2,-25.62,-27.62,-2706.7,28.6,294.5
S5/S30/M1,USD_JPY,5/22/50,1,20.0,4802,3241,1561,-4777.1,-2685.9,-24.33,-27.36,-2681.5,27.8,294.5
S5/S30/M1,USD_JPY,5/22/50,1,30.0,4692,3155,1537,-4540.4,-2528.9,-23.13,-25.76,-2524.5,27.2,294.5
S5/S30/M1,USD_JPY,7/15/35,0,15.0,133,133,0,779.4,0.0,3.97,0.0,0.0,0.0,294.5
S5/S30/M1,USD_JPY,7/15/35,0,20.0,39,23,16,431.0,-419.4,2.2,-4.27,-700.5,93.8,294.5
S5/S30/M1,USD_JPY,7/15/35,0,30.0,38,38,0,146.7,0.0,0.75,0.0,0.0,0.0,294.5
S5/S30/M1,USD_JPY,7/15/35,1,15.0,5588,3809,1779,-5806.9,-1787.7,-29.58,-18.21,-1785.5,32.0,294.5
S5/S30/M1,USD_JPY,7/15/35,1,20.0,5477,3731,1746,-5538.6,-1985.9,-28.21,-20.23,-1983.7,31.1,294.5
S5/S30/M1,USD_JPY,7/15/35,1,30.0,5360,3642,1718,-5271.8,-2130.7,-26.85,-21.71,-2128.6,30.4,294.5
S5/S30/M1,USD_JPY,7/22/50,0,15.0,42,42,0,-363.5,0.0,-1.85,0.0,0.0,0.0,294.5
S5/S30/M1,USD_JPY,7/22/50,0,20.0,29,29,0,-402.1,0.0,-2.05,0.0,0.0,0.0,294.5
S5/S30/M1,USD_JPY,7/22/50,0,30.0,45,45,0,337.7,0.0,1.72,0.0,0.0,0.0,294.5
S5/S30/M1,USD_JPY,7/22/50,1,15.0,4751,3223,1528,-4879.9,-1864.2,-24.86,-18.99,-1861.4,31.5,294.5
S5/S30/M1,USD_JPY,7/22/50,1,20.0,4597,3108,1489,-4655.8,-1844.4,-23.72,-18.79,-1841.6,30.4,294.5
S5/S30/M1,USD_JPY,7/22/50,1,30.0,4467,3011,1456,-4384.7,-1969.7,-22.34,-20.07,-1966.9,29.7,294.5
S5/S30/M1,USD_JPY,10/22/50,0,15.0,83,83,0,-159.6,0.0,-0.81,0.0,0.0,0.0,294.5
S5/S30/M1,USD_JPY,10/22/50,0,20.0,52,52,0,-335.9,0.0,-1.71,0.0,0.0,0.0,294.5
S5/S30/M1,USD_JPY,10/22/50,0,30.0,27,27,0,-88.5,0.0,-0.45,0.0,0.0,0.0,294.5
S5/S30/M1,USD_JPY,10/22/50,1,15.0,4707,3220,1487,-5512.9,-1987.5,-28.08,-20.25,-1985.9,31.9,294.5
S5/S30/M1,USD_JPY,10/22/50,1,20.0,4560,3107,1453,-4943.6,-2123.5,-25.18,-21.63,-2121.9,30.6,294.5
S5/S30/M1,USD_JPY,10/22/50,1,30.0,4434,3014,1420,-4955.5,-2253.5,-25.24,-22.96,-2251.9,29.6,294.5
S5/M1/M5,EUR_JPY,5/10/22,0,15.0,78,78,0,-1408.0,0.0,-7.07,0.0,0.0,0.0,298.9
S5/M1/M5,EUR_JPY,5/10/22,0,20.0,28,28,0,-2097.6,0.0,-10.53,0.0,0.0,0.0,298.9
S5/M1/M5,EUR_JPY,5/10/22,0,30.0,25,25,0,-1913.1,0.0,-9.6,0.0,0.0,0.0,298.9
S5/M1/M5,EUR_JPY,5/10/22,1,15.0,2380,1614,766,-3058.4,-1399.5,-15.35,-14.05,-1403.8,35.9,298.9
S5/M1/M5,EUR_JPY,5/10/22,1,20.0,2272,1542,730,-3016.5,-1266.3,-15.14,-12.71,-1274.9,33.8,298.9
S5/M1/M5,EUR_JPY,5/10/22,1,30.0,2156,1462,694,-3126.7,-1274.1,-15.69,-12.79,-1273.2,32.7,298.9
S5/M1/M5,EUR_JPY,5/15/35,0,15.0,33,33,0,-2165.1,0.0,-10.87,0.0,0.0,0.0,298.9
S5/M1/M5,EUR_JPY,5/15/35,0,20.0,30,30,0,-2060.6,0.0,-10.34,0.0,0.0,0.0,298.9
S5/M1/M5,EUR_JPY,5/15/35,0,30.0,34,34,0,-613.4,0.0,-3.08,0.0,0.0,0.0,298.9
S5/M1/M5,EUR_JPY,5/15/35,1,15.0,1994,1343,651,-3169.9,-808.9,-15.91,-8.12,-903.6,38.7,298.9
S5/M1/M5,EUR_JPY,5/15/35,1,20.0,1888,1265,623,-3122.5,-789.0,-15.67,-7.92,-902.0,34.7,298.9
S5/M1/M5,EUR_JPY,5/15/35,1,30.0,1768,1192,576,-3277.5,-1036.9,-16.45,-10.41,-1123.0,32.8,298.9
S5/M1/M5,EUR_JPY,5/22/50,0,15.0,116,116,0,-711.1,0.0,-3.57,0.0,0.0,0.0,298.9
S5/M1/M5,EUR_JPY,5/22/50,0,20.0,66,66,0,-1061.1,0.0,-5.33,0.0,0.0,0.0,298.9
S5/M1/M5,EUR_JPY,5/22/50,0,30.0,47,47,0,-952.6,0.0,-4.78,0.0,0.0,0.0,298.9
S5/M1/M5,EUR_JPY,5/22/50,1,15.0,1697,1177,520,-2028.9,-766.2,-10.18,-7.69,-798.7,43.8,298.9
S5/M1/M5,EUR_JPY,5/22/50,1,20.0,1587,1095,492,-2050.2,-654.2,-10.29,-6.57,-706.7,39.0,298.9
S5/M1/M5,EUR_JPY,5/22/50,1,30.0,1461,1015,446,-2399.7,-688.9,-12.04,-6.91,-749.4,36.5,298.9
S5/M1/M5,EUR_JPY,7/15/35,0,15.0,20,20,0,-2338.6,0.0,-11.74,0.0,0.0,0.0,298.9
S5/M1/M5,EUR_JPY,7/15/35,0,20.0,19,19,0,-2262.1,0.0,-11.35,0.0,0.0,0.0,298.9
S5/M1/M5,EUR_JPY,7/15/35,0,30.0,43,43,0,-1226.7,0.0,-6.16,0.0,0.0,0.0,298.9
S5/M1/M5,EUR_JPY,7/15/35,1,15.0,1936,1303,633,-3070.2,-887.0,-15.41,-8.9,-936.5,41.2,298.9
S5/M1/M5,EUR_JPY,7/15/35,1,20.0,1831,1231,600,-2953.8,-579.1,-14.82,-5.81,-729.5,38.0,298.9
S5/M1/M5,EUR_JPY,7/15/35,1,30.0,1696,1152,544,-3006.4,-667.6,-15.09,-6.7,-755.9,36.6,298.9
S5/M1/M5,EUR_JPY,7/22/50,0,15.0,35,35,0,-1784.6,0.0,-8.96,0.0,0.0,0.0,298.9
S5/M1/M5,EUR_JPY,7/22/50,0,20.0,24,24,0,-2173.3,0.0,-10.91,0.0,0.0,0.0,298.9
S5/M1/M5,EUR_JPY,7/22/50,0,30.0,17,17,0,-1967.4,0.0,-9.87,0.0,0.0,0.0,298.9
S5/M1/M5,EUR_JPY,7/22/50,1,15.0,1688,1158,530,-2227.5,-710.7,-11.18,-7.13,-740.8,44.9,298.9
S5/M1/M5,EUR_JPY,7/22/50,1,20.0,1579,1088,491,-2278.6,-621.3,-11.44,-6.24,-675.1,39.9,298.9
S5/M1/M5,EUR_JPY,7/22/50,1,30.0,1452,1006,446,-2195.1,-477.7,-11.02,-4.8,-578.7,37.4,298.9
S5/M1/M5,EUR_JPY,10/22/50,0,15.0,43,43,0,-1696.6,0.0,-8.51,0.0,0.0,0.0,298.9
S5/M1/M5,EUR_JPY,10/22/50,0,20.0,31,31,0,-1868.4,0.0,-9.38,0.0,0.0,0.0,298.9
S5/M1/M5,EUR_JPY,10/22/50,0,30.0,20,20,0,-1882.2,0.0,-9.45,0.0,0.0,0.0,298.9
S5/M1/M5,EUR_JPY,10/22/50,1,15.0,1655,1137,518,-2309.2,-828.6,-11.59,-8.32,-867.7,46.1,298.9
S5/M1/M5,EUR_JPY,10/22/50,1,20.0,1533,1054,479,-1753.3,-686.6,-8.8,-6.89,-745.8,41.1,298.9
S5/M1/M5,EUR_JPY,10/22/50,1,30.0,1401,961,440,-1558.3,-814.0,-7.82,-8.17,-852.7,37.5,298.9
S5/M1/M5,EUR_USD,5/10/22,0,15.0,39,39,0,-442.8,0.0,-1.39,0.0,0.0,0.0,478.2
S5/M1/M5,EUR_USD,5/10/22,0,20.0,45,45,0,322.8,0.0,1.01,0.0,0.0,0.0,478.2
S5/M1/M5,EUR_USD,5/10/22,0,30.0,42,42,0,715.5,0.0,2.24,0.0,0.0,0.0,478.2
S5/M1/M5,EUR_USD,5/10/22,1,15.0,3803,2559,1244,-4153.7,-2240.6,-13.03,-14.06,-2275.8,29.8,478.2
S5/M1/M5,EUR_USD,5/10/22,1,20.0,3690,2480,1210,-4340.7,-2140.2,-13.62,-13.43,-2181.3,29.0,478.2
S5/M1/M5,EUR_USD,5/10/22,1,30.0,3590,2408,1182,-4122.5,-2163.9,-12.93,-13.58,-2239.5,28.4,478.2
S5/M1/M5,EUR_USD,5/15/35,0,15.0,190,81,109,1132.4,1496.7,3.55,9.39,-13.1,99.1,478.2
S5/M1/M5,EUR_USD,5/15/35,0,20.0,141,62,79,1176.8,1467.3,3.69,9.21,-13.1,98.7,478.2
S5/M1/M5,EUR_USD,5/15/35,0,30.0,14,14,0,-608.3,0.0,-1.91,0.0,0.0,0.0,478.2
S5/M1/M5,EUR_USD,5/15/35,1,15.0,3102,2083,1019,-3158.9,-1722.8,-9.91,-10.81,-1797.8,32.8,478.2
S5/M1/M5,EUR_USD,5/15/35,1,20.0,2975,1997,978,-3034.4,-1675.2,-9.52,-10.51,-1723.2,31.8,478.2
S5/M1/M5,EUR_USD,5/15/35,1,30.0,2871,1920,951,-3011.6,-1786.8,-9.45,-11.21,-1872.2,31.3,478.2
S5/M1/M5,EUR_USD,5/22/50,0,15.0,51,51,0,35.2,0.0,0.11,0.0,0.0,0.0,478.2
S5/M1/M5,EUR_USD,5/22/50,0,20.0,38,38,0,35.4,0.0,0.11,0.0,0.0,0.0,478.2
S5/M1/M5,EUR_USD,5/22/50,0,30.0,30,30,0,191.5,0.0,0.6,0.0,0.0,0.0,478.2
S5/M1/M5,EUR_USD,5/22/50,1,15.0,2604,1758,846,-3703.7,-1423.1,-11.62,-8.93,-1507.9,34.5,478.2
S5/M1/M5,EUR_USD,5/22/50,1,20.0,2478,1674,804,-3649.3,-1332.4,-11.45,-8.36,-1401.5,32.5,478.2
S5/M1/M5,EUR_USD,5/22/50,1,30.0,2352,1587,765,-3408.5,-1359.9,-10.69,-8.53,-1497.1,31.6,478.2
S5/M1/M5,EUR_USD,7/15/35,0,15.0,176,107,69,1495.9,867.3,4.69,5.44,-83.4,98.6,478.2
S5/M1/M5,EUR_USD,7/15/35,0,20.0,64,64,0,828.6,0.0,2.6,0.0,0.0,0.0,478.2
S5/M1/M5,EUR_USD,7/15/35,0,30.0,29,29,0,-172.5,0.0,-0.54,0.0,0.0,0.0,478.2
S5/M1/M5,EUR_USD,7/15/35,1,15.0,3079,2075,1004,-3339.4,-1604.9,-10.48,-10.07,-1662.4,34.4,478.2
S5/M1/M5,EUR_USD,7/15/35,1,20.0,2939,1982,957,-3350.8,-1430.1,-10.51,-8.97,-1484.4,33.4,478.2
S5/M1/M5,EUR_USD,7/15/35,1,30.0,2812,1896,916,-3109.2,-1549.4,-9.75,-9.72,-1637.2,32.6,478.2
S5/M1/M5,EUR_USD,7/22/50,0,15.0,50,50,0,24.6,0.0,0.08,0.0,0.0,0.0,478.2
S5/M1/M5,EUR_USD,7/22/50,0,20.0,42,42,0,114.4,0.0,0.36,0.0,0.0,0.0,478.2
S5/M1/M5,EUR_USD,7/22/50,0,30.0,24,24,0,-320.5,0.0,-1.01,0.0,0.0,0.0,478.2
S5/M1/M5,EUR_USD,7/22/50,1,15.0,2634,1770,864,-3194.3,-1553.3,-10.02,-9.75,-1600.9,35.9,478.2
S5/M1/M5,EUR_USD,7/22/50,1,20.0,2503,1684,819,-3211.3,-1548.2,-10.07,-9.71,-1584.9,32.7,478.2
S5/M1/M5,EUR_USD,7/22/50,1,30.0,2354,1581,773,-3151.1,-1472.1,-9.88,-9.24,-1565.1,31.2,478.2
S5/M1/M5,EUR_USD,10/22/50,0,15.0,58,58,0,136.5,0.0,0.43,0.0,0.0,0.0,478.2
S5/M1/M5,EUR_USD,10/22/50,0,20.0,46,46,0,190.3,0.0,0.6,0.0,0.0,0.0,478.2
S5/M1/M5,EUR_USD,10/22/50,0,30.0,40,40,0,-380.3,0.0,-1.19,0.0,0.0,0.0,478.2
S5/M1/M5,EUR_USD,10/22/50,1,15.0,2538,1700,838,-2660.1,-1500.2,-8.34,-9.41,-1524.3,36.2,478.2
S5/M1/M5,EUR_USD,10/22/50,1,20.0,2391,1607,784,-2735.3,-1506.7,-8.58,-9.45,-1514.3,33.4,478.2
S5/M1/M5,EUR_USD,10/22/50,1,30.0,2235,1501,734,-2628.1,-1338.6,-8.24,-8.4,-1392.6,32.3,478.2
S5/M1/M5,GBP_JPY,5/10/22,0,15.0,92,92,0,-1333.0,0.0,-6.6,0.0,0.0,0.0,303.1
S5/M1/M5,GBP_JPY,5/10/22,0,20.0,85,85,0,-1001.2,0.0,-4.96,0.0,0.0,0.0,303.1
S5/M1/M5,GBP_JPY,5/10/22,0,30.0,71,71,0,-714.1,0.0,-3.53,0.0,0.0,0.0,303.1
S5/M1/M5,GBP_JPY,5/10/22,1,15.0,2496,1661,835,-4598.3,-2691.6,-22.76,-26.64,-2681.9,38.2,303.1
S5/M1/M5,GBP_JPY,5/10/22,1,20.0,2393,1593,800,-4531.0,-2743.8,-22.42,-27.16,-2744.1,33.5,303.1
S5/M1/M5,GBP_JPY,5/10/22,1,30.0,2258,1499,759,-4411.9,-2607.7,-21.84,-25.81,-2592.0,30.0,303.1
S5/M1/M5,GBP_JPY,5/15/35,0,15.0,118,118,0,-916.3,0.0,-4.53,0.0,0.0,0.0,303.1
S5/M1/M5,GBP_JPY,5/15/35,0,20.0,44,44,0,-1633.7,0.0,-8.09,0.0,0.0,0.0,303.1
S5/M1/M5,GBP_JPY,5/15/35,0,30.0,56,56,0,-875.7,0.0,-4.33,0.0,0.0,0.0,303.1
S5/M1/M5,GBP_JPY,5/15/35,1,15.0,2097,1397,700,-3122.7,-1874.4,-15.46,-18.55,-1857.9,44.3,303.1
S5/M1/M5,GBP_JPY,5/15/35,1,20.0,1990,1326,664,-3094.7,-1945.4,-15.32,-19.26,-1928.9,38.1,303.1
S5/M1/M5,GBP_JPY,5/15/35,1,30.0,1830,1217,613,-3568.2,-1870.1,-17.66,-18.51,-1853.6,33.0,303.1
S5/M1/M5,GBP_JPY,5/22/50,0,15.0,103,103,0,-1194.4,0.0,-5.91,0.0,0.0,0.0,303.1
S5/M1/M5,GBP_JPY,5/22/50,0,20.0,87,87,0,-966.0,0.0,-4.78,0.0,0.0,0.0,303.1
S5/M1/M5,GBP_JPY,5/22/50,0,30.0,20,20,0,-1505.0,0.0,-7.45,0.0,0.0,0.0,303.1
S5/M1/M5,GBP_JPY,5/22/50,1,15.0,1812,1219,593,-3357.8,-1747.9,-16.62,-17.3,-1742.1,47.2,303.1
S5/M1/M5,GBP_JPY,5/22/50,1,20.0,1689,1131,558,-3211.0,-1812.8,-15.89,-17.94,-1812.0,40.5,303.1
S5/M1/M5,GBP_JPY,5/22/50,1,30.0,1526,1022,504,-3180.0,-1715.2,-15.74,-16.98,-1709.2,34.1,303.1
S5/M1/M5,GBP_JPY,7/15/35,0,15.0,140,140,0,114.7,0.0,0.57,0.0,0.0,0.0,303.1
S5/M1/M5,GBP_JPY,7/15/35,0,20.0,135,135,0,1025.9,0.0,5.08,0.0,0.0,0.0,303.1
S5/M1/M5,GBP_JPY,7/15/35,0,30.0,17,17,0,-2119.7,0.0,-10.49,0.0,0.0,0.0,303.1
S5/M1/M5,GBP_JPY,7/15/35,1,15.0,2079,1402,677,-3564.6,-1635.1,-17.64,-16.19,-1618.5,47.0,303.1
S5/M1/M5,GBP_JPY,7/15/35,1,20.0,1966,1322,644,-2981.8,-1781.8,-14.76,-17.64,-1765.1,41.0,303.1
S5/M1/M5,GBP_JPY,7/15/35,1,30.0,1801,1213,588,-3444.8,-1876.3,-17.05,-18.57,-1864.5,33.8,303.1
S5/M1/M5,GBP_JPY,7/22/50,0,15.0,126,126,0,676.1,0.0,3.35,0.0,0.0,0.0,303.1
S5/M1/M5,GBP_JPY,7/22/50,0,20.0,83,83,0,283.1,0.0,1.4,0.0,0.0,0.0,303.1
S5/M1/M5,GBP_JPY,7/22/50,0,30.0,26,26,0,-1339.4,0.0,-6.63,0.0,0.0,0.0,303.1
S5/M1/M5,GBP_JPY,7/22/50,1,15.0,1859,1242,617,-3268.6,-1991.3,-16.18,-19.71,-1988.3,47.8,303.1
S5/M1/M5,GBP_JPY,7/22/50,1,20.0,1732,1162,570,-2936.4,-1824.0,-14.53,-18.06,-1850.9,41.9,303.1
S5/M1/M5,GBP_JPY,7/22/50,1,30.0,1562,1043,519,-2961.7,-1592.1,-14.66,-15.76,-1610.7,34.5,303.1
S5/M1/M5,GBP_JPY,10/22/50,0,15.0,107,107,0,-1067.7,0.0,-5.28,0.0,0.0,0.0,303.1
S5/M1/M5,GBP_JPY,10/22/50,0,20.0,57,57,0,-1417.7,0.0,-7.02,0.0,0.0,0.0,303.1
S5/M1/M5,GBP_JPY,10/22/50,0,30.0,64,64,0,-905.9,0.0,-4.48,0.0,0.0,0.0,303.1
S5/M1/M5,GBP_JPY,10/22/50,1,15.0,1817,1199,618,-3407.5,-1684.4,-16.86,-16.67,-1673.0,49.8,303.1
S5/M1/M5,GBP_JPY,10/22/50,1,20.0,1693,1122,571,-2777.8,-1751.9,-13.75,-17.34,-1755.1,42.0,303.1
S5/M1/M5,GBP_JPY,10/22/50,1,30.0,1515,1005,510,-2663.5,-1456.4,-13.18,-14.42,-1449.5,35.9,303.1
S5/M1/M5,GBP_USD,5/10/22,0,15.0,3,3,0,-691.3,0.0,-3.62,0.0,0.0,0.0,286.5
S5/M1/M5,GBP_USD,5/10/22,0,20.0,3,3,0,-681.3,0.0,-3.57,0.0,0.0,0.0,286.5
S5/M1/M5,GBP_USD,5/10/22,0,30.0,3,3,0,-661.3,0.0,-3.46,0.0,0.0,0.0,286.5
S5/M1/M5,GBP_USD,5/10/22,1,15.0,2280,1488,792,-2983.5,-1720.2,-15.62,-18.01,-1770.8,33.2,286.5
S5/M1/M5,GBP_USD,5/10/22,1,20.0,2196,1441,755,-2950.3,-1557.5,-15.45,-16.31,-1613.8,31.4,286.5
S5/M1/M5,GBP_USD,5/10/22,1,30.0,2115,1387,728,-2875.3,-1439.3,-15.06,-15.07,-1486.3,30.1,286.5
S5/M1/M5,GBP_USD,5/15/35,0,15.0,3,3,0,-691.3,0.0,-3.62,0.0,0.0,0.0,286.5
S5/M1/M5,GBP_USD,5/15/35,0,20.0,3,3,0,-681.3,0.0,-3.57,0.0,0.0,0.0,286.5
S5/M1/M5,GBP_USD,5/15/35,0,30.0,3,3,0,-661.3,0.0,-3.46,0.0,0.0,0.0,286.5
S5/M1/M5,GBP_USD,5/15/35,1,15.0,1912,1268,644,-2804.4,-1206.8,-14.68,-12.64,-1275.5,36.3,286.5
S5/M1/M5,GBP_USD,5/15/35,1,20.0,1819,1204,615,-2836.9,-1187.8,-14.85,-12.44,-1254.6,33.0,286.5
S5/M1/M5,GBP_USD,5/15/35,1,30.0,1732,1149,583,-2809.1,-1217.9,-14.71,-12.75,-1273.1,30.5,286.5
S5/M1/M5,GBP_USD,5/22/50,0,15.0,3,3,0,-691.3,0.0,-3.62,0.0,0.0,0.0,286.5
S5/M1/M5,GBP_USD,5/22/50,0,20.0,3,3,0,-681.3,0.0,-3.57,0.0,0.0,0.0,286.5
S5/M1/M5,GBP_USD,5/22/50,0,30.0,3,3,0,-661.3,0.0,-3.46,0.0,0.0,0.0,286.5
S5/M1/M5,GBP_USD,5/22/50,1,15.0,1563,1051,512,-2468.9,-1187.9,-12.93,-12.44,-1198.6,39.5,286.5
S5/M1/M5,GBP_USD,5/22/50,1,20.0,1470,987,483,-2469.4,-993.8,-12.93,-10.41,-1009.5,36.2,286.5
S5/M1/M5,GBP_USD,5/22/50,1,30.0,1388,930,458,-2485.7,-984.8,-13.02,-10.31,-1014.8,32.1,286.5
S5/M1/M5,GBP_USD,7/15/35,0,15.0,4,4,0,-677.7,0.0,-3.55,0.0,0.0,0.0,286.5
S5/M1/M5,GBP_USD,7/15/35,0,20.0,14,14,0,-175.4,0.0,-0.92,0.0,0.0,0.0,286.5
S5/M1/M5,GBP_USD,7/15/35,0,30.0,13,13,0,-375.7,0.0,-1.97,0.0,0.0,0.0,286.5
S5/M1/M5,GBP_USD,7/15/35,1,15.0,1877,1230,647,-2841.8,-1399.2,-14.88,-14.65,-1450.5,37.2,286.5
S5/M1/M5,GBP_USD,7/15/35,1,20.0,1776,1169,607,-2882.0,-1149.8,-15.09,-12.04,-1195.8,34.6,286.5
S5/M1/M5,GBP_USD,7/15/35,1,30.0,1689,1116,573,-2733.4,-1301.7,-14.31,-13.63,-1366.5,32.1,286.5
S5/M1/M5,GBP_USD,7/22/50,0,15.0,3,3,0,-691.3,0.0,-3.62,0.0,0.0,0.0,286.5
S5/M1/M5,GBP_USD,7/22/50,0,20.0,3,3,0,-681.3,0.0,-3.57,0.0,0.0,0.0,286.5
S5/M1/M5,GBP_USD,7/22/50,0,30.0,3,3,0,-661.3,0.0,-3.46,0.0,0.0,0.0,286.5
S5/M1/M5,GBP_USD,7/22/50,1,15.0,1586,1062,524,-2450.2,-1264.5,-12.83,-13.24,-1293.2,40.6,286.5
S5/M1/M5,GBP_USD,7/22/50,1,20.0,1479,992,487,-2481.7,-885.5,-12.99,-9.27,-936.0,38.6,286.5
S5/M1/M5,GBP_USD,7/22/50,1,30.0,1397,935,462,-2413.3,-1081.0,-12.64,-11.32,-1140.2,33.8,286.5
S5/M1/M5,GBP_USD,10/22/50,0,15.0,13,13,0,-251.4,0.0,-1.32,0.0,0.0,0.0,286.5
S5/M1/M5,GBP_USD,10/22/50,0,20.0,51,41,10,761.0,-259.8,3.98,-2.72,-426.8,90.0,286.5
S5/M1/M5,GBP_USD,10/22/50,0,30.0,12,12,0,-90.4,0.0,-0.47,0.0,0.0,0.0,286.5
S5/M1/M5,GBP_USD,10/22/50,1,15.0,1540,1027,513,-2078.3,-1338.6,-10.88,-14.02,-1387.9,41.3,286.5
S5/M1/M5,GBP_USD,10/22/50,1,20.0,1423,945,478,-2250.2,-1285.5,-11.78,-13.46,-1303.6,37.2,286.5
S5/M1/M5,GBP_USD,10/22/50,1,30.0,1333,882,451,-1975.8,-1009.0,-10.35,-10.57,-1045.0,34.1,286.5
S5/M1/M5,USD_JPY,5/10/22,0,15.0,201,122,79,1676.3,999.3,8.54,10.18,-72.4,98.7,294.5
S5/M1/M5,USD_JPY,5/10/22,0,20.0,91,91,0,300.9,0.0,1.53,0.0,0.0,0.0,294.5
S5/M1/M5,USD_JPY,5/10/22,0,30.0,54,54,0,-175.6,0.0,-0.89,0.0,0.0,0.0,294.5
S5/M1/M5,USD_JPY,5/10/22,1,15.0,2448,1641,807,-2513.2,-1648.3,-12.8,-16.79,-1665.1,36.3,294.5
S5/M1/M5,USD_JPY,5/10/22,1,20.0,2322,1548,774,-2314.4,-1673.2,-11.79,-17.05,-1695.0,32.7,294.5
S5/M1/M5,USD_JPY,5/10/22,1,30.0,2218,1473,745,-2279.7,-1757.2,-11.61,-17.9,-1788.9,30.9,294.5
S5/M1/M5,USD_JPY,5/15/35,0,15.0,39,39,0,-1440.2,0.0,-7.34,0.0,0.0,0.0,294.5
S5/M1/M5,USD_JPY,5/15/35,0,20.0,35,35,0,-1325.2,0.0,-6.75,0.0,0.0,0.0,294.5
S5/M1/M5,USD_JPY,5/15/35,0,30.0,26,26,0,-1243.8,0.0,-6.34,0.0,0.0,0.0,294.5
S5/M1/M5,USD_JPY,5/15/35,1,15.0,2069,1412,657,-1863.1,-1452.2,-9.49,-14.79,-1479.5,37.9,294.5
S5/M1/M5,USD_JPY,5/15/35,1,20.0,1962,1331,631,-1660.7,-1606.1,-8.46,-16.36,-1618.7,33.4,294.5
S5/M1/M5,USD_JPY,5/15/35,1,30.0,1845,1249,596,-1710.7,-1598.7,-8.71,-16.29,-1607.7,31.4,294.5
S5/M1/M5,USD_JPY,5/22/50,0,15.0,49,49,0,-1302.8,0.0,-6.64,0.0,0.0,0.0,294.5
S5/M1/M5,USD_JPY,5/22/50,0,20.0,69,69,0,-688.0,0.0,-3.5,0.0,0.0,0.0,294.5
S5/M1/M5,USD_JPY,5/22/50,0,30.0,37,37,0,-927.7,0.0,-4.73,0.0,0.0,0.0,294.5
S5/M1/M5,USD_JPY,5/22/50,1,15.0,1744,1205,539,-1214.3,-900.4,-6.19,-9.17,-915.3,42.5,294.5
S5/M1/M5,USD_JPY,5/22/50,1,20.0,1632,1121,511,-976.7,-1096.6,-4.98,-11.17,-1098.4,36.8,294.5
S5/M1/M5,USD_JPY,5/22/50,1,30.0,1516,1036,480,-739.1,-1093.3,-3.76,-11.14,-1095.2,33.5,294.5
S5/M1/M5,USD_JPY,7/15/35,0,15.0,30,30,0,-398.0,0.0,-2.03,0.0,0.0,0.0,294.5
S5/M1/M5,USD_JPY,7/15/35,0,20.0,22,22,0,-396.0,0.0,-2.02,0.0,0.0,0.0,294.5
S5/M1/M5,USD_JPY,7/15/35,0,30.0,17,17,0,-540.3,0.0,-2.75,0.0,0.0,0.0,294.5
S5/M1/M5,USD_JPY,7/15/35,1,15.0,2042,1396,646,-1383.5,-1529.7,-7.05,-15.58,-1544.5,39.0,294.5
S5/M1/M5,USD_JPY,7/15/35,1,20.0,1930,1309,621,-1210.7,-1623.3,-6.17,-16.54,-1613.0,34.3,294.5
S5/M1/M5,USD_JPY,7/15/35,1,30.0,1793,1210,583,-1444.6,-1586.4,-7.36,-16.16,-1576.0,32.9,294.5
S5/M1/M5,USD_JPY,7/22/50,0,15.0,49,49,0,-1299.1,0.0,-6.62,0.0,0.0,0.0,294.5
S5/M1/M5,USD_JPY,7/22/50,0,20.0,56,56,0,-928.0,0.0,-4.73,0.0,0.0,0.0,294.5
S5/M1/M5,USD_JPY,7/22/50,0,30.0,59,59,0,-31.9,0.0,-0.16,0.0,0.0,0.0,294.5
S5/M1/M5,USD_JPY,7/22/50,1,15.0,1799,1253,546,-963.8,-930.2,-4.91,-9.48,-943.9,43.8,294.5
S5/M1/M5,USD_JPY,7/22/50,1,20.0,1654,1139,515,-492.2,-1144.1,-2.51,-11.66,-1142.0,37.1,294.5
S5/M1/M5,USD_JPY,7/22/50,1,30.0,1527,1045,482,-530.3,-1293.4,-2.7,-13.18,-1291.4,32.6,294.5
S5/M1/M5,USD_JPY,10/22/50,0,15.0,147,147,0,724.9,0.0,3.69,0.0,0.0,0.0,294.5
S5/M1/M5,USD_JPY,10/22/50,0,20.0,39,39,0,-1221.7,0.0,-6.22,0.0,0.0,0.0,294.5
S5/M1/M5,USD_JPY,10/22/50,0,30.0,16,16,0,-569.1,0.0,-2.9,0.0,0.0,0.0,294.5
S5/M1/M5,USD_JPY,10/22/50,1,15.0,1725,1195,530,-657.2,-867.4,-3.35,-8.84,-885.1,45.7,294.5
S5/M1/M5,USD_JPY,10/22/50,1,20.0,1598,1094,504,-320.7,-1040.5,-1.63,-10.6,-1043.5,39.1,294.5
S5/M1/M5,USD_JPY,10/22/50,1,30.0,1459,993,466,-216.7,-964.5,-1.1,-9.83,-969.5,34.8,294.5
S5/M2/M10,EUR_JPY,5/10/22,0,15.0,94,94,0,-1200.4,0.0,-6.02,0.0,0.0,0.0,298.9
S5/M2/M10,EUR_JPY,5/10/22,0,20.0,64,64,0,-1277.8,0.0,-6.41,0.0,0.0,0.0,298.9
S5/M2/M10,EUR_JPY,5/10/22,0,30.0,17,17,0,-1989.1,0.0,-9.98,0.0,0.0,0.0,298.9
S5/M2/M10,EUR_JPY,5/10/22,1,15.0,1274,862,412,-1252.1,-583.2,-6.28,-5.85,-702.5,43.4,298.9
S5/M2/M10,EUR_JPY,5/10/22,1,20.0,1216,824,392,-1480.0,-532.2,-7.43,-5.34,-624.4,39.8,298.9
S5/M2/M10,EUR_JPY,5/10/22,1,30.0,1151,782,369,-1753.4,-525.2,-8.8,-5.27,-619.2,34.4,298.9
S5/M2/M10,EUR_JPY,5/15/35,0,15.0,15,15,0,-2398.0,0.0,-12.03,0.0,0.0,0.0,298.9
S5/M2/M10,EUR_JPY,5/15/35,0,20.0,90,90,0,-427.5,0.0,-2.15,0.0,0.0,0.0,298.9
S5/M2/M10,EUR_JPY,5/15/35,0,30.0,12,12,0,-2118.7,0.0,-10.63,0.0,0.0,0.0,298.9
S5/M2/M10,EUR_JPY,5/15/35,1,15.0,1091,744,347,-806.9,-765.2,-4.05,-7.68,-824.8,43.2,298.9
S5/M2/M10,EUR_JPY,5/15/35,1,20.0,1026,697,329,-796.9,-696.5,-4.0,-6.99,-768.7,38.3,298.9
S5/M2/M10,EUR_JPY,5/15/35,1,30.0,959,645,314,-1040.4,-752.6,-5.22,-7.55,-829.3,33.4,298.9
S5/M2/M10,EUR_JPY,5/22/50,0,15.0,136,136,0,269.2,0.0,1.35,0.0,0.0,0.0,298.9
S5/M2/M10,EUR_JPY,5/22/50,0,20.0,60,60,0,-1229.0,0.0,-6.17,0.0,0.0,0.0,298.9
S5/M2/M10,EUR_JPY,5/22/50,0,30.0,14,14,0,-2201.5,0.0,-11.05,0.0,0.0,0.0,298.9
S5/M2/M10,EUR_JPY,5/22/50,1,15.0,935,649,286,-730.2,-467.4,-3.66,-4.69,-587.8,49.7,298.9
S5/M2/M10,EUR_JPY,5/22/50,1,20.0,877,603,274,-776.3,-414.6,-3.9,-4.16,-574.1,44.2,298.9
S5/M2/M10,EUR_JPY,5/22/50,1,30.0,810,555,255,-937.9,-513.9,-4.71,-5.16,-711.5,37.3,298.9
S5/M2/M10,EUR_JPY,7/15/35,0,15.0,95,95,0,-820.0,0.0,-4.12,0.0,0.0,0.0,298.9
S5/M2/M10,EUR_JPY,7/15/35,0,20.0,73,73,0,-742.0,0.0,-3.72,0.0,0.0,0.0,298.9
S5/M2/M10,EUR_JPY,7/15/35,0,30.0,52,52,0,-978.7,0.0,-4.91,0.0,0.0,0.0,298.9
S5/M2/M10,EUR_JPY,7/15/35,1,15.0,1093,752,341,-374.2,-605.2,-1.88,-6.07,-793.7,47.8,298.9
S5/M2/M10,EUR_JPY,7/15/35,1,20.0,1014,698,316,-437.2,-571.0,-2.19,-5.73,-751.9,42.7,298.9
S5/M2/M10,EUR_JPY,7/15/35,1,30.0,943,644,299,-736.1,-721.1,-3.69,-7.24,-794.9,35.1,298.9
S5/M2/M10,EUR_JPY,7/22/50,0,15.0,127,127,0,377.6,0.0,1.9,0.0,0.0,0.0,298.9
S5/M2/M10,EUR_JPY,7/22/50,0,20.0,94,94,0,397.1,0.0,1.99,0.0,0.0,0.0,298.9
S5/M2/M10,EUR_JPY,7/22/50,0,30.0,13,13,0,-2234.1,0.0,-11.21,0.0,0.0,0.0,298.9
S5/M2/M10,EUR_JPY,7/22/50,1,15.0,973,681,292,-847.8,-245.0,-4.25,-2.46,-383.5,54.1,298.9
S5/M2/M10,EUR_JPY,7/22/50,1,20.0,906,632,274,-1107.5,-145.3,-5.56,-1.46,-364.8,48.5,298.9
S5/M2/M10,EUR_JPY,7/22/50,1,30.0,820,573,247,-1026.6,-208.9,-5.15,-2.1,-338.0,39.3,298.9
S5/M2/M10,EUR_JPY,10/22/50,0,15.0,100,100,0,-401.5,0.0,-2.02,0.0,0.0,0.0,298.9
S5/M2/M10,EUR_JPY,10/22/50,0,20.0,75,75,0,-369.0,0.0,-1.85,0.0,0.0,0.0,298.9
S5/M2/M10,EUR_JPY,10/22/50,0,30.0,16,16,0,-2148.6,0.0,-10.78,0.0,0.0,0.0,298.9
S5/M2/M10,EUR_JPY,10/22/50,1,15.0,946,656,290,-814.7,-265.2,-4.09,-2.66,-437.4,55.2,298.9
S5/M2/M10,EUR_JPY,10/22/50,1,20.0,880,604,276,-970.8,-244.2,-4.87,-2.45,-480.7,50.4,298.9
S5/M2/M10,EUR_JPY,10/22/50,1,30.0,786,539,247,-1159.0,-201.5,-5.82,-2.02,-442.7,42.9,298.9
S5/M2/M10,EUR_USD,5/10/22,0,15.0,179,120,59,1677.6,723.2,5.26,4.54,-87.6,98.3,478.2
S5/M2/M10,EUR_USD,5/10/22,0,20.0,138,60,78,1138.8,1350.2,3.57,8.47,-111.3,98.7,478.2
S5/M2/M10,EUR_USD,5/10/22,0,30.0,37,37,0,131.5,0.0,0.41,0.0,0.0,0.0,478.2
S5/M2/M10,EUR_USD,5/10/22,1,15.0,1953,1300,653,-1287.4,-1176.7,-4.04,-7.38,-1189.5,35.1,478.2
S5/M2/M10,EUR_USD,5/10/22,1,20.0,1876,1248,628,-1223.2,-1284.5,-3.84,-8.06,-1320.0,32.0,478.2
S5/M2/M10,EUR_USD,5/10/22,1,30.0,1793,1197,596,-1361.5,-1339.7,-4.27,-8.4,-1367.6,30.4,478.2
S5/M2/M10,EUR_USD,5/15/35,0,15.0,131,106,25,1481.9,247.9,4.65,1.56,-87.6,96.0,478.2
S5/M2/M10,EUR_USD,5/15/35,0,20.0,123,74,49,1404.5,799.8,4.41,5.02,-111.3,98.0,478.2
S5/M2/M10,EUR_USD,5/15/35,0,30.0,92,59,33,1709.8,893.8,5.36,5.61,-33.5,97.0,478.2
S5/M2/M10,EUR_USD,5/15/35,1,15.0,1623,1073,550,-1276.3,-761.1,-4.0,-4.77,-819.7,38.4,478.2
S5/M2/M10,EUR_USD,5/15/35,1,20.0,1528,1011,517,-1052.6,-880.1,-3.3,-5.52,-910.0,33.8,478.2
S5/M2/M10,EUR_USD,5/15/35,1,30.0,1442,956,486,-1259.7,-937.8,-3.95,-5.88,-978.7,32.5,478.2
S5/M2/M10,EUR_USD,5/22/50,0,15.0,145,91,54,1272.2,653.3,3.99,4.1,-87.6,98.1,478.2
S5/M2/M10,EUR_USD,5/22/50,0,20.0,64,64,0,861.7,0.0,2.7,0.0,0.0,0.0,478.2
S5/M2/M10,EUR_USD,5/22/50,0,30.0,28,28,0,-739.0,0.0,-2.32,0.0,0.0,0.0,478.2
S5/M2/M10,EUR_USD,5/22/50,1,15.0,1363,891,472,-1683.1,-963.5,-5.28,-6.04,-1025.7,39.4,478.2
S5/M2/M10,EUR_USD,5/22/50,1,20.0,1277,831,446,-1598.9,-1150.1,-5.02,-7.22,-1213.3,33.2,478.2
S5/M2/M10,EUR_USD,5/22/50,1,30.0,1175,772,403,-1577.0,-955.9,-4.95,-6.0,-1103.8,31.3,478.2
S5/M2/M10,EUR_USD,7/15/35,0,15.0,38,38,0,-1029.4,0.0,-3.23,0.0,0.0,0.0,478.2
S5/M2/M10,EUR_USD,7/15/35,0,20.0,154,92,62,1746.2,1046.5,5.48,6.57,-111.3,98.4,478.2
S5/M2/M10,EUR_USD,7/15/35,0,30.0,40,40,0,808.6,0.0,2.54,0.0,0.0,0.0,478.2
S5/M2/M10,EUR_USD,7/15/35,1,15.0,1610,1056,554,-1038.8,-863.4,-3.26,-5.42,-909.4,40.6,478.2
S5/M2/M10,EUR_USD,7/15/35,1,20.0,1516,997,519,-989.8,-1007.9,-3.1,-6.32,-1049.8,36.0,478.2
S5/M2/M10,EUR_USD,7/15/35,1,30.0,1431,942,489,-1302.8,-1129.6,-4.09,-7.09,-1180.4,32.7,478.2
S5/M2/M10,EUR_USD,7/22/50,0,15.0,67,67,0,-598.7,0.0,-1.88,0.0,0.0,0.0,478.2
S5/M2/M10,EUR_USD,7/22/50,0,20.0,62,62,0,823.8,0.0,2.58,0.0,0.0,0.0,478.2
S5/M2/M10,EUR_USD,7/22/50,0,30.0,24,24,0,-854.9,0.0,-2.68,0.0,0.0,0.0,478.2
S5/M2/M10,EUR_USD,7/22/50,1,15.0,1397,915,482,-1250.5,-985.1,-3.92,-6.18,-1024.5,40.9,478.2
S5/M2/M10,EUR_USD,7/22/50,1,20.0,1310,861,449,-1175.3,-972.2,-3.69,-6.1,-1037.6,35.4,478.2
S5/M2/M10,EUR_USD,7/22/50,1,30.0,1207,797,410,-1035.2,-1069.0,-3.25,-6.71,-1120.1,32.2,478.2
S5/M2/M10,EUR_USD,10/22/50,0,15.0,87,87,0,868.3,0.0,2.72,0.0,0.0,0.0,478.2
S5/M2/M10,EUR_USD,10/22/50,0,20.0,103,77,26,1461.5,222.2,4.58,1.39,-252.3,96.2,478.2
S5/M2/M10,EUR_USD,10/22/50,0,30.0,24,24,0,-317.1,0.0,-0.99,0.0,0.0,0.0,478.2
S5/M2/M10,EUR_USD,10/22/50,1,15.0,1360,884,476,-1933.7,-1015.4,-6.07,-6.37,-1044.3,40.8,478.2
S5/M2/M10,EUR_USD,10/22/50,1,20.0,1271,831,440,-1815.1,-912.5,-5.69,-5.73,-984.8,35.9,478.2
S5/M2/M10,EUR_USD,10/22/50,1,30.0,1166,764,402,-1740.1,-940.7,-5.46,-5.9,-1021.2,31.6,478.2
S5/M2/M10,GBP_JPY,5/10/22,0,15.0,135,135,0,82.2,0.0,0.41,0.0,0.0,0.0,303.1
S5/M2/M10,GBP_JPY,5/10/22,0,20.0,39,39,0,-1728.2,0.0,-8.55,0.0,0.0,0.0,303.1
S5/M2/M10,GBP_JPY,5/10/22,0,30.0,56,56,0,26.6,0.0,0.13,0.0,0.0,0.0,303.1
S5/M2/M10,GBP_JPY,5/10/22,1,15.0,1371,912,459,-2982.0,-1016.8,-14.76,-10.06,-1069.8,50.1,303.1
S5/M2/M10,GBP_JPY,5/10/22,1,20.0,1305,872,433,-2826.0,-1246.2,-13.99,-12.34,-1298.7,40.9,303.1
S5/M2/M10,GBP_JPY,5/10/22,1,30.0,1228,820,408,-2423.9,-1231.4,-12.0,-12.19,-1323.2,34.6,303.1
S5/M2/M10,GBP_JPY,5/15/35,0,15.0,111,111,0,-220.2,0.0,-1.09,0.0,0.0,0.0,303.1
S5/M2/M10,GBP_JPY,5/15/35,0,20.0,144,144,0,1025.4,0.0,5.07,0.0,0.0,0.0,303.1
S5/M2/M10,GBP_JPY,5/15/35,0,30.0,46,46,0,-820.3,0.0,-4.06,0.0,0.0,0.0,303.1
S5/M2/M10,GBP_JPY,5/15/35,1,15.0,1181,787,394,-2555.1,-1170.9,-12.65,-11.59,-1286.8,53.6,303.1
S5/M2/M10,GBP_JPY,5/15/35,1,20.0,1111,739,372,-2221.2,-1383.2,-10.99,-13.69,-1434.6,44.6,303.1
S5/M2/M10,GBP_JPY,5/15/35,1,30.0,1033,686,347,-2277.8,-1354.7,-11.27,-13.41,-1579.3,38.6,303.1
S5/M2/M10,GBP_JPY,5/22/50,0,15.0,48,48,0,-1975.1,0.0,-9.78,0.0,0.0,0.0,303.1
S5/M2/M10,GBP_JPY,5/22/50,0,20.0,33,33,0,-2230.0,0.0,-11.04,0.0,0.0,0.0,303.1
S5/M2/M10,GBP_JPY,5/22/50,0,30.0,30,30,0,-1992.8,0.0,-9.86,0.0,0.0,0.0,303.1
S5/M2/M10,GBP_JPY,5/22/50,1,15.0,994,670,324,-2238.1,-791.0,-11.08,-7.83,-968.2,59.0,303.1
S5/M2/M10,GBP_JPY,5/22/50,1,20.0,933,632,301,-2179.9,-1182.9,-10.79,-11.71,-1287.8,47.5,303.1
S5/M2/M10,GBP_JPY,5/22/50,1,30.0,866,582,284,-1933.9,-1564.9,-9.57,-15.49,-1768.8,37.7,303.1
S5/M2/M10,GBP_JPY,7/15/35,0,15.0,143,143,0,183.0,0.0,0.91,0.0,0.0,0.0,303.1
S5/M2/M10,GBP_JPY,7/15/35,0,20.0,107,107,0,374.2,0.0,1.85,0.0,0.0,0.0,303.1
S5/M2/M10,GBP_JPY,7/15/35,0,30.0,96,96,0,1031.3,0.0,5.1,0.0,0.0,0.0,303.1
S5/M2/M10,GBP_JPY,7/15/35,1,15.0,1164,775,389,-1719.9,-784.0,-8.51,-7.76,-891.7,57.1,303.1
S5/M2/M10,GBP_JPY,7/15/35,1,20.0,1087,720,367,-1604.3,-1000.2,-7.94,-9.9,-1047.3,47.4,303.1
S5/M2/M10,GBP_JPY,7/15/35,1,30.0,1006,667,339,-1547.5,-999.5,-7.66,-9.89,-1114.7,39.8,303.1
S5/M2/M10,GBP_JPY,7/22/50,0,15.0,57,57,0,-1861.7,0.0,-9.21,0.0,0.0,0.0,303.1
S5/M2/M10,GBP_JPY,7/22/50,0,20.0,50,50,0,-1704.9,0.0,-8.44,0.0,0.0,0.0,303.1
S5/M2/M10,GBP_JPY,7/22/50,0,30.0,40,40,0,-1490.9,0.0,-7.38,0.0,0.0,0.0,303.1
S5/M2/M10,GBP_JPY,7/22/50,1,15.0,1027,688,339,-2310.6,-791.4,-11.44,-7.83,-869.3,59.0,303.1
S5/M2/M10,GBP_JPY,7/22/50,1,20.0,952,640,312,-2520.4,-1057.4,-12.47,-10.47,-1175.9,49.7,303.1
S5/M2/M10,GBP_JPY,7/22/50,1,30.0,883,588,295,-2612.5,-1368.2,-12.93,-13.54,-1544.9,38.3,303.1
S5/M2/M10,GBP_JPY,10/22/50,0,15.0,60,60,0,-1832.9,0.0,-9.07,0.0,0.0,0.0,303.1
S5/M2/M10,GBP_JPY,10/22/50,0,20.0,33,33,0,-2230.0,0.0,-11.04,0.0,0.0,0.0,303.1
S5/M2/M10,GBP_JPY,10/22/50,0,30.0,37,37,0,-1799.6,0.0,-8.91,0.0,0.0,0.0,303.1
S5/M2/M10,GBP_JPY,10/22/50,1,15.0,1000,664,336,-2150.2,-1036.4,-10.64,-10.26,-1159.6,59.5,303.1
S5/M2/M10,GBP_JPY,10/22/50,1,20.0,929,620,309,-2814.8,-1128.6,-13.93,-11.17,-1298.6,50.8,303.1
S5/M2/M10,GBP_JPY,10/22/50,1,30.0,850,566,284,-2961.5,-1334.0,-14.66,-13.2,-1546.3,41.2,303.1
S5/M2/M10,GBP_USD,5/10/22,0,15.0,13,13,0,-552.8,0.0,-2.89,0.0,0.0,0.0,286.5
S5/M2/M10,GBP_USD,5/10/22,0,20.0,66,65,1,1206.4,-253.9,6.32,-2.66,0.0,0.0,286.5
S5/M2/M10,GBP_USD,5/10/22,0,30.0,9,9,0,-487.1,0.0,-2.55,0.0,0.0,0.0,286.5
S5/M2/M10,GBP_USD,5/10/22,1,15.0,1218,789,429,-1515.7,-1046.7,-7.94,-10.96,-1159.5,41.5,286.5
S5/M2/M10,GBP_USD,5/10/22,1,20.0,1162,754,408,-1404.6,-691.8,-7.35,-7.25,-885.8,39.7,286.5
S5/M2/M10,GBP_USD,5/10/22,1,30.0,1105,723,382,-1283.1,-712.2,-6.72,-7.46,-969.8,36.4,286.5
S5/M2/M10,GBP_USD,5/15/35,0,15.0,10,10,0,-593.5,0.0,-3.11,0.0,0.0,0.0,286.5
S5/M2/M10,GBP_USD,5/15/35,0,20.0,137,106,31,1967.4,439.7,10.3,4.6,-117.1,96.8,286.5
S5/M2/M10,GBP_USD,5/15/35,0,30.0,90,58,32,1656.5,768.2,8.67,8.05,-117.1,96.9,286.5
S5/M2/M10,GBP_USD,5/15/35,1,15.0,1032,666,366,-1777.2,-897.9,-9.31,-9.4,-918.6,42.3,286.5
S5/M2/M10,GBP_USD,5/15/35,1,20.0,987,642,345,-1526.7,-695.7,-7.99,-7.29,-779.1,39.1,286.5
S5/M2/M10,GBP_USD,5/15/35,1,30.0,911,595,316,-1450.2,-582.3,-7.59,-6.1,-700.6,36.1,286.5
S5/M2/M10,GBP_USD,5/22/50,0,15.0,8,8,0,-620.6,0.0,-3.25,0.0,0.0,0.0,286.5
S5/M2/M10,GBP_USD,5/22/50,0,20.0,8,8,0,-585.6,0.0,-3.07,0.0,0.0,0.0,286.5
S5/M2/M10,GBP_USD,5/22/50,0,30.0,7,7,0,-544.2,0.0,-2.85,0.0,0.0,0.0,286.5
S5/M2/M10,GBP_USD,5/22/50,1,15.0,867,563,304,-1240.0,-984.2,-6.49,-10.31,-1189.0,46.1,286.5
S5/M2/M10,GBP_USD,5/22/50,1,20.0,813,531,282,-1118.7,-819.6,-5.86,-8.58,-1138.8,41.8,286.5
S5/M2/M10,GBP_USD,5/22/50,1,30.0,752,495,257,-969.3,-733.3,-5.08,-7.68,-1156.6,37.0,286.5
S5/M2/M10,GBP_USD,7/15/35,0,15.0,10,10,0,-593.5,0.0,-3.11,0.0,0.0,0.0,286.5
S5/M2/M10,GBP_USD,7/15/35,0,20.0,131,116,15,2153.0,5.9,11.27,0.06,-253.9,93.3,286.5
S5/M2/M10,GBP_USD,7/15/35,0,30.0,65,53,12,1513.7,-84.5,7.93,-0.88,-398.6,91.7,286.5
S5/M2/M10,GBP_USD,7/15/35,1,15.0,1015,664,351,-1477.1,-1066.6,-7.73,-11.17,-1113.8,45.6,286.5
S5/M2/M10,GBP_USD,7/15/35,1,20.0,954,626,328,-1550.6,-993.4,-8.12,-10.4,-1099.6,40.2,286.5
S5/M2/M10,GBP_USD,7/15/35,1,30.0,886,585,301,-1315.1,-783.3,-6.89,-8.2,-997.7,35.9,286.5
S5/M2/M10,GBP_USD,7/22/50,0,15.0,9,9,0,-607.1,0.0,-3.18,0.0,0.0,0.0,286.5
S5/M2/M10,GBP_USD,7/22/50,0,20.0,21,21,0,-344.3,0.0,-1.8,0.0,0.0,0.0,286.5
S5/M2/M10,GBP_USD,7/22/50,0,30.0,19,19,0,-201.5,0.0,-1.05,0.0,0.0,0.0,286.5
S5/M2/M10,GBP_USD,7/22/50,1,15.0,885,561,324,-1429.9,-1004.7,-7.49,-10.52,-1204.9,48.1,286.5
S5/M2/M10,GBP_USD,7/22/50,1,20.0,825,523,302,-1396.9,-1153.0,-7.31,-12.08,-1338.2,40.7,286.5
S5/M2/M10,GBP_USD,7/22/50,1,30.0,755,483,272,-1342.0,-907.9,-7.03,-9.51,-1229.7,38.2,286.5
S5/M2/M10,GBP_USD,10/22/50,0,15.0,9,9,0,-607.1,0.0,-3.18,0.0,0.0,0.0,286.5
S5/M2/M10,GBP_USD,10/22/50,0,20.0,23,23,0,-307.2,0.0,-1.61,0.0,0.0,0.0,286.5
S5/M2/M10,GBP_USD,10/22/50,0,30.0,7,7,0,-544.2,0.0,-2.85,0.0,0.0,0.0,286.5
S5/M2/M10,GBP_USD,10/22/50,1,15.0,858,542,316,-1203.8,-835.5,-6.3,-8.75,-915.8,48.1,286.5
S5/M2/M10,GBP_USD,10/22/50,1,20.0,799,503,296,-1470.2,-853.4,-7.7,-8.94,-942.8,41.2,286.5
S5/M2/M10,GBP_USD,10/22/50,1,30.0,724,459,265,-1205.3,-733.3,-6.31,-7.68,-964.4,36.6,286.5
S5/M2/M10,USD_JPY,5/10/22,0,15.0,89,89,0,-581.4,0.0,-2.96,0.0,0.0,0.0,294.5
S5/M2/M10,USD_JPY,5/10/22,0,20.0,91,91,0,-40.2,0.0,-0.2,0.0,0.0,0.0,294.5
S5/M2/M10,USD_JPY,5/10/22,0,30.0,123,111,12,3190.1,-401.6,16.25,-4.09,-717.8,91.7,294.5
S5/M2/M10,USD_JPY,5/10/22,1,15.0,1316,896,420,-1064.3,-750.5,-5.42,-7.65,-763.1,45.5,294.5
S5/M2/M10,USD_JPY,5/10/22,1,20.0,1254,855,399,-735.0,-678.8,-3.74,-6.92,-703.5,40.6,294.5
S5/M2/M10,USD_JPY,5/10/22,1,30.0,1182,808,374,-799.6,-639.4,-4.07,-6.51,-652.0,35.6,294.5
S5/M2/M10,USD_JPY,5/15/35,0,15.0,76,76,0,-760.0,0.0,-3.87,0.0,0.0,0.0,294.5
S5/M2/M10,USD_JPY,5/15/35,0,20.0,112,112,0,689.2,0.0,3.51,0.0,0.0,0.0,294.5
S5/M2/M10,USD_JPY,5/15/35,0,30.0,44,44,0,-703.4,0.0,-3.58,0.0,0.0,0.0,294.5
S5/M2/M10,USD_JPY,5/15/35,1,15.0,1154,785,369,-588.3,-690.1,-3.0,-7.03,-744.7,49.1,294.5
S5/M2/M10,USD_JPY,5/15/35,1,20.0,1082,737,345,-517.6,-617.0,-2.64,-6.29,-678.1,43.8,294.5
S5/M2/M10,USD_JPY,5/15/35,1,30.0,1003,682,321,-242.0,-654.4,-1.23,-6.67,-692.4,36.4,294.5
S5/M2/M10,USD_JPY,5/22/50,0,15.0,222,189,33,2596.9,370.6,13.23,3.78,-69.1,97.0,294.5
S5/M2/M10,USD_JPY,5/22/50,0,20.0,161,140,21,2623.6,-337.2,13.36,-3.44,-712.0,95.2,294.5
S5/M2/M10,USD_JPY,5/22/50,0,30.0,53,53,0,-296.0,0.0,-1.51,0.0,0.0,0.0,294.5
S5/M2/M10,USD_JPY,5/22/50,1,15.0,985,664,321,-719.5,-474.7,-3.66,-4.84,-529.6,53.3,294.5
S5/M2/M10,USD_JPY,5/22/50,1,20.0,928,629,299,-486.7,-604.7,-2.48,-6.16,-647.2,43.8,294.5
S5/M2/M10,USD_JPY,5/22/50,1,30.0,847,572,275,-329.0,-318.3,-1.68,-3.24,-477.8,38.5,294.5
S5/M2/M10,USD_JPY,7/15/35,0,15.0,102,102,0,-402.8,0.0,-2.05,0.0,0.0,0.0,294.5
S5/M2/M10,USD_JPY,7/15/35,0,20.0,76,76,0,-390.8,0.0,-1.99,0.0,0.0,0.0,294.5
S5/M2/M10,USD_JPY,7/15/35,0,30.0,43,43,0,-568.5,0.0,-2.9,0.0,0.0,0.0,294.5
S5/M2/M10,USD_JPY,7/15/35,1,15.0,1118,766,352,-245.0,-396.0,-1.25,-4.03,-421.1,51.1,294.5
S5/M2/M10,USD_JPY,7/15/35,1,20.0,1048,720,328,81.5,-637.1,0.42,-6.49,-656.2,43.9,294.5
S5/M2/M10,USD_JPY,7/15/35,1,30.0,961,657,304,227.0,-660.4,1.16,-6.73,-753.1,37.5,294.5
S5/M2/M10,USD_JPY,7/22/50,0,15.0,94,71,23,975.5,-424.8,4.97,-4.33,-727.1,95.7,294.5
S5/M2/M10,USD_JPY,7/22/50,0,20.0,40,40,0,-61.5,0.0,-0.31,0.0,0.0,0.0,294.5
S5/M2/M10,USD_JPY,7/22/50,0,30.0,45,38,7,1092.1,-554.6,5.56,-5.65,-727.1,85.7,294.5
S5/M2/M10,USD_JPY,7/22/50,1,15.0,988,682,306,-342.3,-103.7,-1.74,-1.06,-414.1,56.5,294.5
S5/M2/M10,USD_JPY,7/22/50,1,20.0,917,636,281,-132.2,-433.6,-0.67,-4.42,-638.2,47.7,294.5
S5/M2/M10,USD_JPY,7/22/50,1,30.0,836,579,257,-230.4,-36.5,-1.17,-0.37,-364.0,43.2,294.5
S5/M2/M10,USD_JPY,10/22/50,0,15.0,162,162,0,1420.8,0.0,7.24,0.0,0.0,0.0,294.5
S5/M2/M10,USD_JPY,10/22/50,0,20.0,122,122,0,989.9,0.0,5.04,0.0,0.0,0.0,294.5
S5/M2/M10,USD_JPY,10/22/50,0,30.0,27,27,0,-44.1,0.0,-0.22,0.0,0.0,0.0,294.5
S5/M2/M10,USD_JPY,10/22/50,1,15.0,981,666,315,-954.2,-465.9,-4.86,-4.75,-593.9,55.2,294.5
S5/M2/M10,USD_JPY,10/22/50,1,20.0,899,617,282,-565.4,-561.1,-2.88,-5.72,-729.7,47.2,294.5
S5/M2/M10,USD_JPY,10/22/50,1,30.0,816,555,261,-388.3,-316.4,-1.98,-3.22,-607.8,40.6,294.5
S5/M5/M15,EUR_JPY,5/10/22,0,15.0,53,53,0,-1550.1,0.0,-7.78,0.0,0.0,0.0,298.9
S5/M5/M15,EUR_JPY,5/10/22,0,20.0,23,23,0,-2018.7,0.0,-10.13,0.0,0.0,0.0,298.9
S5/M5/M15,EUR_JPY,5/10/22,0,30.0,33,33,0,-1334.2,0.0,-6.7,0.0,0.0,0.0,298.9
S5/M5/M15,EUR_JPY,5/10/22,1,15.0,723,484,239,-1113.8,-119.0,-5.59,-1.19,-512.8,50.6,298.9
S5/M5/M15,EUR_JPY,5/10/22,1,20.0,692,461,231,-816.6,-254.3,-4.1,-2.55,-477.0,45.5,298.9
S5/M5/M15,EUR_JPY,5/10/22,1,30.0,658,439,219,-590.4,-362.0,-2.96,-3.63,-539.5,39.7,298.9
S5/M5/M15,EUR_JPY,5/15/35,0,15.0,83,83,0,-1145.1,0.0,-5.75,0.0,0.0,0.0,298.9
S5/M5/M15,EUR_JPY,5/15/35,0,20.0,78,78,0,93.9,0.0,0.47,0.0,0.0,0.0,298.9
S5/M5/M15,EUR_JPY,5/15/35,0,30.0,18,18,0,-1929.6,0.0,-9.68,0.0,0.0,0.0,298.9
S5/M5/M15,EUR_JPY,5/15/35,1,15.0,622,420,202,-774.5,-198.4,-3.89,-1.99,-301.0,51.0,298.9
S5/M5/M15,EUR_JPY,5/15/35,1,20.0,589,394,195,-554.1,-179.8,-2.78,-1.81,-286.2,47.2,298.9
S5/M5/M15,EUR_JPY,5/15/35,1,30.0,562,379,183,-354.7,-178.4,-1.78,-1.79,-289.2,41.0,298.9
S5/M5/M15,EUR_JPY,5/22/50,0,15.0,26,26,0,-1914.6,0.0,-9.61,0.0,0.0,0.0,298.9
S5/M5/M15,EUR_JPY,5/22/50,0,20.0,16,16,0,-2145.1,0.0,-10.77,0.0,0.0,0.0,298.9
S5/M5/M15,EUR_JPY,5/22/50,0,30.0,15,15,0,-2023.6,0.0,-10.16,0.0,0.0,0.0,298.9
S5/M5/M15,EUR_JPY,5/22/50,1,15.0,485,326,159,-246.0,-2.0,-1.23,-0.02,-237.3,57.9,298.9
S5/M5/M15,EUR_JPY,5/22/50,1,20.0,454,302,152,98.0,-292.7,0.49,-2.94,-398.4,49.3,298.9
S5/M5/M15,EUR_JPY,5/22/50,1,30.0,420,284,136,-35.0,18.5,-0.18,0.19,-308.1,42.6,298.9
S5/M5/M15,EUR_JPY,7/15/35,0,15.0,78,78,0,-1212.6,0.0,-6.09,0.0,0.0,0.0,298.9
S5/M5/M15,EUR_JPY,7/15/35,0,20.0,34,34,0,-1713.5,0.0,-8.6,0.0,0.0,0.0,298.9
S5/M5/M15,EUR_JPY,7/15/35,0,30.0,39,39,0,-1169.1,0.0,-5.87,0.0,0.0,0.0,298.9
S5/M5/M15,EUR_JPY,7/15/35,1,15.0,612,403,209,-138.4,-310.1,-0.69,-3.11,-461.6,53.1,298.9
S5/M5/M15,EUR_JPY,7/15/35,1,20.0,580,381,199,13.9,-66.0,0.07,-0.66,-326.3,50.3,298.9
S5/M5/M15,EUR_JPY,7/15/35,1,30.0,541,357,184,450.7,-268.0,2.26,-2.69,-376.3,44.0,298.9
S5/M5/M15,EUR_JPY,7/22/50,0,15.0,27,27,0,-1901.1,0.0,-9.54,0.0,0.0,0.0,298.9
S5/M5/M15,EUR_JPY,7/22/50,0,20.0,35,35,0,-1623.1,0.0,-8.15,0.0,0.0,0.0,298.9
S5/M5/M15,EUR_JPY,7/22/50,0,30.0,28,28,0,-1476.7,0.0,-7.41,0.0,0.0,0.0,298.9
S5/M5/M15,EUR_JPY,7/22/50,1,15.0,516,346,170,-103.8,61.5,-0.52,0.62,-229.6,61.2,298.9
S5/M5/M15,EUR_JPY,7/22/50,1,20.0,488,325,163,58.9,-8.9,0.3,-0.09,-309.3,53.4,298.9
S5/M5/M15,EUR_JPY,7/22/50,1,30.0,446,298,148,79.6,158.7,0.4,1.59,-232.1,46.6,298.9
S5/M5/M15,EUR_JPY,10/22/50,0,15.0,24,24,0,-1941.6,0.0,-9.74,0.0,0.0,0.0,298.9
S5/M5/M15,EUR_JPY,10/22/50,0,20.0,23,23,0,-1917.0,0.0,-9.62,0.0,0.0,0.0,298.9
S5/M5/M15,EUR_JPY,10/22/50,0,30.0,23,23,0,-1619.2,0.0,-8.13,0.0,0.0,0.0,298.9
S5/M5/M15,EUR_JPY,10/22/50,1,15.0,470,314,156,-291.7,-216.7,-1.46,-2.18,-329.7,58.3,298.9
S5/M5/M15,EUR_JPY,10/22/50,1,20.0,441,289,152,-26.0,-562.1,-0.13,-5.64,-600.4,48.0,298.9
S5/M5/M15,EUR_JPY,10/22/50,1,30.0,409,271,138,-131.3,-372.1,-0.66,-3.73,-503.4,42.0,298.9
S5/M5/M15,EUR_USD,5/10/22,0,15.0,67,67,0,-25.9,0.0,-0.08,0.0,0.0,0.0,478.2
S5/M5/M15,EUR_USD,5/10/22,0,20.0,35,35,0,-303.3,0.0,-0.95,0.0,0.0,0.0,478.2
S5/M5/M15,EUR_USD,5/10/22,0,30.0,26,26,0,-268.7,0.0,-0.84,0.0,0.0,0.0,478.2
S5/M5/M15,EUR_USD,5/10/22,1,15.0,1126,753,373,-1430.1,-860.3,-4.49,-5.4,-913.3,36.7,478.2
S5/M5/M15,EUR_USD,5/10/22,1,20.0,1078,720,358,-1772.7,-898.9,-5.56,-5.64,-958.1,32.7,478.2
S5/M5/M15,EUR_USD,5/10/22,1,30.0,1045,698,347,-1641.6,-809.4,-5.15,-5.08,-925.3,31.1,478.2
S5/M5/M15,EUR_USD,5/15/35,0,15.0,80,80,0,-356.6,0.0,-1.12,0.0,0.0,0.0,478.2
S5/M5/M15,EUR_USD,5/15/35,0,20.0,62,62,0,209.2,0.0,0.66,0.0,0.0,0.0,478.2
S5/M5/M15,EUR_USD,5/15/35,0,30.0,48,48,0,760.5,0.0,2.39,0.0,0.0,0.0,478.2
S5/M5/M15,EUR_USD,5/15/35,1,15.0,932,630,302,-953.0,-922.9,-2.99,-5.79,-1016.7,37.7,478.2
S5/M5/M15,EUR_USD,5/15/35,1,20.0,890,605,285,-1004.3,-841.0,-3.15,-5.28,-963.5,33.7,478.2
S5/M5/M15,EUR_USD,5/15/35,1,30.0,839,566,273,-966.6,-765.1,-3.03,-4.8,-950.9,31.1,478.2
S5/M5/M15,EUR_USD,5/22/50,0,15.0,87,87,0,253.7,0.0,0.8,0.0,0.0,0.0,478.2
S5/M5/M15,EUR_USD,5/22/50,0,20.0,77,69,8,1309.6,-146.4,4.11,-0.92,-279.3,87.5,478.2
S5/M5/M15,EUR_USD,5/22/50,0,30.0,15,15,0,-424.2,0.0,-1.33,0.0,0.0,0.0,478.2
S5/M5/M15,EUR_USD,5/22/50,1,15.0,763,508,255,-964.5,-661.1,-3.03,-4.15,-693.4,43.1,478.2
S5/M5/M15,EUR_USD,5/22/50,1,20.0,712,480,232,-955.3,-626.0,-3.0,-3.93,-649.3,35.8,478.2
S5/M5/M15,EUR_USD,5/22/50,1,30.0,670,449,221,-1101.5,-338.8,-3.46,-2.13,-475.8,33.5,478.2
S5/M5/M15,EUR_USD,7/15/35,0,15.0,144,118,26,1649.6,165.3,5.17,1.04,-184.2,96.2,478.2
S5/M5/M15,EUR_USD,7/15/35,0,20.0,50,50,0,269.6,0.0,0.85,0.0,0.0,0.0,478.2
S5/M5/M15,EUR_USD,7/15/35,0,30.0,21,21,0,-80.8,0.0,-0.25,0.0,0.0,0.0,478.2
S5/M5/M15,EUR_USD,7/15/35,1,15.0,911,613,298,-1207.3,-811.6,-3.79,-5.09,-932.6,40.6,478.2
S5/M5/M15,EUR_USD,7/15/35,1,20.0,864,584,280,-1205.5,-715.7,-3.78,-4.49,-894.9,36.8,478.2
S5/M5/M15,EUR_USD,7/15/35,1,30.0,818,547,271,-1041.7,-560.3,-3.27,-3.52,-760.0,33.6,478.2
S5/M5/M15,EUR_USD,7/22/50,0,15.0,76,76,0,47.3,0.0,0.15,0.0,0.0,0.0,478.2
S5/M5/M15,EUR_USD,7/22/50,0,20.0,42,42,0,448.1,0.0,1.41,0.0,0.0,0.0,478.2
S5/M5/M15,EUR_USD,7/22/50,0,30.0,53,33,20,956.3,480.6,3.0,3.02,-70.0,95.0,478.2
S5/M5/M15,EUR_USD,7/22/50,1,15.0,805,540,265,-1139.3,-372.2,-3.57,-2.34,-507.6,47.2,478.2
S5/M5/M15,EUR_USD,7/22/50,1,20.0,756,510,246,-1206.6,-314.9,-3.79,-1.98,-495.3,40.7,478.2
S5/M5/M15,EUR_USD,7/22/50,1,30.0,700,466,234,-1009.4,-247.5,-3.17,-1.55,-369.3,34.6,478.2
S5/M5/M15,EUR_USD,10/22/50,0,15.0,71,71,0,17.9,0.0,0.06,0.0,0.0,0.0,478.2
S5/M5/M15,EUR_USD,10/22/50,0,20.0,50,50,0,599.9,0.0,1.88,0.0,0.0,0.0,478.2
S5/M5/M15,EUR_USD,10/22/50,0,30.0,41,41,0,829.1,0.0,2.6,0.0,0.0,0.0,478.2
S5/M5/M15,EUR_USD,10/22/50,1,15.0,699,463,236,-828.9,-310.1,-2.6,-1.95,-417.9,51.3,478.2
S5/M5/M15,EUR_USD,10/22/50,1,20.0,660,440,220,-699.0,-342.3,-2.19,-2.15,-396.1,43.6,478.2
S5/M5/M15,EUR_USD,10/22/50,1,30.0,612,409,203,-790.1,-394.4,-2.48,-2.47,-431.5,36.0,478.2
S5/M5/M15,GBP_JPY,5/10/22,0,15.0,83,83,0,-803.1,0.0,-3.97,0.0,0.0,0.0,303.1
S5/M5/M15,GBP_JPY,5/10/22,0,20.0,72,72,0,-586.7,0.0,-2.9,0.0,0.0,0.0,303.1
S5/M5/M15,GBP_JPY,5/10/22,0,30.0,23,23,0,-1758.6,0.0,-8.7,0.0,0.0,0.0,303.1
S5/M5/M15,GBP_JPY,5/10/22,1,15.0,758,498,260,-1643.0,-671.8,-8.13,-6.65,-830.8,55.4,303.1
S5/M5/M15,GBP_JPY,5/10/22,1,20.0,725,476,249,-1396.7,-826.8,-6.91,-8.18,-977.4,46.6,303.1
S5/M5/M15,GBP_JPY,5/10/22,1,30.0,695,459,236,-1199.0,-646.4,-5.93,-6.4,-877.2,41.9,303.1
S5/M5/M15,GBP_JPY,5/15/35,0,15.0,34,34,0,-2248.2,0.0,-11.13,0.0,0.0,0.0,303.1
S5/M5/M15,GBP_JPY,5/15/35,0,20.0,24,24,0,-2244.0,0.0,-11.11,0.0,0.0,0.0,303.1
S5/M5/M15,GBP_JPY,5/15/35,0,30.0,22,22,0,-1786.2,0.0,-8.84,0.0,0.0,0.0,303.1
S5/M5/M15,GBP_JPY,5/15/35,1,15.0,662,436,226,-599.0,-472.7,-2.96,-4.68,-456.3,58.8,303.1
S5/M5/M15,GBP_JPY,5/15/35,1,20.0,631,414,217,-873.6,-467.6,-4.32,-4.63,-438.6,51.6,303.1
S5/M5/M15,GBP_JPY,5/15/35,1,30.0,591,387,204,-937.3,-441.4,-4.64,-4.37,-525.5,42.6,303.1
S5/M5/M15,GBP_JPY,5/22/50,0,15.0,29,29,0,-2311.2,0.0,-11.44,0.0,0.0,0.0,303.1
S5/M5/M15,GBP_JPY,5/22/50,0,20.0,22,22,0,-2294.4,0.0,-11.36,0.0,0.0,0.0,303.1
S5/M5/M15,GBP_JPY,5/22/50,0,30.0,25,25,0,-1472.1,0.0,-7.29,0.0,0.0,0.0,303.1
S5/M5/M15,GBP_JPY,5/22/50,1,15.0,515,339,176,-1446.6,-230.2,-7.16,-2.28,-351.8,65.3,303.1
S5/M5/M15,GBP_JPY,5/22/50,1,20.0,483,318,165,-1388.1,-525.5,-6.87,-5.2,-591.4,53.3,303.1
S5/M5/M15,GBP_JPY,5/22/50,1,30.0,458,305,153,-1756.1,-468.6,-8.69,-4.64,-581.0,45.1,303.1
S5/M5/M15,GBP_JPY,7/15/35,0,15.0,147,147,0,674.4,0.0,3.34,0.0,0.0,0.0,303.1
S5/M5/M15,GBP_JPY,7/15/35,0,20.0,117,117,0,676.6,0.0,3.35,0.0,0.0,0.0,303.1
S5/M5/M15,GBP_JPY,7/15/35,0,30.0,20,20,0,-1841.4,0.0,-9.11,0.0,0.0,0.0,303.1
S5/M5/M15,GBP_JPY,7/15/35,1,15.0,648,429,219,-1228.5,-845.0,-6.08,-8.36,-828.6,60.3,303.1
S5/M5/M15,GBP_JPY,7/15/35,1,20.0,602,394,208,-1028.5,-839.4,-5.09,-8.31,-835.8,53.4,303.1
S5/M5/M15,GBP_JPY,7/15/35,1,30.0,559,373,186,-1523.8,-807.6,-7.54,-7.99,-794.0,44.6,303.1
S5/M5/M15,GBP_JPY,7/22/50,0,15.0,30,30,0,-2295.9,0.0,-11.36,0.0,0.0,0.0,303.1
S5/M5/M15,GBP_JPY,7/22/50,0,20.0,22,22,0,-2291.7,0.0,-11.34,0.0,0.0,0.0,303.1
S5/M5/M15,GBP_JPY,7/22/50,0,30.0,9,9,0,-2342.4,0.0,-11.59,0.0,0.0,0.0,303.1
S5/M5/M15,GBP_JPY,7/22/50,1,15.0,574,377,197,-1715.0,-648.6,-8.49,-6.42,-669.6,60.9,303.1
S5/M5/M15,GBP_JPY,7/22/50,1,20.0,544,356,188,-1677.9,-733.1,-8.3,-7.26,-828.4,53.7,303.1
S5/M5/M15,GBP_JPY,7/22/50,1,30.0,504,334,170,-2376.3,-831.1,-11.76,-8.23,-918.6,44.7,303.1
S5/M5/M15,GBP_JPY,10/22/50,0,15.0,161,128,33,1612.8,358.5,7.98,3.55,-44.7,97.0,303.1
S5/M5/M15,GBP_JPY,10/22/50,0,20.0,13,13,0,-2352.0,0.0,-11.64,0.0,0.0,0.0,303.1
S5/M5/M15,GBP_JPY,10/22/50,0,30.0,11,11,0,-2287.2,0.0,-11.32,0.0,0.0,0.0,303.1
S5/M5/M15,GBP_JPY,10/22/50,1,15.0,497,337,160,-1577.3,-472.3,-7.81,-4.68,-487.7,67.5,303.1
S5/M5/M15,GBP_JPY,10/22/50,1,20.0,468,317,151,-1805.8,-562.5,-8.94,-5.57,-654.0,58.3,303.1
S5/M5/M15,GBP_JPY,10/22/50,1,30.0,440,303,137,-1973.9,-331.9,-9.77,-3.29,-642.5,51.1,303.1
S5/M5/M15,GBP_USD,5/10/22,0,15.0,5,5,0,-638.7,0.0,-3.34,0.0,0.0,0.0,286.5
S5/M5/M15,GBP_USD,5/10/22,0,20.0,6,6,0,-575.7,0.0,-3.01,0.0,0.0,0.0,286.5
S5/M5/M15,GBP_USD,5/10/22,0,30.0,4,4,0,-582.9,0.0,-3.05,0.0,0.0,0.0,286.5
S5/M5/M15,GBP_USD,5/10/22,1,15.0,696,472,224,-1653.3,-545.3,-8.66,-5.71,-560.8,45.1,286.5
S5/M5/M15,GBP_USD,5/10/22,1,20.0,676,460,216,-1704.9,-500.3,-8.93,-5.24,-528.7,40.3,286.5
S5/M5/M15,GBP_USD,5/10/22,1,30.0,637,432,205,-1508.0,-492.3,-7.9,-5.16,-578.0,35.1,286.5
S5/M5/M15,GBP_USD,5/15/35,0,15.0,9,9,0,-595.3,0.0,-3.12,0.0,0.0,0.0,286.5
S5/M5/M15,GBP_USD,5/15/35,0,20.0,81,81,0,1101.7,0.0,5.77,0.0,0.0,0.0,286.5
S5/M5/M15,GBP_USD,5/15/35,0,30.0,27,27,0,359.5,0.0,1.88,0.0,0.0,0.0,286.5
S5/M5/M15,GBP_USD,5/15/35,1,15.0,578,381,197,-1014.9,-366.7,-5.31,-3.84,-392.5,49.7,286.5
S5/M5/M15,GBP_USD,5/15/35,1,20.0,553,366,187,-1120.9,-217.2,-5.87,-2.27,-281.9,44.9,286.5
S5/M5/M15,GBP_USD,5/15/35,1,30.0,525,346,179,-979.3,-128.0,-5.13,-1.34,-216.1,36.9,286.5
S5/M5/M15,GBP_USD,5/22/50,0,15.0,101,91,10,1234.0,-298.8,6.46,-3.13,-420.8,90.0,286.5
S5/M5/M15,GBP_USD,5/22/50,0,20.0,19,19,0,-334.5,0.0,-1.75,0.0,0.0,0.0,286.5
S5/M5/M15,GBP_USD,5/22/50,0,30.0,60,47,13,1342.3,88.3,7.03,0.93,-254.4,92.3,286.5
S5/M5/M15,GBP_USD,5/22/50,1,15.0,476,303,173,-806.4,-407.1,-4.22,-4.26,-421.1,52.6,286.5
S5/M5/M15,GBP_USD,5/22/50,1,20.0,454,291,163,-924.1,-346.3,-4.84,-3.63,-343.8,45.4,286.5
S5/M5/M15,GBP_USD,5/22/50,1,30.0,422,268,154,-870.7,-453.3,-4.56,-4.75,-514.6,34.4,286.5
S5/M5/M15,GBP_USD,7/15/35,0,15.0,10,10,0,-581.8,0.0,-3.05,0.0,0.0,0.0,286.5
S5/M5/M15,GBP_USD,7/15/35,0,20.0,93,79,14,1466.2,201.9,7.68,2.11,-39.4,92.9,286.5
S5/M5/M15,GBP_USD,7/15/35,0,30.0,35,34,1,971.0,-260.3,5.08,-2.73,0.0,0.0,286.5
S5/M5/M15,GBP_USD,7/15/35,1,15.0,583,386,197,-937.7,-650.0,-4.91,-6.81,-691.5,47.2,286.5
S5/M5/M15,GBP_USD,7/15/35,1,20.0,559,372,187,-1058.4,-395.5,-5.54,-4.14,-518.8,44.9,286.5
S5/M5/M15,GBP_USD,7/15/35,1,30.0,523,348,175,-880.1,-288.9,-4.61,-3.03,-429.2,38.3,286.5
S5/M5/M15,GBP_USD,7/22/50,0,15.0,108,95,13,1288.2,-258.1,6.75,-2.7,-420.8,92.3,286.5
S5/M5/M15,GBP_USD,7/22/50,0,20.0,66,57,9,1057.9,34.7,5.54,0.36,-113.8,88.9,286.5
S5/M5/M15,GBP_USD,7/22/50,0,30.0,66,65,1,1856.4,-254.4,9.72,-2.66,0.0,0.0,286.5
S5/M5/M15,GBP_USD,7/22/50,1,15.0,512,320,192,-1113.3,-368.4,-5.83,-3.86,-439.3,53.1,286.5
S5/M5/M15,GBP_USD,7/22/50,1,20.0,481,304,177,-1138.4,-147.7,-5.96,-1.55,-291.2,48.0,286.5
S5/M5/M15,GBP_USD,7/22/50,1,30.0,441,278,163,-791.5,-414.9,-4.14,-4.35,-507.6,36.2,286.5
S5/M5/M15,GBP_USD,10/22/50,0,15.0,108,87,21,1179.7,196.6,6.18,2.06,-74.6,95.2,286.5
S5/M5/M15,GBP_USD,10/22/50,0,20.0,17,17,0,-371.6,0.0,-1.95,0.0,0.0,0.0,286.5
S5/M5/M15,GBP_USD,10/22/50,0,30.0,14,14,0,-297.3,0.0,-1.56,0.0,0.0,0.0,286.5
S5/M5/M15,GBP_USD,10/22/50,1,15.0,456,305,151,-877.6,-496.7,-4.6,-5.2,-550.4,51.7,286.5
S5/M5/M15,GBP_USD,10/22/50,1,20.0,434,291,143,-877.0,-426.9,-4.59,-4.47,-588.3,45.5,286.5
S5/M5/M15,GBP_USD,10/22/50,1,30.0,399,263,136,-826.7,-477.4,-4.33,-5.0,-634.4,36.8,286.5
S5/M5/M15,USD_JPY,5/10/22,0,15.0,142,142,0,657.8,0.0,3.35,0.0,0.0,0.0,294.5
S5/M5/M15,USD_JPY,5/10/22,0,20.0,70,70,0,-223.9,0.0,-1.14,0.0,0.0,0.0,294.5
S5/M5/M15,USD_JPY,5/10/22,0,30.0,52,52,0,-117.1,0.0,-0.6,0.0,0.0,0.0,294.5
S5/M5/M15,USD_JPY,5/10/22,1,15.0,774,540,234,-590.4,-881.1,-3.01,-8.98,-867.8,41.0,294.5
S5/M5/M15,USD_JPY,5/10/22,1,20.0,737,511,226,-291.7,-824.0,-1.49,-8.39,-810.7,36.7,294.5
S5/M5/M15,USD_JPY,5/10/22,1,30.0,706,490,216,-28.9,-757.0,-0.15,-7.71,-743.7,31.0,294.5
S5/M5/M15,USD_JPY,5/15/35,0,15.0,46,46,0,-1125.9,0.0,-5.74,0.0,0.0,0.0,294.5
S5/M5/M15,USD_JPY,5/15/35,0,20.0,42,42,0,-975.8,0.0,-4.97,0.0,0.0,0.0,294.5
S5/M5/M15,USD_JPY,5/15/35,0,30.0,27,27,0,-999.8,0.0,-5.09,0.0,0.0,0.0,294.5
S5/M5/M15,USD_JPY,5/15/35,1,15.0,668,474,194,-693.1,-741.6,-3.53,-7.56,-763.4,45.9,294.5
S5/M5/M15,USD_JPY,5/15/35,1,20.0,634,447,187,-569.4,-718.6,-2.9,-7.32,-737.4,40.1,294.5
S5/M5/M15,USD_JPY,5/15/35,1,30.0,594,417,177,-362.4,-827.7,-1.85,-8.43,-850.3,33.3,294.5
S5/M5/M15,USD_JPY,5/22/50,0,15.0,153,153,0,808.9,0.0,4.12,0.0,0.0,0.0,294.5
S5/M5/M15,USD_JPY,5/22/50,0,20.0,36,36,0,-1081.4,0.0,-5.51,0.0,0.0,0.0,294.5
S5/M5/M15,USD_JPY,5/22/50,0,30.0,49,49,0,-293.7,0.0,-1.5,0.0,0.0,0.0,294.5
S5/M5/M15,USD_JPY,5/22/50,1,15.0,553,383,170,-362.9,-535.0,-1.85,-5.45,-535.5,51.8,294.5
S5/M5/M15,USD_JPY,5/22/50,1,20.0,518,356,162,-101.9,-350.1,-0.52,-3.57,-363.1,47.5,294.5
S5/M5/M15,USD_JPY,5/22/50,1,30.0,486,335,151,91.7,-568.7,0.47,-5.79,-577.1,37.7,294.5
S5/M5/M15,USD_JPY,7/15/35,0,15.0,40,40,0,-1422.2,0.0,-7.24,0.0,0.0,0.0,294.5
S5/M5/M15,USD_JPY,7/15/35,0,20.0,44,44,0,-1152.2,0.0,-5.87,0.0,0.0,0.0,294.5
S5/M5/M15,USD_JPY,7/15/35,0,30.0,34,34,0,-1009.6,0.0,-5.14,0.0,0.0,0.0,294.5
S5/M5/M15,USD_JPY,7/15/35,1,15.0,638,455,183,-599.3,-726.7,-3.05,-7.4,-727.0,48.1,294.5
S5/M5/M15,USD_JPY,7/15/35,1,20.0,603,431,172,-483.9,-727.3,-2.47,-7.41,-754.3,41.9,294.5
S5/M5/M15,USD_JPY,7/15/35,1,30.0,560,396,164,-362.7,-714.9,-1.85,-7.28,-761.2,34.8,294.5
S5/M5/M15,USD_JPY,7/22/50,0,15.0,47,47,0,-1326.0,0.0,-6.75,0.0,0.0,0.0,294.5
S5/M5/M15,USD_JPY,7/22/50,0,20.0,43,43,0,-1171.0,0.0,-5.96,0.0,0.0,0.0,294.5
S5/M5/M15,USD_JPY,7/22/50,0,30.0,19,19,0,-1440.7,0.0,-7.34,0.0,0.0,0.0,294.5
S5/M5/M15,USD_JPY,7/22/50,1,15.0,571,405,166,-369.7,-770.6,-1.88,-7.85,-758.5,49.4,294.5
S5/M5/M15,USD_JPY,7/22/50,1,20.0,533,375,158,-370.1,-722.1,-1.89,-7.36,-704.9,43.0,294.5
S5/M5/M15,USD_JPY,7/22/50,1,30.0,495,349,146,-2.9,-685.7,-0.01,-6.99,-688.0,34.9,294.5
S5/M5/M15,USD_JPY,10/22/50,0,15.0,28,28,0,-1587.1,0.0,-8.08,0.0,0.0,0.0,294.5
S5/M5/M15,USD_JPY,10/22/50,0,20.0,27,27,0,-1470.8,0.0,-7.49,0.0,0.0,0.0,294.5
S5/M5/M15,USD_JPY,10/22/50,0,30.0,26,26,0,-1239.6,0.0,-6.31,0.0,0.0,0.0,294.5
S5/M5/M15,USD_JPY,10/22/50,1,15.0,486,344,142,-203.2,-198.3,-1.03,-2.02,-278.1,57.0,294.5
S5/M5/M15,USD_JPY,10/22/50,1,20.0,457,323,134,-17.5,-151.6,-0.09,-1.54,-269.5,50.7,294.5
S5/M5/M15,USD_JPY,10/22/50,1,30.0,424,300,124,391.3,-154.6,1.99,-1.57,-285.2,42.7,294.5
S5/M15/M30,EUR_JPY,5/10/22,0,15.0,52,52,0,-1399.8,0.0,-7.03,0.0,0.0,0.0,298.9
S5/M15/M30,EUR_JPY,5/10/22,0,20.0,43,43,0,-1311.3,0.0,-6.58,0.0,0.0,0.0,298.9
S5/M15/M30,EUR_JPY,5/10/22,0,30.0,31,31,0,-1233.3,0.0,-6.19,0.0,0.0,0.0,298.9
S5/M15/M30,EUR_JPY,5/10/22,1,15.0,324,207,117,-740.8,34.6,-3.72,0.35,-160.6,62.4,298.9
S5/M15/M30,EUR_JPY,5/10/22,1,20.0,299,191,108,-798.6,55.6,-4.01,0.56,-171.4,54.6,298.9
S5/M15/M30,EUR_JPY,5/10/22,1,30.0,281,179,102,-792.9,138.5,-3.98,1.39,-194.4,46.1,298.9
S5/M15/M30,EUR_JPY,5/15/35,0,15.0,29,29,0,-1707.5,0.0,-8.57,0.0,0.0,0.0,298.9
S5/M15/M30,EUR_JPY,5/15/35,0,20.0,32,32,0,-1512.0,0.0,-7.59,0.0,0.0,0.0,298.9
S5/M15/M30,EUR_JPY,5/15/35,0,30.0,29,29,0,-1287.5,0.0,-6.46,0.0,0.0,0.0,298.9
S5/M15/M30,EUR_JPY,5/15/35,1,15.0,272,174,98,-611.2,-23.6,-3.07,-0.24,-165.3,65.3,298.9
S5/M15/M30,EUR_JPY,5/15/35,1,20.0,255,162,93,-495.3,-60.7,-2.49,-0.61,-228.7,58.1,298.9
S5/M15/M30,EUR_JPY,5/15/35,1,30.0,241,153,88,-345.4,-161.2,-1.73,-1.62,-286.1,51.1,298.9
S5/M15/M30,EUR_JPY,5/22/50,0,15.0,28,28,0,-1377.6,0.0,-6.91,0.0,0.0,0.0,298.9
S5/M15/M30,EUR_JPY,5/22/50,0,20.0,23,23,0,-1335.1,0.0,-6.7,0.0,0.0,0.0,298.9
S5/M15/M30,EUR_JPY,5/22/50,0,30.0,22,22,0,-1143.6,0.0,-5.74,0.0,0.0,0.0,298.9
S5/M15/M30,EUR_JPY,5/22/50,1,15.0,224,140,84,-351.4,-22.9,-1.76,-0.23,-203.7,69.0,298.9
S5/M15/M30,EUR_JPY,5/22/50,1,20.0,201,124,77,-239.3,-109.0,-1.2,-1.09,-224.3,59.7,298.9
S5/M15/M30,EUR_JPY,5/22/50,1,30.0,189,117,72,-38.2,55.7,-0.19,0.56,-223.8,51.4,298.9
S5/M15/M30,EUR_JPY,7/15/35,0,15.0,44,44,0,-1507.8,0.0,-7.57,0.0,0.0,0.0,298.9
S5/M15/M30,EUR_JPY,7/15/35,0,20.0,36,36,0,-1440.8,0.0,-7.23,0.0,0.0,0.0,298.9
S5/M15/M30,EUR_JPY,7/15/35,0,30.0,32,32,0,-1204.8,0.0,-6.05,0.0,0.0,0.0,298.9
S5/M15/M30,EUR_JPY,7/15/35,1,15.0,282,185,97,-959.4,-206.6,-4.81,-2.07,-278.9,62.9,298.9
S5/M15/M30,EUR_JPY,7/15/35,1,20.0,264,171,93,-971.7,-219.7,-4.88,-2.21,-361.9,55.9,298.9
S5/M15/M30,EUR_JPY,7/15/35,1,30.0,241,158,83,-960.6,-23.4,-4.82,-0.24,-258.1,50.6,298.9
S5/M15/M30,EUR_JPY,7/22/50,0,15.0,54,54,0,-852.4,0.0,-4.28,0.0,0.0,0.0,298.9
S5/M15/M30,EUR_JPY,7/22/50,0,20.0,21,21,0,-1372.1,0.0,-6.89,0.0,0.0,0.0,298.9
S5/M15/M30,EUR_JPY,7/22/50,0,30.0,29,29,0,-529.9,0.0,-2.66,0.0,0.0,0.0,298.9
S5/M15/M30,EUR_JPY,7/22/50,1,15.0,244,152,92,-544.7,-68.9,-2.73,-0.69,-344.6,69.6,298.9
S5/M15/M30,EUR_JPY,7/22/50,1,20.0,222,138,84,-487.3,-11.1,-2.45,-0.11,-331.5,61.9,298.9
S5/M15/M30,EUR_JPY,7/22/50,1,30.0,202,125,77,-412.2,19.5,-2.07,0.2,-344.6,51.9,298.9
S5/M15/M30,EUR_JPY,10/22/50,0,15.0,55,55,0,-838.9,0.0,-4.21,0.0,0.0,0.0,298.9
S5/M15/M30,EUR_JPY,10/22/50,0,20.0,48,48,0,-689.0,0.0,-3.46,0.0,0.0,0.0,298.9
S5/M15/M30,EUR_JPY,10/22/50,0,30.0,42,42,0,-159.4,0.0,-0.8,0.0,0.0,0.0,298.9
S5/M15/M30,EUR_JPY,10/22/50,1,15.0,213,130,83,-682.4,-321.0,-3.42,-3.22,-443.5,65.1,298.9
S5/M15/M30,EUR_JPY,10/22/50,1,20.0,195,116,79,-592.3,-405.0,-2.97,-4.07,-495.1,54.4,298.9
S5/M15/M30,EUR_JPY,10/22/50,1,30.0,181,108,73,-539.4,-327.3,-2.71,-3.29,-519.8,47.9,298.9
S5/M15/M30,EUR_USD,5/10/22,0,15.0,81,81,0,759.3,0.0,2.38,0.0,0.0,0.0,478.2
S5/M15/M30,EUR_USD,5/10/22,0,20.0,70,70,0,950.6,0.0,2.98,0.0,0.0,0.0,478.2
S5/M15/M30,EUR_USD,5/10/22,0,30.0,35,35,0,-7.9,0.0,-0.02,0.0,0.0,0.0,478.2
S5/M15/M30,EUR_USD,5/10/22,1,15.0,498,344,154,-1268.1,-216.9,-3.98,-1.36,-350.1,46.8,478.2
S5/M15/M30,EUR_USD,5/10/22,1,20.0,471,326,145,-1380.4,-279.4,-4.33,-1.75,-359.5,38.6,478.2
S5/M15/M30,EUR_USD,5/10/22,1,30.0,452,312,140,-1244.1,-354.2,-3.9,-2.22,-440.6,34.3,478.2
S5/M15/M30,EUR_USD,5/15/35,0,15.0,42,42,0,-977.3,0.0,-3.07,0.0,0.0,0.0,478.2
S5/M15/M30,EUR_USD,5/15/35,0,20.0,93,61,32,1157.8,515.8,3.63,3.24,-72.6,96.9,478.2
S5/M15/M30,EUR_USD,5/15/35,0,30.0,31,31,0,-115.1,0.0,-0.36,0.0,0.0,0.0,478.2
S5/M15/M30,EUR_USD,5/15/35,1,15.0,367,239,128,-867.8,-332.4,-2.72,-2.09,-418.0,47.7,478.2
S5/M15/M30,EUR_USD,5/15/35,1,20.0,351,228,123,-869.2,-323.0,-2.73,-2.03,-468.2,42.3,478.2
S5/M15/M30,EUR_USD,5/15/35,1,30.0,341,223,118,-862.1,-232.6,-2.7,-1.46,-501.8,39.0,478.2
S5/M15/M30,EUR_USD,5/22/50,0,15.0,40,40,0,-1005.3,0.0,-3.15,0.0,0.0,0.0,478.2
S5/M15/M30,EUR_USD,5/22/50,0,20.0,46,46,0,-593.0,0.0,-1.86,0.0,0.0,0.0,478.2
S5/M15/M30,EUR_USD,5/22/50,0,30.0,22,22,0,-838.5,0.0,-2.63,0.0,0.0,0.0,478.2
S5/M15/M30,EUR_USD,5/22/50,1,15.0,306,194,112,-1124.2,-212.1,-3.53,-1.33,-262.6,54.5,478.2
S5/M15/M30,EUR_USD,5/22/50,1,20.0,287,182,105,-1252.6,-286.5,-3.93,-1.8,-312.1,45.7,478.2
S5/M15/M30,EUR_USD,5/22/50,1,30.0,282,179,103,-1242.6,-252.0,-3.9,-1.58,-371.2,39.8,478.2
S5/M15/M30,EUR_USD,7/15/35,0,15.0,40,40,0,-892.6,0.0,-2.8,0.0,0.0,0.0,478.2
S5/M15/M30,EUR_USD,7/15/35,0,20.0,32,32,0,-849.5,0.0,-2.66,0.0,0.0,0.0,478.2
S5/M15/M30,EUR_USD,7/15/35,0,30.0,29,29,0,-626.4,0.0,-1.97,0.0,0.0,0.0,478.2
S5/M15/M30,EUR_USD,7/15/35,1,15.0,368,251,117,-1180.9,-185.2,-3.7,-1.16,-314.0,57.3,478.2
S5/M15/M30,EUR_USD,7/15/35,1,20.0,358,244,114,-1334.9,-183.2,-4.19,-1.15,-310.9,50.9,478.2
S5/M15/M30,EUR_USD,7/15/35,1,30.0,335,228,107,-1015.7,-314.5,-3.19,-1.97,-488.1,41.1,478.2
S5/M15/M30,EUR_USD,7/22/50,0,15.0,53,53,0,-710.9,0.0,-2.23,0.0,0.0,0.0,478.2
S5/M15/M30,EUR_USD,7/22/50,0,20.0,51,51,0,-488.9,0.0,-1.53,0.0,0.0,0.0,478.2
S5/M15/M30,EUR_USD,7/22/50,0,30.0,22,22,0,-829.3,0.0,-2.6,0.0,0.0,0.0,478.2
S5/M15/M30,EUR_USD,7/22/50,1,15.0,317,215,102,-1029.5,-112.0,-3.23,-0.7,-182.0,58.8,478.2
S5/M15/M30,EUR_USD,7/22/50,1,20.0,302,206,96,-1112.2,-154.3,-3.49,-0.97,-191.6,50.0,478.2
S5/M15/M30,EUR_USD,7/22/50,1,30.0,288,196,92,-1004.3,-110.8,-3.15,-0.7,-247.2,42.4,478.2
S5/M15/M30,EUR_USD,10/22/50,0,15.0,47,47,0,-907.4,0.0,-2.85,0.0,0.0,0.0,478.2
S5/M15/M30,EUR_USD,10/22/50,0,20.0,107,58,49,1100.8,838.4,3.45,5.26,-72.6,98.0,478.2
S5/M15/M30,EUR_USD,10/22/50,0,30.0,48,48,0,1017.5,0.0,3.19,0.0,0.0,0.0,478.2
S5/M15/M30,EUR_USD,10/22/50,1,15.0,313,209,104,-684.9,-169.2,-2.15,-1.06,-206.8,59.6,478.2
S5/M15/M30,EUR_USD,10/22/50,1,20.0,293,198,95,-736.9,-316.5,-2.31,-1.99,-347.5,47.4,478.2
S5/M15/M30,EUR_USD,10/22/50,1,30.0,275,185,90,-505.3,-400.1,-1.59,-2.51,-423.1,37.8,478.2
S5/M15/M30,GBP_JPY,5/10/22,0,15.0,18,18,0,-2755.3,0.0,-13.64,0.0,0.0,0.0,303.1
S5/M15/M30,GBP_JPY,5/10/22,0,20.0,16,16,0,-2708.8,0.0,-13.41,0.0,0.0,0.0,303.1
S5/M15/M30,GBP_JPY,5/10/22,0,30.0,17,17,0,-2511.1,0.0,-12.43,0.0,0.0,0.0,303.1
S5/M15/M30,GBP_JPY,5/10/22,1,15.0,323,216,107,-1280.0,-695.6,-6.34,-6.88,-743.4,62.6,303.1
S5/M15/M30,GBP_JPY,5/10/22,1,20.0,299,200,99,-1495.2,-730.2,-7.4,-7.23,-810.5,53.5,303.1
S5/M15/M30,GBP_JPY,5/10/22,1,30.0,282,187,95,-1374.4,-642.3,-6.8,-6.36,-738.4,44.2,303.1
S5/M15/M30,GBP_JPY,5/15/35,0,15.0,16,16,0,-2780.5,0.0,-13.76,0.0,0.0,0.0,303.1
S5/M15/M30,GBP_JPY,5/15/35,0,20.0,15,15,0,-2726.4,0.0,-13.49,0.0,0.0,0.0,303.1
S5/M15/M30,GBP_JPY,5/15/35,0,30.0,15,15,0,-2566.3,0.0,-12.7,0.0,0.0,0.0,303.1
S5/M15/M30,GBP_JPY,5/15/35,1,15.0,268,178,90,-1622.2,-23.8,-8.03,-0.24,-156.9,70.0,303.1
S5/M15/M30,GBP_JPY,5/15/35,1,20.0,241,160,81,-1658.8,90.1,-8.21,0.89,-164.8,64.2,303.1
S5/M15/M30,GBP_JPY,5/15/35,1,30.0,222,147,75,-1731.8,-9.8,-8.57,-0.1,-272.3,52.0,303.1
S5/M15/M30,GBP_JPY,5/22/50,0,15.0,19,19,0,-2742.7,0.0,-13.57,0.0,0.0,0.0,303.1
S5/M15/M30,GBP_JPY,5/22/50,0,20.0,16,16,0,-2708.8,0.0,-13.41,0.0,0.0,0.0,303.1
S5/M15/M30,GBP_JPY,5/22/50,0,30.0,10,10,0,-2543.0,0.0,-12.59,0.0,0.0,0.0,303.1
S5/M15/M30,GBP_JPY,5/22/50,1,15.0,233,165,68,-1471.1,-58.9,-7.28,-0.58,-176.2,76.5,303.1
S5/M15/M30,GBP_JPY,5/22/50,1,20.0,209,148,61,-1457.8,-44.1,-7.21,-0.44,-220.1,70.5,303.1
S5/M15/M30,GBP_JPY,5/22/50,1,30.0,197,137,60,-1607.8,-391.0,-7.96,-3.87,-486.4,55.0,303.1
S5/M15/M30,GBP_JPY,7/15/35,0,15.0,19,19,0,-2742.7,0.0,-13.57,0.0,0.0,0.0,303.1
S5/M15/M30,GBP_JPY,7/15/35,0,20.0,20,20,0,-2638.4,0.0,-13.06,0.0,0.0,0.0,303.1
S5/M15/M30,GBP_JPY,7/15/35,0,30.0,11,11,0,-2676.7,0.0,-13.25,0.0,0.0,0.0,303.1
S5/M15/M30,GBP_JPY,7/15/35,1,15.0,269,168,101,-1630.9,-187.9,-8.07,-1.86,-415.0,73.3,303.1
S5/M15/M30,GBP_JPY,7/15/35,1,20.0,240,147,93,-1496.9,-115.7,-7.41,-1.15,-452.3,67.7,303.1
S5/M15/M30,GBP_JPY,7/15/35,1,30.0,218,137,81,-1526.2,-267.3,-7.55,-2.65,-609.6,50.6,303.1
S5/M15/M30,GBP_JPY,7/22/50,0,15.0,18,18,0,-2755.3,0.0,-13.64,0.0,0.0,0.0,303.1
S5/M15/M30,GBP_JPY,7/22/50,0,20.0,21,21,0,-2620.8,0.0,-12.97,0.0,0.0,0.0,303.1
S5/M15/M30,GBP_JPY,7/22/50,0,30.0,10,10,0,-2543.0,0.0,-12.59,0.0,0.0,0.0,303.1
S5/M15/M30,GBP_JPY,7/22/50,1,15.0,225,152,73,-1932.6,11.8,-9.56,0.12,-176.2,78.1,303.1
S5/M15/M30,GBP_JPY,7/22/50,1,20.0,206,135,71,-2205.0,-80.2,-10.91,-0.79,-278.4,70.4,303.1
S5/M15/M30,GBP_JPY,7/22/50,1,30.0,190,125,65,-2336.3,-222.0,-11.56,-2.2,-442.1,56.9,303.1
S5/M15/M30,GBP_JPY,10/22/50,0,15.0,19,19,0,-2742.7,0.0,-13.57,0.0,0.0,0.0,303.1
S5/M15/M30,GBP_JPY,10/22/50,0,20.0,18,18,0,-2673.6,0.0,-13.23,0.0,0.0,0.0,303.1
S5/M15/M30,GBP_JPY,10/22/50,0,30.0,12,12,0,-2649.1,0.0,-13.11,0.0,0.0,0.0,303.1
S5/M15/M30,GBP_JPY,10/22/50,1,15.0,227,155,72,-2119.2,-110.8,-10.49,-1.1,-202.7,75.0,303.1
S5/M15/M30,GBP_JPY,10/22/50,1,20.0,207,141,66,-2289.5,-116.7,-11.33,-1.16,-235.2,66.7,303.1
S5/M15/M30,GBP_JPY,10/22/50,1,30.0,184,124,60,-2123.6,3.7,-10.51,0.04,-248.1,56.7,303.1
S5/M15/M30,GBP_USD,5/10/22,0,15.0,29,29,0,-9.2,0.0,-0.05,0.0,0.0,0.0,286.5
S5/M15/M30,GBP_USD,5/10/22,0,20.0,28,28,0,112.3,0.0,0.59,0.0,0.0,0.0,286.5
S5/M15/M30,GBP_USD,5/10/22,0,30.0,24,24,0,268.0,0.0,1.4,0.0,0.0,0.0,286.5
S5/M15/M30,GBP_USD,5/10/22,1,15.0,324,214,110,-375.4,-199.6,-1.97,-2.09,-277.7,52.7,286.5
S5/M15/M30,GBP_USD,5/10/22,1,20.0,302,198,104,-447.8,-94.8,-2.34,-0.99,-193.0,48.1,286.5
S5/M15/M30,GBP_USD,5/10/22,1,30.0,280,184,96,-425.0,-83.8,-2.23,-0.88,-256.2,40.6,286.5
S5/M15/M30,GBP_USD,5/15/35,0,15.0,62,40,22,542.4,236.4,2.84,2.48,-48.3,95.5,286.5
S5/M15/M30,GBP_USD,5/15/35,0,20.0,53,36,17,668.2,185.9,3.5,1.95,-111.0,94.1,286.5
S5/M15/M30,GBP_USD,5/15/35,0,30.0,45,26,19,742.6,403.0,3.89,4.22,-111.0,94.7,286.5
S5/M15/M30,GBP_USD,5/15/35,1,15.0,268,174,94,18.9,-253.1,0.1,-2.65,-437.0,59.6,286.5
S5/M15/M30,GBP_USD,5/15/35,1,20.0,247,159,88,-116.8,-310.9,-0.61,-3.26,-505.4,48.9,286.5
S5/M15/M30,GBP_USD,5/15/35,1,30.0,230,148,82,80.7,-181.2,0.42,-1.9,-411.4,43.9,286.5
S5/M15/M30,GBP_USD,5/22/50,0,15.0,32,32,0,33.0,0.0,0.17,0.0,0.0,0.0,286.5
S5/M15/M30,GBP_USD,5/22/50,0,20.0,28,28,0,113.8,0.0,0.6,0.0,0.0,0.0,286.5
S5/M15/M30,GBP_USD,5/22/50,0,30.0,24,24,0,269.5,0.0,1.41,0.0,0.0,0.0,286.5
S5/M15/M30,GBP_USD,5/22/50,1,15.0,224,151,73,-402.5,-156.0,-2.11,-1.63,-242.3,60.3,286.5
S5/M15/M30,GBP_USD,5/22/50,1,20.0,205,137,68,-524.5,-175.9,-2.75,-1.84,-245.8,51.5,286.5
S5/M15/M30,GBP_USD,5/22/50,1,30.0,190,128,62,-635.4,-189.8,-3.33,-1.99,-266.0,43.5,286.5
S5/M15/M30,GBP_USD,7/15/35,0,15.0,65,48,17,650.9,-16.7,3.41,-0.17,-233.6,94.1,286.5
S5/M15/M30,GBP_USD,7/15/35,0,20.0,60,44,16,816.6,44.8,4.28,0.47,-233.6,93.8,286.5
S5/M15/M30,GBP_USD,7/15/35,0,30.0,6,6,0,-522.2,0.0,-2.73,0.0,0.0,0.0,286.5
S5/M15/M30,GBP_USD,7/15/35,1,15.0,249,162,87,92.2,-197.0,0.48,-2.06,-360.9,60.9,286.5
S5/M15/M30,GBP_USD,7/15/35,1,20.0,232,149,83,-18.8,-94.3,-0.1,-0.99,-297.1,55.4,286.5
S5/M15/M30,GBP_USD,7/15/35,1,30.0,215,139,76,171.8,-4.7,0.9,-0.05,-264.4,50.0,286.5
S5/M15/M30,GBP_USD,7/22/50,0,15.0,75,45,30,610.2,318.4,3.2,3.33,-74.8,96.7,286.5
S5/M15/M30,GBP_USD,7/22/50,0,20.0,72,43,29,798.1,408.6,4.18,4.28,-111.0,96.6,286.5
S5/M15/M30,GBP_USD,7/22/50,0,30.0,45,27,18,771.1,374.5,4.04,3.92,-111.0,94.4,286.5
S5/M15/M30,GBP_USD,7/22/50,1,15.0,215,148,67,-471.8,-70.2,-2.47,-0.74,-178.6,65.7,286.5
S5/M15/M30,GBP_USD,7/22/50,1,20.0,199,137,62,-455.6,-2.3,-2.39,-0.02,-166.9,59.7,286.5
S5/M15/M30,GBP_USD,7/22/50,1,30.0,182,127,55,-475.4,-24.7,-2.49,-0.26,-196.3,49.1,286.5
S5/M15/M30,GBP_USD,10/22/50,0,15.0,88,47,41,637.3,556.0,3.34,5.82,0.0,100.0,286.5
S5/M15/M30,GBP_USD,10/22/50,0,20.0,41,30,11,556.8,74.6,2.92,0.78,-111.0,90.9,286.5
S5/M15/M30,GBP_USD,10/22/50,0,30.0,22,22,0,355.0,0.0,1.86,0.0,0.0,0.0,286.5
S5/M15/M30,GBP_USD,10/22/50,1,15.0,218,156,62,-485.7,-27.7,-2.54,-0.29,-174.5,66.1,286.5
S5/M15/M30,GBP_USD,10/22/50,1,20.0,201,141,60,-604.7,-52.7,-3.17,-0.55,-198.9,56.7,286.5
S5/M15/M30,GBP_USD,10/22/50,1,30.0,189,134,55,-577.5,6.2,-3.02,0.06,-212.3,45.5,286.5
S5/M15/M30,USD_JPY,5/10/22,0,15.0,121,121,0,367.5,0.0,1.87,0.0,0.0,0.0,294.5
S5/M15/M30,USD_JPY,5/10/22,0,20.0,100,59,41,1105.7,768.3,5.63,7.83,0.0,100.0,294.5
S5/M15/M30,USD_JPY,5/10/22,0,30.0,72,42,30,1207.1,856.0,6.15,8.72,0.0,100.0,294.5
S5/M15/M30,USD_JPY,5/10/22,1,15.0,369,252,117,-372.7,-423.8,-1.9,-4.32,-513.8,60.7,294.5
S5/M15/M30,USD_JPY,5/10/22,1,20.0,339,234,105,-369.3,-520.7,-1.88,-5.31,-521.8,51.4,294.5
S5/M15/M30,USD_JPY,5/10/22,1,30.0,318,215,103,-57.5,-573.8,-0.29,-5.85,-634.8,40.8,294.5
S5/M15/M30,USD_JPY,5/15/35,0,15.0,25,25,0,-1628.3,0.0,-8.29,0.0,0.0,0.0,294.5
S5/M15/M30,USD_JPY,5/15/35,0,20.0,23,23,0,-1545.8,0.0,-7.87,0.0,0.0,0.0,294.5
S5/M15/M30,USD_JPY,5/15/35,0,30.0,20,20,0,-1412.0,0.0,-7.19,0.0,0.0,0.0,294.5
S5/M15/M30,USD_JPY,5/15/35,1,15.0,280,194,86,-233.5,-192.9,-1.19,-1.96,-302.4,66.3,294.5
S5/M15/M30,USD_JPY,5/15/35,1,20.0,255,178,77,-157.6,-296.6,-0.8,-3.02,-428.6,58.4,294.5
S5/M15/M30,USD_JPY,5/15/35,1,30.0,236,163,73,79.9,-329.3,0.41,-3.36,-522.7,46.6,294.5
S5/M15/M30,USD_JPY,5/22/50,0,15.0,25,25,0,-1628.3,0.0,-8.29,0.0,0.0,0.0,294.5
S5/M15/M30,USD_JPY,5/22/50,0,20.0,23,23,0,-1545.8,0.0,-7.87,0.0,0.0,0.0,294.5
S5/M15/M30,USD_JPY,5/22/50,0,30.0,19,19,0,-1440.7,0.0,-7.34,0.0,0.0,0.0,294.5
S5/M15/M30,USD_JPY,5/22/50,1,15.0,245,168,77,-608.0,-187.9,-3.1,-1.91,-297.4,68.8,294.5
S5/M15/M30,USD_JPY,5/22/50,1,20.0,230,159,71,-722.0,-217.5,-3.68,-2.22,-265.2,60.6,294.5
S5/M15/M30,USD_JPY,5/22/50,1,30.0,210,145,65,-608.6,-261.6,-3.1,-2.67,-390.6,50.8,294.5
S5/M15/M30,USD_JPY,7/15/35,0,15.0,48,48,0,-958.9,0.0,-4.88,0.0,0.0,0.0,294.5
S5/M15/M30,USD_JPY,7/15/35,0,20.0,84,71,13,1330.5,-485.1,6.78,-4.94,-710.0,92.3,294.5
S5/M15/M30,USD_JPY,7/15/35,0,30.0,77,62,15,1781.9,95.8,9.08,0.98,-306.6,93.3,294.5
S5/M15/M30,USD_JPY,7/15/35,1,15.0,259,164,95,-361.7,-183.5,-1.84,-1.87,-268.8,66.3,294.5
S5/M15/M30,USD_JPY,7/15/35,1,20.0,240,154,86,-312.6,-354.2,-1.59,-3.61,-430.1,57.0,294.5
S5/M15/M30,USD_JPY,7/15/35,1,30.0,225,143,82,-241.1,-409.3,-1.23,-4.17,-556.8,46.3,294.5
S5/M15/M30,USD_JPY,7/22/50,0,15.0,85,27,58,371.0,789.7,1.89,8.05,0.0,100.0,294.5
S5/M15/M30,USD_JPY,7/22/50,0,20.0,49,22,27,412.3,-223.5,2.1,-2.28,-710.8,96.3,294.5
S5/M15/M30,USD_JPY,7/22/50,0,30.0,39,21,18,603.5,495.1,3.07,5.04,0.0,100.0,294.5
S5/M15/M30,USD_JPY,7/22/50,1,15.0,237,148,89,-640.3,-210.8,-3.26,-2.15,-297.9,67.4,294.5
S5/M15/M30,USD_JPY,7/22/50,1,20.0,224,142,82,-925.7,-364.7,-4.72,-3.72,-393.3,53.7,294.5
S5/M15/M30,USD_JPY,7/22/50,1,30.0,210,133,77,-875.4,-320.9,-4.46,-3.27,-404.7,46.8,294.5
S5/M15/M30,USD_JPY,10/22/50,0,15.0,17,17,0,-1738.2,0.0,-8.85,0.0,0.0,0.0,294.5
S5/M15/M30,USD_JPY,10/22/50,0,20.0,15,15,0,-1695.7,0.0,-8.64,0.0,0.0,0.0,294.5
S5/M15/M30,USD_JPY,10/22/50,0,30.0,13,13,0,-1613.2,0.0,-8.22,0.0,0.0,0.0,294.5
S5/M15/M30,USD_JPY,10/22/50,1,15.0,229,157,72,-517.4,-505.0,-2.64,-5.15,-559.9,62.5,294.5
S5/M15/M30,USD_JPY,10/22/50,1,20.0,213,146,67,-583.0,-567.6,-2.97,-5.78,-533.9,52.2,294.5
S5/M15/M30,USD_JPY,10/22/50,1,30.0,195,133,62,-327.7,-573.5,-1.67,-5.84,-595.6,43.5,294.5
S5/M15/H1,EUR_JPY,5/10/22,0,15.0,17,17,0,-2122.3,0.0,-10.65,0.0,0.0,0.0,298.9
S5/M15/H1,EUR_JPY,5/10/22,0,20.0,14,14,0,-2097.8,0.0,-10.53,0.0,0.0,0.0,298.9
S5/M15/H1,EUR_JPY,5/10/22,0,30.0,14,14,0,-1874.8,0.0,-9.41,0.0,0.0,0.0,298.9
S5/M15/H1,EUR_JPY,5/10/22,1,15.0,271,183,88,-494.7,11.7,-2.48,0.12,-325.9,71.6,298.9
S5/M15/H1,EUR_JPY,5/10/22,1,20.0,250,168,82,-371.4,-181.8,-1.86,-1.82,-405.1,62.2,298.9
S5/M15/H1,EUR_JPY,5/10/22,1,30.0,228,153,75,-140.7,158.6,-0.71,1.59,-291.2,54.7,298.9
S5/M15/H1,EUR_JPY,5/15/35,0,15.0,54,54,0,-852.4,0.0,-4.28,0.0,0.0,0.0,298.9
S5/M15/H1,EUR_JPY,5/15/35,0,20.0,67,67,0,674.0,0.0,3.38,0.0,0.0,0.0,298.9
S5/M15/H1,EUR_JPY,5/15/35,0,30.0,23,23,0,-1618.3,0.0,-8.12,0.0,0.0,0.0,298.9
S5/M15/H1,EUR_JPY,5/15/35,1,15.0,217,157,60,-1230.5,-279.5,-6.18,-2.81,-441.5,65.0,298.9
S5/M15/H1,EUR_JPY,5/15/35,1,20.0,206,147,59,-1133.5,-392.3,-5.69,-3.94,-588.5,55.9,298.9
S5/M15/H1,EUR_JPY,5/15/35,1,30.0,187,131,56,-648.0,-503.0,-3.25,-5.05,-748.6,44.6,298.9
S5/M15/H1,EUR_JPY,5/22/50,0,15.0,44,44,0,-987.4,0.0,-4.96,0.0,0.0,0.0,298.9
S5/M15/H1,EUR_JPY,5/22/50,0,20.0,40,40,0,-837.0,0.0,-4.2,0.0,0.0,0.0,298.9
S5/M15/H1,EUR_JPY,5/22/50,0,30.0,13,13,0,-1903.3,0.0,-9.55,0.0,0.0,0.0,298.9
S5/M15/H1,EUR_JPY,5/22/50,1,15.0,195,138,57,-575.9,40.5,-2.89,0.41,-193.9,73.7,298.9
S5/M15/H1,EUR_JPY,5/22/50,1,20.0,186,130,56,-303.9,-169.0,-1.52,-1.7,-358.8,64.3,298.9
S5/M15/H1,EUR_JPY,5/22/50,1,30.0,162,114,48,-190.5,-94.4,-0.96,-0.95,-371.0,52.1,298.9
S5/M15/H1,EUR_JPY,7/15/35,0,15.0,49,49,0,-919.9,0.0,-4.62,0.0,0.0,0.0,298.9
S5/M15/H1,EUR_JPY,7/15/35,0,20.0,31,31,0,-1181.9,0.0,-5.93,0.0,0.0,0.0,298.9
S5/M15/H1,EUR_JPY,7/15/35,0,30.0,17,17,0,-1789.3,0.0,-8.98,0.0,0.0,0.0,298.9
S5/M15/H1,EUR_JPY,7/15/35,1,15.0,223,166,57,-939.4,-25.5,-4.71,-0.26,-258.7,75.4,298.9
S5/M15/H1,EUR_JPY,7/15/35,1,20.0,212,157,55,-717.1,-108.7,-3.6,-1.09,-368.9,65.5,298.9
S5/M15/H1,EUR_JPY,7/15/35,1,30.0,190,139,51,-297.0,-151.4,-1.49,-1.52,-432.5,52.9,298.9
S5/M15/H1,EUR_JPY,7/22/50,0,15.0,45,45,0,-973.9,0.0,-4.89,0.0,0.0,0.0,298.9
S5/M15/H1,EUR_JPY,7/22/50,0,20.0,42,42,0,-800.0,0.0,-4.01,0.0,0.0,0.0,298.9
S5/M15/H1,EUR_JPY,7/22/50,0,30.0,14,14,0,-1874.8,0.0,-9.41,0.0,0.0,0.0,298.9
S5/M15/H1,EUR_JPY,7/22/50,1,15.0,198,140,58,-1022.4,36.7,-5.13,0.37,-138.8,75.9,298.9
S5/M15/H1,EUR_JPY,7/22/50,1,20.0,187,132,55,-762.0,-163.2,-3.82,-1.64,-281.0,67.3,298.9
S5/M15/H1,EUR_JPY,7/22/50,1,30.0,164,116,48,-176.1,-101.1,-0.88,-1.02,-285.9,56.2,298.9
S5/M15/H1,EUR_JPY,10/22/50,0,15.0,44,44,0,-987.4,0.0,-4.96,0.0,0.0,0.0,298.9
S5/M15/H1,EUR_JPY,10/22/50,0,20.0,38,38,0,-874.0,0.0,-4.39,0.0,0.0,0.0,298.9
S5/M15/H1,EUR_JPY,10/22/50,0,30.0,13,13,0,-1903.3,0.0,-9.55,0.0,0.0,0.0,298.9
S5/M15/H1,EUR_JPY,10/22/50,1,15.0,193,133,60,-626.6,-25.8,-3.14,-0.26,-120.5,78.3,298.9
S5/M15/H1,EUR_JPY,10/22/50,1,20.0,179,123,56,-334.8,-89.2,-1.68,-0.9,-235.2,71.4,298.9
S5/M15/H1,EUR_JPY,10/22/50,1,30.0,157,109,48,363.7,13.3,1.83,0.13,-199.9,62.5,298.9
S5/M15/H1,EUR_USD,5/10/22,0,15.0,53,53,0,55.2,0.0,0.17,0.0,0.0,0.0,478.2
S5/M15/H1,EUR_USD,5/10/22,0,20.0,37,37,0,11.5,0.0,0.04,0.0,0.0,0.0,478.2
S5/M15/H1,EUR_USD,5/10/22,0,30.0,21,21,0,-92.2,0.0,-0.29,0.0,0.0,0.0,478.2
S5/M15/H1,EUR_USD,5/10/22,1,15.0,344,228,116,-1000.9,68.8,-3.14,0.43,-153.8,63.8,478.2
S5/M15/H1,EUR_USD,5/10/22,1,20.0,332,219,113,-909.3,-119.6,-2.85,-0.75,-302.1,50.4,478.2
S5/M15/H1,EUR_USD,5/10/22,1,30.0,314,208,106,-978.3,-309.1,-3.07,-1.94,-352.3,39.6,478.2
S5/M15/H1,EUR_USD,5/15/35,0,15.0,78,78,0,404.7,0.0,1.27,0.0,0.0,0.0,478.2
S5/M15/H1,EUR_USD,5/15/35,0,20.0,63,63,0,505.0,0.0,1.58,0.0,0.0,0.0,478.2
S5/M15/H1,EUR_USD,5/15/35,0,30.0,55,55,0,893.1,0.0,2.8,0.0,0.0,0.0,478.2
S5/M15/H1,EUR_USD,5/15/35,1,15.0,304,205,99,-1153.3,-140.7,-3.62,-0.88,-224.8,61.6,478.2
S5/M15/H1,EUR_USD,5/15/35,1,20.0,294,199,95,-1246.9,-375.4,-3.91,-2.36,-382.9,49.5,478.2
S5/M15/H1,EUR_USD,5/15/35,1,30.0,272,185,87,-1331.6,-361.9,-4.18,-2.27,-324.8,40.2,478.2
S5/M15/H1,EUR_USD,5/22/50,0,15.0,64,64,0,209.0,0.0,0.66,0.0,0.0,0.0,478.2
S5/M15/H1,EUR_USD,5/22/50,0,20.0,56,56,0,372.1,0.0,1.17,0.0,0.0,0.0,478.2
S5/M15/H1,EUR_USD,5/22/50,0,30.0,42,42,0,516.4,0.0,1.62,0.0,0.0,0.0,478.2
S5/M15/H1,EUR_USD,5/22/50,1,15.0,238,162,76,-850.3,-60.7,-2.67,-0.38,-164.6,67.1,478.2
S5/M15/H1,EUR_USD,5/22/50,1,20.0,233,157,76,-942.0,-303.9,-2.95,-1.91,-238.5,53.9,478.2
S5/M15/H1,EUR_USD,5/22/50,1,30.0,214,146,68,-1189.8,-380.8,-3.73,-2.39,-326.6,42.6,478.2
S5/M15/H1,EUR_USD,7/15/35,0,15.0,57,57,0,-218.3,0.0,-0.68,0.0,0.0,0.0,478.2
S5/M15/H1,EUR_USD,7/15/35,0,20.0,44,44,0,-185.1,0.0,-0.58,0.0,0.0,0.0,478.2
S5/M15/H1,EUR_USD,7/15/35,0,30.0,20,20,0,-450.6,0.0,-1.41,0.0,0.0,0.0,478.2
S5/M15/H1,EUR_USD,7/15/35,1,15.0,314,210,104,-1082.8,-230.4,-3.4,-1.45,-321.1,61.5,478.2
S5/M15/H1,EUR_USD,7/15/35,1,20.0,294,202,92,-1149.7,-417.2,-3.61,-2.62,-464.4,50.0,478.2
S5/M15/H1,EUR_USD,7/15/35,1,30.0,273,184,89,-1234.8,-504.8,-3.87,-3.17,-458.8,40.4,478.2
S5/M15/H1,EUR_USD,7/22/50,0,15.0,60,60,0,-176.4,0.0,-0.55,0.0,0.0,0.0,478.2
S5/M15/H1,EUR_USD,7/22/50,0,20.0,51,51,0,-52.2,0.0,-0.16,0.0,0.0,0.0,478.2
S5/M15/H1,EUR_USD,7/22/50,0,30.0,20,20,0,-50.7,0.0,-0.16,0.0,0.0,0.0,478.2
S5/M15/H1,EUR_USD,7/22/50,1,15.0,258,182,76,-1072.4,34.4,-3.36,0.22,-90.9,64.5,478.2
S5/M15/H1,EUR_USD,7/22/50,1,20.0,249,175,74,-1016.7,-206.9,-3.19,-1.3,-216.8,52.7,478.2
S5/M15/H1,EUR_USD,7/22/50,1,30.0,227,159,68,-1500.4,-327.0,-4.71,-2.05,-285.4,39.7,478.2
S5/M15/H1,EUR_USD,10/22/50,0,15.0,50,50,0,-316.2,0.0,-0.99,0.0,0.0,0.0,478.2
S5/M15/H1,EUR_USD,10/22/50,0,20.0,40,40,0,-261.0,0.0,-0.82,0.0,0.0,0.0,478.2
S5/M15/H1,EUR_USD,10/22/50,0,30.0,45,45,0,948.7,0.0,2.98,0.0,0.0,0.0,478.2
S5/M15/H1,EUR_USD,10/22/50,1,15.0,256,168,88,-824.4,241.4,-2.59,1.51,-119.2,73.9,478.2
S5/M15/H1,EUR_USD,10/22/50,1,20.0,243,161,82,-612.6,-104.9,-1.92,-0.66,-273.8,59.8,478.2
S5/M15/H1,EUR_USD,10/22/50,1,30.0,217,144,73,-740.7,-137.1,-2.32,-0.86,-328.8,49.3,478.2
S5/M15/H1,GBP_JPY,5/10/22,0,15.0,14,14,0,-2805.7,0.0,-13.89,0.0,0.0,0.0,303.1
S5/M15/H1,GBP_JPY,5/10/22,0,20.0,13,13,0,-2761.6,0.0,-13.67,0.0,0.0,0.0,303.1
S5/M15/H1,GBP_JPY,5/10/22,0,30.0,12,12,0,-2649.1,0.0,-13.11,0.0,0.0,0.0,303.1
S5/M15/H1,GBP_JPY,5/10/22,1,15.0,256,154,102,-686.4,-44.0,-3.4,-0.44,-263.0,78.4,303.1
S5/M15/H1,GBP_JPY,5/10/22,1,20.0,240,145,95,-773.4,-189.0,-3.83,-1.87,-441.5,68.4,303.1
S5/M15/H1,GBP_JPY,5/10/22,1,30.0,214,130,84,-734.0,-303.7,-3.63,-3.01,-599.3,54.8,303.1
S5/M15/H1,GBP_JPY,5/15/35,0,15.0,8,8,0,-2881.3,0.0,-14.26,0.0,0.0,0.0,303.1
S5/M15/H1,GBP_JPY,5/15/35,0,20.0,6,6,0,-2884.8,0.0,-14.28,0.0,0.0,0.0,303.1
S5/M15/H1,GBP_JPY,5/15/35,0,30.0,5,5,0,-2842.3,0.0,-14.07,0.0,0.0,0.0,303.1
S5/M15/H1,GBP_JPY,5/15/35,1,15.0,209,137,72,-620.1,-163.6,-3.07,-1.62,-328.8,77.8,303.1
S5/M15/H1,GBP_JPY,5/15/35,1,20.0,188,124,64,-760.5,-291.6,-3.76,-2.89,-441.0,71.9,303.1
S5/M15/H1,GBP_JPY,5/15/35,1,30.0,173,113,60,-633.8,-274.2,-3.14,-2.71,-541.4,60.0,303.1
S5/M15/H1,GBP_JPY,5/22/50,0,15.0,12,12,0,-2830.9,0.0,-14.01,0.0,0.0,0.0,303.1
S5/M15/H1,GBP_JPY,5/22/50,0,20.0,11,11,0,-2796.8,0.0,-13.84,0.0,0.0,0.0,303.1
S5/M15/H1,GBP_JPY,5/22/50,0,30.0,9,9,0,-2731.9,0.0,-13.52,0.0,0.0,0.0,303.1
S5/M15/H1,GBP_JPY,5/22/50,1,15.0,160,106,54,-716.8,-198.7,-3.55,-1.97,-358.6,79.6,303.1
S5/M15/H1,GBP_JPY,5/22/50,1,20.0,149,98,51,-642.0,-208.8,-3.18,-2.07,-408.3,76.5,303.1
S5/M15/H1,GBP_JPY,5/22/50,1,30.0,135,90,45,-549.4,-291.6,-2.72,-2.89,-519.9,62.2,303.1
S5/M15/H1,GBP_JPY,7/15/35,0,15.0,10,10,0,-2856.1,0.0,-14.14,0.0,0.0,0.0,303.1
S5/M15/H1,GBP_JPY,7/15/35,0,20.0,8,8,0,-2849.6,0.0,-14.1,0.0,0.0,0.0,303.1
S5/M15/H1,GBP_JPY,7/15/35,0,30.0,6,6,0,-2814.7,0.0,-13.93,0.0,0.0,0.0,303.1
S5/M15/H1,GBP_JPY,7/15/35,1,15.0,234,157,77,-514.4,-330.8,-2.55,-3.27,-516.4,75.3,303.1
S5/M15/H1,GBP_JPY,7/15/35,1,20.0,207,139,68,-736.1,-269.7,-3.64,-2.67,-492.0,69.1,303.1
S5/M15/H1,GBP_JPY,7/15/35,1,30.0,185,124,61,-621.4,-321.7,-3.08,-3.18,-636.4,55.7,303.1
S5/M15/H1,GBP_JPY,7/22/50,0,15.0,18,18,0,-2755.3,0.0,-13.64,0.0,0.0,0.0,303.1
S5/M15/H1,GBP_JPY,7/22/50,0,20.0,16,16,0,-2708.8,0.0,-13.41,0.0,0.0,0.0,303.1
S5/M15/H1,GBP_JPY,7/22/50,0,30.0,15,15,0,-2566.3,0.0,-12.7,0.0,0.0,0.0,303.1
S5/M15/H1,GBP_JPY,7/22/50,1,15.0,197,136,61,-593.4,-294.2,-2.94,-2.91,-515.6,78.7,303.1
S5/M15/H1,GBP_JPY,7/22/50,1,20.0,182,126,56,-605.9,-292.6,-3.0,-2.9,-448.0,73.2,303.1
S5/M15/H1,GBP_JPY,7/22/50,1,30.0,164,112,52,-640.0,-500.0,-3.17,-4.95,-656.0,61.5,303.1
S5/M15/H1,GBP_JPY,10/22/50,0,15.0,12,12,0,-2830.9,0.0,-14.01,0.0,0.0,0.0,303.1
S5/M15/H1,GBP_JPY,10/22/50,0,20.0,11,11,0,-2796.8,0.0,-13.84,0.0,0.0,0.0,303.1
S5/M15/H1,GBP_JPY,10/22/50,0,30.0,10,10,0,-2704.3,0.0,-13.38,0.0,0.0,0.0,303.1
S5/M15/H1,GBP_JPY,10/22/50,1,15.0,169,110,59,-453.0,-303.7,-2.24,-3.01,-446.8,79.7,303.1
S5/M15/H1,GBP_JPY,10/22/50,1,20.0,157,102,55,-628.1,-129.1,-3.11,-1.28,-311.6,78.2,303.1
S5/M15/H1,GBP_JPY,10/22/50,1,30.0,140,92,48,-404.8,-400.9,-2.0,-3.97,-556.9,62.5,303.1
S5/M15/H1,GBP_USD,5/10/22,0,15.0,62,62,0,438.3,0.0,2.3,0.0,0.0,0.0,286.5
S5/M15/H1,GBP_USD,5/10/22,0,20.0,59,37,22,686.7,276.0,3.6,2.89,-113.8,95.5,286.5
S5/M15/H1,GBP_USD,5/10/22,0,30.0,35,31,4,885.4,-335.1,4.64,-3.51,-420.8,75.0,286.5
S5/M15/H1,GBP_USD,5/10/22,1,15.0,222,141,81,-760.5,-616.0,-3.98,-6.45,-769.8,51.9,286.5
S5/M15/H1,GBP_USD,5/10/22,1,20.0,212,134,78,-601.1,-593.4,-3.15,-6.21,-699.7,46.2,286.5
S5/M15/H1,GBP_USD,5/10/22,1,30.0,202,128,74,-549.4,-442.7,-2.88,-4.64,-644.1,41.9,286.5
S5/M15/H1,GBP_USD,5/15/35,0,15.0,78,78,0,656.8,0.0,3.44,0.0,0.0,0.0,286.5
S5/M15/H1,GBP_USD,5/15/35,0,20.0,73,45,28,835.2,385.1,4.37,4.03,-116.0,96.4,286.5
S5/M15/H1,GBP_USD,5/15/35,0,30.0,47,42,5,1199.5,-306.6,6.28,-3.21,-420.8,80.0,286.5
S5/M15/H1,GBP_USD,5/15/35,1,15.0,181,113,68,-325.4,-310.2,-1.7,-3.25,-364.0,61.8,286.5
S5/M15/H1,GBP_USD,5/15/35,1,20.0,166,103,63,-212.2,-165.0,-1.11,-1.73,-216.7,58.7,286.5
S5/M15/H1,GBP_USD,5/15/35,1,30.0,158,101,57,-280.9,-184.1,-1.47,-1.93,-267.1,47.4,286.5
S5/M15/H1,GBP_USD,5/22/50,0,15.0,27,26,1,352.6,-420.8,1.85,-4.41,0.0,0.0,286.5
S5/M15/H1,GBP_USD,5/22/50,0,20.0,24,23,1,426.9,-420.8,2.24,-4.41,0.0,0.0,286.5
S5/M15/H1,GBP_USD,5/22/50,0,30.0,21,20,1,571.2,-420.8,2.99,-4.41,0.0,0.0,286.5
S5/M15/H1,GBP_USD,5/22/50,1,15.0,168,110,58,-385.3,-381.6,-2.02,-4.0,-487.5,67.2,286.5
S5/M15/H1,GBP_USD,5/22/50,1,20.0,159,103,56,-287.7,-293.2,-1.51,-3.07,-378.3,64.3,286.5
S5/M15/H1,GBP_USD,5/22/50,1,30.0,151,100,51,-355.7,-327.1,-1.86,-3.43,-422.3,52.9,286.5
S5/M15/H1,GBP_USD,7/15/35,0,15.0,78,78,0,656.8,0.0,3.44,0.0,0.0,0.0,286.5
S5/M15/H1,GBP_USD,7/15/35,0,20.0,34,34,0,225.1,0.0,1.18,0.0,0.0,0.0,286.5
S5/M15/H1,GBP_USD,7/15/35,0,30.0,44,39,5,1113.8,-306.6,5.83,-3.21,-420.8,80.0,286.5
S5/M15/H1,GBP_USD,7/15/35,1,15.0,185,113,72,-349.4,-191.6,-1.83,-2.01,-345.0,66.7,286.5
S5/M15/H1,GBP_USD,7/15/35,1,20.0,168,103,65,-394.4,-42.9,-2.07,-0.45,-318.6,63.1,286.5
S5/M15/H1,GBP_USD,7/15/35,1,30.0,158,99,59,-200.7,-101.5,-1.05,-1.06,-310.2,49.2,286.5
S5/M15/H1,GBP_USD,7/22/50,0,15.0,52,43,9,583.1,-312.3,3.05,-3.27,-420.8,88.9,286.5
S5/M15/H1,GBP_USD,7/22/50,0,20.0,25,24,1,445.4,-420.8,2.33,-4.41,0.0,0.0,286.5
S5/M15/H1,GBP_USD,7/22/50,0,30.0,16,16,0,41.1,0.0,0.22,0.0,0.0,0.0,286.5
S5/M15/H1,GBP_USD,7/22/50,1,15.0,175,115,60,-10.9,-553.0,-0.06,-5.79,-634.4,66.7,286.5
S5/M15/H1,GBP_USD,7/22/50,1,20.0,161,107,54,-152.8,-603.1,-0.8,-6.32,-627.2,59.3,286.5
S5/M15/H1,GBP_USD,7/22/50,1,30.0,153,101,52,-49.3,-561.6,-0.26,-5.88,-613.3,50.0,286.5
S5/M15/H1,GBP_USD,10/22/50,0,15.0,41,41,0,153.6,0.0,0.8,0.0,0.0,0.0,286.5
S5/M15/H1,GBP_USD,10/22/50,0,20.0,22,21,1,389.8,-420.8,2.04,-4.41,0.0,0.0,286.5
S5/M15/H1,GBP_USD,10/22/50,0,30.0,27,19,8,542.6,-220.9,2.84,-2.31,-420.8,87.5,286.5
S5/M15/H1,GBP_USD,10/22/50,1,15.0,157,100,57,-393.5,-192.6,-2.06,-2.02,-302.6,73.7,286.5
S5/M15/H1,GBP_USD,10/22/50,1,20.0,146,95,51,-472.1,-204.7,-2.47,-2.14,-379.7,68.6,286.5
S5/M15/H1,GBP_USD,10/22/50,1,30.0,141,92,49,-616.8,-81.9,-3.23,-0.86,-367.2,61.2,286.5
S5/M15/H1,USD_JPY,5/10/22,0,15.0,89,89,0,426.5,0.0,2.17,0.0,0.0,0.0,294.5
S5/M15/H1,USD_JPY,5/10/22,0,20.0,78,78,0,660.4,0.0,3.36,0.0,0.0,0.0,294.5
S5/M15/H1,USD_JPY,5/10/22,0,30.0,90,69,21,1983.1,33.9,10.1,0.35,-540.9,95.2,294.5
S5/M15/H1,USD_JPY,5/10/22,1,15.0,270,188,82,447.0,-306.7,2.28,-3.12,-434.8,64.6,294.5
S5/M15/H1,USD_JPY,5/10/22,1,20.0,253,176,77,508.8,-422.9,2.59,-4.31,-488.5,57.1,294.5
S5/M15/H1,USD_JPY,5/10/22,1,30.0,230,157,73,661.4,-374.8,3.37,-3.82,-533.4,47.9,294.5
S5/M15/H1,USD_JPY,5/15/35,0,15.0,88,88,0,412.8,0.0,2.1,0.0,0.0,0.0,294.5
S5/M15/H1,USD_JPY,5/15/35,0,20.0,78,78,0,660.4,0.0,3.36,0.0,0.0,0.0,294.5
S5/M15/H1,USD_JPY,5/15/35,0,30.0,97,72,25,2069.3,718.5,10.54,7.32,0.0,100.0,294.5
S5/M15/H1,USD_JPY,5/15/35,1,15.0,228,159,69,383.8,-49.9,1.96,-0.51,-230.4,73.9,294.5
S5/M15/H1,USD_JPY,5/15/35,1,20.0,208,145,63,366.9,-336.4,1.87,-3.43,-418.7,60.3,294.5
S5/M15/H1,USD_JPY,5/15/35,1,30.0,187,127,60,512.1,-392.1,2.61,-3.99,-483.0,51.7,294.5
S5/M15/H1,USD_JPY,5/22/50,0,15.0,115,87,28,1195.4,384.7,6.09,3.92,0.0,100.0,294.5
S5/M15/H1,USD_JPY,5/22/50,0,20.0,93,78,15,1461.7,154.7,7.45,1.58,-107.7,93.3,294.5
S5/M15/H1,USD_JPY,5/22/50,0,30.0,16,16,0,-1509.1,0.0,-7.69,0.0,0.0,0.0,294.5
S5/M15/H1,USD_JPY,5/22/50,1,15.0,191,133,58,286.8,101.7,1.46,1.04,-136.1,77.6,294.5
S5/M15/H1,USD_JPY,5/22/50,1,20.0,174,123,51,449.7,-109.4,2.29,-1.11,-250.9,66.7,294.5
S5/M15/H1,USD_JPY,5/22/50,1,30.0,158,110,48,337.9,89.0,1.72,0.91,-276.9,62.5,294.5
S5/M15/H1,USD_JPY,7/15/35,0,15.0,51,51,0,-1022.5,0.0,-5.21,0.0,0.0,0.0,294.5
S5/M15/H1,USD_JPY,7/15/35,0,20.0,44,44,0,-903.6,0.0,-4.6,0.0,0.0,0.0,294.5
S5/M15/H1,USD_JPY,7/15/35,0,30.0,34,34,0,-761.0,0.0,-3.88,0.0,0.0,0.0,294.5
S5/M15/H1,USD_JPY,7/15/35,1,15.0,242,154,88,92.6,-237.3,0.47,-2.42,-514.8,71.6,294.5
S5/M15/H1,USD_JPY,7/15/35,1,20.0,219,139,80,120.3,-450.9,0.61,-4.59,-710.1,61.3,294.5
S5/M15/H1,USD_JPY,7/15/35,1,30.0,198,122,76,100.3,-388.5,0.51,-3.96,-734.8,51.3,294.5
S5/M15/H1,USD_JPY,7/22/50,0,15.0,35,35,0,-1242.3,0.0,-6.33,0.0,0.0,0.0,294.5
S5/M15/H1,USD_JPY,7/22/50,0,20.0,30,30,0,-1166.0,0.0,-5.94,0.0,0.0,0.0,294.5
S5/M15/H1,USD_JPY,7/22/50,0,30.0,26,26,0,-991.0,0.0,-5.05,0.0,0.0,0.0,294.5
S5/M15/H1,USD_JPY,7/22/50,1,15.0,199,131,68,413.1,-143.7,2.1,-1.46,-289.7,75.0,294.5
S5/M15/H1,USD_JPY,7/22/50,1,20.0,178,118,60,612.6,-161.3,3.12,-1.64,-385.1,70.0,294.5
S5/M15/H1,USD_JPY,7/22/50,1,30.0,164,108,56,739.1,13.8,3.76,0.14,-386.3,64.3,294.5
S5/M15/H1,USD_JPY,10/22/50,0,15.0,82,82,0,330.3,0.0,1.68,0.0,0.0,0.0,294.5
S5/M15/H1,USD_JPY,10/22/50,0,20.0,113,80,33,1499.2,612.3,7.64,6.24,0.0,100.0,294.5
S5/M15/H1,USD_JPY,10/22/50,0,30.0,17,17,0,-1480.4,0.0,-7.54,0.0,0.0,0.0,294.5
S5/M15/H1,USD_JPY,10/22/50,1,15.0,199,135,64,473.5,159.3,2.41,1.62,-189.8,79.7,294.5
S5/M15/H1,USD_JPY,10/22/50,1,20.0,178,124,54,363.9,6.0,1.85,0.06,-352.7,74.1,294.5
S5/M15/H1,USD_JPY,10/22/50,1,30.0,163,111,52,494.9,-97.2,2.52,-0.99,-523.8,59.6,294.5
S5/M30/H1,EUR_JPY,5/10/22,0,15.0,50,50,0,-1582.1,0.0,-7.94,0.0,0.0,0.0,298.9
S5/M30/H1,EUR_JPY,5/10/22,0,20.0,46,46,0,-1411.1,0.0,-7.08,0.0,0.0,0.0,298.9
S5/M30/H1,EUR_JPY,5/10/22,0,30.0,39,39,0,-1160.6,0.0,-5.82,0.0,0.0,0.0,298.9
S5/M30/H1,EUR_JPY,5/10/22,1,15.0,209,140,69,-117.3,1.4,-0.59,0.01,-276.6,72.5,298.9
S5/M30/H1,EUR_JPY,5/10/22,1,20.0,193,127,66,-35.5,107.0,-0.18,1.07,-308.5,66.7,298.9
S5/M30/H1,EUR_JPY,5/10/22,1,30.0,176,115,61,271.3,211.6,1.36,2.12,-338.0,57.4,298.9
S5/M30/H1,EUR_JPY,5/15/35,0,15.0,39,39,0,-1168.7,0.0,-5.87,0.0,0.0,0.0,298.9
S5/M30/H1,EUR_JPY,5/15/35,0,20.0,43,43,0,-781.5,0.0,-3.92,0.0,0.0,0.0,298.9
S5/M30/H1,EUR_JPY,5/15/35,0,30.0,37,37,0,-544.8,0.0,-2.73,0.0,0.0,0.0,298.9
S5/M30/H1,EUR_JPY,5/15/35,1,15.0,156,110,46,-796.1,76.0,-4.0,0.76,-137.5,76.1,298.9
S5/M30/H1,EUR_JPY,5/15/35,1,20.0,144,101,43,-769.3,79.9,-3.86,0.8,-194.0,67.4,298.9
S5/M30/H1,EUR_JPY,5/15/35,1,30.0,130,91,39,-461.4,122.7,-2.32,1.23,-212.2,56.4,298.9
S5/M30/H1,EUR_JPY,5/22/50,0,15.0,40,40,0,-1041.4,0.0,-5.23,0.0,0.0,0.0,298.9
S5/M30/H1,EUR_JPY,5/22/50,0,20.0,36,36,0,-911.0,0.0,-4.57,0.0,0.0,0.0,298.9
S5/M30/H1,EUR_JPY,5/22/50,0,30.0,34,34,0,-630.3,0.0,-3.16,0.0,0.0,0.0,298.9
S5/M30/H1,EUR_JPY,5/22/50,1,15.0,129,86,43,-631.1,-244.4,-3.17,-2.45,-362.4,67.4,298.9
S5/M30/H1,EUR_JPY,5/22/50,1,20.0,118,78,40,-717.0,-172.0,-3.6,-1.73,-304.5,62.5,298.9
S5/M30/H1,EUR_JPY,5/22/50,1,30.0,107,70,37,-516.7,-153.1,-2.59,-1.54,-388.9,51.4,298.9
S5/M30/H1,EUR_JPY,7/15/35,0,15.0,48,48,0,-933.4,0.0,-4.68,0.0,0.0,0.0,298.9
S5/M30/H1,EUR_JPY,7/15/35,0,20.0,55,55,0,476.3,0.0,2.39,0.0,0.0,0.0,298.9
S5/M30/H1,EUR_JPY,7/15/35,0,30.0,45,45,0,731.3,0.0,3.67,0.0,0.0,0.0,298.9
S5/M30/H1,EUR_JPY,7/15/35,1,15.0,146,105,41,-647.4,-23.3,-3.25,-0.23,-140.4,70.7,298.9
S5/M30/H1,EUR_JPY,7/15/35,1,20.0,133,94,39,-630.5,85.9,-3.16,0.86,-137.7,69.2,298.9
S5/M30/H1,EUR_JPY,7/15/35,1,30.0,118,82,36,-339.2,94.5,-1.7,0.95,-161.6,55.6,298.9
S5/M30/H1,EUR_JPY,7/22/50,0,15.0,40,40,0,-1041.4,0.0,-5.23,0.0,0.0,0.0,298.9
S5/M30/H1,EUR_JPY,7/22/50,0,20.0,34,34,0,-948.0,0.0,-4.76,0.0,0.0,0.0,298.9
S5/M30/H1,EUR_JPY,7/22/50,0,30.0,28,28,0,-801.3,0.0,-4.02,0.0,0.0,0.0,298.9
S5/M30/H1,EUR_JPY,7/22/50,1,15.0,98,71,27,-500.4,-90.6,-2.51,-0.91,-165.9,74.1,298.9
S5/M30/H1,EUR_JPY,7/22/50,1,20.0,90,63,27,-519.4,-20.9,-2.61,-0.21,-117.2,70.4,298.9
S5/M30/H1,EUR_JPY,7/22/50,1,30.0,79,55,24,-367.0,8.9,-1.84,0.09,-118.1,58.3,298.9
S5/M30/H1,EUR_JPY,10/22/50,0,15.0,53,53,0,157.8,0.0,0.79,0.0,0.0,0.0,298.9
S5/M30/H1,EUR_JPY,10/22/50,0,20.0,46,46,0,288.3,0.0,1.45,0.0,0.0,0.0,298.9
S5/M30/H1,EUR_JPY,10/22/50,0,30.0,23,23,0,-1293.8,0.0,-6.49,0.0,0.0,0.0,298.9
S5/M30/H1,EUR_JPY,10/22/50,1,15.0,117,82,35,-653.4,-151.1,-3.28,-1.52,-233.2,74.3,298.9
S5/M30/H1,EUR_JPY,10/22/50,1,20.0,106,72,34,-548.4,-211.7,-2.75,-2.13,-325.7,67.6,298.9
S5/M30/H1,EUR_JPY,10/22/50,1,30.0,93,65,28,-440.7,32.1,-2.21,0.32,-170.3,64.3,298.9
S5/M30/H1,EUR_USD,5/10/22,0,15.0,30,30,0,-1140.7,0.0,-3.58,0.0,0.0,0.0,478.2
S5/M30/H1,EUR_USD,5/10/22,0,20.0,27,27,0,-1052.6,0.0,-3.3,0.0,0.0,0.0,478.2
S5/M30/H1,EUR_USD,5/10/22,0,30.0,11,11,0,-1256.3,0.0,-3.94,0.0,0.0,0.0,478.2
S5/M30/H1,EUR_USD,5/10/22,1,15.0,235,162,73,-647.8,25.3,-2.03,0.16,-257.2,64.4,478.2
S5/M30/H1,EUR_USD,5/10/22,1,20.0,228,158,70,-766.0,-8.9,-2.4,-0.06,-213.3,54.3,478.2
S5/M30/H1,EUR_USD,5/10/22,1,30.0,214,147,67,-913.1,-137.8,-2.86,-0.86,-217.3,43.3,478.2
S5/M30/H1,EUR_USD,5/15/35,0,15.0,65,37,28,517.3,198.1,1.62,1.24,-179.3,96.4,478.2
S5/M30/H1,EUR_USD,5/15/35,0,20.0,30,30,0,219.6,0.0,0.69,0.0,0.0,0.0,478.2
S5/M30/H1,EUR_USD,5/15/35,0,30.0,23,23,0,306.8,0.0,0.96,0.0,0.0,0.0,478.2
S5/M30/H1,EUR_USD,5/15/35,1,15.0,208,136,72,-782.7,-218.5,-2.46,-1.37,-250.6,63.9,478.2
S5/M30/H1,EUR_USD,5/15/35,1,20.0,196,128,68,-674.9,-219.0,-2.12,-1.37,-294.7,55.9,478.2
S5/M30/H1,EUR_USD,5/15/35,1,30.0,184,121,63,-595.5,-178.3,-1.87,-1.12,-255.0,49.2,478.2
S5/M30/H1,EUR_USD,5/22/50,0,15.0,85,58,27,810.8,184.2,2.54,1.16,-179.3,96.3,478.2
S5/M30/H1,EUR_USD,5/22/50,0,20.0,45,45,0,504.3,0.0,1.58,0.0,0.0,0.0,478.2
S5/M30/H1,EUR_USD,5/22/50,0,30.0,34,34,0,625.6,0.0,1.96,0.0,0.0,0.0,478.2
S5/M30/H1,EUR_USD,5/22/50,1,15.0,169,112,57,-575.4,-151.4,-1.81,-0.95,-193.0,68.4,478.2
S5/M30/H1,EUR_USD,5/22/50,1,20.0,154,101,53,-578.4,-8.1,-1.81,-0.05,-155.3,62.3,478.2
S5/M30/H1,EUR_USD,5/22/50,1,30.0,142,92,50,-695.1,-12.6,-2.18,-0.08,-176.1,54.0,478.2
S5/M30/H1,EUR_USD,7/15/35,0,15.0,58,58,0,270.5,0.0,0.85,0.0,0.0,0.0,478.2
S5/M30/H1,EUR_USD,7/15/35,0,20.0,22,22,0,-115.1,0.0,-0.36,0.0,0.0,0.0,478.2
S5/M30/H1,EUR_USD,7/15/35,0,30.0,29,29,0,-18.8,0.0,-0.06,0.0,0.0,0.0,478.2
S5/M30/H1,EUR_USD,7/15/35,1,15.0,197,137,60,-991.8,85.1,-3.11,0.53,-172.7,68.3,478.2
S5/M30/H1,EUR_USD,7/15/35,1,20.0,182,125,57,-999.8,-17.8,-3.14,-0.11,-172.7,57.9,478.2
S5/M30/H1,EUR_USD,7/15/35,1,30.0,169,116,53,-946.1,-65.1,-2.97,-0.41,-141.2,52.8,478.2
S5/M30/H1,EUR_USD,7/22/50,0,15.0,20,20,0,-1280.5,0.0,-4.02,0.0,0.0,0.0,478.2
S5/M30/H1,EUR_USD,7/22/50,0,20.0,16,16,0,-1089.8,0.0,-3.42,0.0,0.0,0.0,478.2
S5/M30/H1,EUR_USD,7/22/50,0,30.0,28,28,0,282.9,0.0,0.89,0.0,0.0,0.0,478.2
S5/M30/H1,EUR_USD,7/22/50,1,15.0,172,114,58,-303.9,217.8,-0.95,1.37,-74.4,72.4,478.2
S5/M30/H1,EUR_USD,7/22/50,1,20.0,155,104,51,-651.8,252.8,-2.04,1.59,-89.1,66.7,478.2
S5/M30/H1,EUR_USD,7/22/50,1,30.0,147,98,49,-736.7,155.8,-2.31,0.98,-127.1,55.1,478.2
S5/M30/H1,EUR_USD,10/22/50,0,15.0,84,42,42,587.2,522.6,1.84,3.28,-50.6,97.6,478.2
S5/M30/H1,EUR_USD,10/22/50,0,20.0,67,34,33,645.3,556.7,2.02,3.49,-50.6,97.0,478.2
S5/M30/H1,EUR_USD,10/22/50,0,30.0,51,30,21,869.4,529.0,2.73,3.32,-50.6,95.2,478.2
S5/M30/H1,EUR_USD,10/22/50,1,15.0,161,103,58,-44.9,136.4,-0.14,0.86,-128.8,75.9,478.2
S5/M30/H1,EUR_USD,10/22/50,1,20.0,147,98,49,-491.7,296.8,-1.54,1.86,-92.9,73.5,478.2
S5/M30/H1,EUR_USD,10/22/50,1,30.0,139,93,46,-362.4,132.3,-1.14,0.83,-105.9,60.9,478.2
S5/M30/H1,GBP_JPY,5/10/22,0,15.0,18,18,0,-2758.6,0.0,-13.65,0.0,0.0,0.0,303.1
S5/M30/H1,GBP_JPY,5/10/22,0,20.0,15,15,0,-2712.9,0.0,-13.43,0.0,0.0,0.0,303.1
S5/M30/H1,GBP_JPY,5/10/22,0,30.0,12,12,0,-2655.7,0.0,-13.14,0.0,0.0,0.0,303.1
S5/M30/H1,GBP_JPY,5/10/22,1,15.0,208,123,85,-881.6,114.2,-4.36,1.13,-149.7,80.0,303.1
S5/M30/H1,GBP_JPY,5/10/22,1,20.0,189,112,77,-953.8,-198.0,-4.72,-1.96,-419.3,66.2,303.1
S5/M30/H1,GBP_JPY,5/10/22,1,30.0,160,93,67,-992.3,-98.6,-4.91,-0.98,-406.6,58.2,303.1
S5/M30/H1,GBP_JPY,5/15/35,0,15.0,11,11,0,-2846.8,0.0,-14.09,0.0,0.0,0.0,303.1
S5/M30/H1,GBP_JPY,5/15/35,0,20.0,9,9,0,-2818.5,0.0,-13.95,0.0,0.0,0.0,303.1
S5/M30/H1,GBP_JPY,5/15/35,0,30.0,8,8,0,-2766.1,0.0,-13.69,0.0,0.0,0.0,303.1
S5/M30/H1,GBP_JPY,5/15/35,1,15.0,166,100,66,-619.8,250.8,-3.07,2.48,-107.7,83.3,303.1
S5/M30/H1,GBP_JPY,5/15/35,1,20.0,147,87,60,-711.0,192.5,-3.52,1.91,-130.7,73.3,303.1
S5/M30/H1,GBP_JPY,5/15/35,1,30.0,127,75,52,-648.8,411.7,-3.21,4.08,-123.8,67.3,303.1
S5/M30/H1,GBP_JPY,5/22/50,0,15.0,13,13,0,-2821.6,0.0,-13.96,0.0,0.0,0.0,303.1
S5/M30/H1,GBP_JPY,5/22/50,0,20.0,11,11,0,-2783.3,0.0,-13.78,0.0,0.0,0.0,303.1
S5/M30/H1,GBP_JPY,5/22/50,0,30.0,10,10,0,-2710.9,0.0,-13.42,0.0,0.0,0.0,303.1
S5/M30/H1,GBP_JPY,5/22/50,1,15.0,131,81,50,-1120.8,-157.8,-5.55,-1.56,-296.9,78.0,303.1
S5/M30/H1,GBP_JPY,5/22/50,1,20.0,122,74,48,-1341.6,-98.6,-6.64,-0.98,-312.8,72.9,303.1
S5/M30/H1,GBP_JPY,5/22/50,1,30.0,104,63,41,-1241.0,-20.8,-6.14,-0.21,-353.6,65.9,303.1
S5/M30/H1,GBP_JPY,7/15/35,0,15.0,13,13,0,-2821.6,0.0,-13.96,0.0,0.0,0.0,303.1
S5/M30/H1,GBP_JPY,7/15/35,0,20.0,39,39,0,-822.6,0.0,-4.07,0.0,0.0,0.0,303.1
S5/M30/H1,GBP_JPY,7/15/35,0,30.0,18,18,0,-1417.1,0.0,-7.01,0.0,0.0,0.0,303.1
S5/M30/H1,GBP_JPY,7/15/35,1,15.0,160,91,69,-420.8,310.1,-2.08,3.07,-126.5,87.0,303.1
S5/M30/H1,GBP_JPY,7/15/35,1,20.0,141,80,61,-489.0,157.6,-2.42,1.56,-197.0,77.0,303.1
S5/M30/H1,GBP_JPY,7/15/35,1,30.0,120,68,52,-85.8,256.6,-0.42,2.54,-223.7,67.3,303.1
S5/M30/H1,GBP_JPY,7/22/50,0,15.0,13,13,0,-2821.6,0.0,-13.96,0.0,0.0,0.0,303.1
S5/M30/H1,GBP_JPY,7/22/50,0,20.0,10,10,0,-2800.9,0.0,-13.86,0.0,0.0,0.0,303.1
S5/M30/H1,GBP_JPY,7/22/50,0,30.0,8,8,0,-2766.1,0.0,-13.69,0.0,0.0,0.0,303.1
S5/M30/H1,GBP_JPY,7/22/50,1,15.0,142,82,60,-635.8,-28.0,-3.15,-0.28,-300.3,85.0,303.1
S5/M30/H1,GBP_JPY,7/22/50,1,20.0,127,71,56,-900.6,-35.8,-4.46,-0.35,-280.8,78.6,303.1
S5/M30/H1,GBP_JPY,7/22/50,1,30.0,107,63,44,-760.1,-18.3,-3.76,-0.18,-304.6,70.5,303.1
S5/M30/H1,GBP_JPY,10/22/50,0,15.0,17,17,0,-2771.2,0.0,-13.72,0.0,0.0,0.0,303.1
S5/M30/H1,GBP_JPY,10/22/50,0,20.0,71,39,32,686.4,488.3,3.4,4.83,-57.3,96.9,303.1
S5/M30/H1,GBP_JPY,10/22/50,0,30.0,45,32,13,883.2,302.5,4.37,2.99,-28.7,92.3,303.1
S5/M30/H1,GBP_JPY,10/22/50,1,15.0,122,78,44,-960.0,-213.3,-4.75,-2.11,-305.1,84.1,303.1
S5/M30/H1,GBP_JPY,10/22/50,1,20.0,115,72,43,-1309.0,-119.1,-6.48,-1.18,-287.7,79.1,303.1
S5/M30/H1,GBP_JPY,10/22/50,1,30.0,96,61,35,-1240.2,-147.1,-6.14,-1.46,-287.2,68.6,303.1
S5/M30/H1,GBP_USD,5/10/22,0,15.0,7,7,0,-632.0,0.0,-3.31,0.0,0.0,0.0,286.5
S5/M30/H1,GBP_USD,5/10/22,0,20.0,6,6,0,-620.5,0.0,-3.25,0.0,0.0,0.0,286.5
S5/M30/H1,GBP_USD,5/10/22,0,30.0,5,5,0,-599.1,0.0,-3.14,0.0,0.0,0.0,286.5
S5/M30/H1,GBP_USD,5/10/22,1,15.0,180,122,58,-222.4,-330.3,-1.16,-3.46,-417.1,58.6,286.5
S5/M30/H1,GBP_USD,5/10/22,1,20.0,162,114,48,-342.5,-468.0,-1.79,-4.9,-527.7,43.8,286.5
S5/M30/H1,GBP_USD,5/10/22,1,30.0,148,103,45,-308.7,-441.3,-1.62,-4.62,-495.0,37.8,286.5
S5/M30/H1,GBP_USD,5/15/35,0,15.0,8,8,0,-618.4,0.0,-3.24,0.0,0.0,0.0,286.5
S5/M30/H1,GBP_USD,5/15/35,0,20.0,7,7,0,-602.0,0.0,-3.15,0.0,0.0,0.0,286.5
S5/M30/H1,GBP_USD,5/15/35,0,30.0,6,6,0,-570.5,0.0,-2.99,0.0,0.0,0.0,286.5
S5/M30/H1,GBP_USD,5/15/35,1,15.0,134,81,53,8.6,-83.0,0.05,-0.87,-326.1,69.8,286.5
S5/M30/H1,GBP_USD,5/15/35,1,20.0,117,73,44,44.3,-162.1,0.23,-1.7,-302.5,56.8,286.5
S5/M30/H1,GBP_USD,5/15/35,1,30.0,109,66,43,104.2,-255.7,0.55,-2.68,-331.9,44.2,286.5
S5/M30/H1,GBP_USD,5/22/50,0,15.0,10,10,0,-591.3,0.0,-3.1,0.0,0.0,0.0,286.5
S5/M30/H1,GBP_USD,5/22/50,0,20.0,9,9,0,-564.9,0.0,-2.96,0.0,0.0,0.0,286.5
S5/M30/H1,GBP_USD,5/22/50,0,30.0,7,7,0,-542.0,0.0,-2.84,0.0,0.0,0.0,286.5
S5/M30/H1,GBP_USD,5/22/50,1,15.0,113,80,33,37.6,99.7,0.2,1.04,-71.5,84.8,286.5
S5/M30/H1,GBP_USD,5/22/50,1,20.0,98,70,28,170.3,70.0,0.89,0.73,-107.3,75.0,286.5
S5/M30/H1,GBP_USD,5/22/50,1,30.0,89,63,26,61.3,58.9,0.32,0.62,-159.4,61.5,286.5
S5/M30/H1,GBP_USD,7/15/35,0,15.0,9,9,0,-604.9,0.0,-3.17,0.0,0.0,0.0,286.5
S5/M30/H1,GBP_USD,7/15/35,0,20.0,8,8,0,-583.4,0.0,-3.05,0.0,0.0,0.0,286.5
S5/M30/H1,GBP_USD,7/15/35,0,30.0,7,7,0,-542.0,0.0,-2.84,0.0,0.0,0.0,286.5
S5/M30/H1,GBP_USD,7/15/35,1,15.0,118,77,41,-43.3,42.2,-0.23,0.44,-100.6,73.2,286.5
S5/M30/H1,GBP_USD,7/15/35,1,20.0,104,70,34,93.8,21.5,0.49,0.23,-142.3,61.8,286.5
S5/M30/H1,GBP_USD,7/15/35,1,30.0,95,61,34,170.1,-161.9,0.89,-1.7,-280.4,41.2,286.5
S5/M30/H1,GBP_USD,7/22/50,0,15.0,8,8,0,-618.4,0.0,-3.24,0.0,0.0,0.0,286.5
S5/M30/H1,GBP_USD,7/22/50,0,20.0,7,7,0,-602.0,0.0,-3.15,0.0,0.0,0.0,286.5
S5/M30/H1,GBP_USD,7/22/50,0,30.0,6,6,0,-570.5,0.0,-2.99,0.0,0.0,0.0,286.5
S5/M30/H1,GBP_USD,7/22/50,1,15.0,110,69,41,2.3,14.7,0.01,0.15,-95.3,78.0,286.5
S5/M30/H1,GBP_USD,7/22/50,1,20.0,97,62,35,53.3,-35.3,0.28,-0.37,-170.3,71.4,286.5
S5/M30/H1,GBP_USD,7/22/50,1,30.0,88,56,32,129.5,-104.4,0.68,-1.09,-197.8,56.2,286.5
S5/M30/H1,GBP_USD,10/22/50,0,15.0,6,6,0,-645.5,0.0,-3.38,0.0,0.0,0.0,286.5
S5/M30/H1,GBP_USD,10/22/50,0,20.0,5,5,0,-639.1,0.0,-3.35,0.0,0.0,0.0,286.5
S5/M30/H1,GBP_USD,10/22/50,0,30.0,4,4,0,-627.7,0.0,-3.29,0.0,0.0,0.0,286.5
S5/M30/H1,GBP_USD,10/22/50,1,15.0,101,71,30,13.5,-60.4,0.07,-0.63,-79.4,73.3,286.5
S5/M30/H1,GBP_USD,10/22/50,1,20.0,91,65,26,215.6,-31.0,1.13,-0.33,-91.2,69.2,286.5
S5/M30/H1,GBP_USD,10/22/50,1,30.0,80,57,23,125.1,-88.7,0.65,-0.93,-90.9,56.5,286.5
S5/M30/H1,USD_JPY,5/10/22,0,15.0,92,92,0,456.0,0.0,2.32,0.0,0.0,0.0,294.5
S5/M30/H1,USD_JPY,5/10/22,0,20.0,70,70,0,20.5,0.0,0.1,0.0,0.0,0.0,294.5
S5/M30/H1,USD_JPY,5/10/22,0,30.0,13,13,0,-1592.7,0.0,-8.11,0.0,0.0,0.0,294.5
S5/M30/H1,USD_JPY,5/10/22,1,15.0,204,139,65,632.0,-116.7,3.22,-1.19,-325.9,69.2,294.5
S5/M30/H1,USD_JPY,5/10/22,1,20.0,183,123,60,465.0,-101.6,2.37,-1.04,-352.0,61.7,294.5
S5/M30/H1,USD_JPY,5/10/22,1,30.0,160,104,56,692.4,-240.0,3.53,-2.44,-404.1,44.6,294.5
S5/M30/H1,USD_JPY,5/15/35,0,15.0,68,68,0,-371.2,0.0,-1.89,0.0,0.0,0.0,294.5
S5/M30/H1,USD_JPY,5/15/35,0,20.0,59,59,0,-204.9,0.0,-1.04,0.0,0.0,0.0,294.5
S5/M30/H1,USD_JPY,5/15/35,0,30.0,42,42,0,-113.5,0.0,-0.58,0.0,0.0,0.0,294.5
S5/M30/H1,USD_JPY,5/15/35,1,15.0,163,113,50,42.8,-372.5,0.22,-3.8,-428.9,66.0,294.5
S5/M30/H1,USD_JPY,5/15/35,1,20.0,149,103,46,197.2,-498.8,1.0,-5.08,-566.4,56.5,294.5
S5/M30/H1,USD_JPY,5/15/35,1,30.0,130,86,44,361.8,-413.8,1.84,-4.22,-493.2,43.2,294.5
S5/M30/H1,USD_JPY,5/22/50,0,15.0,83,78,5,1071.7,-59.4,5.46,-0.61,-114.4,80.0,294.5
S5/M30/H1,USD_JPY,5/22/50,0,20.0,72,67,5,1255.6,-39.4,6.4,-0.4,-114.4,80.0,294.5
S5/M30/H1,USD_JPY,5/22/50,0,30.0,14,14,0,-1563.9,0.0,-7.97,0.0,0.0,0.0,294.5
S5/M30/H1,USD_JPY,5/22/50,1,15.0,148,106,42,115.1,-215.9,0.59,-2.2,-346.2,71.4,294.5
S5/M30/H1,USD_JPY,5/22/50,1,20.0,131,93,38,290.6,-209.2,1.48,-2.13,-321.2,65.8,294.5
S5/M30/H1,USD_JPY,5/22/50,1,30.0,114,80,34,363.7,-275.4,1.85,-2.81,-338.3,50.0,294.5
S5/M30/H1,USD_JPY,7/15/35,0,15.0,66,66,0,-398.7,0.0,-2.03,0.0,0.0,0.0,294.5
S5/M30/H1,USD_JPY,7/15/35,0,20.0,60,60,0,-186.2,0.0,-0.95,0.0,0.0,0.0,294.5
S5/M30/H1,USD_JPY,7/15/35,0,30.0,47,47,0,30.2,0.0,0.15,0.0,0.0,0.0,294.5
S5/M30/H1,USD_JPY,7/15/35,1,15.0,174,102,72,-130.4,169.2,-0.66,1.72,-166.4,77.8,294.5
S5/M30/H1,USD_JPY,7/15/35,1,20.0,157,92,65,-54.6,-165.5,-0.28,-1.69,-385.9,64.6,294.5
S5/M30/H1,USD_JPY,7/15/35,1,30.0,138,81,57,143.1,-210.4,0.73,-2.14,-490.7,50.9,294.5
S5/M30/H1,USD_JPY,7/22/50,0,15.0,105,62,43,851.9,577.0,4.34,5.88,-0.1,97.7,294.5
S5/M30/H1,USD_JPY,7/22/50,0,20.0,68,54,14,1012.0,-467.1,5.15,-4.76,-710.8,92.9,294.5
S5/M30/H1,USD_JPY,7/22/50,0,30.0,75,44,31,1264.6,862.1,6.44,8.78,-0.1,96.8,294.5
S5/M30/H1,USD_JPY,7/22/50,1,15.0,132,84,48,-403.8,277.2,-2.06,2.82,-110.9,83.3,294.5
S5/M30/H1,USD_JPY,7/22/50,1,20.0,115,72,43,-293.0,93.0,-1.49,0.95,-139.1,72.1,294.5
S5/M30/H1,USD_JPY,7/22/50,1,30.0,104,66,38,-226.3,214.0,-1.15,2.18,-179.0,63.2,294.5
S5/M30/H1,USD_JPY,10/22/50,0,15.0,51,51,0,-107.4,0.0,-0.55,0.0,0.0,0.0,294.5
S5/M30/H1,USD_JPY,10/22/50,0,20.0,43,43,0,7.4,0.0,0.04,0.0,0.0,0.0,294.5
S5/M30/H1,USD_JPY,10/22/50,0,30.0,5,5,0,-1822.6,0.0,-9.28,0.0,0.0,0.0,294.5
S5/M30/H1,USD_JPY,10/22/50,1,15.0,128,77,51,-26.5,156.2,-0.13,1.59,-188.7,80.4,294.5
S5/M30/H1,USD_JPY,10/22/50,1,20.0,112,68,44,-14.0,-94.8,-0.07,-0.97,-219.9,70.5,294.5
S5/M30/H1,USD_JPY,10/22/50,1,30.0,99,58,41,-97.8,-45.1,-0.5,-0.46,-323.6,61.0,294.5
M1/M5/M15,EUR_USD,5/10/22,0,15.0,176,146,30,2041.1,124.6,8.82,1.08,-280.9,96.7,347.2
M1/M5/M15,EUR_USD,5/10/22,0,20.0,77,77,0,1120.1,0.0,4.84,0.0,0.0,0.0,347.2
M1/M5/M15,EUR_USD,5/10/22,0,30.0,11,11,0,-1149.3,0.0,-4.96,0.0,0.0,0.0,347.2
M1/M5/M15,EUR_USD,5/10/22,1,15.0,766,523,243,-726.7,-488.4,-3.14,-4.22,-589.7,36.2,347.2
M1/M5/M15,EUR_USD,5/10/22,1,20.0,726,492,234,-806.1,-522.4,-3.48,-4.51,-640.6,33.8,347.2
M1/M5/M15,EUR_USD,5/10/22,1,30.0,699,473,226,-815.6,-466.6,-3.52,-4.03,-583.5,31.4,347.2
M1/M5/M15,EUR_USD,5/15/35,0,15.0,6,6,0,-1475.6,0.0,-6.37,0.0,0.0,0.0,347.2
M1/M5/M15,EUR_USD,5/15/35,0,20.0,5,5,0,-1469.5,0.0,-6.35,0.0,0.0,0.0,347.2
M1/M5/M15,EUR_USD,5/15/35,0,30.0,5,5,0,-1429.5,0.0,-6.18,0.0,0.0,0.0,347.2
M1/M5/M15,EUR_USD,5/15/35,1,15.0,640,420,220,-908.3,-387.9,-3.92,-3.35,-443.3,40.9,347.2
M1/M5/M15,EUR_USD,5/15/35,1,20.0,609,398,211,-828.8,-376.6,-3.58,-3.25,-471.8,37.0,347.2
M1/M5/M15,EUR_USD,5/15/35,1,30.0,575,377,198,-807.8,-365.1,-3.49,-3.15,-484.1,33.8,347.2
M1/M5/M15,EUR_USD,5/22/50,0,15.0,5,5,0,-1493.4,0.0,-6.45,0.0,0.0,0.0,347.2
M1/M5/M15,EUR_USD,5/22/50,0,20.0,5,5,0,-1473.4,0.0,-6.37,0.0,0.0,0.0,347.2
M1/M5/M15,EUR_USD,5/22/50,0,30.0,4,4,0,-1462.4,0.0,-6.32,0.0,0.0,0.0,347.2
M1/M5/M15,EUR_USD,5/22/50,1,15.0,525,347,178,-490.4,-298.7,-2.12,-2.58,-368.4,46.6,347.2
M1/M5/M15,EUR_USD,5/22/50,1,20.0,488,323,165,-306.8,-287.7,-1.33,-2.49,-356.4,39.4,347.2
M1/M5/M15,EUR_USD,5/22/50,1,30.0,459,303,156,-306.5,-31.0,-1.32,-0.27,-349.9,37.8,347.2
M1/M5/M15,EUR_USD,7/15/35,0,15.0,52,52,0,-125.3,0.0,-0.54,0.0,0.0,0.0,347.2
M1/M5/M15,EUR_USD,7/15/35,0,20.0,87,75,12,1423.5,-75.4,6.15,-0.65,-284.2,91.7,347.2
M1/M5/M15,EUR_USD,7/15/35,0,30.0,16,16,0,-388.9,0.0,-1.68,0.0,0.0,0.0,347.2
M1/M5/M15,EUR_USD,7/15/35,1,15.0,677,454,223,-523.9,-540.6,-2.26,-4.67,-638.0,39.5,347.2
M1/M5/M15,EUR_USD,7/15/35,1,20.0,647,436,211,-532.0,-533.9,-2.3,-4.61,-610.3,36.5,347.2
M1/M5/M15,EUR_USD,7/15/35,1,30.0,605,406,199,-548.2,-456.7,-2.37,-3.95,-531.4,33.7,347.2
M1/M5/M15,EUR_USD,7/22/50,0,15.0,54,54,0,-258.8,0.0,-1.12,0.0,0.0,0.0,347.2
M1/M5/M15,EUR_USD,7/22/50,0,20.0,23,23,0,-582.2,0.0,-2.52,0.0,0.0,0.0,347.2
M1/M5/M15,EUR_USD,7/22/50,0,30.0,27,27,0,101.5,0.0,0.44,0.0,0.0,0.0,347.2
M1/M5/M15,EUR_USD,7/22/50,1,15.0,561,373,188,-373.8,-132.9,-1.61,-1.15,-248.7,48.9,347.2
M1/M5/M15,EUR_USD,7/22/50,1,20.0,531,353,178,-528.2,-171.1,-2.28,-1.48,-319.7,42.7,347.2
M1/M5/M15,EUR_USD,7/22/50,1,30.0,491,326,165,-557.7,-134.8,-2.41,-1.16,-242.9,37.6,347.2
M1/M5/M15,EUR_USD,10/22/50,0,15.0,16,16,0,-1229.4,0.0,-5.31,0.0,0.0,0.0,347.2
M1/M5/M15,EUR_USD,10/22/50,0,20.0,31,31,0,-430.4,0.0,-1.86,0.0,0.0,0.0,347.2
M1/M5/M15,EUR_USD,10/22/50,0,30.0,32,32,0,248.4,0.0,1.07,0.0,0.0,0.0,347.2
M1/M5/M15,EUR_USD,10/22/50,1,15.0,498,335,163,-427.0,-76.4,-1.84,-0.66,-259.2,46.6,347.2
M1/M5/M15,EUR_USD,10/22/50,1,20.0,473,317,156,-392.7,-79.3,-1.7,-0.68,-304.5,41.0,347.2
M1/M5/M15,EUR_USD,10/22/50,1,30.0,441,292,149,-194.1,-37.4,-0.84,-0.32,-250.2,38.3,347.2
M1/M15/M30,EUR_USD,5/10/22,0,15.0,89,86,3,1202.3,-227.2,5.19,-1.96,-255.2,66.7,347.2
M1/M15/M30,EUR_USD,5/10/22,0,20.0,5,5,0,-1428.5,0.0,-6.17,0.0,0.0,0.0,347.2
M1/M15/M30,EUR_USD,5/10/22,0,30.0,4,4,0,-1417.5,0.0,-6.12,0.0,0.0,0.0,347.2
M1/M15/M30,EUR_USD,5/10/22,1,15.0,387,255,132,-766.4,-310.6,-3.31,-2.68,-338.5,44.7,347.2
M1/M15/M30,EUR_USD,5/10/22,1,20.0,370,243,127,-648.8,-303.9,-2.8,-2.63,-346.6,40.9,347.2
M1/M15/M30,EUR_USD,5/10/22,1,30.0,350,226,124,-530.4,-335.8,-2.29,-2.9,-403.7,37.1,347.2
M1/M15/M30,EUR_USD,5/15/35,0,15.0,15,15,0,-1239.1,0.0,-5.35,0.0,0.0,0.0,347.2
M1/M15/M30,EUR_USD,5/15/35,0,20.0,7,7,0,-1390.6,0.0,-6.01,0.0,0.0,0.0,347.2
M1/M15/M30,EUR_USD,5/15/35,0,30.0,6,6,0,-1359.6,0.0,-5.87,0.0,0.0,0.0,347.2
M1/M15/M30,EUR_USD,5/15/35,1,15.0,298,195,103,-481.5,-2.3,-2.08,-0.02,-172.7,51.5,347.2
M1/M15/M30,EUR_USD,5/15/35,1,20.0,285,187,98,-406.1,-213.8,-1.75,-1.85,-240.5,36.7,347.2
M1/M15/M30,EUR_USD,5/15/35,1,30.0,267,172,95,-535.5,-329.4,-2.31,-2.85,-350.8,29.5,347.2
M1/M15/M30,EUR_USD,5/22/50,0,15.0,4,4,0,-1507.4,0.0,-6.51,0.0,0.0,0.0,347.2
M1/M15/M30,EUR_USD,5/22/50,0,20.0,4,4,0,-1492.4,0.0,-6.45,0.0,0.0,0.0,347.2
M1/M15/M30,EUR_USD,5/22/50,0,30.0,4,4,0,-1462.4,0.0,-6.32,0.0,0.0,0.0,347.2
M1/M15/M30,EUR_USD,5/22/50,1,15.0,253,166,87,-62.1,-62.3,-0.27,-0.54,-177.3,55.2,347.2
M1/M15/M30,EUR_USD,5/22/50,1,20.0,236,156,80,11.6,-95.5,0.05,-0.83,-189.6,47.5,347.2
M1/M15/M30,EUR_USD,5/22/50,1,30.0,216,139,77,-93.3,-217.3,-0.4,-1.88,-293.6,36.4,347.2
M1/M15/M30,EUR_USD,7/15/35,0,15.0,15,15,0,-1239.1,0.0,-5.35,0.0,0.0,0.0,347.2
M1/M15/M30,EUR_USD,7/15/35,0,20.0,7,7,0,-1390.6,0.0,-6.01,0.0,0.0,0.0,347.2
M1/M15/M30,EUR_USD,7/15/35,0,30.0,6,6,0,-1359.6,0.0,-5.87,0.0,0.0,0.0,347.2
M1/M15/M30,EUR_USD,7/15/35,1,15.0,288,188,100,-580.1,-100.9,-2.51,-0.87,-192.3,54.0,347.2
M1/M15/M30,EUR_USD,7/15/35,1,20.0,272,178,94,-568.9,-176.8,-2.46,-1.53,-190.8,44.7,347.2
M1/M15/M30,EUR_USD,7/15/35,1,30.0,254,161,93,-670.2,-253.2,-2.9,-2.19,-300.0,37.6,347.2
M1/M15/M30,EUR_USD,7/22/50,0,15.0,76,59,17,824.8,166.8,3.56,1.44,-56.9,94.1,347.2
M1/M15/M30,EUR_USD,7/22/50,0,20.0,6,6,0,-1409.6,0.0,-6.09,0.0,0.0,0.0,347.2
M1/M15/M30,EUR_USD,7/22/50,0,30.0,6,6,0,-1359.6,0.0,-5.87,0.0,0.0,0.0,347.2
M1/M15/M30,EUR_USD,7/22/50,1,15.0,247,155,92,-380.3,172.5,-1.64,1.49,-156.5,60.9,347.2
M1/M15/M30,EUR_USD,7/22/50,1,20.0,232,145,87,-430.1,78.7,-1.86,0.68,-206.6,51.7,347.2
M1/M15/M30,EUR_USD,7/22/50,1,30.0,213,132,81,-405.5,45.9,-1.75,0.4,-179.0,42.0,347.2
M1/M15/M30,EUR_USD,10/22/50,0,15.0,11,11,0,-1296.1,0.0,-5.6,0.0,0.0,0.0,347.2
M1/M15/M30,EUR_USD,10/22/50,0,20.0,6,6,0,-1409.6,0.0,-6.09,0.0,0.0,0.0,347.2
M1/M15/M30,EUR_USD,10/22/50,0,30.0,6,6,0,-1359.6,0.0,-5.87,0.0,0.0,0.0,347.2
M1/M15/M30,EUR_USD,10/22/50,1,15.0,235,151,84,-505.4,103.8,-2.18,0.9,-140.1,59.5,347.2
M1/M15/M30,EUR_USD,10/22/50,1,20.0,224,144,80,-613.1,107.3,-2.65,0.93,-139.0,52.5,347.2
M1/M15/M30,EUR_USD,10/22/50,1,30.0,205,128,77,-431.1,127.8,-1.86,1.1,-133.5,45.5,347.2
M1/M15/H1,EUR_USD,5/10/22,0,15.0,3,3,0,-1516.4,0.0,-6.55,0.0,0.0,0.0,347.2
M1/M15/H1,EUR_USD,5/10/22,0,20.0,3,3,0,-1506.4,0.0,-6.51,0.0,0.0,0.0,347.2
M1/M15/H1,EUR_USD,5/10/22,0,30.0,3,3,0,-1486.4,0.0,-6.42,0.0,0.0,0.0,347.2
M1/M15/H1,EUR_USD,5/10/22,1,15.0,249,156,93,-25.6,-262.2,-0.11,-2.27,-372.5,51.6,347.2
M1/M15/H1,EUR_USD,5/10/22,1,20.0,229,140,89,99.6,-440.2,0.43,-3.8,-510.6,39.3,347.2
M1/M15/H1,EUR_USD,5/10/22,1,30.0,220,135,85,124.3,-517.4,0.54,-4.47,-555.6,30.6,347.2
M1/M15/H1,EUR_USD,5/15/35,0,15.0,4,4,0,-1502.4,0.0,-6.49,0.0,0.0,0.0,347.2
M1/M15/H1,EUR_USD,5/15/35,0,20.0,4,4,0,-1487.4,0.0,-6.43,0.0,0.0,0.0,347.2
M1/M15/H1,EUR_USD,5/15/35,0,30.0,4,4,0,-1457.4,0.0,-6.3,0.0,0.0,0.0,347.2
M1/M15/H1,EUR_USD,5/15/35,1,15.0,213,139,74,-442.2,55.3,-1.91,0.48,-187.6,63.5,347.2
M1/M15/H1,EUR_USD,5/15/35,1,20.0,195,124,71,-324.9,-39.2,-1.4,-0.34,-344.9,52.1,347.2
M1/M15/H1,EUR_USD,5/15/35,1,30.0,185,119,66,-457.8,-255.0,-1.98,-2.2,-334.4,36.4,347.2
M1/M15/H1,EUR_USD,5/22/50,0,15.0,3,3,0,-1516.4,0.0,-6.55,0.0,0.0,0.0,347.2
M1/M15/H1,EUR_USD,5/22/50,0,20.0,3,3,0,-1506.4,0.0,-6.51,0.0,0.0,0.0,347.2
M1/M15/H1,EUR_USD,5/22/50,0,30.0,3,3,0,-1486.4,0.0,-6.42,0.0,0.0,0.0,347.2
M1/M15/H1,EUR_USD,5/22/50,1,15.0,186,124,62,-485.6,-46.6,-2.1,-0.4,-125.5,64.5,347.2
M1/M15/H1,EUR_USD,5/22/50,1,20.0,173,111,62,-460.5,3.4,-1.99,0.03,-185.6,58.1,347.2
M1/M15/H1,EUR_USD,5/22/50,1,30.0,163,104,59,-500.7,-417.8,-2.16,-3.61,-508.2,35.6,347.2
M1/M15/H1,EUR_USD,7/15/35,0,15.0,4,4,0,-1493.3,0.0,-6.45,0.0,0.0,0.0,347.2
M1/M15/H1,EUR_USD,7/15/35,0,20.0,4,4,0,-1478.3,0.0,-6.39,0.0,0.0,0.0,347.2
M1/M15/H1,EUR_USD,7/15/35,0,30.0,4,4,0,-1448.3,0.0,-6.26,0.0,0.0,0.0,347.2
M1/M15/H1,EUR_USD,7/15/35,1,15.0,225,139,86,-165.8,-274.8,-0.72,-2.37,-437.2,55.8,347.2
M1/M15/H1,EUR_USD,7/15/35,1,20.0,211,130,81,-405.8,-194.5,-1.75,-1.68,-474.2,50.6,347.2
M1/M15/H1,EUR_USD,7/15/35,1,30.0,197,123,74,-643.6,-451.5,-2.78,-3.9,-460.6,35.1,347.2
M1/M15/H1,EUR_USD,7/22/50,0,15.0,3,3,0,-1507.3,0.0,-6.51,0.0,0.0,0.0,347.2
M1/M15/H1,EUR_USD,7/22/50,0,20.0,3,3,0,-1497.3,0.0,-6.47,0.0,0.0,0.0,347.2
M1/M15/H1,EUR_USD,7/22/50,0,30.0,3,3,0,-1477.3,0.0,-6.38,0.0,0.0,0.0,347.2
M1/M15/H1,EUR_USD,7/22/50,1,15.0,187,118,69,-286.3,-28.0,-1.24,-0.24,-190.3,66.7,347.2
M1/M15/H1,EUR_USD,7/22/50,1,20.0,172,106,66,-433.8,90.1,-1.87,0.78,-227.2,62.1,347.2
M1/M15/H1,EUR_USD,7/22/50,1,30.0,158,100,58,-487.2,-50.9,-2.1,-0.44,-283.9,48.3,347.2
M1/M15/H1,EUR_USD,10/22/50,0,15.0,1,1,0,-1535.3,0.0,-6.63,0.0,0.0,0.0,347.2
M1/M15/H1,EUR_USD,10/22/50,0,20.0,1,1,0,-1535.3,0.0,-6.63,0.0,0.0,0.0,347.2
M1/M15/H1,EUR_USD,10/22/50,0,30.0,1,1,0,-1535.3,0.0,-6.63,0.0,0.0,0.0,347.2
M1/M15/H1,EUR_USD,10/22/50,1,15.0,182,111,71,-338.4,108.9,-1.46,0.94,-111.3,73.2,347.2
M1/M15/H1,EUR_USD,10/22/50,1,20.0,166,100,66,-392.9,114.0,-1.7,0.98,-153.6,65.2,347.2
M1/M15/H1,EUR_USD,10/22/50,1,30.0,149,92,57,-352.9,62.1,-1.52,0.54,-244.5,52.6,347.2
M1/M30/H1,EUR_USD,5/10/22,0,15.0,6,6,0,-1450.4,0.0,-6.27,0.0,0.0,0.0,347.2
M1/M30/H1,EUR_USD,5/10/22,0,20.0,6,6,0,-1425.4,0.0,-6.16,0.0,0.0,0.0,347.2
M1/M30/H1,EUR_USD,5/10/22,0,30.0,6,6,0,-1375.4,0.0,-5.94,0.0,0.0,0.0,347.2
M1/M30/H1,EUR_USD,5/10/22,1,15.0,179,114,65,-457.9,-191.6,-1.98,-1.66,-269.2,52.3,347.2
M1/M30/H1,EUR_USD,5/10/22,1,20.0,163,104,59,-383.2,-190.2,-1.66,-1.64,-298.8,44.1,347.2
M1/M30/H1,EUR_USD,5/10/22,1,30.0,155,98,57,-475.0,-170.6,-2.05,-1.47,-293.5,38.6,347.2
M1/M30/H1,EUR_USD,5/15/35,0,15.0,4,4,0,-1478.4,0.0,-6.39,0.0,0.0,0.0,347.2
M1/M30/H1,EUR_USD,5/15/35,0,20.0,4,4,0,-1463.4,0.0,-6.32,0.0,0.0,0.0,347.2
M1/M30/H1,EUR_USD,5/15/35,0,30.0,4,4,0,-1433.4,0.0,-6.19,0.0,0.0,0.0,347.2
M1/M30/H1,EUR_USD,5/15/35,1,15.0,128,86,42,-271.7,-19.7,-1.17,-0.17,-146.2,61.9,347.2
M1/M30/H1,EUR_USD,5/15/35,1,20.0,119,80,39,-207.6,-74.6,-0.9,-0.64,-185.1,51.3,347.2
M1/M30/H1,EUR_USD,5/15/35,1,30.0,114,76,38,-354.6,62.6,-1.53,0.54,-173.8,50.0,347.2
M1/M30/H1,EUR_USD,5/22/50,0,15.0,4,4,0,-1478.4,0.0,-6.39,0.0,0.0,0.0,347.2
M1/M30/H1,EUR_USD,5/22/50,0,20.0,4,4,0,-1463.4,0.0,-6.32,0.0,0.0,0.0,347.2
M1/M30/H1,EUR_USD,5/22/50,0,30.0,4,4,0,-1433.4,0.0,-6.19,0.0,0.0,0.0,347.2
M1/M30/H1,EUR_USD,5/22/50,1,15.0,108,69,39,-137.6,-15.3,-0.59,-0.13,-135.9,69.2,347.2
M1/M30/H1,EUR_USD,5/22/50,1,20.0,99,64,35,-185.5,-86.8,-0.8,-0.75,-164.2,54.3,347.2
M1/M30/H1,EUR_USD,5/22/50,1,30.0,94,61,33,-367.5,-6.5,-1.59,-0.06,-190.7,51.5,347.2
M1/M30/H1,EUR_USD,7/15/35,0,15.0,3,3,0,-1492.4,0.0,-6.45,0.0,0.0,0.0,347.2
M1/M30/H1,EUR_USD,7/15/35,0,20.0,3,3,0,-1482.4,0.0,-6.4,0.0,0.0,0.0,347.2
M1/M30/H1,EUR_USD,7/15/35,0,30.0,3,3,0,-1462.4,0.0,-6.32,0.0,0.0,0.0,347.2
M1/M30/H1,EUR_USD,7/15/35,1,15.0,127,84,43,-603.1,-9.9,-2.61,-0.09,-151.5,67.4,347.2
M1/M30/H1,EUR_USD,7/15/35,1,20.0,120,78,42,-568.7,-95.6,-2.46,-0.83,-230.7,54.8,347.2
M1/M30/H1,EUR_USD,7/15/35,1,30.0,112,72,40,-664.3,63.7,-2.87,0.55,-177.6,55.0,347.2
M1/M30/H1,EUR_USD,7/22/50,0,15.0,5,5,0,-1464.4,0.0,-6.33,0.0,0.0,0.0,347.2
M1/M30/H1,EUR_USD,7/22/50,0,20.0,4,4,0,-1463.4,0.0,-6.32,0.0,0.0,0.0,347.2
M1/M30/H1,EUR_USD,7/22/50,0,30.0,4,4,0,-1433.4,0.0,-6.19,0.0,0.0,0.0,347.2
M1/M30/H1,EUR_USD,7/22/50,1,15.0,115,80,35,-248.5,22.5,-1.07,0.19,-130.9,74.3,347.2
M1/M30/H1,EUR_USD,7/22/50,1,20.0,107,73,34,-392.4,74.1,-1.69,0.64,-77.6,64.7,347.2
M1/M30/H1,EUR_USD,7/22/50,1,30.0,100,69,31,-338.1,24.5,-1.46,0.21,-141.0,51.6,347.2
M1/M30/H1,EUR_USD,10/22/50,0,15.0,3,3,0,-1492.4,0.0,-6.45,0.0,0.0,0.0,347.2
M1/M30/H1,EUR_USD,10/22/50,0,20.0,3,3,0,-1482.4,0.0,-6.4,0.0,0.0,0.0,347.2
M1/M30/H1,EUR_USD,10/22/50,0,30.0,3,3,0,-1462.4,0.0,-6.32,0.0,0.0,0.0,347.2
M1/M30/H1,EUR_USD,10/22/50,1,15.0,118,79,39,-647.5,21.3,-2.8,0.18,-126.1,71.8,347.2
M1/M30/H1,EUR_USD,10/22/50,1,20.0,105,69,36,-561.0,164.8,-2.42,1.42,-115.0,69.4,347.2
M1/M30/H1,EUR_USD,10/22/50,1,30.0,100,68,32,-461.7,71.1,-1.99,0.61,-147.9,53.1,347.2
