pair,arm,direction,signal_ts,entry_ts,entry_px,exit_ts,exit_px,exit_reason,atr_e,gross_pips,spread_rt_pips,carry_pips,net_pips,hours_held,touches,vrel,net_base,net_spread1p5,net_carry2p0
AUD_JPY,signal,1,2021-01-17 22:00:00+00:00,2021-01-18 02:00:00+00:00,79.862,2021-01-20 02:00:00+00:00,80.034,timecap,0.25649683463312345,17.200000000001125,1.5500000000002956,-0.7142338082191779,14.935766191781653,48.0,1,1.0052494206720428,14.935766191781653,14.160766191781505,14.14924401369946
AUD_JPY,signal,1,2021-03-22 05:00:00+00:00,2021-03-22 09:00:00+00:00,83.941,2021-03-23 09:55:00+00:00,83.3445858379264,sl,0.2982070810367993,-59.64141620736001,1.5000000000000568,-0.35711690410958896,-61.498533111469655,24.916666666666668,1,0.9222243332403938,-61.498533111469655,-62.24853311146968,-61.89179420051075
AUD_JPY,signal,-1,2021-03-29 09:00:00+00:00,2021-03-29 13:00:00+00:00,83.869,2021-03-31 13:00:00+00:00,84.228,timecap,0.3313989953705005,-35.899999999999466,1.199999999999335,-0.6388561917808218,-37.738856191779625,48.0,1,0.8768413368913566,-37.738856191779625,-38.33885619177929,-38.30542401369743
AUD_JPY,signal,1,2021-04-12 01:00:00+00:00,2021-04-12 05:00:00+00:00,83.288,2021-04-14 05:00:00+00:00,83.496,timecap,0.2670705803053128,20.79999999999984,1.3500000000000512,-0.7173230547945205,18.73267694520527,48.0,1,1.1046198710233,18.73267694520527,18.057676945205245,17.946154767123076
AUD_JPY,signal,1,2021-05-21 05:00:00+00:00,2021-05-21 09:00:00+00:00,84.234,2021-05-25 09:00:00+00:00,84.456,timecap,0.2623934132084641,22.20000000000084,1.5000000000000568,-0.7142338082191779,19.985766191781607,96.0,1,0.9676228503586796,19.985766191781607,19.23576619178158,19.199244013699413
AUD_JPY,signal,1,2021-07-20 01:00:00+00:00,2021-07-20 05:00:00+00:00,80.174,2021-07-21 13:45:00+00:00,80.8756517575671,tp,0.35082587878354615,70.16517575670917,1.5500000000002956,-0.35124733561643834,68.26392842109244,32.75,1,0.9089165167030537,68.26392842109244,67.4889284210923,67.87066733205134
AUD_JPY,signal,1,2021-08-16 21:00:00+00:00,2021-08-17 01:00:00+00:00,80.03,2021-08-17 06:50:00+00:00,79.62552991083123,sl,0.202235044584385,-40.447008916876825,1.3500000000000512,0.0,-41.79700891687688,5.833333333333333,1,0.5437864527744536,-41.79700891687688,-42.4720089168769,-41.79700891687688
AUD_JPY,signal,1,2021-08-20 01:00:00+00:00,2021-08-20 05:00:00+00:00,78.342,2021-08-23 09:20:00+00:00,78.97613545915047,tp,0.3170677295752336,63.41354591504711,1.5999999999998238,-0.3518651849315068,61.46168073011578,76.33333333333333,1,0.8039152481863903,61.46168073011578,60.66168073011587,61.068419641074684
AUD_JPY,signal,1,2021-09-20 17:00:00+00:00,2021-09-20 21:00:00+00:00,79.216,2021-09-21 08:15:00+00:00,79.83356250733164,tp,0.30878125366582193,61.75625073316411,5.700000000000216,0.0,56.05625073316389,11.25,1,0.8271042062686695,56.05625073316389,53.206250733163785,56.05625073316389
AUD_JPY,signal,1,2021-11-05 01:00:00+00:00,2021-11-05 05:00:00+00:00,84.086,2021-11-09 03:20:00+00:00,83.4417564527786,sl,0.3221217736106954,-64.4243547221393,1.40000000000029,-0.7006411232876713,-66.52499584542726,94.33333333333333,1,0.8873828324357222,-66.52499584542726,-67.2249958454274,-67.31151802350945
AUD_JPY,signal,1,2021-12-20 02:00:00+00:00,2021-12-20 06:00:00+00:00,80.618,2021-12-21 15:40:00+00:00,81.33427247557619,tp,0.35813623778809167,71.627247557619,1.7000000000010118,-0.35433658219178077,69.57291097542621,33.666666666666664,1,0.6713693296331079,69.57291097542621,68.7229109754257,69.1796498863851
AUD_JPY,signal,-1,2022-02-03 22:00:00+00:00,2022-02-04 02:00:00+00:00,81.94,2022-02-04 14:05:00+00:00,81.32476193293606,tp,0.30761903353196807,61.52380670639417,1.3500000000000512,0.0,60.17380670639412,12.083333333333334,1,0.5344899548204901,60.17380670639412,59.49880670639409,60.17380670639412
AUD_JPY,signal,-1,2022-03-02 02:00:00+00:00,2022-03-02 06:00:00+00:00,83.635,2022-03-02 18:45:00+00:00,84.35488655393547,sl,0.3599432769677353,-71.98865539354671,1.5000000000000568,0.0,-73.48865539354676,12.75,1,0.35591629869913355,-73.48865539354676,-74.2386553935468,-73.48865539354676
AUD_JPY,signal,-1,2022-03-04 02:00:00+00:00,2022-03-04 06:00:00+00:00,84.91,2022-03-08 05:05:00+00:00,84.1811316210055,tp,0.3644341894972442,72.88683789944912,1.6999999999995907,-0.6332955479452052,70.55354235150432,95.08333333333333,1,0.7280527353936528,70.55354235150432,69.70354235150452,69.98697452958652
AUD_JPY,signal,-1,2022-03-13 21:00:00+00:00,2022-03-14 01:00:00+00:00,85.527,2022-03-15 01:35:00+00:00,84.85743735507856,tp,0.33478132246071973,66.95626449214416,1.549999999999585,-0.3166477739726026,65.08961671817197,24.583333333333332,1,0.49495282650395356,65.08961671817197,64.31461671817218,64.80633280721307
AUD_JPY,signal,-1,2022-06-07 21:00:00+00:00,2022-06-08 01:00:00+00:00,96.13,2022-06-10 00:05:00+00:00,95.25882811089193,tp,0.43558594455403477,87.11718891080693,2.10000000000079,-2.0821521917808212,82.93503671902532,47.083333333333336,1,0.5702699492678623,82.93503671902532,81.88503671902492,81.8019010751897
AUD_JPY,signal,1,2022-06-12 21:00:00+00:00,2022-06-13 01:00:00+00:00,94.64,2022-06-13 10:55:00+00:00,93.69817817393995,sl,0.47091091303002536,-94.18218260600497,1.8999999999998352,0.0,-96.0821826060048,9.916666666666666,1,0.6686362744690084,-96.0821826060048,-97.03218260600472,-96.0821826060048
AUD_JPY,signal,-1,2022-06-28 09:00:00+00:00,2022-06-28 13:00:00+00:00,94.518,2022-06-29 06:40:00+00:00,93.50296278546756,tp,0.5075186072662176,101.50372145324411,1.6999999999995907,-0.5205380479452053,99.28318340529931,17.666666666666668,1,1.0794708439862095,99.28318340529931,98.43318340529952,98.99989949434041
AUD_JPY,signal,-1,2022-07-14 01:00:00+00:00,2022-07-14 05:00:00+00:00,93.592,2022-07-18 05:00:00+00:00,94.133,timecap,0.5164217401199166,-54.09999999999968,2.049999999999841,-1.364829136986301,-57.514829136985824,96.0,1,1.0768394945080901,-57.514829136985824,-58.539829136985745,-58.08139695890363
AUD_JPY,signal,-1,2022-08-08 01:00:00+00:00,2022-08-08 05:00:00+00:00,93.799,2022-08-10 05:00:00+00:00,93.919,timecap,0.5222230202248176,-11.999999999999034,1.8000000000000682,-1.6959963698630134,-15.495996369862116,48.0,1,0.8020394889315859,-15.495996369862116,-16.39599636986215,-16.062564191779924
AUD_JPY,signal,-1,2022-08-22 09:00:00+00:00,2022-08-22 13:00:00+00:00,94.721,2022-08-24 13:00:00+00:00,94.288,timecap,0.4130805095073687,43.30000000000069,1.999999999999602,-1.6959963698630134,39.60400363013808,48.0,1,1.1525217821935405,39.60400363013808,38.60400363013828,39.037435808220266
AUD_JPY,signal,-1,2022-09-06 21:00:00+00:00,2022-09-07 01:00:00+00:00,96.097,2022-09-07 06:50:00+00:00,96.8618490003592,sl,0.3824245001796,-76.48490003592059,2.2500000000000853,0.0,-78.73490003592067,5.833333333333333,1,0.8507888155931297,-78.73490003592067,-79.85990003592072,-78.73490003592067
AUD_JPY,signal,-1,2022-09-11 21:00:00+00:00,2022-09-12 01:00:00+00:00,97.72,2022-09-13 12:30:00+00:00,98.5859567726465,sl,0.43297838632325275,-86.59567726464985,2.5500000000000966,-0.9935016986301367,-90.13917896328009,35.5,1,0.4415660605986144,-90.13917896328009,-91.41417896328014,-90.42246287423899
AUD_JPY,signal,1,2022-10-07 05:00:00+00:00,2022-10-07 09:00:00+00:00,92.93,2022-10-10 06:30:00+00:00,91.8652743913646,sl,0.532362804317708,-106.47256086354133,1.9000000000005457,0.41921076027397247,-107.95335010326791,69.5,1,1.0147134221071976,-107.95335010326791,-108.90335010326818,-108.346611192309
AUD_JPY,signal,1,2022-12-19 06:00:00+00:00,2022-12-19 10:00:00+00:00,91.456,2022-12-20 03:05:00+00:00,90.70446123375515,sl,0.3757693831224239,-75.1538766244849,3.049999999999642,0.5705838424657532,-77.63329278201878,17.083333333333332,1,1.0681720612543413,-77.63329278201878,-79.1582927820186,-78.02655387105987
AUD_JPY,signal,-1,2023-02-13 06:00:00+00:00,2023-02-13 10:00:00+00:00,91.818,2023-02-14 13:30:00+00:00,92.5908639354556,sl,0.3864319677278038,-77.28639354556037,2.1000000000000796,-1.3055156027397259,-80.69190914830018,27.5,1,1.1552874751861248,-80.69190914830018,-81.74190914830022,-80.97519305925908
AUD_JPY,signal,1,2023-03-06 14:00:00+00:00,2023-03-06 18:00:00+00:00,91.55,2023-03-07 08:05:00+00:00,90.99286696869294,sl,0.2785665156535328,-55.71330313070604,1.7499999999998295,0.7055839178082192,-56.75771921289765,14.083333333333334,1,1.0581146139554356,-56.75771921289765,-57.63271921289756,-57.150980301938745
AUD_JPY,signal,1,2023-03-24 01:00:00+00:00,2023-03-24 05:00:00+00:00,87.0,2023-03-28 05:00:00+00:00,87.367,timecap,0.5449913185743676,36.70000000000044,1.950000000000074,1.4111678356164383,36.16116783561681,96.0,1,1.0168869243768863,36.16116783561681,35.18616783561677,35.374645657534614
AUD_JPY,signal,1,2023-04-06 05:00:00+00:00,2023-04-06 09:00:00+00:00,88.012,2023-04-10 09:00:00+00:00,88.078,timecap,0.4717378327106212,6.60000000000025,2.049999999999841,1.4470030958904108,5.99700309589082,96.0,1,0.9506633064156905,5.99700309589082,4.9720030958909,5.210480917808628
AUD_JPY,signal,1,2023-04-26 01:00:00+00:00,2023-04-26 05:00:00+00:00,88.314,2023-04-28 01:45:00+00:00,89.01530670951784,tp,0.35065335475892795,70.13067095178513,1.9000000000005457,2.8940061917808215,71.1246771435654,44.75,1,1.1305447575723409,71.1246771435654,70.17467714356513,69.55163278740103
AUD_JPY,signal,1,2023-05-24 01:00:00+00:00,2023-05-24 05:00:00+00:00,91.312,2023-05-26 05:00:00+00:00,91.04,timecap,0.35000636783599526,-27.199999999999136,1.7499999999998295,3.222702027397259,-25.727297972601708,48.0,1,1.0082295502025647,-25.727297972601708,-26.602297972601622,-27.30034232876609
AUD_JPY,signal,1,2023-07-11 01:00:00+00:00,2023-07-11 05:00:00+00:00,94.156,2023-07-12 07:05:00+00:00,93.40284815432575,sl,0.3765759228371237,-75.31518456742532,1.5999999999998238,0.8875405410958901,-76.02764402632926,26.083333333333332,1,1.105926926382628,-76.02764402632926,-76.82764402632917,-76.42090511537035
AUD_JPY,signal,1,2023-08-17 17:00:00+00:00,2023-08-17 21:00:00+00:00,93.392,2023-08-21 21:00:00+00:00,93.782,timecap,0.3983134288931257,39.00000000000006,8.549999999999613,1.7862023698630132,32.236202369863456,96.0,1,0.7084230302860496,32.236202369863456,27.96120236986365,31.449680191781265
AUD_JPY,signal,-1,2023-08-28 21:00:00+00:00,2023-08-29 01:00:00+00:00,94.11,2023-08-30 05:00:00+00:00,94.69354767672465,sl,0.29177383836232335,-58.3547676724649,1.7999999999993577,-1.5696461849315062,-61.72441385739577,28.0,1,0.4821510069524081,-61.72441385739577,-62.624413857395446,-62.00769776835467
AUD_JPY,signal,-1,2023-10-09 21:00:00+00:00,2023-10-10 01:00:00+00:00,95.315,2023-10-12 01:00:00+00:00,95.706,timecap,0.3918918785991654,-39.100000000000534,1.7499999999998295,-6.224213999999997,-47.07421400000036,48.0,1,0.551338729225445,-47.07421400000036,-47.949214000000275,-48.207349643835975
AUD_JPY,signal,1,2023-10-12 17:00:00+00:00,2023-10-12 21:00:00+00:00,94.59,2023-10-16 21:00:00+00:00,94.832,timecap,0.3392126804877168,24.199999999999022,14.550000000000551,1.7590169999999992,11.409016999998471,96.0,1,0.7356241097387267,11.409016999998471,4.134016999998194,10.622494821916279
AUD_JPY,signal,-1,2023-10-31 05:00:00+00:00,2023-10-31 09:00:00+00:00,95.854,2023-11-01 21:55:00+00:00,96.56722954725643,sl,0.356614773628215,-71.32295472564323,3.1999999999996476,-6.395667184931504,-80.91862191057439,36.916666666666664,1,1.085621268571833,-80.91862191057439,-82.51862191057421,-82.05175755441
AUD_JPY,signal,-1,2023-11-22 18:00:00+00:00,2023-11-22 22:00:00+00:00,97.894,2023-11-24 15:05:00+00:00,98.49173903566951,sl,0.29886951783475113,-59.77390356695054,8.35000000000079,-1.613204561643835,-69.73710812859517,41.083333333333336,1,0.37690270451700153,-69.73710812859517,-73.91210812859556,-70.02039203955407
AUD_JPY,signal,-1,2024-01-29 10:00:00+00:00,2024-01-29 14:00:00+00:00,97.653,2024-01-30 11:20:00+00:00,97.16998408557969,tp,0.24150795721016352,48.30159144203208,1.5999999999998238,-1.631431116438356,45.070160325593896,21.333333333333332,1,0.8218444904024244,45.070160325593896,44.270160325593984,44.786876414634996
AUD_JPY,signal,-1,2024-04-22 13:00:00+00:00,2024-04-22 17:00:00+00:00,99.718,2024-04-23 18:35:00+00:00,100.42830669719551,sl,0.35515334859775444,-71.03066971955059,1.5999999999991132,-1.6033189726027393,-74.23398869215244,25.583333333333332,1,0.9306102362204725,-74.23398869215244,-75.033988692152,-74.51727260311134
AUD_JPY,signal,-1,2024-05-08 13:00:00+00:00,2024-05-08 17:00:00+00:00,102.3,2024-05-10 07:00:00+00:00,103.00497963886744,sl,0.3524898194337236,-70.49796388674423,1.8499999999995964,-6.413275890410957,-78.76123977715478,38.0,1,1.0048605693809847,-78.76123977715478,-79.68623977715458,-79.8943754209904
AUD_JPY,signal,1,2024-05-22 17:00:00+00:00,2024-05-22 21:00:00+00:00,103.718,2024-05-24 21:00:00+00:00,104.049,timecap,0.29210518124464063,33.10000000000031,10.499999999999687,1.8535479452054788,24.453547945206097,48.0,1,0.9625737163880322,24.453547945206097,19.203547945206253,23.667025767123906
AUD_JPY,signal,-1,2024-07-02 17:00:00+00:00,2024-07-02 21:00:00+00:00,107.638,2024-07-03 07:10:00+00:00,108.14950097411176,sl,0.2557504870558805,-51.150097411175466,6.60000000000025,0.0,-57.750097411175716,10.166666666666666,1,0.44137856114717144,-57.750097411175716,-61.05009741117584,-57.750097411175716
AUD_JPY,signal,-1,2024-08-13 05:00:00+00:00,2024-08-13 09:00:00+00:00,97.622,2024-08-15 09:00:00+00:00,97.488,timecap,0.6742660289051147,13.400000000000034,1.8999999999998352,-6.227921095890409,5.27207890410979,48.0,1,0.9834301725690687,5.27207890410979,4.322078904109873,4.138943260274173
AUD_JPY,signal,-1,2024-08-29 05:00:00+00:00,2024-08-29 09:00:00+00:00,98.489,2024-09-02 08:00:00+00:00,99.30671195759703,sl,0.4088559787985156,-81.77119575970266,1.999999999999602,-3.1139605479452044,-86.88515630764746,95.0,1,0.9050779675964996,-86.88515630764746,-87.88515630764726,-87.45172412956528
AUD_JPY,signal,1,2024-09-10 21:00:00+00:00,2024-09-11 01:00:00+00:00,94.598,2024-09-11 14:40:00+00:00,93.62648768964843,sl,0.48575615517578796,-97.15123103515708,2.1000000000000796,0.0,-99.25123103515716,13.666666666666666,1,0.4996602916226245,-99.25123103515716,-100.3012310351572,-99.25123103515716
AUD_JPY,signal,-1,2024-09-22 21:00:00+00:00,2024-09-23 01:00:00+00:00,98.217,2024-09-24 21:00:00+00:00,98.704,data_end,0.5459668242031781,-48.69999999999948,8.549999999999613,-3.1139605479452044,-60.363960547944295,44.0,1,0.45783318643174525,-60.363960547944295,-64.6389605479441,-60.9305283698621
AUD_JPY,coin,-1,2021-01-17 22:00:00+00:00,2021-01-18 02:00:00+00:00,79.862,2021-01-20 02:00:00+00:00,80.034,timecap,0.25649683463312345,-17.200000000001125,1.5500000000002956,-0.6388561917808218,-19.388856191782242,48.0,1,1.0052494206720428,-19.388856191782242,-20.16385619178239,-19.95542401370005
AUD_JPY,coin,-1,2021-03-22 05:00:00+00:00,2021-03-22 09:00:00+00:00,83.941,2021-03-23 09:55:00+00:00,83.3445858379264,tp,0.2982070810367993,59.64141620736001,1.5000000000000568,-0.3194280958904109,57.821988111469544,24.916666666666668,1,0.9222243332403938,57.821988111469544,57.071988111469516,57.53870420051064
AUD_JPY,coin,1,2021-03-29 09:00:00+00:00,2021-03-29 13:00:00+00:00,83.869,2021-03-31 13:00:00+00:00,84.228,timecap,0.3313989953705005,35.899999999999466,1.199999999999335,-0.7142338082191779,33.985766191780954,48.0,1,0.8768413368913566,33.985766191780954,33.385766191781286,33.19924401369876
AUD_JPY,coin,-1,2021-04-12 01:00:00+00:00,2021-04-12 05:00:00+00:00,83.288,2021-04-14 05:00:00+00:00,83.496,timecap,0.2670705803053128,-20.79999999999984,1.3500000000000512,-0.6357669452054792,-22.78576694520537,48.0,1,1.1046198710233,-22.78576694520537,-23.460766945205396,-23.35233476712318
AUD_JPY,coin,-1,2021-05-21 05:00:00+00:00,2021-05-21 09:00:00+00:00,84.234,2021-05-25 09:00:00+00:00,84.456,timecap,0.2623934132084641,-22.20000000000084,1.5000000000000568,-0.6388561917808218,-24.33885619178172,96.0,1,0.9676228503586796,-24.33885619178172,-25.088856191781748,-24.905424013699527
AUD_JPY,coin,1,2021-07-20 01:00:00+00:00,2021-07-20 05:00:00+00:00,80.174,2021-07-21 13:45:00+00:00,80.8756517575671,tp,0.35082587878354615,70.16517575670917,1.5500000000002956,-0.35124733561643834,68.26392842109244,32.75,1,0.9089165167030537,68.26392842109244,67.4889284210923,67.87066733205134
AUD_JPY,coin,-1,2021-08-16 21:00:00+00:00,2021-08-17 01:00:00+00:00,80.03,2021-08-17 06:50:00+00:00,79.62552991083123,tp,0.202235044584385,40.447008916876825,1.3500000000000512,0.0,39.097008916876774,5.833333333333333,1,0.5437864527744536,39.097008916876774,38.42200891687675,39.097008916876774
AUD_JPY,coin,1,2021-08-20 01:00:00+00:00,2021-08-20 05:00:00+00:00,78.342,2021-08-23 09:20:00+00:00,78.97613545915047,tp,0.3170677295752336,63.41354591504711,1.5999999999998238,-0.3518651849315068,61.46168073011578,76.33333333333333,1,0.8039152481863903,61.46168073011578,60.66168073011587,61.068419641074684
AUD_JPY,coin,1,2021-09-20 17:00:00+00:00,2021-09-20 21:00:00+00:00,79.216,2021-09-21 08:15:00+00:00,79.83356250733164,tp,0.30878125366582193,61.75625073316411,5.700000000000216,0.0,56.05625073316389,11.25,1,0.8271042062686695,56.05625073316389,53.206250733163785,56.05625073316389
AUD_JPY,coin,1,2021-11-05 01:00:00+00:00,2021-11-05 05:00:00+00:00,84.086,2021-11-09 03:20:00+00:00,83.4417564527786,sl,0.3221217736106954,-64.4243547221393,1.40000000000029,-0.7006411232876713,-66.52499584542726,94.33333333333333,1,0.8873828324357222,-66.52499584542726,-67.2249958454274,-67.31151802350945
AUD_JPY,coin,1,2021-12-20 02:00:00+00:00,2021-12-20 06:00:00+00:00,80.618,2021-12-21 15:40:00+00:00,81.33427247557619,tp,0.35813623778809167,71.627247557619,1.7000000000010118,-0.35433658219178077,69.57291097542621,33.666666666666664,1,0.6713693296331079,69.57291097542621,68.7229109754257,69.1796498863851
AUD_JPY,coin,1,2022-02-03 22:00:00+00:00,2022-02-04 02:00:00+00:00,81.94,2022-02-04 14:05:00+00:00,81.32476193293606,sl,0.30761903353196807,-61.52380670639417,1.3500000000000512,0.0,-62.87380670639422,12.083333333333334,1,0.5344899548204901,-62.87380670639422,-63.548806706394245,-62.87380670639422
AUD_JPY,coin,1,2022-03-02 02:00:00+00:00,2022-03-02 06:00:00+00:00,83.635,2022-03-02 18:45:00+00:00,84.35488655393547,tp,0.3599432769677353,71.98865539354671,1.5000000000000568,0.0,70.48865539354665,12.75,1,0.35591629869913355,70.48865539354665,69.73865539354662,70.48865539354665
AUD_JPY,coin,-1,2022-03-04 02:00:00+00:00,2022-03-04 06:00:00+00:00,84.91,2022-03-08 05:05:00+00:00,84.1811316210055,tp,0.3644341894972442,72.88683789944912,1.6999999999995907,-0.6332955479452052,70.55354235150432,95.08333333333333,1,0.7280527353936528,70.55354235150432,69.70354235150452,69.98697452958652
AUD_JPY,coin,-1,2022-03-13 21:00:00+00:00,2022-03-14 01:00:00+00:00,85.527,2022-03-15 01:35:00+00:00,84.85743735507856,tp,0.33478132246071973,66.95626449214416,1.549999999999585,-0.3166477739726026,65.08961671817197,24.583333333333332,1,0.49495282650395356,65.08961671817197,64.31461671817218,64.80633280721307
AUD_JPY,coin,-1,2022-06-07 21:00:00+00:00,2022-06-08 01:00:00+00:00,96.13,2022-06-10 00:05:00+00:00,95.25882811089193,tp,0.43558594455403477,87.11718891080693,2.10000000000079,-2.0821521917808212,82.93503671902532,47.083333333333336,1,0.5702699492678623,82.93503671902532,81.88503671902492,81.8019010751897
AUD_JPY,coin,-1,2022-06-12 21:00:00+00:00,2022-06-13 01:00:00+00:00,94.64,2022-06-13 10:55:00+00:00,93.69817817393995,tp,0.47091091303002536,94.18218260600497,1.8999999999998352,0.0,92.28218260600514,9.916666666666666,1,0.6686362744690084,92.28218260600514,91.33218260600522,92.28218260600514
AUD_JPY,coin,-1,2022-06-28 09:00:00+00:00,2022-06-28 13:00:00+00:00,94.518,2022-06-29 06:40:00+00:00,93.50296278546756,tp,0.5075186072662176,101.50372145324411,1.6999999999995907,-0.5205380479452053,99.28318340529931,17.666666666666668,1,1.0794708439862095,99.28318340529931,98.43318340529952,98.99989949434041
AUD_JPY,coin,1,2022-07-14 01:00:00+00:00,2022-07-14 05:00:00+00:00,93.592,2022-07-18 05:00:00+00:00,94.133,timecap,0.5164217401199166,54.09999999999968,2.049999999999841,0.011739136986301319,52.06173913698614,96.0,1,1.0768394945080901,52.06173913698614,51.03673913698622,51.275216958903954
AUD_JPY,coin,1,2022-08-08 01:00:00+00:00,2022-08-08 05:00:00+00:00,93.799,2022-08-10 05:00:00+00:00,93.919,timecap,0.5222230202248176,11.999999999999034,1.8000000000000682,0.34290636986301365,10.54290636986198,48.0,1,0.8020394889315859,10.54290636986198,9.642906369861945,9.756384191779787
AUD_JPY,coin,1,2022-08-22 09:00:00+00:00,2022-08-22 13:00:00+00:00,94.721,2022-08-24 13:00:00+00:00,94.288,timecap,0.4130805095073687,-43.30000000000069,1.999999999999602,0.34290636986301365,-44.95709363013728,48.0,1,1.1525217821935405,-44.95709363013728,-45.95709363013708,-45.743615808219474
AUD_JPY,coin,1,2022-09-06 21:00:00+00:00,2022-09-07 01:00:00+00:00,96.097,2022-09-07 06:50:00+00:00,96.8618490003592,tp,0.3824245001796,76.48490003592059,2.2500000000000853,0.0,74.2349000359205,5.833333333333333,1,0.8507888155931297,74.2349000359205,73.10990003592046,74.2349000359205
AUD_JPY,coin,-1,2022-09-11 21:00:00+00:00,2022-09-12 01:00:00+00:00,97.72,2022-09-13 12:30:00+00:00,98.5859567726465,sl,0.43297838632325275,-86.59567726464985,2.5500000000000966,-0.9935016986301367,-90.13917896328009,35.5,1,0.4415660605986144,-90.13917896328009,-91.41417896328014,-90.42246287423899
AUD_JPY,coin,1,2022-10-07 05:00:00+00:00,2022-10-07 09:00:00+00:00,92.93,2022-10-10 06:30:00+00:00,91.8652743913646,sl,0.532362804317708,-106.47256086354133,1.9000000000005457,0.41921076027397247,-107.95335010326791,69.5,1,1.0147134221071976,-107.95335010326791,-108.90335010326818,-108.346611192309
AUD_JPY,coin,-1,2022-12-19 06:00:00+00:00,2022-12-19 10:00:00+00:00,91.456,2022-12-20 03:05:00+00:00,90.70446123375515,tp,0.3757693831224239,75.1538766244849,3.049999999999642,-1.2471288424657532,70.8567477820195,17.083333333333332,1,1.0681720612543413,70.8567477820195,69.33174778201968,70.5734638710606
AUD_JPY,coin,-1,2023-02-13 06:00:00+00:00,2023-02-13 10:00:00+00:00,91.818,2023-02-14 13:30:00+00:00,92.5908639354556,sl,0.3864319677278038,-77.28639354556037,2.1000000000000796,-1.3055156027397259,-80.69190914830018,27.5,1,1.1552874751861248,-80.69190914830018,-81.74190914830022,-80.97519305925908
AUD_JPY,coin,1,2023-03-06 14:00:00+00:00,2023-03-06 18:00:00+00:00,91.55,2023-03-07 08:05:00+00:00,90.99286696869294,sl,0.2785665156535328,-55.71330313070604,1.7499999999998295,0.7055839178082192,-56.75771921289765,14.083333333333334,1,1.0581146139554356,-56.75771921289765,-57.63271921289756,-57.150980301938745
AUD_JPY,coin,-1,2023-03-24 01:00:00+00:00,2023-03-24 05:00:00+00:00,87.0,2023-03-28 05:00:00+00:00,87.367,timecap,0.5449913185743676,-36.70000000000044,1.950000000000074,-2.7642578356164385,-41.41425783561696,96.0,1,1.0168869243768863,-41.41425783561696,-42.389257835616995,-41.980825657534766
AUD_JPY,coin,1,2023-04-06 05:00:00+00:00,2023-04-06 09:00:00+00:00,88.012,2023-04-10 09:00:00+00:00,88.078,timecap,0.4717378327106212,6.60000000000025,2.049999999999841,1.4470030958904108,5.99700309589082,96.0,1,0.9506633064156905,5.99700309589082,4.9720030958909,5.210480917808628
AUD_JPY,coin,1,2023-04-26 01:00:00+00:00,2023-04-26 05:00:00+00:00,88.314,2023-04-28 01:45:00+00:00,89.01530670951784,tp,0.35065335475892795,70.13067095178513,1.9000000000005457,2.8940061917808215,71.1246771435654,44.75,1,1.1305447575723409,71.1246771435654,70.17467714356513,69.55163278740103
AUD_JPY,coin,1,2023-05-24 01:00:00+00:00,2023-05-24 05:00:00+00:00,91.312,2023-05-26 05:00:00+00:00,91.04,timecap,0.35000636783599526,-27.199999999999136,1.7499999999998295,3.222702027397259,-25.727297972601708,48.0,1,1.0082295502025647,-25.727297972601708,-26.602297972601622,-27.30034232876609
AUD_JPY,coin,-1,2023-07-11 01:00:00+00:00,2023-07-11 05:00:00+00:00,94.156,2023-07-12 07:05:00+00:00,93.40284815432575,tp,0.3765759228371237,75.31518456742532,1.5999999999998238,-1.5640855410958898,72.1510990263296,26.083333333333332,1,1.105926926382628,72.1510990263296,71.35109902632969,71.8678151153707
AUD_JPY,coin,-1,2023-08-17 17:00:00+00:00,2023-08-17 21:00:00+00:00,93.392,2023-08-21 21:00:00+00:00,93.782,timecap,0.3983134288931257,-39.00000000000006,8.549999999999613,-3.1392923698630124,-50.689292369862684,96.0,1,0.7084230302860496,-50.689292369862684,-54.96429236986249,-51.25586019178049
AUD_JPY,coin,1,2023-08-28 21:00:00+00:00,2023-08-29 01:00:00+00:00,94.11,2023-08-30 05:00:00+00:00,94.69354767672465,tp,0.29177383836232335,58.3547676724649,1.7999999999993577,0.8931011849315066,57.447868857397054,28.0,1,0.4821510069524081,57.447868857397054,56.547868857397376,57.05460776835596
AUD_JPY,coin,1,2023-10-09 21:00:00+00:00,2023-10-10 01:00:00+00:00,95.315,2023-10-12 01:00:00+00:00,95.706,timecap,0.3918918785991654,39.100000000000534,1.7499999999998295,3.5180339999999983,40.868034000000705,48.0,1,0.551338729225445,40.868034000000705,39.99303400000079,39.29498964383632
AUD_JPY,coin,-1,2023-10-12 17:00:00+00:00,2023-10-12 21:00:00+00:00,94.59,2023-10-16 21:00:00+00:00,94.832,timecap,0.3392126804877168,-24.199999999999022,14.550000000000551,-3.1121069999999986,-41.862106999999575,96.0,1,0.7356241097387267,-41.862106999999575,-49.13710699999985,-42.42867482191738
AUD_JPY,coin,1,2023-10-31 05:00:00+00:00,2023-10-31 09:00:00+00:00,95.854,2023-11-01 21:55:00+00:00,96.56722954725643,tp,0.356614773628215,71.32295472564323,3.1999999999996476,3.689487184931506,71.81244191057509,36.916666666666664,1,1.085621268571833,71.81244191057509,70.21244191057527,70.2393975544107
AUD_JPY,coin,1,2023-11-22 18:00:00+00:00,2023-11-22 22:00:00+00:00,97.894,2023-11-24 15:05:00+00:00,98.49173903566951,tp,0.29886951783475113,59.77390356695054,8.35000000000079,0.9366595616438353,52.36056312859358,41.083333333333336,1,0.37690270451700153,52.36056312859358,48.18556312859319,51.967302039552486
AUD_JPY,coin,1,2024-01-29 10:00:00+00:00,2024-01-29 14:00:00+00:00,97.653,2024-01-30 11:20:00+00:00,97.16998408557969,sl,0.24150795721016352,-48.30159144203208,1.5999999999998238,0.954886116438356,-48.94670532559354,21.333333333333332,1,0.8218444904024244,-48.94670532559354,-49.74670532559345,-49.33996641463464
AUD_JPY,coin,1,2024-04-22 13:00:00+00:00,2024-04-22 17:00:00+00:00,99.718,2024-04-23 18:35:00+00:00,100.42830669719551,tp,0.35515334859775444,71.03066971955059,1.5999999999991132,0.9267739726027394,70.35744369215422,25.583333333333332,1,0.9306102362204725,70.35744369215422,69.55744369215466,69.96418260311312
AUD_JPY,coin,-1,2024-05-08 13:00:00+00:00,2024-05-08 17:00:00+00:00,102.3,2024-05-10 07:00:00+00:00,103.00497963886744,sl,0.3524898194337236,-70.49796388674423,1.8499999999995964,-6.413275890410957,-78.76123977715478,38.0,1,1.0048605693809847,-78.76123977715478,-79.68623977715458,-79.8943754209904
AUD_JPY,coin,1,2024-05-22 17:00:00+00:00,2024-05-22 21:00:00+00:00,103.718,2024-05-24 21:00:00+00:00,104.049,timecap,0.29210518124464063,33.10000000000031,10.499999999999687,1.8535479452054788,24.453547945206097,48.0,1,0.9625737163880322,24.453547945206097,19.203547945206253,23.667025767123906
AUD_JPY,coin,-1,2024-07-02 17:00:00+00:00,2024-07-02 21:00:00+00:00,107.638,2024-07-03 07:10:00+00:00,108.14950097411176,sl,0.2557504870558805,-51.150097411175466,6.60000000000025,0.0,-57.750097411175716,10.166666666666666,1,0.44137856114717144,-57.750097411175716,-61.05009741117584,-57.750097411175716
AUD_JPY,coin,1,2024-08-13 05:00:00+00:00,2024-08-13 09:00:00+00:00,97.622,2024-08-15 09:00:00+00:00,97.488,timecap,0.6742660289051147,-13.400000000000034,1.8999999999998352,3.5217410958904094,-11.77825890410946,48.0,1,0.9834301725690687,-11.77825890410946,-12.728258904109378,-13.351303260273843
AUD_JPY,coin,-1,2024-08-29 05:00:00+00:00,2024-08-29 09:00:00+00:00,98.489,2024-09-02 08:00:00+00:00,99.30671195759703,sl,0.4088559787985156,-81.77119575970266,1.999999999999602,-3.1139605479452044,-86.88515630764746,95.0,1,0.9050779675964996,-86.88515630764746,-87.88515630764726,-87.45172412956528
AUD_JPY,coin,-1,2024-09-10 21:00:00+00:00,2024-09-11 01:00:00+00:00,94.598,2024-09-11 14:40:00+00:00,93.62648768964843,tp,0.48575615517578796,97.15123103515708,2.1000000000000796,0.0,95.051231035157,13.666666666666666,1,0.4996602916226245,95.051231035157,94.00123103515696,95.051231035157
AUD_JPY,coin,1,2024-09-22 21:00:00+00:00,2024-09-23 01:00:00+00:00,98.217,2024-09-24 21:00:00+00:00,98.704,data_end,0.5459668242031781,48.69999999999948,8.549999999999613,1.7608705479452047,41.910870547945066,44.0,1,0.45783318643174525,41.910870547945066,37.63587054794526,41.12434836986288
AUD_JPY,continuation,-1,2021-01-17 22:00:00+00:00,2021-01-18 02:00:00+00:00,79.862,2021-01-20 02:00:00+00:00,80.034,timecap,0.25649683463312345,-17.200000000001125,1.5500000000002956,-0.6388561917808218,-19.388856191782242,48.0,1,1.0052494206720428,-19.388856191782242,-20.16385619178239,-19.95542401370005
AUD_JPY,continuation,-1,2021-03-22 05:00:00+00:00,2021-03-22 09:00:00+00:00,83.941,2021-03-23 09:55:00+00:00,83.3445858379264,tp,0.2982070810367993,59.64141620736001,1.5000000000000568,-0.3194280958904109,57.821988111469544,24.916666666666668,1,0.9222243332403938,57.821988111469544,57.071988111469516,57.53870420051064
AUD_JPY,continuation,1,2021-03-29 09:00:00+00:00,2021-03-29 13:00:00+00:00,83.869,2021-03-31 13:00:00+00:00,84.228,timecap,0.3313989953705005,35.899999999999466,1.199999999999335,-0.7142338082191779,33.985766191780954,48.0,1,0.8768413368913566,33.985766191780954,33.385766191781286,33.19924401369876
AUD_JPY,continuation,-1,2021-04-12 01:00:00+00:00,2021-04-12 05:00:00+00:00,83.288,2021-04-14 05:00:00+00:00,83.496,timecap,0.2670705803053128,-20.79999999999984,1.3500000000000512,-0.6357669452054792,-22.78576694520537,48.0,1,1.1046198710233,-22.78576694520537,-23.460766945205396,-23.35233476712318
AUD_JPY,continuation,-1,2021-05-21 05:00:00+00:00,2021-05-21 09:00:00+00:00,84.234,2021-05-25 09:00:00+00:00,84.456,timecap,0.2623934132084641,-22.20000000000084,1.5000000000000568,-0.6388561917808218,-24.33885619178172,96.0,1,0.9676228503586796,-24.33885619178172,-25.088856191781748,-24.905424013699527
AUD_JPY,continuation,-1,2021-07-20 01:00:00+00:00,2021-07-20 05:00:00+00:00,80.174,2021-07-21 13:45:00+00:00,80.8756517575671,sl,0.35082587878354615,-70.16517575670917,1.5500000000002956,-0.3252976643835615,-72.04047342109303,32.75,1,0.9089165167030537,-72.04047342109303,-72.81547342109317,-72.32375733205194
AUD_JPY,continuation,-1,2021-08-16 21:00:00+00:00,2021-08-17 01:00:00+00:00,80.03,2021-08-17 06:50:00+00:00,79.62552991083123,tp,0.202235044584385,40.447008916876825,1.3500000000000512,0.0,39.097008916876774,5.833333333333333,1,0.5437864527744536,39.097008916876774,38.42200891687675,39.097008916876774
AUD_JPY,continuation,-1,2021-08-20 01:00:00+00:00,2021-08-20 05:00:00+00:00,78.342,2021-08-23 09:20:00+00:00,78.97613545915047,sl,0.3170677295752336,-63.41354591504711,1.5999999999998238,-0.3246798150684931,-65.33822573011543,76.33333333333333,1,0.8039152481863903,-65.33822573011543,-66.13822573011534,-65.62150964107433
AUD_JPY,continuation,-1,2021-09-20 17:00:00+00:00,2021-09-20 21:00:00+00:00,79.216,2021-09-21 08:15:00+00:00,79.83356250733164,sl,0.30878125366582193,-61.75625073316411,5.700000000000216,0.0,-67.45625073316432,11.25,1,0.8271042062686695,-67.45625073316432,-70.30625073316443,-67.45625073316432
AUD_JPY,continuation,-1,2021-11-05 01:00:00+00:00,2021-11-05 05:00:00+00:00,84.086,2021-11-09 03:20:00+00:00,83.4417564527786,tp,0.3221217736106954,64.4243547221393,1.40000000000029,-0.6524488767123285,62.37190584542668,94.33333333333333,1,0.8873828324357222,62.37190584542668,61.67190584542654,61.805338023508874
AUD_JPY,continuation,-1,2021-12-20 02:00:00+00:00,2021-12-20 06:00:00+00:00,80.618,2021-12-21 15:40:00+00:00,81.33427247557619,sl,0.35813623778809167,-71.627247557619,1.7000000000010118,-0.32220841780821907,-73.64945597542822,33.666666666666664,1,0.6713693296331079,-73.64945597542822,-74.49945597542873,-73.93273988638714
AUD_JPY,continuation,1,2022-02-03 22:00:00+00:00,2022-02-04 02:00:00+00:00,81.94,2022-02-04 14:05:00+00:00,81.32476193293606,sl,0.30761903353196807,-61.52380670639417,1.3500000000000512,0.0,-62.87380670639422,12.083333333333334,1,0.5344899548204901,-62.87380670639422,-63.548806706394245,-62.87380670639422
AUD_JPY,continuation,1,2022-03-02 02:00:00+00:00,2022-03-02 06:00:00+00:00,83.635,2022-03-02 18:45:00+00:00,84.35488655393547,tp,0.3599432769677353,71.98865539354671,1.5000000000000568,0.0,70.48865539354665,12.75,1,0.35591629869913355,70.48865539354665,69.73865539354662,70.48865539354665
AUD_JPY,continuation,1,2022-03-04 02:00:00+00:00,2022-03-04 06:00:00+00:00,84.91,2022-03-08 05:05:00+00:00,84.1811316210055,sl,0.3644341894972442,-72.88683789944912,1.6999999999995907,-0.7197944520547945,-75.30663235150351,95.08333333333333,1,0.7280527353936528,-75.30663235150351,-76.1566323515033,-76.0931545295857
AUD_JPY,continuation,1,2022-03-13 21:00:00+00:00,2022-03-14 01:00:00+00:00,85.527,2022-03-15 01:35:00+00:00,84.85743735507856,sl,0.33478132246071973,-66.95626449214416,1.549999999999585,-0.35989722602739727,-68.86616171817114,24.583333333333332,1,0.49495282650395356,-68.86616171817114,-69.64116171817093,-69.25942280721223
AUD_JPY,continuation,1,2022-06-07 21:00:00+00:00,2022-06-08 01:00:00+00:00,96.13,2022-06-10 00:05:00+00:00,95.25882811089193,sl,0.43558594455403477,-87.11718891080693,2.10000000000079,-0.6240278082191781,-89.8412167190269,47.083333333333336,1,0.5702699492678623,-89.8412167190269,-90.8912167190273,-91.41426107519128
AUD_JPY,continuation,-1,2022-06-12 21:00:00+00:00,2022-06-13 01:00:00+00:00,94.64,2022-06-13 10:55:00+00:00,93.69817817393995,tp,0.47091091303002536,94.18218260600497,1.8999999999998352,0.0,92.28218260600514,9.916666666666666,1,0.6686362744690084,92.28218260600514,91.33218260600522,92.28218260600514
AUD_JPY,continuation,1,2022-06-28 09:00:00+00:00,2022-06-28 13:00:00+00:00,94.518,2022-06-29 06:40:00+00:00,93.50296278546756,sl,0.5075186072662176,-101.50372145324411,1.6999999999995907,-0.15600695205479453,-103.3597284052985,17.666666666666668,1,1.0794708439862095,-103.3597284052985,-104.20972840529829,-103.75298949433959
AUD_JPY,continuation,1,2022-07-14 01:00:00+00:00,2022-07-14 05:00:00+00:00,93.592,2022-07-18 05:00:00+00:00,94.133,timecap,0.5164217401199166,54.09999999999968,2.049999999999841,0.011739136986301319,52.06173913698614,96.0,1,1.0768394945080901,52.06173913698614,51.03673913698622,51.275216958903954
AUD_JPY,continuation,1,2022-08-08 01:00:00+00:00,2022-08-08 05:00:00+00:00,93.799,2022-08-10 05:00:00+00:00,93.919,timecap,0.5222230202248176,11.999999999999034,1.8000000000000682,0.34290636986301365,10.54290636986198,48.0,1,0.8020394889315859,10.54290636986198,9.642906369861945,9.756384191779787
AUD_JPY,continuation,1,2022-08-22 09:00:00+00:00,2022-08-22 13:00:00+00:00,94.721,2022-08-24 13:00:00+00:00,94.288,timecap,0.4130805095073687,-43.30000000000069,1.999999999999602,0.34290636986301365,-44.95709363013728,48.0,1,1.1525217821935405,-44.95709363013728,-45.95709363013708,-45.743615808219474
AUD_JPY,continuation,1,2022-09-06 21:00:00+00:00,2022-09-07 01:00:00+00:00,96.097,2022-09-07 06:50:00+00:00,96.8618490003592,tp,0.3824245001796,76.48490003592059,2.2500000000000853,0.0,74.2349000359205,5.833333333333333,1,0.8507888155931297,74.2349000359205,73.10990003592046,74.2349000359205
AUD_JPY,continuation,1,2022-09-11 21:00:00+00:00,2022-09-12 01:00:00+00:00,97.72,2022-09-13 12:30:00+00:00,98.5859567726465,tp,0.43297838632325275,86.59567726464985,2.5500000000000966,0.31695669863013687,84.36263396327989,35.5,1,0.4415660605986144,84.36263396327989,83.08763396327984,83.9693728742388
AUD_JPY,continuation,-1,2022-10-07 05:00:00+00:00,2022-10-07 09:00:00+00:00,92.93,2022-10-10 06:30:00+00:00,91.8652743913646,tp,0.532362804317708,106.47256086354133,1.9000000000005457,-1.0957557602739725,103.47680510326681,69.5,1,1.0147134221071976,103.47680510326681,102.52680510326654,103.19352119230791
AUD_JPY,continuation,-1,2022-12-19 06:00:00+00:00,2022-12-19 10:00:00+00:00,91.456,2022-12-20 03:05:00+00:00,90.70446123375515,tp,0.3757693831224239,75.1538766244849,3.049999999999642,-1.2471288424657532,70.8567477820195,17.083333333333332,1,1.0681720612543413,70.8567477820195,69.33174778201968,70.5734638710606
AUD_JPY,continuation,1,2023-02-13 06:00:00+00:00,2023-02-13 10:00:00+00:00,91.818,2023-02-14 13:30:00+00:00,92.5908639354556,tp,0.3864319677278038,77.28639354556037,2.1000000000000796,0.6289706027397259,75.81536414830002,27.5,1,1.1552874751861248,75.81536414830002,74.76536414829998,75.42210305925892
AUD_JPY,continuation,-1,2023-03-06 14:00:00+00:00,2023-03-06 18:00:00+00:00,91.55,2023-03-07 08:05:00+00:00,90.99286696869294,tp,0.2785665156535328,55.71330313070604,1.7499999999998295,-1.3821289178082192,52.58117421289799,14.083333333333334,1,1.0581146139554356,52.58117421289799,51.70617421289808,52.297890301939084
AUD_JPY,continuation,-1,2023-03-24 01:00:00+00:00,2023-03-24 05:00:00+00:00,87.0,2023-03-28 05:00:00+00:00,87.367,timecap,0.5449913185743676,-36.70000000000044,1.950000000000074,-2.7642578356164385,-41.41425783561696,96.0,1,1.0168869243768863,-41.41425783561696,-42.389257835616995,-41.980825657534766
AUD_JPY,continuation,-1,2023-04-06 05:00:00+00:00,2023-04-06 09:00:00+00:00,88.012,2023-04-10 09:00:00+00:00,88.078,timecap,0.4717378327106212,-6.60000000000025,2.049999999999841,-2.80009309589041,-11.450093095890502,96.0,1,0.9506633064156905,-11.450093095890502,-12.475093095890422,-12.01666091780831
AUD_JPY,continuation,-1,2023-04-26 01:00:00+00:00,2023-04-26 05:00:00+00:00,88.314,2023-04-28 01:45:00+00:00,89.01530670951784,sl,0.35065335475892795,-70.13067095178513,1.9000000000005457,-5.60018619178082,-77.6308571435665,44.75,1,1.1305447575723409,-77.6308571435665,-78.58085714356677,-78.76399278740212
AUD_JPY,continuation,-1,2023-05-24 01:00:00+00:00,2023-05-24 05:00:00+00:00,91.312,2023-05-26 05:00:00+00:00,91.04,timecap,0.35000636783599526,27.199999999999136,1.7499999999998295,-5.928882027397259,19.52111797260205,48.0,1,1.0082295502025647,19.52111797260205,18.646117972602134,18.387982328766434
AUD_JPY,continuation,-1,2023-07-11 01:00:00+00:00,2023-07-11 05:00:00+00:00,94.156,2023-07-12 07:05:00+00:00,93.40284815432575,tp,0.3765759228371237,75.31518456742532,1.5999999999998238,-1.5640855410958898,72.1510990263296,26.083333333333332,1,1.105926926382628,72.1510990263296,71.35109902632969,71.8678151153707
AUD_JPY,continuation,-1,2023-08-17 17:00:00+00:00,2023-08-17 21:00:00+00:00,93.392,2023-08-21 21:00:00+00:00,93.782,timecap,0.3983134288931257,-39.00000000000006,8.549999999999613,-3.1392923698630124,-50.689292369862684,96.0,1,0.7084230302860496,-50.689292369862684,-54.96429236986249,-51.25586019178049
AUD_JPY,continuation,1,2023-08-28 21:00:00+00:00,2023-08-29 01:00:00+00:00,94.11,2023-08-30 05:00:00+00:00,94.69354767672465,tp,0.29177383836232335,58.3547676724649,1.7999999999993577,0.8931011849315066,57.447868857397054,28.0,1,0.4821510069524081,57.447868857397054,56.547868857397376,57.05460776835596
AUD_JPY,continuation,1,2023-10-09 21:00:00+00:00,2023-10-10 01:00:00+00:00,95.315,2023-10-12 01:00:00+00:00,95.706,timecap,0.3918918785991654,39.100000000000534,1.7499999999998295,3.5180339999999983,40.868034000000705,48.0,1,0.551338729225445,40.868034000000705,39.99303400000079,39.29498964383632
AUD_JPY,continuation,-1,2023-10-12 17:00:00+00:00,2023-10-12 21:00:00+00:00,94.59,2023-10-16 21:00:00+00:00,94.832,timecap,0.3392126804877168,-24.199999999999022,14.550000000000551,-3.1121069999999986,-41.862106999999575,96.0,1,0.7356241097387267,-41.862106999999575,-49.13710699999985,-42.42867482191738
AUD_JPY,continuation,1,2023-10-31 05:00:00+00:00,2023-10-31 09:00:00+00:00,95.854,2023-11-01 21:55:00+00:00,96.56722954725643,tp,0.356614773628215,71.32295472564323,3.1999999999996476,3.689487184931506,71.81244191057509,36.916666666666664,1,1.085621268571833,71.81244191057509,70.21244191057527,70.2393975544107
AUD_JPY,continuation,1,2023-11-22 18:00:00+00:00,2023-11-22 22:00:00+00:00,97.894,2023-11-24 15:05:00+00:00,98.49173903566951,tp,0.29886951783475113,59.77390356695054,8.35000000000079,0.9366595616438353,52.36056312859358,41.083333333333336,1,0.37690270451700153,52.36056312859358,48.18556312859319,51.967302039552486
AUD_JPY,continuation,1,2024-01-29 10:00:00+00:00,2024-01-29 14:00:00+00:00,97.653,2024-01-30 11:20:00+00:00,97.16998408557969,sl,0.24150795721016352,-48.30159144203208,1.5999999999998238,0.954886116438356,-48.94670532559354,21.333333333333332,1,0.8218444904024244,-48.94670532559354,-49.74670532559345,-49.33996641463464
AUD_JPY,continuation,1,2024-04-22 13:00:00+00:00,2024-04-22 17:00:00+00:00,99.718,2024-04-23 18:35:00+00:00,100.42830669719551,tp,0.35515334859775444,71.03066971955059,1.5999999999991132,0.9267739726027394,70.35744369215422,25.583333333333332,1,0.9306102362204725,70.35744369215422,69.55744369215466,69.96418260311312
AUD_JPY,continuation,1,2024-05-08 13:00:00+00:00,2024-05-08 17:00:00+00:00,102.3,2024-05-10 07:00:00+00:00,103.00497963886744,tp,0.3524898194337236,70.49796388674423,1.8499999999995964,3.7070958904109577,72.35505977715559,38.0,1,1.0048605693809847,72.35505977715559,71.43005977715579,70.78201542099121
AUD_JPY,continuation,-1,2024-05-22 17:00:00+00:00,2024-05-22 21:00:00+00:00,103.718,2024-05-24 21:00:00+00:00,104.049,timecap,0.29210518124464063,-33.10000000000031,10.499999999999687,-3.2066379452054785,-46.80663794520547,48.0,1,0.9625737163880322,-46.80663794520547,-52.05663794520532,-47.37320576712328
AUD_JPY,continuation,1,2024-07-02 17:00:00+00:00,2024-07-02 21:00:00+00:00,107.638,2024-07-03 07:10:00+00:00,108.14950097411176,tp,0.2557504870558805,51.150097411175466,6.60000000000025,0.0,44.550097411175216,10.166666666666666,1,0.44137856114717144,44.550097411175216,41.25009741117509,44.550097411175216
AUD_JPY,continuation,1,2024-08-13 05:00:00+00:00,2024-08-13 09:00:00+00:00,97.622,2024-08-15 09:00:00+00:00,97.488,timecap,0.6742660289051147,-13.400000000000034,1.8999999999998352,3.5217410958904094,-11.77825890410946,48.0,1,0.9834301725690687,-11.77825890410946,-12.728258904109378,-13.351303260273843
AUD_JPY,continuation,1,2024-08-29 05:00:00+00:00,2024-08-29 09:00:00+00:00,98.489,2024-09-02 08:00:00+00:00,99.30671195759703,tp,0.4088559787985156,81.77119575970266,1.999999999999602,1.7608705479452047,81.53206630764826,95.0,1,0.9050779675964996,81.53206630764826,80.53206630764846,80.74554412956607
AUD_JPY,continuation,-1,2024-09-10 21:00:00+00:00,2024-09-11 01:00:00+00:00,94.598,2024-09-11 14:40:00+00:00,93.62648768964843,tp,0.48575615517578796,97.15123103515708,2.1000000000000796,0.0,95.051231035157,13.666666666666666,1,0.4996602916226245,95.051231035157,94.00123103515696,95.051231035157
AUD_JPY,continuation,1,2024-09-22 21:00:00+00:00,2024-09-23 01:00:00+00:00,98.217,2024-09-24 21:00:00+00:00,98.704,data_end,0.5459668242031781,48.69999999999948,8.549999999999613,1.7608705479452047,41.910870547945066,44.0,1,0.45783318643174525,41.910870547945066,37.63587054794526,41.12434836986288
AUD_USD,signal,-1,2020-12-27 22:00:00+00:00,2020-12-28 02:00:00+00:00,0.76045,2020-12-30 02:00:00+00:00,0.76327,timecap,0.0025356476611123613,-28.200000000000447,1.5499999999996072,-0.35080734246575335,-30.100807342465806,48.0,1,1.0992691839220463,-30.100807342465806,-30.87580734246561,-30.44780156164389
AUD_USD,signal,-1,2021-01-21 02:00:00+00:00,2021-01-21 06:00:00+00:00,0.7775,2021-01-22 07:30:00+00:00,0.7727388081948691,tp,0.0023805959025654713,47.61191805130904,1.3499999999999623,-0.1773102328767123,46.08460781843237,25.5,1,0.7328695842690475,46.08460781843237,45.409607818432384,45.911110708843324
AUD_USD,signal,1,2021-03-04 22:00:00+00:00,2021-03-05 02:00:00+00:00,0.76992,2021-03-09 02:00:00+00:00,0.76258,timecap,0.003989138023013439,-73.40000000000013,1.300000000000745,-0.427069808219178,-75.12706980822006,96.0,1,0.896793442053124,-75.12706980822006,-75.77706980822042,-75.56557898630226
AUD_USD,signal,1,2021-04-12 01:00:00+00:00,2021-04-12 05:00:00+00:00,0.76036,2021-04-13 23:50:00+00:00,0.7650047175124465,tp,0.0023223587562232217,46.44717512446439,1.2999999999996348,-0.427069808219178,44.72010531624557,42.833333333333336,1,0.9390125847047435,44.72010531624557,44.07010531624575,44.28159613816338
AUD_USD,signal,-1,2021-06-23 13:00:00+00:00,2021-06-23 17:00:00+00:00,0.75774,2021-06-25 17:00:00+00:00,0.75918,timecap,0.0027010349068506776,-14.399999999999968,1.3999999999997348,-0.6939884383561643,-16.493988438355867,48.0,1,1.0187395685885112,-16.493988438355867,-17.193988438355735,-17.187976876712032
AUD_USD,signal,-1,2021-10-27 01:00:00+00:00,2021-10-27 05:00:00+00:00,0.75262,2021-10-29 05:00:00+00:00,0.75456,timecap,0.0023416151820684133,-19.400000000000528,1.50000000000039,-0.7092409315068492,-21.609240931507767,48.0,1,0.722980203317282,-21.609240931507767,-22.359240931507962,-22.30322936986393
AUD_USD,signal,1,2021-11-17 10:00:00+00:00,2021-11-17 14:00:00+00:00,0.72811,2021-11-19 10:10:00+00:00,0.7235338638042514,sl,0.0022880680978743097,-45.761361957485924,1.4500000000000624,-0.8617658630136984,-48.073127820499685,44.166666666666664,1,1.09490171990172,-48.073127820499685,-48.79812782049972,-48.95014617666406
AUD_USD,signal,1,2021-12-02 22:00:00+00:00,2021-12-03 02:00:00+00:00,0.70717,2021-12-03 16:20:00+00:00,0.7013338149541619,sl,0.0029180925229190216,-58.36185045838049,1.2500000000004174,0.0,-59.61185045838091,14.333333333333334,1,0.522741470688995,-59.61185045838091,-60.23685045838111,-59.61185045838091
AUD_USD,signal,1,2022-01-28 18:00:00+00:00,2022-01-30 22:00:00+00:00,0.69924,2022-01-31 08:40:00+00:00,0.7051788402264529,tp,0.0029694201132265067,59.38840226452968,4.649999999999932,0.0,54.738402264529746,10.666666666666666,1,0.7465599031053393,54.738402264529746,52.41340226452978,54.738402264529746
AUD_USD,signal,-1,2022-02-02 18:00:00+00:00,2022-02-02 22:00:00+00:00,0.71378,2022-02-04 13:30:00+00:00,0.7084084871049271,tp,0.002685756447536422,53.71512895072872,3.849999999999687,-0.1773102328767123,49.687818717852316,39.5,1,0.43006938748365076,49.687818717852316,47.762818717852475,49.51432160826327
AUD_USD,signal,-1,2022-02-08 22:00:00+00:00,2022-02-09 02:00:00+00:00,0.71568,2022-02-10 15:05:00+00:00,0.7204019105735104,sl,0.002360955286755233,-47.21910573510457,1.3500000000005175,-0.5319306986301369,-49.101036433735224,37.083333333333336,1,0.3647061807299196,-49.101036433735224,-49.77603643373548,-49.62152776250235
AUD_USD,signal,-1,2022-02-16 22:00:00+00:00,2022-02-17 02:00:00+00:00,0.72066,2022-02-17 04:00:00+00:00,0.715018051817965,tp,0.002820974091017493,56.41948182035006,1.1999999999995348,0.0,55.21948182035052,2.0,1,0.5472322835940983,55.21948182035052,54.61948182035076,55.21948182035052
AUD_USD,signal,-1,2022-03-03 22:00:00+00:00,2022-03-04 02:00:00+00:00,0.73284,2022-03-06 23:25:00+00:00,0.7387031953127496,sl,0.0029315976563748093,-58.63195312749591,1.5500000000007175,-0.1773102328767123,-60.35926336037334,69.41666666666667,1,1.0795804175789578,-60.35926336037334,-61.1342633603737,-60.53276046996238
AUD_USD,signal,1,2022-03-14 01:00:00+00:00,2022-03-14 05:00:00+00:00,0.72588,2022-03-14 18:20:00+00:00,0.719757871349833,sl,0.0030610643250834533,-61.22128650166925,1.5500000000001624,0.0,-62.77128650166941,13.333333333333334,1,1.0356006776438471,-62.77128650166941,-63.54628650166949,-62.77128650166941
AUD_USD,signal,1,2022-04-10 21:00:00+00:00,2022-04-11 01:00:00+00:00,0.74397,2022-04-12 15:20:00+00:00,0.7492140433246283,tp,0.002622021662314115,52.440433246282446,1.60000000000049,-0.26310550684931505,50.57732773943264,38.333333333333336,1,0.4127466496355744,50.57732773943264,49.777327739432394,50.35807315039154
AUD_USD,signal,1,2022-04-27 21:00:00+00:00,2022-04-28 01:00:00+00:00,0.71178,2022-05-02 01:00:00+00:00,0.70619,timecap,0.0036964622588800617,-55.899999999999835,1.7000000000000348,-0.5262110136986301,-58.126211013698494,96.0,1,0.3953673146749609,-58.126211013698494,-58.97621101369852,-58.56472019178069
AUD_USD,signal,1,2022-07-11 21:00:00+00:00,2022-07-12 01:00:00+00:00,0.67309,2022-07-13 12:10:00+00:00,0.6800515233264414,tp,0.0034807616632206826,69.61523326441399,1.3999999999997348,-0.27645143835616437,67.93878182605809,35.166666666666664,1,0.4030932627898297,67.93878182605809,67.23878182605823,67.71952723701699
AUD_USD,signal,-1,2022-07-26 01:00:00+00:00,2022-07-26 05:00:00+00:00,0.69598,2022-07-28 05:00:00+00:00,0.69874,timecap,0.003163926756748135,-27.599999999999845,1.4500000000000624,-0.4652010410958903,-29.5152010410958,48.0,1,0.8620640751088482,-29.5152010410958,-30.24020104109583,-30.209189479451965
AUD_USD,signal,-1,2022-08-01 05:00:00+00:00,2022-08-01 09:00:00+00:00,0.70269,2022-08-02 05:30:00+00:00,0.6955907762773966,tp,0.0035496118613017173,70.99223722603409,1.3500000000005175,-0.07435590410958903,69.56788132192398,20.5,1,0.8467659127993159,69.56788132192398,68.89288132192372,69.39438421233494
AUD_USD,signal,-1,2022-08-25 01:00:00+00:00,2022-08-25 05:00:00+00:00,0.6957,2022-08-26 18:15:00+00:00,0.6893378589320813,tp,0.0031810705339593236,63.62141067918658,1.60000000000049,-0.07435590410958903,61.9470547750765,37.25,1,1.0490545668673121,61.9470547750765,61.147054775076256,61.77355766548746
AUD_USD,signal,-1,2022-10-25 13:00:00+00:00,2022-10-25 17:00:00+00:00,0.6381,2022-10-26 07:45:00+00:00,0.6470146006881969,sl,0.0044573003440984684,-89.14600688196938,1.5499999999996072,-0.07816902739726025,-90.77417590936626,14.75,1,1.1196386668783853,-90.77417590936626,-91.54917590936606,-90.9476730189553
AUD_USD,signal,-1,2022-11-04 17:00:00+00:00,2022-11-06 22:00:00+00:00,0.64202,2022-11-08 15:10:00+00:00,0.651292712294088,sl,0.004636356147043976,-92.72712294087992,2.3000000000000798,0.01525249315068497,-95.01187044772932,41.166666666666664,1,0.980673555300421,-95.01187044772932,-96.16187044772936,-95.18536755731836
AUD_USD,signal,-1,2023-01-25 22:00:00+00:00,2023-01-26 02:00:00+00:00,0.71106,2023-01-30 02:00:00+00:00,0.71137,timecap,0.003257649714322219,-3.0999999999992145,1.3500000000005175,0.12201994520547936,-4.327980054794253,96.0,1,0.6096457303191339,-4.327980054794253,-5.002980054794512,-4.674974273972334
AUD_USD,signal,1,2023-02-06 06:00:00+00:00,2023-02-06 10:00:00+00:00,0.68956,2023-02-07 17:45:00+00:00,0.6971828530729919,tp,0.0038114265364959884,76.2285307299193,1.5500000000001624,-0.4652010410958904,74.21332968882324,31.75,1,0.8466639377814162,74.21332968882324,73.43832968882316,73.99407509978215
AUD_USD,signal,1,2023-02-16 22:00:00+00:00,2023-02-17 02:00:00+00:00,0.68556,2023-02-21 02:00:00+00:00,0.69056,timecap,0.0037553080365301333,50.00000000000004,1.4500000000000624,-0.9304020821917808,47.6195979178082,96.0,1,0.5169670527056919,47.6195979178082,46.89459791780816,47.18108873972601
AUD_USD,signal,1,2023-03-08 22:00:00+00:00,2023-03-09 02:00:00+00:00,0.65816,2023-03-09 14:00:00+00:00,0.6633803090629843,tp,0.0026101545314921436,52.20309062984318,1.2499999999998623,0.0,50.95309062984332,12.0,1,0.42156332350220765,50.95309062984332,50.32809062984339,50.95309062984332
AUD_USD,signal,-1,2023-03-15 01:00:00+00:00,2023-03-15 05:00:00+00:00,0.66928,2023-03-15 14:00:00+00:00,0.662239494285012,tp,0.0035202528574939476,70.40505714987933,1.30000000000019,0.0,69.10505714987913,9.0,1,0.6059592926688655,69.10505714987913,68.45505714987904,69.10505714987913
AUD_USD,signal,-1,2023-03-23 05:00:00+00:00,2023-03-23 09:00:00+00:00,0.67335,2023-03-23 19:20:00+00:00,0.6671968290167788,tp,0.0030765854916105905,61.53170983221212,1.40000000000029,0.0,60.13170983221183,10.333333333333334,1,1.1042351435469326,60.13170983221183,59.43170983221169,60.13170983221183
AUD_USD,signal,1,2023-04-10 05:00:00+00:00,2023-04-10 09:00:00+00:00,0.66686,2023-04-10 12:55:00+00:00,0.6622863169916301,sl,0.0022868415041849754,-45.736830083699104,1.30000000000019,0.0,-47.03683008369929,3.9166666666666665,1,0.8818670945818387,-47.03683008369929,-47.68683008369939,-47.03683008369929
AUD_USD,signal,-1,2023-05-04 17:00:00+00:00,2023-05-04 21:00:00+00:00,0.66936,2023-05-05 16:45:00+00:00,0.6749995765894665,sl,0.0028197882947332818,-56.39576589466566,2.4999999999997247,0.0,-58.89576589466538,19.75,1,0.8211226330027052,-58.89576589466538,-60.145765894665246,-58.89576589466538
AUD_USD,signal,1,2023-08-16 09:00:00+00:00,2023-08-16 13:00:00+00:00,0.64368,2023-08-17 01:30:00+00:00,0.6376217527183463,sl,0.0030291236408268693,-60.58247281653717,1.4500000000006175,-1.3612850136986303,-63.393757830236424,12.5,1,0.9234731256799059,-63.393757830236424,-64.11875783023673,-64.05152159735971
AUD_USD,signal,1,2023-12-05 02:00:00+00:00,2023-12-05 06:00:00+00:00,0.65835,2023-12-07 03:15:00+00:00,0.6528730215408173,sl,0.00273848922959138,-54.769784591827126,1.2499999999998623,-1.624390520547945,-57.64417511237494,45.25,1,0.9295402108011244,-57.64417511237494,-58.26917511237487,-58.521193468539316
AUD_USD,signal,-1,2024-07-04 05:00:00+00:00,2024-07-04 09:00:00+00:00,0.67218,2024-07-08 03:35:00+00:00,0.6759142166371673,sl,0.001867108318583653,-37.34216637167331,1.3999999999997348,0.026691863013698726,-38.71547450865935,90.58333333333333,1,0.957111686416479,-38.71547450865935,-39.415474508659216,-39.06246872783743
AUD_USD,signal,-1,2024-08-29 01:00:00+00:00,2024-08-29 05:00:00+00:00,0.68038,2024-08-30 15:30:00+00:00,0.676483783372749,tp,0.001948108313625506,38.962166272510366,1.40000000000029,0.013345931506849363,37.575512204016924,34.5,1,1.0840388881701575,37.575512204016924,36.87551220401678,37.40201509442788
AUD_USD,coin,-1,2020-12-27 22:00:00+00:00,2020-12-28 02:00:00+00:00,0.76045,2020-12-30 02:00:00+00:00,0.76327,timecap,0.0025356476611123613,-28.200000000000447,1.5499999999996072,-0.35080734246575335,-30.100807342465806,48.0,1,1.0992691839220463,-30.100807342465806,-30.87580734246561,-30.44780156164389
AUD_USD,coin,-1,2021-01-21 02:00:00+00:00,2021-01-21 06:00:00+00:00,0.7775,2021-01-22 07:30:00+00:00,0.7727388081948691,tp,0.0023805959025654713,47.61191805130904,1.3499999999999623,-0.1773102328767123,46.08460781843237,25.5,1,0.7328695842690475,46.08460781843237,45.409607818432384,45.911110708843324
AUD_USD,coin,1,2021-03-04 22:00:00+00:00,2021-03-05 02:00:00+00:00,0.76992,2021-03-09 02:00:00+00:00,0.76258,timecap,0.003989138023013439,-73.40000000000013,1.300000000000745,-0.427069808219178,-75.12706980822006,96.0,1,0.896793442053124,-75.12706980822006,-75.77706980822042,-75.56557898630226
AUD_USD,coin,-1,2021-04-12 01:00:00+00:00,2021-04-12 05:00:00+00:00,0.76036,2021-04-13 23:50:00+00:00,0.7650047175124465,sl,0.0023223587562232217,-46.44717512446439,1.2999999999996348,-0.35843358904109585,-48.10560871350512,42.833333333333336,1,0.9390125847047435,-48.10560871350512,-48.75560871350494,-48.4526029326832
AUD_USD,coin,-1,2021-06-23 13:00:00+00:00,2021-06-23 17:00:00+00:00,0.75774,2021-06-25 17:00:00+00:00,0.75918,timecap,0.0027010349068506776,-14.399999999999968,1.3999999999997348,-0.6939884383561643,-16.493988438355867,48.0,1,1.0187395685885112,-16.493988438355867,-17.193988438355735,-17.187976876712032
AUD_USD,coin,1,2021-10-27 01:00:00+00:00,2021-10-27 05:00:00+00:00,0.75262,2021-10-29 05:00:00+00:00,0.75456,timecap,0.0023416151820684133,19.400000000000528,1.50000000000039,-0.8617658630136984,17.03823413698644,48.0,1,0.722980203317282,17.03823413698644,16.288234136986244,16.161215780822054
AUD_USD,coin,-1,2021-11-17 10:00:00+00:00,2021-11-17 14:00:00+00:00,0.72811,2021-11-19 10:10:00+00:00,0.7235338638042514,tp,0.0022880680978743097,45.761361957485924,1.4500000000000624,-0.7092409315068492,43.60212102597902,44.166666666666664,1,1.09490171990172,43.60212102597902,42.87712102597898,42.90813258762285
AUD_USD,coin,1,2021-12-02 22:00:00+00:00,2021-12-03 02:00:00+00:00,0.70717,2021-12-03 16:20:00+00:00,0.7013338149541619,sl,0.0029180925229190216,-58.36185045838049,1.2500000000004174,0.0,-59.61185045838091,14.333333333333334,1,0.522741470688995,-59.61185045838091,-60.23685045838111,-59.61185045838091
AUD_USD,coin,1,2022-01-28 18:00:00+00:00,2022-01-30 22:00:00+00:00,0.69924,2022-01-31 08:40:00+00:00,0.7051788402264529,tp,0.0029694201132265067,59.38840226452968,4.649999999999932,0.0,54.738402264529746,10.666666666666666,1,0.7465599031053393,54.738402264529746,52.41340226452978,54.738402264529746
AUD_USD,coin,1,2022-02-02 18:00:00+00:00,2022-02-02 22:00:00+00:00,0.71378,2022-02-04 13:30:00+00:00,0.7084084871049271,sl,0.002685756447536422,-53.71512895072872,3.849999999999687,-0.2154414657534246,-57.78057041648183,39.5,1,0.43006938748365076,-57.78057041648183,-59.70557041648167,-57.99982500552293
AUD_USD,coin,1,2022-02-08 22:00:00+00:00,2022-02-09 02:00:00+00:00,0.71568,2022-02-10 15:05:00+00:00,0.7204019105735104,tp,0.002360955286755233,47.21910573510457,1.3500000000005175,-0.6463243972602738,45.22278133784378,37.083333333333336,1,0.3647061807299196,45.22278133784378,44.547781337843524,44.565017570720485
AUD_USD,coin,1,2022-02-16 22:00:00+00:00,2022-02-17 02:00:00+00:00,0.72066,2022-02-17 04:00:00+00:00,0.715018051817965,sl,0.002820974091017493,-56.41948182035006,1.1999999999995348,0.0,-57.61948182034959,2.0,1,0.5472322835940983,-57.61948182034959,-58.21948182034936,-57.61948182034959
AUD_USD,coin,1,2022-03-03 22:00:00+00:00,2022-03-04 02:00:00+00:00,0.73284,2022-03-06 23:25:00+00:00,0.7387031953127496,tp,0.0029315976563748093,58.63195312749591,1.5500000000007175,-0.2154414657534246,56.866511661741775,69.41666666666667,1,1.0795804175789578,56.866511661741775,56.091511661741414,56.647257072700675
AUD_USD,coin,-1,2022-03-14 01:00:00+00:00,2022-03-14 05:00:00+00:00,0.72588,2022-03-14 18:20:00+00:00,0.719757871349833,tp,0.0030610643250834533,61.22128650166925,1.5500000000001624,0.0,59.67128650166909,13.333333333333334,1,1.0356006776438471,59.67128650166909,58.896286501669,59.67128650166909
AUD_USD,coin,-1,2022-04-10 21:00:00+00:00,2022-04-11 01:00:00+00:00,0.74397,2022-04-12 15:20:00+00:00,0.7492140433246283,sl,0.002622021662314115,-52.440433246282446,1.60000000000049,-0.1296461917808219,-54.17007943806376,38.333333333333336,1,0.4127466496355744,-54.17007943806376,-54.970079438064005,-54.3435765476528
AUD_USD,coin,-1,2022-04-27 21:00:00+00:00,2022-04-28 01:00:00+00:00,0.71178,2022-05-02 01:00:00+00:00,0.70619,timecap,0.0036964622588800617,55.899999999999835,1.7000000000000348,-0.2592923835616438,53.94070761643816,96.0,1,0.3953673146749609,53.94070761643816,53.09070761643814,53.593713397260075
AUD_USD,coin,-1,2022-07-11 21:00:00+00:00,2022-07-12 01:00:00+00:00,0.67309,2022-07-13 12:10:00+00:00,0.6800515233264414,sl,0.0034807616632206826,-69.61523326441399,1.3999999999997348,-0.11630026027397257,-71.1315335246877,35.166666666666664,1,0.4030932627898297,-71.1315335246877,-71.83153352468756,-71.30503063427673
AUD_USD,coin,-1,2022-07-26 01:00:00+00:00,2022-07-26 05:00:00+00:00,0.69598,2022-07-28 05:00:00+00:00,0.69874,timecap,0.003163926756748135,-27.599999999999845,1.4500000000000624,-0.4652010410958903,-29.5152010410958,48.0,1,0.8620640751088482,-29.5152010410958,-30.24020104109583,-30.209189479451965
AUD_USD,coin,1,2022-08-01 05:00:00+00:00,2022-08-01 09:00:00+00:00,0.70269,2022-08-02 05:30:00+00:00,0.6955907762773966,sl,0.0035496118613017173,-70.99223722603409,1.3500000000005175,-0.31839579452054784,-72.66063302055517,20.5,1,0.8467659127993159,-72.66063302055517,-73.33563302055542,-72.87988760959625
AUD_USD,coin,1,2022-08-25 01:00:00+00:00,2022-08-25 05:00:00+00:00,0.6957,2022-08-26 18:15:00+00:00,0.6893378589320813,sl,0.0031810705339593236,-63.62141067918658,1.60000000000049,-0.31839579452054784,-65.53980647370763,37.25,1,1.0490545668673121,-65.53980647370763,-66.33980647370787,-65.75906106274871
AUD_USD,coin,1,2022-10-25 13:00:00+00:00,2022-10-25 17:00:00+00:00,0.6381,2022-10-26 07:45:00+00:00,0.6470146006881969,tp,0.0044573003440984684,89.14600688196938,1.5499999999996072,-0.3145826712328767,87.2814242107369,14.75,1,1.1196386668783853,87.2814242107369,86.50642421073711,87.0621696216958
AUD_USD,coin,1,2022-11-04 17:00:00+00:00,2022-11-06 22:00:00+00:00,0.64202,2022-11-08 15:10:00+00:00,0.651292712294088,tp,0.004636356147043976,92.72712294087992,2.3000000000000798,-0.4080041917808219,90.01911874909902,41.166666666666664,1,0.980673555300421,90.01911874909902,88.86911874909899,89.79986416005792
AUD_USD,coin,-1,2023-01-25 22:00:00+00:00,2023-01-26 02:00:00+00:00,0.71106,2023-01-30 02:00:00+00:00,0.71137,timecap,0.003257649714322219,-3.0999999999992145,1.3500000000005175,0.12201994520547936,-4.327980054794253,96.0,1,0.6096457303191339,-4.327980054794253,-5.002980054794512,-4.674974273972334
AUD_USD,coin,1,2023-02-06 06:00:00+00:00,2023-02-06 10:00:00+00:00,0.68956,2023-02-07 17:45:00+00:00,0.6971828530729919,tp,0.0038114265364959884,76.2285307299193,1.5500000000001624,-0.4652010410958904,74.21332968882324,31.75,1,0.8466639377814162,74.21332968882324,73.43832968882316,73.99407509978215
AUD_USD,coin,-1,2023-02-16 22:00:00+00:00,2023-02-17 02:00:00+00:00,0.68556,2023-02-21 02:00:00+00:00,0.69056,timecap,0.0037553080365301333,-50.00000000000004,1.4500000000000624,0.14489868493150687,-51.3051013150686,96.0,1,0.5169670527056919,-51.3051013150686,-52.030101315068634,-51.652095534246676
AUD_USD,coin,-1,2023-03-08 22:00:00+00:00,2023-03-09 02:00:00+00:00,0.65816,2023-03-09 14:00:00+00:00,0.6633803090629843,sl,0.0026101545314921436,-52.20309062984318,1.2499999999998623,0.0,-53.45309062984305,12.0,1,0.42156332350220765,-53.45309062984305,-54.078090629842976,-53.45309062984305
AUD_USD,coin,1,2023-03-15 01:00:00+00:00,2023-03-15 05:00:00+00:00,0.66928,2023-03-15 14:00:00+00:00,0.662239494285012,sl,0.0035202528574939476,-70.40505714987933,1.30000000000019,0.0,-71.70505714987952,9.0,1,0.6059592926688655,-71.70505714987952,-72.35505714987961,-71.70505714987952
AUD_USD,coin,-1,2023-03-23 05:00:00+00:00,2023-03-23 09:00:00+00:00,0.67335,2023-03-23 19:20:00+00:00,0.6671968290167788,tp,0.0030765854916105905,61.53170983221212,1.40000000000029,0.0,60.13170983221183,10.333333333333334,1,1.1042351435469326,60.13170983221183,59.43170983221169,60.13170983221183
AUD_USD,coin,1,2023-04-10 05:00:00+00:00,2023-04-10 09:00:00+00:00,0.66686,2023-04-10 12:55:00+00:00,0.6622863169916301,sl,0.0022868415041849754,-45.736830083699104,1.30000000000019,0.0,-47.03683008369929,3.9166666666666665,1,0.8818670945818387,-47.03683008369929,-47.68683008369939,-47.03683008369929
AUD_USD,coin,1,2023-05-04 17:00:00+00:00,2023-05-04 21:00:00+00:00,0.66936,2023-05-05 16:45:00+00:00,0.6749995765894665,tp,0.0028197882947332818,56.39576589466566,2.4999999999997247,0.0,53.895765894665935,19.75,1,0.8211226330027052,53.895765894665935,52.64576589466607,53.895765894665935
AUD_USD,coin,1,2023-08-16 09:00:00+00:00,2023-08-16 13:00:00+00:00,0.64368,2023-08-17 01:30:00+00:00,0.6376217527183463,sl,0.0030291236408268693,-60.58247281653717,1.4500000000006175,-1.3612850136986303,-63.393757830236424,12.5,1,0.9234731256799059,-63.393757830236424,-64.11875783023673,-64.05152159735971
AUD_USD,coin,-1,2023-12-05 02:00:00+00:00,2023-12-05 06:00:00+00:00,0.65835,2023-12-07 03:15:00+00:00,0.6528730215408173,tp,0.00273848922959138,54.769784591827126,1.2499999999998623,0.05338372602739745,53.57316831785466,45.25,1,0.9295402108011244,53.57316831785466,52.94816831785473,52.879179879498494
AUD_USD,coin,-1,2024-07-04 05:00:00+00:00,2024-07-04 09:00:00+00:00,0.67218,2024-07-08 03:35:00+00:00,0.6759142166371673,sl,0.001867108318583653,-37.34216637167331,1.3999999999997348,0.026691863013698726,-38.71547450865935,90.58333333333333,1,0.957111686416479,-38.71547450865935,-39.415474508659216,-39.06246872783743
AUD_USD,coin,1,2024-08-29 01:00:00+00:00,2024-08-29 05:00:00+00:00,0.68038,2024-08-30 15:30:00+00:00,0.676483783372749,sl,0.001948108313625506,-38.962166272510366,1.40000000000029,-0.40609763013698624,-40.76826390264764,34.5,1,1.0840388881701575,-40.76826390264764,-41.468263902647784,-40.98751849168874
AUD_USD,continuation,1,2020-12-27 22:00:00+00:00,2020-12-28 02:00:00+00:00,0.76045,2020-12-30 02:00:00+00:00,0.76327,timecap,0.0025356476611123613,28.200000000000447,1.5499999999996072,-0.4346960547945205,26.21530394520632,48.0,1,1.0992691839220463,26.21530394520632,25.440303945206516,25.77679476712413
AUD_USD,continuation,1,2021-01-21 02:00:00+00:00,2021-01-21 06:00:00+00:00,0.7775,2021-01-22 07:30:00+00:00,0.7727388081948691,sl,0.0023805959025654713,-47.61191805130904,1.3499999999999623,-0.2154414657534246,-49.17735951706242,25.5,1,0.7328695842690475,-49.17735951706242,-49.8523595170624,-49.39661410610352
AUD_USD,continuation,-1,2021-03-04 22:00:00+00:00,2021-03-05 02:00:00+00:00,0.76992,2021-03-09 02:00:00+00:00,0.76258,timecap,0.003989138023013439,73.40000000000013,1.300000000000745,-0.35843358904109585,71.74156641095828,96.0,1,0.896793442053124,71.74156641095828,71.09156641095792,71.3945721917802
AUD_USD,continuation,-1,2021-04-12 01:00:00+00:00,2021-04-12 05:00:00+00:00,0.76036,2021-04-13 23:50:00+00:00,0.7650047175124465,sl,0.0023223587562232217,-46.44717512446439,1.2999999999996348,-0.35843358904109585,-48.10560871350512,42.833333333333336,1,0.9390125847047435,-48.10560871350512,-48.75560871350494,-48.4526029326832
AUD_USD,continuation,1,2021-06-23 13:00:00+00:00,2021-06-23 17:00:00+00:00,0.75774,2021-06-25 17:00:00+00:00,0.75918,timecap,0.0027010349068506776,14.399999999999968,1.3999999999997348,-0.8770183561643833,12.122981643835852,48.0,1,1.0187395685885112,12.122981643835852,11.422981643835984,11.245963287671469
AUD_USD,continuation,1,2021-10-27 01:00:00+00:00,2021-10-27 05:00:00+00:00,0.75262,2021-10-29 05:00:00+00:00,0.75456,timecap,0.0023416151820684133,19.400000000000528,1.50000000000039,-0.8617658630136984,17.03823413698644,48.0,1,0.722980203317282,17.03823413698644,16.288234136986244,16.161215780822054
AUD_USD,continuation,-1,2021-11-17 10:00:00+00:00,2021-11-17 14:00:00+00:00,0.72811,2021-11-19 10:10:00+00:00,0.7235338638042514,tp,0.0022880680978743097,45.761361957485924,1.4500000000000624,-0.7092409315068492,43.60212102597902,44.166666666666664,1,1.09490171990172,43.60212102597902,42.87712102597898,42.90813258762285
AUD_USD,continuation,-1,2021-12-02 22:00:00+00:00,2021-12-03 02:00:00+00:00,0.70717,2021-12-03 16:20:00+00:00,0.7013338149541619,tp,0.0029180925229190216,58.36185045838049,1.2500000000004174,0.0,57.11185045838007,14.333333333333334,1,0.522741470688995,57.11185045838007,56.48685045837986,57.11185045838007
AUD_USD,continuation,-1,2022-01-28 18:00:00+00:00,2022-01-30 22:00:00+00:00,0.69924,2022-01-31 08:40:00+00:00,0.7051788402264529,sl,0.0029694201132265067,-59.38840226452968,4.649999999999932,0.0,-64.03840226452961,10.666666666666666,1,0.7465599031053393,-64.03840226452961,-66.36340226452958,-64.03840226452961
AUD_USD,continuation,1,2022-02-02 18:00:00+00:00,2022-02-02 22:00:00+00:00,0.71378,2022-02-04 13:30:00+00:00,0.7084084871049271,sl,0.002685756447536422,-53.71512895072872,3.849999999999687,-0.2154414657534246,-57.78057041648183,39.5,1,0.43006938748365076,-57.78057041648183,-59.70557041648167,-57.99982500552293
AUD_USD,continuation,1,2022-02-08 22:00:00+00:00,2022-02-09 02:00:00+00:00,0.71568,2022-02-10 15:05:00+00:00,0.7204019105735104,tp,0.002360955286755233,47.21910573510457,1.3500000000005175,-0.6463243972602738,45.22278133784378,37.083333333333336,1,0.3647061807299196,45.22278133784378,44.547781337843524,44.565017570720485
AUD_USD,continuation,1,2022-02-16 22:00:00+00:00,2022-02-17 02:00:00+00:00,0.72066,2022-02-17 04:00:00+00:00,0.715018051817965,sl,0.002820974091017493,-56.41948182035006,1.1999999999995348,0.0,-57.61948182034959,2.0,1,0.5472322835940983,-57.61948182034959,-58.21948182034936,-57.61948182034959
AUD_USD,continuation,1,2022-03-03 22:00:00+00:00,2022-03-04 02:00:00+00:00,0.73284,2022-03-06 23:25:00+00:00,0.7387031953127496,tp,0.0029315976563748093,58.63195312749591,1.5500000000007175,-0.2154414657534246,56.866511661741775,69.41666666666667,1,1.0795804175789578,56.866511661741775,56.091511661741414,56.647257072700675
AUD_USD,continuation,-1,2022-03-14 01:00:00+00:00,2022-03-14 05:00:00+00:00,0.72588,2022-03-14 18:20:00+00:00,0.719757871349833,tp,0.0030610643250834533,61.22128650166925,1.5500000000001624,0.0,59.67128650166909,13.333333333333334,1,1.0356006776438471,59.67128650166909,58.896286501669,59.67128650166909
AUD_USD,continuation,-1,2022-04-10 21:00:00+00:00,2022-04-11 01:00:00+00:00,0.74397,2022-04-12 15:20:00+00:00,0.7492140433246283,sl,0.002622021662314115,-52.440433246282446,1.60000000000049,-0.1296461917808219,-54.17007943806376,38.333333333333336,1,0.4127466496355744,-54.17007943806376,-54.970079438064005,-54.3435765476528
AUD_USD,continuation,-1,2022-04-27 21:00:00+00:00,2022-04-28 01:00:00+00:00,0.71178,2022-05-02 01:00:00+00:00,0.70619,timecap,0.0036964622588800617,55.899999999999835,1.7000000000000348,-0.2592923835616438,53.94070761643816,96.0,1,0.3953673146749609,53.94070761643816,53.09070761643814,53.593713397260075
AUD_USD,continuation,-1,2022-07-11 21:00:00+00:00,2022-07-12 01:00:00+00:00,0.67309,2022-07-13 12:10:00+00:00,0.6800515233264414,sl,0.0034807616632206826,-69.61523326441399,1.3999999999997348,-0.11630026027397257,-71.1315335246877,35.166666666666664,1,0.4030932627898297,-71.1315335246877,-71.83153352468756,-71.30503063427673
AUD_USD,continuation,1,2022-07-26 01:00:00+00:00,2022-07-26 05:00:00+00:00,0.69598,2022-07-28 05:00:00+00:00,0.69874,timecap,0.003163926756748135,27.599999999999845,1.4500000000000624,-1.1058057534246575,25.044194246575124,48.0,1,0.8620640751088482,25.044194246575124,24.319194246575094,24.16717589041074
AUD_USD,continuation,1,2022-08-01 05:00:00+00:00,2022-08-01 09:00:00+00:00,0.70269,2022-08-02 05:30:00+00:00,0.6955907762773966,sl,0.0035496118613017173,-70.99223722603409,1.3500000000005175,-0.31839579452054784,-72.66063302055517,20.5,1,0.8467659127993159,-72.66063302055517,-73.33563302055542,-72.87988760959625
AUD_USD,continuation,1,2022-08-25 01:00:00+00:00,2022-08-25 05:00:00+00:00,0.6957,2022-08-26 18:15:00+00:00,0.6893378589320813,sl,0.0031810705339593236,-63.62141067918658,1.60000000000049,-0.31839579452054784,-65.53980647370763,37.25,1,1.0490545668673121,-65.53980647370763,-66.33980647370787,-65.75906106274871
AUD_USD,continuation,1,2022-10-25 13:00:00+00:00,2022-10-25 17:00:00+00:00,0.6381,2022-10-26 07:45:00+00:00,0.6470146006881969,tp,0.0044573003440984684,89.14600688196938,1.5499999999996072,-0.3145826712328767,87.2814242107369,14.75,1,1.1196386668783853,87.2814242107369,86.50642421073711,87.0621696216958
AUD_USD,continuation,1,2022-11-04 17:00:00+00:00,2022-11-06 22:00:00+00:00,0.64202,2022-11-08 15:10:00+00:00,0.651292712294088,tp,0.004636356147043976,92.72712294087992,2.3000000000000798,-0.4080041917808219,90.01911874909902,41.166666666666664,1,0.980673555300421,90.01911874909902,88.86911874909899,89.79986416005792
AUD_USD,continuation,1,2023-01-25 22:00:00+00:00,2023-01-26 02:00:00+00:00,0.71106,2023-01-30 02:00:00+00:00,0.71137,timecap,0.003257649714322219,3.0999999999992145,1.3500000000005175,-0.9075233424657533,0.8424766575329438,96.0,1,0.6096457303191339,0.8424766575329438,0.16747665753268504,0.4039674794507522
AUD_USD,continuation,-1,2023-02-06 06:00:00+00:00,2023-02-06 10:00:00+00:00,0.68956,2023-02-07 17:45:00+00:00,0.6971828530729919,sl,0.0038114265364959884,-76.2285307299193,1.5500000000001624,0.07244934246575344,-77.70608138745371,31.75,1,0.8466639377814162,-77.70608138745371,-78.48108138745378,-77.87957849704276
AUD_USD,continuation,-1,2023-02-16 22:00:00+00:00,2023-02-17 02:00:00+00:00,0.68556,2023-02-21 02:00:00+00:00,0.69056,timecap,0.0037553080365301333,-50.00000000000004,1.4500000000000624,0.14489868493150687,-51.3051013150686,96.0,1,0.5169670527056919,-51.3051013150686,-52.030101315068634,-51.652095534246676
AUD_USD,continuation,-1,2023-03-08 22:00:00+00:00,2023-03-09 02:00:00+00:00,0.65816,2023-03-09 14:00:00+00:00,0.6633803090629843,sl,0.0026101545314921436,-52.20309062984318,1.2499999999998623,0.0,-53.45309062984305,12.0,1,0.42156332350220765,-53.45309062984305,-54.078090629842976,-53.45309062984305
AUD_USD,continuation,1,2023-03-15 01:00:00+00:00,2023-03-15 05:00:00+00:00,0.66928,2023-03-15 14:00:00+00:00,0.662239494285012,sl,0.0035202528574939476,-70.40505714987933,1.30000000000019,0.0,-71.70505714987952,9.0,1,0.6059592926688655,-71.70505714987952,-72.35505714987961,-71.70505714987952
AUD_USD,continuation,1,2023-03-23 05:00:00+00:00,2023-03-23 09:00:00+00:00,0.67335,2023-03-23 19:20:00+00:00,0.6671968290167788,sl,0.0030765854916105905,-61.53170983221212,1.40000000000029,0.0,-62.93170983221241,10.333333333333334,1,1.1042351435469326,-62.93170983221241,-63.63170983221256,-62.93170983221241
AUD_USD,continuation,-1,2023-04-10 05:00:00+00:00,2023-04-10 09:00:00+00:00,0.66686,2023-04-10 12:55:00+00:00,0.6622863169916301,tp,0.0022868415041849754,45.736830083699104,1.30000000000019,0.0,44.436830083698915,3.9166666666666665,1,0.8818670945818387,44.436830083698915,43.78683008369882,44.436830083698915
AUD_USD,continuation,1,2023-05-04 17:00:00+00:00,2023-05-04 21:00:00+00:00,0.66936,2023-05-05 16:45:00+00:00,0.6749995765894665,tp,0.0028197882947332818,56.39576589466566,2.4999999999997247,0.0,53.895765894665935,19.75,1,0.8211226330027052,53.895765894665935,52.64576589466607,53.895765894665935
AUD_USD,continuation,-1,2023-08-16 09:00:00+00:00,2023-08-16 13:00:00+00:00,0.64368,2023-08-17 01:30:00+00:00,0.6376217527183463,tp,0.0030291236408268693,60.58247281653717,1.4500000000006175,0.18302991780821942,59.31550273434477,12.5,1,0.9234731256799059,59.31550273434477,58.59050273434446,58.79501140557765
AUD_USD,continuation,-1,2023-12-05 02:00:00+00:00,2023-12-05 06:00:00+00:00,0.65835,2023-12-07 03:15:00+00:00,0.6528730215408173,tp,0.00273848922959138,54.769784591827126,1.2499999999998623,0.05338372602739745,53.57316831785466,45.25,1,0.9295402108011244,53.57316831785466,52.94816831785473,52.879179879498494
AUD_USD,continuation,1,2024-07-04 05:00:00+00:00,2024-07-04 09:00:00+00:00,0.67218,2024-07-08 03:35:00+00:00,0.6759142166371673,tp,0.001867108318583653,37.34216637167331,1.3999999999997348,-0.8121952602739725,35.1299711113996,90.58333333333333,1,0.957111686416479,35.1299711113996,34.42997111139973,34.691461933317406
AUD_USD,continuation,1,2024-08-29 01:00:00+00:00,2024-08-29 05:00:00+00:00,0.68038,2024-08-30 15:30:00+00:00,0.676483783372749,sl,0.001948108313625506,-38.962166272510366,1.40000000000029,-0.40609763013698624,-40.76826390264764,34.5,1,1.0840388881701575,-40.76826390264764,-41.468263902647784,-40.98751849168874
CAD_JPY,signal,-1,2020-12-01 02:00:00+00:00,2020-12-01 06:00:00+00:00,80.493,2020-12-02 08:50:00+00:00,80.92279601570623,sl,0.2148980078531119,-42.97960157062306,1.650000000000773,-0.32886248958904096,-44.958464060212876,26.833333333333332,1,0.4103700928354357,-44.958464060212876,-45.78346406021326,-45.21691628761013
CAD_JPY,signal,1,2020-12-22 06:00:00+00:00,2020-12-22 10:00:00+00:00,80.245,2020-12-23 17:25:00+00:00,80.67912572216247,tp,0.21706286108123185,43.4125722162463,1.8000000000000682,-0.3743025789041097,41.23826963734213,31.416666666666668,1,1.0498333817286818,41.23826963734213,40.338269637342094,40.793556796246236
CAD_JPY,signal,1,2021-01-25 22:00:00+00:00,2021-01-26 02:00:00+00:00,81.392,2021-01-28 02:00:00+00:00,81.4,timecap,0.19112986773631976,0.8000000000009777,1.6500000000000625,-1.531237254575343,-2.381237254574428,48.0,1,0.955451600170393,-2.381237254574428,-3.206237254574459,-4.160088618957991
CAD_JPY,signal,-1,2021-03-05 02:00:00+00:00,2021-03-05 06:00:00+00:00,85.446,2021-03-08 17:55:00+00:00,86.08546578710997,sl,0.31973289355498186,-63.94657871099696,1.649999999999352,-0.3201513953782013,-65.91673010637452,83.91666666666667,1,0.7175447330658623,-65.91673010637452,-66.74173010637419,-66.17518233377177
CAD_JPY,signal,1,2021-03-19 05:00:00+00:00,2021-03-19 09:00:00+00:00,87.139,2021-03-23 06:00:00+00:00,86.6345020811386,sl,0.2522489594306915,-50.44979188613894,1.449999999999818,-0.7660273462298989,-52.665819232368655,93.0,1,1.128566050706254,-52.665819232368655,-53.390819232368564,-53.55524491456044
CAD_JPY,signal,1,2021-03-23 21:00:00+00:00,2021-03-24 01:00:00+00:00,86.311,2021-03-25 10:35:00+00:00,86.8794243934737,tp,0.28421219673684645,56.84243934736912,1.75000000000054,-1.1490410193448484,53.94339832802373,33.583333333333336,1,0.46537411012151736,53.94339832802373,53.06839832802346,52.60925980473606
CAD_JPY,signal,1,2021-06-06 21:00:00+00:00,2021-06-07 01:00:00+00:00,90.698,2021-06-09 01:00:00+00:00,90.392,timecap,0.19323253262660106,-30.59999999999974,1.4999999999993463,-0.753866821270237,-32.85386682126932,48.0,1,0.4517092377250205,-32.85386682126932,-33.603866821268994,-33.743292503461106
CAD_JPY,signal,1,2021-06-18 01:00:00+00:00,2021-06-18 05:00:00+00:00,89.15,2021-06-18 14:50:00+00:00,88.65195187082189,sl,0.24902406458905751,-49.8048129178116,1.6000000000005343,0.0,-51.40481291781214,9.833333333333334,1,0.4360603680931104,-51.40481291781214,-52.204812917812404,-51.40481291781214
CAD_JPY,signal,1,2021-09-09 01:00:00+00:00,2021-09-09 05:00:00+00:00,86.614,2021-09-10 07:30:00+00:00,87.12999236379649,tp,0.25799618189824547,51.59923637964852,1.5000000000000568,-0.3793825558767125,49.71985382377175,26.5,1,0.5942645196309029,49.71985382377175,48.96985382377172,49.27514098267586
CAD_JPY,signal,1,2021-09-19 21:00:00+00:00,2021-09-20 01:00:00+00:00,86.178,2021-09-20 08:30:00+00:00,85.59179941850692,sl,0.2931002907465392,-58.6200581493074,1.5999999999998238,0.0,-60.22005814930722,7.5,1,0.22540139175057342,-60.22005814930722,-61.02005814930713,-60.22005814930722
CAD_JPY,signal,-1,2021-10-05 09:00:00+00:00,2021-10-05 13:00:00+00:00,88.364,2021-10-07 13:00:00+00:00,88.607,timecap,0.2971454262083858,-24.2999999999995,1.5999999999998238,-1.3147311673972597,-27.214731167396582,48.0,1,0.6891101819359878,-27.214731167396582,-28.014731167396494,-28.248540076985623
CAD_JPY,signal,-1,2021-10-13 05:00:00+00:00,2021-10-13 09:00:00+00:00,91.256,2021-10-14 13:40:00+00:00,91.83964807725258,sl,0.2918240386262902,-58.364807725257606,1.850000000000307,-0.9860483755479448,-61.20085610080586,28.666666666666668,1,0.7925740806854695,-61.20085610080586,-62.12585610080601,-61.976212782997635
CAD_JPY,signal,1,2021-11-08 22:00:00+00:00,2021-11-09 02:00:00+00:00,90.874,2021-11-10 13:55:00+00:00,91.38435679290234,tp,0.2551783964511718,51.03567929023427,1.7999999999993577,-0.36919216864970655,48.86648712158521,35.916666666666664,1,0.49778162536522025,48.86648712158521,47.96648712158553,48.421774280489316
CAD_JPY,signal,1,2021-12-17 18:00:00+00:00,2021-12-19 22:00:00+00:00,88.152,2021-12-20 15:50:00+00:00,87.48603789375522,sl,0.3329810531223911,-66.59621062447769,9.800000000000608,0.0,-76.3962106244783,17.833333333333332,1,0.8205576719843692,-76.3962106244783,-81.2962106244786,-76.3962106244783
CAD_JPY,signal,-1,2022-01-02 22:00:00+00:00,2022-01-03 02:00:00+00:00,90.994,2022-01-03 13:15:00+00:00,90.51465963416591,tp,0.23967018291704878,47.93403658340907,1.8999999999998352,0.0,46.03403658340923,11.25,1,0.581429288624768,46.03403658340923,45.084036583409315,46.03403658340923
CAD_JPY,signal,-1,2022-01-10 02:00:00+00:00,2022-01-10 06:00:00+00:00,91.602,2022-01-10 12:50:00+00:00,91.03707620208664,tp,0.28246189895668083,56.49237979133659,1.6999999999995907,0.0,54.792379791337,6.833333333333333,1,0.39325231271539995,54.792379791337,53.9423797913372,54.792379791337
CAD_JPY,signal,1,2022-02-21 06:00:00+00:00,2022-02-21 10:00:00+00:00,90.178,2022-02-23 10:00:00+00:00,90.532,timecap,0.30546972199344863,35.39999999999992,1.7000000000003013,-0.7708268188031723,32.92917318119645,48.0,1,1.0389581911426513,32.92917318119645,32.079173181196296,32.03974749900467
CAD_JPY,signal,-1,2022-03-22 17:00:00+00:00,2022-03-22 21:00:00+00:00,96.058,2022-03-24 07:05:00+00:00,96.73679299065309,sl,0.33939649532653837,-67.87929906530792,6.300000000000949,-1.1651506329720065,-75.34444969828087,34.083333333333336,1,0.7128117360824505,-75.34444969828087,-78.49444969828134,-76.11980638047265
CAD_JPY,signal,-1,2022-05-16 17:00:00+00:00,2022-05-16 21:00:00+00:00,100.518,2022-05-18 21:00:00+00:00,99.474,timecap,0.5840756323426517,104.3999999999997,13.450000000000273,-2.2404312380430524,88.70956876195636,48.0,1,0.6329433252658471,88.70956876195636,81.98456876195623,87.67575985236732
CAD_JPY,signal,-1,2022-05-31 21:00:00+00:00,2022-06-01 01:00:00+00:00,101.928,2022-06-01 14:00:00+00:00,102.73834612697445,sl,0.40517306348722615,-81.03461269744514,2.400000000000091,0.0,-83.43461269744523,13.0,1,0.5243976980474921,-83.43461269744523,-84.63461269744528,-83.43461269744523
CAD_JPY,signal,1,2022-06-13 21:00:00+00:00,2022-06-14 01:00:00+00:00,104.108,2022-06-16 01:00:00+00:00,104.318,timecap,0.47424843700997693,20.999999999999375,2.449999999999619,0.05477016642590665,18.604770166425663,48.0,1,0.5217124679008087,18.604770166425663,17.379770166425853,16.8259188020421
CAD_JPY,signal,1,2022-07-06 01:00:00+00:00,2022-07-06 05:00:00+00:00,103.774,2022-07-07 18:00:00+00:00,104.85382403871182,tp,0.5399120193559109,107.98240387118199,2.1999999999998465,0.5873180066474372,106.36972187782958,37.0,1,1.012089964599227,106.36972187782958,105.26972187782965,105.0355833545419
CAD_JPY,signal,-1,2022-07-18 13:00:00+00:00,2022-07-18 17:00:00+00:00,106.65,2022-07-20 00:15:00+00:00,107.5010201599783,sl,0.4255100799891473,-85.10201599782903,2.200000000000557,-1.7978754747512593,-89.09989147258085,31.25,1,1.0576746188621642,-89.09989147258085,-90.19989147258113,-89.61679592737536
CAD_JPY,signal,1,2022-07-31 21:00:00+00:00,2022-08-01 01:00:00+00:00,103.76,2022-08-01 15:20:00+00:00,102.72071420845246,sl,0.5196428957737709,-103.92857915475417,2.1000000000000796,0.0,-106.02857915475425,14.333333333333334,1,0.4777345281840496,-106.02857915475425,-107.0785791547543,-106.02857915475425
CAD_JPY,signal,-1,2022-09-06 21:00:00+00:00,2022-09-07 01:00:00+00:00,108.618,2022-09-07 04:25:00+00:00,109.38552748465611,sl,0.38376374232805777,-76.75274846561138,2.3500000000005627,0.0,-79.10274846561194,3.4166666666666665,1,0.9570744791042008,-79.10274846561194,-80.27774846561222,-79.10274846561194
CAD_JPY,signal,-1,2022-09-28 17:00:00+00:00,2022-09-28 21:00:00+00:00,105.843,2022-09-30 17:50:00+00:00,104.83119268789349,tp,0.5059036560532552,101.18073121065123,10.999999999999233,-1.2431234685508286,88.93760774210116,44.833333333333336,1,1.0040260616216892,88.93760774210116,83.43760774210155,88.67915551470391
CAD_JPY,signal,1,2022-10-07 09:00:00+00:00,2022-10-07 13:00:00+00:00,105.632,2022-10-11 13:00:00+00:00,105.727,timecap,0.3781838788647901,9.499999999999886,2.1500000000003183,1.213250055746214,8.563250055745781,96.0,1,1.1429946342045496,8.563250055745781,7.488250055745623,7.673824373554001
CAD_JPY,signal,1,2022-11-11 18:00:00+00:00,2022-11-13 22:00:00+00:00,104.826,2022-11-15 22:00:00+00:00,104.918,timecap,0.6067494992788308,9.200000000001296,16.59999999999968,1.4908498341291583,-5.909150165869227,48.0,1,0.635917811362293,-5.909150165869227,-14.209150165869069,-6.798575848061009
CAD_JPY,signal,1,2023-01-18 22:00:00+00:00,2023-01-19 02:00:00+00:00,95.167,2023-01-20 11:40:00+00:00,96.45391068575265,tp,0.6434553428763207,128.69106857526447,2.1500000000003183,0.9022433768688856,127.44331195213303,33.666666666666664,1,0.7876032509337082,127.44331195213303,126.36831195213287,126.99859911103714
CAD_JPY,signal,1,2023-03-08 22:00:00+00:00,2023-03-09 02:00:00+00:00,99.28,2023-03-09 09:50:00+00:00,98.62775158706701,sl,0.32612420646649687,-65.22484129329911,2.0500000000005514,0.0,-67.27484129329966,7.833333333333333,1,0.6811600990718215,-67.27484129329966,-68.29984129329993,-67.27484129329966
CAD_JPY,signal,-1,2023-03-28 21:00:00+00:00,2023-03-29 01:00:00+00:00,96.611,2023-03-29 15:15:00+00:00,97.62217911293348,sl,0.5055895564667399,-101.11791129334762,2.2500000000000853,0.0,-103.3679112933477,14.25,1,0.42675086033233656,-103.3679112933477,-104.49291129334775,-103.3679112933477
CAD_JPY,signal,-1,2023-04-02 21:00:00+00:00,2023-04-03 01:00:00+00:00,98.513,2023-04-05 01:00:00+00:00,97.863,timecap,0.4599706783550995,65.00000000000057,2.150000000001029,-3.3337634974375474,59.516236502561995,48.0,1,0.8813365637653211,59.516236502561995,58.44123650256148,58.999332047767474
CAD_JPY,signal,1,2023-04-05 21:00:00+00:00,2023-04-06 01:00:00+00:00,97.403,2023-04-10 01:00:00+00:00,98.147,timecap,0.44020350456877705,74.39999999999998,2.1500000000003183,1.9274333604512464,74.1774333604509,96.0,1,0.4820275014705611,74.1774333604509,73.10243336045075,73.28800767825912
CAD_JPY,signal,1,2023-04-26 01:00:00+00:00,2023-04-26 05:00:00+00:00,97.985,2023-04-28 01:45:00+00:00,98.64619128038152,tp,0.33059564019076054,66.11912803815159,2.0000000000003126,3.8548667209024927,67.97399475905377,44.75,1,0.8406346355731329,67.97399475905377,66.97399475905361,66.19514339467021
CAD_JPY,signal,1,2023-08-04 09:00:00+00:00,2023-08-04 13:00:00+00:00,106.438,2023-08-08 13:00:00+00:00,106.151,timecap,0.4657170181316121,-28.700000000000614,2.449999999999619,2.2721379960896657,-28.87786200391057,96.0,1,1.1024497756418712,-28.87786200391057,-30.102862003910378,-29.76728768610235
CAD_JPY,signal,1,2023-10-18 21:00:00+00:00,2023-10-19 01:00:00+00:00,109.18,2023-10-23 01:00:00+00:00,109.305,timecap,0.26075101131611333,12.5,2.049999999999841,2.249406303041096,12.699406303041254,96.0,1,0.5787312938683619,12.699406303041254,11.674406303041334,11.809980620849474
CAD_JPY,signal,-1,2024-01-17 22:00:00+00:00,2024-01-18 02:00:00+00:00,109.74,2024-01-21 22:05:00+00:00,110.36901179021282,sl,0.31450589510641525,-62.90117902128287,9.099999999999397,-3.6671407830635117,-75.66831980434578,92.08333333333333,1,0.6076149371037215,-75.66831980434578,-80.21831980434548,-76.1852242591403
CAD_JPY,signal,1,2024-01-24 10:00:00+00:00,2024-01-24 14:00:00+00:00,109.268,2024-01-26 12:35:00+00:00,109.965621884999,tp,0.34881094249949524,69.76218849989948,2.1500000000003183,4.521621292154421,72.13380979205358,46.583333333333336,1,1.1118241513200968,72.13380979205358,71.05880979205342,70.35495842767003
CAD_JPY,signal,-1,2024-02-13 06:00:00+00:00,2024-02-13 10:00:00+00:00,111.204,2024-02-15 10:00:00+00:00,110.832,timecap,0.2286670555379655,37.19999999999999,2.400000000000091,-7.310379067726027,27.489620932273873,48.0,1,1.0897105485910463,27.489620932273873,26.289620932273827,26.45581202268483
CAD_JPY,signal,-1,2024-03-17 21:00:00+00:00,2024-03-18 01:00:00+00:00,110.22,2024-03-19 05:00:00+00:00,110.76161888827077,sl,0.2708094441353865,-54.161888827077576,2.349999999999852,-1.8150690531780822,-58.32695788025551,28.0,1,0.3872032794031041,-58.32695788025551,-59.50195788025544,-58.58541010765277
CAD_JPY,signal,-1,2024-04-04 01:00:00+00:00,2024-04-04 05:00:00+00:00,112.243,2024-04-04 18:50:00+00:00,111.87278332005084,tp,0.18510833997457757,37.02166799491522,2.2500000000000853,0.0,34.771667994915134,13.833333333333334,1,0.8148427282601468,34.771667994915134,33.64666799491509,34.771667994915134
CAD_JPY,signal,-1,2024-04-18 09:00:00+00:00,2024-04-18 13:00:00+00:00,112.233,2024-04-19 01:40:00+00:00,111.65932211009672,tp,0.2868389449516418,57.367788990327995,2.0000000000003126,-1.796951827621419,53.57083716270626,12.666666666666666,1,1.031837916063676,53.57083716270626,52.570837162706106,53.312384935309005
CAD_JPY,signal,-1,2024-06-17 21:00:00+00:00,2024-06-18 01:00:00+00:00,114.935,2024-06-20 01:00:00+00:00,115.245,timecap,0.3254363452285365,-31.000000000000227,2.300000000000324,-6.939545436493151,-40.2395454364937,48.0,1,0.2923186497744588,-40.2395454364937,-41.38954543649386,-41.27335434608274
CAD_JPY,signal,1,2024-07-15 05:00:00+00:00,2024-07-15 09:00:00+00:00,115.749,2024-07-17 07:30:00+00:00,114.88070018737746,sl,0.43414990631126754,-86.82998126225385,2.1500000000003183,2.004158845949119,-86.97582241630505,46.5,1,0.7422854897693958,-86.97582241630505,-88.05082241630521,-87.86524809849683
CAD_JPY,signal,1,2024-08-01 17:00:00+00:00,2024-08-01 21:00:00+00:00,107.616,2024-08-02 12:30:00+00:00,106.01455064363871,sl,0.8007246781806399,-160.1449356361286,13.850000000000051,0.0,-173.99493563612864,15.5,1,0.7948197227977326,-173.99493563612864,-180.91993563612868,-173.99493563612864
CAD_JPY,signal,-1,2024-08-08 21:00:00+00:00,2024-08-09 01:00:00+00:00,107.336,2024-08-13 01:00:00+00:00,107.14,timecap,0.926355469105926,19.599999999999795,2.5999999999989143,-3.1957946061369853,13.804205393863896,96.0,1,0.4381455508346524,13.804205393863896,12.504205393864439,13.287300939069375
CAD_JPY,signal,1,2024-09-08 21:00:00+00:00,2024-09-09 01:00:00+00:00,105.197,2024-09-11 01:00:00+00:00,104.52,timecap,0.5949477574553396,-67.70000000000067,2.1999999999998465,1.6547331806392678,-68.24526681936125,48.0,1,0.5508371952530363,-68.24526681936125,-69.34526681936117,-69.13469250155303
CAD_JPY,coin,-1,2020-12-01 02:00:00+00:00,2020-12-01 06:00:00+00:00,80.493,2020-12-02 08:50:00+00:00,80.92279601570623,sl,0.2148980078531119,-42.97960157062306,1.650000000000773,-0.32886248958904096,-44.958464060212876,26.833333333333332,1,0.4103700928354357,-44.958464060212876,-45.78346406021326,-45.21691628761013
CAD_JPY,coin,-1,2020-12-22 06:00:00+00:00,2020-12-22 10:00:00+00:00,80.245,2020-12-23 17:25:00+00:00,80.67912572216247,sl,0.21706286108123185,-43.4125722162463,1.8000000000000682,-0.32886248958904096,-45.541434705835414,31.416666666666668,1,1.0498333817286818,-45.541434705835414,-46.44143470583545,-45.79988693323267
CAD_JPY,coin,1,2021-01-25 22:00:00+00:00,2021-01-26 02:00:00+00:00,81.392,2021-01-28 02:00:00+00:00,81.4,timecap,0.19112986773631976,0.8000000000009777,1.6500000000000625,-1.531237254575343,-2.381237254574428,48.0,1,0.955451600170393,-2.381237254574428,-3.206237254574459,-4.160088618957991
CAD_JPY,coin,-1,2021-03-05 02:00:00+00:00,2021-03-05 06:00:00+00:00,85.446,2021-03-08 17:55:00+00:00,86.08546578710997,sl,0.31973289355498186,-63.94657871099696,1.649999999999352,-0.3201513953782013,-65.91673010637452,83.91666666666667,1,0.7175447330658623,-65.91673010637452,-66.74173010637419,-66.17518233377177
CAD_JPY,coin,-1,2021-03-19 05:00:00+00:00,2021-03-19 09:00:00+00:00,87.139,2021-03-23 06:00:00+00:00,86.6345020811386,tp,0.2522489594306915,50.44979188613894,1.449999999999818,-0.6403027907564026,48.35948909538272,93.0,1,1.128566050706254,48.35948909538272,47.63448909538281,47.8425846405882
CAD_JPY,coin,1,2021-03-23 21:00:00+00:00,2021-03-24 01:00:00+00:00,86.311,2021-03-25 10:35:00+00:00,86.8794243934737,tp,0.28421219673684645,56.84243934736912,1.75000000000054,-1.1490410193448484,53.94339832802373,33.583333333333336,1,0.46537411012151736,53.94339832802373,53.06839832802346,52.60925980473606
CAD_JPY,coin,-1,2021-06-06 21:00:00+00:00,2021-06-07 01:00:00+00:00,90.698,2021-06-09 01:00:00+00:00,90.392,timecap,0.19323253262660106,30.59999999999974,1.4999999999993463,-0.6524633157160644,28.447536684284326,48.0,1,0.4517092377250205,28.447536684284326,27.697536684284653,27.930632229489806
CAD_JPY,coin,1,2021-06-18 01:00:00+00:00,2021-06-18 05:00:00+00:00,89.15,2021-06-18 14:50:00+00:00,88.65195187082189,sl,0.24902406458905751,-49.8048129178116,1.6000000000005343,0.0,-51.40481291781214,9.833333333333334,1,0.4360603680931104,-51.40481291781214,-52.204812917812404,-51.40481291781214
CAD_JPY,coin,1,2021-09-09 01:00:00+00:00,2021-09-09 05:00:00+00:00,86.614,2021-09-10 07:30:00+00:00,87.12999236379649,tp,0.25799618189824547,51.59923637964852,1.5000000000000568,-0.3793825558767125,49.71985382377175,26.5,1,0.5942645196309029,49.71985382377175,48.96985382377172,49.27514098267586
CAD_JPY,coin,1,2021-09-19 21:00:00+00:00,2021-09-20 01:00:00+00:00,86.178,2021-09-20 08:30:00+00:00,85.59179941850692,sl,0.2931002907465392,-58.6200581493074,1.5999999999998238,0.0,-60.22005814930722,7.5,1,0.22540139175057342,-60.22005814930722,-61.02005814930713,-60.22005814930722
CAD_JPY,coin,1,2021-10-05 09:00:00+00:00,2021-10-05 13:00:00+00:00,88.364,2021-10-07 13:00:00+00:00,88.607,timecap,0.2971454262083858,24.2999999999995,1.5999999999998238,-1.4979291065753428,21.202070893424334,48.0,1,0.6891101819359878,21.202070893424334,20.402070893424423,19.42321952904077
CAD_JPY,coin,1,2021-10-13 05:00:00+00:00,2021-10-13 09:00:00+00:00,91.256,2021-10-14 13:40:00+00:00,91.83964807725258,tp,0.2918240386262902,58.364807725257606,1.850000000000307,-1.123446829931507,55.39136089532579,28.666666666666668,1,0.7925740806854695,55.39136089532579,54.466360895325636,54.05722237203812
CAD_JPY,coin,1,2021-11-08 22:00:00+00:00,2021-11-09 02:00:00+00:00,90.874,2021-11-10 13:55:00+00:00,91.38435679290234,tp,0.2551783964511718,51.03567929023427,1.7999999999993577,-0.36919216864970655,48.86648712158521,35.916666666666664,1,0.49778162536522025,48.86648712158521,47.96648712158553,48.421774280489316
CAD_JPY,coin,-1,2021-12-17 18:00:00+00:00,2021-12-19 22:00:00+00:00,88.152,2021-12-20 15:50:00+00:00,87.48603789375522,tp,0.3329810531223911,66.59621062447769,9.800000000000608,0.0,56.796210624477084,17.833333333333332,1,0.8205576719843692,56.796210624477084,51.89621062447678,56.796210624477084
CAD_JPY,coin,-1,2022-01-02 22:00:00+00:00,2022-01-03 02:00:00+00:00,90.994,2022-01-03 13:15:00+00:00,90.51465963416591,tp,0.23967018291704878,47.93403658340907,1.8999999999998352,0.0,46.03403658340923,11.25,1,0.581429288624768,46.03403658340923,45.084036583409315,46.03403658340923
CAD_JPY,coin,-1,2022-01-10 02:00:00+00:00,2022-01-10 06:00:00+00:00,91.602,2022-01-10 12:50:00+00:00,91.03707620208664,tp,0.28246189895668083,56.49237979133659,1.6999999999995907,0.0,54.792379791337,6.833333333333333,1,0.39325231271539995,54.792379791337,53.9423797913372,54.792379791337
CAD_JPY,coin,-1,2022-02-21 06:00:00+00:00,2022-02-21 10:00:00+00:00,90.178,2022-02-23 10:00:00+00:00,90.532,timecap,0.30546972199344863,-35.39999999999992,1.7000000000003013,-0.635503318183129,-37.73550331818335,48.0,1,1.0389581911426513,-37.73550331818335,-38.5855033181835,-38.25240777297787
CAD_JPY,coin,-1,2022-03-22 17:00:00+00:00,2022-03-22 21:00:00+00:00,96.058,2022-03-24 07:05:00+00:00,96.73679299065309,sl,0.33939649532653837,-67.87929906530792,6.300000000000949,-1.1651506329720065,-75.34444969828087,34.083333333333336,1,0.7128117360824505,-75.34444969828087,-78.49444969828134,-76.11980638047265
CAD_JPY,coin,1,2022-05-16 17:00:00+00:00,2022-05-16 21:00:00+00:00,100.518,2022-05-18 21:00:00+00:00,99.474,timecap,0.5840756323426517,-104.3999999999997,13.450000000000273,-0.5722290359295507,-118.42222903592952,48.0,1,0.6329433252658471,-118.42222903592952,-125.14722903592966,-120.20108040031307
CAD_JPY,coin,1,2022-05-31 21:00:00+00:00,2022-06-01 01:00:00+00:00,101.928,2022-06-01 14:00:00+00:00,102.73834612697445,tp,0.40517306348722615,81.03461269744514,2.400000000000091,0.0,78.63461269744505,13.0,1,0.5243976980474921,78.63461269744505,77.434612697445,78.63461269744505
CAD_JPY,coin,1,2022-06-13 21:00:00+00:00,2022-06-14 01:00:00+00:00,104.108,2022-06-16 01:00:00+00:00,104.318,timecap,0.47424843700997693,20.999999999999375,2.449999999999619,0.05477016642590665,18.604770166425663,48.0,1,0.5217124679008087,18.604770166425663,17.379770166425853,16.8259188020421
CAD_JPY,coin,1,2022-07-06 01:00:00+00:00,2022-07-06 05:00:00+00:00,103.774,2022-07-07 18:00:00+00:00,104.85382403871182,tp,0.5399120193559109,107.98240387118199,2.1999999999998465,0.5873180066474372,106.36972187782958,37.0,1,1.012089964599227,106.36972187782958,105.26972187782965,105.0355833545419
CAD_JPY,coin,-1,2022-07-18 13:00:00+00:00,2022-07-18 17:00:00+00:00,106.65,2022-07-20 00:15:00+00:00,107.5010201599783,sl,0.4255100799891473,-85.10201599782903,2.200000000000557,-1.7978754747512593,-89.09989147258085,31.25,1,1.0576746188621642,-89.09989147258085,-90.19989147258113,-89.61679592737536
CAD_JPY,coin,1,2022-07-31 21:00:00+00:00,2022-08-01 01:00:00+00:00,103.76,2022-08-01 15:20:00+00:00,102.72071420845246,sl,0.5196428957737709,-103.92857915475417,2.1000000000000796,0.0,-106.02857915475425,14.333333333333334,1,0.4777345281840496,-106.02857915475425,-107.0785791547543,-106.02857915475425
CAD_JPY,coin,-1,2022-09-06 21:00:00+00:00,2022-09-07 01:00:00+00:00,108.618,2022-09-07 04:25:00+00:00,109.38552748465611,sl,0.38376374232805777,-76.75274846561138,2.3500000000005627,0.0,-79.10274846561194,3.4166666666666665,1,0.9570744791042008,-79.10274846561194,-80.27774846561222,-79.10274846561194
CAD_JPY,coin,-1,2022-09-28 17:00:00+00:00,2022-09-28 21:00:00+00:00,105.843,2022-09-30 17:50:00+00:00,104.83119268789349,tp,0.5059036560532552,101.18073121065123,10.999999999999233,-1.2431234685508286,88.93760774210116,44.833333333333336,1,1.0040260616216892,88.93760774210116,83.43760774210155,88.67915551470391
CAD_JPY,coin,1,2022-10-07 09:00:00+00:00,2022-10-07 13:00:00+00:00,105.632,2022-10-11 13:00:00+00:00,105.727,timecap,0.3781838788647901,9.499999999999886,2.1500000000003183,1.213250055746214,8.563250055745781,96.0,1,1.1429946342045496,8.563250055745781,7.488250055745623,7.673824373554001
CAD_JPY,coin,-1,2022-11-11 18:00:00+00:00,2022-11-13 22:00:00+00:00,104.826,2022-11-15 22:00:00+00:00,104.918,timecap,0.6067494992788308,-9.200000000001296,16.59999999999968,-2.8971799711154604,-28.697179971116437,48.0,1,0.635917811362293,-28.697179971116437,-36.99717997111628,-29.214084425910958
CAD_JPY,coin,1,2023-01-18 22:00:00+00:00,2023-01-19 02:00:00+00:00,95.167,2023-01-20 11:40:00+00:00,96.45391068575265,tp,0.6434553428763207,128.69106857526447,2.1500000000003183,0.9022433768688856,127.44331195213303,33.666666666666664,1,0.7876032509337082,127.44331195213303,126.36831195213287,126.99859911103714
CAD_JPY,coin,1,2023-03-08 22:00:00+00:00,2023-03-09 02:00:00+00:00,99.28,2023-03-09 09:50:00+00:00,98.62775158706701,sl,0.32612420646649687,-65.22484129329911,2.0500000000005514,0.0,-67.27484129329966,7.833333333333333,1,0.6811600990718215,-67.27484129329966,-68.29984129329993,-67.27484129329966
CAD_JPY,coin,1,2023-03-28 21:00:00+00:00,2023-03-29 01:00:00+00:00,96.611,2023-03-29 15:15:00+00:00,97.62217911293348,tp,0.5055895564667399,101.11791129334762,2.2500000000000853,0.0,98.86791129334753,14.25,1,0.42675086033233656,98.86791129334753,97.74291129334749,98.86791129334753
CAD_JPY,coin,-1,2023-04-02 21:00:00+00:00,2023-04-03 01:00:00+00:00,98.513,2023-04-05 01:00:00+00:00,97.863,timecap,0.4599706783550995,65.00000000000057,2.150000000001029,-3.3337634974375474,59.516236502561995,48.0,1,0.8813365637653211,59.516236502561995,58.44123650256148,58.999332047767474
CAD_JPY,coin,-1,2023-04-05 21:00:00+00:00,2023-04-06 01:00:00+00:00,97.403,2023-04-10 01:00:00+00:00,98.147,timecap,0.44020350456877705,-74.39999999999998,2.1500000000003183,-3.3337634974375474,-79.88376349743784,96.0,1,0.4820275014705611,-79.88376349743784,-80.958763497438,-80.40066795223237
CAD_JPY,coin,1,2023-04-26 01:00:00+00:00,2023-04-26 05:00:00+00:00,97.985,2023-04-28 01:45:00+00:00,98.64619128038152,tp,0.33059564019076054,66.11912803815159,2.0000000000003126,3.8548667209024927,67.97399475905377,44.75,1,0.8406346355731329,67.97399475905377,66.97399475905361,66.19514339467021
CAD_JPY,coin,1,2023-08-04 09:00:00+00:00,2023-08-04 13:00:00+00:00,106.438,2023-08-08 13:00:00+00:00,106.151,timecap,0.4657170181316121,-28.700000000000614,2.449999999999619,2.2721379960896657,-28.87786200391057,96.0,1,1.1024497756418712,-28.87786200391057,-30.102862003910378,-29.76728768610235
CAD_JPY,coin,-1,2023-10-18 21:00:00+00:00,2023-10-19 01:00:00+00:00,109.18,2023-10-23 01:00:00+00:00,109.305,timecap,0.26075101131611333,-12.5,2.049999999999841,-3.655736440027397,-18.205736440027238,96.0,1,0.5787312938683619,-18.205736440027238,-19.230736440027158,-18.722640894821758
CAD_JPY,coin,1,2024-01-17 22:00:00+00:00,2024-01-18 02:00:00+00:00,109.74,2024-01-21 22:05:00+00:00,110.36901179021282,tp,0.31450589510641525,62.90117902128287,9.099999999999397,2.2608106460772106,56.061989667360685,92.08333333333333,1,0.6076149371037215,56.061989667360685,51.511989667360986,55.17256398516891
CAD_JPY,coin,1,2024-01-24 10:00:00+00:00,2024-01-24 14:00:00+00:00,109.268,2024-01-26 12:35:00+00:00,109.965621884999,tp,0.34881094249949524,69.76218849989948,2.1500000000003183,4.521621292154421,72.13380979205358,46.583333333333336,1,1.1118241513200968,72.13380979205358,71.05880979205342,70.35495842767003
CAD_JPY,coin,1,2024-02-13 06:00:00+00:00,2024-02-13 10:00:00+00:00,111.204,2024-02-15 10:00:00+00:00,110.832,timecap,0.2286670555379655,-37.19999999999999,2.400000000000091,4.497718793753423,-35.10228120624666,48.0,1,1.0897105485910463,-35.10228120624666,-36.302281206246704,-36.88113257063022
CAD_JPY,coin,1,2024-03-17 21:00:00+00:00,2024-03-18 01:00:00+00:00,110.22,2024-03-19 05:00:00+00:00,110.76161888827077,tp,0.2708094441353865,54.161888827077576,2.349999999999852,1.1119039846849312,52.92379281176265,28.0,1,0.3872032794031041,52.92379281176265,51.748792811762726,52.47907997066677
CAD_JPY,coin,-1,2024-04-04 01:00:00+00:00,2024-04-04 05:00:00+00:00,112.243,2024-04-04 18:50:00+00:00,111.87278332005084,tp,0.18510833997457757,37.02166799491522,2.2500000000000853,0.0,34.771667994915134,13.833333333333334,1,0.8148427282601468,34.771667994915134,33.64666799491509,34.771667994915134
CAD_JPY,coin,1,2024-04-18 09:00:00+00:00,2024-04-18 13:00:00+00:00,112.233,2024-04-19 01:40:00+00:00,111.65932211009672,sl,0.2868389449516418,-57.367788990327995,2.0000000000003126,1.0937867591282682,-58.274002231200036,12.666666666666666,1,1.031837916063676,-58.274002231200036,-59.27400223120019,-58.71871507229593
CAD_JPY,coin,-1,2024-06-17 21:00:00+00:00,2024-06-18 01:00:00+00:00,114.935,2024-06-20 01:00:00+00:00,115.245,timecap,0.3254363452285365,-31.000000000000227,2.300000000000324,-6.939545436493151,-40.2395454364937,48.0,1,0.2923186497744588,-40.2395454364937,-41.38954543649386,-41.27335434608274
CAD_JPY,coin,1,2024-07-15 05:00:00+00:00,2024-07-15 09:00:00+00:00,115.749,2024-07-17 07:30:00+00:00,114.88070018737746,sl,0.43414990631126754,-86.82998126225385,2.1500000000003183,2.004158845949119,-86.97582241630505,46.5,1,0.7422854897693958,-86.97582241630505,-88.05082241630521,-87.86524809849683
CAD_JPY,coin,-1,2024-08-01 17:00:00+00:00,2024-08-01 21:00:00+00:00,107.616,2024-08-02 12:30:00+00:00,106.01455064363871,tp,0.8007246781806399,160.1449356361286,13.850000000000051,0.0,146.29493563612854,15.5,1,0.7948197227977326,146.29493563612854,139.3699356361285,146.29493563612854
CAD_JPY,coin,-1,2024-08-08 21:00:00+00:00,2024-08-09 01:00:00+00:00,107.336,2024-08-13 01:00:00+00:00,107.14,timecap,0.926355469105926,19.599999999999795,2.5999999999989143,-3.1957946061369853,13.804205393863896,96.0,1,0.4381455508346524,13.804205393863896,12.504205393864439,13.287300939069375
CAD_JPY,coin,1,2024-09-08 21:00:00+00:00,2024-09-09 01:00:00+00:00,105.197,2024-09-11 01:00:00+00:00,104.52,timecap,0.5949477574553396,-67.70000000000067,2.1999999999998465,1.6547331806392678,-68.24526681936125,48.0,1,0.5508371952530363,-68.24526681936125,-69.34526681936117,-69.13469250155303
CAD_JPY,continuation,1,2020-12-01 02:00:00+00:00,2020-12-01 06:00:00+00:00,80.493,2020-12-02 08:50:00+00:00,80.92279601570623,tp,0.2148980078531119,42.97960157062306,1.650000000000773,-0.3743025789041097,40.95529899171818,26.833333333333332,1,0.4103700928354357,40.95529899171818,40.130298991717794,40.51058615062229
CAD_JPY,continuation,-1,2020-12-22 06:00:00+00:00,2020-12-22 10:00:00+00:00,80.245,2020-12-23 17:25:00+00:00,80.67912572216247,sl,0.21706286108123185,-43.4125722162463,1.8000000000000682,-0.32886248958904096,-45.541434705835414,31.416666666666668,1,1.0498333817286818,-45.541434705835414,-46.44143470583545,-45.79988693323267
CAD_JPY,continuation,-1,2021-01-25 22:00:00+00:00,2021-01-26 02:00:00+00:00,81.392,2021-01-28 02:00:00+00:00,81.4,timecap,0.19112986773631976,-0.8000000000009777,1.6500000000000625,-1.2814230193972596,-3.7314230193983,48.0,1,0.955451600170393,-3.7314230193983,-4.556423019398331,-4.76523192898734
CAD_JPY,continuation,1,2021-03-05 02:00:00+00:00,2021-03-05 06:00:00+00:00,85.446,2021-03-08 17:55:00+00:00,86.08546578710997,tp,0.31973289355498186,63.94657871099696,1.649999999999352,-0.38301367311494944,61.913565037882655,83.91666666666667,1,0.7175447330658623,61.913565037882655,61.08856503788298,61.46885219678677
CAD_JPY,continuation,-1,2021-03-19 05:00:00+00:00,2021-03-19 09:00:00+00:00,87.139,2021-03-23 06:00:00+00:00,86.6345020811386,tp,0.2522489594306915,50.44979188613894,1.449999999999818,-0.6403027907564026,48.35948909538272,93.0,1,1.128566050706254,48.35948909538272,47.63448909538281,47.8425846405882
CAD_JPY,continuation,-1,2021-03-23 21:00:00+00:00,2021-03-24 01:00:00+00:00,86.311,2021-03-25 10:35:00+00:00,86.8794243934737,sl,0.28421219673684645,-56.84243934736912,1.75000000000054,-0.9604541861346039,-59.55289353350427,33.583333333333336,1,0.46537411012151736,-59.55289353350427,-60.42789353350454,-60.328250215696045
CAD_JPY,continuation,-1,2021-06-06 21:00:00+00:00,2021-06-07 01:00:00+00:00,90.698,2021-06-09 01:00:00+00:00,90.392,timecap,0.19323253262660106,30.59999999999974,1.4999999999993463,-0.6524633157160644,28.447536684284326,48.0,1,0.4517092377250205,28.447536684284326,27.697536684284653,27.930632229489806
CAD_JPY,continuation,-1,2021-06-18 01:00:00+00:00,2021-06-18 05:00:00+00:00,89.15,2021-06-18 14:50:00+00:00,88.65195187082189,tp,0.24902406458905751,49.8048129178116,1.6000000000005343,0.0,48.20481291781107,9.833333333333334,1,0.4360603680931104,48.20481291781107,47.4048129178108,48.20481291781107
CAD_JPY,continuation,-1,2021-09-09 01:00:00+00:00,2021-09-09 05:00:00+00:00,86.614,2021-09-10 07:30:00+00:00,87.12999236379649,sl,0.25799618189824547,-51.59923637964852,1.5000000000000568,-0.32378251261643826,-53.42301889226501,26.5,1,0.5942645196309029,-53.42301889226501,-54.17301889226504,-53.68147111966227
CAD_JPY,continuation,-1,2021-09-19 21:00:00+00:00,2021-09-20 01:00:00+00:00,86.178,2021-09-20 08:30:00+00:00,85.59179941850692,tp,0.2931002907465392,58.6200581493074,1.5999999999998238,0.0,57.02005814930757,7.5,1,0.22540139175057342,57.02005814930757,56.22005814930766,57.02005814930757
CAD_JPY,continuation,1,2021-10-05 09:00:00+00:00,2021-10-05 13:00:00+00:00,88.364,2021-10-07 13:00:00+00:00,88.607,timecap,0.2971454262083858,24.2999999999995,1.5999999999998238,-1.4979291065753428,21.202070893424334,48.0,1,0.6891101819359878,21.202070893424334,20.402070893424423,19.42321952904077
CAD_JPY,continuation,1,2021-10-13 05:00:00+00:00,2021-10-13 09:00:00+00:00,91.256,2021-10-14 13:40:00+00:00,91.83964807725258,tp,0.2918240386262902,58.364807725257606,1.850000000000307,-1.123446829931507,55.39136089532579,28.666666666666668,1,0.7925740806854695,55.39136089532579,54.466360895325636,54.05722237203812
CAD_JPY,continuation,-1,2021-11-08 22:00:00+00:00,2021-11-09 02:00:00+00:00,90.874,2021-11-10 13:55:00+00:00,91.38435679290234,sl,0.2551783964511718,-51.03567929023427,1.7999999999993577,-0.3339728998434441,-53.16965219007707,35.916666666666664,1,0.49778162536522025,-53.16965219007707,-54.06965219007675,-53.42810441747433
CAD_JPY,continuation,-1,2021-12-17 18:00:00+00:00,2021-12-19 22:00:00+00:00,88.152,2021-12-20 15:50:00+00:00,87.48603789375522,tp,0.3329810531223911,66.59621062447769,9.800000000000608,0.0,56.796210624477084,17.833333333333332,1,0.8205576719843692,56.796210624477084,51.89621062447678,56.796210624477084
CAD_JPY,continuation,1,2022-01-02 22:00:00+00:00,2022-01-03 02:00:00+00:00,90.994,2022-01-03 13:15:00+00:00,90.51465963416591,sl,0.23967018291704878,-47.93403658340907,1.8999999999998352,0.0,-49.8340365834089,11.25,1,0.581429288624768,-49.8340365834089,-50.78403658340882,-49.8340365834089
CAD_JPY,continuation,1,2022-01-10 02:00:00+00:00,2022-01-10 06:00:00+00:00,91.602,2022-01-10 12:50:00+00:00,91.03707620208664,sl,0.28246189895668083,-56.49237979133659,1.6999999999995907,0.0,-58.19237979133618,6.833333333333333,1,0.39325231271539995,-58.19237979133618,-59.042379791335975,-58.19237979133618
CAD_JPY,continuation,-1,2022-02-21 06:00:00+00:00,2022-02-21 10:00:00+00:00,90.178,2022-02-23 10:00:00+00:00,90.532,timecap,0.30546972199344863,-35.39999999999992,1.7000000000003013,-0.635503318183129,-37.73550331818335,48.0,1,1.0389581911426513,-37.73550331818335,-38.5855033181835,-38.25240777297787
CAD_JPY,continuation,1,2022-03-22 17:00:00+00:00,2022-03-22 21:00:00+00:00,96.058,2022-03-24 07:05:00+00:00,96.73679299065309,tp,0.33939649532653837,67.87929906530792,6.300000000000949,-0.9443445725074459,60.63495449279952,34.083333333333336,1,0.7128117360824505,60.63495449279952,57.48495449279905,59.30081596951185
CAD_JPY,continuation,1,2022-05-16 17:00:00+00:00,2022-05-16 21:00:00+00:00,100.518,2022-05-18 21:00:00+00:00,99.474,timecap,0.5840756323426517,-104.3999999999997,13.450000000000273,-0.5722290359295507,-118.42222903592952,48.0,1,0.6329433252658471,-118.42222903592952,-125.14722903592966,-120.20108040031307
CAD_JPY,continuation,1,2022-05-31 21:00:00+00:00,2022-06-01 01:00:00+00:00,101.928,2022-06-01 14:00:00+00:00,102.73834612697445,tp,0.40517306348722615,81.03461269744514,2.400000000000091,0.0,78.63461269744505,13.0,1,0.5243976980474921,78.63461269744505,77.434612697445,78.63461269744505
CAD_JPY,continuation,-1,2022-06-13 21:00:00+00:00,2022-06-14 01:00:00+00:00,104.108,2022-06-16 01:00:00+00:00,104.318,timecap,0.47424843700997693,-20.999999999999375,2.449999999999619,-2.86743044039851,-26.317430440397505,48.0,1,0.5217124679008087,-26.317430440397505,-27.542430440397315,-27.351239349986542
CAD_JPY,continuation,-1,2022-07-06 01:00:00+00:00,2022-07-06 05:00:00+00:00,103.774,2022-07-07 18:00:00+00:00,104.85382403871182,sl,0.5399120193559109,-107.98240387118199,2.1999999999998465,-2.696813212126889,-112.87921708330872,37.0,1,1.012089964599227,-112.87921708330872,-113.97921708330864,-113.6545737655005
CAD_JPY,continuation,1,2022-07-18 13:00:00+00:00,2022-07-18 17:00:00+00:00,106.65,2022-07-20 00:15:00+00:00,107.5010201599783,tp,0.4255100799891473,85.10201599782903,2.200000000000557,0.3915453377649581,83.29356133559342,31.25,1,1.0576746188621642,83.29356133559342,82.19356133559315,82.40413565340165
CAD_JPY,continuation,-1,2022-07-31 21:00:00+00:00,2022-08-01 01:00:00+00:00,103.76,2022-08-01 15:20:00+00:00,102.72071420845246,tp,0.5196428957737709,103.92857915475417,2.1000000000000796,0.0,101.8285791547541,14.333333333333334,1,0.4777345281840496,101.8285791547541,100.77857915475406,101.8285791547541
CAD_JPY,continuation,1,2022-09-06 21:00:00+00:00,2022-09-07 01:00:00+00:00,108.618,2022-09-07 04:25:00+00:00,109.38552748465611,tp,0.38376374232805777,76.75274846561138,2.3500000000005627,0.0,74.40274846561081,3.4166666666666665,1,0.9570744791042008,74.40274846561081,73.22774846561053,74.40274846561081
CAD_JPY,continuation,1,2022-09-28 17:00:00+00:00,2022-09-28 21:00:00+00:00,105.843,2022-09-30 17:50:00+00:00,104.83119268789349,sl,0.5059036560532552,-101.18073121065123,10.999999999999233,0.5399584000576777,-111.6407728105928,44.833333333333336,1,1.0040260616216892,-111.6407728105928,-117.14077281059241,-112.08548565168867
CAD_JPY,continuation,-1,2022-10-07 09:00:00+00:00,2022-10-07 13:00:00+00:00,105.632,2022-10-11 13:00:00+00:00,105.727,timecap,0.3781838788647901,-9.499999999999886,2.1500000000003183,-2.6195801927325153,-14.26958019273272,96.0,1,1.1429946342045496,-14.26958019273272,-15.344580192732879,-14.78648464752724
CAD_JPY,continuation,-1,2022-11-11 18:00:00+00:00,2022-11-13 22:00:00+00:00,104.826,2022-11-15 22:00:00+00:00,104.918,timecap,0.6067494992788308,-9.200000000001296,16.59999999999968,-2.8971799711154604,-28.697179971116437,48.0,1,0.635917811362293,-28.697179971116437,-36.99717997111628,-29.214084425910958
CAD_JPY,continuation,-1,2023-01-18 22:00:00+00:00,2023-01-19 02:00:00+00:00,95.167,2023-01-20 11:40:00+00:00,96.45391068575265,sl,0.6434553428763207,-128.69106857526447,2.1500000000003183,-1.6054084453620363,-132.44647702062682,33.666666666666664,1,0.7876032509337082,-132.44647702062682,-133.52147702062697,-132.7049292480241
CAD_JPY,continuation,-1,2023-03-08 22:00:00+00:00,2023-03-09 02:00:00+00:00,99.28,2023-03-09 09:50:00+00:00,98.62775158706701,tp,0.32612420646649687,65.22484129329911,2.0500000000005514,0.0,63.174841293298556,7.833333333333333,1,0.6811600990718215,63.174841293298556,62.14984129329828,63.174841293298556
CAD_JPY,continuation,1,2023-03-28 21:00:00+00:00,2023-03-29 01:00:00+00:00,96.611,2023-03-29 15:15:00+00:00,97.62217911293348,tp,0.5055895564667399,101.11791129334762,2.2500000000000853,0.0,98.86791129334753,14.25,1,0.42675086033233656,98.86791129334753,97.74291129334749,98.86791129334753
CAD_JPY,continuation,1,2023-04-02 21:00:00+00:00,2023-04-03 01:00:00+00:00,98.513,2023-04-05 01:00:00+00:00,97.863,timecap,0.4599706783550995,-65.00000000000057,2.150000000001029,1.9274333604512464,-65.22256663955035,48.0,1,0.8813365637653211,-65.22256663955035,-66.29756663955087,-66.11199232174214
CAD_JPY,continuation,-1,2023-04-05 21:00:00+00:00,2023-04-06 01:00:00+00:00,97.403,2023-04-10 01:00:00+00:00,98.147,timecap,0.44020350456877705,-74.39999999999998,2.1500000000003183,-3.3337634974375474,-79.88376349743784,96.0,1,0.4820275014705611,-79.88376349743784,-80.958763497438,-80.40066795223237
CAD_JPY,continuation,-1,2023-04-26 01:00:00+00:00,2023-04-26 05:00:00+00:00,97.985,2023-04-28 01:45:00+00:00,98.64619128038152,sl,0.33059564019076054,-66.11912803815159,2.0000000000003126,-6.667526994875095,-74.78665503302699,44.75,1,0.8406346355731329,-74.78665503302699,-75.78665503302715,-75.82046394261603
CAD_JPY,continuation,-1,2023-08-04 09:00:00+00:00,2023-08-04 13:00:00+00:00,106.438,2023-08-08 13:00:00+00:00,106.151,timecap,0.4657170181316121,28.700000000000614,2.449999999999619,-3.6784681330759676,22.571531866925028,96.0,1,1.1024497756418712,22.571531866925028,21.34653186692522,22.054627412130507
CAD_JPY,continuation,-1,2023-10-18 21:00:00+00:00,2023-10-19 01:00:00+00:00,109.18,2023-10-23 01:00:00+00:00,109.305,timecap,0.26075101131611333,-12.5,2.049999999999841,-3.655736440027397,-18.205736440027238,96.0,1,0.5787312938683619,-18.205736440027238,-19.230736440027158,-18.722640894821758
CAD_JPY,continuation,1,2024-01-17 22:00:00+00:00,2024-01-18 02:00:00+00:00,109.74,2024-01-21 22:05:00+00:00,110.36901179021282,tp,0.31450589510641525,62.90117902128287,9.099999999999397,2.2608106460772106,56.061989667360685,92.08333333333333,1,0.6076149371037215,56.061989667360685,51.511989667360986,55.17256398516891
CAD_JPY,continuation,-1,2024-01-24 10:00:00+00:00,2024-01-24 14:00:00+00:00,109.268,2024-01-26 12:35:00+00:00,109.965621884999,sl,0.34881094249949524,-69.76218849989948,2.1500000000003183,-7.334281566127023,-79.24647006602682,46.583333333333336,1,1.1118241513200968,-79.24647006602682,-80.32147006602698,-80.28027897561586
CAD_JPY,continuation,1,2024-02-13 06:00:00+00:00,2024-02-13 10:00:00+00:00,111.204,2024-02-15 10:00:00+00:00,110.832,timecap,0.2286670555379655,-37.19999999999999,2.400000000000091,4.497718793753423,-35.10228120624666,48.0,1,1.0897105485910463,-35.10228120624666,-36.302281206246704,-36.88113257063022
CAD_JPY,continuation,1,2024-03-17 21:00:00+00:00,2024-03-18 01:00:00+00:00,110.22,2024-03-19 05:00:00+00:00,110.76161888827077,tp,0.2708094441353865,54.161888827077576,2.349999999999852,1.1119039846849312,52.92379281176265,28.0,1,0.3872032794031041,52.92379281176265,51.748792811762726,52.47907997066677
CAD_JPY,continuation,1,2024-04-04 01:00:00+00:00,2024-04-04 05:00:00+00:00,112.243,2024-04-04 18:50:00+00:00,111.87278332005084,sl,0.18510833997457757,-37.02166799491522,2.2500000000000853,0.0,-39.271667994915305,13.833333333333334,1,0.8148427282601468,-39.271667994915305,-40.39666799491535,-39.271667994915305
CAD_JPY,continuation,1,2024-04-18 09:00:00+00:00,2024-04-18 13:00:00+00:00,112.233,2024-04-19 01:40:00+00:00,111.65932211009672,sl,0.2868389449516418,-57.367788990327995,2.0000000000003126,1.0937867591282682,-58.274002231200036,12.666666666666666,1,1.031837916063676,-58.274002231200036,-59.27400223120019,-58.71871507229593
CAD_JPY,continuation,1,2024-06-17 21:00:00+00:00,2024-06-18 01:00:00+00:00,114.935,2024-06-20 01:00:00+00:00,115.245,timecap,0.3254363452285365,31.000000000000227,2.300000000000324,4.126885162520547,32.82688516252045,48.0,1,0.2923186497744588,32.82688516252045,31.67688516252029,31.04803379813689
CAD_JPY,continuation,-1,2024-07-15 05:00:00+00:00,2024-07-15 09:00:00+00:00,115.749,2024-07-17 07:30:00+00:00,114.88070018737746,tp,0.43414990631126754,86.82998126225385,2.1500000000003183,-3.410488982935421,81.26949227931811,46.5,1,0.7422854897693958,81.26949227931811,80.19449227931796,80.75258782452359
CAD_JPY,continuation,-1,2024-08-01 17:00:00+00:00,2024-08-01 21:00:00+00:00,107.616,2024-08-02 12:30:00+00:00,106.01455064363871,tp,0.8007246781806399,160.1449356361286,13.850000000000051,0.0,146.29493563612854,15.5,1,0.7948197227977326,146.29493563612854,139.3699356361285,146.29493563612854
CAD_JPY,continuation,1,2024-08-08 21:00:00+00:00,2024-08-09 01:00:00+00:00,107.336,2024-08-13 01:00:00+00:00,107.14,timecap,0.926355469105926,-19.599999999999795,2.5999999999989143,1.7894644691506845,-20.410535530848026,96.0,1,0.4381455508346524,-20.410535530848026,-21.710535530847483,-21.299961213039808
CAD_JPY,continuation,-1,2024-09-08 21:00:00+00:00,2024-09-09 01:00:00+00:00,105.197,2024-09-11 01:00:00+00:00,104.52,timecap,0.5949477574553396,67.70000000000067,2.1999999999998465,-3.0610633176255693,62.43893668237526,48.0,1,0.5508371952530363,62.43893668237526,61.33893668237533,61.922032227580736
CHF_JPY,signal,-1,2020-11-24 22:00:00+00:00,2020-11-25 02:00:00+00:00,114.744,2020-11-25 09:35:00+00:00,114.27842385443897,tp,0.23278807278051777,46.55761455610303,1.7499999999998295,0.0,44.8076145561032,7.583333333333333,1,1.0816508094814445,44.8076145561032,43.93261455610329,44.8076145561032
CHF_JPY,signal,-1,2021-02-05 18:00:00+00:00,2021-02-07 22:00:00+00:00,117.119,2021-02-09 22:00:00+00:00,117.231,timecap,0.1864849443447547,-11.199999999999477,17.049999999998988,-0.15300772314794533,-28.40300772314641,48.0,1,0.709948463252428,-28.40300772314641,-36.9280077231459,-29.346337109790245
CHF_JPY,signal,1,2021-03-21 21:00:00+00:00,2021-03-22 01:00:00+00:00,117.103,2021-03-22 12:40:00+00:00,117.72973736067944,tp,0.3133686803397186,62.67373606794422,2.1000000000000796,0.0,60.57373606794414,11.666666666666666,1,0.4681904950402225,60.57373606794414,59.5237360679441,60.57373606794414
CHF_JPY,signal,-1,2021-05-06 21:00:00+00:00,2021-05-07 01:00:00+00:00,120.214,2021-05-09 21:05:00+00:00,120.75924886649285,sl,0.27262443324642655,-54.52488664928552,11.15000000000066,-0.07551265411499636,-65.75039930340118,68.08333333333333,1,0.5156631170053362,-65.75039930340118,-71.32539930340151,-66.2220639967231
CHF_JPY,signal,1,2021-05-20 01:00:00+00:00,2021-05-20 05:00:00+00:00,120.774,2021-05-21 00:10:00+00:00,121.30171494759557,tp,0.2638574737977879,52.77149475955696,1.950000000000074,-1.2372334006795243,49.58426135887736,19.166666666666668,1,0.7928511256834212,49.58426135887736,48.609261358877326,48.74317999740476
CHF_JPY,signal,1,2021-10-03 21:00:00+00:00,2021-10-04 01:00:00+00:00,119.292,2021-10-04 10:55:00+00:00,119.89601766250142,tp,0.30200883125071304,60.401766250141975,3.250000000000597,0.0,57.15176625014138,9.916666666666666,1,0.8189478745037909,57.15176625014138,55.52676625014108,57.15176625014138
CHF_JPY,signal,1,2021-11-09 02:00:00+00:00,2021-11-09 06:00:00+00:00,123.64,2021-11-10 13:55:00+00:00,124.21574154950397,tp,0.2878707747519876,57.57415495039737,3.3499999999996533,-1.2023407519993774,53.02181419839834,31.916666666666668,1,0.7742841222975505,53.02181419839834,51.34681419839851,52.180732836925735
CHF_JPY,signal,-1,2022-01-02 22:00:00+00:00,2022-01-03 02:00:00+00:00,126.192,2022-01-03 14:45:00+00:00,125.61810033251994,tp,0.286949833740022,57.389966748004895,3.3499999999996533,0.0,54.03996674800524,12.75,1,0.4890436840296005,54.03996674800524,52.364966748005415,54.03996674800524
CHF_JPY,signal,-1,2022-02-04 02:00:00+00:00,2022-02-04 06:00:00+00:00,124.894,2022-02-07 09:20:00+00:00,124.34559182360861,tp,0.2742040881956938,54.84081763913906,3.3499999999996533,-0.10387958098219179,51.38693805815721,75.33333333333333,1,0.4575636706509329,51.38693805815721,49.711938058157386,50.9152733648353
CHF_JPY,signal,1,2022-05-09 21:00:00+00:00,2022-05-10 01:00:00+00:00,130.986,2022-05-12 01:00:00+00:00,130.502,timecap,0.5045596397820317,-48.399999999998045,4.050000000000864,-4.835924804794521,-57.28592480479343,48.0,1,0.6939412073786192,-57.28592480479343,-59.31092480479386,-60.65025025068384
CHF_JPY,signal,-1,2022-06-02 17:00:00+00:00,2022-06-02 21:00:00+00:00,135.492,2022-06-06 21:00:00+00:00,135.878,timecap,0.39717170191664264,-38.59999999999957,17.599999999998772,-0.4242194821428567,-56.6242194821412,96.0,1,0.36386538083054515,-56.6242194821412,-65.42421948214059,-57.56754886878503
CHF_JPY,signal,-1,2022-06-16 17:00:00+00:00,2022-06-16 21:00:00+00:00,136.699,2022-06-17 02:40:00+00:00,138.22309134774582,sl,0.7620456738728998,-152.40913477458093,11.650000000000205,0.0,-164.05913477458114,5.666666666666667,1,0.5908998187681389,-164.05913477458114,-169.88413477458124,-164.05913477458114
CHF_JPY,signal,1,2022-07-08 05:00:00+00:00,2022-07-08 09:00:00+00:00,138.917,2022-07-11 01:40:00+00:00,140.0329570134278,tp,0.5579785067138884,111.59570134277885,2.5000000000005684,-0.8951356107876713,108.20056573199061,64.66666666666667,1,1.1348542036085354,108.20056573199061,106.95056573199032,107.359484370518
CHF_JPY,signal,-1,2022-07-13 21:00:00+00:00,2022-07-14 01:00:00+00:00,140.542,2022-07-15 02:05:00+00:00,141.5689536191677,sl,0.5134768095838557,-102.69536191676991,2.349999999999852,-0.4176104440068493,-105.46297236077662,25.083333333333332,1,0.5120086493165495,-105.46297236077662,-106.63797236077654,-105.93463705409853
CHF_JPY,signal,1,2022-08-01 01:00:00+00:00,2022-08-01 05:00:00+00:00,139.414,2022-08-01 23:55:00+00:00,138.27534204398557,sl,0.5693289780072055,-113.86579560144128,2.599999999999625,-0.8446916638387298,-117.31048726527963,18.916666666666668,1,1.0615328251316223,-117.31048726527963,-118.61048726527945,-118.15156862675224
CHF_JPY,signal,-1,2022-08-07 21:00:00+00:00,2022-08-08 01:00:00+00:00,140.574,2022-08-09 08:55:00+00:00,141.72473237611518,sl,0.5753661880575853,-115.07323761151724,2.1500000000003183,-0.46805439095579077,-117.69129200247335,31.916666666666668,1,0.4841270951674735,-117.69129200247335,-118.7662920024735,-118.16295669579527
CHF_JPY,signal,-1,2022-08-18 21:00:00+00:00,2022-08-19 01:00:00+00:00,142.296,2022-08-19 11:05:00+00:00,143.1541086725169,sl,0.4290543362584565,-85.810867251692,2.000000000001023,0.0,-87.81086725169303,10.083333333333334,1,0.7614472200583307,-87.81086725169303,-88.81086725169354,-87.81086725169303
CHF_JPY,signal,-1,2022-08-22 01:00:00+00:00,2022-08-22 05:00:00+00:00,143.11,2022-08-23 05:30:00+00:00,142.21063214329723,tp,0.4496839283513965,89.93678567027814,2.1000000000000796,-0.46805439095579077,87.36873127932228,24.5,1,0.8927614898403743,87.36873127932228,86.31873127932224,86.89706658600035
CHF_JPY,signal,-1,2022-09-06 21:00:00+00:00,2022-09-07 01:00:00+00:00,145.254,2022-09-07 04:00:00+00:00,146.16544373471663,sl,0.4557218673583176,-91.14437347166415,2.4500000000003297,0.0,-93.59437347166448,3.0,1,0.8005722157465297,-93.59437347166448,-94.81937347166465,-93.59437347166448
CHF_JPY,signal,-1,2022-09-28 21:00:00+00:00,2022-09-29 01:00:00+00:00,147.497,2022-10-03 01:00:00+00:00,146.856,timecap,0.7548715634657412,64.10000000000196,1.9000000000005457,-1.1600979578767123,61.039902042124695,96.0,1,0.44343899725034713,61.039902042124695,60.08990204212442,60.09657265548086
CHF_JPY,signal,1,2022-12-01 22:00:00+00:00,2022-12-02 02:00:00+00:00,144.099,2022-12-02 09:40:00+00:00,142.90600433220632,sl,0.596497833896828,-119.29956677936673,2.5000000000005684,0.0,-121.7995667793673,7.666666666666667,1,0.5425443563608909,-121.7995667793673,-123.04956677936758,-121.7995667793673
CHF_JPY,signal,-1,2022-12-27 10:00:00+00:00,2022-12-27 14:00:00+00:00,143.388,2022-12-28 14:55:00+00:00,144.5976331850984,sl,0.6048165925491932,-120.96331850983972,2.8500000000008185,-0.9164258408215917,-124.72974435066213,24.916666666666668,1,0.8514080533853436,-124.72974435066213,-126.15474435066254,-125.20140904398406
CHF_JPY,signal,-1,2023-01-09 14:00:00+00:00,2023-01-09 18:00:00+00:00,143.278,2023-01-11 18:00:00+00:00,142.244,timecap,0.6699508055252726,103.39999999999918,1.999999999999602,-2.0540943057566863,99.34590569424289,48.0,1,1.0849145293486753,99.34590569424289,98.34590569424309,98.40257630759906
CHF_JPY,signal,-1,2023-02-01 02:00:00+00:00,2023-02-01 06:00:00+00:00,142.203,2023-02-01 15:30:00+00:00,141.1146311312391,tp,0.5441844343804558,108.83688687609094,2.1000000000000796,0.0,106.73688687609086,9.5,1,0.5840653383579684,106.73688687609086,105.68688687609082,106.73688687609086
CHF_JPY,signal,-1,2023-02-20 14:00:00+00:00,2023-02-20 18:00:00+00:00,145.409,2023-02-22 18:00:00+00:00,145.012,timecap,0.417061935258498,39.699999999999136,1.8999999999991246,-2.0674371428082194,35.732562857191795,48.0,1,0.5800740251744932,35.732562857191795,34.78256285719223,34.789233470547956
CHF_JPY,signal,1,2023-03-19 21:00:00+00:00,2023-03-20 01:00:00+00:00,143.138,2023-03-20 07:05:00+00:00,141.29156116094913,sl,0.9232194195254431,-184.6438839050876,3.1999999999982265,0.0,-187.84388390508582,6.083333333333333,1,0.4282772820864791,-187.84388390508582,-189.44388390508493,-187.84388390508582
CHF_JPY,signal,-1,2023-04-07 05:00:00+00:00,2023-04-07 09:00:00+00:00,145.782,2023-04-10 14:15:00+00:00,146.77523753760616,sl,0.4966187688030735,-99.32375376061486,2.2499999999993747,-1.2797205631849313,-102.85347432379918,77.25,1,0.3286077034477832,-102.85347432379918,-103.97847432379886,-103.32513901712109
CHF_JPY,signal,-1,2023-04-16 21:00:00+00:00,2023-04-17 01:00:00+00:00,149.457,2023-04-19 01:00:00+00:00,149.568,timecap,0.46651005613497265,-11.100000000001842,2.3000000000010346,-2.5594411263698627,-15.959441126372738,48.0,1,0.5218488981781592,-15.959441126372738,-17.109441126373255,-16.902770513016577
CHF_JPY,signal,-1,2023-05-01 01:00:00+00:00,2023-05-01 05:00:00+00:00,153.138,2023-05-03 05:00:00+00:00,152.7,timecap,0.6178485096925096,43.80000000000166,2.4999999999991473,-2.59915445239726,38.700845547605255,48.0,1,0.47367977150307844,38.700845547605255,37.45084554760568,37.757516160961416
CHF_JPY,signal,-1,2023-05-17 01:00:00+00:00,2023-05-17 05:00:00+00:00,152.384,2023-05-18 12:35:00+00:00,153.2617167149732,sl,0.4388583574866071,-87.77167149732179,2.200000000000557,-3.8987316785958903,-93.87040317591824,31.583333333333332,1,0.9484451927246754,-93.87040317591824,-94.97040317591852,-95.28539725588399
CHF_JPY,signal,1,2023-06-12 17:00:00+00:00,2023-06-12 21:00:00+00:00,153.6,2023-06-13 07:10:00+00:00,154.42971364296278,tp,0.4148568214813938,82.9713642962787,1.9000000000005457,0.0,81.07136429627815,10.166666666666666,1,0.5839857739139025,81.07136429627815,80.12136429627787,81.07136429627815
CHF_JPY,signal,-1,2023-07-03 01:00:00+00:00,2023-07-03 05:00:00+00:00,161.454,2023-07-03 09:45:00+00:00,160.59433150379323,tp,0.42983424810338694,85.96684962067798,2.1499999999988972,0.0,83.81684962067908,4.75,1,0.7262683004281507,83.81684962067908,82.74184962067963,83.81684962067908
CHF_JPY,signal,-1,2023-07-31 09:00:00+00:00,2023-07-31 13:00:00+00:00,163.226,2023-08-02 13:00:00+00:00,162.81,timecap,0.948790066421147,41.59999999999968,2.949999999999875,-2.927491395361147,35.72250860463866,48.0,1,1.026145006348677,35.72250860463866,34.247508604638725,34.77917921799482
CHF_JPY,signal,-1,2023-08-10 01:00:00+00:00,2023-08-10 05:00:00+00:00,164.258,2023-08-10 14:00:00+00:00,165.25898972397562,sl,0.5004948619878027,-100.09897239756071,2.9000000000010573,0.0,-102.99897239756177,9.0,1,1.100266615882689,-102.99897239756177,-104.4489723975623,-102.99897239756177
CHF_JPY,signal,1,2023-09-10 21:00:00+00:00,2023-09-11 01:00:00+00:00,164.772,2023-09-11 05:25:00+00:00,163.904727000413,sl,0.4336364997934923,-86.72729995869872,2.1500000000017394,0.0,-88.87729995870046,4.416666666666667,1,0.48135015530084385,-88.87729995870046,-89.95229995870133,-88.87729995870046
CHF_JPY,signal,1,2023-09-27 17:00:00+00:00,2023-09-27 21:00:00+00:00,162.48,2023-09-28 23:40:00+00:00,163.19404971135893,tp,0.35702485567946296,71.4049711358939,15.94999999999942,0.16498956455479438,55.619960700449276,26.666666666666668,1,1.0791545199011303,55.619960700449276,47.644960700449566,54.77887933897667
CHF_JPY,signal,-1,2023-11-12 22:00:00+00:00,2023-11-13 02:00:00+00:00,168.008,2023-11-14 13:30:00+00:00,168.66858273535985,sl,0.3302913676799129,-66.05827353598386,2.1500000000003183,-1.435164137282066,-69.64343767326625,35.5,1,0.4637146911250567,-69.64343767326625,-70.71843767326641,-70.11510236658816
CHF_JPY,signal,-1,2023-11-14 22:00:00+00:00,2023-11-15 02:00:00+00:00,169.276,2023-11-15 14:20:00+00:00,170.02089531432844,sl,0.37244765716421024,-74.48953143284314,2.549999999999386,0.0,-77.03953143284252,12.333333333333334,1,0.7432411643965066,-77.03953143284252,-78.31453143284222,-77.03953143284252
CHF_JPY,signal,-1,2024-01-04 02:00:00+00:00,2024-01-04 06:00:00+00:00,169.208,2024-01-05 01:30:00+00:00,170.5379796772745,sl,0.6649898386372514,-132.99796772745083,2.949999999999875,-1.4089201999103091,-137.35688792736102,19.5,1,0.6302305978686255,-137.35688792736102,-138.83188792736095,-137.82855262068293
CHF_JPY,signal,-1,2024-01-28 22:00:00+00:00,2024-01-29 02:00:00+00:00,171.554,2024-01-30 09:25:00+00:00,170.6073726234832,tp,0.47331368825840603,94.66273765168012,2.949999999999875,-1.4089201999103091,90.30381745176993,31.416666666666668,1,0.5720922418389931,90.30381745176993,88.82881745176999,89.83215275844802
CHF_JPY,signal,-1,2024-05-08 01:00:00+00:00,2024-05-08 05:00:00+00:00,170.6,2024-05-09 21:35:00+00:00,171.71243146859564,sl,0.5562157342978287,-111.24314685956449,15.449999999999875,-5.026217825342465,-131.71936468490682,40.583333333333336,1,0.8083723276079464,-131.71936468490682,-139.44436468490676,-133.6060234581945
CHF_JPY,signal,-1,2024-06-13 21:00:00+00:00,2024-06-14 01:00:00+00:00,175.85,2024-06-14 03:35:00+00:00,176.65829148529212,sl,0.4041457426460702,-80.82914852921306,2.6499999999998636,0.0,-83.47914852921292,2.5833333333333335,1,0.4574238773429479,-83.47914852921292,-84.80414852921285,-83.47914852921292
CHF_JPY,signal,-1,2024-06-18 21:00:00+00:00,2024-06-19 01:00:00+00:00,178.557,2024-06-20 12:55:00+00:00,177.6853857966061,tp,0.4358071016969329,87.16142033938752,2.4500000000003297,-3.64886866900685,81.06255167038034,35.916666666666664,1,0.6164890493448371,81.06255167038034,79.83755167038018,79.64755759041459
CHF_JPY,signal,1,2024-07-15 13:00:00+00:00,2024-07-15 17:00:00+00:00,176.262,2024-07-17 17:00:00+00:00,176.728,timecap,0.5740215930431333,46.60000000000082,2.5000000000019895,-0.45162517154555776,43.64837482845327,48.0,1,0.961711955541121,43.64837482845327,42.398374828452276,41.96621210550806
CHF_JPY,signal,1,2024-07-30 21:00:00+00:00,2024-07-31 01:00:00+00:00,172.73,2024-07-31 03:55:00+00:00,174.0991861737879,tp,0.6845930868939608,136.91861737879094,6.849999999998602,0.0,130.06861737879234,2.9166666666666665,1,0.8561862844675168,130.06861737879234,126.64361737879304,130.06861737879234
CHF_JPY,signal,-1,2024-08-22 09:00:00+00:00,2024-08-22 13:00:00+00:00,171.557,2024-08-23 17:50:00+00:00,170.29687188890412,tp,0.6300640555479307,126.01281110958666,2.8500000000008185,-0.9346958093741025,122.22811530021174,28.833333333333332,1,0.9059456688877499,122.22811530021174,120.80311530021133,121.75645060688983
CHF_JPY,signal,-1,2024-09-01 21:00:00+00:00,2024-09-02 01:00:00+00:00,171.988,2024-09-03 08:05:00+00:00,170.98489221367396,tp,0.5015538931630261,100.31077863260407,3.2499999999984652,-0.9102447978228978,96.1505338347827,31.083333333333332,1,0.4695814392555923,96.1505338347827,94.52553383478347,95.6788691414608
CHF_JPY,signal,1,2024-09-08 21:00:00+00:00,2024-09-09 01:00:00+00:00,168.984,2024-09-11 01:00:00+00:00,168.084,timecap,0.6234841984870824,-90.00000000000057,3.300000000001546,-0.8050025139432458,-94.10500251394537,48.0,1,0.5270960106160413,-94.10500251394537,-95.75500251394614,-95.78716523689057
CHF_JPY,coin,-1,2020-11-24 22:00:00+00:00,2020-11-25 02:00:00+00:00,114.744,2020-11-25 09:35:00+00:00,114.27842385443897,tp,0.23278807278051777,46.55761455610303,1.7499999999998295,0.0,44.8076145561032,7.583333333333333,1,1.0816508094814445,44.8076145561032,43.93261455610329,44.8076145561032
CHF_JPY,coin,-1,2021-02-05 18:00:00+00:00,2021-02-07 22:00:00+00:00,117.119,2021-02-09 22:00:00+00:00,117.231,timecap,0.1864849443447547,-11.199999999999477,17.049999999998988,-0.15300772314794533,-28.40300772314641,48.0,1,0.709948463252428,-28.40300772314641,-36.9280077231459,-29.346337109790245
CHF_JPY,coin,1,2021-03-21 21:00:00+00:00,2021-03-22 01:00:00+00:00,117.103,2021-03-22 12:40:00+00:00,117.72973736067944,tp,0.3133686803397186,62.67373606794422,2.1000000000000796,0.0,60.57373606794414,11.666666666666666,1,0.4681904950402225,60.57373606794414,59.5237360679441,60.57373606794414
CHF_JPY,coin,-1,2021-05-06 21:00:00+00:00,2021-05-07 01:00:00+00:00,120.214,2021-05-09 21:05:00+00:00,120.75924886649285,sl,0.27262443324642655,-54.52488664928552,11.15000000000066,-0.07551265411499636,-65.75039930340118,68.08333333333333,1,0.5156631170053362,-65.75039930340118,-71.32539930340151,-66.2220639967231
CHF_JPY,coin,-1,2021-05-20 01:00:00+00:00,2021-05-20 05:00:00+00:00,120.774,2021-05-21 00:10:00+00:00,121.30171494759557,sl,0.2638574737977879,-52.77149475955696,1.950000000000074,-0.07551265411499636,-54.79700741367203,19.166666666666668,1,0.7928511256834212,-54.79700741367203,-55.772007413672064,-55.26867210699395
CHF_JPY,coin,1,2021-10-03 21:00:00+00:00,2021-10-04 01:00:00+00:00,119.292,2021-10-04 10:55:00+00:00,119.89601766250142,tp,0.30200883125071304,60.401766250141975,3.250000000000597,0.0,57.15176625014138,9.916666666666666,1,0.8189478745037909,57.15176625014138,55.52676625014108,57.15176625014138
CHF_JPY,coin,-1,2021-11-09 02:00:00+00:00,2021-11-09 06:00:00+00:00,123.64,2021-11-10 13:55:00+00:00,124.21574154950397,sl,0.2878707747519876,-57.57415495039737,3.3499999999996533,-0.11040530279514321,-61.03456025319217,31.916666666666668,1,0.7742841222975505,-61.03456025319217,-62.709560253191995,-61.50622494651409
CHF_JPY,coin,1,2022-01-02 22:00:00+00:00,2022-01-03 02:00:00+00:00,126.192,2022-01-03 14:45:00+00:00,125.61810033251994,sl,0.286949833740022,-57.389966748004895,3.3499999999996533,0.0,-60.73996674800455,12.75,1,0.4890436840296005,-60.73996674800455,-62.414966748004375,-60.73996674800455
CHF_JPY,coin,1,2022-02-04 02:00:00+00:00,2022-02-04 06:00:00+00:00,124.894,2022-02-07 09:20:00+00:00,124.34559182360861,sl,0.2742040881956938,-54.84081763913906,3.3499999999996533,-1.208866473812329,-59.39968411295104,75.33333333333333,1,0.4575636706509329,-59.39968411295104,-61.07468411295087,-60.24076547442365
CHF_JPY,coin,1,2022-05-09 21:00:00+00:00,2022-05-10 01:00:00+00:00,130.986,2022-05-12 01:00:00+00:00,130.502,timecap,0.5045596397820317,-48.399999999998045,4.050000000000864,-4.835924804794521,-57.28592480479343,48.0,1,0.6939412073786192,-57.28592480479343,-59.31092480479386,-60.65025025068384
CHF_JPY,coin,1,2022-06-02 17:00:00+00:00,2022-06-02 21:00:00+00:00,135.492,2022-06-06 21:00:00+00:00,135.878,timecap,0.39717170191664264,38.59999999999957,17.599999999998772,-2.2012726274461847,18.798727372554612,96.0,1,0.36386538083054515,18.798727372554612,9.998727372555225,17.116564649609405
CHF_JPY,coin,1,2022-06-16 17:00:00+00:00,2022-06-16 21:00:00+00:00,136.699,2022-06-17 02:40:00+00:00,138.22309134774582,tp,0.7620456738728998,152.40913477458093,11.650000000000205,0.0,140.75913477458073,5.666666666666667,1,0.5908998187681389,140.75913477458073,134.93413477458063,140.75913477458073
CHF_JPY,coin,1,2022-07-08 05:00:00+00:00,2022-07-08 09:00:00+00:00,138.917,2022-07-11 01:40:00+00:00,140.0329570134278,tp,0.5579785067138884,111.59570134277885,2.5000000000005684,-0.8951356107876713,108.20056573199061,64.66666666666667,1,1.1348542036085354,108.20056573199061,106.95056573199032,107.359484370518
CHF_JPY,coin,-1,2022-07-13 21:00:00+00:00,2022-07-14 01:00:00+00:00,140.542,2022-07-15 02:05:00+00:00,141.5689536191677,sl,0.5134768095838557,-102.69536191676991,2.349999999999852,-0.4176104440068493,-105.46297236077662,25.083333333333332,1,0.5120086493165495,-105.46297236077662,-106.63797236077654,-105.93463705409853
CHF_JPY,coin,-1,2022-08-01 01:00:00+00:00,2022-08-01 05:00:00+00:00,139.414,2022-08-01 23:55:00+00:00,138.27534204398557,tp,0.5693289780072055,113.86579560144128,2.599999999999625,-0.46805439095579077,110.79774121048587,18.916666666666668,1,1.0615328251316223,110.79774121048587,109.49774121048605,110.32607651716394
CHF_JPY,coin,-1,2022-08-07 21:00:00+00:00,2022-08-08 01:00:00+00:00,140.574,2022-08-09 08:55:00+00:00,141.72473237611518,sl,0.5753661880575853,-115.07323761151724,2.1500000000003183,-0.46805439095579077,-117.69129200247335,31.916666666666668,1,0.4841270951674735,-117.69129200247335,-118.7662920024735,-118.16295669579527
CHF_JPY,coin,-1,2022-08-18 21:00:00+00:00,2022-08-19 01:00:00+00:00,142.296,2022-08-19 11:05:00+00:00,143.1541086725169,sl,0.4290543362584565,-85.810867251692,2.000000000001023,0.0,-87.81086725169303,10.083333333333334,1,0.7614472200583307,-87.81086725169303,-88.81086725169354,-87.81086725169303
CHF_JPY,coin,-1,2022-08-22 01:00:00+00:00,2022-08-22 05:00:00+00:00,143.11,2022-08-23 05:30:00+00:00,142.21063214329723,tp,0.4496839283513965,89.93678567027814,2.1000000000000796,-0.46805439095579077,87.36873127932228,24.5,1,0.8927614898403743,87.36873127932228,86.31873127932224,86.89706658600035
CHF_JPY,coin,1,2022-09-06 21:00:00+00:00,2022-09-07 01:00:00+00:00,145.254,2022-09-07 04:00:00+00:00,146.16544373471663,tp,0.4557218673583176,91.14437347166415,2.4500000000003297,0.0,88.69437347166382,3.0,1,0.8005722157465297,88.69437347166382,87.46937347166366,88.69437347166382
CHF_JPY,coin,1,2022-09-28 21:00:00+00:00,2022-09-29 01:00:00+00:00,147.497,2022-10-03 01:00:00+00:00,146.856,timecap,0.7548715634657412,-64.10000000000196,1.9000000000005457,-1.4653941517123292,-67.46539415171483,96.0,1,0.44343899725034713,-67.46539415171483,-68.4153941517151,-69.14755687466004
CHF_JPY,coin,1,2022-12-01 22:00:00+00:00,2022-12-02 02:00:00+00:00,144.099,2022-12-02 09:40:00+00:00,142.90600433220632,sl,0.596497833896828,-119.29956677936673,2.5000000000005684,0.0,-121.7995667793673,7.666666666666667,1,0.5425443563608909,-121.7995667793673,-123.04956677936758,-121.7995667793673
CHF_JPY,coin,1,2022-12-27 10:00:00+00:00,2022-12-27 14:00:00+00:00,143.388,2022-12-28 14:55:00+00:00,144.5976331850984,tp,0.6048165925491932,120.96331850983972,2.8500000000008185,-0.3963202139729288,117.71699829586598,24.916666666666668,1,0.8514080533853436,117.71699829586598,116.29199829586557,116.87591693439337
CHF_JPY,coin,-1,2023-01-09 14:00:00+00:00,2023-01-09 18:00:00+00:00,143.278,2023-01-11 18:00:00+00:00,142.244,timecap,0.6699508055252726,103.39999999999918,1.999999999999602,-2.0540943057566863,99.34590569424289,48.0,1,1.0849145293486753,99.34590569424289,98.34590569424309,98.40257630759906
CHF_JPY,coin,1,2023-02-01 02:00:00+00:00,2023-02-01 06:00:00+00:00,142.203,2023-02-01 15:30:00+00:00,141.1146311312391,sl,0.5441844343804558,-108.83688687609094,2.1000000000000796,0.0,-110.93688687609102,9.5,1,0.5840653383579684,-110.93688687609102,-111.98688687609106,-110.93688687609102
CHF_JPY,coin,-1,2023-02-20 14:00:00+00:00,2023-02-20 18:00:00+00:00,145.409,2023-02-22 18:00:00+00:00,145.012,timecap,0.417061935258498,39.699999999999136,1.8999999999991246,-2.0674371428082194,35.732562857191795,48.0,1,0.5800740251744932,35.732562857191795,34.78256285719223,34.789233470547956
CHF_JPY,coin,-1,2023-03-19 21:00:00+00:00,2023-03-20 01:00:00+00:00,143.138,2023-03-20 07:05:00+00:00,141.29156116094913,tp,0.9232194195254431,184.6438839050876,3.1999999999982265,0.0,181.44388390508936,6.083333333333333,1,0.4282772820864791,181.44388390508936,179.84388390509025,181.44388390508936
CHF_JPY,coin,1,2023-04-07 05:00:00+00:00,2023-04-07 09:00:00+00:00,145.782,2023-04-10 14:15:00+00:00,146.77523753760616,tp,0.4966187688030735,99.32375376061486,2.2499999999993747,-0.033025491609589154,97.0407282690059,77.25,1,0.3286077034477832,97.0407282690059,95.91572826900621,96.19964690753329
CHF_JPY,coin,-1,2023-04-16 21:00:00+00:00,2023-04-17 01:00:00+00:00,149.457,2023-04-19 01:00:00+00:00,149.568,timecap,0.46651005613497265,-11.100000000001842,2.3000000000010346,-2.5594411263698627,-15.959441126372738,48.0,1,0.5218488981781592,-15.959441126372738,-17.109441126373255,-16.902770513016577
CHF_JPY,coin,1,2023-05-01 01:00:00+00:00,2023-05-01 05:00:00+00:00,153.138,2023-05-03 05:00:00+00:00,152.7,timecap,0.6178485096925096,-43.80000000000166,2.4999999999991473,-0.026337657191781137,-46.32633765719259,48.0,1,0.47367977150307844,-46.32633765719259,-47.57633765719216,-48.0085003801378
CHF_JPY,coin,1,2023-05-17 01:00:00+00:00,2023-05-17 05:00:00+00:00,152.384,2023-05-18 12:35:00+00:00,153.2617167149732,tp,0.4388583574866071,87.77167149732179,2.200000000000557,-0.03950648578767171,85.53216501153356,31.583333333333332,1,0.9484451927246754,85.53216501153356,84.43216501153329,83.00892092711575
CHF_JPY,coin,1,2023-06-12 17:00:00+00:00,2023-06-12 21:00:00+00:00,153.6,2023-06-13 07:10:00+00:00,154.42971364296278,tp,0.4148568214813938,82.9713642962787,1.9000000000005457,0.0,81.07136429627815,10.166666666666666,1,0.5839857739139025,81.07136429627815,80.12136429627787,81.07136429627815
CHF_JPY,coin,-1,2023-07-03 01:00:00+00:00,2023-07-03 05:00:00+00:00,161.454,2023-07-03 09:45:00+00:00,160.59433150379323,tp,0.42983424810338694,85.96684962067798,2.1499999999988972,0.0,83.81684962067908,4.75,1,0.7262683004281507,83.81684962067908,82.74184962067963,83.81684962067908
CHF_JPY,coin,-1,2023-07-31 09:00:00+00:00,2023-07-31 13:00:00+00:00,163.226,2023-08-02 13:00:00+00:00,162.81,timecap,0.948790066421147,41.59999999999968,2.949999999999875,-2.927491395361147,35.72250860463866,48.0,1,1.026145006348677,35.72250860463866,34.247508604638725,34.77917921799482
CHF_JPY,coin,1,2023-08-10 01:00:00+00:00,2023-08-10 05:00:00+00:00,164.258,2023-08-10 14:00:00+00:00,165.25898972397562,tp,0.5004948619878027,100.09897239756071,2.9000000000010573,0.0,97.19897239755966,9.0,1,1.100266615882689,97.19897239755966,95.74897239755913,97.19897239755966
CHF_JPY,coin,1,2023-09-10 21:00:00+00:00,2023-09-11 01:00:00+00:00,164.772,2023-09-11 05:25:00+00:00,163.904727000413,sl,0.4336364997934923,-86.72729995869872,2.1500000000017394,0.0,-88.87729995870046,4.416666666666667,1,0.48135015530084385,-88.87729995870046,-89.95229995870133,-88.87729995870046
CHF_JPY,coin,-1,2023-09-27 17:00:00+00:00,2023-09-27 21:00:00+00:00,162.48,2023-09-28 23:40:00+00:00,163.19404971135893,sl,0.35702485567946296,-71.4049711358939,15.94999999999942,-1.4777356193493152,-88.83270675524264,26.666666666666668,1,1.0791545199011303,-88.83270675524264,-96.80770675524235,-89.30437144856455
CHF_JPY,coin,1,2023-11-12 22:00:00+00:00,2023-11-13 02:00:00+00:00,168.008,2023-11-14 13:30:00+00:00,168.66858273535985,tp,0.3302913676799129,66.05827353598386,2.1500000000003183,0.12241808248754556,64.03069161847108,35.5,1,0.4637146911250567,64.03069161847108,62.95569161847093,63.189610256998485
CHF_JPY,coin,1,2023-11-14 22:00:00+00:00,2023-11-15 02:00:00+00:00,169.276,2023-11-15 14:20:00+00:00,170.02089531432844,tp,0.37244765716421024,74.48953143284314,2.549999999999386,0.0,71.93953143284375,12.333333333333334,1,0.7432411643965066,71.93953143284375,70.66453143284406,71.93953143284375
CHF_JPY,coin,1,2024-01-04 02:00:00+00:00,2024-01-04 06:00:00+00:00,169.208,2024-01-05 01:30:00+00:00,170.5379796772745,tp,0.6649898386372514,132.99796772745083,2.949999999999875,0.09617414511578867,130.14414187256673,19.5,1,0.6302305978686255,130.14414187256673,128.6691418725668,129.30306051109415
CHF_JPY,coin,1,2024-01-28 22:00:00+00:00,2024-01-29 02:00:00+00:00,171.554,2024-01-30 09:25:00+00:00,170.6073726234832,sl,0.47331368825840603,-94.66273765168012,2.949999999999875,0.09617414511578867,-97.51656350656421,31.416666666666668,1,0.5720922418389931,-97.51656350656421,-98.99156350656415,-98.3576448680368
CHF_JPY,coin,-1,2024-05-08 01:00:00+00:00,2024-05-08 05:00:00+00:00,170.6,2024-05-09 21:35:00+00:00,171.71243146859564,sl,0.5562157342978287,-111.24314685956449,15.449999999999875,-5.026217825342465,-131.71936468490682,40.583333333333336,1,0.8083723276079464,-131.71936468490682,-139.44436468490676,-133.6060234581945
CHF_JPY,coin,1,2024-06-13 21:00:00+00:00,2024-06-14 01:00:00+00:00,175.85,2024-06-14 03:35:00+00:00,176.65829148529212,tp,0.4041457426460702,80.82914852921306,2.6499999999998636,0.0,78.1791485292132,2.5833333333333335,1,0.4574238773429479,78.1791485292132,76.85414852921326,78.1791485292132
CHF_JPY,coin,-1,2024-06-18 21:00:00+00:00,2024-06-19 01:00:00+00:00,178.557,2024-06-20 12:55:00+00:00,177.6853857966061,tp,0.4358071016969329,87.16142033938752,2.4500000000003297,-3.64886866900685,81.06255167038034,35.916666666666664,1,0.6164890493448371,81.06255167038034,79.83755167038018,79.64755759041459
CHF_JPY,coin,1,2024-07-15 13:00:00+00:00,2024-07-15 17:00:00+00:00,176.262,2024-07-17 17:00:00+00:00,176.728,timecap,0.5740215930431333,46.60000000000082,2.5000000000019895,-0.45162517154555776,43.64837482845327,48.0,1,0.961711955541121,43.64837482845327,42.398374828452276,41.96621210550806
CHF_JPY,coin,-1,2024-07-30 21:00:00+00:00,2024-07-31 01:00:00+00:00,172.73,2024-07-31 03:55:00+00:00,174.0991861737879,sl,0.6845930868939608,-136.91861737879094,6.849999999998602,0.0,-143.76861737878954,2.9166666666666665,1,0.8561862844675168,-143.76861737878954,-147.19361737878884,-143.76861737878954
CHF_JPY,coin,-1,2024-08-22 09:00:00+00:00,2024-08-22 13:00:00+00:00,171.557,2024-08-23 17:50:00+00:00,170.29687188890412,tp,0.6300640555479307,126.01281110958666,2.8500000000008185,-0.9346958093741025,122.22811530021174,28.833333333333332,1,0.9059456688877499,122.22811530021174,120.80311530021133,121.75645060688983
CHF_JPY,coin,1,2024-09-01 21:00:00+00:00,2024-09-02 01:00:00+00:00,171.988,2024-09-03 08:05:00+00:00,170.98489221367396,sl,0.5015538931630261,-100.31077863260407,3.2499999999984652,-0.4025012569716229,-103.96327988957415,31.083333333333332,1,0.4695814392555923,-103.96327988957415,-105.58827988957339,-104.80436125104676
CHF_JPY,coin,-1,2024-09-08 21:00:00+00:00,2024-09-09 01:00:00+00:00,168.984,2024-09-11 01:00:00+00:00,168.084,timecap,0.6234841984870824,90.00000000000057,3.300000000001546,-1.8204895956457956,84.87951040435323,48.0,1,0.5270960106160413,84.87951040435323,83.22951040435245,83.93618101770939
CHF_JPY,continuation,1,2020-11-24 22:00:00+00:00,2020-11-25 02:00:00+00:00,114.744,2020-11-25 09:35:00+00:00,114.27842385443897,sl,0.23278807278051777,-46.55761455610303,1.7499999999998295,0.0,-48.30761455610286,7.583333333333333,1,1.0816508094814445,-48.30761455610286,-49.18261455610278,-48.30761455610286
CHF_JPY,continuation,1,2021-02-05 18:00:00+00:00,2021-02-07 22:00:00+00:00,117.119,2021-02-09 22:00:00+00:00,117.231,timecap,0.1864849443447547,11.199999999999477,17.049999999998988,-2.4724843864410957,-8.322484386440607,48.0,1,0.709948463252428,-8.322484386440607,-16.8474843864401,-10.004647109385813
CHF_JPY,continuation,-1,2021-03-21 21:00:00+00:00,2021-03-22 01:00:00+00:00,117.103,2021-03-22 12:40:00+00:00,117.72973736067944,sl,0.3133686803397186,-62.67373606794422,2.1000000000000796,0.0,-64.7737360679443,11.666666666666666,1,0.4681904950402225,-64.7737360679443,-65.82373606794434,-64.7737360679443
CHF_JPY,continuation,1,2021-05-06 21:00:00+00:00,2021-05-07 01:00:00+00:00,120.214,2021-05-09 21:05:00+00:00,120.75924886649285,tp,0.27262443324642655,54.52488664928552,11.15000000000066,-1.2372334006795243,42.13765324860534,68.08333333333333,1,0.5156631170053362,42.13765324860534,36.56265324860501,41.296571887132735
CHF_JPY,continuation,-1,2021-05-20 01:00:00+00:00,2021-05-20 05:00:00+00:00,120.774,2021-05-21 00:10:00+00:00,121.30171494759557,sl,0.2638574737977879,-52.77149475955696,1.950000000000074,-0.07551265411499636,-54.79700741367203,19.166666666666668,1,0.7928511256834212,-54.79700741367203,-55.772007413672064,-55.26867210699395
CHF_JPY,continuation,-1,2021-10-03 21:00:00+00:00,2021-10-04 01:00:00+00:00,119.292,2021-10-04 10:55:00+00:00,119.89601766250142,sl,0.30200883125071304,-60.401766250141975,3.250000000000597,0.0,-63.65176625014257,9.916666666666666,1,0.8189478745037909,-63.65176625014257,-65.27676625014287,-63.65176625014257
CHF_JPY,continuation,-1,2021-11-09 02:00:00+00:00,2021-11-09 06:00:00+00:00,123.64,2021-11-10 13:55:00+00:00,124.21574154950397,sl,0.2878707747519876,-57.57415495039737,3.3499999999996533,-0.11040530279514321,-61.03456025319217,31.916666666666668,1,0.7742841222975505,-61.03456025319217,-62.709560253191995,-61.50622494651409
CHF_JPY,continuation,1,2022-01-02 22:00:00+00:00,2022-01-03 02:00:00+00:00,126.192,2022-01-03 14:45:00+00:00,125.61810033251994,sl,0.286949833740022,-57.389966748004895,3.3499999999996533,0.0,-60.73996674800455,12.75,1,0.4890436840296005,-60.73996674800455,-62.414966748004375,-60.73996674800455
CHF_JPY,continuation,1,2022-02-04 02:00:00+00:00,2022-02-04 06:00:00+00:00,124.894,2022-02-07 09:20:00+00:00,124.34559182360861,sl,0.2742040881956938,-54.84081763913906,3.3499999999996533,-1.208866473812329,-59.39968411295104,75.33333333333333,1,0.4575636706509329,-59.39968411295104,-61.07468411295087,-60.24076547442365
CHF_JPY,continuation,-1,2022-05-09 21:00:00+00:00,2022-05-10 01:00:00+00:00,130.986,2022-05-12 01:00:00+00:00,130.502,timecap,0.5045596397820317,48.399999999998045,4.050000000000864,-0.41505941438356153,43.93494058561362,48.0,1,0.6939412073786192,43.93494058561362,41.909940585613185,42.048281812325946
CHF_JPY,continuation,1,2022-06-02 17:00:00+00:00,2022-06-02 21:00:00+00:00,135.492,2022-06-06 21:00:00+00:00,135.878,timecap,0.39717170191664264,38.59999999999957,17.599999999998772,-2.2012726274461847,18.798727372554612,96.0,1,0.36386538083054515,18.798727372554612,9.998727372555225,17.116564649609405
CHF_JPY,continuation,1,2022-06-16 17:00:00+00:00,2022-06-16 21:00:00+00:00,136.699,2022-06-17 02:40:00+00:00,138.22309134774582,tp,0.7620456738728998,152.40913477458093,11.650000000000205,0.0,140.75913477458073,5.666666666666667,1,0.5908998187681389,140.75913477458073,134.93413477458063,140.75913477458073
CHF_JPY,continuation,-1,2022-07-08 05:00:00+00:00,2022-07-08 09:00:00+00:00,138.917,2022-07-11 01:40:00+00:00,140.0329570134278,sl,0.5579785067138884,-111.59570134277885,2.5000000000005684,-0.4176104440068493,-114.51331178678628,64.66666666666667,1,1.1348542036085354,-114.51331178678628,-115.76331178678656,-114.98497648010819
CHF_JPY,continuation,1,2022-07-13 21:00:00+00:00,2022-07-14 01:00:00+00:00,140.542,2022-07-15 02:05:00+00:00,141.5689536191677,tp,0.5134768095838557,102.69536191676991,2.349999999999852,-0.8951356107876713,99.45022630598238,25.083333333333332,1,0.5120086493165495,99.45022630598238,98.27522630598246,98.60914494450978
CHF_JPY,continuation,-1,2022-08-01 01:00:00+00:00,2022-08-01 05:00:00+00:00,139.414,2022-08-01 23:55:00+00:00,138.27534204398557,tp,0.5693289780072055,113.86579560144128,2.599999999999625,-0.46805439095579077,110.79774121048587,18.916666666666668,1,1.0615328251316223,110.79774121048587,109.49774121048605,110.32607651716394
CHF_JPY,continuation,1,2022-08-07 21:00:00+00:00,2022-08-08 01:00:00+00:00,140.574,2022-08-09 08:55:00+00:00,141.72473237611518,tp,0.5753661880575853,115.07323761151724,2.1500000000003183,-0.8446916638387298,112.0785459476782,31.916666666666668,1,0.4841270951674735,112.0785459476782,111.00354594767803,111.23746458620559
CHF_JPY,continuation,1,2022-08-18 21:00:00+00:00,2022-08-19 01:00:00+00:00,142.296,2022-08-19 11:05:00+00:00,143.1541086725169,tp,0.4290543362584565,85.810867251692,2.000000000001023,0.0,83.81086725169098,10.083333333333334,1,0.7614472200583307,83.81086725169098,82.81086725169047,83.81086725169098
CHF_JPY,continuation,1,2022-08-22 01:00:00+00:00,2022-08-22 05:00:00+00:00,143.11,2022-08-23 05:30:00+00:00,142.21063214329723,sl,0.4496839283513965,-89.93678567027814,2.1000000000000796,-0.8446916638387298,-92.88147733411695,24.5,1,0.8927614898403743,-92.88147733411695,-93.93147733411699,-93.72255869558956
CHF_JPY,continuation,1,2022-09-06 21:00:00+00:00,2022-09-07 01:00:00+00:00,145.254,2022-09-07 04:00:00+00:00,146.16544373471663,tp,0.4557218673583176,91.14437347166415,2.4500000000003297,0.0,88.69437347166382,3.0,1,0.8005722157465297,88.69437347166382,87.46937347166366,88.69437347166382
CHF_JPY,continuation,1,2022-09-28 21:00:00+00:00,2022-09-29 01:00:00+00:00,147.497,2022-10-03 01:00:00+00:00,146.856,timecap,0.7548715634657412,-64.10000000000196,1.9000000000005457,-1.4653941517123292,-67.46539415171483,96.0,1,0.44343899725034713,-67.46539415171483,-68.4153941517151,-69.14755687466004
CHF_JPY,continuation,-1,2022-12-01 22:00:00+00:00,2022-12-02 02:00:00+00:00,144.099,2022-12-02 09:40:00+00:00,142.90600433220632,tp,0.596497833896828,119.29956677936673,2.5000000000005684,0.0,116.79956677936616,7.666666666666667,1,0.5425443563608909,116.79956677936616,115.54956677936588,116.79956677936616
CHF_JPY,continuation,1,2022-12-27 10:00:00+00:00,2022-12-27 14:00:00+00:00,143.388,2022-12-28 14:55:00+00:00,144.5976331850984,tp,0.6048165925491932,120.96331850983972,2.8500000000008185,-0.3963202139729288,117.71699829586598,24.916666666666668,1,0.8514080533853436,117.71699829586598,116.29199829586557,116.87591693439337
CHF_JPY,continuation,1,2023-01-09 14:00:00+00:00,2023-01-09 18:00:00+00:00,143.278,2023-01-11 18:00:00+00:00,142.244,timecap,0.6699508055252726,-103.39999999999918,1.999999999999602,-0.571397803832355,-105.97139780383114,48.0,1,1.0849145293486753,-105.97139780383114,-106.97139780383094,-107.65356052677635
CHF_JPY,continuation,1,2023-02-01 02:00:00+00:00,2023-02-01 06:00:00+00:00,142.203,2023-02-01 15:30:00+00:00,141.1146311312391,sl,0.5441844343804558,-108.83688687609094,2.1000000000000796,0.0,-110.93688687609102,9.5,1,0.5840653383579684,-110.93688687609102,-111.98688687609106,-110.93688687609102
CHF_JPY,continuation,1,2023-02-20 14:00:00+00:00,2023-02-20 18:00:00+00:00,145.409,2023-02-22 18:00:00+00:00,145.012,timecap,0.417061935258498,-39.699999999999136,1.8999999999991246,-0.5580549667808222,-42.15805496677908,48.0,1,0.5800740251744932,-42.15805496677908,-43.108054966778646,-43.84021768972429
CHF_JPY,continuation,-1,2023-03-19 21:00:00+00:00,2023-03-20 01:00:00+00:00,143.138,2023-03-20 07:05:00+00:00,141.29156116094913,tp,0.9232194195254431,184.6438839050876,3.1999999999982265,0.0,181.44388390508936,6.083333333333333,1,0.4282772820864791,181.44388390508936,179.84388390509025,181.44388390508936
CHF_JPY,continuation,1,2023-04-07 05:00:00+00:00,2023-04-07 09:00:00+00:00,145.782,2023-04-10 14:15:00+00:00,146.77523753760616,tp,0.4966187688030735,99.32375376061486,2.2499999999993747,-0.033025491609589154,97.0407282690059,77.25,1,0.3286077034477832,97.0407282690059,95.91572826900621,96.19964690753329
CHF_JPY,continuation,1,2023-04-16 21:00:00+00:00,2023-04-17 01:00:00+00:00,149.457,2023-04-19 01:00:00+00:00,149.568,timecap,0.46651005613497265,11.100000000001842,2.3000000000010346,-0.06605098321917831,8.73394901678163,48.0,1,0.5218488981781592,8.73394901678163,7.583949016781111,7.0517862938364235
CHF_JPY,continuation,1,2023-05-01 01:00:00+00:00,2023-05-01 05:00:00+00:00,153.138,2023-05-03 05:00:00+00:00,152.7,timecap,0.6178485096925096,-43.80000000000166,2.4999999999991473,-0.026337657191781137,-46.32633765719259,48.0,1,0.47367977150307844,-46.32633765719259,-47.57633765719216,-48.0085003801378
CHF_JPY,continuation,1,2023-05-17 01:00:00+00:00,2023-05-17 05:00:00+00:00,152.384,2023-05-18 12:35:00+00:00,153.2617167149732,tp,0.4388583574866071,87.77167149732179,2.200000000000557,-0.03950648578767171,85.53216501153356,31.583333333333332,1,0.9484451927246754,85.53216501153356,84.43216501153329,83.00892092711575
CHF_JPY,continuation,-1,2023-06-12 17:00:00+00:00,2023-06-12 21:00:00+00:00,153.6,2023-06-13 07:10:00+00:00,154.42971364296278,sl,0.4148568214813938,-82.9713642962787,1.9000000000005457,0.0,-84.87136429627924,10.166666666666666,1,0.5839857739139025,-84.87136429627924,-85.82136429627951,-84.87136429627924
CHF_JPY,continuation,1,2023-07-03 01:00:00+00:00,2023-07-03 05:00:00+00:00,161.454,2023-07-03 09:45:00+00:00,160.59433150379323,sl,0.42983424810338694,-85.96684962067798,2.1499999999988972,0.0,-88.11684962067687,4.75,1,0.7262683004281507,-88.11684962067687,-89.19184962067632,-88.11684962067687
CHF_JPY,continuation,1,2023-07-31 09:00:00+00:00,2023-07-31 13:00:00+00:00,163.226,2023-08-02 13:00:00+00:00,162.81,timecap,0.948790066421147,-41.59999999999968,2.949999999999875,0.3019992857721059,-44.24800071422745,48.0,1,1.026145006348677,-44.24800071422745,-45.72300071422739,-45.93016343717266
CHF_JPY,continuation,1,2023-08-10 01:00:00+00:00,2023-08-10 05:00:00+00:00,164.258,2023-08-10 14:00:00+00:00,165.25898972397562,tp,0.5004948619878027,100.09897239756071,2.9000000000010573,0.0,97.19897239755966,9.0,1,1.100266615882689,97.19897239755966,95.74897239755913,97.19897239755966
CHF_JPY,continuation,-1,2023-09-10 21:00:00+00:00,2023-09-11 01:00:00+00:00,164.772,2023-09-11 05:25:00+00:00,163.904727000413,tp,0.4336364997934923,86.72729995869872,2.1500000000017394,0.0,84.57729995869698,4.416666666666667,1,0.48135015530084385,84.57729995869698,83.50229995869611,84.57729995869698
CHF_JPY,continuation,-1,2023-09-27 17:00:00+00:00,2023-09-27 21:00:00+00:00,162.48,2023-09-28 23:40:00+00:00,163.19404971135893,sl,0.35702485567946296,-71.4049711358939,15.94999999999942,-1.4777356193493152,-88.83270675524264,26.666666666666668,1,1.0791545199011303,-88.83270675524264,-96.80770675524235,-89.30437144856455
CHF_JPY,continuation,1,2023-11-12 22:00:00+00:00,2023-11-13 02:00:00+00:00,168.008,2023-11-14 13:30:00+00:00,168.66858273535985,tp,0.3302913676799129,66.05827353598386,2.1500000000003183,0.12241808248754556,64.03069161847108,35.5,1,0.4637146911250567,64.03069161847108,62.95569161847093,63.189610256998485
CHF_JPY,continuation,1,2023-11-14 22:00:00+00:00,2023-11-15 02:00:00+00:00,169.276,2023-11-15 14:20:00+00:00,170.02089531432844,tp,0.37244765716421024,74.48953143284314,2.549999999999386,0.0,71.93953143284375,12.333333333333334,1,0.7432411643965066,71.93953143284375,70.66453143284406,71.93953143284375
CHF_JPY,continuation,1,2024-01-04 02:00:00+00:00,2024-01-04 06:00:00+00:00,169.208,2024-01-05 01:30:00+00:00,170.5379796772745,tp,0.6649898386372514,132.99796772745083,2.949999999999875,0.09617414511578867,130.14414187256673,19.5,1,0.6302305978686255,130.14414187256673,128.6691418725668,129.30306051109415
CHF_JPY,continuation,1,2024-01-28 22:00:00+00:00,2024-01-29 02:00:00+00:00,171.554,2024-01-30 09:25:00+00:00,170.6073726234832,sl,0.47331368825840603,-94.66273765168012,2.949999999999875,0.09617414511578867,-97.51656350656421,31.416666666666668,1,0.5720922418389931,-97.51656350656421,-98.99156350656415,-98.3576448680368
CHF_JPY,continuation,1,2024-05-08 01:00:00+00:00,2024-05-08 05:00:00+00:00,170.6,2024-05-09 21:35:00+00:00,171.71243146859564,tp,0.5562157342978287,111.24314685956449,15.449999999999875,-0.22476639383561695,95.56838046572899,40.583333333333336,1,0.8083723276079464,95.56838046572899,87.84338046572906,92.20405501983859
CHF_JPY,continuation,1,2024-06-13 21:00:00+00:00,2024-06-14 01:00:00+00:00,175.85,2024-06-14 03:35:00+00:00,176.65829148529212,tp,0.4041457426460702,80.82914852921306,2.6499999999998636,0.0,78.1791485292132,2.5833333333333335,1,0.4574238773429479,78.1791485292132,76.85414852921326,78.1791485292132
CHF_JPY,continuation,1,2024-06-18 21:00:00+00:00,2024-06-19 01:00:00+00:00,178.557,2024-06-20 12:55:00+00:00,177.6853857966061,sl,0.4358071016969329,-87.16142033938752,2.4500000000003297,-0.28936949537671264,-89.90078983476457,35.916666666666664,1,0.6164890493448371,-89.90078983476457,-91.12578983476473,-92.42403391918236
CHF_JPY,continuation,-1,2024-07-15 13:00:00+00:00,2024-07-15 17:00:00+00:00,176.262,2024-07-17 17:00:00+00:00,176.728,timecap,0.5740215930431333,-46.60000000000082,2.5000000000019895,-2.1738669380434836,-51.27386693804629,48.0,1,0.961711955541121,-51.27386693804629,-52.523866938047284,-52.21719632469013
CHF_JPY,continuation,-1,2024-07-30 21:00:00+00:00,2024-07-31 01:00:00+00:00,172.73,2024-07-31 03:55:00+00:00,174.0991861737879,sl,0.6845930868939608,-136.91861737879094,6.849999999998602,0.0,-143.76861737878954,2.9166666666666665,1,0.8561862844675168,-143.76861737878954,-147.19361737878884,-143.76861737878954
CHF_JPY,continuation,1,2024-08-22 09:00:00+00:00,2024-08-22 13:00:00+00:00,171.557,2024-08-23 17:50:00+00:00,170.29687188890412,sl,0.6300640555479307,-126.01281110958666,2.8500000000008185,-0.3780502454204181,-129.2408613550079,28.833333333333332,1,0.9059456688877499,-129.2408613550079,-130.6658613550083,-130.0819427164805
CHF_JPY,continuation,1,2024-09-01 21:00:00+00:00,2024-09-02 01:00:00+00:00,171.988,2024-09-03 08:05:00+00:00,170.98489221367396,sl,0.5015538931630261,-100.31077863260407,3.2499999999984652,-0.4025012569716229,-103.96327988957415,31.083333333333332,1,0.4695814392555923,-103.96327988957415,-105.58827988957339,-104.80436125104676
CHF_JPY,continuation,-1,2024-09-08 21:00:00+00:00,2024-09-09 01:00:00+00:00,168.984,2024-09-11 01:00:00+00:00,168.084,timecap,0.6234841984870824,90.00000000000057,3.300000000001546,-1.8204895956457956,84.87951040435323,48.0,1,0.5270960106160413,84.87951040435323,83.22951040435245,83.93618101770939
EUR_GBP,signal,1,2020-12-17 06:00:00+00:00,2020-12-17 10:00:00+00:00,0.90042,2020-12-18 09:40:00+00:00,0.9073775157251649,tp,0.003478757862582442,69.57515725164897,1.3500000000005175,-0.37668829369863005,67.84846895794982,23.666666666666668,1,1.0892020988729147,67.84846895794982,67.17346895794957,67.60030775849776
EUR_GBP,signal,1,2021-02-01 02:00:00+00:00,2021-02-01 06:00:00+00:00,0.88238,2021-02-03 06:00:00+00:00,0.88158,timecap,0.0020441456648908614,-8.00000000000023,1.5500000000001624,-0.7530957561643835,-10.303095756164774,48.0,1,0.39620889095284334,-10.303095756164774,-11.078095756164855,-10.799418155068885
EUR_GBP,signal,-1,2021-03-24 01:00:00+00:00,2021-03-24 05:00:00+00:00,0.86392,2021-03-25 14:00:00+00:00,0.8600559437966702,tp,0.0019320281016649166,38.64056203329857,1.4499999999995072,-0.3728034616438359,36.81775857165523,33.0,1,0.44847661199977956,36.81775857165523,36.09275857165548,36.059795074120984
EUR_GBP,signal,-1,2021-04-09 17:00:00+00:00,2021-04-11 21:00:00+00:00,0.86723,2021-04-13 21:00:00+00:00,0.86894,timecap,0.0021349340161316626,-17.100000000001003,10.949999999999571,-0.24853564109589057,-28.298535641096464,48.0,1,0.5176919273960026,-28.298535641096464,-33.77353564109625,-28.803844639452628
EUR_GBP,signal,1,2022-04-04 09:00:00+00:00,2022-04-04 13:00:00+00:00,0.83916,2022-04-05 07:05:00+00:00,0.8352478079909844,sl,0.001956096004507822,-39.121920090156024,1.50000000000039,-0.5267925876712328,-41.148712677827646,18.083333333333332,1,1.1388616108338312,-41.148712677827646,-41.89871267782784,-41.3968738772797
EUR_GBP,signal,-1,2022-05-05 17:00:00+00:00,2022-05-05 21:00:00+00:00,0.8527,2022-05-06 13:40:00+00:00,0.858728642826847,sl,0.00301432141342353,-60.28642826847008,8.20000000000043,0.0,-68.48642826847052,16.666666666666668,1,0.9373406966864911,-68.48642826847052,-72.58642826847073,-68.48642826847052
EUR_GBP,signal,-1,2022-05-11 17:00:00+00:00,2022-05-11 21:00:00+00:00,0.85821,2022-05-12 11:50:00+00:00,0.8527957032065822,tp,0.0027071483967089343,54.14296793417872,8.100000000000328,0.0,46.04296793417839,14.833333333333334,1,0.8746279411865951,46.04296793417839,41.992967934178225,46.04296793417839
EUR_GBP,signal,-1,2022-09-08 21:00:00+00:00,2022-09-09 01:00:00+00:00,0.87014,2022-09-12 14:30:00+00:00,0.8654078608457231,tp,0.002366069577138459,47.32139154276948,1.5999999999993797,0.18190843109589033,45.903299973866,85.5,1,0.7005186778349115,45.903299973866,45.10329997386631,45.65064547468791
EUR_GBP,signal,1,2022-11-18 06:00:00+00:00,2022-11-18 10:00:00+00:00,0.87038,2022-11-22 10:00:00+00:00,0.86582,timecap,0.0029019169602630835,-45.60000000000008,1.7999999999995797,-1.132826388219178,-48.53282638821884,96.0,1,1.1128741679921001,-48.53282638821884,-49.43282638821863,-49.02914878712294
EUR_GBP,signal,-1,2023-02-03 06:00:00+00:00,2023-02-03 10:00:00+00:00,0.89254,2023-02-03 15:40:00+00:00,0.8972394557963108,sl,0.002349727898155406,-46.994557963108136,1.400000000000845,0.0,-48.39455796310898,5.666666666666667,1,1.131182926458517,-48.39455796310898,-49.0945579631094,-48.39455796310898
EUR_GBP,signal,-1,2023-02-05 22:00:00+00:00,2023-02-06 02:00:00+00:00,0.89562,2023-02-07 09:10:00+00:00,0.8908906807362812,tp,0.002364659631859394,47.293192637187786,1.4999999999998348,0.1924864075342465,45.9856790447222,31.166666666666668,1,0.6273690493956126,45.9856790447222,45.23567904472228,45.73302454554411
EUR_GBP,signal,1,2023-03-20 05:00:00+00:00,2023-03-20 09:00:00+00:00,0.87295,2023-03-21 10:35:00+00:00,0.877843290758458,tp,0.0024466453792290313,48.93290758458013,1.6499999999997073,-0.5999257212328766,46.68298186334754,25.583333333333332,1,1.0812857503464897,46.68298186334754,45.85798186334769,46.43482066389549
EUR_GBP,signal,-1,2023-04-13 21:00:00+00:00,2023-04-14 01:00:00+00:00,0.88288,2023-04-14 18:55:00+00:00,0.8857192272189607,sl,0.0014196136094803454,-28.392272189606825,1.3999999999997348,0.0,-29.79227218960656,17.916666666666668,1,0.49748444684879634,-29.79227218960656,-30.492272189606428,-29.79227218960656
EUR_GBP,signal,-1,2023-09-18 05:00:00+00:00,2023-09-18 09:00:00+00:00,0.86135,2023-09-20 06:00:00+00:00,0.8641416357266584,sl,0.0013958178633292275,-27.916357266584146,1.40000000000029,0.1665329210958902,-29.149824345488547,45.0,1,1.009206516362708,-29.149824345488547,-29.849824345488692,-29.65513334384471
EUR_GBP,signal,1,2024-08-25 21:00:00+00:00,2024-08-26 01:00:00+00:00,0.84708,2024-08-27 09:00:00+00:00,0.8446766194203167,sl,0.0012016902898416794,-24.033805796833672,1.2499999999998623,-0.5289924323287671,-25.8127982291623,32.0,1,0.517745216484413,-25.8127982291623,-26.437798229162233,-26.060959428614357
EUR_GBP,coin,-1,2020-12-17 06:00:00+00:00,2020-12-17 10:00:00+00:00,0.90042,2020-12-18 09:40:00+00:00,0.9073775157251649,sl,0.003478757862582442,-69.57515725164897,1.3500000000005175,-0.12412740493150694,-71.04928465658101,23.666666666666668,1,1.0892020988729147,-71.04928465658101,-71.72428465658126,-71.30193915575909
EUR_GBP,coin,-1,2021-02-01 02:00:00+00:00,2021-02-01 06:00:00+00:00,0.88238,2021-02-03 06:00:00+00:00,0.88158,timecap,0.0020441456648908614,8.00000000000023,1.5500000000001624,-0.24853564109589057,6.201464358904176,48.0,1,0.39620889095284334,6.201464358904176,5.426464358904095,5.696155360548012
EUR_GBP,coin,1,2021-03-24 01:00:00+00:00,2021-03-24 05:00:00+00:00,0.86392,2021-03-25 14:00:00+00:00,0.8600559437966702,sl,0.0019320281016649166,-38.64056203329857,1.4499999999995072,-1.1296436342465752,-41.220205667544654,33.0,1,0.44847661199977956,-41.220205667544654,-41.94520566754441,-41.964689265900816
EUR_GBP,coin,-1,2021-04-09 17:00:00+00:00,2021-04-11 21:00:00+00:00,0.86723,2021-04-13 21:00:00+00:00,0.86894,timecap,0.0021349340161316626,-17.100000000001003,10.949999999999571,-0.24853564109589057,-28.298535641096464,48.0,1,0.5176919273960026,-28.298535641096464,-33.77353564109625,-28.803844639452628
EUR_GBP,coin,-1,2022-04-04 09:00:00+00:00,2022-04-04 13:00:00+00:00,0.83916,2022-04-05 07:05:00+00:00,0.8352478079909844,tp,0.001956096004507822,39.121920090156024,1.50000000000039,0.02597688904109581,37.64789697919673,18.083333333333332,1,1.1388616108338312,37.64789697919673,36.89789697919654,37.395242480018645
EUR_GBP,coin,1,2022-05-05 17:00:00+00:00,2022-05-05 21:00:00+00:00,0.8527,2022-05-06 13:40:00+00:00,0.858728642826847,tp,0.00301432141342353,60.28642826847008,8.20000000000043,0.0,52.08642826846965,16.666666666666668,1,0.9373406966864911,52.08642826846965,47.98642826846944,52.08642826846965
EUR_GBP,coin,-1,2022-05-11 17:00:00+00:00,2022-05-11 21:00:00+00:00,0.85821,2022-05-12 11:50:00+00:00,0.8527957032065822,tp,0.0027071483967089343,54.14296793417872,8.100000000000328,0.0,46.04296793417839,14.833333333333334,1,0.8746279411865951,46.04296793417839,41.992967934178225,46.04296793417839
EUR_GBP,coin,1,2022-09-08 21:00:00+00:00,2022-09-09 01:00:00+00:00,0.87014,2022-09-12 14:30:00+00:00,0.8654078608457231,sl,0.002366069577138459,-47.32139154276948,1.5999999999993797,-0.6827241297260274,-49.604115672494885,85.5,1,0.7005186778349115,-49.604115672494885,-50.40411567249458,-49.85227687194694
EUR_GBP,coin,1,2022-11-18 06:00:00+00:00,2022-11-18 10:00:00+00:00,0.87038,2022-11-22 10:00:00+00:00,0.86582,timecap,0.0029019169602630835,-45.60000000000008,1.7999999999995797,-1.132826388219178,-48.53282638821884,96.0,1,1.1128741679921001,-48.53282638821884,-49.43282638821863,-49.02914878712294
EUR_GBP,coin,1,2023-02-03 06:00:00+00:00,2023-02-03 10:00:00+00:00,0.89254,2023-02-03 15:40:00+00:00,0.8972394557963108,tp,0.002349727898155406,46.994557963108136,1.400000000000845,0.0,45.59455796310729,5.666666666666667,1,1.131182926458517,45.59455796310729,44.89455796310687,45.59455796310729
EUR_GBP,coin,1,2023-02-05 22:00:00+00:00,2023-02-06 02:00:00+00:00,0.89562,2023-02-07 09:10:00+00:00,0.8908906807362812,sl,0.002364659631859394,-47.293192637187786,1.4999999999998348,-0.6933021061643836,-49.486494743352004,31.166666666666668,1,0.6273690493956126,-49.486494743352004,-50.23649474335192,-49.73465594280406
EUR_GBP,coin,1,2023-03-20 05:00:00+00:00,2023-03-20 09:00:00+00:00,0.87295,2023-03-21 10:35:00+00:00,0.877843290758458,tp,0.0024466453792290313,48.93290758458013,1.6499999999997073,-0.5999257212328766,46.68298186334754,25.583333333333332,1,1.0812857503464897,46.68298186334754,45.85798186334769,46.43482066389549
EUR_GBP,coin,1,2023-04-13 21:00:00+00:00,2023-04-14 01:00:00+00:00,0.88288,2023-04-14 18:55:00+00:00,0.8857192272189607,tp,0.0014196136094803454,28.392272189606825,1.3999999999997348,0.0,26.99227218960709,17.916666666666668,1,0.49748444684879634,26.99227218960709,26.29227218960722,26.99227218960709
EUR_GBP,coin,-1,2023-09-18 05:00:00+00:00,2023-09-18 09:00:00+00:00,0.86135,2023-09-20 06:00:00+00:00,0.8641416357266584,sl,0.0013958178633292275,-27.916357266584146,1.40000000000029,0.1665329210958902,-29.149824345488547,45.0,1,1.009206516362708,-29.149824345488547,-29.849824345488692,-29.65513334384471
EUR_GBP,coin,-1,2024-08-25 21:00:00+00:00,2024-08-26 01:00:00+00:00,0.84708,2024-08-27 09:00:00+00:00,0.8446766194203167,tp,0.0012016902898416794,24.033805796833672,1.2499999999998623,0.028176733698630142,22.81198253053244,32.0,1,0.517745216484413,22.81198253053244,22.186982530532507,22.559328031354358
EUR_GBP,continuation,-1,2020-12-17 06:00:00+00:00,2020-12-17 10:00:00+00:00,0.90042,2020-12-18 09:40:00+00:00,0.9073775157251649,sl,0.003478757862582442,-69.57515725164897,1.3500000000005175,-0.12412740493150694,-71.04928465658101,23.666666666666668,1,1.0892020988729147,-71.04928465658101,-71.72428465658126,-71.30193915575909
EUR_GBP,continuation,-1,2021-02-01 02:00:00+00:00,2021-02-01 06:00:00+00:00,0.88238,2021-02-03 06:00:00+00:00,0.88158,timecap,0.0020441456648908614,8.00000000000023,1.5500000000001624,-0.24853564109589057,6.201464358904176,48.0,1,0.39620889095284334,6.201464358904176,5.426464358904095,5.696155360548012
EUR_GBP,continuation,1,2021-03-24 01:00:00+00:00,2021-03-24 05:00:00+00:00,0.86392,2021-03-25 14:00:00+00:00,0.8600559437966702,sl,0.0019320281016649166,-38.64056203329857,1.4499999999995072,-1.1296436342465752,-41.220205667544654,33.0,1,0.44847661199977956,-41.220205667544654,-41.94520566754441,-41.964689265900816
EUR_GBP,continuation,1,2021-04-09 17:00:00+00:00,2021-04-11 21:00:00+00:00,0.86723,2021-04-13 21:00:00+00:00,0.86894,timecap,0.0021349340161316626,17.100000000001003,10.949999999999571,-0.7530957561643835,5.3969042438370485,48.0,1,0.5176919273960026,5.3969042438370485,-0.0780957561627379,4.9005818449329395
EUR_GBP,continuation,-1,2022-04-04 09:00:00+00:00,2022-04-04 13:00:00+00:00,0.83916,2022-04-05 07:05:00+00:00,0.8352478079909844,tp,0.001956096004507822,39.121920090156024,1.50000000000039,0.02597688904109581,37.64789697919673,18.083333333333332,1,1.1388616108338312,37.64789697919673,36.89789697919654,37.395242480018645
EUR_GBP,continuation,1,2022-05-05 17:00:00+00:00,2022-05-05 21:00:00+00:00,0.8527,2022-05-06 13:40:00+00:00,0.858728642826847,tp,0.00301432141342353,60.28642826847008,8.20000000000043,0.0,52.08642826846965,16.666666666666668,1,0.9373406966864911,52.08642826846965,47.98642826846944,52.08642826846965
EUR_GBP,continuation,1,2022-05-11 17:00:00+00:00,2022-05-11 21:00:00+00:00,0.85821,2022-05-12 11:50:00+00:00,0.8527957032065822,sl,0.0027071483967089343,-54.14296793417872,8.100000000000328,0.0,-62.24296793417905,14.833333333333334,1,0.8746279411865951,-62.24296793417905,-66.29296793417922,-62.24296793417905
EUR_GBP,continuation,1,2022-09-08 21:00:00+00:00,2022-09-09 01:00:00+00:00,0.87014,2022-09-12 14:30:00+00:00,0.8654078608457231,sl,0.002366069577138459,-47.32139154276948,1.5999999999993797,-0.6827241297260274,-49.604115672494885,85.5,1,0.7005186778349115,-49.604115672494885,-50.40411567249458,-49.85227687194694
EUR_GBP,continuation,-1,2022-11-18 06:00:00+00:00,2022-11-18 10:00:00+00:00,0.87038,2022-11-22 10:00:00+00:00,0.86582,timecap,0.0029019169602630835,45.60000000000008,1.7999999999995797,0.13119499095890397,43.931194990959405,96.0,1,1.1128741679921001,43.931194990959405,43.03119499095961,43.42588599260324
EUR_GBP,continuation,1,2023-02-03 06:00:00+00:00,2023-02-03 10:00:00+00:00,0.89254,2023-02-03 15:40:00+00:00,0.8972394557963108,tp,0.002349727898155406,46.994557963108136,1.400000000000845,0.0,45.59455796310729,5.666666666666667,1,1.131182926458517,45.59455796310729,44.89455796310687,45.59455796310729
EUR_GBP,continuation,1,2023-02-05 22:00:00+00:00,2023-02-06 02:00:00+00:00,0.89562,2023-02-07 09:10:00+00:00,0.8908906807362812,sl,0.002364659631859394,-47.293192637187786,1.4999999999998348,-0.6933021061643836,-49.486494743352004,31.166666666666668,1,0.6273690493956126,-49.486494743352004,-50.23649474335192,-49.73465594280406
EUR_GBP,continuation,-1,2023-03-20 05:00:00+00:00,2023-03-20 09:00:00+00:00,0.87295,2023-03-21 10:35:00+00:00,0.877843290758458,sl,0.0024466453792290313,-48.93290758458013,1.6499999999997073,0.09911002260273954,-50.4837975619771,25.583333333333332,1,1.0812857503464897,-50.4837975619771,-51.30879756197695,-50.73645206115518
EUR_GBP,continuation,1,2023-04-13 21:00:00+00:00,2023-04-14 01:00:00+00:00,0.88288,2023-04-14 18:55:00+00:00,0.8857192272189607,tp,0.0014196136094803454,28.392272189606825,1.3999999999997348,0.0,26.99227218960709,17.916666666666668,1,0.49748444684879634,26.99227218960709,26.29227218960722,26.99227218960709
EUR_GBP,continuation,1,2023-09-18 05:00:00+00:00,2023-09-18 09:00:00+00:00,0.86135,2023-09-20 06:00:00+00:00,0.8641416357266584,tp,0.0013958178633292275,27.916357266584146,1.40000000000029,-1.1681643183561643,25.34819294822769,45.0,1,1.009206516362708,25.34819294822769,24.648192948227546,24.851870549323582
EUR_GBP,continuation,-1,2024-08-25 21:00:00+00:00,2024-08-26 01:00:00+00:00,0.84708,2024-08-27 09:00:00+00:00,0.8446766194203167,tp,0.0012016902898416794,24.033805796833672,1.2499999999998623,0.028176733698630142,22.81198253053244,32.0,1,0.517745216484413,22.81198253053244,22.186982530532507,22.559328031354358
EUR_JPY,signal,-1,2020-12-28 22:00:00+00:00,2020-12-29 02:00:00+00:00,126.902,2020-12-31 02:00:00+00:00,126.918,timecap,0.26197669744263036,-1.6000000000005343,1.6999999999995907,-0.8190483671232877,-4.119048367123413,48.0,1,0.8562842361533779,-4.119048367123413,-4.969048367123208,-5.901443945205605
EUR_JPY,signal,1,2021-01-14 22:00:00+00:00,2021-01-15 02:00:00+00:00,126.056,2021-01-15 15:05:00+00:00,125.55415357002094,sl,0.2509232149895259,-50.18464299790537,1.75000000000054,0.0,-51.93464299790591,13.083333333333334,1,0.6263223101115029,-51.93464299790591,-52.80964299790618,-51.93464299790591
EUR_JPY,signal,-1,2021-01-28 22:00:00+00:00,2021-01-29 02:00:00+00:00,126.516,2021-01-29 09:35:00+00:00,126.99646852541431,sl,0.24023426270715123,-48.04685254143095,1.5999999999998238,0.0,-49.646852541430775,7.583333333333333,1,0.9464030976156511,-49.646852541430775,-50.44685254143069,-49.646852541430775
EUR_JPY,signal,1,2021-03-18 17:00:00+00:00,2021-03-18 21:00:00+00:00,129.763,2021-03-21 21:00:00+00:00,129.029,sl_gap,0.29520542527680366,-73.40000000000089,14.449999999999363,-0.8464854712328768,-88.69648547123313,72.0,1,0.7129094412331407,-88.69648547123313,-95.92148547123281,-89.29756128904134
EUR_JPY,signal,1,2021-03-24 17:00:00+00:00,2021-03-24 21:00:00+00:00,128.438,2021-03-26 08:55:00+00:00,129.0452576529994,tp,0.3036288264997021,60.725765299940804,5.8000000000006935,-0.8464854712328768,54.079279828707236,35.916666666666664,1,0.6104384516602458,54.079279828707236,51.17927982870689,53.47820401089901
EUR_JPY,signal,-1,2021-04-06 17:00:00+00:00,2021-04-06 21:00:00+00:00,130.33,2021-04-08 11:25:00+00:00,129.78425524028663,tp,0.272872379856688,54.57447597133864,8.29999999999984,-0.5929463054794522,45.68152966585935,38.416666666666664,1,0.735422329350223,45.68152966585935,41.53152966585943,44.34473298229771
EUR_JPY,signal,1,2021-04-19 01:00:00+00:00,2021-04-19 05:00:00+00:00,129.942,2021-04-20 01:50:00+00:00,130.45402312327178,tp,0.25601156163589134,51.202312327177424,1.3500000000007617,-0.8490259438356165,49.00328638334105,20.833333333333332,1,0.9884372522756472,49.00328638334105,48.32828638334067,48.402210565532826
EUR_JPY,signal,1,2021-05-05 13:00:00+00:00,2021-05-05 17:00:00+00:00,131.09,2021-05-06 08:35:00+00:00,131.61529834999698,tp,0.2626491749984922,52.5298349996973,1.5500000000002956,-2.5394564136986304,48.440378585998374,15.583333333333334,1,1.125170878754951,48.440378585998374,47.665378585998226,46.63715113257372
EUR_JPY,signal,1,2021-08-03 21:00:00+00:00,2021-08-04 01:00:00+00:00,129.316,2021-08-05 01:35:00+00:00,129.82679880990068,tp,0.25539940495033586,51.07988099006775,1.449999999999818,-2.5135435931506853,47.116337396917245,24.583333333333332,1,0.33638080095398987,47.116337396917245,46.391337396917336,45.31310994349259
EUR_JPY,signal,-1,2021-08-31 21:00:00+00:00,2021-09-01 01:00:00+00:00,130.045,2021-09-02 14:20:00+00:00,130.47425636380493,sl,0.21462818190247493,-42.92563638049387,1.6000000000005343,-0.6081891410958904,-45.133825521590296,37.333333333333336,1,0.4423896794197442,-45.133825521590296,-45.93382552159056,-46.47062220515194
EUR_JPY,signal,-1,2021-09-23 17:00:00+00:00,2021-09-23 21:00:00+00:00,129.454,2021-09-27 21:00:00+00:00,129.83,timecap,0.2799980987766175,-37.60000000000048,11.700000000000443,-0.40545942739726026,-49.70545942739818,96.0,1,0.3159511974694984,-49.70545942739818,-55.555459427398404,-50.596657216439276
EUR_JPY,signal,1,2021-11-05 01:00:00+00:00,2021-11-05 05:00:00+00:00,131.384,2021-11-09 03:50:00+00:00,130.69288066139802,sl,0.3455596693009844,-69.11193386019647,1.6999999999995907,-1.6706147835616438,-72.48254864375771,94.83333333333333,1,0.8163265306122449,-72.48254864375771,-73.3325486437575,-73.68470027937414
EUR_JPY,signal,1,2021-12-01 18:00:00+00:00,2021-12-01 22:00:00+00:00,127.65,2021-12-03 22:00:00+00:00,127.602,timecap,0.43211053297426766,-4.800000000000182,15.000000000000568,-1.6838252410958907,-21.483825241096643,48.0,1,0.6282300392643775,-21.483825241096643,-28.983825241096927,-22.68597687671308
EUR_JPY,signal,1,2022-01-27 18:00:00+00:00,2022-01-27 22:00:00+00:00,128.568,2022-01-31 15:15:00+00:00,129.22920612807087,tp,0.3306030640354287,66.12061280708588,8.300000000001262,-0.8449611876712328,56.975651619413384,89.25,1,0.5812642497431915,56.975651619413384,52.82565161941275,56.37457580160516
EUR_JPY,signal,1,2022-02-21 10:00:00+00:00,2022-02-21 14:00:00+00:00,130.138,2022-02-23 14:00:00+00:00,130.556,timecap,0.43128701459972973,41.80000000000064,1.8000000000000682,-1.6919547534246577,38.30804524657591,48.0,1,0.8677908046605267,38.30804524657591,37.408045246575874,37.10589361095947
EUR_JPY,signal,1,2022-03-01 10:00:00+00:00,2022-03-01 14:00:00+00:00,128.248,2022-03-03 14:00:00+00:00,128.22,timecap,0.5745436219515397,-2.7999999999991587,1.6999999999995907,-3.404233287671233,-7.904233287669983,48.0,1,1.0020758295706311,-7.904233287669983,-8.754233287669777,-10.30853655890286
EUR_JPY,signal,1,2022-03-04 06:00:00+00:00,2022-03-04 10:00:00+00:00,127.124,2022-03-04 13:35:00+00:00,126.07069030231428,sl,0.5266548488428591,-105.33096976857195,1.8000000000000682,0.0,-107.13096976857202,3.5833333333333335,1,0.8911428057381685,-107.13096976857202,-108.03096976857205,-107.13096976857202
EUR_JPY,signal,-1,2022-03-14 05:00:00+00:00,2022-03-14 09:00:00+00:00,129.0,2022-03-16 08:30:00+00:00,130.18023657975272,sl,0.5901182898763566,-118.02365797527159,1.850000000001728,-0.3912327808219178,-120.26489075609524,47.5,1,0.863530593626029,-120.26489075609524,-121.1898907560961,-121.15608854513633
EUR_JPY,signal,1,2022-04-04 17:00:00+00:00,2022-04-04 21:00:00+00:00,134.739,2022-04-06 21:00:00+00:00,134.89,timecap,0.583042198345241,15.099999999998204,15.000000000000568,-3.396103775342466,-3.2961037753448306,48.0,1,0.3985947057739521,-3.2961037753448306,-10.796103775345115,-5.700407046577707
EUR_JPY,signal,1,2022-04-25 21:00:00+00:00,2022-04-26 01:00:00+00:00,136.917,2022-04-26 14:40:00+00:00,135.5535626107974,sl,0.6817186946013037,-136.3437389202602,2.3000000000010346,0.0,-138.64373892026123,13.666666666666666,1,0.8103161414158832,-138.64373892026123,-139.79373892026175,-138.64373892026123
EUR_JPY,signal,1,2022-06-13 21:00:00+00:00,2022-06-14 01:00:00+00:00,139.823,2022-06-14 21:55:00+00:00,141.17386058945306,tp,0.6754302947265236,135.0860589453049,3.1999999999996476,-0.8358154863013698,131.0502434590039,20.916666666666668,1,0.6750870699964212,131.0502434590039,129.45024345900407,130.44916764119566
EUR_JPY,signal,-1,2022-06-19 21:00:00+00:00,2022-06-20 01:00:00+00:00,141.844,2022-06-21 11:35:00+00:00,143.5627127802725,sl,0.8593563901362559,-171.87127802725115,2.200000000001978,-0.21085922602739726,-174.28213725328052,34.583333333333336,1,0.511356048656338,-174.28213725328052,-175.3821372532815,-174.72773614780107
EUR_JPY,signal,-1,2022-07-15 09:00:00+00:00,2022-07-15 13:00:00+00:00,139.595,2022-07-19 07:30:00+00:00,140.8648783621634,sl,0.6349391810817101,-126.98783621634107,1.999999999999602,-0.39529753698630143,-129.38313375332697,90.5,1,0.9957567961068231,-129.38313375332697,-130.38313375332677,-130.27433154236806
EUR_JPY,signal,1,2022-07-25 01:00:00+00:00,2022-07-25 05:00:00+00:00,139.035,2022-07-27 05:00:00+00:00,139.074,timecap,0.6440907709178982,3.900000000001569,2.0499999999984198,-1.698051887671233,0.15194811233191619,48.0,1,0.7723612867679284,0.15194811233191619,-0.8730518876672937,-1.0502035232845222
EUR_JPY,signal,1,2022-08-01 01:00:00+00:00,2022-08-01 05:00:00+00:00,135.57,2022-08-02 01:30:00+00:00,134.21570853639133,sl,0.6771457318043256,-135.42914636086607,2.1000000000000796,-0.5919301164383562,-138.1210764773045,20.5,1,0.958133256526767,-138.1210764773045,-139.17107647730455,-138.72215229511272
EUR_JPY,signal,1,2022-08-23 01:00:00+00:00,2022-08-23 05:00:00+00:00,136.387,2022-08-25 05:00:00+00:00,136.649,timecap,0.4923889524539282,26.200000000000045,2.1000000000000796,-2.367720465753425,21.73227953424654,48.0,1,0.8444315992292871,21.73227953424654,20.6822795342465,19.327976263013664
EUR_JPY,signal,1,2022-09-23 17:00:00+00:00,2022-09-25 21:00:00+00:00,138.944,2022-09-27 21:00:00+00:00,138.956,timecap,0.8763280502968959,1.2000000000000455,14.000000000000057,-0.3902165917808219,-13.190216591780834,48.0,1,0.8048281633462806,-13.190216591780834,-20.19021659178086,-14.392368227397272
EUR_JPY,signal,1,2022-12-01 22:00:00+00:00,2022-12-02 02:00:00+00:00,142.059,2022-12-05 13:55:00+00:00,143.41132901209556,tp,0.6761645060477836,135.23290120955664,1.6999999999995907,0.19663257945205473,133.7295337890091,83.91666666666667,1,0.8463032140426008,133.7295337890091,132.87953378900932,133.1284579712009
EUR_JPY,signal,-1,2022-12-08 22:00:00+00:00,2022-12-09 02:00:00+00:00,143.988,2022-12-12 15:10:00+00:00,145.03220789887231,sl,0.5221039494361571,-104.42078988723154,2.400000000000091,-1.2433072917808219,-108.06409717901245,85.16666666666667,1,0.9392652380635924,-108.06409717901245,-109.2640971790125,-108.509696073533
EUR_JPY,signal,-1,2023-01-06 02:00:00+00:00,2023-01-06 06:00:00+00:00,141.078,2023-01-10 06:00:00+00:00,141.565,timecap,0.6734629215551197,-48.69999999999948,2.1000000000000796,-2.943899652054794,-53.74389965205435,96.0,1,0.6796427497359789,-53.74389965205435,-54.79389965205439,-54.635097441095446
EUR_JPY,signal,-1,2023-01-10 06:00:00+00:00,2023-01-10 10:00:00+00:00,141.659,2023-01-12 10:00:00+00:00,140.984,timecap,0.6081886676220354,67.4999999999983,1.8000000000014893,-5.887799304109588,59.81220069588721,48.0,1,1.1350811405772678,59.81220069588721,58.91220069588647,58.029805117805026
EUR_JPY,signal,1,2023-01-19 02:00:00+00:00,2023-01-19 06:00:00+00:00,138.11,2023-01-20 04:30:00+00:00,139.73325918624937,tp,0.8116295931246763,162.32591862493564,1.9500000000007844,0.42527511369863014,160.8011937386335,22.5,1,0.7188172299697189,160.8011937386335,159.8261937386331,160.20011792082528
EUR_JPY,signal,-1,2023-01-23 06:00:00+00:00,2023-01-23 10:00:00+00:00,141.668,2023-01-25 10:00:00+00:00,141.296,timecap,0.7023075478593446,37.20000000000141,1.9000000000005457,-2.943899652054794,32.35610034794607,48.0,1,1.0636365137826813,32.35610034794607,31.406100347945795,31.464902558904974
EUR_JPY,signal,-1,2023-02-26 22:00:00+00:00,2023-02-27 02:00:00+00:00,143.768,2023-02-27 23:55:00+00:00,144.64476275862071,sl,0.438381379310355,-87.6762758620714,2.050000000001262,-1.7254889917808223,-91.45176485385349,21.916666666666668,1,0.7036434560945712,-91.45176485385349,-92.47676485385412,-91.89736374837403
EUR_JPY,signal,1,2023-05-10 17:00:00+00:00,2023-05-10 21:00:00+00:00,147.499,2023-05-11 11:45:00+00:00,146.54054275914504,sl,0.47922862042748116,-95.84572408549548,8.399999999998897,0.0,-104.24572408549437,14.75,1,0.8780722091178207,-104.24572408549437,-108.44572408549382,-104.24572408549437
EUR_JPY,signal,-1,2023-07-18 21:00:00+00:00,2023-07-19 01:00:00+00:00,155.992,2023-07-19 09:15:00+00:00,157.08412359077514,sl,0.5460617953875714,-109.21235907751452,2.3500000000012733,0.0,-111.5623590775158,8.25,1,0.566029877714736,-111.5623590775158,-112.73735907751643,-111.5623590775158
EUR_JPY,signal,1,2023-07-25 13:00:00+00:00,2023-07-25 17:00:00+00:00,155.756,2023-07-27 17:00:00+00:00,155.06,timecap,0.508028171796198,-69.5999999999998,1.7499999999998295,4.80250940821918,-66.54749059178044,48.0,1,1.030399456269888,-66.54749059178044,-67.42249059178036,-68.95179386301332
EUR_JPY,signal,-1,2023-10-02 01:00:00+00:00,2023-10-02 05:00:00+00:00,158.247,2023-10-02 14:00:00+00:00,157.51711154547894,tp,0.36494422726054127,72.9888454521074,1.8000000000000682,0.0,71.18884545210733,9.0,1,0.6973209537634564,71.18884545210733,70.2888454521073,71.18884545210733
EUR_JPY,signal,1,2023-10-02 21:00:00+00:00,2023-10-03 01:00:00+00:00,156.961,2023-10-03 14:10:00+00:00,156.18504046046596,sl,0.3879797697670231,-77.59595395340568,3.100000000000591,0.0,-80.69595395340627,13.166666666666666,1,0.4464029411024098,-80.69595395340627,-82.24595395340657,-80.69595395340627
EUR_JPY,signal,1,2023-11-21 02:00:00+00:00,2023-11-21 06:00:00+00:00,161.914,2023-11-22 18:25:00+00:00,162.8615654879264,tp,0.4737827439632184,94.75654879264255,1.9499999999993634,1.4389236821917808,94.24547247483497,36.416666666666664,1,1.0213915594626255,94.24547247483497,93.27047247483529,93.64439665702675
EUR_JPY,signal,1,2023-12-04 10:00:00+00:00,2023-12-04 14:00:00+00:00,159.192,2023-12-06 14:00:00+00:00,158.818,timecap,0.5108383608751559,-37.39999999999952,1.7500000000012506,2.874798797260274,-36.2752012027405,48.0,1,1.0648154981247244,-36.2752012027405,-37.15020120274112,-37.477352838356936
EUR_JPY,signal,-1,2024-01-16 18:00:00+00:00,2024-01-16 22:00:00+00:00,160.105,2024-01-17 14:50:00+00:00,160.95448374662516,sl,0.4247418733125772,-84.94837466251681,8.29999999999984,0.0,-93.24837466251665,16.833333333333332,1,0.5854293579258052,-93.24837466251665,-97.39837466251657,-93.24837466251665
EUR_JPY,signal,1,2024-01-24 02:00:00+00:00,2024-01-24 06:00:00+00:00,160.624,2024-01-25 15:15:00+00:00,159.73426474448354,sl,0.4448676277582264,-88.9735255516456,1.7499999999984084,4.315246763013699,-86.4082787886303,33.25,1,0.8013015758905768,-86.4082787886303,-87.2832787886295,-88.21150624205497
EUR_JPY,signal,1,2024-01-29 22:00:00+00:00,2024-01-30 02:00:00+00:00,159.622,2024-01-31 15:55:00+00:00,158.78477367831061,sl,0.4186131608446951,-83.72263216893998,1.850000000000307,1.438415587671233,-84.13421658126906,37.916666666666664,1,0.6383684112497672,-84.13421658126906,-85.05921658126921,-84.73529239907728
EUR_JPY,signal,1,2024-02-28 22:00:00+00:00,2024-02-29 02:00:00+00:00,162.668,2024-02-29 15:00:00+00:00,162.03960522937726,sl,0.31419738531138103,-62.839477062274796,1.5499999999988745,0.0,-64.38947706227367,13.0,1,0.6800936450022392,-64.38947706227367,-65.16447706227311,-64.38947706227367
EUR_JPY,signal,1,2024-05-02 21:00:00+00:00,2024-05-03 01:00:00+00:00,164.359,2024-05-07 01:00:00+00:00,165.876,timecap,1.0030134357071856,151.6999999999996,2.2999999999996135,2.7843579726027397,152.18435797260273,96.0,1,0.6640496468553676,152.18435797260273,151.03435797260292,150.98220633698628
EUR_JPY,signal,-1,2024-07-02 05:00:00+00:00,2024-07-02 09:00:00+00:00,173.238,2024-07-03 07:00:00+00:00,174.01574801026507,sl,0.3888740051325421,-77.77480102650713,2.1500000000003183,-2.3113219739726025,-82.23612300048005,22.0,1,1.061843423718446,-82.23612300048005,-83.31112300048021,-82.6817218950006
EUR_JPY,signal,1,2024-07-30 21:00:00+00:00,2024-07-31 01:00:00+00:00,164.871,2024-07-31 03:55:00+00:00,166.4587843455003,tp,0.7938921727501467,158.7784345500296,3.5499999999998977,0.0,155.2284345500297,2.9166666666666665,1,0.7803405430280718,155.2284345500297,153.45343455002975,155.2284345500297
EUR_JPY,signal,1,2024-08-01 21:00:00+00:00,2024-08-02 01:00:00+00:00,161.208,2024-08-04 23:30:00+00:00,159.03608233312218,sl,1.0859588334389083,-217.19176668778175,2.550000000000807,1.1889411780821917,-218.55282550970037,70.5,1,0.5824514065410749,-218.55282550970037,-219.82782550970077,-219.15390132750858
EUR_JPY,signal,-1,2024-09-02 21:00:00+00:00,2024-09-03 01:00:00+00:00,162.728,2024-09-03 05:20:00+00:00,161.59420397986997,tp,0.5668980100650202,113.37960201300348,2.1500000000003183,0.0,111.22960201300316,4.333333333333333,1,0.4895745765748384,111.22960201300316,110.154602013003,111.22960201300316
EUR_JPY,signal,1,2024-09-03 21:00:00+00:00,2024-09-04 01:00:00+00:00,160.392,2024-09-04 22:10:00+00:00,159.14488993914085,sl,0.6235550304295686,-124.71100608591428,2.5000000000005684,3.5668235342465753,-123.64418255166827,21.166666666666668,1,0.9047476413280864,-123.64418255166827,-124.89418255166855,-125.44741000509293
EUR_JPY,signal,1,2024-09-08 21:00:00+00:00,2024-09-09 01:00:00+00:00,158.158,2024-09-11 00:00:00+00:00,156.64699582736066,sl,0.7555020863196716,-151.1004172639332,2.2999999999996135,2.3778823561643834,-151.02253490776843,47.0,1,0.6096664033210524,-151.02253490776843,-152.17253490776824,-152.22468654338488
EUR_JPY,signal,-1,2024-09-23 01:00:00+00:00,2024-09-23 05:00:00+00:00,161.045,2024-09-23 07:40:00+00:00,159.48097520652465,tp,0.7820123967376724,156.40247934753404,2.3000000000010346,0.0,154.102479347533,2.6666666666666665,1,0.6403838348931314,154.102479347533,152.9524793475325,154.102479347533
EUR_JPY,coin,-1,2020-12-28 22:00:00+00:00,2020-12-29 02:00:00+00:00,126.902,2020-12-31 02:00:00+00:00,126.918,timecap,0.26197669744263036,-1.6000000000005343,1.6999999999995907,-0.8190483671232877,-4.119048367123413,48.0,1,0.8562842361533779,-4.119048367123413,-4.969048367123208,-5.901443945205605
EUR_JPY,coin,-1,2021-01-14 22:00:00+00:00,2021-01-15 02:00:00+00:00,126.056,2021-01-15 15:05:00+00:00,125.55415357002094,tp,0.2509232149895259,50.18464299790537,1.75000000000054,0.0,48.43464299790483,13.083333333333334,1,0.6263223101115029,48.43464299790483,47.55964299790456,48.43464299790483
EUR_JPY,coin,1,2021-01-28 22:00:00+00:00,2021-01-29 02:00:00+00:00,126.516,2021-01-29 09:35:00+00:00,126.99646852541431,tp,0.24023426270715123,48.04685254143095,1.5999999999998238,0.0,46.44685254143113,7.583333333333333,1,0.9464030976156511,46.44685254143113,45.646852541431215,46.44685254143113
EUR_JPY,coin,-1,2021-03-18 17:00:00+00:00,2021-03-18 21:00:00+00:00,129.763,2021-03-21 21:00:00+00:00,129.1725891494464,tp,0.29520542527680366,59.04108505536101,14.449999999999363,-0.2001892410958904,44.390895814265754,72.0,1,0.7129094412331407,44.390895814265754,37.16589581426607,43.94529691974521
EUR_JPY,coin,-1,2021-03-24 17:00:00+00:00,2021-03-24 21:00:00+00:00,128.438,2021-03-26 08:55:00+00:00,129.0452576529994,sl,0.3036288264997021,-60.725765299940804,5.8000000000006935,-0.2001892410958904,-66.72595454103738,35.916666666666664,1,0.6104384516602458,-66.72595454103738,-69.62595454103773,-67.17155343555794
EUR_JPY,coin,1,2021-04-06 17:00:00+00:00,2021-04-06 21:00:00+00:00,130.33,2021-04-08 11:25:00+00:00,129.78425524028663,sl,0.272872379856688,-54.57447597133864,8.29999999999984,-2.5470778315068494,-65.42155380284534,38.416666666666664,1,0.735422329350223,-65.42155380284534,-69.57155380284526,-67.22478125626999
EUR_JPY,coin,-1,2021-04-19 01:00:00+00:00,2021-04-19 05:00:00+00:00,129.942,2021-04-20 01:50:00+00:00,130.45402312327178,sl,0.25601156163589134,-51.202312327177424,1.3500000000007617,-0.19764876849315072,-52.74996109567134,20.833333333333332,1,0.9884372522756472,-52.74996109567134,-53.42496109567172,-53.19555999019188
EUR_JPY,coin,1,2021-05-05 13:00:00+00:00,2021-05-05 17:00:00+00:00,131.09,2021-05-06 08:35:00+00:00,131.61529834999698,tp,0.2626491749984922,52.5298349996973,1.5500000000002956,-2.5394564136986304,48.440378585998374,15.583333333333334,1,1.125170878754951,48.440378585998374,47.665378585998226,46.63715113257372
EUR_JPY,coin,1,2021-08-03 21:00:00+00:00,2021-08-04 01:00:00+00:00,129.316,2021-08-05 01:35:00+00:00,129.82679880990068,tp,0.25539940495033586,51.07988099006775,1.449999999999818,-2.5135435931506853,47.116337396917245,24.583333333333332,1,0.33638080095398987,47.116337396917245,46.391337396917336,45.31310994349259
EUR_JPY,coin,1,2021-08-31 21:00:00+00:00,2021-09-01 01:00:00+00:00,130.045,2021-09-02 14:20:00+00:00,130.47425636380493,tp,0.21462818190247493,42.92563638049387,1.6000000000005343,-2.531834995890411,38.79380138460292,37.333333333333336,1,0.4423896794197442,38.79380138460292,37.993801384602655,36.99057393117827
EUR_JPY,coin,1,2021-09-23 17:00:00+00:00,2021-09-23 21:00:00+00:00,129.454,2021-09-27 21:00:00+00:00,129.83,timecap,0.2799980987766175,37.60000000000048,11.700000000000443,-1.6878899972602739,24.21211000273976,96.0,1,0.3159511974694984,24.21211000273976,18.362110002739538,23.00995836712332
EUR_JPY,coin,1,2021-11-05 01:00:00+00:00,2021-11-05 05:00:00+00:00,131.384,2021-11-09 03:50:00+00:00,130.69288066139802,sl,0.3455596693009844,-69.11193386019647,1.6999999999995907,-1.6706147835616438,-72.48254864375771,94.83333333333333,1,0.8163265306122449,-72.48254864375771,-73.3325486437575,-73.68470027937414
EUR_JPY,coin,1,2021-12-01 18:00:00+00:00,2021-12-01 22:00:00+00:00,127.65,2021-12-03 22:00:00+00:00,127.602,timecap,0.43211053297426766,-4.800000000000182,15.000000000000568,-1.6838252410958907,-21.483825241096643,48.0,1,0.6282300392643775,-21.483825241096643,-28.983825241096927,-22.68597687671308
EUR_JPY,coin,-1,2022-01-27 18:00:00+00:00,2022-01-27 22:00:00+00:00,128.568,2022-01-31 15:15:00+00:00,129.22920612807087,sl,0.3306030640354287,-66.12061280708588,8.300000000001262,-0.20171352465753423,-74.62232633174467,89.25,1,0.5812642497431915,-74.62232633174467,-78.7723263317453,-75.06792522626522
EUR_JPY,coin,-1,2022-02-21 10:00:00+00:00,2022-02-21 14:00:00+00:00,130.138,2022-02-23 14:00:00+00:00,130.556,timecap,0.43128701459972973,-41.80000000000064,1.8000000000000682,-0.4013946712328767,-44.001394671233584,48.0,1,0.8677908046605267,-44.001394671233584,-44.90139467123362,-44.89259246027468
EUR_JPY,coin,-1,2022-03-01 10:00:00+00:00,2022-03-01 14:00:00+00:00,128.248,2022-03-03 14:00:00+00:00,128.22,timecap,0.5745436219515397,2.7999999999991587,1.6999999999995907,-0.7824655616438356,0.31753443835573236,48.0,1,1.0020758295706311,0.31753443835573236,-0.532465561644063,-1.4648611397264593
EUR_JPY,coin,-1,2022-03-04 06:00:00+00:00,2022-03-04 10:00:00+00:00,127.124,2022-03-04 13:35:00+00:00,126.07069030231428,tp,0.5266548488428591,105.33096976857195,1.8000000000000682,0.0,103.53096976857188,3.5833333333333335,1,0.8911428057381685,103.53096976857188,102.63096976857184,103.53096976857188
EUR_JPY,coin,-1,2022-03-14 05:00:00+00:00,2022-03-14 09:00:00+00:00,129.0,2022-03-16 08:30:00+00:00,130.18023657975272,sl,0.5901182898763566,-118.02365797527159,1.850000000001728,-0.3912327808219178,-120.26489075609524,47.5,1,0.863530593626029,-120.26489075609524,-121.1898907560961,-121.15608854513633
EUR_JPY,coin,1,2022-04-04 17:00:00+00:00,2022-04-04 21:00:00+00:00,134.739,2022-04-06 21:00:00+00:00,134.89,timecap,0.583042198345241,15.099999999998204,15.000000000000568,-3.396103775342466,-3.2961037753448306,48.0,1,0.3985947057739521,-3.2961037753448306,-10.796103775345115,-5.700407046577707
EUR_JPY,coin,1,2022-04-25 21:00:00+00:00,2022-04-26 01:00:00+00:00,136.917,2022-04-26 14:40:00+00:00,135.5535626107974,sl,0.6817186946013037,-136.3437389202602,2.3000000000010346,0.0,-138.64373892026123,13.666666666666666,1,0.8103161414158832,-138.64373892026123,-139.79373892026175,-138.64373892026123
EUR_JPY,coin,1,2022-06-13 21:00:00+00:00,2022-06-14 01:00:00+00:00,139.823,2022-06-14 21:55:00+00:00,141.17386058945306,tp,0.6754302947265236,135.0860589453049,3.1999999999996476,-0.8358154863013698,131.0502434590039,20.916666666666668,1,0.6750870699964212,131.0502434590039,129.45024345900407,130.44916764119566
EUR_JPY,coin,1,2022-06-19 21:00:00+00:00,2022-06-20 01:00:00+00:00,141.844,2022-06-21 11:35:00+00:00,143.5627127802725,tp,0.8593563901362559,171.87127802725115,2.200000000001978,-0.8358154863013698,168.83546254094782,34.583333333333336,1,0.511356048656338,168.83546254094782,167.73546254094683,168.23438672313958
EUR_JPY,coin,-1,2022-07-15 09:00:00+00:00,2022-07-15 13:00:00+00:00,139.595,2022-07-19 07:30:00+00:00,140.8648783621634,sl,0.6349391810817101,-126.98783621634107,1.999999999999602,-0.39529753698630143,-129.38313375332697,90.5,1,0.9957567961068231,-129.38313375332697,-130.38313375332677,-130.27433154236806
EUR_JPY,coin,1,2022-07-25 01:00:00+00:00,2022-07-25 05:00:00+00:00,139.035,2022-07-27 05:00:00+00:00,139.074,timecap,0.6440907709178982,3.900000000001569,2.0499999999984198,-1.698051887671233,0.15194811233191619,48.0,1,0.7723612867679284,0.15194811233191619,-0.8730518876672937,-1.0502035232845222
EUR_JPY,coin,-1,2022-08-01 01:00:00+00:00,2022-08-01 05:00:00+00:00,135.57,2022-08-02 01:30:00+00:00,134.21570853639133,tp,0.6771457318043256,135.42914636086607,2.1000000000000796,-0.45474459589041094,132.87440176497557,20.5,1,0.958133256526767,132.87440176497557,131.82440176497553,132.42880287045503
EUR_JPY,coin,-1,2022-08-23 01:00:00+00:00,2022-08-23 05:00:00+00:00,136.387,2022-08-25 05:00:00+00:00,136.649,timecap,0.4923889524539282,-26.200000000000045,2.1000000000000796,-1.8189783835616438,-30.118978383561767,48.0,1,0.8444315992292871,-30.118978383561767,-31.168978383561807,-31.901373961643962
EUR_JPY,coin,1,2022-09-23 17:00:00+00:00,2022-09-25 21:00:00+00:00,138.944,2022-09-27 21:00:00+00:00,138.956,timecap,0.8763280502968959,1.2000000000000455,14.000000000000057,-0.3902165917808219,-13.190216591780834,48.0,1,0.8048281633462806,-13.190216591780834,-20.19021659178086,-14.392368227397272
EUR_JPY,coin,-1,2022-12-01 22:00:00+00:00,2022-12-02 02:00:00+00:00,142.059,2022-12-05 13:55:00+00:00,143.41132901209556,sl,0.6761645060477836,-135.23290120955664,1.6999999999995907,-1.2433072917808219,-138.17620850133704,83.91666666666667,1,0.8463032140426008,-138.17620850133704,-139.02620850133684,-138.62180739585762
EUR_JPY,coin,1,2022-12-08 22:00:00+00:00,2022-12-09 02:00:00+00:00,143.988,2022-12-12 15:10:00+00:00,145.03220789887231,tp,0.5221039494361571,104.42078988723154,2.400000000000091,0.19663257945205473,102.2174224666835,85.16666666666667,1,0.9392652380635924,102.2174224666835,101.01742246668346,101.61634664887528
EUR_JPY,coin,1,2023-01-06 02:00:00+00:00,2023-01-06 06:00:00+00:00,141.078,2023-01-10 06:00:00+00:00,141.565,timecap,0.6734629215551197,48.69999999999948,2.1000000000000796,0.8505502273972603,47.45055022739666,96.0,1,0.6796427497359789,47.45055022739666,46.40055022739662,46.248398591780216
EUR_JPY,coin,1,2023-01-10 06:00:00+00:00,2023-01-10 10:00:00+00:00,141.659,2023-01-12 10:00:00+00:00,140.984,timecap,0.6081886676220354,-67.4999999999983,1.8000000000014893,1.7011004547945205,-67.59889954520526,48.0,1,1.1350811405772678,-67.59889954520526,-68.498899545206,-70.00320281643815
EUR_JPY,coin,-1,2023-01-19 02:00:00+00:00,2023-01-19 06:00:00+00:00,138.11,2023-01-20 04:30:00+00:00,139.73325918624937,sl,0.8116295931246763,-162.32591862493564,1.9500000000007844,-1.471949826027397,-165.7478684509638,22.5,1,0.7188172299697189,-165.7478684509638,-166.7228684509642,-166.19346734548438
EUR_JPY,coin,-1,2023-01-23 06:00:00+00:00,2023-01-23 10:00:00+00:00,141.668,2023-01-25 10:00:00+00:00,141.296,timecap,0.7023075478593446,37.20000000000141,1.9000000000005457,-2.943899652054794,32.35610034794607,48.0,1,1.0636365137826813,32.35610034794607,31.406100347945795,31.464902558904974
EUR_JPY,coin,1,2023-02-26 22:00:00+00:00,2023-02-27 02:00:00+00:00,143.768,2023-02-27 23:55:00+00:00,144.64476275862071,tp,0.438381379310355,87.6762758620714,2.050000000001262,0.6788142794520549,86.3050901415222,21.916666666666668,1,0.7036434560945712,86.3050901415222,85.28009014152157,85.70401432371398
EUR_JPY,coin,1,2023-05-10 17:00:00+00:00,2023-05-10 21:00:00+00:00,147.499,2023-05-11 11:45:00+00:00,146.54054275914504,sl,0.47922862042748116,-95.84572408549548,8.399999999998897,0.0,-104.24572408549437,14.75,1,0.8780722091178207,-104.24572408549437,-108.44572408549382,-104.24572408549437
EUR_JPY,coin,-1,2023-07-18 21:00:00+00:00,2023-07-19 01:00:00+00:00,155.992,2023-07-19 09:15:00+00:00,157.08412359077514,sl,0.5460617953875714,-109.21235907751452,2.3500000000012733,0.0,-111.5623590775158,8.25,1,0.566029877714736,-111.5623590775158,-112.73735907751643,-111.5623590775158
EUR_JPY,coin,1,2023-07-25 13:00:00+00:00,2023-07-25 17:00:00+00:00,155.756,2023-07-27 17:00:00+00:00,155.06,timecap,0.508028171796198,-69.5999999999998,1.7499999999998295,4.80250940821918,-66.54749059178044,48.0,1,1.030399456269888,-66.54749059178044,-67.42249059178036,-68.95179386301332
EUR_JPY,coin,1,2023-10-02 01:00:00+00:00,2023-10-02 05:00:00+00:00,158.247,2023-10-02 14:00:00+00:00,157.51711154547894,sl,0.36494422726054127,-72.9888454521074,1.8000000000000682,0.0,-74.78884545210747,9.0,1,0.6973209537634564,-74.78884545210747,-75.6888454521075,-74.78884545210747
EUR_JPY,coin,1,2023-10-02 21:00:00+00:00,2023-10-03 01:00:00+00:00,156.961,2023-10-03 14:10:00+00:00,156.18504046046596,sl,0.3879797697670231,-77.59595395340568,3.100000000000591,0.0,-80.69595395340627,13.166666666666666,1,0.4464029411024098,-80.69595395340627,-82.24595395340657,-80.69595395340627
EUR_JPY,coin,1,2023-11-21 02:00:00+00:00,2023-11-21 06:00:00+00:00,161.914,2023-11-22 18:25:00+00:00,162.8615654879264,tp,0.4737827439632184,94.75654879264255,1.9499999999993634,1.4389236821917808,94.24547247483497,36.416666666666664,1,1.0213915594626255,94.24547247483497,93.27047247483529,93.64439665702675
EUR_JPY,coin,-1,2023-12-04 10:00:00+00:00,2023-12-04 14:00:00+00:00,159.192,2023-12-06 14:00:00+00:00,158.818,timecap,0.5108383608751559,37.39999999999952,1.7500000000012506,-4.968148221917809,30.681851778080464,48.0,1,1.0648154981247244,30.681851778080464,29.80685177807984,29.790653989039367
EUR_JPY,coin,1,2024-01-16 18:00:00+00:00,2024-01-16 22:00:00+00:00,160.105,2024-01-17 14:50:00+00:00,160.95448374662516,tp,0.4247418733125772,84.94837466251681,8.29999999999984,0.0,76.64837466251697,16.833333333333332,1,0.5854293579258052,76.64837466251697,72.49837466251705,76.64837466251697
EUR_JPY,coin,-1,2024-01-24 02:00:00+00:00,2024-01-24 06:00:00+00:00,160.624,2024-01-25 15:15:00+00:00,159.73426474448354,tp,0.4448676277582264,88.9735255516456,1.7499999999984084,-7.4552709,79.76825465164718,33.25,1,0.8013015758905768,79.76825465164718,78.89325465164798,78.43145796808554
EUR_JPY,coin,1,2024-01-29 22:00:00+00:00,2024-01-30 02:00:00+00:00,159.622,2024-01-31 15:55:00+00:00,158.78477367831061,sl,0.4186131608446951,-83.72263216893998,1.850000000000307,1.438415587671233,-84.13421658126906,37.916666666666664,1,0.6383684112497672,-84.13421658126906,-85.05921658126921,-84.73529239907728
EUR_JPY,coin,-1,2024-02-28 22:00:00+00:00,2024-02-29 02:00:00+00:00,162.668,2024-02-29 15:00:00+00:00,162.03960522937726,tp,0.31419738531138103,62.839477062274796,1.5499999999988745,0.0,61.28947706227592,13.0,1,0.6800936450022392,61.28947706227592,60.514477062276484,61.28947706227592
EUR_JPY,coin,-1,2024-05-02 21:00:00+00:00,2024-05-03 01:00:00+00:00,164.359,2024-05-07 01:00:00+00:00,165.876,timecap,1.0030134357071856,-151.6999999999996,2.2999999999996135,-4.8777073972602745,-158.87770739725948,96.0,1,0.6640496468553676,-158.87770739725948,-160.0277073972593,-159.76890518630057
EUR_JPY,coin,1,2024-07-02 05:00:00+00:00,2024-07-02 09:00:00+00:00,173.238,2024-07-03 07:00:00+00:00,174.01574801026507,tp,0.3888740051325421,77.77480102650713,2.1500000000003183,1.2646472616438353,76.88944828815065,22.0,1,1.061843423718446,76.88944828815065,75.81444828815049,76.28837247034244
EUR_JPY,coin,-1,2024-07-30 21:00:00+00:00,2024-07-31 01:00:00+00:00,164.871,2024-07-31 03:55:00+00:00,166.4587843455003,sl,0.7938921727501467,-158.7784345500296,3.5499999999998977,0.0,-162.3284345500295,2.9166666666666665,1,0.7803405430280718,-162.3284345500295,-164.10343455002945,-162.3284345500295
EUR_JPY,coin,-1,2024-08-01 21:00:00+00:00,2024-08-02 01:00:00+00:00,161.208,2024-08-04 23:30:00+00:00,159.03608233312218,tp,1.0859588334389083,217.19176668778175,2.550000000000807,-2.235615890410959,212.40615079736997,70.5,1,0.5824514065410749,212.40615079736997,211.13115079736957,211.96055190284943
EUR_JPY,coin,-1,2024-09-02 21:00:00+00:00,2024-09-03 01:00:00+00:00,162.728,2024-09-03 05:20:00+00:00,161.59420397986997,tp,0.5668980100650202,113.37960201300348,2.1500000000003183,0.0,111.22960201300316,4.333333333333333,1,0.4895745765748384,111.22960201300316,110.154602013003,111.22960201300316
EUR_JPY,coin,1,2024-09-03 21:00:00+00:00,2024-09-04 01:00:00+00:00,160.392,2024-09-04 22:10:00+00:00,159.14488993914085,sl,0.6235550304295686,-124.71100608591428,2.5000000000005684,3.5668235342465753,-123.64418255166827,21.166666666666668,1,0.9047476413280864,-123.64418255166827,-124.89418255166855,-125.44741000509293
EUR_JPY,coin,1,2024-09-08 21:00:00+00:00,2024-09-09 01:00:00+00:00,158.158,2024-09-11 00:00:00+00:00,156.64699582736066,sl,0.7555020863196716,-151.1004172639332,2.2999999999996135,2.3778823561643834,-151.02253490776843,47.0,1,0.6096664033210524,-151.02253490776843,-152.17253490776824,-152.22468654338488
EUR_JPY,coin,1,2024-09-23 01:00:00+00:00,2024-09-23 05:00:00+00:00,161.045,2024-09-23 07:40:00+00:00,159.48097520652465,sl,0.7820123967376724,-156.40247934753404,2.3000000000010346,0.0,-158.70247934753507,2.6666666666666665,1,0.6403838348931314,-158.70247934753507,-159.8524793475356,-158.70247934753507
EUR_JPY,continuation,1,2020-12-28 22:00:00+00:00,2020-12-29 02:00:00+00:00,126.902,2020-12-31 02:00:00+00:00,126.918,timecap,0.26197669744263036,1.6000000000005343,1.6999999999995907,-3.3676504821917814,-3.467650482190838,48.0,1,0.8562842361533779,-3.467650482190838,-4.317650482190633,-5.871953753423715
EUR_JPY,continuation,-1,2021-01-14 22:00:00+00:00,2021-01-15 02:00:00+00:00,126.056,2021-01-15 15:05:00+00:00,125.55415357002094,tp,0.2509232149895259,50.18464299790537,1.75000000000054,0.0,48.43464299790483,13.083333333333334,1,0.6263223101115029,48.43464299790483,47.55964299790456,48.43464299790483
EUR_JPY,continuation,1,2021-01-28 22:00:00+00:00,2021-01-29 02:00:00+00:00,126.516,2021-01-29 09:35:00+00:00,126.99646852541431,tp,0.24023426270715123,48.04685254143095,1.5999999999998238,0.0,46.44685254143113,7.583333333333333,1,0.9464030976156511,46.44685254143113,45.646852541431215,46.44685254143113
EUR_JPY,continuation,-1,2021-03-18 17:00:00+00:00,2021-03-18 21:00:00+00:00,129.763,2021-03-21 21:00:00+00:00,129.1725891494464,tp,0.29520542527680366,59.04108505536101,14.449999999999363,-0.2001892410958904,44.390895814265754,72.0,1,0.7129094412331407,44.390895814265754,37.16589581426607,43.94529691974521
EUR_JPY,continuation,-1,2021-03-24 17:00:00+00:00,2021-03-24 21:00:00+00:00,128.438,2021-03-26 08:55:00+00:00,129.0452576529994,sl,0.3036288264997021,-60.725765299940804,5.8000000000006935,-0.2001892410958904,-66.72595454103738,35.916666666666664,1,0.6104384516602458,-66.72595454103738,-69.62595454103773,-67.17155343555794
EUR_JPY,continuation,1,2021-04-06 17:00:00+00:00,2021-04-06 21:00:00+00:00,130.33,2021-04-08 11:25:00+00:00,129.78425524028663,sl,0.272872379856688,-54.57447597133864,8.29999999999984,-2.5470778315068494,-65.42155380284534,38.416666666666664,1,0.735422329350223,-65.42155380284534,-69.57155380284526,-67.22478125626999
EUR_JPY,continuation,-1,2021-04-19 01:00:00+00:00,2021-04-19 05:00:00+00:00,129.942,2021-04-20 01:50:00+00:00,130.45402312327178,sl,0.25601156163589134,-51.202312327177424,1.3500000000007617,-0.19764876849315072,-52.74996109567134,20.833333333333332,1,0.9884372522756472,-52.74996109567134,-53.42496109567172,-53.19555999019188
EUR_JPY,continuation,-1,2021-05-05 13:00:00+00:00,2021-05-05 17:00:00+00:00,131.09,2021-05-06 08:35:00+00:00,131.61529834999698,sl,0.2626491749984922,-52.5298349996973,1.5500000000002956,-0.6005677232876712,-54.680402722985264,15.583333333333334,1,1.125170878754951,-54.680402722985264,-55.45540272298541,-56.01719940654691
EUR_JPY,continuation,-1,2021-08-03 21:00:00+00:00,2021-08-04 01:00:00+00:00,129.316,2021-08-05 01:35:00+00:00,129.82679880990068,sl,0.25539940495033586,-51.07988099006775,1.449999999999818,-0.6264805438356165,-53.15636153390319,24.583333333333332,1,0.33638080095398987,-53.15636153390319,-53.881361533903096,-54.49315821746483
EUR_JPY,continuation,1,2021-08-31 21:00:00+00:00,2021-09-01 01:00:00+00:00,130.045,2021-09-02 14:20:00+00:00,130.47425636380493,tp,0.21462818190247493,42.92563638049387,1.6000000000005343,-2.531834995890411,38.79380138460292,37.333333333333336,1,0.4423896794197442,38.79380138460292,37.993801384602655,36.99057393117827
EUR_JPY,continuation,1,2021-09-23 17:00:00+00:00,2021-09-23 21:00:00+00:00,129.454,2021-09-27 21:00:00+00:00,129.83,timecap,0.2799980987766175,37.60000000000048,11.700000000000443,-1.6878899972602739,24.21211000273976,96.0,1,0.3159511974694984,24.21211000273976,18.362110002739538,23.00995836712332
EUR_JPY,continuation,-1,2021-11-05 01:00:00+00:00,2021-11-05 05:00:00+00:00,131.384,2021-11-09 03:50:00+00:00,130.69288066139802,tp,0.3455596693009844,69.11193386019647,1.6999999999995907,-0.42273464109589043,66.989199219101,94.83333333333333,1,0.8163265306122449,66.989199219101,66.1391992191012,66.0980014300599
EUR_JPY,continuation,-1,2021-12-01 18:00:00+00:00,2021-12-01 22:00:00+00:00,127.65,2021-12-03 22:00:00+00:00,127.602,timecap,0.43211053297426766,4.800000000000182,15.000000000000568,-0.40952418356164383,-10.60952418356203,48.0,1,0.6282300392643775,-10.60952418356203,-18.109524183562314,-11.500721972603126
EUR_JPY,continuation,-1,2022-01-27 18:00:00+00:00,2022-01-27 22:00:00+00:00,128.568,2022-01-31 15:15:00+00:00,129.22920612807087,sl,0.3306030640354287,-66.12061280708588,8.300000000001262,-0.20171352465753423,-74.62232633174467,89.25,1,0.5812642497431915,-74.62232633174467,-78.7723263317453,-75.06792522626522
EUR_JPY,continuation,-1,2022-02-21 10:00:00+00:00,2022-02-21 14:00:00+00:00,130.138,2022-02-23 14:00:00+00:00,130.556,timecap,0.43128701459972973,-41.80000000000064,1.8000000000000682,-0.4013946712328767,-44.001394671233584,48.0,1,0.8677908046605267,-44.001394671233584,-44.90139467123362,-44.89259246027468
EUR_JPY,continuation,-1,2022-03-01 10:00:00+00:00,2022-03-01 14:00:00+00:00,128.248,2022-03-03 14:00:00+00:00,128.22,timecap,0.5745436219515397,2.7999999999991587,1.6999999999995907,-0.7824655616438356,0.31753443835573236,48.0,1,1.0020758295706311,0.31753443835573236,-0.532465561644063,-1.4648611397264593
EUR_JPY,continuation,-1,2022-03-04 06:00:00+00:00,2022-03-04 10:00:00+00:00,127.124,2022-03-04 13:35:00+00:00,126.07069030231428,tp,0.5266548488428591,105.33096976857195,1.8000000000000682,0.0,103.53096976857188,3.5833333333333335,1,0.8911428057381685,103.53096976857188,102.63096976857184,103.53096976857188
EUR_JPY,continuation,1,2022-03-14 05:00:00+00:00,2022-03-14 09:00:00+00:00,129.0,2022-03-16 08:30:00+00:00,130.18023657975272,tp,0.5901182898763566,118.02365797527159,1.850000000001728,-1.7021166438356166,114.47154133143424,47.5,1,0.863530593626029,114.47154133143424,113.54654133143337,113.26938969581781
EUR_JPY,continuation,-1,2022-04-04 17:00:00+00:00,2022-04-04 21:00:00+00:00,134.739,2022-04-06 21:00:00+00:00,134.89,timecap,0.583042198345241,-15.099999999998204,15.000000000000568,-0.7905950739726029,-30.890595073971376,48.0,1,0.3985947057739521,-30.890595073971376,-38.39059507397166,-32.67299065205357
EUR_JPY,continuation,-1,2022-04-25 21:00:00+00:00,2022-04-26 01:00:00+00:00,136.917,2022-04-26 14:40:00+00:00,135.5535626107974,tp,0.6817186946013037,136.3437389202602,2.3000000000010346,0.0,134.04373892025916,13.666666666666666,1,0.8103161414158832,134.04373892025916,132.89373892025864,134.04373892025916
EUR_JPY,continuation,-1,2022-06-13 21:00:00+00:00,2022-06-14 01:00:00+00:00,139.823,2022-06-14 21:55:00+00:00,141.17386058945306,sl,0.6754302947265236,-135.0860589453049,3.1999999999996476,-0.21085922602739726,-138.49691817133194,20.916666666666668,1,0.6750870699964212,-138.49691817133194,-140.09691817133177,-138.94251706585248
EUR_JPY,continuation,1,2022-06-19 21:00:00+00:00,2022-06-20 01:00:00+00:00,141.844,2022-06-21 11:35:00+00:00,143.5627127802725,tp,0.8593563901362559,171.87127802725115,2.200000000001978,-0.8358154863013698,168.83546254094782,34.583333333333336,1,0.511356048656338,168.83546254094782,167.73546254094683,168.23438672313958
EUR_JPY,continuation,1,2022-07-15 09:00:00+00:00,2022-07-15 13:00:00+00:00,139.595,2022-07-19 07:30:00+00:00,140.8648783621634,tp,0.6349391810817101,126.98783621634107,1.999999999999602,-1.698051887671233,123.28978432867024,90.5,1,0.9957567961068231,123.28978432867024,122.28978432867044,122.08763269305379
EUR_JPY,continuation,-1,2022-07-25 01:00:00+00:00,2022-07-25 05:00:00+00:00,139.035,2022-07-27 05:00:00+00:00,139.074,timecap,0.6440907709178982,-3.900000000001569,2.0499999999984198,-0.39529753698630143,-6.3452975369862905,48.0,1,0.7723612867679284,-6.3452975369862905,-7.3702975369855,-7.236495326027386
EUR_JPY,continuation,-1,2022-08-01 01:00:00+00:00,2022-08-01 05:00:00+00:00,135.57,2022-08-02 01:30:00+00:00,134.21570853639133,tp,0.6771457318043256,135.42914636086607,2.1000000000000796,-0.45474459589041094,132.87440176497557,20.5,1,0.958133256526767,132.87440176497557,131.82440176497553,132.42880287045503
EUR_JPY,continuation,-1,2022-08-23 01:00:00+00:00,2022-08-23 05:00:00+00:00,136.387,2022-08-25 05:00:00+00:00,136.649,timecap,0.4923889524539282,-26.200000000000045,2.1000000000000796,-1.8189783835616438,-30.118978383561767,48.0,1,0.8444315992292871,-30.118978383561767,-31.168978383561807,-31.901373961643962
EUR_JPY,continuation,-1,2022-09-23 17:00:00+00:00,2022-09-25 21:00:00+00:00,138.944,2022-09-27 21:00:00+00:00,138.956,timecap,0.8763280502968959,-1.2000000000000455,14.000000000000057,-1.7031328328767124,-16.903132832876814,48.0,1,0.8048281633462806,-16.903132832876814,-23.903132832876842,-17.79433062191791
EUR_JPY,continuation,-1,2022-12-01 22:00:00+00:00,2022-12-02 02:00:00+00:00,142.059,2022-12-05 13:55:00+00:00,143.41132901209556,sl,0.6761645060477836,-135.23290120955664,1.6999999999995907,-1.2433072917808219,-138.17620850133704,83.91666666666667,1,0.8463032140426008,-138.17620850133704,-139.02620850133684,-138.62180739585762
EUR_JPY,continuation,1,2022-12-08 22:00:00+00:00,2022-12-09 02:00:00+00:00,143.988,2022-12-12 15:10:00+00:00,145.03220789887231,tp,0.5221039494361571,104.42078988723154,2.400000000000091,0.19663257945205473,102.2174224666835,85.16666666666667,1,0.9392652380635924,102.2174224666835,101.01742246668346,101.61634664887528
EUR_JPY,continuation,1,2023-01-06 02:00:00+00:00,2023-01-06 06:00:00+00:00,141.078,2023-01-10 06:00:00+00:00,141.565,timecap,0.6734629215551197,48.69999999999948,2.1000000000000796,0.8505502273972603,47.45055022739666,96.0,1,0.6796427497359789,47.45055022739666,46.40055022739662,46.248398591780216
EUR_JPY,continuation,1,2023-01-10 06:00:00+00:00,2023-01-10 10:00:00+00:00,141.659,2023-01-12 10:00:00+00:00,140.984,timecap,0.6081886676220354,-67.4999999999983,1.8000000000014893,1.7011004547945205,-67.59889954520526,48.0,1,1.1350811405772678,-67.59889954520526,-68.498899545206,-70.00320281643815
EUR_JPY,continuation,-1,2023-01-19 02:00:00+00:00,2023-01-19 06:00:00+00:00,138.11,2023-01-20 04:30:00+00:00,139.73325918624937,sl,0.8116295931246763,-162.32591862493564,1.9500000000007844,-1.471949826027397,-165.7478684509638,22.5,1,0.7188172299697189,-165.7478684509638,-166.7228684509642,-166.19346734548438
EUR_JPY,continuation,1,2023-01-23 06:00:00+00:00,2023-01-23 10:00:00+00:00,141.668,2023-01-25 10:00:00+00:00,141.296,timecap,0.7023075478593446,-37.20000000000141,1.9000000000005457,0.8505502273972603,-38.24944977260469,48.0,1,1.0636365137826813,-38.24944977260469,-39.199449772604964,-39.45160140822114
EUR_JPY,continuation,1,2023-02-26 22:00:00+00:00,2023-02-27 02:00:00+00:00,143.768,2023-02-27 23:55:00+00:00,144.64476275862071,tp,0.438381379310355,87.6762758620714,2.050000000001262,0.6788142794520549,86.3050901415222,21.916666666666668,1,0.7036434560945712,86.3050901415222,85.28009014152157,85.70401432371398
EUR_JPY,continuation,-1,2023-05-10 17:00:00+00:00,2023-05-10 21:00:00+00:00,147.499,2023-05-11 11:45:00+00:00,146.54054275914504,tp,0.47922862042748116,95.84572408549548,8.399999999998897,0.0,87.44572408549658,14.75,1,0.8780722091178207,87.44572408549658,83.24572408549713,87.44572408549658
EUR_JPY,continuation,1,2023-07-18 21:00:00+00:00,2023-07-19 01:00:00+00:00,155.992,2023-07-19 09:15:00+00:00,157.08412359077514,tp,0.5460617953875714,109.21235907751452,2.3500000000012733,0.0,106.86235907751325,8.25,1,0.566029877714736,106.86235907751325,105.68735907751261,106.86235907751325
EUR_JPY,continuation,-1,2023-07-25 13:00:00+00:00,2023-07-25 17:00:00+00:00,155.756,2023-07-27 17:00:00+00:00,155.06,timecap,0.508028171796198,69.5999999999998,1.7499999999998295,-8.989208257534248,58.86079174246572,48.0,1,1.030399456269888,58.86079174246572,57.98579174246581,57.07839616438353
EUR_JPY,continuation,1,2023-10-02 01:00:00+00:00,2023-10-02 05:00:00+00:00,158.247,2023-10-02 14:00:00+00:00,157.51711154547894,sl,0.36494422726054127,-72.9888454521074,1.8000000000000682,0.0,-74.78884545210747,9.0,1,0.6973209537634564,-74.78884545210747,-75.6888454521075,-74.78884545210747
EUR_JPY,continuation,-1,2023-10-02 21:00:00+00:00,2023-10-03 01:00:00+00:00,156.961,2023-10-03 14:10:00+00:00,156.18504046046596,tp,0.3879797697670231,77.59595395340568,3.100000000000591,0.0,74.49595395340509,13.166666666666666,1,0.4464029411024098,74.49595395340509,72.9459539534048,74.49595395340509
EUR_JPY,continuation,-1,2023-11-21 02:00:00+00:00,2023-11-21 06:00:00+00:00,161.914,2023-11-22 18:25:00+00:00,162.8615654879264,sl,0.4737827439632184,-94.75654879264255,1.9499999999993634,-2.4855983945205478,-99.19214718716246,36.416666666666664,1,1.0213915594626255,-99.19214718716246,-100.16714718716214,-99.637746081683
EUR_JPY,continuation,-1,2023-12-04 10:00:00+00:00,2023-12-04 14:00:00+00:00,159.192,2023-12-06 14:00:00+00:00,158.818,timecap,0.5108383608751559,37.39999999999952,1.7500000000012506,-4.968148221917809,30.681851778080464,48.0,1,1.0648154981247244,30.681851778080464,29.80685177807984,29.790653989039367
EUR_JPY,continuation,1,2024-01-16 18:00:00+00:00,2024-01-16 22:00:00+00:00,160.105,2024-01-17 14:50:00+00:00,160.95448374662516,tp,0.4247418733125772,84.94837466251681,8.29999999999984,0.0,76.64837466251697,16.833333333333332,1,0.5854293579258052,76.64837466251697,72.49837466251705,76.64837466251697
EUR_JPY,continuation,-1,2024-01-24 02:00:00+00:00,2024-01-24 06:00:00+00:00,160.624,2024-01-25 15:15:00+00:00,159.73426474448354,tp,0.4448676277582264,88.9735255516456,1.7499999999984084,-7.4552709,79.76825465164718,33.25,1,0.8013015758905768,79.76825465164718,78.89325465164798,78.43145796808554
EUR_JPY,continuation,-1,2024-01-29 22:00:00+00:00,2024-01-30 02:00:00+00:00,159.622,2024-01-31 15:55:00+00:00,158.78477367831061,tp,0.4186131608446951,83.72263216893998,1.850000000000307,-2.4850903,79.38754186893968,37.916666666666664,1,0.6383684112497672,79.38754186893968,78.46254186893952,78.94194297441912
EUR_JPY,continuation,-1,2024-02-28 22:00:00+00:00,2024-02-29 02:00:00+00:00,162.668,2024-02-29 15:00:00+00:00,162.03960522937726,tp,0.31419738531138103,62.839477062274796,1.5499999999988745,0.0,61.28947706227592,13.0,1,0.6800936450022392,61.28947706227592,60.514477062276484,61.28947706227592
EUR_JPY,continuation,-1,2024-05-02 21:00:00+00:00,2024-05-03 01:00:00+00:00,164.359,2024-05-07 01:00:00+00:00,165.876,timecap,1.0030134357071856,-151.6999999999996,2.2999999999996135,-4.8777073972602745,-158.87770739725948,96.0,1,0.6640496468553676,-158.87770739725948,-160.0277073972593,-159.76890518630057
EUR_JPY,continuation,1,2024-07-02 05:00:00+00:00,2024-07-02 09:00:00+00:00,173.238,2024-07-03 07:00:00+00:00,174.01574801026507,tp,0.3888740051325421,77.77480102650713,2.1500000000003183,1.2646472616438353,76.88944828815065,22.0,1,1.061843423718446,76.88944828815065,75.81444828815049,76.28837247034244
EUR_JPY,continuation,-1,2024-07-30 21:00:00+00:00,2024-07-31 01:00:00+00:00,164.871,2024-07-31 03:55:00+00:00,166.4587843455003,sl,0.7938921727501467,-158.7784345500296,3.5499999999998977,0.0,-162.3284345500295,2.9166666666666665,1,0.7803405430280718,-162.3284345500295,-164.10343455002945,-162.3284345500295
EUR_JPY,continuation,-1,2024-08-01 21:00:00+00:00,2024-08-02 01:00:00+00:00,161.208,2024-08-04 23:30:00+00:00,159.03608233312218,tp,1.0859588334389083,217.19176668778175,2.550000000000807,-2.235615890410959,212.40615079736997,70.5,1,0.5824514065410749,212.40615079736997,211.13115079736957,211.96055190284943
EUR_JPY,continuation,1,2024-09-02 21:00:00+00:00,2024-09-03 01:00:00+00:00,162.728,2024-09-03 05:20:00+00:00,161.59420397986997,sl,0.5668980100650202,-113.37960201300348,2.1500000000003183,0.0,-115.5296020130038,4.333333333333333,1,0.4895745765748384,-115.5296020130038,-116.60460201300396,-115.5296020130038
EUR_JPY,continuation,-1,2024-09-03 21:00:00+00:00,2024-09-04 01:00:00+00:00,160.392,2024-09-04 22:10:00+00:00,159.14488993914085,tp,0.6235550304295686,124.71100608591428,2.5000000000005684,-6.706847671232877,115.50415841468083,21.166666666666668,1,0.9047476413280864,115.50415841468083,114.25415841468055,114.16736173111919
EUR_JPY,continuation,-1,2024-09-08 21:00:00+00:00,2024-09-09 01:00:00+00:00,158.158,2024-09-11 00:00:00+00:00,156.64699582736066,tp,0.7555020863196716,151.1004172639332,2.2999999999996135,-4.471231780821918,144.32918548311167,47.0,1,0.6096664033210524,144.32918548311167,143.17918548311187,143.43798769407056
EUR_JPY,continuation,1,2024-09-23 01:00:00+00:00,2024-09-23 05:00:00+00:00,161.045,2024-09-23 07:40:00+00:00,159.48097520652465,sl,0.7820123967376724,-156.40247934753404,2.3000000000010346,0.0,-158.70247934753507,2.6666666666666665,1,0.6403838348931314,-158.70247934753507,-159.8524793475356,-158.70247934753507
EUR_USD,signal,-1,2021-12-29 22:00:00+00:00,2021-12-30 02:00:00+00:00,1.1346,2021-12-30 09:15:00+00:00,1.129998904949647,tp,0.0023005475251765386,46.01095050352999,1.4499999999995072,0.0,44.560950503530485,7.25,1,0.3363541869681024,44.560950503530485,43.83595050353073,44.560950503530485
EUR_USD,signal,1,2022-03-03 22:00:00+00:00,2022-03-04 02:00:00+00:00,1.10488,2022-03-04 12:15:00+00:00,1.0965668293345305,sl,0.004156585332734796,-83.13170665469549,1.6499999999997073,0.0,-84.7817066546952,10.25,1,0.9877296301316906,-84.7817066546952,-85.60670665469505,-84.7817066546952
EUR_USD,signal,-1,2022-04-14 05:00:00+00:00,2022-04-14 09:00:00+00:00,1.09081,2022-04-14 13:00:00+00:00,1.0842871431239882,tp,0.003261428438005962,65.22856876011839,1.5500000000012726,0.0,63.678568760117116,4.0,1,1.0291194892796915,63.678568760117116,62.903568760116485,63.678568760117116
EUR_USD,signal,1,2022-04-19 01:00:00+00:00,2022-04-19 05:00:00+00:00,1.07721,2022-04-20 08:35:00+00:00,1.0828054109554506,tp,0.0027977054777252935,55.95410955450575,1.6500000000008175,-0.6052109863013698,53.69889856820356,27.583333333333332,1,0.9102099324678599,53.69889856820356,52.87389856820315,53.35395966409397
EUR_USD,signal,1,2022-04-28 01:00:00+00:00,2022-04-28 05:00:00+00:00,1.05176,2022-05-02 05:00:00+00:00,1.05186,timecap,0.0038390550944978974,0.9999999999998899,1.849999999998797,-1.2104219726027396,-2.060421972601647,96.0,1,0.9716390521765018,-2.060421972601647,-2.9854219726010456,-2.750299780820825
EUR_USD,signal,1,2022-07-11 09:00:00+00:00,2022-07-11 13:00:00+00:00,1.00811,2022-07-13 13:00:00+00:00,1.00204,timecap,0.004209656553604016,-60.700000000000195,1.6499999999997073,-1.9943740273972603,-64.34437402739717,48.0,1,1.0831486504726284,-64.34437402739717,-65.16937402739701,-65.03425183561635
EUR_USD,signal,-1,2022-07-18 01:00:00+00:00,2022-07-18 05:00:00+00:00,1.00917,2022-07-18 14:15:00+00:00,1.0177019085514238,sl,0.00426595427571202,-85.31908551423939,1.40000000000029,0.0,-86.71908551423968,9.25,1,0.5457347513731343,-86.71908551423968,-87.41908551423982,-86.71908551423968
EUR_USD,signal,1,2022-09-04 21:00:00+00:00,2022-09-05 01:00:00+00:00,0.99156,2022-09-07 01:00:00+00:00,0.98908,timecap,0.004263768224894873,-24.800000000000377,1.6999999999994797,-2.1511644383561643,-28.651164438356023,48.0,1,0.5754311191420828,-28.651164438356023,-29.50116443835576,-29.3410422465752
EUR_USD,signal,1,2022-10-07 17:00:00+00:00,2022-10-09 21:00:00+00:00,0.97356,2022-10-11 21:00:00+00:00,0.97036,timecap,0.004954823362790222,-31.999999999999805,7.399999999999629,-2.1511644383561643,-41.5511644383556,48.0,1,0.6768939707100985,-41.5511644383556,-45.25116443835541,-42.24104224657478
EUR_USD,signal,-1,2022-11-04 17:00:00+00:00,2022-11-06 22:00:00+00:00,0.99086,2022-11-07 17:05:00+00:00,1.0008871177948726,sl,0.0050135588974362984,-100.27117794872642,3.3999999999995145,0.0,-103.67117794872593,19.083333333333332,1,0.8847404665064661,-103.67117794872593,-105.37117794872569,-103.67117794872593
EUR_USD,signal,-1,2022-11-11 02:00:00+00:00,2022-11-11 06:00:00+00:00,1.02189,2022-11-11 16:50:00+00:00,1.0337403096530515,sl,0.005925154826525783,-118.5030965305156,1.5500000000001624,0.0,-120.05309653051577,10.833333333333334,1,0.8013362068965517,-120.05309653051577,-120.82809653051585,-120.05309653051577
EUR_USD,signal,-1,2022-11-14 18:00:00+00:00,2022-11-14 22:00:00+00:00,1.03282,2022-11-15 10:35:00+00:00,1.0436744496740489,sl,0.005427224837024407,-108.54449674048804,5.749999999999922,0.0,-114.29449674048797,12.583333333333334,1,0.4757415454695787,-114.29449674048797,-117.16949674048793,-114.29449674048797
EUR_USD,signal,1,2022-11-21 02:00:00+00:00,2022-11-21 06:00:00+00:00,1.02828,2022-11-23 06:00:00+00:00,1.03275,timecap,0.00433733129000203,44.69999999999974,1.4499999999995072,-2.1511644383561643,41.09883556164407,48.0,1,0.618059262313878,41.09883556164407,40.37383556164432,40.40895775342489
EUR_USD,signal,-1,2023-03-23 01:00:00+00:00,2023-03-23 05:00:00+00:00,1.09038,2023-03-23 18:55:00+00:00,1.0832763584699778,tp,0.003551820765011077,71.03641530022075,1.4999999999987246,0.0,69.53641530022203,13.916666666666666,1,0.6788985792060812,69.53641530022203,68.78641530022267,69.53641530022203
EUR_USD,signal,-1,2023-03-30 21:00:00+00:00,2023-03-31 01:00:00+00:00,1.09156,2023-03-31 14:55:00+00:00,1.0860497629550956,tp,0.002755118522452235,55.102370449044976,1.4500000000006175,0.0,53.652370449044355,13.916666666666666,1,0.4130059473123558,53.652370449044355,52.92737044904405,53.652370449044355
EUR_USD,signal,-1,2023-04-04 21:00:00+00:00,2023-04-05 01:00:00+00:00,1.09607,2023-04-05 17:45:00+00:00,1.0891365479546726,tp,0.0034667260226637873,69.3345204532747,1.40000000000029,0.0,67.93452045327442,16.75,1,0.3737766223439776,67.93452045327442,67.23452045327427,67.93452045327442
EUR_USD,signal,1,2023-08-01 09:00:00+00:00,2023-08-01 13:00:00+00:00,1.09566,2023-08-01 21:55:00+00:00,1.1018659665701243,tp,0.0031029832850621125,62.05966570124177,2.2999999999984144,-0.918791808219178,58.84087389302418,8.916666666666666,1,0.945805810802813,58.84087389302418,57.69087389302497,58.49593498891459
EUR_USD,signal,1,2023-08-03 01:00:00+00:00,2023-08-03 05:00:00+00:00,1.09233,2023-08-04 12:40:00+00:00,1.0981455028936182,tp,0.0029077514468090486,58.15502893618207,1.4999999999998348,-0.8403966027397262,55.81463233344251,31.666666666666668,1,0.8485761714659071,55.81463233344251,55.064632333442596,55.46969342933292
EUR_USD,signal,-1,2023-08-30 21:00:00+00:00,2023-08-31 01:00:00+00:00,1.0933,2023-08-31 08:50:00+00:00,1.0880150684591674,tp,0.0026424657704162374,52.84931540832538,1.4499999999995072,0.0,51.399315408325876,7.833333333333333,1,0.31261180841413655,51.399315408325876,50.67431540832612,51.399315408325876
EUR_USD,signal,1,2023-09-28 01:00:00+00:00,2023-09-28 05:00:00+00:00,1.05046,2023-09-28 12:30:00+00:00,1.055341512460198,tp,0.002440756230099015,48.815124601979676,1.4999999999998348,0.0,47.31512460197984,7.5,1,0.8064425150454073,47.31512460197984,46.565124601979925,47.31512460197984
EUR_USD,signal,-1,2023-11-28 22:00:00+00:00,2023-11-29 02:00:00+00:00,1.10059,2023-11-29 15:20:00+00:00,1.0961628073350043,tp,0.0022135963324978127,44.27192664995694,1.5500000000001624,0.0,42.72192664995678,13.333333333333334,1,0.776389258176017,42.72192664995678,41.946926649956694,42.72192664995678
EUR_USD,signal,-1,2024-01-11 06:00:00+00:00,2024-01-11 10:00:00+00:00,1.09636,2024-01-15 10:00:00+00:00,1.09468,timecap,0.0023140128376554314,16.799999999999038,1.5500000000001624,0.2508646575342466,15.500864657533121,96.0,1,1.074445546426683,15.500864657533121,14.725864657533041,14.917604328765998
EUR_USD,signal,-1,2024-02-01 22:00:00+00:00,2024-02-02 02:00:00+00:00,1.08716,2024-02-02 13:35:00+00:00,1.081535104601129,tp,0.002812447699435501,56.24895398870899,1.4499999999995072,0.0,54.798953988709485,11.583333333333334,1,0.3645499221445709,54.798953988709485,54.07395398870973,54.798953988709485
EUR_USD,signal,1,2024-02-06 06:00:00+00:00,2024-02-06 10:00:00+00:00,1.07292,2024-02-07 13:25:00+00:00,1.0780247694020844,tp,0.002552384701042103,51.047694020842634,1.5499999999990521,-0.7620013972602739,48.73569262358331,27.416666666666668,1,1.0477040991570084,48.73569262358331,47.96069262358379,48.39075371947372
EUR_USD,signal,-1,2024-02-21 22:00:00+00:00,2024-02-22 02:00:00+00:00,1.08268,2024-02-22 08:15:00+00:00,1.087,sl_gap,0.0018354272005865198,-43.199999999998795,1.4999999999998348,0.0,-44.69999999999863,6.25,1,0.5600077978988054,-44.69999999999863,-45.449999999998546,-44.69999999999863
EUR_USD,signal,1,2024-03-28 17:00:00+00:00,2024-03-28 21:00:00+00:00,1.07886,2024-04-01 14:05:00+00:00,1.0749804978937234,sl,0.0019397510531383164,-38.79502106276522,2.9000000000001247,-0.7620013972602739,-42.45702246002562,89.08333333333333,1,0.7496579153333794,-42.45702246002562,-43.90702246002568,-42.80196136413521
EUR_USD,signal,1,2024-04-12 01:00:00+00:00,2024-04-12 05:00:00+00:00,1.07114,2024-04-12 09:20:00+00:00,1.0665142943223642,sl,0.002312852838817857,-46.25705677635761,1.4500000000006175,0.0,-47.70705677635823,4.333333333333333,1,0.551827706837733,-47.70705677635823,-48.432056776358536,-47.70705677635823
EUR_USD,signal,-1,2024-07-04 13:00:00+00:00,2024-07-04 17:00:00+00:00,1.08123,2024-07-08 17:00:00+00:00,1.08324,timecap,0.001914000269859091,-20.100000000000673,1.5500000000001624,0.40765506849315086,-21.242344931507684,96.0,1,0.6616216646516511,-21.242344931507684,-22.017344931507765,-21.82560526027481
EUR_USD,signal,1,2024-07-30 01:00:00+00:00,2024-07-30 05:00:00+00:00,1.08238,2024-08-01 05:00:00+00:00,1.08268,timecap,0.00169988624946661,3.00000000000189,1.5500000000001624,-3.3615864109589046,-1.911586410957177,48.0,1,0.5909108362742737,-1.911586410957177,-2.686586410957258,-3.2913420273955323
EUR_USD,coin,-1,2021-12-29 22:00:00+00:00,2021-12-30 02:00:00+00:00,1.1346,2021-12-30 09:15:00+00:00,1.129998904949647,tp,0.0023005475251765386,46.01095050352999,1.4499999999995072,0.0,44.560950503530485,7.25,1,0.3363541869681024,44.560950503530485,43.83595050353073,44.560950503530485
EUR_USD,coin,-1,2022-03-03 22:00:00+00:00,2022-03-04 02:00:00+00:00,1.10488,2022-03-04 12:15:00+00:00,1.0965668293345305,tp,0.004156585332734796,83.13170665469549,1.6499999999997073,0.0,81.48170665469578,10.25,1,0.9877296301316906,81.48170665469578,80.65670665469594,81.48170665469578
EUR_USD,coin,1,2022-04-14 05:00:00+00:00,2022-04-14 09:00:00+00:00,1.09081,2022-04-14 13:00:00+00:00,1.0842871431239882,sl,0.003261428438005962,-65.22856876011839,1.5500000000012726,0.0,-66.77856876011967,4.0,1,1.0291194892796915,-66.77856876011967,-67.5535687601203,-66.77856876011967
EUR_USD,coin,-1,2022-04-19 01:00:00+00:00,2022-04-19 05:00:00+00:00,1.07721,2022-04-20 08:35:00+00:00,1.0828054109554506,sl,0.0027977054777252935,-55.95410955450575,1.6500000000008175,-0.031358082191780795,-57.635467636698344,27.583333333333332,1,0.9102099324678599,-57.635467636698344,-58.46046763669875,-57.927097801081906
EUR_USD,coin,-1,2022-04-28 01:00:00+00:00,2022-04-28 05:00:00+00:00,1.05176,2022-05-02 05:00:00+00:00,1.05186,timecap,0.0038390550944978974,-0.9999999999998899,1.849999999998797,-0.06271616438356159,-2.9127161643822483,96.0,1,0.9716390521765018,-2.9127161643822483,-3.837716164381647,-3.4959764931493718
EUR_USD,coin,1,2022-07-11 09:00:00+00:00,2022-07-11 13:00:00+00:00,1.00811,2022-07-13 13:00:00+00:00,1.00204,timecap,0.004209656553604016,-60.700000000000195,1.6499999999997073,-1.9943740273972603,-64.34437402739717,48.0,1,1.0831486504726284,-64.34437402739717,-65.16937402739701,-65.03425183561635
EUR_USD,coin,-1,2022-07-18 01:00:00+00:00,2022-07-18 05:00:00+00:00,1.00917,2022-07-18 14:15:00+00:00,1.0177019085514238,sl,0.00426595427571202,-85.31908551423939,1.40000000000029,0.0,-86.71908551423968,9.25,1,0.5457347513731343,-86.71908551423968,-87.41908551423982,-86.71908551423968
EUR_USD,coin,1,2022-09-04 21:00:00+00:00,2022-09-05 01:00:00+00:00,0.99156,2022-09-07 01:00:00+00:00,0.98908,timecap,0.004263768224894873,-24.800000000000377,1.6999999999994797,-2.1511644383561643,-28.651164438356023,48.0,1,0.5754311191420828,-28.651164438356023,-29.50116443835576,-29.3410422465752
EUR_USD,coin,1,2022-10-07 17:00:00+00:00,2022-10-09 21:00:00+00:00,0.97356,2022-10-11 21:00:00+00:00,0.97036,timecap,0.004954823362790222,-31.999999999999805,7.399999999999629,-2.1511644383561643,-41.5511644383556,48.0,1,0.6768939707100985,-41.5511644383556,-45.25116443835541,-42.24104224657478
EUR_USD,coin,1,2022-11-04 17:00:00+00:00,2022-11-06 22:00:00+00:00,0.99086,2022-11-07 17:05:00+00:00,1.0008871177948726,tp,0.0050135588974362984,100.27117794872642,3.3999999999995145,0.0,96.87117794872691,19.083333333333332,1,0.8847404665064661,96.87117794872691,95.17117794872715,96.87117794872691
EUR_USD,coin,1,2022-11-11 02:00:00+00:00,2022-11-11 06:00:00+00:00,1.02189,2022-11-11 16:50:00+00:00,1.0337403096530515,tp,0.005925154826525783,118.5030965305156,1.5500000000001624,0.0,116.95309653051544,10.833333333333334,1,0.8013362068965517,116.95309653051544,116.17809653051536,116.95309653051544
EUR_USD,coin,1,2022-11-14 18:00:00+00:00,2022-11-14 22:00:00+00:00,1.03282,2022-11-15 10:35:00+00:00,1.0436744496740489,tp,0.005427224837024407,108.54449674048804,5.749999999999922,0.0,102.79449674048811,12.583333333333334,1,0.4757415454695787,102.79449674048811,99.91949674048816,102.79449674048811
EUR_USD,coin,1,2022-11-21 02:00:00+00:00,2022-11-21 06:00:00+00:00,1.02828,2022-11-23 06:00:00+00:00,1.03275,timecap,0.00433733129000203,44.69999999999974,1.4499999999995072,-2.1511644383561643,41.09883556164407,48.0,1,0.618059262313878,41.09883556164407,40.37383556164432,40.40895775342489
EUR_USD,coin,-1,2023-03-23 01:00:00+00:00,2023-03-23 05:00:00+00:00,1.09038,2023-03-23 18:55:00+00:00,1.0832763584699778,tp,0.003551820765011077,71.03641530022075,1.4999999999987246,0.0,69.53641530022203,13.916666666666666,1,0.6788985792060812,69.53641530022203,68.78641530022267,69.53641530022203
EUR_USD,coin,-1,2023-03-30 21:00:00+00:00,2023-03-31 01:00:00+00:00,1.09156,2023-03-31 14:55:00+00:00,1.0860497629550956,tp,0.002755118522452235,55.102370449044976,1.4500000000006175,0.0,53.652370449044355,13.916666666666666,1,0.4130059473123558,53.652370449044355,52.92737044904405,53.652370449044355
EUR_USD,coin,-1,2023-04-04 21:00:00+00:00,2023-04-05 01:00:00+00:00,1.09607,2023-04-05 17:45:00+00:00,1.0891365479546726,tp,0.0034667260226637873,69.3345204532747,1.40000000000029,0.0,67.93452045327442,16.75,1,0.3737766223439776,67.93452045327442,67.23452045327427,67.93452045327442
EUR_USD,coin,-1,2023-08-01 09:00:00+00:00,2023-08-01 13:00:00+00:00,1.09566,2023-08-01 21:55:00+00:00,1.1018659665701243,sl,0.0031029832850621125,-62.05966570124177,2.2999999999984144,0.28222273972602735,-64.07744296151417,8.916666666666666,1,0.945805810802813,-64.07744296151417,-65.22744296151336,-64.36907312589773
EUR_USD,coin,-1,2023-08-03 01:00:00+00:00,2023-08-03 05:00:00+00:00,1.09233,2023-08-04 12:40:00+00:00,1.0981455028936182,sl,0.0029077514468090486,-58.15502893618207,1.4999999999998348,0.20382753424657543,-59.45120140193533,31.666666666666668,1,0.8485761714659071,-59.45120140193533,-60.20120140193524,-59.74283156631889
EUR_USD,coin,1,2023-08-30 21:00:00+00:00,2023-08-31 01:00:00+00:00,1.0933,2023-08-31 08:50:00+00:00,1.0880150684591674,sl,0.0026424657704162374,-52.84931540832538,1.4499999999995072,0.0,-54.29931540832489,7.833333333333333,1,0.31261180841413655,-54.29931540832489,-55.02431540832464,-54.29931540832489
EUR_USD,coin,1,2023-09-28 01:00:00+00:00,2023-09-28 05:00:00+00:00,1.05046,2023-09-28 12:30:00+00:00,1.055341512460198,tp,0.002440756230099015,48.815124601979676,1.4999999999998348,0.0,47.31512460197984,7.5,1,0.8064425150454073,47.31512460197984,46.565124601979925,47.31512460197984
EUR_USD,coin,1,2023-11-28 22:00:00+00:00,2023-11-29 02:00:00+00:00,1.10059,2023-11-29 15:20:00+00:00,1.0961628073350043,sl,0.0022135963324978127,-44.27192664995694,1.5500000000001624,0.0,-45.8219266499571,13.333333333333334,1,0.776389258176017,-45.8219266499571,-46.59692664995718,-45.8219266499571
EUR_USD,coin,1,2024-01-11 06:00:00+00:00,2024-01-11 10:00:00+00:00,1.09636,2024-01-15 10:00:00+00:00,1.09468,timecap,0.0023140128376554314,-16.799999999999038,1.5500000000001624,-1.5240027945205479,-19.874002794519747,96.0,1,1.074445546426683,-19.874002794519747,-20.64900279451983,-20.563880602738926
EUR_USD,coin,-1,2024-02-01 22:00:00+00:00,2024-02-02 02:00:00+00:00,1.08716,2024-02-02 13:35:00+00:00,1.081535104601129,tp,0.002812447699435501,56.24895398870899,1.4499999999995072,0.0,54.798953988709485,11.583333333333334,1,0.3645499221445709,54.798953988709485,54.07395398870973,54.798953988709485
EUR_USD,coin,1,2024-02-06 06:00:00+00:00,2024-02-06 10:00:00+00:00,1.07292,2024-02-07 13:25:00+00:00,1.0780247694020844,tp,0.002552384701042103,51.047694020842634,1.5499999999990521,-0.7620013972602739,48.73569262358331,27.416666666666668,1,1.0477040991570084,48.73569262358331,47.96069262358379,48.39075371947372
EUR_USD,coin,-1,2024-02-21 22:00:00+00:00,2024-02-22 02:00:00+00:00,1.08268,2024-02-22 08:15:00+00:00,1.087,sl_gap,0.0018354272005865198,-43.199999999998795,1.4999999999998348,0.0,-44.69999999999863,6.25,1,0.5600077978988054,-44.69999999999863,-45.449999999998546,-44.69999999999863
EUR_USD,coin,-1,2024-03-28 17:00:00+00:00,2024-03-28 21:00:00+00:00,1.07886,2024-04-01 14:05:00+00:00,1.0749804978937234,tp,0.0019397510531383164,38.79502106276522,2.9000000000001247,0.1254323287671233,36.02045339153222,89.08333333333333,1,0.7496579153333794,36.02045339153222,34.57045339153216,35.72882322714866
EUR_USD,coin,1,2024-04-12 01:00:00+00:00,2024-04-12 05:00:00+00:00,1.07114,2024-04-12 09:20:00+00:00,1.0665142943223642,sl,0.002312852838817857,-46.25705677635761,1.4500000000006175,0.0,-47.70705677635823,4.333333333333333,1,0.551827706837733,-47.70705677635823,-48.432056776358536,-47.70705677635823
EUR_USD,coin,-1,2024-07-04 13:00:00+00:00,2024-07-04 17:00:00+00:00,1.08123,2024-07-08 17:00:00+00:00,1.08324,timecap,0.001914000269859091,-20.100000000000673,1.5500000000001624,0.40765506849315086,-21.242344931507684,96.0,1,0.6616216646516511,-21.242344931507684,-22.017344931507765,-21.82560526027481
EUR_USD,coin,1,2024-07-30 01:00:00+00:00,2024-07-30 05:00:00+00:00,1.08238,2024-08-01 05:00:00+00:00,1.08268,timecap,0.00169988624946661,3.00000000000189,1.5500000000001624,-3.3615864109589046,-1.911586410957177,48.0,1,0.5909108362742737,-1.911586410957177,-2.686586410957258,-3.2913420273955323
EUR_USD,continuation,1,2021-12-29 22:00:00+00:00,2021-12-30 02:00:00+00:00,1.1346,2021-12-30 09:15:00+00:00,1.129998904949647,sl,0.0023005475251765386,-46.01095050352999,1.4499999999995072,0.0,-47.460950503529496,7.25,1,0.3363541869681024,-47.460950503529496,-48.18595050352925,-47.460950503529496
EUR_USD,continuation,-1,2022-03-03 22:00:00+00:00,2022-03-04 02:00:00+00:00,1.10488,2022-03-04 12:15:00+00:00,1.0965668293345305,tp,0.004156585332734796,83.13170665469549,1.6499999999997073,0.0,81.48170665469578,10.25,1,0.9877296301316906,81.48170665469578,80.65670665469594,81.48170665469578
EUR_USD,continuation,1,2022-04-14 05:00:00+00:00,2022-04-14 09:00:00+00:00,1.09081,2022-04-14 13:00:00+00:00,1.0842871431239882,sl,0.003261428438005962,-65.22856876011839,1.5500000000012726,0.0,-66.77856876011967,4.0,1,1.0291194892796915,-66.77856876011967,-67.5535687601203,-66.77856876011967
EUR_USD,continuation,-1,2022-04-19 01:00:00+00:00,2022-04-19 05:00:00+00:00,1.07721,2022-04-20 08:35:00+00:00,1.0828054109554506,sl,0.0027977054777252935,-55.95410955450575,1.6500000000008175,-0.031358082191780795,-57.635467636698344,27.583333333333332,1,0.9102099324678599,-57.635467636698344,-58.46046763669875,-57.927097801081906
EUR_USD,continuation,-1,2022-04-28 01:00:00+00:00,2022-04-28 05:00:00+00:00,1.05176,2022-05-02 05:00:00+00:00,1.05186,timecap,0.0038390550944978974,-0.9999999999998899,1.849999999998797,-0.06271616438356159,-2.9127161643822483,96.0,1,0.9716390521765018,-2.9127161643822483,-3.837716164381647,-3.4959764931493718
EUR_USD,continuation,-1,2022-07-11 09:00:00+00:00,2022-07-11 13:00:00+00:00,1.00811,2022-07-13 13:00:00+00:00,1.00204,timecap,0.004209656553604016,60.700000000000195,1.6499999999997073,0.7212358904109591,59.77123589041145,48.0,1,1.0831486504726284,59.77123589041145,58.94623589041159,59.18797556164432
EUR_USD,continuation,1,2022-07-18 01:00:00+00:00,2022-07-18 05:00:00+00:00,1.00917,2022-07-18 14:15:00+00:00,1.0177019085514238,tp,0.00426595427571202,85.31908551423939,1.40000000000029,0.0,83.9190855142391,9.25,1,0.5457347513731343,83.9190855142391,83.21908551423896,83.9190855142391
EUR_USD,continuation,-1,2022-09-04 21:00:00+00:00,2022-09-05 01:00:00+00:00,0.99156,2022-09-07 01:00:00+00:00,0.98908,timecap,0.004263768224894873,24.800000000000377,1.6999999999994797,0.8780263013698633,23.97802630137076,48.0,1,0.5754311191420828,23.97802630137076,23.128026301371023,23.394765972603636
EUR_USD,continuation,-1,2022-10-07 17:00:00+00:00,2022-10-09 21:00:00+00:00,0.97356,2022-10-11 21:00:00+00:00,0.97036,timecap,0.004954823362790222,31.999999999999805,7.399999999999629,0.8780263013698633,25.47802630137004,48.0,1,0.6768939707100985,25.47802630137004,21.778026301370225,24.894765972602915
EUR_USD,continuation,1,2022-11-04 17:00:00+00:00,2022-11-06 22:00:00+00:00,0.99086,2022-11-07 17:05:00+00:00,1.0008871177948726,tp,0.0050135588974362984,100.27117794872642,3.3999999999995145,0.0,96.87117794872691,19.083333333333332,1,0.8847404665064661,96.87117794872691,95.17117794872715,96.87117794872691
EUR_USD,continuation,1,2022-11-11 02:00:00+00:00,2022-11-11 06:00:00+00:00,1.02189,2022-11-11 16:50:00+00:00,1.0337403096530515,tp,0.005925154826525783,118.5030965305156,1.5500000000001624,0.0,116.95309653051544,10.833333333333334,1,0.8013362068965517,116.95309653051544,116.17809653051536,116.95309653051544
EUR_USD,continuation,1,2022-11-14 18:00:00+00:00,2022-11-14 22:00:00+00:00,1.03282,2022-11-15 10:35:00+00:00,1.0436744496740489,tp,0.005427224837024407,108.54449674048804,5.749999999999922,0.0,102.79449674048811,12.583333333333334,1,0.4757415454695787,102.79449674048811,99.91949674048816,102.79449674048811
EUR_USD,continuation,-1,2022-11-21 02:00:00+00:00,2022-11-21 06:00:00+00:00,1.02828,2022-11-23 06:00:00+00:00,1.03275,timecap,0.00433733129000203,-44.69999999999974,1.4499999999995072,0.8780263013698633,-45.27197369862938,48.0,1,0.618059262313878,-45.27197369862938,-45.996973698629134,-45.855234027396506
EUR_USD,continuation,1,2023-03-23 01:00:00+00:00,2023-03-23 05:00:00+00:00,1.09038,2023-03-23 18:55:00+00:00,1.0832763584699778,sl,0.003551820765011077,-71.03641530022075,1.4999999999987246,0.0,-72.53641530021947,13.916666666666666,1,0.6788985792060812,-72.53641530021947,-73.28641530021883,-72.53641530021947
EUR_USD,continuation,1,2023-03-30 21:00:00+00:00,2023-03-31 01:00:00+00:00,1.09156,2023-03-31 14:55:00+00:00,1.0860497629550956,sl,0.002755118522452235,-55.102370449044976,1.4500000000006175,0.0,-56.5523704490456,13.916666666666666,1,0.4130059473123558,-56.5523704490456,-57.277370449045904,-56.5523704490456
EUR_USD,continuation,1,2023-04-04 21:00:00+00:00,2023-04-05 01:00:00+00:00,1.09607,2023-04-05 17:45:00+00:00,1.0891365479546726,sl,0.0034667260226637873,-69.3345204532747,1.40000000000029,0.0,-70.734520453275,16.75,1,0.3737766223439776,-70.734520453275,-71.43452045327514,-70.734520453275
EUR_USD,continuation,-1,2023-08-01 09:00:00+00:00,2023-08-01 13:00:00+00:00,1.09566,2023-08-01 21:55:00+00:00,1.1018659665701243,sl,0.0031029832850621125,-62.05966570124177,2.2999999999984144,0.28222273972602735,-64.07744296151417,8.916666666666666,1,0.945805810802813,-64.07744296151417,-65.22744296151336,-64.36907312589773
EUR_USD,continuation,-1,2023-08-03 01:00:00+00:00,2023-08-03 05:00:00+00:00,1.09233,2023-08-04 12:40:00+00:00,1.0981455028936182,sl,0.0029077514468090486,-58.15502893618207,1.4999999999998348,0.20382753424657543,-59.45120140193533,31.666666666666668,1,0.8485761714659071,-59.45120140193533,-60.20120140193524,-59.74283156631889
EUR_USD,continuation,1,2023-08-30 21:00:00+00:00,2023-08-31 01:00:00+00:00,1.0933,2023-08-31 08:50:00+00:00,1.0880150684591674,sl,0.0026424657704162374,-52.84931540832538,1.4499999999995072,0.0,-54.29931540832489,7.833333333333333,1,0.31261180841413655,-54.29931540832489,-55.02431540832464,-54.29931540832489
EUR_USD,continuation,-1,2023-09-28 01:00:00+00:00,2023-09-28 05:00:00+00:00,1.05046,2023-09-28 12:30:00+00:00,1.055341512460198,sl,0.002440756230099015,-48.815124601979676,1.4999999999998348,0.0,-50.31512460197951,7.5,1,0.8064425150454073,-50.31512460197951,-51.06512460197943,-50.31512460197951
EUR_USD,continuation,1,2023-11-28 22:00:00+00:00,2023-11-29 02:00:00+00:00,1.10059,2023-11-29 15:20:00+00:00,1.0961628073350043,sl,0.0022135963324978127,-44.27192664995694,1.5500000000001624,0.0,-45.8219266499571,13.333333333333334,1,0.776389258176017,-45.8219266499571,-46.59692664995718,-45.8219266499571
EUR_USD,continuation,1,2024-01-11 06:00:00+00:00,2024-01-11 10:00:00+00:00,1.09636,2024-01-15 10:00:00+00:00,1.09468,timecap,0.0023140128376554314,-16.799999999999038,1.5500000000001624,-1.5240027945205479,-19.874002794519747,96.0,1,1.074445546426683,-19.874002794519747,-20.64900279451983,-20.563880602738926
EUR_USD,continuation,1,2024-02-01 22:00:00+00:00,2024-02-02 02:00:00+00:00,1.08716,2024-02-02 13:35:00+00:00,1.081535104601129,sl,0.002812447699435501,-56.24895398870899,1.4499999999995072,0.0,-57.698953988708496,11.583333333333334,1,0.3645499221445709,-57.698953988708496,-58.42395398870825,-57.698953988708496
EUR_USD,continuation,-1,2024-02-06 06:00:00+00:00,2024-02-06 10:00:00+00:00,1.07292,2024-02-07 13:25:00+00:00,1.0780247694020844,sl,0.002552384701042103,-51.047694020842634,1.5499999999990521,0.1254323287671233,-52.47226169207456,27.416666666666668,1,1.0477040991570084,-52.47226169207456,-53.24726169207408,-52.76389185645812
EUR_USD,continuation,1,2024-02-21 22:00:00+00:00,2024-02-22 02:00:00+00:00,1.08268,2024-02-22 08:15:00+00:00,1.086350854401173,tp,0.0018354272005865198,36.70854401172985,1.4999999999998348,0.0,35.20854401173001,6.25,1,0.5600077978988054,35.20854401173001,34.4585440117301,35.20854401173001
EUR_USD,continuation,-1,2024-03-28 17:00:00+00:00,2024-03-28 21:00:00+00:00,1.07886,2024-04-01 14:05:00+00:00,1.0749804978937234,tp,0.0019397510531383164,38.79502106276522,2.9000000000001247,0.1254323287671233,36.02045339153222,89.08333333333333,1,0.7496579153333794,36.02045339153222,34.57045339153216,35.72882322714866
EUR_USD,continuation,-1,2024-04-12 01:00:00+00:00,2024-04-12 05:00:00+00:00,1.07114,2024-04-12 09:20:00+00:00,1.0665142943223642,tp,0.002312852838817857,46.25705677635761,1.4500000000006175,0.0,44.80705677635699,4.333333333333333,1,0.551827706837733,44.80705677635699,44.08205677635668,44.80705677635699
EUR_USD,continuation,1,2024-07-04 13:00:00+00:00,2024-07-04 17:00:00+00:00,1.08123,2024-07-08 17:00:00+00:00,1.08324,timecap,0.001914000269859091,20.100000000000673,1.5500000000001624,-1.6807932054794523,16.869206794521055,96.0,1,0.6616216646516511,16.869206794521055,16.094206794520975,16.17932898630188
EUR_USD,continuation,-1,2024-07-30 01:00:00+00:00,2024-07-30 05:00:00+00:00,1.08238,2024-08-01 05:00:00+00:00,1.08268,timecap,0.00169988624946661,-3.00000000000189,1.5500000000001624,0.8153101369863017,-3.734689863015751,48.0,1,0.5909108362742737,-3.734689863015751,-4.509689863015832,-4.901210520549998
GBP_JPY,signal,-1,2020-12-23 22:00:00+00:00,2020-12-24 02:00:00+00:00,140.186,2020-12-29 02:00:00+00:00,139.896,timecap,0.6073230805827953,29.000000000002046,3.350000000000364,-1.735623352602739,23.914376647398942,120.0,1,0.44136594130093026,23.914376647398942,22.23937664739876,22.312949136987985
GBP_JPY,signal,-1,2021-02-05 06:00:00+00:00,2021-02-05 10:00:00+00:00,144.394,2021-02-09 10:00:00+00:00,144.108,timecap,0.33800386029509033,28.600000000000136,2.400000000000091,-1.144471632876712,25.055528367123333,96.0,1,1.0363182832659004,25.055528367123333,23.855528367123288,23.987910026849363
GBP_JPY,signal,-1,2021-02-24 22:00:00+00:00,2021-02-25 02:00:00+00:00,149.924,2021-02-25 18:15:00+00:00,149.00760254638573,tp,0.4581987268071443,91.63974536142803,2.349999999998431,0.0,89.2897453614296,16.25,1,0.9145852811540003,89.2897453614296,88.11474536143038,89.2897453614296
GBP_JPY,signal,1,2021-03-21 21:00:00+00:00,2021-03-22 01:00:00+00:00,150.612,2021-03-23 09:50:00+00:00,149.6870977678199,sl,0.4624511160900535,-92.49022321801021,2.1000000000000796,-0.682281165753425,-95.27250438376372,32.833333333333336,1,0.499799851318122,-95.27250438376372,-96.32250438376376,-95.99380703554453
GBP_JPY,signal,1,2021-03-23 21:00:00+00:00,2021-03-24 01:00:00+00:00,149.165,2021-03-25 23:30:00+00:00,150.11301016296895,tp,0.4740050814844756,94.80101629689557,2.349999999998431,-2.7291246630137,89.72189163388343,46.5,1,0.4796733573815478,89.72189163388343,88.54689163388421,86.83668102676015
GBP_JPY,signal,-1,2021-03-28 21:00:00+00:00,2021-03-29 01:00:00+00:00,151.07,2021-03-31 00:35:00+00:00,151.98175001829418,sl,0.45587500914709833,-91.17500182941853,2.4500000000003297,-1.145661312328767,-94.77066314174763,47.583333333333336,1,0.4906517984303506,-94.77066314174763,-95.9956631417478,-95.8382814820216
GBP_JPY,signal,-1,2021-05-13 01:00:00+00:00,2021-05-13 05:00:00+00:00,154.298,2021-05-13 17:30:00+00:00,153.5331359592689,tp,0.3824320203655499,76.4864040731112,2.3000000000010346,0.0,74.18640407311017,12.5,1,0.6592983668031775,74.18640407311017,73.03640407310965,74.18640407311017
GBP_JPY,signal,1,2021-07-15 17:00:00+00:00,2021-07-15 21:00:00+00:00,151.94,2021-07-19 07:05:00+00:00,151.0024378881436,sl,0.468781055928204,-93.75621118564084,8.800000000000807,-0.6697895315068496,-103.2260007171485,82.08333333333333,1,0.6345335768249896,-103.2260007171485,-107.6260007171489,-103.94730336892931
GBP_JPY,signal,1,2021-08-17 01:00:00+00:00,2021-08-17 05:00:00+00:00,151.106,2021-08-17 07:10:00+00:00,150.4785556796866,sl,0.3137221601566991,-62.744432031340125,2.400000000000091,0.0,-65.14443203134022,2.1666666666666665,1,0.6226593046360648,-65.14443203134022,-66.34443203134026,-65.14443203134022
GBP_JPY,signal,1,2021-08-19 17:00:00+00:00,2021-08-19 21:00:00+00:00,149.748,2021-08-23 11:35:00+00:00,150.59888423501343,tp,0.425442117506722,85.08842350134387,8.599999999999852,-0.6710981789041099,75.8173253224399,86.58333333333333,1,0.6596373846291705,75.8173253224399,71.51732532243997,75.09602267065908
GBP_JPY,signal,1,2021-09-21 21:00:00+00:00,2021-09-22 01:00:00+00:00,149.198,2021-09-23 07:05:00+00:00,150.0716810255319,tp,0.43684051276594565,87.36810255318801,2.349999999999852,-2.035422574520549,82.9826799786676,30.083333333333332,1,0.4293355209187859,82.9826799786676,81.80767997866768,80.81877202332514
GBP_JPY,signal,1,2021-11-05 01:00:00+00:00,2021-11-05 05:00:00+00:00,153.416,2021-11-09 06:00:00+00:00,153.109,timecap,0.5416164992164115,-30.699999999998795,2.4999999999991473,-1.3405308065753432,-34.54053080657329,97.0,1,0.6485815315680082,-34.54053080657329,-35.79053080657286,-35.98313611013493
GBP_JPY,signal,1,2021-11-11 14:00:00+00:00,2021-11-11 18:00:00+00:00,152.534,2021-11-15 18:00:00+00:00,153.118,timecap,0.43485933334120075,58.40000000000032,2.2999999999996135,-1.3405308065753432,54.75946919342536,96.0,1,1.0568948508598426,54.75946919342536,53.609469193425554,53.31686388986372
GBP_JPY,signal,-1,2022-01-02 22:00:00+00:00,2022-01-03 02:00:00+00:00,155.738,2022-01-03 15:20:00+00:00,155.06819899194198,tp,0.33490050402900845,66.98010080580161,2.7000000000001023,0.0,64.28010080580151,13.333333333333334,1,0.5672959014706014,64.28010080580151,62.93010080580146,64.28010080580151
GBP_JPY,signal,1,2022-01-14 02:00:00+00:00,2022-01-14 06:00:00+00:00,156.172,2022-01-18 06:00:00+00:00,156.546,timecap,0.431126326884931,37.39999999999952,2.6499999999998636,-1.18587247780822,33.56412752219144,96.0,1,0.7939950742680468,33.56412752219144,32.23912752219151,32.12152221862979
GBP_JPY,signal,-1,2022-02-08 22:00:00+00:00,2022-02-09 02:00:00+00:00,156.482,2022-02-10 13:25:00+00:00,157.24610520535586,sl,0.38205260267792973,-76.4105205355861,5.700000000000216,-2.38286845849315,-84.49338899407947,35.416666666666664,1,0.5403465265768264,-84.49338899407947,-87.34338899407958,-86.09481650449042
GBP_JPY,signal,1,2022-03-06 22:00:00+00:00,2022-03-07 02:00:00+00:00,151.692,2022-03-09 02:00:00+00:00,151.964,timecap,0.6353341663652002,27.199999999999136,2.8500000000008185,-0.7641311120547951,23.585868887943523,48.0,1,1.1131168593621465,23.585868887943523,22.160868887943113,22.143263584381877
GBP_JPY,signal,-1,2022-03-13 21:00:00+00:00,2022-03-14 01:00:00+00:00,153.331,2022-03-15 03:40:00+00:00,154.3599288138453,sl,0.5144644069226536,-102.89288138453117,2.949999999999875,-0.8730462658904107,-106.71592765042145,26.666666666666668,1,0.4451562588707051,-106.71592765042145,-108.19092765042139,-107.24973682055844
GBP_JPY,signal,-1,2022-03-16 05:00:00+00:00,2022-03-16 09:00:00+00:00,154.51,2022-03-16 16:55:00+00:00,155.4829142074649,sl,0.48645710373244877,-97.29142074648962,2.349999999999852,0.0,-99.64142074648947,7.916666666666667,1,1.0743126890890653,-99.64142074648947,-100.8164207464894,-99.64142074648947
GBP_JPY,signal,1,2022-05-09 21:00:00+00:00,2022-05-10 01:00:00+00:00,160.35,2022-05-12 00:00:00+00:00,158.7812521356613,sl,0.7843739321693443,-156.87478643386896,3.5499999999998977,-0.6633652624657548,-161.08815169633462,47.0,1,0.6140490894733324,-161.08815169633462,-162.86315169633457,-163.97336230345792
GBP_JPY,signal,1,2022-06-16 05:00:00+00:00,2022-06-16 09:00:00+00:00,161.582,2022-06-16 16:45:00+00:00,163.5098651730279,tp,0.9639325865139553,192.78651730278966,3.0500000000003524,0.0,189.7365173027893,7.75,1,0.8277734370327184,189.7365173027893,188.21151730278913,189.7365173027893
GBP_JPY,signal,-1,2022-07-18 05:00:00+00:00,2022-07-18 09:00:00+00:00,164.986,2022-07-20 09:00:00+00:00,165.969,timecap,0.6793808335670354,-98.30000000000041,2.8500000000008185,-2.4985647852054793,-103.6485647852067,48.0,1,0.9353415409941712,-103.6485647852067,-105.07356478520711,-104.71618312548068
GBP_JPY,signal,1,2022-07-25 01:00:00+00:00,2022-07-25 05:00:00+00:00,163.223,2022-07-25 11:05:00+00:00,164.53535196210714,tp,0.6561759810535654,131.23519621071296,2.9000000000010573,0.0,128.3351962107119,6.083333333333333,1,0.831152662339908,128.3351962107119,126.88519621071137,128.3351962107119
GBP_JPY,signal,1,2022-08-01 01:00:00+00:00,2022-08-01 05:00:00+00:00,161.539,2022-08-02 05:15:00+00:00,159.982076690045,sl,0.7784616549774872,-155.6923309954982,3.149999999999409,0.2542344989041094,-158.5880964965935,24.25,1,0.9072639449510853,-158.5880964965935,-160.1630964965932,-159.30939914837433
GBP_JPY,signal,-1,2022-08-08 05:00:00+00:00,2022-08-08 09:00:00+00:00,163.306,2022-08-10 09:00:00+00:00,163.258,timecap,0.8310930417659322,4.800000000000182,2.950000000001296,-3.0186926416438356,-1.1686926416449497,48.0,1,0.9831417321986813,-1.1686926416449497,-2.6436926416455977,-2.2363109819189217
GBP_JPY,signal,1,2022-08-15 01:00:00+00:00,2022-08-15 05:00:00+00:00,161.378,2022-08-16 00:20:00+00:00,160.19973921016927,sl,0.5891303949153595,-117.82607898307162,3.0500000000003524,0.2542344989041094,-120.62184448416787,19.333333333333332,1,0.6654734649054708,-120.62184448416787,-122.14684448416804,-121.34314713594868
GBP_JPY,signal,-1,2022-09-06 21:00:00+00:00,2022-09-07 01:00:00+00:00,164.29,2022-09-07 06:00:00+00:00,165.50325619024014,sl,0.6066280951200794,-121.32561902401449,3.0500000000017735,0.0,-124.37561902401626,5.0,1,0.7856589198208022,-124.37561902401626,-125.90061902401715,-124.37561902401626
GBP_JPY,signal,-1,2022-09-09 01:00:00+00:00,2022-09-09 05:00:00+00:00,165.512,2022-09-12 06:35:00+00:00,166.8358337495766,sl,0.6619168747883045,-132.38337495766075,3.0000000000001137,-1.6675142039726025,-137.05088916163348,73.58333333333333,1,1.0521219981983196,-137.05088916163348,-138.55088916163353,-137.58469833177045
GBP_JPY,signal,-1,2022-09-12 13:00:00+00:00,2022-09-12 17:00:00+00:00,166.514,2022-09-13 12:30:00+00:00,167.85273413405466,sl,0.669367067027329,-133.8734134054647,4.000000000000625,-1.6675142039726025,-139.54092760943794,19.5,1,1.0925052836937084,-139.54092760943794,-141.54092760943826,-140.07473677957492
GBP_JPY,signal,1,2022-09-23 05:00:00+00:00,2022-09-23 09:00:00+00:00,159.665,2022-09-23 11:10:00+00:00,157.58600410877818,sl,1.0394979456109004,-207.89958912218083,4.200000000000159,0.0,-212.099589122181,2.1666666666666665,1,1.0654798301273378,-212.099589122181,-214.19958912218107,-212.099589122181
GBP_JPY,signal,-1,2022-10-14 01:00:00+00:00,2022-10-14 05:00:00+00:00,166.916,2022-10-17 14:25:00+00:00,169.2479779754707,sl,1.1659889877353475,-233.19779754706929,4.100000000001103,-1.8636923456164383,-239.16148989268683,81.41666666666667,1,0.8648239010353799,-239.16148989268683,-241.21148989268738,-239.6952990628238
GBP_JPY,signal,1,2022-11-03 21:00:00+00:00,2022-11-04 01:00:00+00:00,165.754,2022-11-07 08:20:00+00:00,167.3315792190433,tp,0.7887896095216542,157.7579219043315,4.099999999999682,1.019733742328767,154.67765564666058,79.33333333333333,1,0.43528810924836236,154.67765564666058,152.62765564666074,153.95635299487978
GBP_JPY,signal,-1,2022-12-06 06:00:00+00:00,2022-12-06 10:00:00+00:00,166.568,2022-12-08 10:00:00+00:00,166.736,timecap,0.7812528031936818,-16.799999999997794,3.299999999998704,-9.86315646520548,-29.963156465201976,48.0,1,1.0847299158248684,-29.963156465201976,-31.613156465201328,-32.098393145749924
GBP_JPY,signal,-1,2022-12-12 06:00:00+00:00,2022-12-12 10:00:00+00:00,167.731,2022-12-12 17:30:00+00:00,168.9973360215994,sl,0.6331680107997038,-126.63360215994146,3.4500000000008413,0.0,-130.0836021599423,7.5,1,1.1189166879497052,-130.0836021599423,-131.80860215994272,-130.0836021599423
GBP_JPY,signal,-1,2023-01-09 02:00:00+00:00,2023-01-09 06:00:00+00:00,160.147,2023-01-11 06:00:00+00:00,160.944,timecap,0.7698808991683099,-79.6999999999997,3.6000000000001364,-5.169038251232876,-88.46903825123272,48.0,1,0.6346273650543508,-88.46903825123272,-90.26903825123279,-89.53665659150668
GBP_JPY,signal,-1,2023-01-11 06:00:00+00:00,2023-01-11 10:00:00+00:00,160.737,2023-01-12 09:35:00+00:00,159.4935537055995,tp,0.6217231472002385,124.3446294400485,2.949999999999875,-7.753557376849313,113.6410720631993,23.583333333333332,1,0.952056715677706,113.6410720631993,112.16607206319937,112.03964455278835
GBP_JPY,signal,-1,2023-01-23 06:00:00+00:00,2023-01-23 10:00:00+00:00,161.08,2023-01-25 10:00:00+00:00,159.854,timecap,0.7763677108934157,122.59999999999991,3.2000000000010687,-5.169038251232876,114.23096174876596,48.0,1,1.0433557904230097,114.23096174876596,112.63096174876543,113.163343408492
GBP_JPY,signal,1,2023-01-31 22:00:00+00:00,2023-02-01 02:00:00+00:00,160.064,2023-02-02 00:25:00+00:00,158.89640177734148,sl,0.5837991113292597,-116.7598222658512,3.4500000000008413,4.833370193835616,-115.37645207201642,22.416666666666668,1,0.4943457471597546,-115.37645207201642,-117.10145207201684,-117.54036002735889
GBP_JPY,signal,1,2023-04-25 17:00:00+00:00,2023-04-25 21:00:00+00:00,166.011,2023-04-27 14:00:00+00:00,167.12762731042858,tp,0.5583136552142974,111.66273104285835,8.750000000000568,5.317510246849315,108.2302412897071,41.0,1,0.836741300714842,108.2302412897071,103.85524128970681,106.06633333436463
GBP_JPY,signal,1,2023-06-07 05:00:00+00:00,2023-06-07 09:00:00+00:00,173.365,2023-06-07 15:35:00+00:00,174.33836833313254,tp,0.4866841665662656,97.33683331325267,2.80000000000058,0.0,94.53683331325209,6.583333333333333,1,1.1144988398627012,94.53683331325209,93.1368333132518,94.53683331325209
GBP_JPY,signal,-1,2023-06-11 21:00:00+00:00,2023-06-12 01:00:00+00:00,175.318,2023-06-12 15:40:00+00:00,174.43515539685825,tp,0.44142230157088164,88.28446031417627,2.750000000001762,0.0,85.53446031417451,14.666666666666666,1,0.4058207800568074,85.53446031417451,84.15946031417363,85.53446031417451
GBP_JPY,signal,-1,2023-06-22 17:00:00+00:00,2023-06-22 21:00:00+00:00,182.336,2023-06-26 21:00:00+00:00,182.426,timecap,0.7011288904119645,-8.999999999997499,14.649999999998897,-6.603434766575344,-30.25343476657174,96.0,1,0.7477356005909386,-30.25343476657174,-37.57843476657119,-31.32105310684571
GBP_JPY,signal,1,2023-07-11 01:00:00+00:00,2023-07-11 05:00:00+00:00,181.278,2023-07-12 12:30:00+00:00,179.98108905656892,sl,0.6484554717155399,-129.69109434310724,2.6499999999998636,2.2387387928767124,-130.10235555023039,31.5,1,0.8871662084350885,-130.10235555023039,-131.42735555023032,-130.82365820201122
GBP_JPY,signal,1,2023-08-25 01:00:00+00:00,2023-08-25 05:00:00+00:00,183.484,2023-08-28 01:20:00+00:00,184.5713891448488,tp,0.543694572424396,108.73891448487996,3.15000000000083,2.3866754327397257,107.97558991761885,68.33333333333333,1,0.7930994333617946,107.97558991761885,106.40058991761843,107.25428726583803
GBP_JPY,signal,1,2023-09-10 21:00:00+00:00,2023-09-11 01:00:00+00:00,183.506,2023-09-13 01:00:00+00:00,184.046,timecap,0.5323360571668047,53.999999999999204,3.2499999999998863,4.790601217534246,55.54060121753356,48.0,1,0.6510315385798142,55.54060121753356,53.91560121753362,54.09799591397192
GBP_JPY,signal,1,2023-09-21 01:00:00+00:00,2023-09-21 05:00:00+00:00,182.762,2023-09-21 10:05:00+00:00,181.91034613853282,sl,0.42582693073358757,-85.16538614671845,2.899999999999636,0.0,-88.06538614671808,5.083333333333333,1,0.9500887109038374,-88.06538614671808,-89.5153861467179,-88.06538614671808
GBP_JPY,signal,1,2023-09-26 21:00:00+00:00,2023-09-27 01:00:00+00:00,180.968,2023-09-28 08:15:00+00:00,181.79549938360634,tp,0.4137496918031756,82.74993836063516,2.8499999999993975,7.18590182630137,87.08584018693713,31.25,1,0.4126011891969339,87.08584018693713,85.66084018693743,84.92193223159467
GBP_JPY,signal,1,2023-10-13 17:00:00+00:00,2023-10-15 21:00:00+00:00,181.352,2023-10-16 14:40:00+00:00,182.40206079661715,tp,0.5250303983085689,105.00607966171458,20.8500000000015,0.0,84.15607966171308,17.666666666666668,1,0.7763447857888592,84.15607966171308,73.73107966171233,84.15607966171308
GBP_JPY,signal,1,2023-10-27 17:00:00+00:00,2023-10-29 21:00:00+00:00,181.271,2023-10-31 03:30:00+00:00,182.20650959998852,tp,0.46775479999426317,93.5509599988535,24.250000000000682,2.376087285616438,71.67704728446925,30.5,1,1.0878855976905415,71.67704728446925,59.55204728446891,70.95574463268844
GBP_JPY,signal,-1,2023-11-14 22:00:00+00:00,2023-11-15 02:00:00+00:00,187.988,2023-11-16 15:45:00+00:00,187.07906879067966,tp,0.4544656046601698,90.89312093203432,2.8499999999993975,-10.88538853438356,77.15773239765136,37.75,1,0.6258089739647981,77.15773239765136,75.73273239765166,75.5563048872404
GBP_JPY,signal,1,2023-11-21 02:00:00+00:00,2023-11-21 06:00:00+00:00,185.124,2023-11-22 05:30:00+00:00,186.24364739782038,tp,0.5598236989101932,111.96473978203869,3.4000000000006025,2.373351022876712,110.93809080491481,23.5,1,0.817191901793925,110.93809080491481,109.2380908049145,110.21678815313398
GBP_JPY,signal,-1,2023-11-23 14:00:00+00:00,2023-11-23 18:00:00+00:00,187.498,2023-11-24 15:10:00+00:00,188.58136149828877,sl,0.54168074914439,-108.33614982887809,3.2000000000010687,-3.62846284479452,-115.16461267367369,21.166666666666668,1,0.642685589732302,-115.16461267367369,-116.76461267367422,-115.69842184381066
GBP_JPY,signal,1,2023-12-04 10:00:00+00:00,2023-12-04 14:00:00+00:00,185.624,2023-12-06 14:00:00+00:00,185.306,timecap,0.5297242875782632,-31.799999999998363,2.949999999999875,4.742538167671233,-30.007461832327003,48.0,1,1.1169454480020973,-30.007461832327003,-31.48246183232694,-31.45006713588865
GBP_JPY,signal,1,2023-12-13 22:00:00+00:00,2023-12-14 02:00:00+00:00,179.904,2023-12-14 03:40:00+00:00,178.3754994541377,sl,0.7642502729311476,-152.85005458623004,3.5499999999998977,0.0,-156.40005458622994,1.6666666666666667,1,1.044471155739629,-156.40005458622994,-158.1750545862299,-156.40005458622994
GBP_JPY,signal,-1,2024-01-04 22:00:00+00:00,2024-01-05 02:00:00+00:00,183.732,2024-01-09 02:00:00+00:00,183.094,timecap,0.6467498755727805,63.80000000000052,3.4000000000006025,-7.255736010136986,53.144263989862935,96.0,1,0.5274165652928615,53.144263989862935,51.444263989862634,52.07664564958896
GBP_JPY,signal,-1,2024-02-23 02:00:00+00:00,2024-02-23 06:00:00+00:00,190.693,2024-02-27 06:00:00+00:00,190.862,timecap,0.3751916720581614,-16.899999999998272,3.0500000000003524,-7.247170318082191,-27.197170318080815,96.0,1,0.5267567679094609,-27.197170318080815,-28.72217031808099,-28.26478865835479
GBP_JPY,signal,1,2024-03-06 22:00:00+00:00,2024-03-07 02:00:00+00:00,189.196,2024-03-07 09:20:00+00:00,188.26199544932845,sl,0.4670022753357746,-93.40045506715455,3.1999999999996476,0.0,-96.6004550671542,7.333333333333333,1,0.8817991541701479,-96.6004550671542,-98.20045506715402,-96.6004550671542
GBP_JPY,signal,1,2024-04-22 13:00:00+00:00,2024-04-22 17:00:00+00:00,191.131,2024-04-23 13:55:00+00:00,192.463847904182,tp,0.6664239520909995,133.2847904181989,2.80000000000058,2.3248121012328764,132.8096025194312,20.916666666666668,1,1.0041683182242453,132.8096025194312,131.4096025194309,132.08829986765036
GBP_JPY,signal,-1,2024-05-24 09:00:00+00:00,2024-05-24 13:00:00+00:00,199.778,2024-05-28 13:00:00+00:00,200.43,timecap,0.4358476183635555,-65.20000000000152,2.7000000000001023,-7.162346173150685,-75.0623461731523,96.0,1,1.1556626880183967,-75.0623461731523,-76.41234617315236,-76.12996451342629
GBP_JPY,signal,1,2024-06-14 13:00:00+00:00,2024-06-14 17:00:00+00:00,199.581,2024-06-18 17:00:00+00:00,200.334,timecap,0.7279775884817007,75.30000000000143,2.9999999999986926,4.6521225293150685,76.9521225293178,96.0,1,1.1514135581583074,76.9521225293178,75.45212252931846,75.50951722575617
GBP_JPY,signal,1,2024-07-23 01:00:00+00:00,2024-07-23 05:00:00+00:00,202.074,2024-07-23 19:15:00+00:00,200.7572773414183,sl,0.6583613292908504,-131.67226585817104,3.350000000000364,0.0,-135.0222658581714,14.25,1,0.9565308374876383,-135.0222658581714,-136.6972658581716,-135.0222658581714
GBP_JPY,signal,-1,2024-08-13 05:00:00+00:00,2024-08-13 09:00:00+00:00,189.212,2024-08-15 09:00:00+00:00,189.238,timecap,1.0937450624540261,-2.600000000001046,3.2000000000010687,-13.372948784657535,-19.17294878465965,48.0,1,0.856323712939748,-19.17294878465965,-20.772948784660183,-21.308185465207593
GBP_JPY,signal,-1,2024-08-23 09:00:00+00:00,2024-08-23 13:00:00+00:00,191.502,2024-08-25 23:05:00+00:00,189.7772255260729,tp,0.8623872369635563,172.47744739271127,3.5500000000013188,-3.3432371961643836,165.58421019654557,58.083333333333336,1,0.9708087587923999,165.58421019654557,163.8092101965449,165.0504010264086
GBP_JPY,signal,1,2024-09-08 21:00:00+00:00,2024-09-09 01:00:00+00:00,187.368,2024-09-11 01:00:00+00:00,186.008,timecap,0.9956282469153817,-135.99999999999852,3.50000000000108,4.176250748493151,-135.32374925150646,48.0,1,0.5172783453146677,-135.32374925150646,-137.073749251507,-136.7663545550681
GBP_JPY,signal,1,2024-09-16 05:00:00+00:00,2024-09-16 09:00:00+00:00,184.444,2024-09-16 23:05:00+00:00,186.12810459882317,tp,0.8420522994115845,168.41045988231826,3.8000000000010914,2.0881253742465753,166.69858525656375,14.083333333333334,1,0.9677433168820324,166.69858525656375,164.7985852565632,165.9772826047829
GBP_JPY,signal,-1,2024-09-20 17:00:00+00:00,2024-09-22 21:00:00+00:00,191.683,2024-09-24 21:00:00+00:00,192.111,timecap,0.9935720250375897,-42.79999999999973,32.94999999999959,-6.686474392328767,-82.43647439232808,48.0,1,1.0382428976972549,-82.43647439232808,-98.91147439232788,-83.50409273260206
GBP_JPY,coin,-1,2020-12-23 22:00:00+00:00,2020-12-24 02:00:00+00:00,140.186,2020-12-29 02:00:00+00:00,139.896,timecap,0.6073230805827953,29.000000000002046,3.350000000000364,-1.735623352602739,23.914376647398942,120.0,1,0.44136594130093026,23.914376647398942,22.23937664739876,22.312949136987985
GBP_JPY,coin,-1,2021-02-05 06:00:00+00:00,2021-02-05 10:00:00+00:00,144.394,2021-02-09 10:00:00+00:00,144.108,timecap,0.33800386029509033,28.600000000000136,2.400000000000091,-1.144471632876712,25.055528367123333,96.0,1,1.0363182832659004,25.055528367123333,23.855528367123288,23.987910026849363
GBP_JPY,coin,1,2021-02-24 22:00:00+00:00,2021-02-25 02:00:00+00:00,149.924,2021-02-25 18:15:00+00:00,149.00760254638573,sl,0.4581987268071443,-91.63974536142803,2.349999999998431,0.0,-93.98974536142646,16.25,1,0.9145852811540003,-93.98974536142646,-95.16474536142567,-93.98974536142646
GBP_JPY,coin,-1,2021-03-21 21:00:00+00:00,2021-03-22 01:00:00+00:00,150.612,2021-03-23 09:50:00+00:00,149.6870977678199,tp,0.4624511160900535,92.49022321801021,2.1000000000000796,-0.5728306561643834,89.81739256184575,32.833333333333336,1,0.499799851318122,89.81739256184575,88.76739256184571,89.28358339170876
GBP_JPY,coin,-1,2021-03-23 21:00:00+00:00,2021-03-24 01:00:00+00:00,149.165,2021-03-25 23:30:00+00:00,150.11301016296895,sl,0.4740050814844756,-94.80101629689557,2.349999999998431,-2.291322624657534,-99.44233892155154,46.5,1,0.4796733573815478,-99.44233892155154,-100.61733892155075,-101.57757560209947
GBP_JPY,coin,1,2021-03-28 21:00:00+00:00,2021-03-29 01:00:00+00:00,151.07,2021-03-31 00:35:00+00:00,151.98175001829418,tp,0.45587500914709833,91.17500182941853,2.4500000000003297,-1.36456233150685,87.36043949791136,47.583333333333336,1,0.4906517984303506,87.36043949791136,86.1354394979112,85.91783419434971
GBP_JPY,coin,-1,2021-05-13 01:00:00+00:00,2021-05-13 05:00:00+00:00,154.298,2021-05-13 17:30:00+00:00,153.5331359592689,tp,0.3824320203655499,76.4864040731112,2.3000000000010346,0.0,74.18640407311017,12.5,1,0.6592983668031775,74.18640407311017,73.03640407310965,74.18640407311017
GBP_JPY,coin,1,2021-07-15 17:00:00+00:00,2021-07-15 21:00:00+00:00,151.94,2021-07-19 07:05:00+00:00,151.0024378881436,sl,0.468781055928204,-93.75621118564084,8.800000000000807,-0.6697895315068496,-103.2260007171485,82.08333333333333,1,0.6345335768249896,-103.2260007171485,-107.6260007171489,-103.94730336892931
GBP_JPY,coin,1,2021-08-17 01:00:00+00:00,2021-08-17 05:00:00+00:00,151.106,2021-08-17 07:10:00+00:00,150.4785556796866,sl,0.3137221601566991,-62.744432031340125,2.400000000000091,0.0,-65.14443203134022,2.1666666666666665,1,0.6226593046360648,-65.14443203134022,-66.34443203134026,-65.14443203134022
GBP_JPY,coin,1,2021-08-19 17:00:00+00:00,2021-08-19 21:00:00+00:00,149.748,2021-08-23 11:35:00+00:00,150.59888423501343,tp,0.425442117506722,85.08842350134387,8.599999999999852,-0.6710981789041099,75.8173253224399,86.58333333333333,1,0.6596373846291705,75.8173253224399,71.51732532243997,75.09602267065908
GBP_JPY,coin,1,2021-09-21 21:00:00+00:00,2021-09-22 01:00:00+00:00,149.198,2021-09-23 07:05:00+00:00,150.0716810255319,tp,0.43684051276594565,87.36810255318801,2.349999999999852,-2.035422574520549,82.9826799786676,30.083333333333332,1,0.4293355209187859,82.9826799786676,81.80767997866768,80.81877202332514
GBP_JPY,coin,1,2021-11-05 01:00:00+00:00,2021-11-05 05:00:00+00:00,153.416,2021-11-09 06:00:00+00:00,153.109,timecap,0.5416164992164115,-30.699999999998795,2.4999999999991473,-1.3405308065753432,-34.54053080657329,97.0,1,0.6485815315680082,-34.54053080657329,-35.79053080657286,-35.98313611013493
GBP_JPY,coin,1,2021-11-11 14:00:00+00:00,2021-11-11 18:00:00+00:00,152.534,2021-11-15 18:00:00+00:00,153.118,timecap,0.43485933334120075,58.40000000000032,2.2999999999996135,-1.3405308065753432,54.75946919342536,96.0,1,1.0568948508598426,54.75946919342536,53.609469193425554,53.31686388986372
GBP_JPY,coin,-1,2022-01-02 22:00:00+00:00,2022-01-03 02:00:00+00:00,155.738,2022-01-03 15:20:00+00:00,155.06819899194198,tp,0.33490050402900845,66.98010080580161,2.7000000000001023,0.0,64.28010080580151,13.333333333333334,1,0.5672959014706014,64.28010080580151,62.93010080580146,64.28010080580151
GBP_JPY,coin,-1,2022-01-14 02:00:00+00:00,2022-01-14 06:00:00+00:00,156.172,2022-01-18 06:00:00+00:00,156.546,timecap,0.431126326884931,-37.39999999999952,2.6499999999998636,-1.3243511660273968,-41.374351166026784,96.0,1,0.7939950742680468,-41.374351166026784,-42.699351166026716,-42.44196950630076
GBP_JPY,coin,-1,2022-02-08 22:00:00+00:00,2022-02-09 02:00:00+00:00,156.482,2022-02-10 13:25:00+00:00,157.24610520535586,sl,0.38205260267792973,-76.4105205355861,5.700000000000216,-2.38286845849315,-84.49338899407947,35.416666666666664,1,0.5403465265768264,-84.49338899407947,-87.34338899407958,-86.09481650449042
GBP_JPY,coin,-1,2022-03-06 22:00:00+00:00,2022-03-07 02:00:00+00:00,151.692,2022-03-09 02:00:00+00:00,151.964,timecap,0.6353341663652002,-27.199999999999136,2.8500000000008185,-1.7460925317808214,-31.796092531780776,48.0,1,1.1131168593621465,-31.796092531780776,-33.22109253178119,-32.863710872054746
GBP_JPY,coin,-1,2022-03-13 21:00:00+00:00,2022-03-14 01:00:00+00:00,153.331,2022-03-15 03:40:00+00:00,154.3599288138453,sl,0.5144644069226536,-102.89288138453117,2.949999999999875,-0.8730462658904107,-106.71592765042145,26.666666666666668,1,0.4451562588707051,-106.71592765042145,-108.19092765042139,-107.24973682055844
GBP_JPY,coin,1,2022-03-16 05:00:00+00:00,2022-03-16 09:00:00+00:00,154.51,2022-03-16 16:55:00+00:00,155.4829142074649,tp,0.48645710373244877,97.29142074648962,2.349999999999852,0.0,94.94142074648977,7.916666666666667,1,1.0743126890890653,94.94142074648977,93.76642074648984,94.94142074648977
GBP_JPY,coin,1,2022-05-09 21:00:00+00:00,2022-05-10 01:00:00+00:00,160.35,2022-05-12 00:00:00+00:00,158.7812521356613,sl,0.7843739321693443,-156.87478643386896,3.5499999999998977,-0.6633652624657548,-161.08815169633462,47.0,1,0.6140490894733324,-161.08815169633462,-162.86315169633457,-163.97336230345792
GBP_JPY,coin,1,2022-06-16 05:00:00+00:00,2022-06-16 09:00:00+00:00,161.582,2022-06-16 16:45:00+00:00,163.5098651730279,tp,0.9639325865139553,192.78651730278966,3.0500000000003524,0.0,189.7365173027893,7.75,1,0.8277734370327184,189.7365173027893,188.21151730278913,189.7365173027893
GBP_JPY,coin,1,2022-07-18 05:00:00+00:00,2022-07-18 09:00:00+00:00,164.986,2022-07-20 09:00:00+00:00,165.969,timecap,0.6793808335670354,98.30000000000041,2.8500000000008185,-0.011658858630137502,95.43834114136945,48.0,1,0.9353415409941712,95.43834114136945,94.01334114136904,93.99573583780781
GBP_JPY,coin,-1,2022-07-25 01:00:00+00:00,2022-07-25 05:00:00+00:00,163.223,2022-07-25 11:05:00+00:00,164.53535196210714,sl,0.6561759810535654,-131.23519621071296,2.9000000000010573,0.0,-134.135196210714,6.083333333333333,1,0.831152662339908,-134.135196210714,-135.58519621071454,-134.135196210714
GBP_JPY,coin,1,2022-08-01 01:00:00+00:00,2022-08-01 05:00:00+00:00,161.539,2022-08-02 05:15:00+00:00,159.982076690045,sl,0.7784616549774872,-155.6923309954982,3.149999999999409,0.2542344989041094,-158.5880964965935,24.25,1,0.9072639449510853,-158.5880964965935,-160.1630964965932,-159.30939914837433
GBP_JPY,coin,-1,2022-08-08 05:00:00+00:00,2022-08-08 09:00:00+00:00,163.306,2022-08-10 09:00:00+00:00,163.258,timecap,0.8310930417659322,4.800000000000182,2.950000000001296,-3.0186926416438356,-1.1686926416449497,48.0,1,0.9831417321986813,-1.1686926416449497,-2.6436926416455977,-2.2363109819189217
GBP_JPY,coin,-1,2022-08-15 01:00:00+00:00,2022-08-15 05:00:00+00:00,161.378,2022-08-16 00:20:00+00:00,160.19973921016927,tp,0.5891303949153595,117.82607898307162,3.0500000000003524,-1.5093463208219178,113.26673266224935,19.333333333333332,1,0.6654734649054708,113.26673266224935,111.74173266224918,112.73292349211236
GBP_JPY,coin,1,2022-09-06 21:00:00+00:00,2022-09-07 01:00:00+00:00,164.29,2022-09-07 06:00:00+00:00,165.50325619024014,tp,0.6066280951200794,121.32561902401449,3.0500000000017735,0.0,118.27561902401271,5.0,1,0.7856589198208022,118.27561902401271,116.75061902401183,118.27561902401271
GBP_JPY,coin,-1,2022-09-09 01:00:00+00:00,2022-09-09 05:00:00+00:00,165.512,2022-09-12 06:35:00+00:00,166.8358337495766,sl,0.6619168747883045,-132.38337495766075,3.0000000000001137,-1.6675142039726025,-137.05088916163348,73.58333333333333,1,1.0521219981983196,-137.05088916163348,-138.55088916163353,-137.58469833177045
GBP_JPY,coin,1,2022-09-12 13:00:00+00:00,2022-09-12 17:00:00+00:00,166.514,2022-09-13 12:30:00+00:00,167.85273413405466,tp,0.669367067027329,133.8734134054647,4.000000000000625,0.41240238205479424,130.28581578751889,19.5,1,1.0925052836937084,130.28581578751889,128.28581578751857,129.56451313573805
GBP_JPY,coin,1,2022-09-23 05:00:00+00:00,2022-09-23 09:00:00+00:00,159.665,2022-09-23 11:10:00+00:00,157.58600410877818,sl,1.0394979456109004,-207.89958912218083,4.200000000000159,0.0,-212.099589122181,2.1666666666666665,1,1.0654798301273378,-212.099589122181,-214.19958912218107,-212.099589122181
GBP_JPY,coin,1,2022-10-14 01:00:00+00:00,2022-10-14 05:00:00+00:00,166.916,2022-10-17 14:25:00+00:00,169.2479779754707,tp,1.1659889877353475,233.19779754706929,4.100000000001103,0.60858052369863,229.70637807076682,81.41666666666667,1,0.8648239010353799,229.70637807076682,227.65637807076627,228.98507541898599
GBP_JPY,coin,-1,2022-11-03 21:00:00+00:00,2022-11-04 01:00:00+00:00,165.754,2022-11-07 08:20:00+00:00,167.3315792190433,sl,0.7887896095216542,-157.7579219043315,4.099999999999682,-2.2748455642465757,-164.13276746857775,79.33333333333333,1,0.43528810924836236,-164.13276746857775,-166.1827674685776,-164.66657663871476
GBP_JPY,coin,-1,2022-12-06 06:00:00+00:00,2022-12-06 10:00:00+00:00,166.568,2022-12-08 10:00:00+00:00,166.736,timecap,0.7812528031936818,-16.799999999997794,3.299999999998704,-9.86315646520548,-29.963156465201976,48.0,1,1.0847299158248684,-29.963156465201976,-31.613156465201328,-32.098393145749924
GBP_JPY,coin,1,2022-12-12 06:00:00+00:00,2022-12-12 10:00:00+00:00,167.731,2022-12-12 17:30:00+00:00,168.9973360215994,tp,0.6331680107997038,126.63360215994146,3.4500000000008413,0.0,123.18360215994062,7.5,1,1.1189166879497052,123.18360215994062,121.4586021599402,123.18360215994062
GBP_JPY,coin,1,2023-01-09 02:00:00+00:00,2023-01-09 06:00:00+00:00,160.147,2023-01-11 06:00:00+00:00,160.944,timecap,0.7698808991683099,79.6999999999997,3.6000000000001364,2.6588146073972596,78.75881460739683,48.0,1,0.6346273650543508,78.75881460739683,76.95881460739676,77.31620930383518
GBP_JPY,coin,-1,2023-01-11 06:00:00+00:00,2023-01-11 10:00:00+00:00,160.737,2023-01-12 09:35:00+00:00,159.4935537055995,tp,0.6217231472002385,124.3446294400485,2.949999999999875,-7.753557376849313,113.6410720631993,23.583333333333332,1,0.952056715677706,113.6410720631993,112.16607206319937,112.03964455278835
GBP_JPY,coin,1,2023-01-23 06:00:00+00:00,2023-01-23 10:00:00+00:00,161.08,2023-01-25 10:00:00+00:00,159.854,timecap,0.7763677108934157,-122.59999999999991,3.2000000000010687,2.6588146073972596,-123.14118539260372,48.0,1,1.0433557904230097,-123.14118539260372,-124.74118539260425,-124.58379069616537
GBP_JPY,coin,1,2023-01-31 22:00:00+00:00,2023-02-01 02:00:00+00:00,160.064,2023-02-02 00:25:00+00:00,158.89640177734148,sl,0.5837991113292597,-116.7598222658512,3.4500000000008413,4.833370193835616,-115.37645207201642,22.416666666666668,1,0.4943457471597546,-115.37645207201642,-117.10145207201684,-117.54036002735889
GBP_JPY,coin,1,2023-04-25 17:00:00+00:00,2023-04-25 21:00:00+00:00,166.011,2023-04-27 14:00:00+00:00,167.12762731042858,tp,0.5583136552142974,111.66273104285835,8.750000000000568,5.317510246849315,108.2302412897071,41.0,1,0.836741300714842,108.2302412897071,103.85524128970681,106.06633333436463
GBP_JPY,coin,1,2023-06-07 05:00:00+00:00,2023-06-07 09:00:00+00:00,173.365,2023-06-07 15:35:00+00:00,174.33836833313254,tp,0.4866841665662656,97.33683331325267,2.80000000000058,0.0,94.53683331325209,6.583333333333333,1,1.1144988398627012,94.53683331325209,93.1368333132518,94.53683331325209
GBP_JPY,coin,-1,2023-06-11 21:00:00+00:00,2023-06-12 01:00:00+00:00,175.318,2023-06-12 15:40:00+00:00,174.43515539685825,tp,0.44142230157088164,88.28446031417627,2.750000000001762,0.0,85.53446031417451,14.666666666666666,1,0.4058207800568074,85.53446031417451,84.15946031417363,85.53446031417451
GBP_JPY,coin,1,2023-06-22 17:00:00+00:00,2023-06-22 21:00:00+00:00,182.336,2023-06-26 21:00:00+00:00,182.426,timecap,0.7011288904119645,8.999999999997499,14.649999999998897,4.093211122739726,-1.5567888772616723,96.0,1,0.7477356005909386,-1.5567888772616723,-8.88178887726112,-2.999394180823317
GBP_JPY,coin,-1,2023-07-11 01:00:00+00:00,2023-07-11 05:00:00+00:00,181.278,2023-07-12 12:30:00+00:00,179.98108905656892,tp,0.6484554717155399,129.69109434310724,2.6499999999998636,-3.4938506147945207,123.54724372831285,31.5,1,0.8871662084350885,123.54724372831285,122.22224372831292,123.01343455817587
GBP_JPY,coin,1,2023-08-25 01:00:00+00:00,2023-08-25 05:00:00+00:00,183.484,2023-08-28 01:20:00+00:00,184.5713891448488,tp,0.543694572424396,108.73891448487996,3.15000000000083,2.3866754327397257,107.97558991761885,68.33333333333333,1,0.7930994333617946,107.97558991761885,106.40058991761843,107.25428726583803
GBP_JPY,coin,-1,2023-09-10 21:00:00+00:00,2023-09-11 01:00:00+00:00,183.506,2023-09-13 01:00:00+00:00,184.046,timecap,0.5323360571668047,-53.999999999999204,3.2499999999998863,-7.300824861369862,-64.55082486136895,48.0,1,0.6510315385798142,-64.55082486136895,-66.1758248613689,-65.61844320164292
GBP_JPY,coin,-1,2023-09-21 01:00:00+00:00,2023-09-21 05:00:00+00:00,182.762,2023-09-21 10:05:00+00:00,181.91034613853282,tp,0.42582693073358757,85.16538614671845,2.899999999999636,0.0,82.26538614671881,5.083333333333333,1,0.9500887109038374,82.26538614671881,80.81538614671899,82.26538614671881
GBP_JPY,coin,1,2023-09-26 21:00:00+00:00,2023-09-27 01:00:00+00:00,180.968,2023-09-28 08:15:00+00:00,181.79549938360634,tp,0.4137496918031756,82.74993836063516,2.8499999999993975,7.18590182630137,87.08584018693713,31.25,1,0.4126011891969339,87.08584018693713,85.66084018693743,84.92193223159467
GBP_JPY,coin,-1,2023-10-13 17:00:00+00:00,2023-10-15 21:00:00+00:00,181.352,2023-10-16 14:40:00+00:00,182.40206079661715,sl,0.5250303983085689,-105.00607966171458,20.8500000000015,0.0,-125.85607966171608,17.666666666666668,1,0.7763447857888592,-125.85607966171608,-136.28107966171683,-125.85607966171608
GBP_JPY,coin,-1,2023-10-27 17:00:00+00:00,2023-10-29 21:00:00+00:00,181.271,2023-10-31 03:30:00+00:00,182.20650959998852,sl,0.46775479999426317,-93.5509599988535,24.250000000000682,-3.6311991075342465,-121.43215910638843,30.5,1,1.0878855976905415,-121.43215910638843,-133.55715910638878,-121.96596827652542
GBP_JPY,coin,-1,2023-11-14 22:00:00+00:00,2023-11-15 02:00:00+00:00,187.988,2023-11-16 15:45:00+00:00,187.07906879067966,tp,0.4544656046601698,90.89312093203432,2.8499999999993975,-10.88538853438356,77.15773239765136,37.75,1,0.6258089739647981,77.15773239765136,75.73273239765166,75.5563048872404
GBP_JPY,coin,1,2023-11-21 02:00:00+00:00,2023-11-21 06:00:00+00:00,185.124,2023-11-22 05:30:00+00:00,186.24364739782038,tp,0.5598236989101932,111.96473978203869,3.4000000000006025,2.373351022876712,110.93809080491481,23.5,1,0.817191901793925,110.93809080491481,109.2380908049145,110.21678815313398
GBP_JPY,coin,1,2023-11-23 14:00:00+00:00,2023-11-23 18:00:00+00:00,187.498,2023-11-24 15:10:00+00:00,188.58136149828877,tp,0.54168074914439,108.33614982887809,3.2000000000010687,2.373351022876712,107.50950085175374,21.166666666666668,1,0.642685589732302,107.50950085175374,105.90950085175321,106.78819819997291
GBP_JPY,coin,1,2023-12-04 10:00:00+00:00,2023-12-04 14:00:00+00:00,185.624,2023-12-06 14:00:00+00:00,185.306,timecap,0.5297242875782632,-31.799999999998363,2.949999999999875,4.742538167671233,-30.007461832327003,48.0,1,1.1169454480020973,-30.007461832327003,-31.48246183232694,-31.45006713588865
GBP_JPY,coin,1,2023-12-13 22:00:00+00:00,2023-12-14 02:00:00+00:00,179.904,2023-12-14 03:40:00+00:00,178.3754994541377,sl,0.7642502729311476,-152.85005458623004,3.5499999999998977,0.0,-156.40005458622994,1.6666666666666667,1,1.044471155739629,-156.40005458622994,-158.1750545862299,-156.40005458622994
GBP_JPY,coin,1,2024-01-04 22:00:00+00:00,2024-01-05 02:00:00+00:00,183.732,2024-01-09 02:00:00+00:00,183.094,timecap,0.6467498755727805,-63.80000000000052,3.4000000000006025,4.745512366301369,-62.454487633699756,96.0,1,0.5274165652928615,-62.454487633699756,-64.15448763370006,-63.8970929372614
GBP_JPY,coin,-1,2024-02-23 02:00:00+00:00,2024-02-23 06:00:00+00:00,190.693,2024-02-27 06:00:00+00:00,190.862,timecap,0.3751916720581614,-16.899999999998272,3.0500000000003524,-7.247170318082191,-27.197170318080815,96.0,1,0.5267567679094609,-27.197170318080815,-28.72217031808099,-28.26478865835479
GBP_JPY,coin,-1,2024-03-06 22:00:00+00:00,2024-03-07 02:00:00+00:00,189.196,2024-03-07 09:20:00+00:00,188.26199544932845,tp,0.4670022753357746,93.40045506715455,3.1999999999996476,0.0,90.2004550671549,7.333333333333333,1,0.8817991541701479,90.2004550671549,88.60045506715508,90.2004550671549
GBP_JPY,coin,-1,2024-04-22 13:00:00+00:00,2024-04-22 17:00:00+00:00,191.131,2024-04-23 13:55:00+00:00,192.463847904182,sl,0.6664239520909995,-133.2847904181989,2.80000000000058,-3.5799239231506848,-139.66471434135016,20.916666666666668,1,1.0041683182242453,-139.66471434135016,-141.06471434135045,-140.19852351148714
GBP_JPY,coin,1,2024-05-24 09:00:00+00:00,2024-05-24 13:00:00+00:00,199.778,2024-05-28 13:00:00+00:00,200.43,timecap,0.4358476183635555,65.20000000000152,2.7000000000001023,4.6521225293150685,67.15212252931649,96.0,1,1.1556626880183967,67.15212252931649,65.80212252931643,65.70951722575485
GBP_JPY,coin,1,2024-06-14 13:00:00+00:00,2024-06-14 17:00:00+00:00,199.581,2024-06-18 17:00:00+00:00,200.334,timecap,0.7279775884817007,75.30000000000143,2.9999999999986926,4.6521225293150685,76.9521225293178,96.0,1,1.1514135581583074,76.9521225293178,75.45212252931846,75.50951722575617
GBP_JPY,coin,-1,2024-07-23 01:00:00+00:00,2024-07-23 05:00:00+00:00,202.074,2024-07-23 19:15:00+00:00,200.7572773414183,tp,0.6583613292908504,131.67226585817104,3.350000000000364,0.0,128.32226585817068,14.25,1,0.9565308374876383,128.32226585817068,126.6472658581705,128.32226585817068
GBP_JPY,coin,1,2024-08-13 05:00:00+00:00,2024-08-13 09:00:00+00:00,189.212,2024-08-15 09:00:00+00:00,189.238,timecap,1.0937450624540261,2.600000000001046,3.2000000000010687,8.352501496986301,7.752501496986278,48.0,1,0.856323712939748,7.752501496986278,6.152501496985744,4.867290889862989
GBP_JPY,coin,1,2024-08-23 09:00:00+00:00,2024-08-23 13:00:00+00:00,191.502,2024-08-25 23:05:00+00:00,189.7772255260729,sl,0.8623872369635563,-172.47744739271127,3.5500000000013188,2.0881253742465753,-173.93932201846602,58.083333333333336,1,0.9708087587923999,-173.93932201846602,-175.71432201846667,-174.66062467024685
GBP_JPY,coin,-1,2024-09-08 21:00:00+00:00,2024-09-09 01:00:00+00:00,187.368,2024-09-11 01:00:00+00:00,186.008,timecap,0.9956282469153817,135.99999999999852,3.50000000000108,-6.686474392328767,125.81352560766868,48.0,1,0.5172783453146677,125.81352560766868,124.06352560766814,124.7459072673947
GBP_JPY,coin,-1,2024-09-16 05:00:00+00:00,2024-09-16 09:00:00+00:00,184.444,2024-09-16 23:05:00+00:00,186.12810459882317,sl,0.8420522994115845,-168.41045988231826,3.8000000000010914,-3.3432371961643836,-175.55369707848374,14.083333333333334,1,0.9677433168820324,-175.55369707848374,-177.45369707848428,-176.0875062486207
GBP_JPY,coin,-1,2024-09-20 17:00:00+00:00,2024-09-22 21:00:00+00:00,191.683,2024-09-24 21:00:00+00:00,192.111,timecap,0.9935720250375897,-42.79999999999973,32.94999999999959,-6.686474392328767,-82.43647439232808,48.0,1,1.0382428976972549,-82.43647439232808,-98.91147439232788,-83.50409273260206
GBP_JPY,continuation,1,2020-12-23 22:00:00+00:00,2020-12-24 02:00:00+00:00,140.186,2020-12-29 02:00:00+00:00,139.896,timecap,0.6073230805827953,-29.000000000002046,3.350000000000364,-2.029712113150686,-34.3797121131531,120.0,1,0.44136594130093026,-34.3797121131531,-36.05471211315328,-36.543620068495564
GBP_JPY,continuation,1,2021-02-05 06:00:00+00:00,2021-02-05 10:00:00+00:00,144.394,2021-02-09 10:00:00+00:00,144.108,timecap,0.33800386029509033,-28.600000000000136,2.400000000000091,-1.3657520109589047,-32.365752010959135,96.0,1,1.0363182832659004,-32.365752010959135,-33.56575201095918,-33.80835731452078
GBP_JPY,continuation,1,2021-02-24 22:00:00+00:00,2021-02-25 02:00:00+00:00,149.924,2021-02-25 18:15:00+00:00,149.00760254638573,sl,0.4581987268071443,-91.63974536142803,2.349999999998431,0.0,-93.98974536142646,16.25,1,0.9145852811540003,-93.98974536142646,-95.16474536142567,-93.98974536142646
GBP_JPY,continuation,-1,2021-03-21 21:00:00+00:00,2021-03-22 01:00:00+00:00,150.612,2021-03-23 09:50:00+00:00,149.6870977678199,tp,0.4624511160900535,92.49022321801021,2.1000000000000796,-0.5728306561643834,89.81739256184575,32.833333333333336,1,0.499799851318122,89.81739256184575,88.76739256184571,89.28358339170876
GBP_JPY,continuation,-1,2021-03-23 21:00:00+00:00,2021-03-24 01:00:00+00:00,149.165,2021-03-25 23:30:00+00:00,150.11301016296895,sl,0.4740050814844756,-94.80101629689557,2.349999999998431,-2.291322624657534,-99.44233892155154,46.5,1,0.4796733573815478,-99.44233892155154,-100.61733892155075,-101.57757560209947
GBP_JPY,continuation,1,2021-03-28 21:00:00+00:00,2021-03-29 01:00:00+00:00,151.07,2021-03-31 00:35:00+00:00,151.98175001829418,tp,0.45587500914709833,91.17500182941853,2.4500000000003297,-1.36456233150685,87.36043949791136,47.583333333333336,1,0.4906517984303506,87.36043949791136,86.1354394979112,85.91783419434971
GBP_JPY,continuation,1,2021-05-13 01:00:00+00:00,2021-05-13 05:00:00+00:00,154.298,2021-05-13 17:30:00+00:00,153.5331359592689,sl,0.3824320203655499,-76.4864040731112,2.3000000000010346,0.0,-78.78640407311224,12.5,1,0.6592983668031775,-78.78640407311224,-79.93640407311275,-78.78640407311224
GBP_JPY,continuation,-1,2021-07-15 17:00:00+00:00,2021-07-15 21:00:00+00:00,151.94,2021-07-19 07:05:00+00:00,151.0024378881436,tp,0.468781055928204,93.75621118564084,8.800000000000807,-0.5853222904109587,84.37088889522907,82.08333333333333,1,0.6345335768249896,84.37088889522907,79.97088889522867,83.83707972509208
GBP_JPY,continuation,-1,2021-08-17 01:00:00+00:00,2021-08-17 05:00:00+00:00,151.106,2021-08-17 07:10:00+00:00,150.4785556796866,tp,0.3137221601566991,62.744432031340125,2.400000000000091,0.0,60.344432031340034,2.1666666666666665,1,0.6226593046360648,60.344432031340034,59.14443203133999,60.344432031340034
GBP_JPY,continuation,-1,2021-08-19 17:00:00+00:00,2021-08-19 21:00:00+00:00,149.748,2021-08-23 11:35:00+00:00,150.59888423501343,sl,0.425442117506722,-85.08842350134387,8.599999999999852,-0.5840136430136984,-94.27243714435743,86.58333333333333,1,0.6596373846291705,-94.27243714435743,-98.57243714435735,-94.8062463144944
GBP_JPY,continuation,-1,2021-09-21 21:00:00+00:00,2021-09-22 01:00:00+00:00,149.198,2021-09-23 07:05:00+00:00,150.0716810255319,sl,0.43684051276594565,-87.36810255318801,2.349999999999852,-1.729912891232876,-91.44801544442073,30.083333333333332,1,0.4293355209187859,-91.44801544442073,-92.62301544442066,-93.04944295483169
GBP_JPY,continuation,-1,2021-11-05 01:00:00+00:00,2021-11-05 05:00:00+00:00,153.416,2021-11-09 06:00:00+00:00,153.109,timecap,0.5416164992164115,30.699999999998795,2.4999999999991473,-1.1696928372602735,27.030307162739373,97.0,1,0.6485815315680082,27.030307162739373,25.7803071627398,25.962688822465402
GBP_JPY,continuation,-1,2021-11-11 14:00:00+00:00,2021-11-11 18:00:00+00:00,152.534,2021-11-15 18:00:00+00:00,153.118,timecap,0.43485933334120075,-58.40000000000032,2.2999999999996135,-1.1696928372602735,-61.8696928372602,96.0,1,1.0568948508598426,-61.8696928372602,-63.01969283726001,-62.93731117753418
GBP_JPY,continuation,1,2022-01-02 22:00:00+00:00,2022-01-03 02:00:00+00:00,155.738,2022-01-03 15:20:00+00:00,155.06819899194198,sl,0.33490050402900845,-66.98010080580161,2.7000000000001023,0.0,-69.68010080580171,13.333333333333334,1,0.5672959014706014,-69.68010080580171,-71.03010080580177,-69.68010080580171
GBP_JPY,continuation,-1,2022-01-14 02:00:00+00:00,2022-01-14 06:00:00+00:00,156.172,2022-01-18 06:00:00+00:00,156.546,timecap,0.431126326884931,-37.39999999999952,2.6499999999998636,-1.3243511660273968,-41.374351166026784,96.0,1,0.7939950742680468,-41.374351166026784,-42.699351166026716,-42.44196950630076
GBP_JPY,continuation,1,2022-02-08 22:00:00+00:00,2022-02-09 02:00:00+00:00,156.482,2022-02-10 13:25:00+00:00,157.24610520535586,tp,0.38205260267792973,76.4105205355861,5.700000000000216,-1.3824670072602752,69.32805352832561,35.416666666666664,1,0.5403465265768264,69.32805352832561,66.4780535283255,67.16414557298314
GBP_JPY,continuation,-1,2022-03-06 22:00:00+00:00,2022-03-07 02:00:00+00:00,151.692,2022-03-09 02:00:00+00:00,151.964,timecap,0.6353341663652002,-27.199999999999136,2.8500000000008185,-1.7460925317808214,-31.796092531780776,48.0,1,1.1131168593621465,-31.796092531780776,-33.22109253178119,-32.863710872054746
GBP_JPY,continuation,1,2022-03-13 21:00:00+00:00,2022-03-14 01:00:00+00:00,153.331,2022-03-15 03:40:00+00:00,154.3599288138453,tp,0.5144644069226536,102.89288138453117,2.949999999999875,-0.38206555602739756,99.56081582850389,26.666666666666668,1,0.4451562588707051,99.56081582850389,98.08581582850395,98.83951317672307
GBP_JPY,continuation,1,2022-03-16 05:00:00+00:00,2022-03-16 09:00:00+00:00,154.51,2022-03-16 16:55:00+00:00,155.4829142074649,tp,0.48645710373244877,97.29142074648962,2.349999999999852,0.0,94.94142074648977,7.916666666666667,1,1.0743126890890653,94.94142074648977,93.76642074648984,94.94142074648977
GBP_JPY,continuation,-1,2022-05-09 21:00:00+00:00,2022-05-10 01:00:00+00:00,160.35,2022-05-12 00:00:00+00:00,158.7812521356613,tp,0.7843739321693443,156.87478643386896,3.5499999999998977,-4.357082025205479,148.9677044086636,47.0,1,0.6140490894733324,148.9677044086636,147.19270440866364,146.83246772811563
GBP_JPY,continuation,-1,2022-06-16 05:00:00+00:00,2022-06-16 09:00:00+00:00,161.582,2022-06-16 16:45:00+00:00,163.5098651730279,sl,0.9639325865139553,-192.78651730278966,3.0500000000003524,0.0,-195.83651730279,7.75,1,0.8277734370327184,-195.83651730279,-197.3615173027902,-195.83651730279
GBP_JPY,continuation,1,2022-07-18 05:00:00+00:00,2022-07-18 09:00:00+00:00,164.986,2022-07-20 09:00:00+00:00,165.969,timecap,0.6793808335670354,98.30000000000041,2.8500000000008185,-0.011658858630137502,95.43834114136945,48.0,1,0.9353415409941712,95.43834114136945,94.01334114136904,93.99573583780781
GBP_JPY,continuation,-1,2022-07-25 01:00:00+00:00,2022-07-25 05:00:00+00:00,163.223,2022-07-25 11:05:00+00:00,164.53535196210714,sl,0.6561759810535654,-131.23519621071296,2.9000000000010573,0.0,-134.135196210714,6.083333333333333,1,0.831152662339908,-134.135196210714,-135.58519621071454,-134.135196210714
GBP_JPY,continuation,-1,2022-08-01 01:00:00+00:00,2022-08-01 05:00:00+00:00,161.539,2022-08-02 05:15:00+00:00,159.982076690045,tp,0.7784616549774872,155.6923309954982,3.149999999999409,-1.5093463208219178,151.03298467467687,24.25,1,0.9072639449510853,151.03298467467687,149.45798467467716,150.4991755045399
GBP_JPY,continuation,1,2022-08-08 05:00:00+00:00,2022-08-08 09:00:00+00:00,163.306,2022-08-10 09:00:00+00:00,163.258,timecap,0.8310930417659322,-4.800000000000182,2.950000000001296,0.5084689978082187,-7.241531002193259,48.0,1,0.9831417321986813,-7.241531002193259,-8.716531002193907,-8.684136305754905
GBP_JPY,continuation,-1,2022-08-15 01:00:00+00:00,2022-08-15 05:00:00+00:00,161.378,2022-08-16 00:20:00+00:00,160.19973921016927,tp,0.5891303949153595,117.82607898307162,3.0500000000003524,-1.5093463208219178,113.26673266224935,19.333333333333332,1,0.6654734649054708,113.26673266224935,111.74173266224918,112.73292349211236
GBP_JPY,continuation,1,2022-09-06 21:00:00+00:00,2022-09-07 01:00:00+00:00,164.29,2022-09-07 06:00:00+00:00,165.50325619024014,tp,0.6066280951200794,121.32561902401449,3.0500000000017735,0.0,118.27561902401271,5.0,1,0.7856589198208022,118.27561902401271,116.75061902401183,118.27561902401271
GBP_JPY,continuation,1,2022-09-09 01:00:00+00:00,2022-09-09 05:00:00+00:00,165.512,2022-09-12 06:35:00+00:00,166.8358337495766,tp,0.6619168747883045,132.38337495766075,3.0000000000001137,0.41240238205479424,129.79577733971544,73.58333333333333,1,1.0521219981983196,129.79577733971544,128.29577733971539,129.0744746879346
GBP_JPY,continuation,1,2022-09-12 13:00:00+00:00,2022-09-12 17:00:00+00:00,166.514,2022-09-13 12:30:00+00:00,167.85273413405466,tp,0.669367067027329,133.8734134054647,4.000000000000625,0.41240238205479424,130.28581578751889,19.5,1,1.0925052836937084,130.28581578751889,128.28581578751857,129.56451313573805
GBP_JPY,continuation,-1,2022-09-23 05:00:00+00:00,2022-09-23 09:00:00+00:00,159.665,2022-09-23 11:10:00+00:00,157.58600410877818,tp,1.0394979456109004,207.89958912218083,4.200000000000159,0.0,203.69958912218067,2.1666666666666665,1,1.0654798301273378,203.69958912218067,201.5995891221806,203.69958912218067
GBP_JPY,continuation,1,2022-10-14 01:00:00+00:00,2022-10-14 05:00:00+00:00,166.916,2022-10-17 14:25:00+00:00,169.2479779754707,tp,1.1659889877353475,233.19779754706929,4.100000000001103,0.60858052369863,229.70637807076682,81.41666666666667,1,0.8648239010353799,229.70637807076682,227.65637807076627,228.98507541898599
GBP_JPY,continuation,-1,2022-11-03 21:00:00+00:00,2022-11-04 01:00:00+00:00,165.754,2022-11-07 08:20:00+00:00,167.3315792190433,sl,0.7887896095216542,-157.7579219043315,4.099999999999682,-2.2748455642465757,-164.13276746857775,79.33333333333333,1,0.43528810924836236,-164.13276746857775,-166.1827674685776,-164.66657663871476
GBP_JPY,continuation,1,2022-12-06 06:00:00+00:00,2022-12-06 10:00:00+00:00,166.568,2022-12-08 10:00:00+00:00,166.736,timecap,0.7812528031936818,16.799999999997794,3.299999999998704,4.842709177534246,18.342709177533337,48.0,1,1.0847299158248684,18.342709177533337,16.692709177533985,15.457498570410047
GBP_JPY,continuation,1,2022-12-12 06:00:00+00:00,2022-12-12 10:00:00+00:00,167.731,2022-12-12 17:30:00+00:00,168.9973360215994,tp,0.6331680107997038,126.63360215994146,3.4500000000008413,0.0,123.18360215994062,7.5,1,1.1189166879497052,123.18360215994062,121.4586021599402,123.18360215994062
GBP_JPY,continuation,1,2023-01-09 02:00:00+00:00,2023-01-09 06:00:00+00:00,160.147,2023-01-11 06:00:00+00:00,160.944,timecap,0.7698808991683099,79.6999999999997,3.6000000000001364,2.6588146073972596,78.75881460739683,48.0,1,0.6346273650543508,78.75881460739683,76.95881460739676,77.31620930383518
GBP_JPY,continuation,1,2023-01-11 06:00:00+00:00,2023-01-11 10:00:00+00:00,160.737,2023-01-12 09:35:00+00:00,159.4935537055995,sl,0.6217231472002385,-124.3446294400485,2.949999999999875,3.9882219110958896,-123.30640752895248,23.583333333333332,1,0.952056715677706,-123.30640752895248,-124.78140752895241,-125.47031548429494
GBP_JPY,continuation,1,2023-01-23 06:00:00+00:00,2023-01-23 10:00:00+00:00,161.08,2023-01-25 10:00:00+00:00,159.854,timecap,0.7763677108934157,-122.59999999999991,3.2000000000010687,2.6588146073972596,-123.14118539260372,48.0,1,1.0433557904230097,-123.14118539260372,-124.74118539260425,-124.58379069616537
GBP_JPY,continuation,-1,2023-01-31 22:00:00+00:00,2023-02-01 02:00:00+00:00,160.064,2023-02-02 00:25:00+00:00,158.89640177734148,tp,0.5837991113292597,116.7598222658512,3.4500000000008413,-8.59870565958904,104.71111660626131,22.416666666666668,1,0.4943457471597546,104.71111660626131,102.9861166062609,103.10968909585036
GBP_JPY,continuation,-1,2023-04-25 17:00:00+00:00,2023-04-25 21:00:00+00:00,166.011,2023-04-27 14:00:00+00:00,167.12762731042858,sl,0.5583136552142974,-111.66273104285835,8.750000000000568,-9.082845712602738,-129.49557675546166,41.0,1,0.836741300714842,-129.49557675546166,-133.87057675546194,-131.0970042658726
GBP_JPY,continuation,-1,2023-06-07 05:00:00+00:00,2023-06-07 09:00:00+00:00,173.365,2023-06-07 15:35:00+00:00,174.33836833313254,sl,0.4866841665662656,-97.33683331325267,2.80000000000058,0.0,-100.13683331325325,6.583333333333333,1,1.1144988398627012,-100.13683331325325,-101.53683331325354,-100.13683331325325
GBP_JPY,continuation,1,2023-06-11 21:00:00+00:00,2023-06-12 01:00:00+00:00,175.318,2023-06-12 15:40:00+00:00,174.43515539685825,sl,0.44142230157088164,-88.28446031417627,2.750000000001762,0.0,-91.03446031417803,14.666666666666666,1,0.4058207800568074,-91.03446031417803,-92.40946031417892,-91.03446031417803
GBP_JPY,continuation,1,2023-06-22 17:00:00+00:00,2023-06-22 21:00:00+00:00,182.336,2023-06-26 21:00:00+00:00,182.426,timecap,0.7011288904119645,8.999999999997499,14.649999999998897,4.093211122739726,-1.5567888772616723,96.0,1,0.7477356005909386,-1.5567888772616723,-8.88178887726112,-2.999394180823317
GBP_JPY,continuation,-1,2023-07-11 01:00:00+00:00,2023-07-11 05:00:00+00:00,181.278,2023-07-12 12:30:00+00:00,179.98108905656892,tp,0.6484554717155399,129.69109434310724,2.6499999999998636,-3.4938506147945207,123.54724372831285,31.5,1,0.8871662084350885,123.54724372831285,122.22224372831292,123.01343455817587
GBP_JPY,continuation,-1,2023-08-25 01:00:00+00:00,2023-08-25 05:00:00+00:00,183.484,2023-08-28 01:20:00+00:00,184.5713891448488,sl,0.543694572424396,-108.73891448487996,3.15000000000083,-3.641787254657534,-115.53070173953832,68.33333333333333,1,0.7930994333617946,-115.53070173953832,-117.10570173953873,-116.0645109096753
GBP_JPY,continuation,-1,2023-09-10 21:00:00+00:00,2023-09-11 01:00:00+00:00,183.506,2023-09-13 01:00:00+00:00,184.046,timecap,0.5323360571668047,-53.999999999999204,3.2499999999998863,-7.300824861369862,-64.55082486136895,48.0,1,0.6510315385798142,-64.55082486136895,-66.1758248613689,-65.61844320164292
GBP_JPY,continuation,-1,2023-09-21 01:00:00+00:00,2023-09-21 05:00:00+00:00,182.762,2023-09-21 10:05:00+00:00,181.91034613853282,tp,0.42582693073358757,85.16538614671845,2.899999999999636,0.0,82.26538614671881,5.083333333333333,1,0.9500887109038374,82.26538614671881,80.81538614671899,82.26538614671881
GBP_JPY,continuation,-1,2023-09-26 21:00:00+00:00,2023-09-27 01:00:00+00:00,180.968,2023-09-28 08:15:00+00:00,181.79549938360634,sl,0.4137496918031756,-82.74993836063516,2.8499999999993975,-10.951237292054794,-96.55117565268935,31.25,1,0.4126011891969339,-96.55117565268935,-97.97617565268905,-98.15260316310031
GBP_JPY,continuation,-1,2023-10-13 17:00:00+00:00,2023-10-15 21:00:00+00:00,181.352,2023-10-16 14:40:00+00:00,182.40206079661715,sl,0.5250303983085689,-105.00607966171458,20.8500000000015,0.0,-125.85607966171608,17.666666666666668,1,0.7763447857888592,-125.85607966171608,-136.28107966171683,-125.85607966171608
GBP_JPY,continuation,-1,2023-10-27 17:00:00+00:00,2023-10-29 21:00:00+00:00,181.271,2023-10-31 03:30:00+00:00,182.20650959998852,sl,0.46775479999426317,-93.5509599988535,24.250000000000682,-3.6311991075342465,-121.43215910638843,30.5,1,1.0878855976905415,-121.43215910638843,-133.55715910638878,-121.96596827652542
GBP_JPY,continuation,1,2023-11-14 22:00:00+00:00,2023-11-15 02:00:00+00:00,187.988,2023-11-16 15:45:00+00:00,187.07906879067966,sl,0.4544656046601698,-90.89312093203432,2.8499999999993975,7.120053068630137,-86.62306786340358,37.75,1,0.6258089739647981,-86.62306786340358,-88.04806786340328,-88.78697581874604
GBP_JPY,continuation,-1,2023-11-21 02:00:00+00:00,2023-11-21 06:00:00+00:00,185.124,2023-11-22 05:30:00+00:00,186.24364739782038,sl,0.5598236989101932,-111.96473978203869,3.4000000000006025,-3.62846284479452,-118.99320262683382,23.5,1,0.817191901793925,-118.99320262683382,-120.69320262683412,-119.5270117969708
GBP_JPY,continuation,1,2023-11-23 14:00:00+00:00,2023-11-23 18:00:00+00:00,187.498,2023-11-24 15:10:00+00:00,188.58136149828877,tp,0.54168074914439,108.33614982887809,3.2000000000010687,2.373351022876712,107.50950085175374,21.166666666666668,1,0.642685589732302,107.50950085175374,105.90950085175321,106.78819819997291
GBP_JPY,continuation,-1,2023-12-04 10:00:00+00:00,2023-12-04 14:00:00+00:00,185.624,2023-12-06 14:00:00+00:00,185.306,timecap,0.5297242875782632,31.799999999998363,2.949999999999875,-7.25276181150685,21.597238188491637,48.0,1,1.1169454480020973,21.597238188491637,20.1222381884917,20.529619848217664
GBP_JPY,continuation,-1,2023-12-13 22:00:00+00:00,2023-12-14 02:00:00+00:00,179.904,2023-12-14 03:40:00+00:00,178.3754994541377,tp,0.7642502729311476,152.85005458623004,3.5499999999998977,0.0,149.30005458623015,1.6666666666666667,1,1.044471155739629,149.30005458623015,147.5250545862302,149.30005458623015
GBP_JPY,continuation,1,2024-01-04 22:00:00+00:00,2024-01-05 02:00:00+00:00,183.732,2024-01-09 02:00:00+00:00,183.094,timecap,0.6467498755727805,-63.80000000000052,3.4000000000006025,4.745512366301369,-62.454487633699756,96.0,1,0.5274165652928615,-62.454487633699756,-64.15448763370006,-63.8970929372614
GBP_JPY,continuation,1,2024-02-23 02:00:00+00:00,2024-02-23 06:00:00+00:00,190.693,2024-02-27 06:00:00+00:00,190.862,timecap,0.3751916720581614,16.899999999998272,3.0500000000003524,4.736946674246575,18.586946674244494,96.0,1,0.5267567679094609,18.586946674244494,17.061946674244318,17.14434137068285
GBP_JPY,continuation,-1,2024-03-06 22:00:00+00:00,2024-03-07 02:00:00+00:00,189.196,2024-03-07 09:20:00+00:00,188.26199544932845,tp,0.4670022753357746,93.40045506715455,3.1999999999996476,0.0,90.2004550671549,7.333333333333333,1,0.8817991541701479,90.2004550671549,88.60045506715508,90.2004550671549
GBP_JPY,continuation,-1,2024-04-22 13:00:00+00:00,2024-04-22 17:00:00+00:00,191.131,2024-04-23 13:55:00+00:00,192.463847904182,sl,0.6664239520909995,-133.2847904181989,2.80000000000058,-3.5799239231506848,-139.66471434135016,20.916666666666668,1,1.0041683182242453,-139.66471434135016,-141.06471434135045,-140.19852351148714
GBP_JPY,continuation,1,2024-05-24 09:00:00+00:00,2024-05-24 13:00:00+00:00,199.778,2024-05-28 13:00:00+00:00,200.43,timecap,0.4358476183635555,65.20000000000152,2.7000000000001023,4.6521225293150685,67.15212252931649,96.0,1,1.1556626880183967,67.15212252931649,65.80212252931643,65.70951722575485
GBP_JPY,continuation,-1,2024-06-14 13:00:00+00:00,2024-06-14 17:00:00+00:00,199.581,2024-06-18 17:00:00+00:00,200.334,timecap,0.7279775884817007,-75.30000000000143,2.9999999999986926,-7.162346173150685,-85.4623461731508,96.0,1,1.1514135581583074,-85.4623461731508,-86.96234617315015,-86.52996451342479
GBP_JPY,continuation,-1,2024-07-23 01:00:00+00:00,2024-07-23 05:00:00+00:00,202.074,2024-07-23 19:15:00+00:00,200.7572773414183,tp,0.6583613292908504,131.67226585817104,3.350000000000364,0.0,128.32226585817068,14.25,1,0.9565308374876383,128.32226585817068,126.6472658581705,128.32226585817068
GBP_JPY,continuation,1,2024-08-13 05:00:00+00:00,2024-08-13 09:00:00+00:00,189.212,2024-08-15 09:00:00+00:00,189.238,timecap,1.0937450624540261,2.600000000001046,3.2000000000010687,8.352501496986301,7.752501496986278,48.0,1,0.856323712939748,7.752501496986278,6.152501496985744,4.867290889862989
GBP_JPY,continuation,1,2024-08-23 09:00:00+00:00,2024-08-23 13:00:00+00:00,191.502,2024-08-25 23:05:00+00:00,189.7772255260729,sl,0.8623872369635563,-172.47744739271127,3.5500000000013188,2.0881253742465753,-173.93932201846602,58.083333333333336,1,0.9708087587923999,-173.93932201846602,-175.71432201846667,-174.66062467024685
GBP_JPY,continuation,-1,2024-09-08 21:00:00+00:00,2024-09-09 01:00:00+00:00,187.368,2024-09-11 01:00:00+00:00,186.008,timecap,0.9956282469153817,135.99999999999852,3.50000000000108,-6.686474392328767,125.81352560766868,48.0,1,0.5172783453146677,125.81352560766868,124.06352560766814,124.7459072673947
GBP_JPY,continuation,-1,2024-09-16 05:00:00+00:00,2024-09-16 09:00:00+00:00,184.444,2024-09-16 23:05:00+00:00,186.12810459882317,sl,0.8420522994115845,-168.41045988231826,3.8000000000010914,-3.3432371961643836,-175.55369707848374,14.083333333333334,1,0.9677433168820324,-175.55369707848374,-177.45369707848428,-176.0875062486207
GBP_JPY,continuation,1,2024-09-20 17:00:00+00:00,2024-09-22 21:00:00+00:00,191.683,2024-09-24 21:00:00+00:00,192.111,timecap,0.9935720250375897,42.79999999999973,32.94999999999959,4.176250748493151,14.026250748493286,48.0,1,1.0382428976972549,14.026250748493286,-2.4487492515065084,12.583645444931642
GBP_USD,signal,1,2021-01-18 06:00:00+00:00,2021-01-18 10:00:00+00:00,1.35294,2021-01-19 02:15:00+00:00,1.3611691872623535,tp,0.0041145936311766905,82.29187262353443,1.80000000000069,-0.4222526005479454,80.06962002298579,16.25,1,1.0475084506313008,80.06962002298579,79.16962002298544,79.66227218298579
GBP_USD,signal,1,2021-02-03 10:00:00+00:00,2021-02-03 14:00:00+00:00,1.36484,2021-02-04 09:00:00+00:00,1.3574578590875537,sl,0.003691070456223165,-73.82140912446377,1.7000000000000348,-1.2566255013698635,-76.77803462583367,19.0,1,1.1035458127083544,-76.77803462583367,-77.62803462583369,-78.00007814583367
GBP_USD,signal,-1,2021-02-22 10:00:00+00:00,2021-02-22 14:00:00+00:00,1.40462,2021-02-23 16:00:00+00:00,1.4115593242174256,sl,0.003469662108712788,-69.39324217425602,1.4500000000006175,-0.3337051068493149,-71.17694728110594,26.0,1,1.0989276712889335,-71.17694728110594,-71.90194728110625,-71.51850859179088
GBP_USD,signal,1,2021-02-25 22:00:00+00:00,2021-02-26 02:00:00+00:00,1.39968,2021-02-26 10:55:00+00:00,1.3890136224576768,sl,0.005333188771161641,-106.66377542323247,1.7500000000014726,0.0,-108.41377542323394,8.916666666666666,1,1.1421480046156192,-108.41377542323394,-109.28877542323467,-108.41377542323394
GBP_USD,signal,1,2021-03-23 17:00:00+00:00,2021-03-23 21:00:00+00:00,1.37531,2021-03-25 07:30:00+00:00,1.3672309346847942,sl,0.004039532657602959,-80.79065315205857,3.7500000000012523,-1.2456121315068496,-85.78626528356666,34.5,1,0.7918553902762996,-85.78626528356666,-87.66126528356729,-87.00830880356666
GBP_USD,signal,1,2021-04-12 01:00:00+00:00,2021-04-12 05:00:00+00:00,1.36818,2021-04-12 09:20:00+00:00,1.3751672318137886,tp,0.003493615906894353,69.87231813788685,1.5500000000001624,0.0,68.32231813788668,4.333333333333333,1,0.676453191374953,68.32231813788668,67.5473181378866,68.32231813788668
GBP_USD,signal,-1,2021-05-17 21:00:00+00:00,2021-05-18 01:00:00+00:00,1.41513,2021-05-18 09:05:00+00:00,1.4217025906753928,sl,0.003286295337696469,-65.72590675392841,1.6499999999997073,0.0,-67.37590675392812,8.083333333333334,1,0.20845406093649252,-67.37590675392812,-68.20090675392797,-67.37590675392812
GBP_USD,signal,-1,2021-10-05 09:00:00+00:00,2021-10-05 13:00:00+00:00,1.36226,2021-10-06 08:55:00+00:00,1.3550147532467167,tp,0.0036226233766416044,72.45246753283307,1.6499999999997073,-0.3306213632876711,70.47184616954569,19.916666666666668,1,1.0639597362134412,70.47184616954569,69.64684616954584,70.13028485886076
GBP_USD,signal,-1,2021-10-13 17:00:00+00:00,2021-10-13 21:00:00+00:00,1.36595,2021-10-14 10:10:00+00:00,1.3729323479695164,sl,0.0034911739847582274,-69.82347969516356,3.750000000000142,0.0,-73.5734796951637,13.166666666666666,1,0.6723451532265531,-73.5734796951637,-75.44847969516377,-73.5734796951637
GBP_USD,signal,1,2022-04-28 01:00:00+00:00,2022-04-28 05:00:00+00:00,1.25159,2022-04-28 11:55:00+00:00,1.242589540323892,sl,0.004500229838054016,-90.00459676107963,1.9999999999997797,0.0,-92.0045967610794,6.916666666666667,1,0.8299928348728675,-92.0045967610794,-93.0045967610793,-92.0045967610794
GBP_USD,signal,1,2022-05-09 01:00:00+00:00,2022-05-09 05:00:00+00:00,1.22832,2022-05-09 12:20:00+00:00,1.2403935654933496,tp,0.006036782746674739,120.7356549334948,2.100000000000435,0.0,118.63565493349437,7.333333333333333,1,0.5440287054560046,118.63565493349437,117.58565493349414,118.63565493349437
GBP_USD,signal,1,2022-05-12 17:00:00+00:00,2022-05-12 21:00:00+00:00,1.21979,2022-05-16 18:30:00+00:00,1.2308092452074022,tp,0.00550962260370113,110.19245207402273,5.399999999999849,-0.375849602191781,104.4166024718311,93.5,1,0.8513483907746695,104.4166024718311,101.71660247183118,104.0092546318311
GBP_USD,signal,-1,2022-05-30 01:00:00+00:00,2022-05-30 05:00:00+00:00,1.26467,2022-06-01 05:00:00+00:00,1.25828,timecap,0.00461545296945847,63.899999999998954,2.300000000000635,-0.7461190969863011,60.85388090301202,48.0,1,0.656300205729905,60.85388090301202,59.7038809030117,60.17075828164215
GBP_USD,signal,1,2022-06-28 17:00:00+00:00,2022-06-28 21:00:00+00:00,1.21832,2022-06-30 11:30:00+00:00,1.209374259819787,sl,0.004472870090106541,-89.45740180213102,2.4000000000001798,-1.7763464252054801,-93.63374822733667,38.5,1,0.7637054056357593,-93.63374822733667,-94.83374822733676,-94.85579174733667
GBP_USD,signal,-1,2022-07-18 05:00:00+00:00,2022-07-18 09:00:00+00:00,1.19456,2022-07-20 09:00:00+00:00,1.20045,timecap,0.005114945691467986,-58.89999999999951,2.049999999998997,-0.3973623846575339,-61.34736238465604,48.0,1,1.0223923421975323,-61.34736238465604,-62.37236238465554,-62.0304850060259
GBP_USD,signal,-1,2022-07-28 01:00:00+00:00,2022-07-28 05:00:00+00:00,1.21598,2022-08-01 05:00:00+00:00,1.21827,timecap,0.004981882017381047,-22.899999999999032,2.20000000000109,0.1496349852054797,-24.95036501479464,96.0,1,0.9610551145751685,-24.95036501479464,-26.050365014795187,-25.633487636164507
GBP_USD,signal,1,2022-08-15 17:00:00+00:00,2022-08-15 21:00:00+00:00,1.20556,2022-08-17 06:00:00+00:00,1.2143692243425905,tp,0.00440461217129529,88.0922434259057,3.8000000000004697,-0.6672633687671234,83.62498005713812,33.0,1,0.4759922416512813,83.62498005713812,81.72498005713788,83.21763221713812
GBP_USD,signal,1,2022-09-02 17:00:00+00:00,2022-09-04 21:00:00+00:00,1.14904,2022-09-06 00:05:00+00:00,1.1578742034483895,tp,0.004417101724194775,88.34203448389476,7.100000000000994,-0.5810286827397263,80.66100580115405,27.083333333333332,1,0.8484475087413976,80.66100580115405,77.11100580115355,80.25365796115405
GBP_USD,signal,1,2022-09-07 01:00:00+00:00,2022-09-07 05:00:00+00:00,1.14788,2022-09-09 02:25:00+00:00,1.1565862081601777,tp,0.004353104080088861,87.06208160177641,1.9500000000005624,-2.324114730958905,82.78796687081694,45.416666666666664,1,1.0696081012173548,82.78796687081694,81.81296687081665,81.15857551081695
GBP_USD,signal,-1,2022-09-11 21:00:00+00:00,2022-09-12 01:00:00+00:00,1.16118,2022-09-13 06:10:00+00:00,1.1711690864364372,sl,0.004994543218218607,-99.89086436437144,1.9499999999994522,-0.16788046794520525,-102.0087448323161,29.166666666666668,1,0.43602615169588005,-102.0087448323161,-102.98374483231582,-102.35030614300102
GBP_USD,signal,1,2022-09-19 09:00:00+00:00,2022-09-19 13:00:00+00:00,1.1372,2022-09-21 13:00:00+00:00,1.1343,timecap,0.004663714810598451,-28.999999999999027,1.9500000000005624,-1.1620573654794526,-32.112057365479046,48.0,1,1.036708738799499,-32.112057365479046,-33.087057365479325,-32.926753045479046
GBP_USD,signal,-1,2022-10-03 05:00:00+00:00,2022-10-03 09:00:00+00:00,1.12104,2022-10-04 16:05:00+00:00,1.1449877023771107,sl,0.011973851188555353,-239.47702377110633,2.149999999999652,-0.01325275506849303,-241.6402765261745,31.083333333333332,1,1.136925573350753,-241.6402765261745,-242.7152765261743,-241.98183783685943
GBP_USD,signal,1,2022-10-07 09:00:00+00:00,2022-10-07 13:00:00+00:00,1.11324,2022-10-11 13:00:00+00:00,1.1088,timecap,0.009280433238738443,-44.39999999999999,1.9500000000005624,-1.4713127912328767,-47.82131279123343,96.0,1,1.1548380810082177,-47.82131279123343,-48.79631279123371,-48.63600847123343
GBP_USD,signal,1,2022-12-19 14:00:00+00:00,2022-12-19 18:00:00+00:00,1.2181,2022-12-21 18:00:00+00:00,1.20688,timecap,0.006431429208640086,-112.20000000000007,1.80000000000069,-1.6605959079452055,-115.66059590794598,48.0,1,1.1093839321321552,-115.66059590794598,-116.56059590794632,-116.47529158794597
GBP_USD,signal,-1,2023-01-22 22:00:00+00:00,2023-01-23 02:00:00+00:00,1.24262,2023-01-23 13:45:00+00:00,1.2340119696344203,tp,0.004304015182789846,86.08030365579776,2.149999999999652,0.0,83.93030365579811,11.75,1,0.47700315954500416,83.93030365579811,82.85530365579828,83.93030365579811
GBP_USD,signal,1,2023-01-24 10:00:00+00:00,2023-01-24 14:00:00+00:00,1.22924,2023-01-25 15:05:00+00:00,1.2385825296612123,tp,0.004671264830606055,93.42529661212184,1.6000000000016001,-0.7386667167123289,91.08662989540791,25.083333333333332,1,1.1284925302618074,91.08662989540791,90.2866298954071,90.67928205540791
GBP_USD,signal,-1,2023-03-12 21:00:00+00:00,2023-03-13 01:00:00+00:00,1.20739,2023-03-13 15:25:00+00:00,1.217129977985338,sl,0.0048699889926689995,-97.39977985337988,2.0500000000001073,0.0,-99.44977985338,14.416666666666666,1,0.9804358686048006,-99.44977985338,-100.47477985338004,-99.44977985338
GBP_USD,signal,-1,2023-03-23 01:00:00+00:00,2023-03-23 05:00:00+00:00,1.23224,2023-03-24 09:35:00+00:00,1.2232714198972563,tp,0.00448429005137182,89.68580102743705,2.149999999999652,-0.03799612602739692,87.49780490141,28.583333333333332,1,0.7606237679250977,87.49780490141,86.42280490141017,87.15624359072507
GBP_USD,signal,1,2023-06-29 01:00:00+00:00,2023-06-29 05:00:00+00:00,1.26205,2023-06-30 12:35:00+00:00,1.2684765211040294,tp,0.003213260552014749,64.26521104029526,1.7000000000000348,-0.5845896723287671,61.98062136796646,31.583333333333332,1,0.8327549541646077,61.98062136796646,61.130621367966434,61.57327352796646
GBP_USD,signal,-1,2023-07-11 17:00:00+00:00,2023-07-11 21:00:00+00:00,1.29326,2023-07-13 02:15:00+00:00,1.3005951807684126,sl,0.0036675903842062697,-73.35180768412552,3.4000000000000696,-0.859703651506849,-77.61151133563244,29.25,1,0.5656835222218372,-77.61151133563244,-79.31151133563247,-78.63619526768724
GBP_USD,signal,-1,2023-08-31 01:00:00+00:00,2023-08-31 05:00:00+00:00,1.27236,2023-08-31 14:30:00+00:00,1.265567329151669,tp,0.0033963354241655155,67.92670848331016,1.7500000000003624,0.0,66.1767084833098,9.5,1,0.7919046413264684,66.1767084833098,65.30170848330962,66.1767084833098
GBP_USD,signal,1,2023-09-06 21:00:00+00:00,2023-09-07 01:00:00+00:00,1.24962,2023-09-11 01:00:00+00:00,1.24868,timecap,0.0032491288291318283,-9.399999999999409,1.9000000000002348,-0.9208645654794526,-12.220864565479097,96.0,1,0.3148675933079275,-12.220864565479097,-13.170864565479215,-13.035560245479097
GBP_USD,signal,-1,2023-10-12 05:00:00+00:00,2023-10-12 09:00:00+00:00,1.22962,2023-10-12 14:40:00+00:00,1.222208491816734,tp,0.0037057540916330084,74.11508183265968,1.7500000000003624,0.0,72.36508183265931,5.666666666666667,1,1.111426433786538,72.36508183265931,71.49008183265914,72.36508183265931
GBP_USD,signal,-1,2023-11-01 21:00:00+00:00,2023-11-02 01:00:00+00:00,1.21942,2023-11-03 12:30:00+00:00,1.2266043810809897,sl,0.0035921905404948462,-71.84381080989732,1.80000000000069,-0.2892478038356162,-73.93305861373364,35.5,1,0.4587096936620408,-73.93305861373364,-74.83305861373398,-74.27461992441856
GBP_USD,signal,-1,2023-11-27 18:00:00+00:00,2023-11-27 22:00:00+00:00,1.26286,2023-11-28 15:40:00+00:00,1.2685599306184165,sl,0.0028499653092082613,-56.99930618416449,5.549999999999722,0.0,-62.54930618416421,17.666666666666668,1,0.6974451423903553,-62.54930618416421,-65.32430618416407,-62.54930618416421
GBP_USD,signal,-1,2024-02-23 10:00:00+00:00,2024-02-23 14:00:00+00:00,1.26933,2024-02-27 14:00:00+00:00,1.2682,timecap,0.0029473881383683303,11.300000000000754,1.6999999999989246,-0.5790829873972599,9.020917012604569,96.0,1,1.152961144113187,9.020917012604569,8.170917012605106,8.337794391234706
GBP_USD,signal,1,2024-02-28 06:00:00+00:00,2024-02-28 10:00:00+00:00,1.2625,2024-02-29 09:05:00+00:00,1.2674012749159815,tp,0.0024506374579907893,49.01274915981579,1.7499999999992522,-1.3781029709589045,45.88464618885763,23.083333333333332,1,1.1306062395532024,45.88464618885763,45.00964618885801,44.66260266885763
GBP_USD,signal,1,2024-03-14 21:00:00+00:00,2024-03-15 01:00:00+00:00,1.27364,2024-03-19 01:00:00+00:00,1.27202,timecap,0.002665867004884824,-16.20000000000177,1.5999999999993797,-0.9181479342465756,-18.718147934247725,96.0,1,0.49520321160446806,-18.718147934247725,-19.518147934247416,-19.532843614247724
GBP_USD,signal,1,2024-04-15 17:00:00+00:00,2024-04-15 21:00:00+00:00,1.24463,2024-04-17 21:00:00+00:00,1.24552,timecap,0.00335173021483245,8.900000000000574,11.750000000000371,-1.8233735145205487,-4.673373514520346,48.0,1,0.9521625279436263,-4.673373514520346,-10.548373514520533,-6.302764874520347
GBP_USD,signal,1,2024-05-08 05:00:00+00:00,2024-05-08 09:00:00+00:00,1.24752,2024-05-10 06:00:00+00:00,1.2529957533349356,tp,0.0027378766674678407,54.75753334935662,1.7500000000003624,-1.8202897709589039,51.18724357839736,45.0,1,1.0719507446347358,51.18724357839736,50.31224357839718,49.55785221839735
GBP_USD,signal,1,2024-06-17 05:00:00+00:00,2024-06-17 09:00:00+00:00,1.26746,2024-06-19 06:35:00+00:00,1.2729335889869975,tp,0.002736794493498693,54.73588986997457,1.5999999999993797,-0.9101448854794519,52.22574498449573,45.583333333333336,1,0.9512758287585703,52.22574498449573,51.42574498449605,51.411049304495734
GBP_USD,signal,-1,2024-07-03 05:00:00+00:00,2024-07-03 09:00:00+00:00,1.26958,2024-07-03 13:40:00+00:00,1.2742362496883093,sl,0.002328124844154622,-46.56249688309355,1.9000000000002348,0.0,-48.462496883093785,4.666666666666667,1,1.0787799343345967,-48.462496883093785,-49.4124968830939,-48.462496883093785
GBP_USD,signal,-1,2024-07-04 13:00:00+00:00,2024-07-04 17:00:00+00:00,1.27612,2024-07-05 12:30:00+00:00,1.2807117757937916,sl,0.002295887896895813,-45.91775793791663,1.8499999999999073,-0.2938367079452055,-48.061594645861746,19.5,1,0.618721779408571,-48.061594645861746,-48.9865946458617,-48.40315595654668
GBP_USD,signal,1,2024-07-23 21:00:00+00:00,2024-07-24 01:00:00+00:00,1.28971,2024-07-24 13:40:00+00:00,1.2935769249195705,tp,0.0019334624597853538,38.66924919570636,2.0500000000001073,0.0,36.619249195706246,12.666666666666666,1,0.39241122839598896,36.619249195706246,35.5942491957062,36.619249195706246
GBP_USD,coin,-1,2021-01-18 06:00:00+00:00,2021-01-18 10:00:00+00:00,1.35294,2021-01-19 02:15:00+00:00,1.3611691872623535,sl,0.0041145936311766905,-82.29187262353443,1.80000000000069,-0.3266565501369862,-84.41852917367211,16.25,1,1.0475084506313008,-84.41852917367211,-85.31852917367246,-84.76009048435704
GBP_USD,coin,-1,2021-02-03 10:00:00+00:00,2021-02-03 14:00:00+00:00,1.36484,2021-02-04 09:00:00+00:00,1.3574578590875537,tp,0.003691070456223165,73.82140912446377,1.7000000000000348,-0.9901019506849311,71.13130717377881,19.0,1,1.1035458127083544,71.13130717377881,70.28130717377879,70.10662324172401
GBP_USD,coin,1,2021-02-22 10:00:00+00:00,2021-02-22 14:00:00+00:00,1.40462,2021-02-23 16:00:00+00:00,1.4115593242174256,tp,0.003469662108712788,69.39324217425602,1.4500000000006175,-0.41520404383561654,67.52803813041979,26.0,1,1.0989276712889335,67.52803813041979,66.80303813041948,67.12069029041979
GBP_USD,coin,-1,2021-02-25 22:00:00+00:00,2021-02-26 02:00:00+00:00,1.39968,2021-02-26 10:55:00+00:00,1.3890136224576768,tp,0.005333188771161641,106.66377542323247,1.7500000000014726,0.0,104.91377542323099,8.916666666666666,1,1.1421480046156192,104.91377542323099,104.03877542323026,104.91377542323099
GBP_USD,coin,-1,2021-03-23 17:00:00+00:00,2021-03-23 21:00:00+00:00,1.37531,2021-03-25 07:30:00+00:00,1.3672309346847942,tp,0.004039532657602959,80.79065315205857,3.7500000000012523,-1.0011153205479448,76.03953783150938,34.5,1,0.7918553902762996,76.03953783150938,74.16453783150875,75.01485389945458
GBP_USD,coin,1,2021-04-12 01:00:00+00:00,2021-04-12 05:00:00+00:00,1.36818,2021-04-12 09:20:00+00:00,1.3751672318137886,tp,0.003493615906894353,69.87231813788685,1.5500000000001624,0.0,68.32231813788668,4.333333333333333,1,0.676453191374953,68.32231813788668,67.5473181378866,68.32231813788668
GBP_USD,coin,-1,2021-05-17 21:00:00+00:00,2021-05-18 01:00:00+00:00,1.41513,2021-05-18 09:05:00+00:00,1.4217025906753928,sl,0.003286295337696469,-65.72590675392841,1.6499999999997073,0.0,-67.37590675392812,8.083333333333334,1,0.20845406093649252,-67.37590675392812,-68.20090675392797,-67.37590675392812
GBP_USD,coin,1,2021-10-05 09:00:00+00:00,2021-10-05 13:00:00+00:00,1.36226,2021-10-06 08:55:00+00:00,1.3550147532467167,sl,0.0036226233766416044,-72.45246753283307,1.6499999999997073,-0.41828778739726036,-74.52075532023004,19.916666666666668,1,1.0639597362134412,-74.52075532023004,-75.34575532022988,-74.92810316023004
GBP_USD,coin,1,2021-10-13 17:00:00+00:00,2021-10-13 21:00:00+00:00,1.36595,2021-10-14 10:10:00+00:00,1.3729323479695164,tp,0.0034911739847582274,69.82347969516356,3.750000000000142,0.0,66.07347969516341,13.166666666666666,1,0.6723451532265531,66.07347969516341,64.19847969516334,66.07347969516341
GBP_USD,coin,1,2022-04-28 01:00:00+00:00,2022-04-28 05:00:00+00:00,1.25159,2022-04-28 11:55:00+00:00,1.242589540323892,sl,0.004500229838054016,-90.00459676107963,1.9999999999997797,0.0,-92.0045967610794,6.916666666666667,1,0.8299928348728675,-92.0045967610794,-93.0045967610793,-92.0045967610794
GBP_USD,coin,1,2022-05-09 01:00:00+00:00,2022-05-09 05:00:00+00:00,1.22832,2022-05-09 12:20:00+00:00,1.2403935654933496,tp,0.006036782746674739,120.7356549334948,2.100000000000435,0.0,118.63565493349437,7.333333333333333,1,0.5440287054560046,118.63565493349437,117.58565493349414,118.63565493349437
GBP_USD,coin,1,2022-05-12 17:00:00+00:00,2022-05-12 21:00:00+00:00,1.21979,2022-05-16 18:30:00+00:00,1.2308092452074022,tp,0.00550962260370113,110.19245207402273,5.399999999999849,-0.375849602191781,104.4166024718311,93.5,1,0.8513483907746695,104.4166024718311,101.71660247183118,104.0092546318311
GBP_USD,coin,1,2022-05-30 01:00:00+00:00,2022-05-30 05:00:00+00:00,1.26467,2022-06-01 05:00:00+00:00,1.25828,timecap,0.00461545296945847,-63.899999999998954,2.300000000000635,-0.751699204383562,-66.95169920438315,48.0,1,0.656300205729905,-66.95169920438315,-68.10169920438346,-67.76639488438315
GBP_USD,coin,-1,2022-06-28 17:00:00+00:00,2022-06-28 21:00:00+00:00,1.21832,2022-06-30 11:30:00+00:00,1.209374259819787,tp,0.004472870090106541,89.45740180213102,2.4000000000001798,-0.4703810268493145,86.58702077528153,38.5,1,0.7637054056357593,86.58702077528153,85.38702077528144,85.56233684322673
GBP_USD,coin,-1,2022-07-18 05:00:00+00:00,2022-07-18 09:00:00+00:00,1.19456,2022-07-20 09:00:00+00:00,1.20045,timecap,0.005114945691467986,-58.89999999999951,2.049999999998997,-0.3973623846575339,-61.34736238465604,48.0,1,1.0223923421975323,-61.34736238465604,-62.37236238465554,-62.0304850060259
GBP_USD,coin,-1,2022-07-28 01:00:00+00:00,2022-07-28 05:00:00+00:00,1.21598,2022-08-01 05:00:00+00:00,1.21827,timecap,0.004981882017381047,-22.899999999999032,2.20000000000109,0.1496349852054797,-24.95036501479464,96.0,1,0.9610551145751685,-24.95036501479464,-26.050365014795187,-25.633487636164507
GBP_USD,coin,-1,2022-08-15 17:00:00+00:00,2022-08-15 21:00:00+00:00,1.20556,2022-08-17 06:00:00+00:00,1.2143692243425905,sl,0.00440461217129529,-88.0922434259057,3.8000000000004697,-0.08164578191780811,-91.97388920782399,33.0,1,0.4759922416512813,-91.97388920782399,-93.87388920782422,-92.31545051850891
GBP_USD,coin,-1,2022-09-02 17:00:00+00:00,2022-09-04 21:00:00+00:00,1.14904,2022-09-06 00:05:00+00:00,1.1578742034483895,sl,0.004417101724194775,-88.34203448389476,7.100000000000994,-0.16788046794520525,-95.60991495184096,27.083333333333332,1,0.8484475087413976,-95.60991495184096,-99.15991495184146,-95.95147626252589
GBP_USD,coin,1,2022-09-07 01:00:00+00:00,2022-09-07 05:00:00+00:00,1.14788,2022-09-09 02:25:00+00:00,1.1565862081601777,tp,0.004353104080088861,87.06208160177641,1.9500000000005624,-2.324114730958905,82.78796687081694,45.416666666666664,1,1.0696081012173548,82.78796687081694,81.81296687081665,81.15857551081695
GBP_USD,coin,1,2022-09-11 21:00:00+00:00,2022-09-12 01:00:00+00:00,1.16118,2022-09-13 06:10:00+00:00,1.1711690864364372,tp,0.004994543218218607,99.89086436437144,1.9499999999994522,-0.5810286827397263,97.35983568163226,29.166666666666668,1,0.43602615169588005,97.35983568163226,96.38483568163254,96.95248784163226
GBP_USD,coin,1,2022-09-19 09:00:00+00:00,2022-09-19 13:00:00+00:00,1.1372,2022-09-21 13:00:00+00:00,1.1343,timecap,0.004663714810598451,-28.999999999999027,1.9500000000005624,-1.1620573654794526,-32.112057365479046,48.0,1,1.036708738799499,-32.112057365479046,-33.087057365479325,-32.926753045479046
GBP_USD,coin,1,2022-10-03 05:00:00+00:00,2022-10-03 09:00:00+00:00,1.12104,2022-10-04 16:05:00+00:00,1.1449877023771107,tp,0.011973851188555353,239.47702377110633,2.149999999999652,-0.7356563956164384,236.59136737549022,31.083333333333332,1,1.136925573350753,236.59136737549022,235.5163673754904,236.18401953549022
GBP_USD,coin,-1,2022-10-07 09:00:00+00:00,2022-10-07 13:00:00+00:00,1.11324,2022-10-11 13:00:00+00:00,1.1088,timecap,0.009280433238738443,44.39999999999999,1.9500000000005624,-0.02650551013698606,42.42349448986244,96.0,1,1.1548380810082177,42.42349448986244,41.44849448986216,41.74037186849258
GBP_USD,coin,1,2022-12-19 14:00:00+00:00,2022-12-19 18:00:00+00:00,1.2181,2022-12-21 18:00:00+00:00,1.20688,timecap,0.006431429208640086,-112.20000000000007,1.80000000000069,-1.6605959079452055,-115.66059590794598,48.0,1,1.1093839321321552,-115.66059590794598,-116.56059590794632,-116.47529158794597
GBP_USD,coin,-1,2023-01-22 22:00:00+00:00,2023-01-23 02:00:00+00:00,1.24262,2023-01-23 13:45:00+00:00,1.2340119696344203,tp,0.004304015182789846,86.08030365579776,2.149999999999652,0.0,83.93030365579811,11.75,1,0.47700315954500416,83.93030365579811,82.85530365579828,83.93030365579811
GBP_USD,coin,-1,2023-01-24 10:00:00+00:00,2023-01-24 14:00:00+00:00,1.22924,2023-01-25 15:05:00+00:00,1.2385825296612123,sl,0.004671264830606055,-93.42529661212184,1.6000000000016001,-0.010242433972602667,-95.03553904609605,25.083333333333332,1,1.1284925302618074,-95.03553904609605,-95.83553904609686,-95.37710035678097
GBP_USD,coin,1,2023-03-12 21:00:00+00:00,2023-03-13 01:00:00+00:00,1.20739,2023-03-13 15:25:00+00:00,1.217129977985338,tp,0.0048699889926689995,97.39977985337988,2.0500000000001073,0.0,95.34977985337977,14.416666666666666,1,0.9804358686048006,95.34977985337977,94.32477985337972,95.34977985337977
GBP_USD,coin,-1,2023-03-23 01:00:00+00:00,2023-03-23 05:00:00+00:00,1.23224,2023-03-24 09:35:00+00:00,1.2232714198972563,tp,0.00448429005137182,89.68580102743705,2.149999999999652,-0.03799612602739692,87.49780490141,28.583333333333332,1,0.7606237679250977,87.49780490141,86.42280490141017,87.15624359072507
GBP_USD,coin,1,2023-06-29 01:00:00+00:00,2023-06-29 05:00:00+00:00,1.26205,2023-06-30 12:35:00+00:00,1.2684765211040294,tp,0.003213260552014749,64.26521104029526,1.7000000000000348,-0.5845896723287671,61.98062136796646,31.583333333333332,1,0.8327549541646077,61.98062136796646,61.130621367966434,61.57327352796646
GBP_USD,coin,1,2023-07-11 17:00:00+00:00,2023-07-11 21:00:00+00:00,1.29326,2023-07-13 02:15:00+00:00,1.3005951807684126,tp,0.0036675903842062697,73.35180768412552,3.4000000000000696,-1.3870238005479454,68.56478388357749,29.25,1,0.5656835222218372,68.56478388357749,66.86478388357746,67.34274036357749
GBP_USD,coin,1,2023-08-31 01:00:00+00:00,2023-08-31 05:00:00+00:00,1.27236,2023-08-31 14:30:00+00:00,1.265567329151669,sl,0.0033963354241655155,-67.92670848331016,1.7500000000003624,0.0,-69.67670848331053,9.5,1,0.7919046413264684,-69.67670848331053,-70.5517084833107,-69.67670848331053
GBP_USD,coin,-1,2023-09-06 21:00:00+00:00,2023-09-07 01:00:00+00:00,1.24962,2023-09-11 01:00:00+00:00,1.24868,timecap,0.0032491288291318283,9.399999999999409,1.9000000000002348,-0.5769537358904105,6.923046264108764,96.0,1,0.3148675933079275,6.923046264108764,5.973046264108646,6.2399236427389
GBP_USD,coin,-1,2023-10-12 05:00:00+00:00,2023-10-12 09:00:00+00:00,1.22962,2023-10-12 14:40:00+00:00,1.222208491816734,tp,0.0037057540916330084,74.11508183265968,1.7500000000003624,0.0,72.36508183265931,5.666666666666667,1,1.111426433786538,72.36508183265931,71.49008183265914,72.36508183265931
GBP_USD,coin,1,2023-11-01 21:00:00+00:00,2023-11-02 01:00:00+00:00,1.21942,2023-11-03 12:30:00+00:00,1.2266043810809897,tp,0.0035921905404948462,71.84381080989732,1.80000000000069,-0.4596613468493153,69.58414946304731,35.5,1,0.4587096936620408,69.58414946304731,68.68414946304696,69.17680162304731
GBP_USD,coin,1,2023-11-27 18:00:00+00:00,2023-11-27 22:00:00+00:00,1.26286,2023-11-28 15:40:00+00:00,1.2685599306184165,tp,0.0028499653092082613,56.99930618416449,5.549999999999722,0.0,51.44930618416477,17.666666666666668,1,0.6974451423903553,51.44930618416477,48.674306184164905,51.44930618416477
GBP_USD,coin,-1,2024-02-23 10:00:00+00:00,2024-02-23 14:00:00+00:00,1.26933,2024-02-27 14:00:00+00:00,1.2682,timecap,0.0029473881383683303,11.300000000000754,1.6999999999989246,-0.5790829873972599,9.020917012604569,96.0,1,1.152961144113187,9.020917012604569,8.170917012605106,8.337794391234706
GBP_USD,coin,1,2024-02-28 06:00:00+00:00,2024-02-28 10:00:00+00:00,1.2625,2024-02-29 09:05:00+00:00,1.2674012749159815,tp,0.0024506374579907893,49.01274915981579,1.7499999999992522,-1.3781029709589045,45.88464618885763,23.083333333333332,1,1.1306062395532024,45.88464618885763,45.00964618885801,44.66260266885763
GBP_USD,coin,1,2024-03-14 21:00:00+00:00,2024-03-15 01:00:00+00:00,1.27364,2024-03-19 01:00:00+00:00,1.27202,timecap,0.002665867004884824,-16.20000000000177,1.5999999999993797,-0.9181479342465756,-18.718147934247725,96.0,1,0.49520321160446806,-18.718147934247725,-19.518147934247416,-19.532843614247724
GBP_USD,coin,1,2024-04-15 17:00:00+00:00,2024-04-15 21:00:00+00:00,1.24463,2024-04-17 21:00:00+00:00,1.24552,timecap,0.00335173021483245,8.900000000000574,11.750000000000371,-1.8233735145205487,-4.673373514520346,48.0,1,0.9521625279436263,-4.673373514520346,-10.548373514520533,-6.302764874520347
GBP_USD,coin,1,2024-05-08 05:00:00+00:00,2024-05-08 09:00:00+00:00,1.24752,2024-05-10 06:00:00+00:00,1.2529957533349356,tp,0.0027378766674678407,54.75753334935662,1.7500000000003624,-1.8202897709589039,51.18724357839736,45.0,1,1.0719507446347358,51.18724357839736,50.31224357839718,49.55785221839735
GBP_USD,coin,-1,2024-06-17 05:00:00+00:00,2024-06-17 09:00:00+00:00,1.26746,2024-06-19 06:35:00+00:00,1.2729335889869975,sl,0.002736794493498693,-54.73588986997457,1.5999999999993797,-0.587673415890411,-56.92356328586437,45.583333333333336,1,0.9512758287585703,-56.92356328586437,-57.72356328586405,-57.60668590723423
GBP_USD,coin,1,2024-07-03 05:00:00+00:00,2024-07-03 09:00:00+00:00,1.26958,2024-07-03 13:40:00+00:00,1.2742362496883093,tp,0.002328124844154622,46.56249688309355,1.9000000000002348,0.0,44.66249688309332,4.666666666666667,1,1.0787799343345967,44.66249688309332,43.7124968830932,44.66249688309332
GBP_USD,coin,-1,2024-07-04 13:00:00+00:00,2024-07-04 17:00:00+00:00,1.27612,2024-07-05 12:30:00+00:00,1.2807117757937916,sl,0.002295887896895813,-45.91775793791663,1.8499999999999073,-0.2938367079452055,-48.061594645861746,19.5,1,0.618721779408571,-48.061594645861746,-48.9865946458617,-48.40315595654668
GBP_USD,coin,1,2024-07-23 21:00:00+00:00,2024-07-24 01:00:00+00:00,1.28971,2024-07-24 13:40:00+00:00,1.2935769249195705,tp,0.0019334624597853538,38.66924919570636,2.0500000000001073,0.0,36.619249195706246,12.666666666666666,1,0.39241122839598896,36.619249195706246,35.5942491957062,36.619249195706246
GBP_USD,continuation,-1,2021-01-18 06:00:00+00:00,2021-01-18 10:00:00+00:00,1.35294,2021-01-19 02:15:00+00:00,1.3611691872623535,sl,0.0041145936311766905,-82.29187262353443,1.80000000000069,-0.3266565501369862,-84.41852917367211,16.25,1,1.0475084506313008,-84.41852917367211,-85.31852917367246,-84.76009048435704
GBP_USD,continuation,-1,2021-02-03 10:00:00+00:00,2021-02-03 14:00:00+00:00,1.36484,2021-02-04 09:00:00+00:00,1.3574578590875537,tp,0.003691070456223165,73.82140912446377,1.7000000000000348,-0.9901019506849311,71.13130717377881,19.0,1,1.1035458127083544,71.13130717377881,70.28130717377879,70.10662324172401
GBP_USD,continuation,1,2021-02-22 10:00:00+00:00,2021-02-22 14:00:00+00:00,1.40462,2021-02-23 16:00:00+00:00,1.4115593242174256,tp,0.003469662108712788,69.39324217425602,1.4500000000006175,-0.41520404383561654,67.52803813041979,26.0,1,1.0989276712889335,67.52803813041979,66.80303813041948,67.12069029041979
GBP_USD,continuation,-1,2021-02-25 22:00:00+00:00,2021-02-26 02:00:00+00:00,1.39968,2021-02-26 10:55:00+00:00,1.3890136224576768,tp,0.005333188771161641,106.66377542323247,1.7500000000014726,0.0,104.91377542323099,8.916666666666666,1,1.1421480046156192,104.91377542323099,104.03877542323026,104.91377542323099
GBP_USD,continuation,-1,2021-03-23 17:00:00+00:00,2021-03-23 21:00:00+00:00,1.37531,2021-03-25 07:30:00+00:00,1.3672309346847942,tp,0.004039532657602959,80.79065315205857,3.7500000000012523,-1.0011153205479448,76.03953783150938,34.5,1,0.7918553902762996,76.03953783150938,74.16453783150875,75.01485389945458
GBP_USD,continuation,-1,2021-04-12 01:00:00+00:00,2021-04-12 05:00:00+00:00,1.36818,2021-04-12 09:20:00+00:00,1.3751672318137886,sl,0.003493615906894353,-69.87231813788685,1.5500000000001624,0.0,-71.42231813788702,4.333333333333333,1,0.676453191374953,-71.42231813788702,-72.1973181378871,-71.42231813788702
GBP_USD,continuation,1,2021-05-17 21:00:00+00:00,2021-05-18 01:00:00+00:00,1.41513,2021-05-18 09:05:00+00:00,1.4217025906753928,tp,0.003286295337696469,65.72590675392841,1.6499999999997073,0.0,64.0759067539287,8.083333333333334,1,0.20845406093649252,64.0759067539287,63.25090675392885,64.0759067539287
GBP_USD,continuation,1,2021-10-05 09:00:00+00:00,2021-10-05 13:00:00+00:00,1.36226,2021-10-06 08:55:00+00:00,1.3550147532467167,sl,0.0036226233766416044,-72.45246753283307,1.6499999999997073,-0.41828778739726036,-74.52075532023004,19.916666666666668,1,1.0639597362134412,-74.52075532023004,-75.34575532022988,-74.92810316023004
GBP_USD,continuation,1,2021-10-13 17:00:00+00:00,2021-10-13 21:00:00+00:00,1.36595,2021-10-14 10:10:00+00:00,1.3729323479695164,tp,0.0034911739847582274,69.82347969516356,3.750000000000142,0.0,66.07347969516341,13.166666666666666,1,0.6723451532265531,66.07347969516341,64.19847969516334,66.07347969516341
GBP_USD,continuation,-1,2022-04-28 01:00:00+00:00,2022-04-28 05:00:00+00:00,1.25159,2022-04-28 11:55:00+00:00,1.242589540323892,tp,0.004500229838054016,90.00459676107963,1.9999999999997797,0.0,88.00459676107985,6.916666666666667,1,0.8299928348728675,88.00459676107985,87.00459676107995,88.00459676107985
GBP_USD,continuation,-1,2022-05-09 01:00:00+00:00,2022-05-09 05:00:00+00:00,1.22832,2022-05-09 12:20:00+00:00,1.2403935654933496,sl,0.006036782746674739,-120.7356549334948,2.100000000000435,0.0,-122.83565493349523,7.333333333333333,1,0.5440287054560046,-122.83565493349523,-123.88565493349546,-122.83565493349523
GBP_USD,continuation,-1,2022-05-12 17:00:00+00:00,2022-05-12 21:00:00+00:00,1.21979,2022-05-16 18:30:00+00:00,1.2308092452074022,sl,0.00550962260370113,-110.19245207402273,5.399999999999849,-0.37305954849315054,-115.96551162251572,93.5,1,0.8513483907746695,-115.96551162251572,-118.66551162251564,-116.30707293320066
GBP_USD,continuation,1,2022-05-30 01:00:00+00:00,2022-05-30 05:00:00+00:00,1.26467,2022-06-01 05:00:00+00:00,1.25828,timecap,0.00461545296945847,-63.899999999998954,2.300000000000635,-0.751699204383562,-66.95169920438315,48.0,1,0.656300205729905,-66.95169920438315,-68.10169920438346,-67.76639488438315
GBP_USD,continuation,-1,2022-06-28 17:00:00+00:00,2022-06-28 21:00:00+00:00,1.21832,2022-06-30 11:30:00+00:00,1.209374259819787,tp,0.004472870090106541,89.45740180213102,2.4000000000001798,-0.4703810268493145,86.58702077528153,38.5,1,0.7637054056357593,86.58702077528153,85.38702077528144,85.56233684322673
GBP_USD,continuation,1,2022-07-18 05:00:00+00:00,2022-07-18 09:00:00+00:00,1.19456,2022-07-20 09:00:00+00:00,1.20045,timecap,0.005114945691467986,58.89999999999951,2.049999999998997,-1.1004559167123291,55.749544083288185,48.0,1,1.0223923421975323,55.749544083288185,54.724544083288684,54.934848403288186
GBP_USD,continuation,1,2022-07-28 01:00:00+00:00,2022-07-28 05:00:00+00:00,1.21598,2022-08-01 05:00:00+00:00,1.21827,timecap,0.004981882017381047,22.899999999999032,2.20000000000109,-1.6474532865753426,19.0525467134226,96.0,1,0.9610551145751685,19.0525467134226,17.952546713422056,18.2378510334226
GBP_USD,continuation,-1,2022-08-15 17:00:00+00:00,2022-08-15 21:00:00+00:00,1.20556,2022-08-17 06:00:00+00:00,1.2143692243425905,sl,0.00440461217129529,-88.0922434259057,3.8000000000004697,-0.08164578191780811,-91.97388920782399,33.0,1,0.4759922416512813,-91.97388920782399,-93.87388920782422,-92.31545051850891
GBP_USD,continuation,-1,2022-09-02 17:00:00+00:00,2022-09-04 21:00:00+00:00,1.14904,2022-09-06 00:05:00+00:00,1.1578742034483895,sl,0.004417101724194775,-88.34203448389476,7.100000000000994,-0.16788046794520525,-95.60991495184096,27.083333333333332,1,0.8484475087413976,-95.60991495184096,-99.15991495184146,-95.95147626252589
GBP_USD,continuation,-1,2022-09-07 01:00:00+00:00,2022-09-07 05:00:00+00:00,1.14788,2022-09-09 02:25:00+00:00,1.1565862081601777,sl,0.004353104080088861,-87.06208160177641,1.9500000000005624,-0.671521871780821,-89.6836034735578,45.416666666666664,1,1.0696081012173548,-89.6836034735578,-90.65860347355809,-91.04984871629752
GBP_USD,continuation,1,2022-09-11 21:00:00+00:00,2022-09-12 01:00:00+00:00,1.16118,2022-09-13 06:10:00+00:00,1.1711690864364372,tp,0.004994543218218607,99.89086436437144,1.9499999999994522,-0.5810286827397263,97.35983568163226,29.166666666666668,1,0.43602615169588005,97.35983568163226,96.38483568163254,96.95248784163226
GBP_USD,continuation,-1,2022-09-19 09:00:00+00:00,2022-09-19 13:00:00+00:00,1.1372,2022-09-21 13:00:00+00:00,1.1343,timecap,0.004663714810598451,28.999999999999027,1.9500000000005624,-0.3357609358904105,26.714239064108053,48.0,1,1.036708738799499,26.714239064108053,25.739239064107775,26.03111644273819
GBP_USD,continuation,1,2022-10-03 05:00:00+00:00,2022-10-03 09:00:00+00:00,1.12104,2022-10-04 16:05:00+00:00,1.1449877023771107,tp,0.011973851188555353,239.47702377110633,2.149999999999652,-0.7356563956164384,236.59136737549022,31.083333333333332,1,1.136925573350753,236.59136737549022,235.5163673754904,236.18401953549022
GBP_USD,continuation,-1,2022-10-07 09:00:00+00:00,2022-10-07 13:00:00+00:00,1.11324,2022-10-11 13:00:00+00:00,1.1088,timecap,0.009280433238738443,44.39999999999999,1.9500000000005624,-0.02650551013698606,42.42349448986244,96.0,1,1.1548380810082177,42.42349448986244,41.44849448986216,41.74037186849258
GBP_USD,continuation,-1,2022-12-19 14:00:00+00:00,2022-12-19 18:00:00+00:00,1.2181,2022-12-21 18:00:00+00:00,1.20688,timecap,0.006431429208640086,112.20000000000007,1.80000000000069,0.1627776065753425,110.56277760657473,48.0,1,1.1093839321321552,110.56277760657473,109.66277760657438,109.87965498520487
GBP_USD,continuation,1,2023-01-22 22:00:00+00:00,2023-01-23 02:00:00+00:00,1.24262,2023-01-23 13:45:00+00:00,1.2340119696344203,sl,0.004304015182789846,-86.08030365579776,2.149999999999652,0.0,-88.23030365579741,11.75,1,0.47700315954500416,-88.23030365579741,-89.30530365579725,-88.23030365579741
GBP_USD,continuation,-1,2023-01-24 10:00:00+00:00,2023-01-24 14:00:00+00:00,1.22924,2023-01-25 15:05:00+00:00,1.2385825296612123,sl,0.004671264830606055,-93.42529661212184,1.6000000000016001,-0.010242433972602667,-95.03553904609605,25.083333333333332,1,1.1284925302618074,-95.03553904609605,-95.83553904609686,-95.37710035678097
GBP_USD,continuation,1,2023-03-12 21:00:00+00:00,2023-03-13 01:00:00+00:00,1.20739,2023-03-13 15:25:00+00:00,1.217129977985338,tp,0.0048699889926689995,97.39977985337988,2.0500000000001073,0.0,95.34977985337977,14.416666666666666,1,0.9804358686048006,95.34977985337977,94.32477985337972,95.34977985337977
GBP_USD,continuation,1,2023-03-23 01:00:00+00:00,2023-03-23 05:00:00+00:00,1.23224,2023-03-24 09:35:00+00:00,1.2232714198972563,sl,0.00448429005137182,-89.68580102743705,2.149999999999652,-0.7109130246575345,-92.54671405209423,28.583333333333332,1,0.7606237679250977,-92.54671405209423,-93.62171405209406,-92.95406189209423
GBP_USD,continuation,-1,2023-06-29 01:00:00+00:00,2023-06-29 05:00:00+00:00,1.26205,2023-06-30 12:35:00+00:00,1.2684765211040294,sl,0.003213260552014749,-64.26521104029526,1.7000000000000348,-0.1643194783561643,-66.12953051865145,31.583333333333332,1,0.8327549541646077,-66.12953051865145,-66.97953051865147,-66.47109182933639
GBP_USD,continuation,1,2023-07-11 17:00:00+00:00,2023-07-11 21:00:00+00:00,1.29326,2023-07-13 02:15:00+00:00,1.3005951807684126,tp,0.0036675903842062697,73.35180768412552,3.4000000000000696,-1.3870238005479454,68.56478388357749,29.25,1,0.5656835222218372,68.56478388357749,66.86478388357746,67.34274036357749
GBP_USD,continuation,1,2023-08-31 01:00:00+00:00,2023-08-31 05:00:00+00:00,1.27236,2023-08-31 14:30:00+00:00,1.265567329151669,sl,0.0033963354241655155,-67.92670848331016,1.7500000000003624,0.0,-69.67670848331053,9.5,1,0.7919046413264684,-69.67670848331053,-70.5517084833107,-69.67670848331053
GBP_USD,continuation,-1,2023-09-06 21:00:00+00:00,2023-09-07 01:00:00+00:00,1.24962,2023-09-11 01:00:00+00:00,1.24868,timecap,0.0032491288291318283,9.399999999999409,1.9000000000002348,-0.5769537358904105,6.923046264108764,96.0,1,0.3148675933079275,6.923046264108764,5.973046264108646,6.2399236427389
GBP_USD,continuation,1,2023-10-12 05:00:00+00:00,2023-10-12 09:00:00+00:00,1.22962,2023-10-12 14:40:00+00:00,1.222208491816734,sl,0.0037057540916330084,-74.11508183265968,1.7500000000003624,0.0,-75.86508183266005,5.666666666666667,1,1.111426433786538,-75.86508183266005,-76.74008183266022,-75.86508183266005
GBP_USD,continuation,1,2023-11-01 21:00:00+00:00,2023-11-02 01:00:00+00:00,1.21942,2023-11-03 12:30:00+00:00,1.2266043810809897,tp,0.0035921905404948462,71.84381080989732,1.80000000000069,-0.4596613468493153,69.58414946304731,35.5,1,0.4587096936620408,69.58414946304731,68.68414946304696,69.17680162304731
GBP_USD,continuation,1,2023-11-27 18:00:00+00:00,2023-11-27 22:00:00+00:00,1.26286,2023-11-28 15:40:00+00:00,1.2685599306184165,tp,0.0028499653092082613,56.99930618416449,5.549999999999722,0.0,51.44930618416477,17.666666666666668,1,0.6974451423903553,51.44930618416477,48.674306184164905,51.44930618416477
GBP_USD,continuation,1,2024-02-23 10:00:00+00:00,2024-02-23 14:00:00+00:00,1.26933,2024-02-27 14:00:00+00:00,1.2682,timecap,0.0029473881383683303,-11.300000000000754,1.6999999999989246,-0.9187353139726031,-13.918735313972281,96.0,1,1.152961144113187,-13.918735313972281,-14.768735313971744,-14.733430993972283
GBP_USD,continuation,-1,2024-02-28 06:00:00+00:00,2024-02-28 10:00:00+00:00,1.2625,2024-02-29 09:05:00+00:00,1.2674012749159815,sl,0.0024506374579907893,-49.01274915981579,1.7499999999992522,-0.8686244810958899,-51.63137364091094,23.083333333333332,1,1.1306062395532024,-51.63137364091094,-52.50637364091056,-52.65605757296573
GBP_USD,continuation,-1,2024-03-14 21:00:00+00:00,2024-03-15 01:00:00+00:00,1.27364,2024-03-19 01:00:00+00:00,1.27202,timecap,0.002665867004884824,16.20000000000177,1.5999999999993797,-0.5796703671232873,14.020329632879102,96.0,1,0.49520321160446806,14.020329632879102,13.220329632879412,13.33720701150924
GBP_USD,continuation,-1,2024-04-15 17:00:00+00:00,2024-04-15 21:00:00+00:00,1.24463,2024-04-17 21:00:00+00:00,1.24552,timecap,0.00335173021483245,-8.900000000000574,11.750000000000371,-1.1722630882191771,-21.822263088220122,48.0,1,0.9521625279436263,-21.822263088220122,-27.69726308822031,-23.188508330959845
GBP_USD,continuation,-1,2024-05-08 05:00:00+00:00,2024-05-08 09:00:00+00:00,1.24752,2024-05-10 06:00:00+00:00,1.2529957533349356,sl,0.0027378766674678407,-54.75753334935662,1.7500000000003624,-1.175346831780822,-57.682880181137804,45.0,1,1.0719507446347358,-57.682880181137804,-58.55788018113798,-59.04912542387753
GBP_USD,continuation,-1,2024-06-17 05:00:00+00:00,2024-06-17 09:00:00+00:00,1.26746,2024-06-19 06:35:00+00:00,1.2729335889869975,sl,0.002736794493498693,-54.73588986997457,1.5999999999993797,-0.587673415890411,-56.92356328586437,45.583333333333336,1,0.9512758287585703,-56.92356328586437,-57.72356328586405,-57.60668590723423
GBP_USD,continuation,1,2024-07-03 05:00:00+00:00,2024-07-03 09:00:00+00:00,1.26958,2024-07-03 13:40:00+00:00,1.2742362496883093,tp,0.002328124844154622,46.56249688309355,1.9000000000002348,0.0,44.66249688309332,4.666666666666667,1,1.0787799343345967,44.66249688309332,43.7124968830932,44.66249688309332
GBP_USD,continuation,1,2024-07-04 13:00:00+00:00,2024-07-04 17:00:00+00:00,1.27612,2024-07-05 12:30:00+00:00,1.2807117757937916,tp,0.002295887896895813,45.91775793791663,1.8499999999999073,-0.45507244273972597,43.612685495177,19.5,1,0.618721779408571,43.612685495177,42.68768549517704,43.205337655177
GBP_USD,continuation,-1,2024-07-23 21:00:00+00:00,2024-07-24 01:00:00+00:00,1.28971,2024-07-24 13:40:00+00:00,1.2935769249195705,sl,0.0019334624597853538,-38.66924919570636,2.0500000000001073,0.0,-40.71924919570647,12.666666666666666,1,0.39241122839598896,-40.71924919570647,-41.744249195706516,-40.71924919570647
NZD_JPY,signal,1,2021-01-17 22:00:00+00:00,2021-01-18 02:00:00+00:00,73.933,2021-01-20 02:00:00+00:00,73.926,timecap,0.2604720537175671,-0.7000000000005002,1.8499999999995964,-1.5014678767123288,-4.051467876712426,48.0,1,0.8517758218272827,-4.051467876712426,-4.976467876712224,-5.928935719178179
NZD_JPY,signal,1,2021-05-21 05:00:00+00:00,2021-05-21 09:00:00+00:00,78.078,2021-05-24 23:50:00+00:00,78.5654633286409,tp,0.24373166432045096,48.746332864089936,1.999999999999602,-0.5651393424657535,46.18119352162458,86.83333333333333,1,1.1199216837983357,46.18119352162458,45.18119352162478,45.43020638463828
NZD_JPY,signal,1,2021-07-06 21:00:00+00:00,2021-07-07 01:00:00+00:00,77.435,2021-07-07 11:50:00+00:00,78.05385888223731,tp,0.30942944111865356,61.88588822373049,1.8999999999998352,0.0,59.985888223730655,10.833333333333334,1,0.6912126744296019,59.985888223730655,59.03588822373074,59.985888223730655
NZD_JPY,signal,1,2021-07-09 01:00:00+00:00,2021-07-09 05:00:00+00:00,76.316,2021-07-09 18:35:00+00:00,77.07715767138106,tp,0.3805788356905304,76.11576713810564,1.850000000000307,0.0,74.26576713810533,13.583333333333334,1,0.9589056511200286,74.26576713810533,73.34076713810518,74.26576713810533
NZD_JPY,signal,-1,2021-07-23 01:00:00+00:00,2021-07-23 05:00:00+00:00,76.879,2021-07-27 05:00:00+00:00,77.066,timecap,0.32586906177326325,-18.69999999999976,2.1500000000003183,-0.5838760410958903,-21.43387604109597,96.0,1,0.44351571728260014,-21.43387604109597,-22.50887604109613,-21.796962876712406
NZD_JPY,signal,1,2021-08-18 21:00:00+00:00,2021-08-19 01:00:00+00:00,75.328,2021-08-19 09:00:00+00:00,74.66476656880091,sl,0.3316167155995427,-66.32334311990888,2.0000000000003126,0.0,-68.3233431199092,8.0,1,0.5555933335895669,-68.3233431199092,-69.32334311990935,-68.3233431199092
NZD_JPY,signal,-1,2021-10-18 21:00:00+00:00,2021-10-19 01:00:00+00:00,80.982,2021-10-19 07:10:00+00:00,81.53687902927562,sl,0.27743951463781363,-55.487902927562516,1.749999999999119,0.0,-57.237902927561635,6.166666666666667,1,0.4120492437008108,-57.237902927561635,-58.112902927561194,-57.237902927561635
NZD_JPY,signal,1,2021-12-01 18:00:00+00:00,2021-12-01 22:00:00+00:00,76.788,2021-12-03 20:00:00+00:00,75.97259677787714,sl,0.40770161106142316,-81.54032221228533,10.299999999999443,0.0,-91.84032221228478,46.0,1,0.7919061366104299,-91.84032221228478,-96.9903222122845,-91.84032221228478
NZD_JPY,signal,-1,2022-01-12 22:00:00+00:00,2022-01-13 02:00:00+00:00,78.423,2022-01-14 03:30:00+00:00,77.8999420660469,tp,0.2615289669765503,52.30579339530976,3.1500000000001194,0.0,49.155793395309644,25.5,1,0.6702728327026776,49.155793395309644,47.580793395309584,49.155793395309644
NZD_JPY,signal,1,2022-01-25 02:00:00+00:00,2022-01-25 06:00:00+00:00,76.016,2022-01-26 19:00:00+00:00,76.66103408134765,tp,0.32251704067382136,64.50340813476458,2.999999999999403,-0.4385400273972604,61.06486810736792,37.0,1,0.7334922373252593,61.06486810736792,59.56486810736822,59.562893833395314
NZD_JPY,signal,-1,2022-03-03 02:00:00+00:00,2022-03-03 06:00:00+00:00,78.434,2022-03-07 00:05:00+00:00,79.07787796639927,sl,0.3219389831996339,-64.38779663992733,1.6999999999995907,-0.5608349657534245,-66.64863160568035,90.08333333333333,1,0.23513492312519613,-66.64863160568035,-67.49863160568015,-66.83017502348856
NZD_JPY,signal,-1,2022-03-23 17:00:00+00:00,2022-03-23 21:00:00+00:00,84.478,2022-03-25 21:00:00+00:00,84.938,timecap,0.3902005502927444,-46.000000000000796,19.950000000000045,-0.5608349657534245,-66.51083496575427,48.0,1,0.4609215731277592,-66.51083496575427,-76.4858349657543,-66.69237838356248
NZD_JPY,signal,1,2022-04-26 09:00:00+00:00,2022-04-26 13:00:00+00:00,84.188,2022-04-28 07:40:00+00:00,85.24023956597085,tp,0.526119782985427,105.22395659708508,1.9000000000005457,0.4291716780821913,103.75312827516672,42.666666666666664,1,0.8356344011644359,103.75312827516672,102.80312827516644,101.87566043270097
NZD_JPY,signal,1,2022-05-02 09:00:00+00:00,2022-05-02 13:00:00+00:00,83.568,2022-05-04 13:00:00+00:00,83.856,timecap,0.5147144069706904,28.79999999999967,1.950000000000074,0.9558248287671228,27.80582482876672,48.0,1,0.6843855873297017,27.80582482876672,26.830824828766684,25.928356986300965
NZD_JPY,signal,-1,2022-05-31 17:00:00+00:00,2022-05-31 21:00:00+00:00,83.822,2022-06-01 12:55:00+00:00,84.54408781799921,sl,0.36104390899960664,-72.20878179992098,8.099999999999596,0.0,-80.30878179992058,15.916666666666666,1,0.6644802753825471,-80.30878179992058,-84.35878179992038,-80.30878179992058
NZD_JPY,signal,-1,2022-06-07 17:00:00+00:00,2022-06-07 21:00:00+00:00,86.07,2022-06-08 13:50:00+00:00,86.80693767893575,sl,0.36846883946787834,-73.69376789357602,8.549999999999613,0.0,-82.24376789357564,16.833333333333332,1,0.5965656913273737,-82.24376789357564,-86.51876789357544,-82.24376789357564
NZD_JPY,signal,1,2022-06-14 09:00:00+00:00,2022-06-14 13:00:00+00:00,84.028,2022-06-16 09:30:00+00:00,83.04908125674886,sl,0.4894593716255725,-97.89187432511426,2.049999999999841,1.5635015410958897,-98.37837278401821,44.5,1,1.0758610907543555,-98.37837278401821,-99.40337278401813,-100.25584062648396
NZD_JPY,signal,-1,2022-06-20 05:00:00+00:00,2022-06-20 09:00:00+00:00,85.538,2022-06-22 09:00:00+00:00,85.137,timecap,0.5374005519232024,40.099999999999625,1.8999999999998352,-4.348686472602739,33.85131352739705,48.0,1,0.7007501749172521,33.85131352739705,32.901313527397136,32.943596438355954
NZD_JPY,signal,-1,2022-08-04 05:00:00+00:00,2022-08-04 09:00:00+00:00,84.635,2022-08-04 14:35:00+00:00,83.73200384100838,tp,0.45149807949581094,90.29961589916269,2.099999999999369,0.0,88.19961589916332,5.583333333333333,1,0.9668873191098514,88.19961589916332,87.14961589916363,88.19961589916332
NZD_JPY,signal,-1,2022-09-05 21:00:00+00:00,2022-09-06 01:00:00+00:00,85.95,2022-09-06 22:50:00+00:00,86.58075203235683,sl,0.3153760161784089,-63.07520323568241,2.300000000000324,-4.462372657534246,-69.83757589321698,21.833333333333332,1,0.91343230456642,-69.83757589321698,-70.98757589321714,-70.56374956444985
NZD_JPY,signal,-1,2022-09-08 21:00:00+00:00,2022-09-09 01:00:00+00:00,87.462,2022-09-11 21:00:00+00:00,86.76298877552517,tp,0.34950561223741666,69.90112244748303,5.950000000000699,-1.1155931643835615,62.83552928309877,68.0,1,0.8584624046423863,62.83552928309877,59.86052928309842,62.65398586529055
NZD_JPY,signal,1,2022-09-13 17:00:00+00:00,2022-09-13 21:00:00+00:00,86.704,2022-09-14 07:00:00+00:00,85.92398746610189,sl,0.39000626694904944,-78.00125338981019,7.549999999999102,0.0,-85.55125338980929,10.0,1,0.7261598246263116,-85.55125338980929,-89.32625338980884,-85.55125338980929
NZD_JPY,signal,-1,2022-10-12 17:00:00+00:00,2022-10-12 21:00:00+00:00,82.276,2022-10-13 13:20:00+00:00,81.24309749629401,tp,0.5164512518529946,103.29025037059836,17.549999999999955,0.0,85.7402503705984,16.333333333333332,1,0.927295543076718,85.7402503705984,76.96525037059843,85.7402503705984
NZD_JPY,signal,-1,2022-10-30 21:00:00+00:00,2022-10-31 01:00:00+00:00,86.076,2022-11-02 01:00:00+00:00,86.068,timecap,0.4714959162520271,0.7999999999995566,2.099999999999369,-6.2952775410958886,-7.595277541095701,48.0,1,0.6738666298536873,-7.595277541095701,-8.645277541095385,-8.502994630136797
NZD_JPY,signal,-1,2022-11-07 18:00:00+00:00,2022-11-07 22:00:00+00:00,87.102,2022-11-09 09:45:00+00:00,86.26188213875427,tp,0.42005893062286725,84.011786124573,5.299999999999727,-5.088279671232875,73.62350645334041,35.75,1,0.4506135075129482,73.62350645334041,70.97350645334055,72.89733278210753
NZD_JPY,signal,-1,2022-11-21 06:00:00+00:00,2022-11-21 10:00:00+00:00,86.636,2022-11-23 07:45:00+00:00,87.42248524881018,sl,0.39324262440509167,-78.64852488101803,1.950000000000074,-6.3603495890410935,-86.9588744700592,45.75,1,1.0693399232911025,-86.9588744700592,-87.93387447005924,-87.8665915591003
NZD_JPY,signal,1,2022-12-21 06:00:00+00:00,2022-12-21 10:00:00+00:00,82.881,2022-12-23 10:00:00+00:00,83.36,timecap,0.615189044814062,47.89999999999992,2.1000000000000796,0.789220130136986,46.58922013013683,48.0,1,1.0881000937214398,46.58922013013683,45.53922013013679,46.213726561643675
NZD_JPY,signal,-1,2023-01-06 02:00:00+00:00,2023-01-06 06:00:00+00:00,83.574,2023-01-09 09:15:00+00:00,84.60274296312978,sl,0.5143714815648965,-102.87429631297869,1.9499999999993634,-1.4044928013698625,-106.22878911434792,75.25,1,0.7075823292229858,-106.22878911434792,-107.2037891143476,-106.41033253215613
NZD_JPY,signal,1,2023-02-03 18:00:00+00:00,2023-02-05 22:00:00+00:00,83.526,2023-02-07 15:45:00+00:00,82.72973011695036,sl,0.3981349415248182,-79.62698830496322,10.650000000000404,0.8978423424657532,-89.37914596249787,41.75,1,0.43008494046290585,-89.37914596249787,-94.70414596249807,-89.75463953099103
NZD_JPY,signal,-1,2023-03-14 13:00:00+00:00,2023-03-14 17:00:00+00:00,83.666,2023-03-15 10:50:00+00:00,82.68267102556311,tp,0.4916644872184465,98.3328974436887,2.0000000000003126,-5.959282958904109,90.37361448478427,17.833333333333332,1,1.087673808455862,90.37361448478427,89.37361448478411,89.6474408135514
NZD_JPY,signal,-1,2023-03-29 09:00:00+00:00,2023-03-29 13:00:00+00:00,82.534,2023-03-30 23:45:00+00:00,83.36470037853441,sl,0.41535018926720046,-83.07003785344023,2.0000000000003126,-1.4898207397260272,-86.55985859316657,34.75,1,1.0583837898096133,-86.55985859316657,-87.55985859316672,-86.74140201097478
NZD_JPY,signal,-1,2023-10-09 21:00:00+00:00,2023-10-10 01:00:00+00:00,89.546,2023-10-12 01:00:00+00:00,89.766,timecap,0.34073676945424636,-21.999999999999886,2.2999999999996135,-8.123878047945203,-32.423878047944704,48.0,1,0.6179500808005971,-32.423878047944704,-33.57387804794451,-33.3315951369858
NZD_JPY,signal,1,2023-10-12 17:00:00+00:00,2023-10-12 21:00:00+00:00,88.873,2023-10-13 10:30:00+00:00,88.30831110813784,sl,0.28234444593108127,-56.46888918621613,11.200000000000188,0.0,-67.66888918621632,13.5,1,0.8056398919691385,-67.66888918621632,-73.26888918621641,-67.66888918621632
NZD_JPY,signal,-1,2024-01-04 02:00:00+00:00,2024-01-04 06:00:00+00:00,90.035,2024-01-08 06:00:00+00:00,90.037,timecap,0.3380973386689516,-0.20000000000095497,2.4500000000003297,-1.6131284726027395,-4.263128472604024,96.0,1,0.6626632627397477,-4.263128472604024,-5.488128472604189,-4.444671890412243
NZD_JPY,signal,-1,2024-02-16 06:00:00+00:00,2024-02-16 10:00:00+00:00,91.814,2024-02-19 17:05:00+00:00,92.28040949533751,sl,0.23320474766875607,-46.64094953375155,2.7000000000001023,-1.6288267876712326,-50.969776321422884,79.08333333333333,1,0.9060134584181004,-50.969776321422884,-52.319776321422935,-51.151319739231106
NZD_JPY,signal,1,2024-04-14 21:00:00+00:00,2024-04-15 01:00:00+00:00,91.081,2024-04-17 01:00:00+00:00,91.258,timecap,0.3173876790952257,17.69999999999925,2.3999999999993804,5.152592123287669,20.452592123287538,48.0,1,0.615810203220941,20.452592123287538,19.252592123287847,18.575124280821786
NZD_JPY,signal,1,2024-07-15 05:00:00+00:00,2024-07-15 09:00:00+00:00,96.264,2024-07-17 07:25:00+00:00,95.53385221869507,sl,0.3650738906524591,-73.01477813049218,2.6499999999998636,5.0500466780821895,-70.61473145240984,46.416666666666664,1,0.8064656128540705,-70.61473145240984,-71.93973145240977,-72.4921992948756
NZD_JPY,signal,1,2024-08-01 21:00:00+00:00,2024-08-02 01:00:00+00:00,88.694,2024-08-02 15:25:00+00:00,87.4457727753878,sl,0.624113612306107,-124.82272246122079,2.850000000000108,0.0,-127.6727224612209,14.416666666666666,1,0.6198351580547179,-127.6727224612209,-129.09772246122094,-127.6727224612209
NZD_JPY,signal,-1,2024-08-13 05:00:00+00:00,2024-08-13 09:00:00+00:00,89.279,2024-08-14 02:35:00+00:00,88.13963263759085,tp,0.5696836812045705,113.93673624091463,2.449999999999619,-5.8640802739726015,105.6226559669424,17.583333333333332,1,0.4840608691792999,105.6226559669424,104.3976559669426,104.89648229570953
NZD_JPY,signal,-1,2024-08-18 21:00:00+00:00,2024-08-19 01:00:00+00:00,89.526,2024-08-19 05:30:00+00:00,88.6327516359926,tp,0.44662418200369447,89.32483640073912,3.049999999999642,0.0,86.27483640073947,4.5,1,0.5124874831887178,86.27483640073947,84.74983640073965,86.27483640073947
NZD_JPY,signal,-1,2024-08-27 05:00:00+00:00,2024-08-27 09:00:00+00:00,90.201,2024-08-29 01:45:00+00:00,90.93880798550484,sl,0.3689039927524231,-73.7807985504844,2.499999999999858,-7.330100342465752,-83.61089889295002,40.75,1,1.011566471512209,-83.61089889295002,-84.86089889294995,-84.5186159819911
NZD_JPY,signal,-1,2024-09-02 05:00:00+00:00,2024-09-02 09:00:00+00:00,91.433,2024-09-03 04:10:00+00:00,90.69681492447371,tp,0.36809253776314854,73.61850755262935,2.549999999999386,-1.4027204109589035,69.66578714167106,19.166666666666668,1,1.086510828401837,69.66578714167106,68.39078714167137,69.48424372386285
NZD_JPY,signal,1,2024-09-16 05:00:00+00:00,2024-09-16 09:00:00+00:00,86.568,2024-09-16 23:15:00+00:00,87.37732093297245,tp,0.4046604664862264,80.93209329724544,2.5500000000000966,0.8456834246575339,79.22777672190288,14.25,1,0.8370626426032374,79.22777672190288,77.95277672190284,78.85228315340973
NZD_JPY,signal,-1,2024-09-24 01:00:00+00:00,2024-09-24 05:00:00+00:00,90.276,2024-09-24 21:00:00+00:00,90.782,data_end,0.46122713440615515,-50.60000000000002,10.649999999999693,-5.610881643835614,-66.86088164383533,16.0,1,0.6848231384069191,-66.86088164383533,-72.18588164383517,-67.58705531506821
NZD_JPY,coin,-1,2021-01-17 22:00:00+00:00,2021-01-18 02:00:00+00:00,73.933,2021-01-20 02:00:00+00:00,73.926,timecap,0.2604720537175671,0.7000000000005002,1.8499999999995964,-1.2837170547945203,-2.4337170547936164,48.0,1,0.8517758218272827,-2.4337170547936164,-3.3587170547934146,-3.341434143834712
NZD_JPY,coin,-1,2021-05-21 05:00:00+00:00,2021-05-21 09:00:00+00:00,78.078,2021-05-24 23:50:00+00:00,78.5654633286409,sl,0.24373166432045096,-48.746332864089936,1.999999999999602,-0.5489346301369862,-51.29526749422652,86.83333333333333,1,1.1199216837983357,-51.29526749422652,-52.29526749422632,-51.658354329842965
NZD_JPY,coin,1,2021-07-06 21:00:00+00:00,2021-07-07 01:00:00+00:00,77.435,2021-07-07 11:50:00+00:00,78.05385888223731,tp,0.30942944111865356,61.88588822373049,1.8999999999998352,0.0,59.985888223730655,10.833333333333334,1,0.6912126744296019,59.985888223730655,59.03588822373074,59.985888223730655
NZD_JPY,coin,-1,2021-07-09 01:00:00+00:00,2021-07-09 05:00:00+00:00,76.316,2021-07-09 18:35:00+00:00,77.07715767138106,sl,0.3805788356905304,-76.11576713810564,1.850000000000307,0.0,-77.96576713810595,13.583333333333334,1,0.9589056511200286,-77.96576713810595,-78.8907671381061,-77.96576713810595
NZD_JPY,coin,-1,2021-07-23 01:00:00+00:00,2021-07-23 05:00:00+00:00,76.879,2021-07-27 05:00:00+00:00,77.066,timecap,0.32586906177326325,-18.69999999999976,2.1500000000003183,-0.5838760410958903,-21.43387604109597,96.0,1,0.44351571728260014,-21.43387604109597,-22.50887604109613,-21.796962876712406
NZD_JPY,coin,1,2021-08-18 21:00:00+00:00,2021-08-19 01:00:00+00:00,75.328,2021-08-19 09:00:00+00:00,74.66476656880091,sl,0.3316167155995427,-66.32334311990888,2.0000000000003126,0.0,-68.3233431199092,8.0,1,0.5555933335895669,-68.3233431199092,-69.32334311990935,-68.3233431199092
NZD_JPY,coin,-1,2021-10-18 21:00:00+00:00,2021-10-19 01:00:00+00:00,80.982,2021-10-19 07:10:00+00:00,81.53687902927562,sl,0.27743951463781363,-55.487902927562516,1.749999999999119,0.0,-57.237902927561635,6.166666666666667,1,0.4120492437008108,-57.237902927561635,-58.112902927561194,-57.237902927561635
NZD_JPY,coin,1,2021-12-01 18:00:00+00:00,2021-12-01 22:00:00+00:00,76.788,2021-12-03 20:00:00+00:00,75.97259677787714,sl,0.40770161106142316,-81.54032221228533,10.299999999999443,0.0,-91.84032221228478,46.0,1,0.7919061366104299,-91.84032221228478,-96.9903222122845,-91.84032221228478
NZD_JPY,coin,1,2022-01-12 22:00:00+00:00,2022-01-13 02:00:00+00:00,78.423,2022-01-14 03:30:00+00:00,77.8999420660469,sl,0.2615289669765503,-52.30579339530976,3.1500000000001194,0.0,-55.45579339530988,25.5,1,0.6702728327026776,-55.45579339530988,-57.03079339530994,-55.45579339530988
NZD_JPY,coin,1,2022-01-25 02:00:00+00:00,2022-01-25 06:00:00+00:00,76.016,2022-01-26 19:00:00+00:00,76.66103408134765,tp,0.32251704067382136,64.50340813476458,2.999999999999403,-0.4385400273972604,61.06486810736792,37.0,1,0.7334922373252593,61.06486810736792,59.56486810736822,59.562893833395314
NZD_JPY,coin,1,2022-03-03 02:00:00+00:00,2022-03-03 06:00:00+00:00,78.434,2022-03-07 00:05:00+00:00,79.07787796639927,tp,0.3219389831996339,64.38779663992733,1.6999999999995907,0.0037979794520547265,62.69159461937979,90.08333333333333,1,0.23513492312519613,62.69159461937979,61.84159461938,62.316101050886644
NZD_JPY,coin,1,2022-03-23 17:00:00+00:00,2022-03-23 21:00:00+00:00,84.478,2022-03-25 21:00:00+00:00,84.938,timecap,0.3902005502927444,46.000000000000796,19.950000000000045,0.0037979794520547265,26.053797979452806,48.0,1,0.4609215731277592,26.053797979452806,16.078797979452784,25.678304410959655
NZD_JPY,coin,1,2022-04-26 09:00:00+00:00,2022-04-26 13:00:00+00:00,84.188,2022-04-28 07:40:00+00:00,85.24023956597085,tp,0.526119782985427,105.22395659708508,1.9000000000005457,0.4291716780821913,103.75312827516672,42.666666666666664,1,0.8356344011644359,103.75312827516672,102.80312827516644,101.87566043270097
NZD_JPY,coin,-1,2022-05-02 09:00:00+00:00,2022-05-02 13:00:00+00:00,83.568,2022-05-04 13:00:00+00:00,83.856,timecap,0.5147144069706904,-28.79999999999967,1.950000000000074,-3.741009760273972,-34.49100976027371,48.0,1,0.6843855873297017,-34.49100976027371,-35.46600976027375,-35.39872684931481
NZD_JPY,coin,-1,2022-05-31 17:00:00+00:00,2022-05-31 21:00:00+00:00,83.822,2022-06-01 12:55:00+00:00,84.54408781799921,sl,0.36104390899960664,-72.20878179992098,8.099999999999596,0.0,-80.30878179992058,15.916666666666666,1,0.6644802753825471,-80.30878179992058,-84.35878179992038,-80.30878179992058
NZD_JPY,coin,-1,2022-06-07 17:00:00+00:00,2022-06-07 21:00:00+00:00,86.07,2022-06-08 13:50:00+00:00,86.80693767893575,sl,0.36846883946787834,-73.69376789357602,8.549999999999613,0.0,-82.24376789357564,16.833333333333332,1,0.5965656913273737,-82.24376789357564,-86.51876789357544,-82.24376789357564
NZD_JPY,coin,-1,2022-06-14 09:00:00+00:00,2022-06-14 13:00:00+00:00,84.028,2022-06-16 09:30:00+00:00,83.04908125674886,tp,0.4894593716255725,97.89187432511426,2.049999999999841,-4.348686472602739,91.49318785251168,44.5,1,1.0758610907543555,91.49318785251168,90.46818785251176,90.58547076347058
NZD_JPY,coin,-1,2022-06-20 05:00:00+00:00,2022-06-20 09:00:00+00:00,85.538,2022-06-22 09:00:00+00:00,85.137,timecap,0.5374005519232024,40.099999999999625,1.8999999999998352,-4.348686472602739,33.85131352739705,48.0,1,0.7007501749172521,33.85131352739705,32.901313527397136,32.943596438355954
NZD_JPY,coin,1,2022-08-04 05:00:00+00:00,2022-08-04 09:00:00+00:00,84.635,2022-08-04 14:35:00+00:00,83.73200384100838,sl,0.45149807949581094,-90.29961589916269,2.099999999999369,0.0,-92.39961589916206,5.583333333333333,1,0.9668873191098514,-92.39961589916206,-93.44961589916174,-92.39961589916206
NZD_JPY,coin,1,2022-09-05 21:00:00+00:00,2022-09-06 01:00:00+00:00,85.95,2022-09-06 22:50:00+00:00,86.58075203235683,tp,0.3153760161784089,63.07520323568241,2.300000000000324,2.2342247123287664,63.00942794801085,21.833333333333332,1,0.91343230456642,63.00942794801085,61.85942794801069,61.507453674038246
NZD_JPY,coin,1,2022-09-08 21:00:00+00:00,2022-09-09 01:00:00+00:00,87.462,2022-09-11 21:00:00+00:00,86.506,sl_gap,0.34950561223741666,-95.6000000000003,5.950000000000699,0.5585561780821916,-100.99144382191882,68.0,1,0.8584624046423863,-100.99144382191882,-103.96644382191917,-101.36693739041196
NZD_JPY,coin,1,2022-09-13 17:00:00+00:00,2022-09-13 21:00:00+00:00,86.704,2022-09-14 07:00:00+00:00,85.92398746610189,sl,0.39000626694904944,-78.00125338981019,7.549999999999102,0.0,-85.55125338980929,10.0,1,0.7261598246263116,-85.55125338980929,-89.32625338980884,-85.55125338980929
NZD_JPY,coin,-1,2022-10-12 17:00:00+00:00,2022-10-12 21:00:00+00:00,82.276,2022-10-13 13:20:00+00:00,81.24309749629401,tp,0.5164512518529946,103.29025037059836,17.549999999999955,0.0,85.7402503705984,16.333333333333332,1,0.927295543076718,85.7402503705984,76.96525037059843,85.7402503705984
NZD_JPY,coin,1,2022-10-30 21:00:00+00:00,2022-10-31 01:00:00+00:00,86.076,2022-11-02 01:00:00+00:00,86.068,timecap,0.4714959162520271,-0.7999999999995566,2.099999999999369,3.51009260958904,0.6100926095901142,48.0,1,0.6738666298536873,0.6100926095901142,-0.4399073904095703,-1.2673752328756396
NZD_JPY,coin,-1,2022-11-07 18:00:00+00:00,2022-11-07 22:00:00+00:00,87.102,2022-11-09 09:45:00+00:00,86.26188213875427,tp,0.42005893062286725,84.011786124573,5.299999999999727,-5.088279671232875,73.62350645334041,35.75,1,0.4506135075129482,73.62350645334041,70.97350645334055,72.89733278210753
NZD_JPY,coin,-1,2022-11-21 06:00:00+00:00,2022-11-21 10:00:00+00:00,86.636,2022-11-23 07:45:00+00:00,87.42248524881018,sl,0.39324262440509167,-78.64852488101803,1.950000000000074,-6.3603495890410935,-86.9588744700592,45.75,1,1.0693399232911025,-86.9588744700592,-87.93387447005924,-87.8665915591003
NZD_JPY,coin,1,2022-12-21 06:00:00+00:00,2022-12-21 10:00:00+00:00,82.881,2022-12-23 10:00:00+00:00,83.36,timecap,0.615189044814062,47.89999999999992,2.1000000000000796,0.789220130136986,46.58922013013683,48.0,1,1.0881000937214398,46.58922013013683,45.53922013013679,46.213726561643675
NZD_JPY,coin,-1,2023-01-06 02:00:00+00:00,2023-01-06 06:00:00+00:00,83.574,2023-01-09 09:15:00+00:00,84.60274296312978,sl,0.5143714815648965,-102.87429631297869,1.9499999999993634,-1.4044928013698625,-106.22878911434792,75.25,1,0.7075823292229858,-106.22878911434792,-107.2037891143476,-106.41033253215613
NZD_JPY,coin,1,2023-02-03 18:00:00+00:00,2023-02-05 22:00:00+00:00,83.526,2023-02-07 15:45:00+00:00,82.72973011695036,sl,0.3981349415248182,-79.62698830496322,10.650000000000404,0.8978423424657532,-89.37914596249787,41.75,1,0.43008494046290585,-89.37914596249787,-94.70414596249807,-89.75463953099103
NZD_JPY,coin,1,2023-03-14 13:00:00+00:00,2023-03-14 17:00:00+00:00,83.666,2023-03-15 10:50:00+00:00,82.68267102556311,sl,0.4916644872184465,-98.3328974436887,2.0000000000003126,3.73113501369863,-96.60176242999037,17.833333333333332,1,1.087673808455862,-96.60176242999037,-97.60176242999053,-98.10373670396298
NZD_JPY,coin,1,2023-03-29 09:00:00+00:00,2023-03-29 13:00:00+00:00,82.534,2023-03-30 23:45:00+00:00,83.36470037853441,tp,0.41535018926720046,83.07003785344023,2.0000000000003126,0.9327837534246575,82.00282160686457,34.75,1,1.0583837898096133,82.00282160686457,81.00282160686442,81.62732803837142
NZD_JPY,coin,-1,2023-10-09 21:00:00+00:00,2023-10-10 01:00:00+00:00,89.546,2023-10-12 01:00:00+00:00,89.766,timecap,0.34073676945424636,-21.999999999999886,2.2999999999996135,-8.123878047945203,-32.423878047944704,48.0,1,0.6179500808005971,-32.423878047944704,-33.57387804794451,-33.3315951369858
NZD_JPY,coin,-1,2023-10-12 17:00:00+00:00,2023-10-12 21:00:00+00:00,88.873,2023-10-13 10:30:00+00:00,88.30831110813784,tp,0.28234444593108127,56.46888918621613,11.200000000000188,0.0,45.268889186215944,13.5,1,0.8056398919691385,45.268889186215944,39.66888918621585,45.268889186215944
NZD_JPY,coin,1,2024-01-04 02:00:00+00:00,2024-01-04 06:00:00+00:00,90.035,2024-01-08 06:00:00+00:00,90.037,timecap,0.3380973386689516,0.20000000000095497,2.4500000000003297,1.0560914863013695,-1.1939085136980052,96.0,1,0.6626632627397477,-1.1939085136980052,-2.4189085136981703,-1.5694020821911558
NZD_JPY,coin,1,2024-02-16 06:00:00+00:00,2024-02-16 10:00:00+00:00,91.814,2024-02-19 17:05:00+00:00,92.28040949533751,tp,0.23320474766875607,46.64094953375155,2.7000000000001023,1.0717898013698626,45.01273933512131,79.08333333333333,1,0.9060134584181004,45.01273933512131,43.66273933512126,44.63724576662816
NZD_JPY,coin,-1,2024-04-14 21:00:00+00:00,2024-04-15 01:00:00+00:00,91.081,2024-04-17 01:00:00+00:00,91.258,timecap,0.3173876790952257,-17.69999999999925,2.3999999999993804,-7.937777054794517,-28.037777054793146,48.0,1,0.615810203220941,-28.037777054793146,-29.237777054792836,-28.945494143834246
NZD_JPY,coin,1,2024-07-15 05:00:00+00:00,2024-07-15 09:00:00+00:00,96.264,2024-07-17 07:25:00+00:00,95.53385221869507,sl,0.3650738906524591,-73.01477813049218,2.6499999999998636,5.0500466780821895,-70.61473145240984,46.416666666666664,1,0.8064656128540705,-70.61473145240984,-71.93973145240977,-72.4921992948756
NZD_JPY,coin,1,2024-08-01 21:00:00+00:00,2024-08-02 01:00:00+00:00,88.694,2024-08-02 15:25:00+00:00,87.4457727753878,sl,0.624113612306107,-124.82272246122079,2.850000000000108,0.0,-127.6727224612209,14.416666666666666,1,0.6198351580547179,-127.6727224612209,-129.09772246122094,-127.6727224612209
NZD_JPY,coin,1,2024-08-13 05:00:00+00:00,2024-08-13 09:00:00+00:00,89.279,2024-08-14 02:35:00+00:00,88.13963263759085,sl,0.5696836812045705,-113.93673624091463,2.449999999999619,3.635932328767122,-112.75080391214712,17.583333333333332,1,0.4840608691792999,-112.75080391214712,-113.97580391214693,-114.25277818611973
NZD_JPY,coin,1,2024-08-18 21:00:00+00:00,2024-08-19 01:00:00+00:00,89.526,2024-08-19 05:30:00+00:00,88.6327516359926,sl,0.44662418200369447,-89.32483640073912,3.049999999999642,0.0,-92.37483640073876,4.5,1,0.5124874831887178,-92.37483640073876,-93.89983640073858,-92.37483640073876
NZD_JPY,coin,-1,2024-08-27 05:00:00+00:00,2024-08-27 09:00:00+00:00,90.201,2024-08-29 01:45:00+00:00,90.93880798550484,sl,0.3689039927524231,-73.7807985504844,2.499999999999858,-7.330100342465752,-83.61089889295002,40.75,1,1.011566471512209,-83.61089889295002,-84.86089889294995,-84.5186159819911
NZD_JPY,coin,1,2024-09-02 05:00:00+00:00,2024-09-02 09:00:00+00:00,91.433,2024-09-03 04:10:00+00:00,90.69681492447371,sl,0.36809253776314854,-73.61850755262935,2.549999999999386,0.8456834246575339,-75.3228241279712,19.166666666666668,1,1.086510828401837,-75.3228241279712,-76.5978241279709,-75.69831769646436
NZD_JPY,coin,-1,2024-09-16 05:00:00+00:00,2024-09-16 09:00:00+00:00,86.568,2024-09-16 23:15:00+00:00,87.37732093297245,sl,0.4046604664862264,-80.93209329724544,2.5500000000000966,-1.4027204109589035,-84.88481370820445,14.25,1,0.8370626426032374,-84.88481370820445,-86.1598137082045,-85.06635712601266
NZD_JPY,coin,1,2024-09-24 01:00:00+00:00,2024-09-24 05:00:00+00:00,90.276,2024-09-24 21:00:00+00:00,90.782,data_end,0.46122713440615515,50.60000000000002,10.649999999999693,3.3827336986301355,43.33273369863046,16.0,1,0.6848231384069191,43.33273369863046,38.00773369863062,41.83075942465786
NZD_JPY,continuation,-1,2021-01-17 22:00:00+00:00,2021-01-18 02:00:00+00:00,73.933,2021-01-20 02:00:00+00:00,73.926,timecap,0.2604720537175671,0.7000000000005002,1.8499999999995964,-1.2837170547945203,-2.4337170547936164,48.0,1,0.8517758218272827,-2.4337170547936164,-3.3587170547934146,-3.341434143834712
NZD_JPY,continuation,-1,2021-05-21 05:00:00+00:00,2021-05-21 09:00:00+00:00,78.078,2021-05-24 23:50:00+00:00,78.5654633286409,sl,0.24373166432045096,-48.746332864089936,1.999999999999602,-0.5489346301369862,-51.29526749422652,86.83333333333333,1,1.1199216837983357,-51.29526749422652,-52.29526749422632,-51.658354329842965
NZD_JPY,continuation,-1,2021-07-06 21:00:00+00:00,2021-07-07 01:00:00+00:00,77.435,2021-07-07 11:50:00+00:00,78.05385888223731,sl,0.30942944111865356,-61.88588822373049,1.8999999999998352,0.0,-63.785888223730325,10.833333333333334,1,0.6912126744296019,-63.785888223730325,-64.73588822373024,-63.785888223730325
NZD_JPY,continuation,-1,2021-07-09 01:00:00+00:00,2021-07-09 05:00:00+00:00,76.316,2021-07-09 18:35:00+00:00,77.07715767138106,sl,0.3805788356905304,-76.11576713810564,1.850000000000307,0.0,-77.96576713810595,13.583333333333334,1,0.9589056511200286,-77.96576713810595,-78.8907671381061,-77.96576713810595
NZD_JPY,continuation,1,2021-07-23 01:00:00+00:00,2021-07-23 05:00:00+00:00,76.879,2021-07-27 05:00:00+00:00,77.066,timecap,0.32586906177326325,18.69999999999976,2.1500000000003183,-0.5301979315068494,16.019802068492595,96.0,1,0.44351571728260014,16.019802068492595,14.944802068492434,15.268814931506292
NZD_JPY,continuation,-1,2021-08-18 21:00:00+00:00,2021-08-19 01:00:00+00:00,75.328,2021-08-19 09:00:00+00:00,74.66476656880091,tp,0.3316167155995427,66.32334311990888,2.0000000000003126,0.0,64.32334311990857,8.0,1,0.5555933335895669,64.32334311990857,63.323343119908415,64.32334311990857
NZD_JPY,continuation,1,2021-10-18 21:00:00+00:00,2021-10-19 01:00:00+00:00,80.982,2021-10-19 07:10:00+00:00,81.53687902927562,tp,0.27743951463781363,55.487902927562516,1.749999999999119,0.0,53.7379029275634,6.166666666666667,1,0.4120492437008108,53.7379029275634,52.86290292756384,53.7379029275634
NZD_JPY,continuation,-1,2021-12-01 18:00:00+00:00,2021-12-01 22:00:00+00:00,76.788,2021-12-03 20:00:00+00:00,75.97259677787714,tp,0.40770161106142316,81.54032221228533,10.299999999999443,0.0,71.24032221228589,46.0,1,0.7919061366104299,71.24032221228589,66.09032221228617,71.24032221228589
NZD_JPY,continuation,1,2022-01-12 22:00:00+00:00,2022-01-13 02:00:00+00:00,78.423,2022-01-14 03:30:00+00:00,77.8999420660469,sl,0.2615289669765503,-52.30579339530976,3.1500000000001194,0.0,-55.45579339530988,25.5,1,0.6702728327026776,-55.45579339530988,-57.03079339530994,-55.45579339530988
NZD_JPY,continuation,-1,2022-01-25 02:00:00+00:00,2022-01-25 06:00:00+00:00,76.016,2022-01-26 19:00:00+00:00,76.66103408134765,sl,0.32251704067382136,-64.50340813476458,2.999999999999403,-1.7896079178082187,-69.2930160525722,37.0,1,0.7334922373252593,-69.2930160525722,-70.7930160525719,-70.01918972380508
NZD_JPY,continuation,1,2022-03-03 02:00:00+00:00,2022-03-03 06:00:00+00:00,78.434,2022-03-07 00:05:00+00:00,79.07787796639927,tp,0.3219389831996339,64.38779663992733,1.6999999999995907,0.0037979794520547265,62.69159461937979,90.08333333333333,1,0.23513492312519613,62.69159461937979,61.84159461938,62.316101050886644
NZD_JPY,continuation,1,2022-03-23 17:00:00+00:00,2022-03-23 21:00:00+00:00,84.478,2022-03-25 21:00:00+00:00,84.938,timecap,0.3902005502927444,46.000000000000796,19.950000000000045,0.0037979794520547265,26.053797979452806,48.0,1,0.4609215731277592,26.053797979452806,16.078797979452784,25.678304410959655
NZD_JPY,continuation,-1,2022-04-26 09:00:00+00:00,2022-04-26 13:00:00+00:00,84.188,2022-04-28 07:40:00+00:00,85.24023956597085,sl,0.526119782985427,-105.22395659708508,1.9000000000005457,-3.21435660958904,-110.33831320667467,42.666666666666664,1,0.8356344011644359,-110.33831320667467,-111.28831320667494,-111.24603029571576
NZD_JPY,continuation,-1,2022-05-02 09:00:00+00:00,2022-05-02 13:00:00+00:00,83.568,2022-05-04 13:00:00+00:00,83.856,timecap,0.5147144069706904,-28.79999999999967,1.950000000000074,-3.741009760273972,-34.49100976027371,48.0,1,0.6843855873297017,-34.49100976027371,-35.46600976027375,-35.39872684931481
NZD_JPY,continuation,1,2022-05-31 17:00:00+00:00,2022-05-31 21:00:00+00:00,83.822,2022-06-01 12:55:00+00:00,84.54408781799921,tp,0.36104390899960664,72.20878179992098,8.099999999999596,0.0,64.10878179992139,15.916666666666666,1,0.6644802753825471,64.10878179992139,60.05878179992159,64.10878179992139
NZD_JPY,continuation,1,2022-06-07 17:00:00+00:00,2022-06-07 21:00:00+00:00,86.07,2022-06-08 13:50:00+00:00,86.80693767893575,tp,0.36846883946787834,73.69376789357602,8.549999999999613,0.0,65.14376789357641,16.833333333333332,1,0.5965656913273737,65.14376789357641,60.8687678935766,65.14376789357641
NZD_JPY,continuation,-1,2022-06-14 09:00:00+00:00,2022-06-14 13:00:00+00:00,84.028,2022-06-16 09:30:00+00:00,83.04908125674886,tp,0.4894593716255725,97.89187432511426,2.049999999999841,-4.348686472602739,91.49318785251168,44.5,1,1.0758610907543555,91.49318785251168,90.46818785251176,90.58547076347058
NZD_JPY,continuation,1,2022-06-20 05:00:00+00:00,2022-06-20 09:00:00+00:00,85.538,2022-06-22 09:00:00+00:00,85.137,timecap,0.5374005519232024,-40.099999999999625,1.8999999999998352,1.5635015410958897,-40.43649845890357,48.0,1,0.7007501749172521,-40.43649845890357,-41.38649845890349,-42.31396630136933
NZD_JPY,continuation,1,2022-08-04 05:00:00+00:00,2022-08-04 09:00:00+00:00,84.635,2022-08-04 14:35:00+00:00,83.73200384100838,sl,0.45149807949581094,-90.29961589916269,2.099999999999369,0.0,-92.39961589916206,5.583333333333333,1,0.9668873191098514,-92.39961589916206,-93.44961589916174,-92.39961589916206
NZD_JPY,continuation,1,2022-09-05 21:00:00+00:00,2022-09-06 01:00:00+00:00,85.95,2022-09-06 22:50:00+00:00,86.58075203235683,tp,0.3153760161784089,63.07520323568241,2.300000000000324,2.2342247123287664,63.00942794801085,21.833333333333332,1,0.91343230456642,63.00942794801085,61.85942794801069,61.507453674038246
NZD_JPY,continuation,1,2022-09-08 21:00:00+00:00,2022-09-09 01:00:00+00:00,87.462,2022-09-11 21:00:00+00:00,86.506,sl_gap,0.34950561223741666,-95.6000000000003,5.950000000000699,0.5585561780821916,-100.99144382191882,68.0,1,0.8584624046423863,-100.99144382191882,-103.96644382191917,-101.36693739041196
NZD_JPY,continuation,-1,2022-09-13 17:00:00+00:00,2022-09-13 21:00:00+00:00,86.704,2022-09-14 07:00:00+00:00,85.92398746610189,tp,0.39000626694904944,78.00125338981019,7.549999999999102,0.0,70.45125338981109,10.0,1,0.7261598246263116,70.45125338981109,66.67625338981154,70.45125338981109
NZD_JPY,continuation,1,2022-10-12 17:00:00+00:00,2022-10-12 21:00:00+00:00,82.276,2022-10-13 13:20:00+00:00,81.24309749629401,sl,0.5164512518529946,-103.29025037059836,17.549999999999955,0.0,-120.84025037059831,16.333333333333332,1,0.927295543076718,-120.84025037059831,-129.6152503705983,-120.84025037059831
NZD_JPY,continuation,1,2022-10-30 21:00:00+00:00,2022-10-31 01:00:00+00:00,86.076,2022-11-02 01:00:00+00:00,86.068,timecap,0.4714959162520271,-0.7999999999995566,2.099999999999369,3.51009260958904,0.6100926095901142,48.0,1,0.6738666298536873,0.6100926095901142,-0.4399073904095703,-1.2673752328756396
NZD_JPY,continuation,1,2022-11-07 18:00:00+00:00,2022-11-07 22:00:00+00:00,87.102,2022-11-09 09:45:00+00:00,86.26188213875427,sl,0.42005893062286725,-84.011786124573,5.299999999999727,2.860131726027396,-86.45165439854534,35.75,1,0.4506135075129482,-86.45165439854534,-89.10165439854521,-87.95362867251794
NZD_JPY,continuation,1,2022-11-21 06:00:00+00:00,2022-11-21 10:00:00+00:00,86.636,2022-11-23 07:45:00+00:00,87.42248524881018,tp,0.39324262440509167,78.64852488101803,1.950000000000074,3.575164657534245,80.2736895385522,45.75,1,1.0693399232911025,80.2736895385522,79.29868953855217,78.39622169608646
NZD_JPY,continuation,-1,2022-12-21 06:00:00+00:00,2022-12-21 10:00:00+00:00,82.881,2022-12-23 10:00:00+00:00,83.36,timecap,0.615189044814062,-47.89999999999992,2.1000000000000796,-1.3462571164383559,-51.34625711643836,48.0,1,1.0881000937214398,-51.34625711643836,-52.3962571164384,-51.52780053424657
NZD_JPY,continuation,1,2023-01-06 02:00:00+00:00,2023-01-06 06:00:00+00:00,83.574,2023-01-09 09:15:00+00:00,84.60274296312978,tp,0.5143714815648965,102.87429631297869,1.9499999999993634,0.8474558150684928,101.77175212804781,75.25,1,0.7075823292229858,101.77175212804781,100.79675212804813,101.39625855955467
NZD_JPY,continuation,-1,2023-02-03 18:00:00+00:00,2023-02-05 22:00:00+00:00,83.526,2023-02-07 15:45:00+00:00,82.72973011695036,tp,0.3981349415248182,79.62698830496322,10.650000000000404,-1.454879328767123,67.5221089761957,41.75,1,0.43008494046290585,67.5221089761957,62.197108976195494,67.34056555838747
NZD_JPY,continuation,1,2023-03-14 13:00:00+00:00,2023-03-14 17:00:00+00:00,83.666,2023-03-15 10:50:00+00:00,82.68267102556311,sl,0.4916644872184465,-98.3328974436887,2.0000000000003126,3.73113501369863,-96.60176242999037,17.833333333333332,1,1.087673808455862,-96.60176242999037,-97.60176242999053,-98.10373670396298
NZD_JPY,continuation,1,2023-03-29 09:00:00+00:00,2023-03-29 13:00:00+00:00,82.534,2023-03-30 23:45:00+00:00,83.36470037853441,tp,0.41535018926720046,83.07003785344023,2.0000000000003126,0.9327837534246575,82.00282160686457,34.75,1,1.0583837898096133,82.00282160686457,81.00282160686442,81.62732803837142
NZD_JPY,continuation,1,2023-10-09 21:00:00+00:00,2023-10-10 01:00:00+00:00,89.546,2023-10-12 01:00:00+00:00,89.766,timecap,0.34073676945424636,21.999999999999886,2.2999999999996135,5.338693116438354,25.038693116438626,48.0,1,0.6179500808005971,25.038693116438626,23.88869311643882,23.161225273972875
NZD_JPY,continuation,-1,2023-10-12 17:00:00+00:00,2023-10-12 21:00:00+00:00,88.873,2023-10-13 10:30:00+00:00,88.30831110813784,tp,0.28234444593108127,56.46888918621613,11.200000000000188,0.0,45.268889186215944,13.5,1,0.8056398919691385,45.268889186215944,39.66888918621585,45.268889186215944
NZD_JPY,continuation,1,2024-01-04 02:00:00+00:00,2024-01-04 06:00:00+00:00,90.035,2024-01-08 06:00:00+00:00,90.037,timecap,0.3380973386689516,0.20000000000095497,2.4500000000003297,1.0560914863013695,-1.1939085136980052,96.0,1,0.6626632627397477,-1.1939085136980052,-2.4189085136981703,-1.5694020821911558
NZD_JPY,continuation,1,2024-02-16 06:00:00+00:00,2024-02-16 10:00:00+00:00,91.814,2024-02-19 17:05:00+00:00,92.28040949533751,tp,0.23320474766875607,46.64094953375155,2.7000000000001023,1.0717898013698626,45.01273933512131,79.08333333333333,1,0.9060134584181004,45.01273933512131,43.66273933512126,44.63724576662816
NZD_JPY,continuation,-1,2024-04-14 21:00:00+00:00,2024-04-15 01:00:00+00:00,91.081,2024-04-17 01:00:00+00:00,91.258,timecap,0.3173876790952257,-17.69999999999925,2.3999999999993804,-7.937777054794517,-28.037777054793146,48.0,1,0.615810203220941,-28.037777054793146,-29.237777054792836,-28.945494143834246
NZD_JPY,continuation,-1,2024-07-15 05:00:00+00:00,2024-07-15 09:00:00+00:00,96.264,2024-07-17 07:25:00+00:00,95.53385221869507,tp,0.3650738906524591,73.01477813049218,2.6499999999998636,-7.835231609589041,62.52954652090327,46.416666666666664,1,0.8064656128540705,62.52954652090327,61.204546520903335,61.621829431862174
NZD_JPY,continuation,-1,2024-08-01 21:00:00+00:00,2024-08-02 01:00:00+00:00,88.694,2024-08-02 15:25:00+00:00,87.4457727753878,tp,0.624113612306107,124.82272246122079,2.850000000000108,0.0,121.97272246122068,14.416666666666666,1,0.6198351580547179,121.97272246122068,120.54772246122063,121.97272246122068
NZD_JPY,continuation,1,2024-08-13 05:00:00+00:00,2024-08-13 09:00:00+00:00,89.279,2024-08-14 02:35:00+00:00,88.13963263759085,sl,0.5696836812045705,-113.93673624091463,2.449999999999619,3.635932328767122,-112.75080391214712,17.583333333333332,1,0.4840608691792999,-112.75080391214712,-113.97580391214693,-114.25277818611973
NZD_JPY,continuation,1,2024-08-18 21:00:00+00:00,2024-08-19 01:00:00+00:00,89.526,2024-08-19 05:30:00+00:00,88.6327516359926,sl,0.44662418200369447,-89.32483640073912,3.049999999999642,0.0,-92.37483640073876,4.5,1,0.5124874831887178,-92.37483640073876,-93.89983640073858,-92.37483640073876
NZD_JPY,continuation,1,2024-08-27 05:00:00+00:00,2024-08-27 09:00:00+00:00,90.201,2024-08-29 01:45:00+00:00,90.93880798550484,tp,0.3689039927524231,73.7807985504844,2.499999999999858,4.544915410958902,75.82571396144345,40.75,1,1.011566471512209,75.82571396144345,74.57571396144353,73.94824611897769
NZD_JPY,continuation,1,2024-09-02 05:00:00+00:00,2024-09-02 09:00:00+00:00,91.433,2024-09-03 04:10:00+00:00,90.69681492447371,sl,0.36809253776314854,-73.61850755262935,2.549999999999386,0.8456834246575339,-75.3228241279712,19.166666666666668,1,1.086510828401837,-75.3228241279712,-76.5978241279709,-75.69831769646436
NZD_JPY,continuation,-1,2024-09-16 05:00:00+00:00,2024-09-16 09:00:00+00:00,86.568,2024-09-16 23:15:00+00:00,87.37732093297245,sl,0.4046604664862264,-80.93209329724544,2.5500000000000966,-1.4027204109589035,-84.88481370820445,14.25,1,0.8370626426032374,-84.88481370820445,-86.1598137082045,-85.06635712601266
NZD_JPY,continuation,1,2024-09-24 01:00:00+00:00,2024-09-24 05:00:00+00:00,90.276,2024-09-24 21:00:00+00:00,90.782,data_end,0.46122713440615515,50.60000000000002,10.649999999999693,3.3827336986301355,43.33273369863046,16.0,1,0.6848231384069191,43.33273369863046,38.00773369863062,41.83075942465786
NZD_USD,signal,-1,2020-12-09 10:00:00+00:00,2020-12-09 14:00:00+00:00,0.70748,2020-12-09 17:15:00+00:00,0.7032202796916279,tp,0.002129860154186023,42.59720308372072,1.2999999999996348,0.0,41.29720308372109,3.25,1,1.142882280485659,41.29720308372109,40.647203083721266,41.29720308372109
NZD_USD,signal,1,2021-01-11 22:00:00+00:00,2021-01-12 02:00:00+00:00,0.71682,2021-01-12 20:45:00+00:00,0.7226887689386834,tp,0.0029343844693416805,58.687689386833775,1.6499999999997073,0.0,57.03768938683407,18.75,1,0.44706083098711713,57.03768938683407,56.212689386834214,57.03768938683407
NZD_USD,signal,1,2021-03-08 06:00:00+00:00,2021-03-08 10:00:00+00:00,0.7112,2021-03-10 10:00:00+00:00,0.7168,timecap,0.0037778913613001463,55.99999999999938,1.5999999999999348,-0.9063731506849316,53.49362684931451,48.0,1,0.9555667056921447,53.49362684931451,52.69362684931455,52.384101095889854
NZD_USD,signal,1,2021-04-01 01:00:00+00:00,2021-04-01 05:00:00+00:00,0.69529,2021-04-01 13:05:00+00:00,0.700239255492856,tp,0.0024746277464280523,49.49255492856075,1.5999999999999348,0.0,47.89255492856081,8.083333333333334,1,0.8190601668862538,47.89255492856081,47.09255492856085,47.89255492856081
NZD_USD,signal,-1,2021-05-09 21:00:00+00:00,2021-05-10 01:00:00+00:00,0.7283,2021-05-12 01:00:00+00:00,0.72519,timecap,0.0029033864350708686,31.09999999999946,1.7500000000003624,-0.8047968493150682,28.54520315068403,48.0,1,0.4823271163408843,28.54520315068403,27.67020315068385,27.966999589040196
NZD_USD,signal,-1,2021-10-18 21:00:00+00:00,2021-10-19 01:00:00+00:00,0.70963,2021-10-19 06:00:00+00:00,0.714087999975753,sl,0.0022289999878765303,-44.57999975753024,1.5999999999993797,0.0,-46.179999757529615,5.0,1,0.38174491176513375,-46.179999757529615,-46.979999757529306,-46.179999757529615
NZD_USD,signal,-1,2021-10-28 21:00:00+00:00,2021-10-29 01:00:00+00:00,0.71792,2021-11-02 01:00:00+00:00,0.71783,timecap,0.0024792838305097444,0.900000000000345,1.7000000000000348,-0.4469357260273972,-1.246935726027087,96.0,1,0.6832317073170732,-1.246935726027087,-2.0969357260271044,-1.4782171506846211
NZD_USD,signal,1,2021-11-30 02:00:00+00:00,2021-11-30 06:00:00+00:00,0.67943,2021-11-30 15:05:00+00:00,0.6845070293454577,tp,0.0025385146727288687,50.770293454577285,1.7499999999998073,0.0,49.02029345457748,9.083333333333334,1,1.0104700378703497,49.02029345457748,48.145293454577576,49.02029345457748
NZD_USD,signal,-1,2021-12-22 18:00:00+00:00,2021-12-22 22:00:00+00:00,0.68126,2021-12-24 22:00:00+00:00,0.68141,timecap,0.002064393993933526,-1.4999999999998348,13.150000000000105,-0.2453458356164383,-14.895345835616379,48.0,1,0.5122849880795224,-14.895345835616379,-21.47034583561643,-15.010986547945146
NZD_USD,signal,1,2022-01-25 02:00:00+00:00,2022-01-25 06:00:00+00:00,0.66796,2022-01-27 01:05:00+00:00,0.6631225761919832,sl,0.0024187119040083617,-48.374238080167714,1.7499999999998073,-0.36723739726027405,-50.4914754774278,43.083333333333336,1,0.680806693624272,-50.4914754774278,-51.3664754774277,-51.601001230852454
NZD_USD,signal,-1,2022-02-16 22:00:00+00:00,2022-02-17 02:00:00+00:00,0.66992,2022-02-21 02:00:00+00:00,0.67083,timecap,0.002529234662505105,-9.100000000000774,1.8500000000004624,-0.29222720547945197,-11.242227205480688,96.0,1,0.574441216948434,-11.242227205480688,-12.16722720548092,-11.357867917809454
NZD_USD,signal,1,2022-04-10 21:00:00+00:00,2022-04-11 01:00:00+00:00,0.6833,2022-04-12 14:50:00+00:00,0.6882191676911736,tp,0.0024595838455867907,49.1916769117362,1.5500000000001624,0.009376273972602737,47.65105318570865,37.833333333333336,1,0.4889565495920563,47.65105318570865,46.876053185708564,47.429148035023715
NZD_USD,signal,-1,2022-05-17 05:00:00+00:00,2022-05-17 09:00:00+00:00,0.63671,2022-05-18 19:45:00+00:00,0.6297634112913719,tp,0.0034732943543140187,69.46588708628076,1.8499999999999073,-1.3314309041095889,66.28445618217125,34.75,1,0.9202600801421582,66.28445618217125,65.3594561821713,65.82189333285619
NZD_USD,signal,1,2022-06-22 05:00:00+00:00,2022-06-22 09:00:00+00:00,0.62481,2022-06-24 09:00:00+00:00,0.62996,timecap,0.003196809614564127,51.49999999999988,1.7499999999998073,-0.05000679452054796,49.69999320547952,48.0,1,1.1444163370587592,49.69999320547952,48.82499320547962,49.47808805479459
NZD_USD,signal,-1,2022-10-06 01:00:00+00:00,2022-10-06 05:00:00+00:00,0.5801,2022-10-06 10:15:00+00:00,0.5705531082070228,tp,0.004773445896488576,95.46891792977185,1.7500000000003624,0.0,93.7189179297715,5.25,1,1.1303425402494864,93.7189179297715,92.84391792977131,93.7189179297715
NZD_USD,signal,-1,2022-11-16 10:00:00+00:00,2022-11-16 14:00:00+00:00,0.61601,2022-11-17 12:55:00+00:00,0.6075141501421174,tp,0.004247924928941261,84.95849857882543,1.8500000000004624,-0.17971191780821916,82.92878666101674,22.916666666666668,1,1.1369001551750288,82.92878666101674,82.00378666101652,82.81314594868797
NZD_USD,signal,-1,2022-11-23 06:00:00+00:00,2022-11-23 10:00:00+00:00,0.61781,2022-11-23 19:25:00+00:00,0.624528559620397,sl,0.003359279810198495,-67.18559620397023,1.6999999999994797,0.0,-68.88559620396971,9.416666666666666,1,1.0901191144740343,-68.88559620396971,-69.73559620396945,-68.88559620396971
NZD_USD,signal,-1,2022-11-25 02:00:00+00:00,2022-11-25 06:00:00+00:00,0.62568,2022-11-28 01:35:00+00:00,0.6202066914568215,tp,0.0027366542715892657,54.73308543178512,1.7999999999995797,-0.17971191780821916,52.75337351397732,67.58333333333333,1,0.76417438229769,52.75337351397732,51.85337351397753,52.63773280164855
NZD_USD,signal,-1,2023-01-24 06:00:00+00:00,2023-01-24 10:00:00+00:00,0.64856,2023-01-26 10:00:00+00:00,0.64766,timecap,0.003373097182737219,9.000000000000119,1.4500000000000624,-0.953254520547945,6.596745479452112,48.0,1,0.9708577767561787,6.596745479452112,5.8717454794520805,6.018541917808276
NZD_USD,signal,1,2023-03-09 18:00:00+00:00,2023-03-09 22:00:00+00:00,0.60987,2023-03-10 13:30:00+00:00,0.6151024348978419,tp,0.0026162174489209305,52.32434897841864,4.3999999999999595,0.0,47.92434897841868,15.5,1,0.8714100064977258,47.92434897841868,45.7243489784187,47.92434897841868
NZD_USD,signal,-1,2023-03-15 01:00:00+00:00,2023-03-15 05:00:00+00:00,0.62237,2023-03-15 22:00:00+00:00,0.6159935544061685,tp,0.003188222796915732,63.76445593831436,3.150000000000097,-0.2047153150684932,60.409740623245774,17.0,1,0.5729597196591276,60.409740623245774,58.83474062324573,60.294099910917005
NZD_USD,signal,1,2023-04-07 09:00:00+00:00,2023-04-07 13:00:00+00:00,0.62508,2023-04-10 12:55:00+00:00,0.6198382209342524,sl,0.002620889532873741,-52.4177906574752,1.6499999999997073,-0.11876613698630134,-54.18655679446121,71.91666666666667,1,0.8617329700272479,-54.18655679446121,-55.011556794461065,-54.40846194514614
NZD_USD,signal,-1,2023-05-22 21:00:00+00:00,2023-05-23 01:00:00+00:00,0.62967,2023-05-23 09:55:00+00:00,0.625288387795634,tp,0.0021908061021829795,43.816122043659476,1.5499999999996072,0.0,42.26612204365987,8.916666666666666,1,0.7539943196010769,42.26612204365987,41.49112204366006,42.26612204365987
NZD_USD,signal,1,2023-06-07 17:00:00+00:00,2023-06-07 21:00:00+00:00,0.60377,2023-06-08 12:30:00+00:00,0.6085568934381198,tp,0.002393446719059885,47.86893438119777,7.750000000000257,0.0,40.11893438119751,15.5,1,0.6019208634451007,40.11893438119751,36.243934381197384,40.11893438119751
NZD_USD,signal,1,2023-06-20 09:00:00+00:00,2023-06-20 13:00:00+00:00,0.6159,2023-06-21 18:10:00+00:00,0.6211459238995359,tp,0.002622961949767986,52.459238995359314,1.5999999999999348,-0.5063187945205483,50.35292020083883,29.166666666666668,1,1.067977137519835,50.35292020083883,49.55292020083887,49.4652995980991
NZD_USD,signal,-1,2023-07-04 21:00:00+00:00,2023-07-05 01:00:00+00:00,0.62002,2023-07-06 14:00:00+00:00,0.6155908223293859,tp,0.0022145888353070414,44.291776706141256,1.5999999999993797,-0.20784073972602737,42.48393596641585,37.0,1,0.4136267140065215,42.48393596641585,41.68393596641616,42.36829525408709
NZD_USD,signal,1,2023-10-03 01:00:00+00:00,2023-10-03 05:00:00+00:00,0.59096,2023-10-05 05:00:00+00:00,0.59492,timecap,0.0022324373059676244,39.59999999999963,1.3499999999999623,-0.8360510958904113,37.41394890410926,48.0,1,0.891411069702976,37.41394890410926,36.73894890410928,36.304423150684606
NZD_USD,signal,-1,2024-05-27 09:00:00+00:00,2024-05-27 13:00:00+00:00,0.61468,2024-05-29 13:00:00+00:00,0.61304,timecap,0.0015564439934614288,16.399999999999746,1.3999999999997348,-0.8047968493150682,14.195203150684943,48.0,1,0.7959070086055572,14.195203150684943,13.495203150685077,13.616999589041107
NZD_USD,signal,-1,2024-07-04 01:00:00+00:00,2024-07-04 05:00:00+00:00,0.61084,2024-07-05 12:30:00+00:00,0.6141250816681129,sl,0.001642540834056397,-32.8508166811281,1.5999999999993797,0.0,-34.45081668112748,31.5,1,0.7928555308379276,-34.45081668112748,-35.25081668112717,-34.45081668112748
NZD_USD,signal,-1,2024-08-22 05:00:00+00:00,2024-08-22 09:00:00+00:00,0.6161,2024-08-23 14:10:00+00:00,0.6198557877731424,sl,0.0018778938865712308,-37.55787773142449,1.5999999999999348,0.0,-39.15787773142443,29.166666666666668,1,0.9367544579290314,-39.15787773142443,-39.95787773142439,-39.15787773142443
NZD_USD,coin,-1,2020-12-09 10:00:00+00:00,2020-12-09 14:00:00+00:00,0.70748,2020-12-09 17:15:00+00:00,0.7032202796916279,tp,0.002129860154186023,42.59720308372072,1.2999999999996348,0.0,41.29720308372109,3.25,1,1.142882280485659,41.29720308372109,40.647203083721266,41.29720308372109
NZD_USD,coin,-1,2021-01-11 22:00:00+00:00,2021-01-12 02:00:00+00:00,0.71682,2021-01-12 20:45:00+00:00,0.7226887689386834,sl,0.0029343844693416805,-58.687689386833775,1.6499999999997073,0.0,-60.33768938683348,18.75,1,0.44706083098711713,-60.33768938683348,-61.162689386833335,-60.33768938683348
NZD_USD,coin,1,2021-03-08 06:00:00+00:00,2021-03-08 10:00:00+00:00,0.7112,2021-03-10 10:00:00+00:00,0.7168,timecap,0.0037778913613001463,55.99999999999938,1.5999999999999348,-0.9063731506849316,53.49362684931451,48.0,1,0.9555667056921447,53.49362684931451,52.69362684931455,52.384101095889854
NZD_USD,coin,-1,2021-04-01 01:00:00+00:00,2021-04-01 05:00:00+00:00,0.69529,2021-04-01 13:05:00+00:00,0.700239255492856,sl,0.0024746277464280523,-49.49255492856075,1.5999999999999348,0.0,-51.09255492856069,8.083333333333334,1,0.8190601668862538,-51.09255492856069,-51.89255492856065,-51.09255492856069
NZD_USD,coin,-1,2021-05-09 21:00:00+00:00,2021-05-10 01:00:00+00:00,0.7283,2021-05-12 01:00:00+00:00,0.72519,timecap,0.0029033864350708686,31.09999999999946,1.7500000000003624,-0.8047968493150682,28.54520315068403,48.0,1,0.4823271163408843,28.54520315068403,27.67020315068385,27.966999589040196
NZD_USD,coin,1,2021-10-18 21:00:00+00:00,2021-10-19 01:00:00+00:00,0.70963,2021-10-19 06:00:00+00:00,0.714087999975753,tp,0.0022289999878765303,44.57999975753024,1.5999999999993797,0.0,42.97999975753086,5.0,1,0.38174491176513375,42.97999975753086,42.17999975753117,42.97999975753086
NZD_USD,coin,-1,2021-10-28 21:00:00+00:00,2021-10-29 01:00:00+00:00,0.71792,2021-11-02 01:00:00+00:00,0.71783,timecap,0.0024792838305097444,0.900000000000345,1.7000000000000348,-0.4469357260273972,-1.246935726027087,96.0,1,0.6832317073170732,-1.246935726027087,-2.0969357260271044,-1.4782171506846211
NZD_USD,coin,1,2021-11-30 02:00:00+00:00,2021-11-30 06:00:00+00:00,0.67943,2021-11-30 15:05:00+00:00,0.6845070293454577,tp,0.0025385146727288687,50.770293454577285,1.7499999999998073,0.0,49.02029345457748,9.083333333333334,1,1.0104700378703497,49.02029345457748,48.145293454577576,49.02029345457748
NZD_USD,coin,1,2021-12-22 18:00:00+00:00,2021-12-22 22:00:00+00:00,0.68126,2021-12-24 22:00:00+00:00,0.68141,timecap,0.002064393993933526,1.4999999999998348,13.150000000000105,-0.09220002739726028,-11.74220002739753,48.0,1,0.5122849880795224,-11.74220002739753,-18.317200027397583,-11.964105178082463
NZD_USD,coin,1,2022-01-25 02:00:00+00:00,2022-01-25 06:00:00+00:00,0.66796,2022-01-27 01:05:00+00:00,0.6631225761919832,sl,0.0024187119040083617,-48.374238080167714,1.7499999999998073,-0.36723739726027405,-50.4914754774278,43.083333333333336,1,0.680806693624272,-50.4914754774278,-51.3664754774277,-51.601001230852454
NZD_USD,coin,1,2022-02-16 22:00:00+00:00,2022-02-17 02:00:00+00:00,0.66992,2022-02-21 02:00:00+00:00,0.67083,timecap,0.002529234662505105,9.100000000000774,1.8500000000004624,-0.0453186575342466,7.204681342466065,96.0,1,0.574441216948434,7.204681342466065,6.279681342465834,6.9827761917811335
NZD_USD,coin,1,2022-04-10 21:00:00+00:00,2022-04-11 01:00:00+00:00,0.6833,2022-04-12 14:50:00+00:00,0.6882191676911736,tp,0.0024595838455867907,49.1916769117362,1.5500000000001624,0.009376273972602737,47.65105318570865,37.833333333333336,1,0.4889565495920563,47.65105318570865,46.876053185708564,47.429148035023715
NZD_USD,coin,1,2022-05-17 05:00:00+00:00,2022-05-17 09:00:00+00:00,0.63671,2022-05-18 19:45:00+00:00,0.6297634112913719,sl,0.0034732943543140187,-69.46588708628076,1.8499999999999073,-0.018752547945205474,-71.33463963422588,34.75,1,0.9202600801421582,-71.33463963422588,-72.25963963422583,-72.2222602369656
NZD_USD,coin,-1,2022-06-22 05:00:00+00:00,2022-06-22 09:00:00+00:00,0.62481,2022-06-24 09:00:00+00:00,0.62996,timecap,0.003196809614564127,-51.49999999999988,1.7499999999998073,-0.28753906849315064,-53.53753906849284,48.0,1,1.1444163370587592,-53.53753906849284,-54.41253906849274,-53.6531797808216
NZD_USD,coin,-1,2022-10-06 01:00:00+00:00,2022-10-06 05:00:00+00:00,0.5801,2022-10-06 10:15:00+00:00,0.5705531082070228,tp,0.004773445896488576,95.46891792977185,1.7500000000003624,0.0,93.7189179297715,5.25,1,1.1303425402494864,93.7189179297715,92.84391792977131,93.7189179297715
NZD_USD,coin,-1,2022-11-16 10:00:00+00:00,2022-11-16 14:00:00+00:00,0.61601,2022-11-17 12:55:00+00:00,0.6075141501421174,tp,0.004247924928941261,84.95849857882543,1.8500000000004624,-0.17971191780821916,82.92878666101674,22.916666666666668,1,1.1369001551750288,82.92878666101674,82.00378666101652,82.81314594868797
NZD_USD,coin,-1,2022-11-23 06:00:00+00:00,2022-11-23 10:00:00+00:00,0.61781,2022-11-23 19:25:00+00:00,0.624528559620397,sl,0.003359279810198495,-67.18559620397023,1.6999999999994797,0.0,-68.88559620396971,9.416666666666666,1,1.0901191144740343,-68.88559620396971,-69.73559620396945,-68.88559620396971
NZD_USD,coin,-1,2022-11-25 02:00:00+00:00,2022-11-25 06:00:00+00:00,0.62568,2022-11-28 01:35:00+00:00,0.6202066914568215,tp,0.0027366542715892657,54.73308543178512,1.7999999999995797,-0.17971191780821916,52.75337351397732,67.58333333333333,1,0.76417438229769,52.75337351397732,51.85337351397753,52.63773280164855
NZD_USD,coin,1,2023-01-24 06:00:00+00:00,2023-01-24 10:00:00+00:00,0.64856,2023-01-26 10:00:00+00:00,0.64766,timecap,0.003373097182737219,-9.000000000000119,1.4500000000000624,-0.7344747945205481,-11.184474794520728,48.0,1,0.9708577767561787,-11.184474794520728,-11.90947479452076,-12.294000547945386
NZD_USD,coin,1,2023-03-09 18:00:00+00:00,2023-03-09 22:00:00+00:00,0.60987,2023-03-10 13:30:00+00:00,0.6151024348978419,tp,0.0026162174489209305,52.32434897841864,4.3999999999999595,0.0,47.92434897841868,15.5,1,0.8714100064977258,47.92434897841868,45.7243489784187,47.92434897841868
NZD_USD,coin,1,2023-03-15 01:00:00+00:00,2023-03-15 05:00:00+00:00,0.62237,2023-03-15 22:00:00+00:00,0.6159935544061685,sl,0.003188222796915732,-63.76445593831436,3.150000000000097,-0.13283054794520543,-67.04728648625967,17.0,1,0.5729597196591276,-67.04728648625967,-68.62228648625971,-67.2691916369446
NZD_USD,coin,1,2023-04-07 09:00:00+00:00,2023-04-07 13:00:00+00:00,0.62508,2023-04-10 12:55:00+00:00,0.6198382209342524,sl,0.002620889532873741,-52.4177906574752,1.6499999999997073,-0.11876613698630134,-54.18655679446121,71.91666666666667,1,0.8617329700272479,-54.18655679446121,-55.011556794461065,-54.40846194514614
NZD_USD,coin,-1,2023-05-22 21:00:00+00:00,2023-05-23 01:00:00+00:00,0.62967,2023-05-23 09:55:00+00:00,0.625288387795634,tp,0.0021908061021829795,43.816122043659476,1.5499999999996072,0.0,42.26612204365987,8.916666666666666,1,0.7539943196010769,42.26612204365987,41.49112204366006,42.26612204365987
NZD_USD,coin,1,2023-06-07 17:00:00+00:00,2023-06-07 21:00:00+00:00,0.60377,2023-06-08 12:30:00+00:00,0.6085568934381198,tp,0.002393446719059885,47.86893438119777,7.750000000000257,0.0,40.11893438119751,15.5,1,0.6019208634451007,40.11893438119751,36.243934381197384,40.11893438119751
NZD_USD,coin,-1,2023-06-20 09:00:00+00:00,2023-06-20 13:00:00+00:00,0.6159,2023-06-21 18:10:00+00:00,0.6211459238995359,sl,0.002622961949767986,-52.459238995359314,1.5999999999999348,-0.843864657534246,-54.9031036528935,29.166666666666668,1,1.067977137519835,-54.9031036528935,-55.70310365289346,-55.36566650220857
NZD_USD,coin,-1,2023-07-04 21:00:00+00:00,2023-07-05 01:00:00+00:00,0.62002,2023-07-06 14:00:00+00:00,0.6155908223293859,tp,0.0022145888353070414,44.291776706141256,1.5999999999993797,-0.20784073972602737,42.48393596641585,37.0,1,0.4136267140065215,42.48393596641585,41.68393596641616,42.36829525408709
NZD_USD,coin,1,2023-10-03 01:00:00+00:00,2023-10-03 05:00:00+00:00,0.59096,2023-10-05 05:00:00+00:00,0.59492,timecap,0.0022324373059676244,39.59999999999963,1.3499999999999623,-0.8360510958904113,37.41394890410926,48.0,1,0.891411069702976,37.41394890410926,36.73894890410928,36.304423150684606
NZD_USD,coin,-1,2024-05-27 09:00:00+00:00,2024-05-27 13:00:00+00:00,0.61468,2024-05-29 13:00:00+00:00,0.61304,timecap,0.0015564439934614288,16.399999999999746,1.3999999999997348,-0.8047968493150682,14.195203150684943,48.0,1,0.7959070086055572,14.195203150684943,13.495203150685077,13.616999589041107
NZD_USD,coin,1,2024-07-04 01:00:00+00:00,2024-07-04 05:00:00+00:00,0.61084,2024-07-05 12:30:00+00:00,0.6141250816681129,tp,0.001642540834056397,32.8508166811281,1.5999999999993797,0.0,31.250816681128722,31.5,1,0.7928555308379276,31.250816681128722,30.450816681129034,31.250816681128722
NZD_USD,coin,1,2024-08-22 05:00:00+00:00,2024-08-22 09:00:00+00:00,0.6161,2024-08-23 14:10:00+00:00,0.6198557877731424,tp,0.0018778938865712308,37.55787773142449,1.5999999999999348,0.0,35.95787773142455,29.166666666666668,1,0.9367544579290314,35.95787773142455,35.15787773142459,35.95787773142455
NZD_USD,continuation,1,2020-12-09 10:00:00+00:00,2020-12-09 14:00:00+00:00,0.70748,2020-12-09 17:15:00+00:00,0.7032202796916279,sl,0.002129860154186023,-42.59720308372072,1.2999999999996348,0.0,-43.897203083720356,3.25,1,1.142882280485659,-43.897203083720356,-44.54720308372018,-43.897203083720356
NZD_USD,continuation,-1,2021-01-11 22:00:00+00:00,2021-01-12 02:00:00+00:00,0.71682,2021-01-12 20:45:00+00:00,0.7226887689386834,sl,0.0029343844693416805,-58.687689386833775,1.6499999999997073,0.0,-60.33768938683348,18.75,1,0.44706083098711713,-60.33768938683348,-61.162689386833335,-60.33768938683348
NZD_USD,continuation,-1,2021-03-08 06:00:00+00:00,2021-03-08 10:00:00+00:00,0.7112,2021-03-10 10:00:00+00:00,0.7168,timecap,0.0037778913613001463,-55.99999999999938,1.5999999999999348,-0.7813561643835615,-58.38135616438288,48.0,1,0.9555667056921447,-58.38135616438288,-59.18135616438284,-58.95955972602672
NZD_USD,continuation,-1,2021-04-01 01:00:00+00:00,2021-04-01 05:00:00+00:00,0.69529,2021-04-01 13:05:00+00:00,0.700239255492856,sl,0.0024746277464280523,-49.49255492856075,1.5999999999999348,0.0,-51.09255492856069,8.083333333333334,1,0.8190601668862538,-51.09255492856069,-51.89255492856065,-51.09255492856069
NZD_USD,continuation,1,2021-05-09 21:00:00+00:00,2021-05-10 01:00:00+00:00,0.7283,2021-05-12 01:00:00+00:00,0.72519,timecap,0.0029033864350708686,-31.09999999999946,1.7500000000003624,-0.8829324657534248,-33.73293246575325,48.0,1,0.4823271163408843,-33.73293246575325,-34.607932465753436,-34.84245821917791
NZD_USD,continuation,1,2021-10-18 21:00:00+00:00,2021-10-19 01:00:00+00:00,0.70963,2021-10-19 06:00:00+00:00,0.714087999975753,tp,0.0022289999878765303,44.57999975753024,1.5999999999993797,0.0,42.97999975753086,5.0,1,0.38174491176513375,42.97999975753086,42.17999975753117,42.97999975753086
NZD_USD,continuation,1,2021-10-28 21:00:00+00:00,2021-10-29 01:00:00+00:00,0.71792,2021-11-02 01:00:00+00:00,0.71783,timecap,0.0024792838305097444,-0.900000000000345,1.7000000000000348,-0.228156,-2.8281560000003796,96.0,1,0.6832317073170732,-2.8281560000003796,-3.678156000000397,-3.271966301370243
NZD_USD,continuation,-1,2021-11-30 02:00:00+00:00,2021-11-30 06:00:00+00:00,0.67943,2021-11-30 15:05:00+00:00,0.6845070293454577,sl,0.0025385146727288687,-50.770293454577285,1.7499999999998073,0.0,-52.52029345457709,9.083333333333334,1,1.0104700378703497,-52.52029345457709,-53.39529345457699,-52.52029345457709
NZD_USD,continuation,1,2021-12-22 18:00:00+00:00,2021-12-22 22:00:00+00:00,0.68126,2021-12-24 22:00:00+00:00,0.68141,timecap,0.002064393993933526,1.4999999999998348,13.150000000000105,-0.09220002739726028,-11.74220002739753,48.0,1,0.5122849880795224,-11.74220002739753,-18.317200027397583,-11.964105178082463
NZD_USD,continuation,-1,2022-01-25 02:00:00+00:00,2022-01-25 06:00:00+00:00,0.66796,2022-01-27 01:05:00+00:00,0.6631225761919832,tp,0.0024187119040083617,48.374238080167714,1.7499999999998073,-1.3204919178082188,45.30374616235969,43.083333333333336,1,0.680806693624272,45.30374616235969,44.428746162359786,44.725542600715855
NZD_USD,continuation,1,2022-02-16 22:00:00+00:00,2022-02-17 02:00:00+00:00,0.66992,2022-02-21 02:00:00+00:00,0.67083,timecap,0.002529234662505105,9.100000000000774,1.8500000000004624,-0.0453186575342466,7.204681342466065,96.0,1,0.574441216948434,7.204681342466065,6.279681342465834,6.9827761917811335
NZD_USD,continuation,-1,2022-04-10 21:00:00+00:00,2022-04-11 01:00:00+00:00,0.6833,2022-04-12 14:50:00+00:00,0.6882191676911736,sl,0.0024595838455867907,-49.1916769117362,1.5500000000001624,-0.3469221369863013,-51.088599048722664,37.833333333333336,1,0.4889565495920563,-51.088599048722664,-51.86359904872275,-51.20423976105143
NZD_USD,continuation,1,2022-05-17 05:00:00+00:00,2022-05-17 09:00:00+00:00,0.63671,2022-05-18 19:45:00+00:00,0.6297634112913719,sl,0.0034732943543140187,-69.46588708628076,1.8499999999999073,-0.018752547945205474,-71.33463963422588,34.75,1,0.9202600801421582,-71.33463963422588,-72.25963963422583,-72.2222602369656
NZD_USD,continuation,-1,2022-06-22 05:00:00+00:00,2022-06-22 09:00:00+00:00,0.62481,2022-06-24 09:00:00+00:00,0.62996,timecap,0.003196809614564127,-51.49999999999988,1.7499999999998073,-0.28753906849315064,-53.53753906849284,48.0,1,1.1444163370587592,-53.53753906849284,-54.41253906849274,-53.6531797808216
NZD_USD,continuation,1,2022-10-06 01:00:00+00:00,2022-10-06 05:00:00+00:00,0.5801,2022-10-06 10:15:00+00:00,0.5705531082070228,sl,0.004773445896488576,-95.46891792977185,1.7500000000003624,0.0,-97.2189179297722,5.25,1,1.1303425402494864,-97.2189179297722,-98.09391792977239,-97.2189179297722
NZD_USD,continuation,1,2022-11-16 10:00:00+00:00,2022-11-16 14:00:00+00:00,0.61601,2022-11-17 12:55:00+00:00,0.6075141501421174,sl,0.004247924928941261,-84.95849857882543,1.8500000000004624,-0.15783394520547947,-86.96633252403137,22.916666666666668,1,1.1369001551750288,-86.96633252403137,-87.8913325240316,-87.1882376747163
NZD_USD,continuation,1,2022-11-23 06:00:00+00:00,2022-11-23 10:00:00+00:00,0.61781,2022-11-23 19:25:00+00:00,0.624528559620397,tp,0.003359279810198495,67.18559620397023,1.6999999999994797,0.0,65.48559620397076,9.416666666666666,1,1.0901191144740343,65.48559620397076,64.63559620397102,65.48559620397076
NZD_USD,continuation,1,2022-11-25 02:00:00+00:00,2022-11-25 06:00:00+00:00,0.62568,2022-11-28 01:35:00+00:00,0.6202066914568215,sl,0.0027366542715892657,-54.73308543178512,1.7999999999995797,-0.15783394520547947,-56.69091937699018,67.58333333333333,1,0.76417438229769,-56.69091937699018,-57.59091937698997,-56.91282452767511
NZD_USD,continuation,1,2023-01-24 06:00:00+00:00,2023-01-24 10:00:00+00:00,0.64856,2023-01-26 10:00:00+00:00,0.64766,timecap,0.003373097182737219,-9.000000000000119,1.4500000000000624,-0.7344747945205481,-11.184474794520728,48.0,1,0.9708577767561787,-11.184474794520728,-11.90947479452076,-12.294000547945386
NZD_USD,continuation,-1,2023-03-09 18:00:00+00:00,2023-03-09 22:00:00+00:00,0.60987,2023-03-10 13:30:00+00:00,0.6151024348978419,sl,0.0026162174489209305,-52.32434897841864,4.3999999999999595,0.0,-56.724348978418604,15.5,1,0.8714100064977258,-56.724348978418604,-58.92434897841858,-56.724348978418604
NZD_USD,continuation,1,2023-03-15 01:00:00+00:00,2023-03-15 05:00:00+00:00,0.62237,2023-03-15 22:00:00+00:00,0.6159935544061685,sl,0.003188222796915732,-63.76445593831436,3.150000000000097,-0.13283054794520543,-67.04728648625967,17.0,1,0.5729597196591276,-67.04728648625967,-68.62228648625971,-67.2691916369446
NZD_USD,continuation,-1,2023-04-07 09:00:00+00:00,2023-04-07 13:00:00+00:00,0.62508,2023-04-10 12:55:00+00:00,0.6198382209342524,tp,0.002620889532873741,52.4177906574752,1.6499999999997073,-0.21877972602739723,50.549010931448095,71.91666666666667,1,0.8617329700272479,50.549010931448095,49.72401093144824,50.43337021911933
NZD_USD,continuation,1,2023-05-22 21:00:00+00:00,2023-05-23 01:00:00+00:00,0.62967,2023-05-23 09:55:00+00:00,0.625288387795634,sl,0.0021908061021829795,-43.816122043659476,1.5499999999996072,0.0,-45.36612204365908,8.916666666666666,1,0.7539943196010769,-45.36612204365908,-46.14112204365889,-45.36612204365908
NZD_USD,continuation,-1,2023-06-07 17:00:00+00:00,2023-06-07 21:00:00+00:00,0.60377,2023-06-08 12:30:00+00:00,0.6085568934381198,sl,0.002393446719059885,-47.86893438119777,7.750000000000257,0.0,-55.618934381198024,15.5,1,0.6019208634451007,-55.618934381198024,-59.49393438119815,-55.618934381198024
NZD_USD,continuation,-1,2023-06-20 09:00:00+00:00,2023-06-20 13:00:00+00:00,0.6159,2023-06-21 18:10:00+00:00,0.6211459238995359,sl,0.002622961949767986,-52.459238995359314,1.5999999999999348,-0.843864657534246,-54.9031036528935,29.166666666666668,1,1.067977137519835,-54.9031036528935,-55.70310365289346,-55.36566650220857
NZD_USD,continuation,1,2023-07-04 21:00:00+00:00,2023-07-05 01:00:00+00:00,0.62002,2023-07-06 14:00:00+00:00,0.6155908223293859,sl,0.0022145888353070414,-44.291776706141256,1.5999999999993797,-0.1297051232876712,-46.0214818294283,37.0,1,0.4136267140065215,-46.0214818294283,-46.821481829427995,-46.243386980113236
NZD_USD,continuation,-1,2023-10-03 01:00:00+00:00,2023-10-03 05:00:00+00:00,0.59096,2023-10-05 05:00:00+00:00,0.59492,timecap,0.0022324373059676244,-39.59999999999963,1.3499999999999623,-0.8516782191780816,-41.801678219177674,48.0,1,0.891411069702976,-41.801678219177674,-42.47667821917766,-42.379881780821506
NZD_USD,continuation,1,2024-05-27 09:00:00+00:00,2024-05-27 13:00:00+00:00,0.61468,2024-05-29 13:00:00+00:00,0.61304,timecap,0.0015564439934614288,-16.399999999999746,1.3999999999997348,-0.8829324657534248,-18.682932465752906,48.0,1,0.7959070086055572,-18.682932465752906,-19.382932465752774,-19.792458219177565
NZD_USD,continuation,1,2024-07-04 01:00:00+00:00,2024-07-04 05:00:00+00:00,0.61084,2024-07-05 12:30:00+00:00,0.6141250816681129,tp,0.001642540834056397,32.8508166811281,1.5999999999993797,0.0,31.250816681128722,31.5,1,0.7928555308379276,31.250816681128722,30.450816681129034,31.250816681128722
NZD_USD,continuation,1,2024-08-22 05:00:00+00:00,2024-08-22 09:00:00+00:00,0.6161,2024-08-23 14:10:00+00:00,0.6198557877731424,tp,0.0018778938865712308,37.55787773142449,1.5999999999999348,0.0,35.95787773142455,29.166666666666668,1,0.9367544579290314,35.95787773142455,35.15787773142459,35.95787773142455
USD_JPY,signal,1,2020-12-03 22:00:00+00:00,2020-12-04 02:00:00+00:00,103.832,2020-12-07 08:30:00+00:00,104.24649522509588,tp,0.2072476125479435,41.44952250958909,1.1500000000005173,-0.43370903698630137,39.86581347260227,78.5,1,0.6225033149702803,39.86581347260227,39.29081347260201,39.38060981095843
USD_JPY,signal,-1,2021-03-03 22:00:00+00:00,2021-03-04 02:00:00+00:00,107.02,2021-03-04 13:25:00+00:00,107.4212400776897,sl,0.2006200388448566,-40.12400776897067,1.40000000000029,0.0,-41.52400776897096,11.416666666666666,1,0.5658375361775715,-41.52400776897096,-42.224007768971106,-41.52400776897096
USD_JPY,signal,-1,2021-03-08 06:00:00+00:00,2021-03-08 10:00:00+00:00,108.565,2021-03-09 00:25:00+00:00,109.04593387242659,sl,0.2404669362132933,-48.09338724265899,1.3500000000000512,-0.4634516219178083,-49.90683886457685,14.416666666666666,1,0.935459017365021,-49.90683886457685,-50.58183886457687,-50.33166951800151
USD_JPY,signal,1,2021-03-23 21:00:00+00:00,2021-03-24 01:00:00+00:00,108.608,2021-03-25 07:55:00+00:00,109.04624847452342,tp,0.2191242372617087,43.82484745234194,1.300000000000523,-1.3397480794520549,41.18509937288936,30.916666666666668,1,0.5044886166430589,41.18509937288936,40.5350993728891,39.72948838795786
USD_JPY,signal,1,2021-05-21 05:00:00+00:00,2021-05-21 09:00:00+00:00,108.636,2021-05-25 09:00:00+00:00,108.738,timecap,0.2082637085135319,10.200000000000387,1.40000000000029,-0.9020437698630136,7.897956230137083,96.0,1,1.014524129105508,7.897956230137083,7.197956230136938,6.927548906849411
USD_JPY,signal,-1,2021-06-23 17:00:00+00:00,2021-06-23 21:00:00+00:00,110.956,2021-06-25 12:30:00+00:00,110.51718427487468,tp,0.21940786256266395,43.88157251253233,5.700000000000216,-0.4820962273972604,37.69947628513486,39.5,1,0.43413688462948336,37.69947628513486,34.84947628513475,37.27464563171019
USD_JPY,signal,1,2021-08-03 21:00:00+00:00,2021-08-04 01:00:00+00:00,109.018,2021-08-04 14:10:00+00:00,109.39709841273218,tp,0.18954920636608877,37.90984127321764,1.40000000000029,0.0,36.50984127321735,13.166666666666666,1,0.3255513994582742,36.50984127321735,35.8098412732172,36.50984127321735
USD_JPY,signal,1,2021-12-03 18:00:00+00:00,2021-12-05 22:00:00+00:00,112.863,2021-12-07 04:10:00+00:00,113.63804302067702,tp,0.3875215103385053,77.50430206770176,2.9000000000003467,-0.4381482287671233,74.16615383893429,30.166666666666668,1,0.6372440304576034,74.16615383893429,72.71615383893412,73.68095017729046
USD_JPY,signal,-1,2022-03-20 21:00:00+00:00,2022-03-21 01:00:00+00:00,119.184,2022-03-22 00:15:00+00:00,119.74500308637731,sl,0.28050154318865644,-56.10030863773119,1.549999999999585,-0.5748753356164386,-58.225183973347214,23.25,1,0.5013159265919164,-58.225183973347214,-59.000183973347006,-58.65001462677187
USD_JPY,signal,-1,2022-03-24 01:00:00+00:00,2022-03-24 05:00:00+00:00,121.224,2022-03-24 13:20:00+00:00,121.90538156382068,sl,0.34069078191033686,-68.1381563820679,1.449999999999818,0.0,-69.58815638206772,8.333333333333334,1,0.8297148434146495,-69.58815638206772,-70.31315638206763,-69.58815638206772
USD_JPY,signal,-1,2022-04-08 05:00:00+00:00,2022-04-08 09:00:00+00:00,124.104,2022-04-11 01:30:00+00:00,124.85251436589486,sl,0.3742571829474305,-74.8514365894863,1.6999999999995907,-0.5766510123287673,-77.12808760181466,64.5,1,0.8548699263237552,-77.12808760181466,-77.97808760181445,-77.55291825523932
USD_JPY,signal,-1,2022-04-17 21:00:00+00:00,2022-04-18 01:00:00+00:00,126.568,2022-04-19 00:40:00+00:00,127.28538289169919,sl,0.3586914458495972,-71.7382891699188,1.7000000000003013,-0.5766510123287673,-74.01494018224787,23.666666666666668,1,0.7646625926310016,-74.01494018224787,-74.86494018224802,-74.43977083567253
USD_JPY,signal,1,2022-04-26 21:00:00+00:00,2022-04-27 01:00:00+00:00,127.55,2022-04-28 00:50:00+00:00,128.73198080665665,tp,0.5909904033283256,118.19808066566537,1.7000000000003013,-1.000149908219178,115.4979307574459,23.833333333333332,1,0.729048168660893,115.4979307574459,114.64793075744575,114.04231977251439
USD_JPY,signal,1,2022-05-11 17:00:00+00:00,2022-05-11 21:00:00+00:00,129.878,2022-05-12 07:35:00+00:00,128.77919216399047,sl,0.5494039180047525,-109.8807836009513,5.89999999999975,0.0,-115.78078360095105,10.583333333333334,1,0.9679387819208924,-115.78078360095105,-118.73078360095093,-115.78078360095105
USD_JPY,signal,-1,2022-05-30 09:00:00+00:00,2022-05-30 13:00:00+00:00,127.733,2022-05-31 12:50:00+00:00,128.61233168733864,sl,0.4396658436693133,-87.93316873386345,1.7999999999993577,-0.8012741164383563,-90.53444285030116,23.833333333333332,1,0.8800587077667517,-90.53444285030116,-91.43444285030084,-90.95927350372583
USD_JPY,signal,-1,2022-06-08 21:00:00+00:00,2022-06-09 01:00:00+00:00,134.276,2022-06-09 10:10:00+00:00,133.28387048200221,tp,0.49606475899889363,99.2129517997796,1.8999999999991246,0.0,97.31295179978048,9.166666666666666,1,0.9281089104766443,97.31295179978048,96.36295179978092,97.31295179978048
USD_JPY,signal,1,2022-06-24 05:00:00+00:00,2022-06-24 09:00:00+00:00,134.916,2022-06-28 09:00:00+00:00,135.684,timecap,0.5813097880421763,76.80000000000007,1.7999999999986471,0.46611513698630147,75.46611513698772,96.0,1,1.1275923025241974,75.46611513698772,74.5661151369884,74.49570781370005
USD_JPY,signal,-1,2022-08-07 21:00:00+00:00,2022-08-08 01:00:00+00:00,135.345,2022-08-10 01:00:00+00:00,135.218,timecap,0.7698136076772829,12.700000000000955,1.8000000000000682,-2.934305767123288,7.965694232877599,48.0,1,0.7463303389951497,7.965694232877599,7.065694232877565,7.116032926028283
USD_JPY,signal,-1,2022-10-03 09:00:00+00:00,2022-10-03 13:00:00+00:00,144.932,2022-10-04 16:30:00+00:00,144.042224990014,tp,0.4448875049929935,88.9775009985982,1.4999999999986358,-1.8142976808219182,85.66320331777764,27.5,1,0.8820078248901844,85.66320331777764,84.91320331777833,85.238372664353
USD_JPY,signal,-1,2022-10-10 05:00:00+00:00,2022-10-10 09:00:00+00:00,145.508,2022-10-12 00:00:00+00:00,146.22047302971177,sl,0.35623651485588664,-71.24730297117594,2.050000000001262,-3.6285953616438364,-76.92589833282103,39.0,1,1.0261483833216225,-76.92589833282103,-77.95089833282167,-77.77555963967035
USD_JPY,signal,-1,2022-12-12 18:00:00+00:00,2022-12-12 22:00:00+00:00,137.678,2022-12-13 13:30:00+00:00,136.44068295626008,tp,0.6186585218699602,123.7317043739921,6.30000000000166,0.0,117.43170437399044,15.5,1,0.7269232238618701,117.43170437399044,114.28170437398961,117.43170437399044
USD_JPY,signal,1,2023-01-15 22:00:00+00:00,2023-01-16 02:00:00+00:00,127.684,2023-01-17 02:30:00+00:00,129.1678316909682,tp,0.7419158454841049,148.3831690968202,2.1000000000000796,1.4458447630136988,147.72901385983383,24.5,1,1.0019252210438976,147.72901385983383,146.6790138598338,147.24381019819
USD_JPY,signal,1,2023-03-06 02:00:00+00:00,2023-03-06 06:00:00+00:00,135.784,2023-03-07 15:05:00+00:00,136.7403808611068,tp,0.47819043055339305,95.63808611067941,1.999999999999602,1.5510536082191788,95.18913971889899,33.083333333333336,1,0.7316338037074898,95.18913971889899,94.18913971889918,94.70393605725515
USD_JPY,signal,1,2023-03-23 01:00:00+00:00,2023-03-23 05:00:00+00:00,130.729,2023-03-27 05:00:00+00:00,130.71,timecap,0.7169958662231166,-1.9000000000005457,1.999999999999602,3.3329451890410966,-0.5670548109590512,96.0,1,0.931804264131182,-0.5670548109590512,-1.5670548109588522,-1.5374621342467232
USD_JPY,signal,-1,2023-04-11 17:00:00+00:00,2023-04-11 21:00:00+00:00,133.701,2023-04-13 12:45:00+00:00,132.73129783990518,tp,0.48485108004740013,96.97021600948119,5.449999999999022,-7.726857213698631,83.79335879578353,39.75,1,0.536141079765016,83.79335879578353,81.06835879578402,82.51886683550957
USD_JPY,signal,1,2023-04-26 01:00:00+00:00,2023-04-26 05:00:00+00:00,133.582,2023-04-28 04:00:00+00:00,134.3567989449184,tp,0.38739947245920975,77.4798944918416,1.9000000000005457,6.662339024657534,82.2422335164986,47.0,1,0.9934747292147753,82.2422335164986,81.29223351649833,80.30141886992325
USD_JPY,signal,-1,2023-05-26 09:00:00+00:00,2023-05-26 13:00:00+00:00,140.08,2023-05-30 13:00:00+00:00,139.828,timecap,0.4544626189213797,25.200000000000955,1.650000000000773,-5.4051599123287675,18.144840087671415,96.0,1,1.0654421758853536,18.144840087671415,17.31984008767103,17.2951787808221
USD_JPY,signal,-1,2023-07-19 01:00:00+00:00,2023-07-19 05:00:00+00:00,139.372,2023-07-21 05:00:00+00:00,140.129,timecap,0.5883715042875404,-75.69999999999766,1.8000000000000682,-10.801441441095891,-88.30144144109362,48.0,1,0.998569693817507,-88.30144144109362,-89.20144144109365,-90.00076405479224
USD_JPY,signal,1,2023-08-06 21:00:00+00:00,2023-08-07 01:00:00+00:00,141.594,2023-08-08 00:20:00+00:00,142.71053978208514,tp,0.558269891042572,111.6539782085141,1.999999999999602,1.9092963849315072,111.56327459344601,23.333333333333332,1,0.56463420044662,111.56327459344601,110.56327459344621,111.07807093180217
USD_JPY,signal,-1,2023-08-27 21:00:00+00:00,2023-08-28 01:00:00+00:00,146.518,2023-08-29 12:25:00+00:00,147.30988968497866,sl,0.39594484248933254,-79.18896849786563,1.8000000000014893,-2.8193307000000005,-83.80829919786711,35.416666666666664,1,0.422587433866831,-83.80829919786711,-84.70829919786786,-84.23312985129178
USD_JPY,signal,-1,2023-09-26 17:00:00+00:00,2023-09-26 21:00:00+00:00,149.03,2023-09-27 16:10:00+00:00,149.5674204858085,sl,0.26871024290425094,-53.742048580849655,4.449999999999932,0.0,-58.19204858084959,19.166666666666668,1,0.5066858101164394,-58.19204858084959,-60.41704858084955,-58.19204858084959
USD_JPY,signal,1,2023-10-30 05:00:00+00:00,2023-10-30 09:00:00+00:00,149.582,2023-10-30 15:10:00+00:00,148.99065141122693,sl,0.2956742943865296,-59.134858877305874,1.5000000000000568,0.0,-60.63485887730593,6.166666666666667,1,0.9702713876199686,-60.63485887730593,-61.38485887730596,-60.63485887730593
USD_JPY,signal,1,2023-12-01 18:00:00+00:00,2023-12-03 22:00:00+00:00,146.742,2023-12-05 22:00:00+00:00,147.154,timecap,0.5754046519003172,41.200000000000614,5.849999999999511,3.772425175342466,39.122425175343565,48.0,1,0.6674143031846866,39.122425175343565,36.19742517534381,38.1520178520559
USD_JPY,signal,1,2023-12-22 10:00:00+00:00,2023-12-22 14:00:00+00:00,142.039,2023-12-27 14:00:00+00:00,142.577,timecap,0.5710199273341904,53.80000000000109,1.850000000000307,5.658637763013699,57.608637763014485,120.0,1,1.0745442471820121,57.608637763014485,56.68363776301433,56.153026778082975
USD_JPY,signal,-1,2024-01-04 22:00:00+00:00,2024-01-05 02:00:00+00:00,144.743,2024-01-05 13:30:00+00:00,145.76706513268837,sl,0.5120325663441831,-102.40651326883778,1.9499999999993634,0.0,-104.35651326883715,11.5,1,0.6097898467604795,-104.35651326883715,-105.33151326883683,-104.35651326883715
USD_JPY,signal,-1,2024-02-05 14:00:00+00:00,2024-02-05 18:00:00+00:00,148.618,2024-02-07 18:00:00+00:00,148.136,timecap,0.5203218225694435,48.19999999999993,1.7499999999998295,-5.587166775342466,40.862833224657635,48.0,1,1.1026713965105335,40.862833224657635,39.98783322465772,40.01317191780832
USD_JPY,signal,1,2024-03-07 22:00:00+00:00,2024-03-08 02:00:00+00:00,147.976,2024-03-08 09:35:00+00:00,147.1534202061842,sl,0.4112898969079035,-82.25797938158053,1.5500000000002956,0.0,-83.80797938158082,7.583333333333333,1,0.798461962743468,-83.80797938158082,-84.58297938158097,-83.80797938158082
USD_JPY,signal,1,2024-03-11 01:00:00+00:00,2024-03-11 05:00:00+00:00,146.902,2024-03-12 12:30:00+00:00,147.8848209591994,tp,0.4914104795997083,98.28209591994153,1.5499999999988745,1.8711193356164388,98.60321525555909,31.5,1,0.7609660645371695,98.60321525555909,97.82821525555966,98.11801159391526
USD_JPY,signal,1,2024-05-02 17:00:00+00:00,2024-05-02 21:00:00+00:00,153.692,2024-05-06 21:00:00+00:00,153.899,timecap,0.971957277118261,20.699999999999363,6.850000000000023,3.6934075616438355,17.543407561643175,96.0,1,0.9893416587030575,17.543407561643175,14.118407561643165,16.573000238355505
USD_JPY,signal,-1,2024-05-23 21:00:00+00:00,2024-05-24 01:00:00+00:00,157.042,2024-05-28 01:00:00+00:00,156.898,timecap,0.3177360622673445,14.400000000000546,1.449999999999818,-5.513476191780823,7.4365238082199046,96.0,1,0.6567363561305803,7.4365238082199046,6.7115238082199955,6.586862501370589
USD_JPY,signal,-1,2024-06-09 21:00:00+00:00,2024-06-10 01:00:00+00:00,156.837,2024-06-12 01:00:00+00:00,157.183,timecap,0.5317467075133163,-34.600000000000364,1.5500000000002956,-5.513476191780823,-41.663476191781484,48.0,1,0.5301543446155047,-41.663476191781484,-42.43847619178163,-42.5131374986308
USD_JPY,signal,-1,2024-06-18 05:00:00+00:00,2024-06-18 09:00:00+00:00,158.152,2024-06-20 09:00:00+00:00,158.438,timecap,0.41415387052288594,-28.600000000000136,1.6999999999995907,-11.026952383561646,-41.32695238356138,48.0,1,0.9443032113277875,-41.32695238356138,-42.17695238356117,-43.02627499726
USD_JPY,signal,-1,2024-06-30 21:00:00+00:00,2024-07-01 01:00:00+00:00,160.997,2024-07-03 01:00:00+00:00,161.564,timecap,0.374006419560272,-56.699999999997885,1.5000000000000568,-5.5125883534246585,-63.7125883534226,48.0,1,0.6883575832906826,-63.7125883534226,-64.46258835342263,-64.56224966027192
USD_JPY,signal,1,2024-07-24 21:00:00+00:00,2024-07-25 01:00:00+00:00,153.246,2024-07-26 10:50:00+00:00,154.5964762976435,tp,0.6752381488217453,135.0476297643496,1.6999999999995907,1.846259861643836,135.19388962599385,33.833333333333336,1,0.9386709432782674,135.19388962599385,134.34388962599405,134.70868596435002
USD_JPY,signal,1,2024-08-02 05:00:00+00:00,2024-08-02 09:00:00+00:00,149.074,2024-08-02 12:40:00+00:00,147.11380695089298,sl,0.9800965245535114,-196.01930491070334,1.7499999999998295,0.0,-197.76930491070317,3.6666666666666665,1,1.1468238076847952,-197.76930491070317,-198.64430491070308,-197.76930491070317
USD_JPY,signal,1,2024-08-20 17:00:00+00:00,2024-08-20 21:00:00+00:00,145.226,2024-08-21 14:00:00+00:00,146.70553629945863,tp,0.7397681497293219,147.95362994586299,1.9499999999993634,0.0,146.00362994586362,17.0,1,0.5132910998989643,146.00362994586362,145.02862994586394,146.00362994586362
USD_JPY,signal,-1,2024-09-02 21:00:00+00:00,2024-09-03 01:00:00+00:00,147.126,2024-09-03 06:35:00+00:00,146.11738081393386,tp,0.5043095930330758,100.86191860661415,1.5500000000002956,0.0,99.31191860661386,5.583333333333333,1,0.5053106470739881,99.31191860661386,98.53691860661371,99.31191860661386
USD_JPY,signal,1,2024-09-06 01:00:00+00:00,2024-09-06 05:00:00+00:00,142.996,2024-09-06 15:00:00+00:00,141.82448402297766,sl,0.5857579885111813,-117.15159770223522,1.5999999999991132,0.0,-118.75159770223433,10.0,1,0.6073056612033819,-118.75159770223433,-119.55159770223389,-118.75159770223433
USD_JPY,signal,1,2024-09-13 01:00:00+00:00,2024-09-13 05:00:00+00:00,140.96,2024-09-17 05:00:00+00:00,140.68,timecap,0.7714100885183225,-28.000000000000114,1.9000000000005457,3.5602318082191777,-26.33976819178148,96.0,1,0.9185706743231511,-26.33976819178148,-27.289768191781754,-27.31017551506915
USD_JPY,coin,-1,2020-12-03 22:00:00+00:00,2020-12-04 02:00:00+00:00,103.832,2020-12-07 08:30:00+00:00,104.24649522509588,sl,0.2072476125479435,-41.44952250958909,1.1500000000005173,-0.4763252780821919,-43.0758477876718,78.5,1,0.6225033149702803,-43.0758477876718,-43.650847787672056,-43.500678441096454
USD_JPY,coin,-1,2021-03-03 22:00:00+00:00,2021-03-04 02:00:00+00:00,107.02,2021-03-04 13:25:00+00:00,107.4212400776897,sl,0.2006200388448566,-40.12400776897067,1.40000000000029,0.0,-41.52400776897096,11.416666666666666,1,0.5658375361775715,-41.52400776897096,-42.224007768971106,-41.52400776897096
USD_JPY,coin,1,2021-03-08 06:00:00+00:00,2021-03-08 10:00:00+00:00,108.565,2021-03-09 00:25:00+00:00,109.04593387242659,tp,0.2404669362132933,48.09338724265899,1.3500000000000512,-0.44658269315068494,46.29680454950825,14.416666666666666,1,0.935459017365021,46.29680454950825,45.62180454950823,45.81160088786442
USD_JPY,coin,-1,2021-03-23 21:00:00+00:00,2021-03-24 01:00:00+00:00,108.608,2021-03-25 07:55:00+00:00,109.04624847452342,sl,0.2191242372617087,-43.82484745234194,1.300000000000523,-1.3903548657534248,-46.51520231809589,30.916666666666668,1,0.5044886166430589,-46.51520231809589,-47.16520231809615,-47.789694278369865
USD_JPY,coin,-1,2021-05-21 05:00:00+00:00,2021-05-21 09:00:00+00:00,108.636,2021-05-25 09:00:00+00:00,108.738,timecap,0.2082637085135319,-10.200000000000387,1.40000000000029,-0.9180248602739729,-12.51802486027465,96.0,1,1.014524129105508,-12.51802486027465,-13.218024860274795,-13.367686167123965
USD_JPY,coin,1,2021-06-23 17:00:00+00:00,2021-06-23 21:00:00+00:00,110.956,2021-06-25 12:30:00+00:00,110.51718427487468,sl,0.21940786256266395,-43.88157251253233,5.700000000000216,-0.42793808767123287,-50.009510600203775,39.5,1,0.43413688462948336,-50.009510600203775,-52.85951060020388,-50.49471426184761
USD_JPY,coin,-1,2021-08-03 21:00:00+00:00,2021-08-04 01:00:00+00:00,109.018,2021-08-04 14:10:00+00:00,109.39709841273218,sl,0.18954920636608877,-37.90984127321764,1.40000000000029,0.0,-39.30984127321793,13.166666666666666,1,0.3255513994582742,-39.30984127321793,-40.00984127321807,-39.30984127321793
USD_JPY,coin,1,2021-12-03 18:00:00+00:00,2021-12-05 22:00:00+00:00,112.863,2021-12-07 04:10:00+00:00,113.63804302067702,tp,0.3875215103385053,77.50430206770176,2.9000000000003467,-0.4381482287671233,74.16615383893429,30.166666666666668,1,0.6372440304576034,74.16615383893429,72.71615383893412,73.68095017729046
USD_JPY,coin,1,2022-03-20 21:00:00+00:00,2022-03-21 01:00:00+00:00,119.184,2022-03-22 00:15:00+00:00,119.74500308637731,tp,0.28050154318865644,56.10030863773119,1.549999999999585,-0.33515897945205475,54.21514965827955,23.25,1,0.5013159265919164,54.21514965827955,53.44014965827976,53.72994599663571
USD_JPY,coin,1,2022-03-24 01:00:00+00:00,2022-03-24 05:00:00+00:00,121.224,2022-03-24 13:20:00+00:00,121.90538156382068,tp,0.34069078191033686,68.1381563820679,1.449999999999818,0.0,66.68815638206809,8.333333333333334,1,0.8297148434146495,66.68815638206809,65.96315638206818,66.68815638206809
USD_JPY,coin,1,2022-04-08 05:00:00+00:00,2022-04-08 09:00:00+00:00,124.104,2022-04-11 01:30:00+00:00,124.85251436589486,tp,0.3742571829474305,74.8514365894863,1.6999999999995907,-0.33338330273972605,72.81805328674699,64.5,1,0.8548699263237552,72.81805328674699,71.96805328674719,72.33284962510315
USD_JPY,coin,1,2022-04-17 21:00:00+00:00,2022-04-18 01:00:00+00:00,126.568,2022-04-19 00:40:00+00:00,127.28538289169919,tp,0.3586914458495972,71.7382891699188,1.7000000000003013,-0.33338330273972605,69.70490586717878,23.666666666666668,1,0.7646625926310016,69.70490586717878,68.85490586717863,69.21970220553494
USD_JPY,coin,1,2022-04-26 21:00:00+00:00,2022-04-27 01:00:00+00:00,127.55,2022-04-28 00:50:00+00:00,128.73198080665665,tp,0.5909904033283256,118.19808066566537,1.7000000000003013,-1.000149908219178,115.4979307574459,23.833333333333332,1,0.729048168660893,115.4979307574459,114.64793075744575,114.04231977251439
USD_JPY,coin,-1,2022-05-11 17:00:00+00:00,2022-05-11 21:00:00+00:00,129.878,2022-05-12 07:35:00+00:00,128.77919216399047,tp,0.5494039180047525,109.8807836009513,5.89999999999975,0.0,103.98078360095155,10.583333333333334,1,0.9679387819208924,103.98078360095155,101.03078360095168,103.98078360095155
USD_JPY,coin,-1,2022-05-30 09:00:00+00:00,2022-05-30 13:00:00+00:00,127.733,2022-05-31 12:50:00+00:00,128.61233168733864,sl,0.4396658436693133,-87.93316873386345,1.7999999999993577,-0.8012741164383563,-90.53444285030116,23.833333333333332,1,0.8800587077667517,-90.53444285030116,-91.43444285030084,-90.95927350372583
USD_JPY,coin,-1,2022-06-08 21:00:00+00:00,2022-06-09 01:00:00+00:00,134.276,2022-06-09 10:10:00+00:00,133.28387048200221,tp,0.49606475899889363,99.2129517997796,1.8999999999991246,0.0,97.31295179978048,9.166666666666666,1,0.9281089104766443,97.31295179978048,96.36295179978092,97.31295179978048
USD_JPY,coin,-1,2022-06-24 05:00:00+00:00,2022-06-24 09:00:00+00:00,134.916,2022-06-28 09:00:00+00:00,135.684,timecap,0.5813097880421763,-76.80000000000007,1.7999999999986471,-2.286183767123288,-80.886183767122,96.0,1,1.1275923025241974,-80.886183767122,-81.78618376712133,-81.73584507397132
USD_JPY,coin,-1,2022-08-07 21:00:00+00:00,2022-08-08 01:00:00+00:00,135.345,2022-08-10 01:00:00+00:00,135.218,timecap,0.7698136076772829,12.700000000000955,1.8000000000000682,-2.934305767123288,7.965694232877599,48.0,1,0.7463303389951497,7.965694232877599,7.065694232877565,7.116032926028283
USD_JPY,coin,1,2022-10-03 09:00:00+00:00,2022-10-03 13:00:00+00:00,144.932,2022-10-04 16:30:00+00:00,144.042224990014,sl,0.4448875049929935,-88.9775009985982,1.4999999999986358,0.9042633657534248,-89.57323763284342,27.5,1,0.8820078248901844,-89.57323763284342,-90.32323763284273,-90.05844129448725
USD_JPY,coin,1,2022-10-10 05:00:00+00:00,2022-10-10 09:00:00+00:00,145.508,2022-10-12 00:00:00+00:00,146.22047302971177,tp,0.35623651485588664,71.24730297117594,2.050000000001262,1.8085267315068496,71.00582970268152,39.0,1,1.0261483833216225,71.00582970268152,69.9808297026809,70.03542237939386
USD_JPY,coin,1,2022-12-12 18:00:00+00:00,2022-12-12 22:00:00+00:00,137.678,2022-12-13 13:30:00+00:00,136.44068295626008,sl,0.6186585218699602,-123.7317043739921,6.30000000000166,0.0,-130.03170437399376,15.5,1,0.7269232238618701,-130.03170437399376,-133.1817043739946,-130.03170437399376
USD_JPY,coin,1,2023-01-15 22:00:00+00:00,2023-01-16 02:00:00+00:00,127.684,2023-01-17 02:30:00+00:00,129.1678316909682,tp,0.7419158454841049,148.3831690968202,2.1000000000000796,1.4458447630136988,147.72901385983383,24.5,1,1.0019252210438976,147.72901385983383,146.6790138598338,147.24381019819
USD_JPY,coin,-1,2023-03-06 02:00:00+00:00,2023-03-06 06:00:00+00:00,135.784,2023-03-07 15:05:00+00:00,136.7403808611068,sl,0.47819043055339305,-95.63808611067941,1.999999999999602,-2.4610879232876717,-100.09917403396669,33.083333333333336,1,0.7316338037074898,-100.09917403396669,-101.09917403396649,-100.52400468739134
USD_JPY,coin,1,2023-03-23 01:00:00+00:00,2023-03-23 05:00:00+00:00,130.729,2023-03-27 05:00:00+00:00,130.71,timecap,0.7169958662231166,-1.9000000000005457,1.999999999999602,3.3329451890410966,-0.5670548109590512,96.0,1,0.931804264131182,-0.5670548109590512,-1.5670548109588522,-1.5374621342467232
USD_JPY,coin,-1,2023-04-11 17:00:00+00:00,2023-04-11 21:00:00+00:00,133.701,2023-04-13 12:45:00+00:00,132.73129783990518,tp,0.48485108004740013,96.97021600948119,5.449999999999022,-7.726857213698631,83.79335879578353,39.75,1,0.536141079765016,83.79335879578353,81.06835879578402,82.51886683550957
USD_JPY,coin,-1,2023-04-26 01:00:00+00:00,2023-04-26 05:00:00+00:00,133.582,2023-04-28 04:00:00+00:00,134.3567989449184,sl,0.38739947245920975,-77.4798944918416,1.9000000000005457,-10.302476284931508,-89.68237077677367,47.0,1,0.9934747292147753,-89.68237077677367,-90.63237077677394,-91.3816933904723
USD_JPY,coin,1,2023-05-26 09:00:00+00:00,2023-05-26 13:00:00+00:00,140.08,2023-05-30 13:00:00+00:00,139.828,timecap,0.4544626189213797,-25.200000000000955,1.650000000000773,3.5850912821917813,-23.264908717809945,96.0,1,1.0654421758853536,-23.264908717809945,-24.08990871781033,-24.23531604109762
USD_JPY,coin,-1,2023-07-19 01:00:00+00:00,2023-07-19 05:00:00+00:00,139.372,2023-07-21 05:00:00+00:00,140.129,timecap,0.5883715042875404,-75.69999999999766,1.8000000000000682,-10.801441441095891,-88.30144144109362,48.0,1,0.998569693817507,-88.30144144109362,-89.20144144109365,-90.00076405479224
USD_JPY,coin,1,2023-08-06 21:00:00+00:00,2023-08-07 01:00:00+00:00,141.594,2023-08-08 00:20:00+00:00,142.71053978208514,tp,0.558269891042572,111.6539782085141,1.999999999999602,1.9092963849315072,111.56327459344601,23.333333333333332,1,0.56463420044662,111.56327459344601,110.56327459344621,111.07807093180217
USD_JPY,coin,1,2023-08-27 21:00:00+00:00,2023-08-28 01:00:00+00:00,146.518,2023-08-29 12:25:00+00:00,147.30988968497866,tp,0.39594484248933254,79.18896849786563,1.8000000000014893,1.9092963849315072,79.29826488279565,35.416666666666664,1,0.422587433866831,79.29826488279565,78.3982648827949,78.81306122115181
USD_JPY,coin,1,2023-09-26 17:00:00+00:00,2023-09-26 21:00:00+00:00,149.03,2023-09-27 16:10:00+00:00,149.5674204858085,tp,0.26871024290425094,53.742048580849655,4.449999999999932,0.0,49.29204858084972,19.166666666666668,1,0.5066858101164394,49.29204858084972,47.06704858084976,49.29204858084972
USD_JPY,coin,-1,2023-10-30 05:00:00+00:00,2023-10-30 09:00:00+00:00,149.582,2023-10-30 15:10:00+00:00,148.99065141122693,tp,0.2956742943865296,59.134858877305874,1.5000000000000568,0.0,57.63485887730582,6.166666666666667,1,0.9702713876199686,57.63485887730582,56.88485887730579,57.63485887730582
USD_JPY,coin,-1,2023-12-01 18:00:00+00:00,2023-12-03 22:00:00+00:00,146.742,2023-12-05 22:00:00+00:00,147.154,timecap,0.5754046519003172,-41.200000000000614,5.849999999999511,-5.592493805479453,-52.642493805479575,48.0,1,0.6674143031846866,-52.642493805479575,-55.56749380547933,-53.492155112328895
USD_JPY,coin,1,2023-12-22 10:00:00+00:00,2023-12-22 14:00:00+00:00,142.039,2023-12-27 14:00:00+00:00,142.577,timecap,0.5710199273341904,53.80000000000109,1.850000000000307,5.658637763013699,57.608637763014485,120.0,1,1.0745442471820121,57.608637763014485,56.68363776301433,56.153026778082975
USD_JPY,coin,1,2024-01-04 22:00:00+00:00,2024-01-05 02:00:00+00:00,144.743,2024-01-05 13:30:00+00:00,145.76706513268837,tp,0.5120325663441831,102.40651326883778,1.9499999999993634,0.0,100.45651326883842,11.5,1,0.6097898467604795,100.45651326883842,99.48151326883874,100.45651326883842
USD_JPY,coin,-1,2024-02-05 14:00:00+00:00,2024-02-05 18:00:00+00:00,148.618,2024-02-07 18:00:00+00:00,148.136,timecap,0.5203218225694435,48.19999999999993,1.7499999999998295,-5.587166775342466,40.862833224657635,48.0,1,1.1026713965105335,40.862833224657635,39.98783322465772,40.01317191780832
USD_JPY,coin,1,2024-03-07 22:00:00+00:00,2024-03-08 02:00:00+00:00,147.976,2024-03-08 09:35:00+00:00,147.1534202061842,sl,0.4112898969079035,-82.25797938158053,1.5500000000002956,0.0,-83.80797938158082,7.583333333333333,1,0.798461962743468,-83.80797938158082,-84.58297938158097,-83.80797938158082
USD_JPY,coin,1,2024-03-11 01:00:00+00:00,2024-03-11 05:00:00+00:00,146.902,2024-03-12 12:30:00+00:00,147.8848209591994,tp,0.4914104795997083,98.28209591994153,1.5499999999988745,1.8711193356164388,98.60321525555909,31.5,1,0.7609660645371695,98.60321525555909,97.82821525555966,98.11801159391526
USD_JPY,coin,1,2024-05-02 17:00:00+00:00,2024-05-02 21:00:00+00:00,153.692,2024-05-06 21:00:00+00:00,153.899,timecap,0.971957277118261,20.699999999999363,6.850000000000023,3.6934075616438355,17.543407561643175,96.0,1,0.9893416587030575,17.543407561643175,14.118407561643165,16.573000238355505
USD_JPY,coin,1,2024-05-23 21:00:00+00:00,2024-05-24 01:00:00+00:00,157.042,2024-05-28 01:00:00+00:00,156.898,timecap,0.3177360622673445,-14.400000000000546,1.449999999999818,3.6934075616438355,-12.156592438356528,96.0,1,0.6567363561305803,-12.156592438356528,-12.881592438356437,-13.1269997616442
USD_JPY,coin,-1,2024-06-09 21:00:00+00:00,2024-06-10 01:00:00+00:00,156.837,2024-06-12 01:00:00+00:00,157.183,timecap,0.5317467075133163,-34.600000000000364,1.5500000000002956,-5.513476191780823,-41.663476191781484,48.0,1,0.5301543446155047,-41.663476191781484,-42.43847619178163,-42.5131374986308
USD_JPY,coin,1,2024-06-18 05:00:00+00:00,2024-06-18 09:00:00+00:00,158.152,2024-06-20 09:00:00+00:00,158.438,timecap,0.41415387052288594,28.600000000000136,1.6999999999995907,7.386815123287671,34.286815123288214,48.0,1,0.9443032113277875,34.286815123288214,33.43681512328842,32.346000476712874
USD_JPY,coin,-1,2024-06-30 21:00:00+00:00,2024-07-01 01:00:00+00:00,160.997,2024-07-03 01:00:00+00:00,161.564,timecap,0.374006419560272,-56.699999999997885,1.5000000000000568,-5.5125883534246585,-63.7125883534226,48.0,1,0.6883575832906826,-63.7125883534226,-64.46258835342263,-64.56224966027192
USD_JPY,coin,1,2024-07-24 21:00:00+00:00,2024-07-25 01:00:00+00:00,153.246,2024-07-26 10:50:00+00:00,154.5964762976435,tp,0.6752381488217453,135.0476297643496,1.6999999999995907,1.846259861643836,135.19388962599385,33.833333333333336,1,0.9386709432782674,135.19388962599385,134.34388962599405,134.70868596435002
USD_JPY,coin,-1,2024-08-02 05:00:00+00:00,2024-08-02 09:00:00+00:00,149.074,2024-08-02 12:40:00+00:00,147.11380695089298,tp,0.9800965245535114,196.01930491070334,1.7499999999998295,0.0,194.2693049107035,3.6666666666666665,1,1.1468238076847952,194.2693049107035,193.3943049107036,194.2693049107035
USD_JPY,coin,-1,2024-08-20 17:00:00+00:00,2024-08-20 21:00:00+00:00,145.226,2024-08-21 14:00:00+00:00,146.70553629945863,sl,0.7397681497293219,-147.95362994586299,1.9499999999993634,0.0,-149.90362994586235,17.0,1,0.5132910998989643,-149.90362994586235,-150.87862994586203,-149.90362994586235
USD_JPY,coin,1,2024-09-02 21:00:00+00:00,2024-09-03 01:00:00+00:00,147.126,2024-09-03 06:35:00+00:00,146.11738081393386,sl,0.5043095930330758,-100.86191860661415,1.5500000000002956,0.0,-102.41191860661445,5.583333333333333,1,0.5053106470739881,-102.41191860661445,-103.1869186066146,-102.41191860661445
USD_JPY,coin,-1,2024-09-06 01:00:00+00:00,2024-09-06 05:00:00+00:00,142.996,2024-09-06 15:00:00+00:00,141.82448402297766,tp,0.5857579885111813,117.15159770223522,1.5999999999991132,0.0,115.55159770223611,10.0,1,0.6073056612033819,115.55159770223611,114.75159770223655,115.55159770223611
USD_JPY,coin,-1,2024-09-13 01:00:00+00:00,2024-09-13 05:00:00+00:00,140.96,2024-09-17 05:00:00+00:00,140.68,timecap,0.7714100885183225,28.000000000000114,1.9000000000005457,-5.380300438356165,20.719699561643402,96.0,1,0.9185706743231511,20.719699561643402,19.76969956164313,19.87003825479409
USD_JPY,continuation,-1,2020-12-03 22:00:00+00:00,2020-12-04 02:00:00+00:00,103.832,2020-12-07 08:30:00+00:00,104.24649522509588,sl,0.2072476125479435,-41.44952250958909,1.1500000000005173,-0.4763252780821919,-43.0758477876718,78.5,1,0.6225033149702803,-43.0758477876718,-43.650847787672056,-43.500678441096454
USD_JPY,continuation,1,2021-03-03 22:00:00+00:00,2021-03-04 02:00:00+00:00,107.02,2021-03-04 13:25:00+00:00,107.4212400776897,tp,0.2006200388448566,40.12400776897067,1.40000000000029,0.0,38.72400776897038,11.416666666666666,1,0.5658375361775715,38.72400776897038,38.024007768970236,38.72400776897038
USD_JPY,continuation,1,2021-03-08 06:00:00+00:00,2021-03-08 10:00:00+00:00,108.565,2021-03-09 00:25:00+00:00,109.04593387242659,tp,0.2404669362132933,48.09338724265899,1.3500000000000512,-0.44658269315068494,46.29680454950825,14.416666666666666,1,0.935459017365021,46.29680454950825,45.62180454950823,45.81160088786442
USD_JPY,continuation,-1,2021-03-23 21:00:00+00:00,2021-03-24 01:00:00+00:00,108.608,2021-03-25 07:55:00+00:00,109.04624847452342,sl,0.2191242372617087,-43.82484745234194,1.300000000000523,-1.3903548657534248,-46.51520231809589,30.916666666666668,1,0.5044886166430589,-46.51520231809589,-47.16520231809615,-47.789694278369865
USD_JPY,continuation,-1,2021-05-21 05:00:00+00:00,2021-05-21 09:00:00+00:00,108.636,2021-05-25 09:00:00+00:00,108.738,timecap,0.2082637085135319,-10.200000000000387,1.40000000000029,-0.9180248602739729,-12.51802486027465,96.0,1,1.014524129105508,-12.51802486027465,-13.218024860274795,-13.367686167123965
USD_JPY,continuation,1,2021-06-23 17:00:00+00:00,2021-06-23 21:00:00+00:00,110.956,2021-06-25 12:30:00+00:00,110.51718427487468,sl,0.21940786256266395,-43.88157251253233,5.700000000000216,-0.42793808767123287,-50.009510600203775,39.5,1,0.43413688462948336,-50.009510600203775,-52.85951060020388,-50.49471426184761
USD_JPY,continuation,-1,2021-08-03 21:00:00+00:00,2021-08-04 01:00:00+00:00,109.018,2021-08-04 14:10:00+00:00,109.39709841273218,sl,0.18954920636608877,-37.90984127321764,1.40000000000029,0.0,-39.30984127321793,13.166666666666666,1,0.3255513994582742,-39.30984127321793,-40.00984127321807,-39.30984127321793
USD_JPY,continuation,-1,2021-12-03 18:00:00+00:00,2021-12-05 22:00:00+00:00,112.863,2021-12-07 04:10:00+00:00,113.63804302067702,sl,0.3875215103385053,-77.50430206770176,2.9000000000003467,-0.47188608630136997,-80.87618815400347,30.166666666666668,1,0.6372440304576034,-80.87618815400347,-82.32618815400365,-81.30101880742814
USD_JPY,continuation,1,2022-03-20 21:00:00+00:00,2022-03-21 01:00:00+00:00,119.184,2022-03-22 00:15:00+00:00,119.74500308637731,tp,0.28050154318865644,56.10030863773119,1.549999999999585,-0.33515897945205475,54.21514965827955,23.25,1,0.5013159265919164,54.21514965827955,53.44014965827976,53.72994599663571
USD_JPY,continuation,1,2022-03-24 01:00:00+00:00,2022-03-24 05:00:00+00:00,121.224,2022-03-24 13:20:00+00:00,121.90538156382068,tp,0.34069078191033686,68.1381563820679,1.449999999999818,0.0,66.68815638206809,8.333333333333334,1,0.8297148434146495,66.68815638206809,65.96315638206818,66.68815638206809
USD_JPY,continuation,1,2022-04-08 05:00:00+00:00,2022-04-08 09:00:00+00:00,124.104,2022-04-11 01:30:00+00:00,124.85251436589486,tp,0.3742571829474305,74.8514365894863,1.6999999999995907,-0.33338330273972605,72.81805328674699,64.5,1,0.8548699263237552,72.81805328674699,71.96805328674719,72.33284962510315
USD_JPY,continuation,1,2022-04-17 21:00:00+00:00,2022-04-18 01:00:00+00:00,126.568,2022-04-19 00:40:00+00:00,127.28538289169919,tp,0.3586914458495972,71.7382891699188,1.7000000000003013,-0.33338330273972605,69.70490586717878,23.666666666666668,1,0.7646625926310016,69.70490586717878,68.85490586717863,69.21970220553494
USD_JPY,continuation,-1,2022-04-26 21:00:00+00:00,2022-04-27 01:00:00+00:00,127.55,2022-04-28 00:50:00+00:00,128.73198080665665,sl,0.5909904033283256,-118.19808066566537,1.7000000000003013,-1.7299530369863017,-121.62803370265198,23.833333333333332,1,0.729048168660893,-121.62803370265198,-122.47803370265213,-122.90252566292595
USD_JPY,continuation,-1,2022-05-11 17:00:00+00:00,2022-05-11 21:00:00+00:00,129.878,2022-05-12 07:35:00+00:00,128.77919216399047,tp,0.5494039180047525,109.8807836009513,5.89999999999975,0.0,103.98078360095155,10.583333333333334,1,0.9679387819208924,103.98078360095155,101.03078360095168,103.98078360095155
USD_JPY,continuation,1,2022-05-30 09:00:00+00:00,2022-05-30 13:00:00+00:00,127.733,2022-05-31 12:50:00+00:00,128.61233168733864,tp,0.4396658436693133,87.93316873386345,1.7999999999993577,-0.10876019863013694,86.02440853523396,23.833333333333332,1,0.8800587077667517,86.02440853523396,85.12440853523428,85.53920487359012
USD_JPY,continuation,1,2022-06-08 21:00:00+00:00,2022-06-09 01:00:00+00:00,134.276,2022-06-09 10:10:00+00:00,133.28387048200221,sl,0.49606475899889363,-99.2129517997796,1.8999999999991246,0.0,-101.11295179977873,9.166666666666666,1,0.9281089104766443,-101.11295179977873,-102.06295179977829,-101.11295179977873
USD_JPY,continuation,-1,2022-06-24 05:00:00+00:00,2022-06-24 09:00:00+00:00,134.916,2022-06-28 09:00:00+00:00,135.684,timecap,0.5813097880421763,-76.80000000000007,1.7999999999986471,-2.286183767123288,-80.886183767122,96.0,1,1.1275923025241974,-80.886183767122,-81.78618376712133,-81.73584507397132
USD_JPY,continuation,1,2022-08-07 21:00:00+00:00,2022-08-08 01:00:00+00:00,135.345,2022-08-10 01:00:00+00:00,135.218,timecap,0.7698136076772829,-12.700000000000955,1.8000000000000682,1.1142371369863018,-13.38576286301472,48.0,1,0.7463303389951497,-13.38576286301472,-14.285762863014755,-14.356170186302393
USD_JPY,continuation,1,2022-10-03 09:00:00+00:00,2022-10-03 13:00:00+00:00,144.932,2022-10-04 16:30:00+00:00,144.042224990014,sl,0.4448875049929935,-88.9775009985982,1.4999999999986358,0.9042633657534248,-89.57323763284342,27.5,1,0.8820078248901844,-89.57323763284342,-90.32323763284273,-90.05844129448725
USD_JPY,continuation,1,2022-10-10 05:00:00+00:00,2022-10-10 09:00:00+00:00,145.508,2022-10-12 00:00:00+00:00,146.22047302971177,tp,0.35623651485588664,71.24730297117594,2.050000000001262,1.8085267315068496,71.00582970268152,39.0,1,1.0261483833216225,71.00582970268152,69.9808297026809,70.03542237939386
USD_JPY,continuation,1,2022-12-12 18:00:00+00:00,2022-12-12 22:00:00+00:00,137.678,2022-12-13 13:30:00+00:00,136.44068295626008,sl,0.6186585218699602,-123.7317043739921,6.30000000000166,0.0,-130.03170437399376,15.5,1,0.7269232238618701,-130.03170437399376,-133.1817043739946,-130.03170437399376
USD_JPY,continuation,-1,2023-01-15 22:00:00+00:00,2023-01-16 02:00:00+00:00,127.684,2023-01-17 02:30:00+00:00,129.1678316909682,sl,0.7419158454841049,-148.3831690968202,2.1000000000000796,-2.355879078082192,-152.83904817490247,24.5,1,1.0019252210438976,-152.83904817490247,-153.8890481749025,-153.26387882832714
USD_JPY,continuation,-1,2023-03-06 02:00:00+00:00,2023-03-06 06:00:00+00:00,135.784,2023-03-07 15:05:00+00:00,136.7403808611068,sl,0.47819043055339305,-95.63808611067941,1.999999999999602,-2.4610879232876717,-100.09917403396669,33.083333333333336,1,0.7316338037074898,-100.09917403396669,-101.09917403396649,-100.52400468739134
USD_JPY,continuation,-1,2023-03-23 01:00:00+00:00,2023-03-23 05:00:00+00:00,130.729,2023-03-27 05:00:00+00:00,130.71,timecap,0.7169958662231166,1.9000000000005457,1.999999999999602,-5.153013819178082,-5.253013819177139,96.0,1,0.931804264131182,-5.253013819177139,-6.25301381917694,-6.102675126026455
USD_JPY,continuation,1,2023-04-11 17:00:00+00:00,2023-04-11 21:00:00+00:00,133.701,2023-04-13 12:45:00+00:00,132.73129783990518,sl,0.48485108004740013,-96.97021600948119,5.449999999999022,4.9967542684931505,-97.42346174098707,39.75,1,0.536141079765016,-97.42346174098707,-100.14846174098658,-98.87907272591858
USD_JPY,continuation,-1,2023-04-26 01:00:00+00:00,2023-04-26 05:00:00+00:00,133.582,2023-04-28 04:00:00+00:00,134.3567989449184,sl,0.38739947245920975,-77.4798944918416,1.9000000000005457,-10.302476284931508,-89.68237077677367,47.0,1,0.9934747292147753,-89.68237077677367,-90.63237077677394,-91.3816933904723
USD_JPY,continuation,1,2023-05-26 09:00:00+00:00,2023-05-26 13:00:00+00:00,140.08,2023-05-30 13:00:00+00:00,139.828,timecap,0.4544626189213797,-25.200000000000955,1.650000000000773,3.5850912821917813,-23.264908717809945,96.0,1,1.0654421758853536,-23.264908717809945,-24.08990871781033,-24.23531604109762
USD_JPY,continuation,1,2023-07-19 01:00:00+00:00,2023-07-19 05:00:00+00:00,139.372,2023-07-21 05:00:00+00:00,140.129,timecap,0.5883715042875404,75.69999999999766,1.8000000000000682,7.1613041808219196,81.0613041808195,48.0,1,0.998569693817507,81.0613041808195,80.16130418081947,79.12048953424417
USD_JPY,continuation,-1,2023-08-06 21:00:00+00:00,2023-08-07 01:00:00+00:00,141.594,2023-08-08 00:20:00+00:00,142.71053978208514,sl,0.558269891042572,-111.6539782085141,1.999999999999602,-2.8193307000000005,-116.4733089085137,23.333333333333332,1,0.56463420044662,-116.4733089085137,-117.4733089085135,-116.89813956193836
USD_JPY,continuation,1,2023-08-27 21:00:00+00:00,2023-08-28 01:00:00+00:00,146.518,2023-08-29 12:25:00+00:00,147.30988968497866,tp,0.39594484248933254,79.18896849786563,1.8000000000014893,1.9092963849315072,79.29826488279565,35.416666666666664,1,0.422587433866831,79.29826488279565,78.3982648827949,78.81306122115181
USD_JPY,continuation,1,2023-09-26 17:00:00+00:00,2023-09-26 21:00:00+00:00,149.03,2023-09-27 16:10:00+00:00,149.5674204858085,tp,0.26871024290425094,53.742048580849655,4.449999999999932,0.0,49.29204858084972,19.166666666666668,1,0.5066858101164394,49.29204858084972,47.06704858084976,49.29204858084972
USD_JPY,continuation,-1,2023-10-30 05:00:00+00:00,2023-10-30 09:00:00+00:00,149.582,2023-10-30 15:10:00+00:00,148.99065141122693,tp,0.2956742943865296,59.134858877305874,1.5000000000000568,0.0,57.63485887730582,6.166666666666667,1,0.9702713876199686,57.63485887730582,56.88485887730579,57.63485887730582
USD_JPY,continuation,-1,2023-12-01 18:00:00+00:00,2023-12-03 22:00:00+00:00,146.742,2023-12-05 22:00:00+00:00,147.154,timecap,0.5754046519003172,-41.200000000000614,5.849999999999511,-5.592493805479453,-52.642493805479575,48.0,1,0.6674143031846866,-52.642493805479575,-55.56749380547933,-53.492155112328895
USD_JPY,continuation,-1,2023-12-22 10:00:00+00:00,2023-12-22 14:00:00+00:00,142.039,2023-12-27 14:00:00+00:00,142.577,timecap,0.5710199273341904,-53.80000000000109,1.850000000000307,-8.38874070821918,-64.03874070822057,120.0,1,1.0745442471820121,-64.03874070822057,-64.96374070822073,-65.31323266849455
USD_JPY,continuation,1,2024-01-04 22:00:00+00:00,2024-01-05 02:00:00+00:00,144.743,2024-01-05 13:30:00+00:00,145.76706513268837,tp,0.5120325663441831,102.40651326883778,1.9499999999993634,0.0,100.45651326883842,11.5,1,0.6097898467604795,100.45651326883842,99.48151326883874,100.45651326883842
USD_JPY,continuation,1,2024-02-05 14:00:00+00:00,2024-02-05 18:00:00+00:00,148.618,2024-02-07 18:00:00+00:00,148.136,timecap,0.5203218225694435,-48.19999999999993,1.7499999999998295,3.767098145205479,-46.18290185479428,48.0,1,1.1026713965105335,-46.18290185479428,-47.057901854794196,-47.153309178081955
USD_JPY,continuation,-1,2024-03-07 22:00:00+00:00,2024-03-08 02:00:00+00:00,147.976,2024-03-08 09:35:00+00:00,147.1534202061842,tp,0.4112898969079035,82.25797938158053,1.5500000000002956,0.0,80.70797938158023,7.583333333333333,1,0.798461962743468,80.70797938158023,79.93297938158008,80.70797938158023
USD_JPY,continuation,-1,2024-03-11 01:00:00+00:00,2024-03-11 05:00:00+00:00,146.902,2024-03-12 12:30:00+00:00,147.8848209591994,sl,0.4914104795997083,-98.28209591994153,1.5499999999988745,-2.7811536506849324,-102.61324957062533,31.5,1,0.7609660645371695,-102.61324957062533,-103.38824957062477,-103.03808022404999
USD_JPY,continuation,-1,2024-05-02 17:00:00+00:00,2024-05-02 21:00:00+00:00,153.692,2024-05-06 21:00:00+00:00,153.899,timecap,0.971957277118261,-20.699999999999363,6.850000000000023,-5.513476191780823,-33.06347619178021,96.0,1,0.9893416587030575,-33.06347619178021,-36.48847619178022,-33.913137498629524
USD_JPY,continuation,1,2024-05-23 21:00:00+00:00,2024-05-24 01:00:00+00:00,157.042,2024-05-28 01:00:00+00:00,156.898,timecap,0.3177360622673445,-14.400000000000546,1.449999999999818,3.6934075616438355,-12.156592438356528,96.0,1,0.6567363561305803,-12.156592438356528,-12.881592438356437,-13.1269997616442
USD_JPY,continuation,1,2024-06-09 21:00:00+00:00,2024-06-10 01:00:00+00:00,156.837,2024-06-12 01:00:00+00:00,157.183,timecap,0.5317467075133163,34.600000000000364,1.5500000000002956,3.6934075616438355,36.743407561643906,48.0,1,0.5301543446155047,36.743407561643906,35.96840756164376,35.77300023835623
USD_JPY,continuation,1,2024-06-18 05:00:00+00:00,2024-06-18 09:00:00+00:00,158.152,2024-06-20 09:00:00+00:00,158.438,timecap,0.41415387052288594,28.600000000000136,1.6999999999995907,7.386815123287671,34.286815123288214,48.0,1,0.9443032113277875,34.286815123288214,33.43681512328842,32.346000476712874
USD_JPY,continuation,1,2024-06-30 21:00:00+00:00,2024-07-01 01:00:00+00:00,160.997,2024-07-03 01:00:00+00:00,161.564,timecap,0.374006419560272,56.699999999997885,1.5000000000000568,3.692519723287672,58.8925197232855,48.0,1,0.6883575832906826,58.8925197232855,58.142519723285474,57.92211239999783
USD_JPY,continuation,-1,2024-07-24 21:00:00+00:00,2024-07-25 01:00:00+00:00,153.246,2024-07-26 10:50:00+00:00,154.5964762976435,sl,0.6752381488217453,-135.0476297643496,1.6999999999995907,-2.7562941767123292,-139.50392394106152,33.833333333333336,1,0.9386709432782674,-139.50392394106152,-140.3539239410613,-139.92875459448618
USD_JPY,continuation,-1,2024-08-02 05:00:00+00:00,2024-08-02 09:00:00+00:00,149.074,2024-08-02 12:40:00+00:00,147.11380695089298,tp,0.9800965245535114,196.01930491070334,1.7499999999998295,0.0,194.2693049107035,3.6666666666666665,1,1.1468238076847952,194.2693049107035,193.3943049107036,194.2693049107035
USD_JPY,continuation,-1,2024-08-20 17:00:00+00:00,2024-08-20 21:00:00+00:00,145.226,2024-08-21 14:00:00+00:00,146.70553629945863,sl,0.7397681497293219,-147.95362994586299,1.9499999999993634,0.0,-149.90362994586235,17.0,1,0.5132910998989643,-149.90362994586235,-150.87862994586203,-149.90362994586235
USD_JPY,continuation,1,2024-09-02 21:00:00+00:00,2024-09-03 01:00:00+00:00,147.126,2024-09-03 06:35:00+00:00,146.11738081393386,sl,0.5043095930330758,-100.86191860661415,1.5500000000002956,0.0,-102.41191860661445,5.583333333333333,1,0.5053106470739881,-102.41191860661445,-103.1869186066146,-102.41191860661445
USD_JPY,continuation,-1,2024-09-06 01:00:00+00:00,2024-09-06 05:00:00+00:00,142.996,2024-09-06 15:00:00+00:00,141.82448402297766,tp,0.5857579885111813,117.15159770223522,1.5999999999991132,0.0,115.55159770223611,10.0,1,0.6073056612033819,115.55159770223611,114.75159770223655,115.55159770223611
USD_JPY,continuation,-1,2024-09-13 01:00:00+00:00,2024-09-13 05:00:00+00:00,140.96,2024-09-17 05:00:00+00:00,140.68,timecap,0.7714100885183225,28.000000000000114,1.9000000000005457,-5.380300438356165,20.719699561643402,96.0,1,0.9185706743231511,20.719699561643402,19.76969956164313,19.87003825479409
