pair,direction,rsi_at_signal,signal_ts,entry_ts,entry_px,exit_ts,exit_px,exit_reason,gross_pips,spread_rt_pips,carry_pips,net_base,net_spread1p5,net_carry2p0
AUD_JPY,1,6.54088050314536,2020-11-15 22:00:00+00:00,2020-11-16 22:00:00+00:00,76.555,2020-11-22 22:00:00+00:00,75.802,up_close,-75.30000000000001,7.30000000000004,-2.0963627260273974,-84.69636272602744,-88.34636272602746,-87.05592926027403
AUD_JPY,-1,92.9545489885089,2020-11-23 22:00:00+00:00,2020-11-24 22:00:00+00:00,76.874,2020-11-26 22:00:00+00:00,76.772,down_close,10.199999999998965,6.299999999999528,-1.308604849315068,2.5913951506843693,-0.5586048493153948,1.4582595068487532
AUD_JPY,-1,97.50420148106721,2020-12-09 22:00:00+00:00,2020-12-10 22:00:00+00:00,78.56,2020-12-13 22:00:00+00:00,78.524,down_close,3.6000000000001364,7.000000000000028,-0.32220841780821907,-3.722208417808111,-7.222208417808125,-4.005492328767015
AUD_JPY,-1,92.29405674576658,2020-12-16 22:00:00+00:00,2020-12-17 22:00:00+00:00,78.628,2020-12-21 22:00:00+00:00,78.382,down_close,24.59999999999951,11.149999999999949,-0.6444168356164381,12.805583164383124,7.23058316438315,12.239015342465317
AUD_JPY,-1,93.63256277685628,2020-12-29 22:00:00+00:00,2020-12-30 22:00:00+00:00,79.26,2021-01-04 22:00:00+00:00,79.03,down_close,23.000000000000398,5.499999999999261,-0.9610646095890408,16.538935390412096,13.788935390412465,15.689083657535384
AUD_JPY,-1,90.51236349358513,2021-01-05 22:00:00+00:00,2021-01-06 22:00:00+00:00,80.4,2021-01-11 22:00:00+00:00,80.226,down_close,17.40000000000066,7.700000000000529,-0.9582842876712326,8.741715712328897,4.891715712328634,7.891863979452186
AUD_JPY,-1,97.31722981326968,2021-02-04 22:00:00+00:00,2021-02-07 22:00:00+00:00,80.798,2021-02-09 22:00:00+00:00,80.924,down_close,-12.600000000000477,7.749999999999346,-0.6382383424657532,-20.98823834246558,-24.86323834246525,-21.554806164383386
AUD_JPY,-1,96.60919582978298,2021-02-14 22:00:00+00:00,2021-02-15 22:00:00+00:00,81.986,2021-02-17 22:00:00+00:00,82.061,down_close,-7.500000000000284,5.749999999999744,-1.2764766849315063,-14.526476684931534,-17.401476684931406,-15.659612328767151
AUD_JPY,-1,95.64672960759648,2021-02-18 22:00:00+00:00,2021-02-21 22:00:00+00:00,82.966,2021-02-25 22:00:00+00:00,83.689,down_close,-72.2999999999999,8.300000000000551,-1.9147150273972593,-82.51471502739771,-86.66471502739799,-84.21441849315113
AUD_JPY,-1,91.88170249923826,2021-03-09 22:00:00+00:00,2021-03-10 22:00:00+00:00,83.848,2021-03-16 21:00:00+00:00,84.428,down_close,-57.99999999999983,8.450000000000557,-1.2777123835616435,-67.72771238356204,-71.95271238356231,-68.86084802739765
AUD_JPY,1,2.969376182537502,2021-03-22 21:00:00+00:00,2021-03-23 21:00:00+00:00,82.787,2021-03-25 21:00:00+00:00,82.742,up_close,-4.5000000000001705,8.99999999999963,-1.4284676164383558,-14.928467616438157,-19.42846761643797,-16.50151197260254
AUD_JPY,-1,91.70290549581169,2021-03-30 21:00:00+00:00,2021-03-31 21:00:00+00:00,84.109,2021-04-04 21:00:00+00:00,84.215,down_close,-10.600000000000875,13.250000000000028,-0.6357669452054792,-24.485766945206382,-31.110766945206397,-25.05233476712419
AUD_JPY,-1,90.78101553598853,2021-04-04 21:00:00+00:00,2021-04-05 21:00:00+00:00,84.286,2021-04-06 21:00:00+00:00,84.102,down_close,18.39999999999975,14.049999999999585,-0.3178834726027396,4.0321165273974255,-2.9928834726023674,3.7488326164385213
AUD_JPY,1,7.44290025794659,2021-04-06 21:00:00+00:00,2021-04-07 21:00:00+00:00,83.615,2021-04-14 21:00:00+00:00,84.18,up_close,56.500000000001194,14.000000000000057,-2.510630691780822,39.98936930822032,32.98936930822029,37.23654168493265
AUD_JPY,-1,93.14855629620862,2021-04-14 21:00:00+00:00,2021-04-15 21:00:00+00:00,84.312,2021-04-18 21:00:00+00:00,84.085,down_close,22.700000000000387,11.950000000000216,-0.3178834726027396,10.432116527397431,4.457116527397323,10.148832616438527
AUD_JPY,-1,91.50460791476681,2021-04-27 21:00:00+00:00,2021-04-28 21:00:00+00:00,84.617,2021-04-29 21:00:00+00:00,84.597,down_close,2.000000000001023,6.8000000000004945,-0.3178834726027396,-5.117883472602211,-8.517883472602458,-5.4011673835611145
AUD_JPY,-1,91.59342930459917,2021-05-09 21:00:00+00:00,2021-05-10 21:00:00+00:00,85.241,2021-05-11 21:00:00+00:00,85.209,down_close,3.1999999999996476,11.300000000000665,-0.3194280958904109,-8.419428095891428,-14.06942809589176,-8.702712006850332
AUD_JPY,1,9.541395449921723,2021-05-18 21:00:00+00:00,2021-05-19 21:00:00+00:00,84.406,2021-05-20 21:00:00+00:00,84.578,up_close,17.199999999999704,8.899999999999864,-0.35711690410958896,7.942883095890252,3.49288309589032,7.549622006849156
AUD_JPY,-1,96.09540297387358,2021-05-26 21:00:00+00:00,2021-05-27 21:00:00+00:00,85.008,2021-05-30 21:00:00+00:00,84.715,down_close,29.299999999999216,14.999999999999147,-0.3194280958904109,13.980571904109658,6.480571904110084,13.697287993150754
AUD_JPY,1,8.312039695776718,2021-06-10 21:00:00+00:00,2021-06-13 21:00:00+00:00,84.486,2021-06-14 21:00:00+00:00,84.882,up_close,39.60000000000008,9.34999999999988,-0.3534098082191781,29.89659019178102,25.22159019178108,29.503329102739926
AUD_JPY,1,3.6641277117395674,2021-06-16 21:00:00+00:00,2021-06-17 21:00:00+00:00,83.22,2021-06-21 21:00:00+00:00,83.065,up_close,-15.500000000000114,11.44999999999996,-0.7068196164383562,-27.65681961643843,-33.38181961643841,-28.44334179452062
AUD_JPY,1,6.261551131686971,2021-06-28 21:00:00+00:00,2021-06-29 21:00:00+00:00,83.012,2021-06-30 21:00:00+00:00,83.31,up_close,29.800000000000182,7.9999999999998295,-1.0602294246575343,20.739770575342817,16.739770575342902,19.55998730821953
AUD_JPY,1,7.774562243887971,2021-07-06 21:00:00+00:00,2021-07-07 21:00:00+00:00,82.867,2021-07-11 21:00:00+00:00,82.428,up_close,-43.900000000000716,15.000000000000568,-0.7024946712328767,-59.60249467123416,-67.10249467123444,-60.389016849316356
AUD_JPY,1,7.05934338870739,2021-07-14 21:00:00+00:00,2021-07-15 21:00:00+00:00,81.628,2021-07-20 21:00:00+00:00,80.538,up_close,-109.00000000000034,12.350000000000705,-1.053742006849315,-122.40374200685036,-128.57874200685072,-123.58352527397365
AUD_JPY,-1,93.58723247868792,2021-08-04 21:00:00+00:00,2021-08-05 21:00:00+00:00,81.284,2021-08-08 21:00:00+00:00,81.207,down_close,7.700000000001239,12.250000000000227,-0.3246798150684931,-4.8746798150674815,-10.999679815067594,-5.157963726026385
AUD_JPY,1,5.720705630962186,2021-08-15 21:00:00+00:00,2021-08-16 21:00:00+00:00,80.186,2021-08-23 21:00:00+00:00,79.096,up_close,-109.00000000000034,10.500000000000398,-2.4630562945205474,-121.96305629452128,-127.21305629452148,-124.71588391780895
AUD_JPY,-1,93.29317282341746,2021-08-31 21:00:00+00:00,2021-09-01 21:00:00+00:00,81.1,2021-09-06 21:00:00+00:00,81.739,down_close,-63.900000000001,13.89999999999958,-0.9629181575342463,-78.76291815753483,-85.71291815753462,-79.61276989041154
AUD_JPY,1,8.254246406211735,2021-09-08 21:00:00+00:00,2021-09-09 21:00:00+00:00,80.844,2021-09-13 21:00:00+00:00,81.07,up_close,22.59999999999991,13.350000000000506,-0.7111445616438355,8.538855438355567,1.8638554383553148,7.752333260273376
AUD_JPY,1,6.403803672632165,2021-09-15 21:00:00+00:00,2021-09-16 21:00:00+00:00,79.953,2021-09-19 21:00:00+00:00,79.87,up_close,-8.29999999999984,9.75000000000037,-0.3555722808219178,-18.405572280822128,-23.280572280822312,-18.798833369863225
AUD_JPY,1,1.7084831476037579,2021-09-19 21:00:00+00:00,2021-09-20 21:00:00+00:00,79.216,2021-09-22 21:00:00+00:00,79.486,up_close,27.000000000001023,10.300000000000153,-1.422289123287671,15.277710876713199,10.127710876713122,13.704666520548816
AUD_JPY,-1,95.45326930313253,2021-10-04 21:00:00+00:00,2021-10-05 21:00:00+00:00,81.284,2021-10-06 21:00:00+00:00,81.016,down_close,26.800000000000068,7.4500000000000455,-0.96755202739726,18.382447972602762,14.65744797260274,17.53259623972605
AUD_JPY,-1,91.68589583212581,2021-10-07 21:00:00+00:00,2021-10-10 21:00:00+00:00,81.98,2021-10-17 21:00:00+00:00,84.746,timecap,-276.5999999999991,15.000000000000568,-2.257621397260273,-293.85762139725995,-301.35762139726023,-295.8406087739723
AUD_JPY,-1,90.17241110669876,2021-10-17 21:00:00+00:00,2021-10-18 21:00:00+00:00,84.734,2021-10-21 21:00:00+00:00,85.111,down_close,-37.700000000000955,8.00000000000054,-1.6125867123287665,-47.31258671233026,-51.31258671233053,-48.72900626712478
AUD_JPY,1,7.179254214783057,2021-11-01 21:00:00+00:00,2021-11-02 21:00:00+00:00,84.677,2021-11-03 21:00:00+00:00,84.909,up_close,23.199999999999932,6.749999999999545,-1.0509616849315069,15.39903831506888,12.024038315069108,14.219255047945591
AUD_JPY,1,8.1787284929122,2021-11-04 21:00:00+00:00,2021-11-07 22:00:00+00:00,83.824,2021-11-08 22:00:00+00:00,84.06,up_close,23.60000000000042,8.899999999999864,-0.3503205616438356,14.349679438356722,9.89967943835679,13.956418349315626
AUD_JPY,1,8.85656931757947,2021-11-08 22:00:00+00:00,2021-11-09 22:00:00+00:00,83.278,2021-11-10 22:00:00+00:00,83.464,up_close,18.599999999999284,7.000000000000028,-1.0509616849315069,10.54903831506775,7.049038315067734,9.36925504794446
AUD_JPY,1,2.6392604443304606,2021-11-25 22:00:00+00:00,2021-11-28 22:00:00+00:00,81.16,2021-11-29 22:00:00+00:00,81.093,up_close,-6.6999999999993065,11.149999999999949,-0.3503205616438356,-18.200320561643093,-23.775320561643067,-18.593581650684186
AUD_JPY,1,9.241481753986264,2021-11-30 22:00:00+00:00,2021-12-01 22:00:00+00:00,80.118,2021-12-02 22:00:00+00:00,80.203,up_close,8.500000000000796,14.999999999999858,-0.35433658219178077,-6.854336582190843,-14.354336582190772,-7.247597671231939
AUD_JPY,1,5.181195566354376,2021-12-02 22:00:00+00:00,2021-12-05 22:00:00+00:00,79.024,2021-12-06 22:00:00+00:00,80.008,up_close,98.39999999999947,9.399999999999409,-0.35433658219178077,88.64566341780828,83.94566341780857,88.25240232876718
AUD_JPY,-1,93.54150020824035,2021-12-22 22:00:00+00:00,2021-12-23 22:00:00+00:00,82.838,2021-12-26 22:00:00+00:00,82.661,down_close,17.69999999999925,13.050000000000495,-0.32220841780821907,4.327791582190536,-2.197208417809711,4.044507671231632
AUD_JPY,-1,92.65626618020765,2021-12-30 22:00:00+00:00,2022-01-02 22:00:00+00:00,83.598,2022-01-03 22:00:00+00:00,82.918,down_close,67.99999999999926,14.999999999999147,-0.3203548698630136,52.679645130137104,45.17964513013753,52.396361219178196
AUD_JPY,1,6.965894784842732,2022-01-20 22:00:00+00:00,2022-01-23 22:00:00+00:00,81.559,2022-01-26 22:00:00+00:00,81.575,up_close,1.6000000000005343,9.499999999999886,-1.7809506506849315,-9.680950650684284,-14.430950650684228,-11.647256095889762
AUD_JPY,1,5.392353535692422,2022-01-27 22:00:00+00:00,2022-01-30 22:00:00+00:00,80.616,2022-01-31 22:00:00+00:00,81.348,up_close,73.19999999999993,13.000000000000966,-0.3561901301369863,59.84380986986198,53.343809869861495,59.45054878082088
AUD_JPY,-1,91.3563983272773,2022-02-08 22:00:00+00:00,2022-02-09 22:00:00+00:00,82.923,2022-02-13 22:00:00+00:00,82.248,down_close,67.49999999999972,11.200000000000188,-0.6394740410958901,55.66052595890364,50.06052595890355,55.09395813698583
AUD_JPY,-1,90.32497695093859,2022-03-01 22:00:00+00:00,2022-03-02 22:00:00+00:00,84.296,2022-03-07 22:00:00+00:00,84.374,down_close,-7.7999999999988745,8.950000000000102,-0.9499433219178077,-17.699943321916784,-22.174943321916835,-18.549795054793496
AUD_JPY,-1,90.60494321281324,2022-03-09 22:00:00+00:00,2022-03-10 22:00:00+00:00,85.397,2022-03-14 21:00:00+00:00,85.097,down_close,30.000000000001137,15.000000000000568,-0.6332955479452052,14.366704452055362,6.866704452055079,13.800136630137555
AUD_JPY,-1,91.71019153815878,2022-03-15 21:00:00+00:00,2022-03-16 21:00:00+00:00,86.55,2022-03-23 21:00:00+00:00,90.848,timecap,-429.8000000000002,8.29999999999984,-2.216534417808218,-440.3165344178082,-444.46653441780813,-442.29952179452056
AUD_JPY,-1,99.8807018403891,2022-03-23 21:00:00+00:00,2022-03-24 21:00:00+00:00,91.923,2022-03-27 21:00:00+00:00,91.641,down_close,28.199999999999648,12.84999999999954,-0.3166477739726026,15.033352226027505,8.608352226027735,14.750068315068601
AUD_JPY,-1,95.32949234649682,2022-03-27 21:00:00+00:00,2022-03-28 21:00:00+00:00,92.723,2022-03-29 21:00:00+00:00,92.228,down_close,49.500000000000455,13.449999999999562,-0.3166477739726026,35.73335222602829,29.00835222602851,35.45006831506939
AUD_JPY,-1,93.07376391755527,2022-04-04 21:00:00+00:00,2022-04-05 21:00:00+00:00,93.647,2022-04-06 21:00:00+00:00,92.975,down_close,67.20000000000113,14.999999999999858,-0.9536504178082188,51.24634958219305,43.74634958219312,50.39649784931634
AUD_JPY,-1,92.97427659787205,2022-04-12 21:00:00+00:00,2022-04-13 21:00:00+00:00,93.613,2022-04-14 21:00:00+00:00,93.376,down_close,23.699999999999477,12.699999999999534,-0.3178834726027396,10.682116527397204,4.332116527397437,10.3988326164383
AUD_JPY,-1,93.69989179069823,2022-04-18 21:00:00+00:00,2022-04-19 21:00:00+00:00,95.07,2022-04-21 21:00:00+00:00,94.634,down_close,43.599999999999284,11.399999999999721,-1.2715338904109583,30.928466109588605,25.228466109588744,29.79533046575299
AUD_JPY,1,6.308627876720877,2022-04-24 21:00:00+00:00,2022-04-25 21:00:00+00:00,91.982,2022-04-27 21:00:00+00:00,91.513,up_close,-46.89999999999941,6.799999999999784,-1.434646109589041,-55.13464610958823,-58.534646109588124,-56.70769046575262
AUD_JPY,-1,90.04507488675861,2022-05-03 21:00:00+00:00,2022-05-04 21:00:00+00:00,93.7,2022-05-05 21:00:00+00:00,92.606,down_close,109.40000000000083,11.850000000000449,-0.39078969178082174,97.15921030821956,91.23421030821933,96.87592639726066
AUD_JPY,1,8.995318162002832,2022-05-08 21:00:00+00:00,2022-05-09 21:00:00+00:00,90.557,2022-05-15 21:00:00+00:00,89.56,up_close,-99.69999999999999,14.999999999999858,-1.7145318493150685,-116.41453184931491,-123.91453184931484,-118.7740983835615
AUD_JPY,-1,95.68008542696275,2022-05-29 21:00:00+00:00,2022-05-30 21:00:00+00:00,91.813,2022-06-05 21:00:00+00:00,94.42,down_close,-260.69999999999993,14.999999999999858,-2.9934799315068483,-278.69347993150666,-286.19347993150654,-280.3931833972601
AUD_JPY,-1,96.75971261396657,2022-06-05 21:00:00+00:00,2022-06-06 21:00:00+00:00,94.87,2022-06-09 21:00:00+00:00,95.346,down_close,-47.59999999999991,10.849999999999937,-2.6026902397260265,-61.05269023972588,-66.47769023972585,-62.46910979452039
AUD_JPY,1,7.334860892582327,2022-06-12 21:00:00+00:00,2022-06-13 21:00:00+00:00,93.087,2022-06-15 21:00:00+00:00,93.728,up_close,64.09999999999911,14.999999999999858,-0.6240278082191781,48.47597219178008,40.97597219178015,46.90292783561569
AUD_JPY,-1,94.32960593370595,2022-06-20 21:00:00+00:00,2022-06-21 21:00:00+00:00,95.232,2022-06-22 21:00:00+00:00,94.36,down_close,87.19999999999999,11.549999999999727,-1.561614143835616,74.08838585616465,68.31338585616479,73.23853412328793
AUD_JPY,1,3.276642812855499,2022-06-30 21:00:00+00:00,2022-07-03 21:00:00+00:00,92.197,2022-07-04 21:00:00+00:00,93.116,up_close,91.8999999999997,15.000000000000568,0.0058695684931506596,76.90586956849228,69.405869568492,76.51260847945117
AUD_JPY,-1,90.6953368138378,2022-07-13 21:00:00+00:00,2022-07-14 21:00:00+00:00,93.769,2022-07-18 21:00:00+00:00,94.084,down_close,-31.499999999999773,14.500000000000313,-1.364829136986301,-47.36482913698639,-54.61482913698654,-47.931396958904195
AUD_JPY,-1,98.968323348214,2022-07-18 21:00:00+00:00,2022-07-19 21:00:00+00:00,95.313,2022-07-20 21:00:00+00:00,95.154,down_close,15.900000000000603,14.150000000000063,-2.0472437054794517,-0.29724370547891166,-7.372243705478943,-1.147095438355623
AUD_JPY,1,6.197927889573364,2022-07-31 21:00:00+00:00,2022-08-01 21:00:00+00:00,92.536,2022-08-03 21:00:00+00:00,93.04,up_close,50.40000000000049,10.849999999999937,0.6858127397260273,40.235812739726576,34.81081273972661,38.662768383562195
AUD_JPY,-1,95.50803609162517,2022-08-11 21:00:00+00:00,2022-08-14 21:00:00+00:00,95.021,2022-08-15 21:00:00+00:00,93.632,down_close,138.89999999999958,11.749999999999972,-0.8479981849315067,126.3020018150681,120.42700181506811,126.0187179041092
AUD_JPY,-1,96.77410149781586,2022-08-24 21:00:00+00:00,2022-08-25 21:00:00+00:00,95.274,2022-08-28 21:00:00+00:00,94.738,down_close,53.600000000000136,11.849999999999739,-0.8479981849315067,40.90200181506889,34.97700181506902,40.618717904109985
AUD_JPY,-1,96.68539053412613,2022-09-05 21:00:00+00:00,2022-09-06 21:00:00+00:00,96.166,2022-09-08 21:00:00+00:00,97.29,down_close,-112.40000000000094,8.599999999999852,-3.974006794520547,-124.97400679452134,-129.27400679452126,-126.10714243835696
AUD_JPY,-1,97.5076954526791,2022-09-08 21:00:00+00:00,2022-09-11 21:00:00+00:00,97.122,2022-09-13 21:00:00+00:00,97.3,down_close,-17.799999999999727,5.899999999999039,-1.9870033972602734,-25.68700339725904,-28.63700339725856,-26.253571219176848
AUD_JPY,1,8.701062928241612,2022-09-20 21:00:00+00:00,2022-09-21 21:00:00+00:00,95.512,2022-09-28 21:00:00+00:00,93.959,up_close,-155.29999999999973,9.100000000000108,2.218696890410958,-162.18130310958887,-166.7313031095889,-164.93413073287655
AUD_JPY,1,5.371861046499902,2022-10-09 21:00:00+00:00,2022-10-10 21:00:00+00:00,91.808,2022-10-12 21:00:00+00:00,92.196,up_close,38.7999999999991,6.150000000000233,1.6768430410958899,34.32684304109476,31.25184304109464,32.75379868493037
AUD_JPY,-1,90.04527175459688,2022-10-17 21:00:00+00:00,2022-10-18 21:00:00+00:00,94.187,2022-10-19 21:00:00+00:00,93.926,down_close,26.099999999999568,15.000000000000568,-3.2872672808219177,7.812732719177082,0.3127327191767977,6.96288098630037
AUD_JPY,-1,92.82786674116315,2022-10-25 21:00:00+00:00,2022-10-26 21:00:00+00:00,95.149,2022-10-27 21:00:00+00:00,94.374,down_close,77.50000000000057,10.949999999999704,-1.0957557602739725,65.45424423972689,59.97924423972704,65.17096032876799
AUD_JPY,1,7.129129272183803,2022-11-02 21:00:00+00:00,2022-11-03 21:00:00+00:00,93.234,2022-11-06 22:00:00+00:00,94.438,up_close,120.40000000000077,14.900000000000091,0.5047828904109587,106.00478289041165,98.5547828904116,105.61152180137054
AUD_JPY,1,8.683882587414402,2022-11-09 22:00:00+00:00,2022-11-10 22:00:00+00:00,93.313,2022-11-14 22:00:00+00:00,93.76,up_close,44.70000000000027,11.80000000000021,1.0095657808219174,33.90956578082198,28.009565780821873,33.12304360273979
AUD_JPY,1,6.603286428222219,2022-11-27 22:00:00+00:00,2022-11-28 22:00:00+00:00,92.386,2022-11-29 22:00:00+00:00,92.716,up_close,32.99999999999983,11.500000000000199,0.5047828904109587,22.00478289041059,16.25478289041049,21.611521801369495
AUD_JPY,-1,92.66762463519787,2022-12-08 22:00:00+00:00,2022-12-11 22:00:00+00:00,92.85,2022-12-15 22:00:00+00:00,92.391,down_close,45.8999999999989,14.999999999999147,-7.482773054794519,23.41722694520523,15.917226945205657,21.717523479451806
AUD_JPY,1,3.8166310923392075,2022-12-15 22:00:00+00:00,2022-12-18 22:00:00+00:00,91.132,2022-12-19 22:00:00+00:00,91.792,up_close,65.99999999999966,12.14999999999975,0.5705838424657532,54.42058384246566,48.345583842465786,54.02732275342456
AUD_JPY,1,3.865767296404087,2022-12-19 22:00:00+00:00,2022-12-20 22:00:00+00:00,87.86,2022-12-21 22:00:00+00:00,88.775,up_close,91.50000000000063,14.999999999999858,1.7117515273972597,78.21175152739802,70.71175152739809,77.03196826027474
AUD_JPY,1,6.325792559162835,2023-01-02 22:00:00+00:00,2023-01-03 22:00:00+00:00,88.123,2023-01-04 22:00:00+00:00,90.561,up_close,243.80000000000024,10.849999999999227,1.7117515273972597,234.66175152739828,229.23675152739867,233.48196826027498
AUD_JPY,-1,90.23781520167213,2023-01-10 22:00:00+00:00,2023-01-11 22:00:00+00:00,91.43,2023-01-12 22:00:00+00:00,90.054,down_close,137.60000000000048,12.84999999999954,-1.2471288424657532,123.50287115753518,117.07787115753541,123.21958724657628
AUD_JPY,1,8.754185180581928,2023-01-12 22:00:00+00:00,2023-01-15 22:00:00+00:00,89.114,2023-01-16 22:00:00+00:00,89.382,up_close,26.800000000000068,12.550000000000239,0.5705838424657532,14.820583842465583,8.545583842465463,14.427322753424487
AUD_JPY,1,7.350687188582128,2023-01-18 22:00:00+00:00,2023-01-19 22:00:00+00:00,88.75,2023-01-22 22:00:00+00:00,90.222,up_close,147.19999999999942,10.39999999999992,0.5705838424657532,137.37058384246527,132.1705838424653,136.97732275342415
AUD_JPY,-1,91.65683046616523,2023-01-22 22:00:00+00:00,2023-01-23 22:00:00+00:00,91.808,2023-01-24 22:00:00+00:00,91.715,down_close,9.300000000000352,10.39999999999921,-1.2471288424657532,-2.3471288424646106,-7.547128842464216,-2.6304127534235144
AUD_JPY,-1,94.86261619898261,2023-01-25 22:00:00+00:00,2023-01-26 22:00:00+00:00,92.564,2023-01-29 22:00:00+00:00,92.072,down_close,49.19999999999902,10.699999999999932,-1.2471288424657532,37.252871157533335,31.902871157533372,36.969587246574434
AUD_JPY,1,8.959740944319108,2023-02-02 22:00:00+00:00,2023-02-05 22:00:00+00:00,91.374,2023-02-06 22:00:00+00:00,91.298,up_close,-7.599999999999341,10.699999999999932,0.6289706027397259,-17.671029397259545,-23.02102939725951,-18.064290486300642
AUD_JPY,-1,93.82442389005816,2023-02-13 22:00:00+00:00,2023-02-14 22:00:00+00:00,93.048,2023-02-15 22:00:00+00:00,92.59,down_close,45.79999999999984,8.400000000000318,-3.9165468082191777,33.48345319178034,29.283453191780186,32.633601458903634
AUD_JPY,1,9.315085892848217,2023-03-05 22:00:00+00:00,2023-03-06 22:00:00+00:00,91.441,2023-03-08 22:00:00+00:00,90.542,up_close,-89.90000000000009,10.849999999999227,2.8223356712328767,-97.92766432876644,-103.35266432876605,-99.50070868493083
AUD_JPY,1,7.797459402636306,2023-03-08 22:00:00+00:00,2023-03-09 22:00:00+00:00,89.707,2023-03-14 21:00:00+00:00,89.714,up_close,0.7000000000005002,6.000000000000227,2.1167517534246576,-3.1832482465750696,-6.183248246575183,-4.363031513698357
AUD_JPY,1,7.890157254350953,2023-03-22 21:00:00+00:00,2023-03-23 21:00:00+00:00,87.457,2023-03-27 21:00:00+00:00,87.474,up_close,1.7000000000010118,7.399999999999807,1.4111678356164383,-4.288832164382357,-7.98883216438226,-5.075354342464548
AUD_JPY,-1,91.37119218808121,2023-03-28 21:00:00+00:00,2023-03-29 21:00:00+00:00,88.796,2023-04-02 21:00:00+00:00,89.185,down_close,-38.89999999999958,11.249999999999716,-2.7642578356164385,-52.914257835615736,-58.539257835615594,-53.48082565753354
AUD_JPY,-1,97.26251650051536,2023-04-12 21:00:00+00:00,2023-04-13 21:00:00+00:00,89.909,2023-04-16 21:00:00+00:00,89.712,down_close,19.700000000000273,9.999999999999432,-1.400046547945205,8.299953452055636,3.29995345205592,8.016669541096732
AUD_JPY,-1,94.66938764200394,2023-04-18 21:00:00+00:00,2023-04-19 21:00:00+00:00,90.515,2023-04-23 21:00:00+00:00,89.746,down_close,76.90000000000055,14.999999999999858,-2.80009309589041,59.09990690411028,51.59990690411035,58.53333908219247
AUD_JPY,1,5.986460932984087,2023-04-24 21:00:00+00:00,2023-04-25 21:00:00+00:00,88.666,2023-04-27 21:00:00+00:00,88.776,up_close,10.999999999999943,9.000000000000341,2.8940061917808215,4.894006191780424,0.3940061917802531,3.32096183561604
AUD_JPY,-1,93.13425600736727,2023-04-30 21:00:00+00:00,2023-05-01 21:00:00+00:00,91.215,2023-05-02 21:00:00+00:00,90.985,down_close,23.000000000000398,12.950000000000017,-1.4822205068493148,8.567779493151066,2.0927794931510575,8.284495582192163
AUD_JPY,-1,91.87953161578986,2023-06-05 21:00:00+00:00,2023-06-06 21:00:00+00:00,93.183,2023-06-13 21:00:00+00:00,94.957,timecap,-177.39999999999867,11.599999999999966,-10.88372460958904,-199.8837246095877,-205.68372460958767,-201.8667119863
AUD_JPY,-1,99.7964239930244,2023-06-13 21:00:00+00:00,2023-06-14 21:00:00+00:00,95.304,2023-06-19 21:00:00+00:00,97.2,down_close,-189.60000000000008,14.999999999999147,-4.664453404109588,-209.26445340410882,-216.7644534041084,-210.11430513698554
AUD_JPY,1,6.857848075009898,2023-07-06 21:00:00+00:00,2023-07-09 21:00:00+00:00,95.072,2023-07-12 21:00:00+00:00,93.946,up_close,-112.60000000000048,21.44999999999939,4.437702705479451,-129.61229729452043,-140.33729729452014,-131.5786027397259
AUD_JPY,-1,95.76481847958611,2023-07-20 21:00:00+00:00,2023-07-23 21:00:00+00:00,95.4,2023-07-24 21:00:00+00:00,95.36,down_close,4.000000000000625,13.850000000000051,-1.5640855410958898,-11.414085541095316,-18.33908554109534,-11.69736945205422
AUD_JPY,1,7.1445700951729805,2023-07-26 21:00:00+00:00,2023-07-27 21:00:00+00:00,93.512,2023-07-30 21:00:00+00:00,93.834,up_close,32.20000000000027,14.650000000000318,0.8875405410958901,18.437540541095846,11.112540541095685,18.04427945205475
AUD_JPY,-1,91.97244174522626,2023-08-09 21:00:00+00:00,2023-08-10 21:00:00+00:00,94.34,2023-08-13 21:00:00+00:00,94.142,down_close,19.80000000000075,17.199999999999704,-1.5696461849315062,1.0303538150695397,-7.5696461849303125,0.7470699041106355
AUD_JPY,1,9.370080576797022,2023-08-16 21:00:00+00:00,2023-08-17 21:00:00+00:00,93.392,2023-08-21 21:00:00+00:00,93.742,up_close,35.00000000000085,8.549999999999613,1.7862023698630132,28.23620236986425,23.961202369864445,27.44968019178206
AUD_JPY,-1,93.17989667317494,2023-08-28 21:00:00+00:00,2023-08-29 21:00:00+00:00,94.487,2023-08-31 21:00:00+00:00,94.322,down_close,16.499999999999204,17.549999999999955,-6.278584739726025,-7.328584739726775,-16.103584739726752,-8.461720383562392
AUD_JPY,-1,92.42544561100473,2023-09-12 21:00:00+00:00,2023-09-13 21:00:00+00:00,94.693,2023-09-18 21:00:00+00:00,95.041,down_close,-34.7999999999999,14.750000000000085,-4.699670815068492,-54.24967081506848,-61.62467081506852,-55.099522547945185
AUD_JPY,-1,93.28603558849568,2023-09-18 21:00:00+00:00,2023-09-19 21:00:00+00:00,95.446,2023-09-21 21:00:00+00:00,94.713,down_close,73.30000000000041,13.800000000000523,-6.266227753424656,53.23377224657523,46.333772246574966,52.10063660273961
AUD_JPY,1,7.788003136233087,2023-10-02 21:00:00+00:00,2023-10-03 21:00:00+00:00,93.936,2023-10-04 21:00:00+00:00,94.226,up_close,28.999999999999204,15.30000000000058,2.6385254999999987,16.338525499998624,8.688525499998333,15.158742232875335
AUD_JPY,1,8.367378390587987,2023-10-12 21:00:00+00:00,2023-10-15 21:00:00+00:00,94.148,2023-10-16 21:00:00+00:00,94.772,up_close,62.400000000000944,16.949999999999932,0.8795084999999996,46.32950850000101,37.854508500001046,45.936247410959915
AUD_JPY,-1,92.07316442080956,2023-10-30 21:00:00+00:00,2023-10-31 21:00:00+00:00,96.1,2023-11-07 22:00:00+00:00,96.738,down_close,-63.80000000000052,18.69999999999976,-11.292431931506846,-93.79243193150712,-103.142431931507,-95.77541930821945
AUD_JPY,-1,95.22445372302094,2023-11-13 22:00:00+00:00,2023-11-14 22:00:00+00:00,97.842,2023-11-16 22:00:00+00:00,97.484,down_close,35.80000000000041,11.400000000000432,-6.45281824657534,17.947181753424637,12.247181753424421,16.81404610958902
AUD_JPY,-1,94.92620881929847,2023-11-23 22:00:00+00:00,2023-11-26 22:00:00+00:00,98.331,2023-11-27 22:00:00+00:00,98.204,down_close,12.700000000000955,13.55000000000004,-1.613204561643835,-2.46320456164292,-9.23820456164294,-2.746488472601824
AUD_JPY,1,8.871269825849637,2023-11-28 22:00:00+00:00,2023-11-29 22:00:00+00:00,97.429,2023-11-30 22:00:00+00:00,97.89,up_close,46.09999999999985,9.599999999998943,0.9366595616438353,37.436659561644746,32.636659561645274,37.04339847260365
AUD_JPY,1,5.959906320356282,2023-12-04 22:00:00+00:00,2023-12-05 22:00:00+00:00,96.392,2023-12-06 22:00:00+00:00,96.486,up_close,9.40000000000083,13.90000000000029,2.8628048013698626,-1.6371951986295974,-8.587195198629743,-2.8169784657528854
AUD_JPY,1,3.239818004493941,2023-12-06 22:00:00+00:00,2023-12-07 22:00:00+00:00,95.088,2023-12-10 22:00:00+00:00,95.232,up_close,14.400000000000546,16.550000000000153,0.9542682671232875,-1.1957317328763204,-9.470731732876397,-1.588992821917416
AUD_JPY,-1,96.89656430616628,2023-12-18 22:00:00+00:00,2023-12-19 22:00:00+00:00,97.258,2023-12-20 22:00:00+00:00,96.632,down_close,62.599999999999056,21.699999999999164,-4.8924398013698625,36.00756019863003,25.15756019863045,35.157708465753316
AUD_JPY,1,7.389497334474882,2023-12-28 22:00:00+00:00,2024-01-01 22:00:00+00:00,95.966,2024-01-03 22:00:00+00:00,96.368,up_close,40.2000000000001,17.74999999999949,3.819544465753424,26.269544465754038,17.394544465754294,24.696500109589653
AUD_JPY,-1,90.44464483286161,2024-01-04 22:00:00+00:00,2024-01-07 22:00:00+00:00,97.141,2024-01-08 22:00:00+00:00,96.938,down_close,20.300000000000296,6.450000000000244,-1.631431116438356,12.218568883561694,8.993568883561572,11.93528497260279
AUD_JPY,-1,93.59106577658282,2024-01-18 22:00:00+00:00,2024-01-21 22:00:00+00:00,97.78,2024-01-22 22:00:00+00:00,97.292,down_close,48.799999999999955,15.95000000000013,-1.631431116438356,31.218568883561467,23.2435688835614,30.935284972602563
AUD_JPY,1,6.381845865308094,2024-01-30 22:00:00+00:00,2024-01-31 22:00:00+00:00,96.513,2024-02-04 22:00:00+00:00,96.643,up_close,12.999999999999545,10.250000000000625,1.9048294383561637,4.654829438355083,-0.47017056164522897,3.868307260272892
AUD_JPY,-1,96.07275720461166,2024-02-08 22:00:00+00:00,2024-02-11 22:00:00+00:00,97.341,2024-02-13 22:00:00+00:00,97.31,down_close,3.09999999999917,11.44999999999996,-3.2579194383561636,-11.607919438356953,-17.332919438356935,-12.174487260274761
AUD_JPY,-1,94.16840672292997,2024-02-15 22:00:00+00:00,2024-02-18 22:00:00+00:00,98.082,2024-02-25 22:00:00+00:00,98.768,timecap,-68.6000000000007,20.049999999999812,-11.402718034246574,-100.05271803424709,-110.077718034247,-102.03570541095942
AUD_JPY,1,4.987180491220471,2024-02-27 22:00:00+00:00,2024-02-28 22:00:00+00:00,97.874,2024-03-03 22:00:00+00:00,97.952,up_close,7.800000000000296,17.549999999999955,1.8961795479452048,-7.853820452054454,-16.62882045205443,-8.640342630136645
AUD_JPY,-1,95.50063427063095,2024-03-18 21:00:00+00:00,2024-03-19 21:00:00+00:00,98.558,2024-03-24 21:00:00+00:00,98.661,down_close,-10.299999999999443,14.89999999999938,-8.101549143835614,-33.301549143834436,-40.751549143834126,-34.71796869862896
AUD_JPY,-1,92.24778819724133,2024-04-02 21:00:00+00:00,2024-04-03 21:00:00+00:00,99.504,2024-04-10 21:00:00+00:00,99.786,down_close,-28.199999999999648,11.700000000000443,-11.223232808219175,-51.123232808219264,-56.973232808219485,-53.106220184931594
AUD_JPY,-1,95.43132765303055,2024-04-22 21:00:00+00:00,2024-04-23 21:00:00+00:00,100.424,2024-04-29 21:00:00+00:00,102.631,down_close,-220.69999999999936,13.999999999999346,-9.619913835616435,-244.31991383561515,-251.31991383561484,-246.01961730136856
AUD_JPY,-1,90.75038171331681,2024-05-07 21:00:00+00:00,2024-05-08 21:00:00+00:00,102.31,2024-05-12 21:00:00+00:00,102.805,down_close,-49.500000000000455,14.099999999999824,-3.2066379452054785,-66.80663794520575,-73.85663794520566,-67.37320576712357
AUD_JPY,-1,94.60303653403699,2024-05-12 21:00:00+00:00,2024-05-13 21:00:00+00:00,103.248,2024-05-20 21:00:00+00:00,104.194,timecap,-94.5999999999998,16.05000000000061,-11.223232808219175,-121.87323280821958,-129.8982328082199,-123.8562201849319
AUD_JPY,-1,91.62479925690852,2024-05-27 21:00:00+00:00,2024-05-28 21:00:00+00:00,104.519,2024-05-29 21:00:00+00:00,104.205,down_close,31.400000000000716,6.400000000000006,-4.8099569178082175,20.190043082192492,16.99004308219249,19.34019134931578
AUD_JPY,1,9.905370101751174,2024-06-03 21:00:00+00:00,2024-06-04 21:00:00+00:00,103.005,2024-06-05 21:00:00+00:00,103.758,up_close,75.30000000000001,7.699999999999818,2.780321917808218,70.38032191780842,66.53032191780851,69.20053865068512
AUD_JPY,-1,94.36499452032358,2024-06-17 21:00:00+00:00,2024-06-18 21:00:00+00:00,105.07,2024-06-25 21:00:00+00:00,106.142,down_close,-107.20000000000027,9.399999999999409,-11.223232808219175,-127.82323280821886,-132.52323280821855,-129.8062201849312
AUD_JPY,-1,93.92267740853231,2024-06-25 21:00:00+00:00,2024-06-26 21:00:00+00:00,106.887,2024-06-27 21:00:00+00:00,106.844,down_close,4.300000000000637,20.700000000000074,-1.6033189726027393,-18.003318972602177,-28.353318972602214,-18.28660288356108
AUD_JPY,-1,94.65564825742217,2024-06-27 21:00:00+00:00,2024-06-30 21:00:00+00:00,107.418,2024-07-07 21:00:00+00:00,108.296,timecap,-87.80000000000001,15.500000000000114,-11.221070335616435,-114.52107033561656,-122.27107033561661,-116.50405771232889
AUD_JPY,-1,93.30159788765843,2024-07-09 21:00:00+00:00,2024-07-10 21:00:00+00:00,109.056,2024-07-11 21:00:00+00:00,107.396,down_close,165.99999999999966,14.699999999999136,-1.603010047945205,149.6969899520553,142.34698995205574,149.41370604109642
AUD_JPY,1,8.536527027479877,2024-07-14 21:00:00+00:00,2024-07-15 21:00:00+00:00,106.841,2024-07-18 21:00:00+00:00,105.505,up_close,-133.59999999999985,12.000000000000455,4.6323252397260255,-140.9676747602743,-146.96767476027452,-142.93398020547977
AUD_JPY,1,7.347772267609727,2024-07-21 21:00:00+00:00,2024-07-22 21:00:00+00:00,104.269,2024-07-28 21:00:00+00:00,100.686,up_close,-358.29999999999984,13.250000000000028,5.558790287671231,-365.9912097123286,-372.61620971232867,-368.3507762465752
AUD_JPY,1,8.443056048754642,2024-07-29 21:00:00+00:00,2024-07-30 21:00:00+00:00,99.862,2024-08-06 21:00:00+00:00,94.096,up_close,-576.5999999999991,7.30000000000004,6.301136239726024,-577.5988637602732,-581.2488637602731,-580.3516913835608
AUD_JPY,-1,90.72091339426109,2024-08-14 21:00:00+00:00,2024-08-15 21:00:00+00:00,98.729,2024-08-18 21:00:00+00:00,98.368,down_close,36.10000000000042,10.45000000000016,-1.5569802739726022,24.09301972602766,18.86801972602758,23.809735815068755
AUD_JPY,-1,91.44355033600704,2024-08-28 21:00:00+00:00,2024-08-29 21:00:00+00:00,98.572,2024-09-03 21:00:00+00:00,97.637,down_close,93.50000000000023,16.499999999999915,-4.670940821917807,72.3290591780825,64.07905917808255,71.47920744520579
AUD_JPY,1,3.8988077330480166,2024-09-05 21:00:00+00:00,2024-09-08 21:00:00+00:00,94.916,2024-09-09 21:00:00+00:00,95.366,up_close,45.000000000000284,18.900000000000006,0.8804352739726024,26.98043527397288,17.530435273972877,26.587174184931786
AUD_JPY,-1,95.38446199343463,2024-09-18 21:00:00+00:00,2024-09-19 21:00:00+00:00,97.186,2024-09-24 21:00:00+00:00,98.724,data_end,-153.79999999999967,10.04999999999967,-4.670940821917807,-168.52094082191715,-173.545940821917,-169.37079255479387
AUD_USD,-1,91.28818682842815,2020-12-02 22:00:00+00:00,2020-12-03 22:00:00+00:00,0.74394,2020-12-06 22:00:00+00:00,0.7432,down_close,7.400000000000739,6.250000000000422,-0.17540367123287667,0.9745963287674407,-2.1504036712327697,0.8010992191783997
AUD_USD,-1,95.8199001568781,2020-12-09 22:00:00+00:00,2020-12-10 22:00:00+00:00,0.75354,2020-12-13 22:00:00+00:00,0.75506,down_close,-15.199999999999658,4.599999999999604,-0.17540367123287667,-19.97540367123214,-22.275403671231942,-20.14890078082118
AUD_USD,-1,90.47853456846553,2020-12-13 22:00:00+00:00,2020-12-14 22:00:00+00:00,0.75348,2020-12-20 22:00:00+00:00,0.75876,down_close,-52.799999999999514,4.2999999999998595,-1.05242202739726,-58.15242202739664,-60.30242202739657,-59.19340468493088
AUD_USD,1,9.127786547099518,2020-12-21 22:00:00+00:00,2020-12-22 22:00:00+00:00,0.7521,2020-12-23 22:00:00+00:00,0.75748,up_close,53.80000000000051,12.499999999999734,-0.6520440821917808,40.647955917809,34.39795591780913,39.99019215068571
AUD_USD,-1,94.94182299777087,2020-12-29 22:00:00+00:00,2020-12-30 22:05:00+00:00,0.76847,2021-01-04 22:00:00+00:00,0.76654,down_close,19.299999999999873,9.200000000000319,-0.52621101369863,9.573788986300924,4.9737889863007645,9.0532976575338
AUD_USD,-1,93.38226791433735,2021-01-05 22:00:00+00:00,2021-01-06 22:00:00+00:00,0.78036,2021-01-07 22:00:00+00:00,0.7766,down_close,37.60000000000096,10.050000000000336,-0.17540367123287667,27.374596328767744,22.34959632876758,27.201099219178705
AUD_USD,1,6.9296854370112015,2021-02-01 22:00:00+00:00,2021-02-02 22:00:00+00:00,0.76072,2021-02-03 22:00:00+00:00,0.76206,up_close,13.400000000000079,5.999999999999894,-0.6463243972602738,6.753675602739911,3.7536756027399627,6.095911835616622
AUD_USD,-1,95.18603856593492,2021-02-08 22:00:00+00:00,2021-02-09 22:00:00+00:00,0.77354,2021-02-10 22:05:00+00:00,0.77215,down_close,13.900000000000023,3.1500000000006523,-0.5319306986301369,10.218069301369233,8.643069301368907,9.697577972602112
AUD_USD,-1,93.68897807532016,2021-02-14 22:00:00+00:00,2021-02-15 22:00:00+00:00,0.7781,2021-02-16 22:00:00+00:00,0.77572,down_close,23.800000000000487,3.6999999999998145,-0.1773102328767123,19.92268976712396,18.072689767124054,19.74919265753492
AUD_USD,-1,96.25442752168033,2021-02-18 22:00:00+00:00,2021-02-21 22:00:00+00:00,0.78715,2021-02-23 22:00:00+00:00,0.79129,down_close,-41.400000000000325,5.799999999999694,-0.35843358904109585,-47.558433589041115,-50.458433589040965,-47.905427808219194
AUD_USD,-1,96.60193243657997,2021-02-23 22:00:00+00:00,2021-02-24 22:00:00+00:00,0.79676,2021-02-25 22:00:00+00:00,0.78798,down_close,87.8000000000001,5.649999999999822,-0.17921679452054792,81.97078320547973,79.14578320547982,81.79728609589068
AUD_USD,1,8.666445503601452,2021-02-25 22:00:00+00:00,2021-02-28 22:00:00+00:00,0.7712,2021-03-01 22:05:00+00:00,0.77721,up_close,60.099999999999596,8.699999999999818,-0.213534904109589,51.18646509589019,46.83646509589028,50.96721050684909
AUD_USD,1,6.481237443275319,2021-03-07 22:00:00+00:00,2021-03-08 22:00:00+00:00,0.76425,2021-03-09 22:00:00+00:00,0.77152,up_close,72.69999999999999,7.299999999999529,-0.213534904109589,65.18646509589087,61.53646509589111,64.96721050684978
AUD_USD,1,4.807676170635887,2021-03-22 21:00:00+00:00,2021-03-23 21:00:00+00:00,0.76236,2021-03-28 21:00:00+00:00,0.76354,up_close,11.799999999999589,12.699999999999934,-1.067674520547945,-1.96767452054829,-8.317674520548257,-3.063947465753769
AUD_USD,-1,91.41857161177303,2021-04-05 21:00:00+00:00,2021-04-06 21:00:00+00:00,0.76631,2021-04-07 21:00:00+00:00,0.76114,down_close,51.700000000000074,10.800000000000253,-0.5376503835616437,40.36234961643818,34.962349616438054,39.84185828767105
AUD_USD,-1,94.13055047321576,2021-04-13 21:00:00+00:00,2021-04-14 21:00:00+00:00,0.77246,2021-04-18 21:00:00+00:00,0.77303,down_close,-5.699999999999594,11.700000000000044,-0.35843358904109585,-17.75843358904073,-23.608433589040754,-18.105427808218813
AUD_USD,-1,91.03128069636269,2021-05-06 21:00:00+00:00,2021-05-09 21:00:00+00:00,0.78596,2021-05-10 21:00:00+00:00,0.78325,down_close,27.099999999999902,12.85000000000036,-0.18112335616438352,14.068876643835159,7.64387664383498,13.895379534246118
AUD_USD,1,6.406151316423461,2021-05-27 21:00:00+00:00,2021-05-30 21:00:00+00:00,0.77125,2021-05-31 21:05:00+00:00,0.77332,up_close,20.700000000000163,12.050000000000116,-0.20972178082191778,8.44027821917813,2.4152782191780715,8.221023630137033
AUD_USD,1,7.207451653258147,2021-06-02 21:00:00+00:00,2021-06-03 21:00:00+00:00,0.76528,2021-06-06 21:00:00+00:00,0.77394,up_close,86.60000000000001,12.550000000000061,-0.2116283424657534,73.8383716575342,67.56337165753416,73.61911706849311
AUD_USD,1,3.295627290279569,2021-06-15 21:00:00+00:00,2021-06-16 21:00:00+00:00,0.7608,2021-06-21 21:00:00+00:00,0.75343,up_close,-73.69999999999987,8.549999999999947,-0.6577637671232874,-82.90776376712311,-87.18276376712308,-83.5655275342464
AUD_USD,1,7.580359079006982,2021-06-28 21:00:00+00:00,2021-06-29 21:00:00+00:00,0.75117,2021-07-04 21:00:00+00:00,0.75242,up_close,12.499999999999734,3.949999999999787,-1.0848335753424654,7.4651664246574825,5.490166424657588,6.3688934794520025
AUD_USD,1,5.380728432787151,2021-07-07 21:00:00+00:00,2021-07-08 21:00:00+00:00,0.74305,2021-07-11 21:00:00+00:00,0.74811,up_close,50.60000000000064,15.000000000000568,-0.21925458904109582,35.38074541095898,27.880745410958692,35.16149082191788
AUD_USD,1,5.814376398081407,2021-07-18 21:00:00+00:00,2021-07-19 21:00:00+00:00,0.73436,2021-07-21 21:00:00+00:00,0.73588,up_close,15.199999999999658,11.649999999999716,-0.8770183561643833,2.6729816438355587,-3.1520183561643003,1.7959632876711755
AUD_USD,1,9.433901909616793,2021-08-16 21:00:00+00:00,2021-08-17 21:00:00+00:00,0.72531,2021-08-23 21:00:00+00:00,0.72122,up_close,-40.900000000000375,9.549999999999837,-1.3040881643835616,-51.75408816438378,-56.529088164383694,-53.06961569863035
AUD_USD,-1,91.07150350561585,2021-08-31 21:00:00+00:00,2021-09-01 21:00:00+00:00,0.7368,2021-09-06 21:00:00+00:00,0.74402,down_close,-72.20000000000005,11.100000000000554,-0.5319306986301369,-83.83193069863073,-89.38193069863101,-84.35242202739785
AUD_USD,1,7.814008287381796,2021-09-16 21:00:00+00:00,2021-09-19 21:00:00+00:00,0.72637,2021-09-22 21:00:00+00:00,0.72423,up_close,-21.399999999999196,5.149999999999877,-1.0772073287671229,-27.627207328766197,-30.202207328766136,-28.723480273971674
AUD_USD,-1,90.39406588112797,2021-10-10 21:00:00+00:00,2021-10-11 21:00:00+00:00,0.73496,2021-10-18 21:00:00+00:00,0.74126,down_close,-63.00000000000083,7.2499999999992015,-1.241171630136986,-71.49117163013702,-75.11617163013662,-72.7056513972603
AUD_USD,-1,92.9343390185262,2021-10-18 21:00:00+00:00,2021-10-19 21:00:00+00:00,0.74721,2021-10-21 21:00:00+00:00,0.74673,down_close,4.8000000000003595,5.10000000000066,-0.7092409315068492,-1.0092409315071493,-3.5592409315074796,-1.7032293698633134
AUD_USD,-1,96.18714073418538,2021-10-27 21:00:00+00:00,2021-10-28 21:00:00+00:00,0.75431,2021-10-31 21:00:00+00:00,0.75102,down_close,32.90000000000015,4.2999999999998595,-0.17921679452054792,28.42078320547974,26.27078320547981,28.2472860958907
AUD_USD,1,7.4587017053568445,2021-11-01 21:00:00+00:00,2021-11-02 21:00:00+00:00,0.74286,2021-11-03 21:00:00+00:00,0.74484,up_close,19.799999999999816,2.849999999999797,-0.6463243972602738,16.303675602739744,14.878675602739845,15.645911835616456
AUD_USD,1,7.865728440780629,2021-11-09 22:00:00+00:00,2021-11-10 22:00:00+00:00,0.73274,2021-11-14 22:00:00+00:00,0.7325,up_close,-2.3999999999990695,3.7000000000003697,-0.4308829315068492,-6.530882931506288,-8.380882931506473,-6.9693921095884805
AUD_USD,1,8.94844782935131,2021-11-21 22:00:00+00:00,2021-11-22 22:00:00+00:00,0.72266,2021-11-23 22:00:00+00:00,0.72268,up_close,0.20000000000020002,4.3999999999999595,-0.2154414657534246,-4.415441465753184,-6.615441465753164,-4.63469605479428
AUD_USD,1,4.725531096932201,2021-11-23 22:00:00+00:00,2021-11-24 22:00:00+00:00,0.71958,2021-11-29 22:00:00+00:00,0.7143,up_close,-52.799999999999514,6.649999999999712,-0.6463243972602738,-60.0963243972595,-63.421324397259355,-60.75408816438279
AUD_USD,1,7.452264414253989,2021-12-01 22:00:00+00:00,2021-12-02 22:00:00+00:00,0.70922,2021-12-06 22:00:00+00:00,0.70518,up_close,-40.399999999999324,3.650000000000042,-0.4308829315068492,-44.480882931506216,-46.30588293150624,-44.91939210958841
AUD_USD,-1,92.26451184806821,2021-12-22 22:00:00+00:00,2021-12-23 22:00:00+00:00,0.72446,2021-12-26 22:00:00+00:00,0.72279,down_close,16.69999999999949,9.699999999999708,-0.1773102328767123,6.822689767123071,1.972689767123217,6.64919265753403
AUD_USD,-1,92.19892679459493,2021-12-30 22:00:00+00:00,2022-01-02 22:00:00+00:00,0.72636,2022-01-03 22:00:00+00:00,0.71908,down_close,72.79999999999953,9.04999999999989,-0.1773102328767123,63.572689767122924,59.04768976712298,63.39919265753388
AUD_USD,-1,93.24181140246841,2022-01-11 22:00:00+00:00,2022-01-12 22:00:00+00:00,0.72856,2022-01-13 22:00:00+00:00,0.72826,down_close,2.9999999999996696,4.899999999999904,-0.1773102328767123,-2.0773102328769473,-4.527310232876899,-2.250807342465988
AUD_USD,1,9.138267334565143,2022-01-25 22:00:00+00:00,2022-01-26 22:00:00+00:00,0.71146,2022-01-31 22:00:00+00:00,0.70674,up_close,-47.19999999999946,5.3000000000003045,-0.6463243972602738,-53.14632439726004,-55.79632439726019,-53.80408816438333
AUD_USD,-1,91.5088388972877,2022-02-21 22:00:00+00:00,2022-02-22 22:00:00+00:00,0.72198,2022-02-24 22:00:00+00:00,0.71639,down_close,55.899999999999835,6.749999999999812,-0.7092409315068492,48.44075906849317,45.06575906849327,47.74677063013701
AUD_USD,-1,92.95957537711357,2022-03-02 22:00:00+00:00,2022-03-03 22:00:00+00:00,0.73292,2022-03-07 22:00:00+00:00,0.73174,down_close,11.800000000000699,4.650000000000487,-0.3546204657534246,6.795379534246787,4.470379534246543,6.448385315068705
AUD_USD,-1,92.24945856890854,2022-03-17 21:00:00+00:00,2022-03-20 21:00:00+00:00,0.74104,2022-03-21 21:00:00+00:00,0.73966,down_close,13.800000000000479,12.099999999999888,-0.1296461917808219,1.570353808219769,-4.479646191780175,1.3968566986307278
AUD_USD,-1,91.3818959112038,2022-03-21 21:00:00+00:00,2022-03-22 21:00:00+00:00,0.74678,2022-03-28 21:00:00+00:00,0.74908,down_close,-22.999999999999687,5.450000000000177,-0.7778771506849315,-29.227877150684797,-31.952877150684888,-30.26885980821904
AUD_USD,-1,94.03770106009104,2022-04-04 21:00:00+00:00,2022-04-05 21:00:00+00:00,0.75776,2022-04-06 21:00:00+00:00,0.75097,down_close,67.89999999999962,5.650000000000377,-0.3889385753424657,61.86106142465678,59.036061424656594,61.34057009588966
AUD_USD,1,5.335096195945326,2022-04-10 21:00:00+00:00,2022-04-11 21:00:00+00:00,0.74178,2022-04-12 21:00:00+00:00,0.7454,up_close,36.19999999999956,7.399999999999629,-0.26310550684931505,28.53689449315062,24.836894493150805,28.317639904109523
AUD_USD,1,9.359586245702928,2022-04-14 21:00:00+00:00,2022-04-17 21:00:00+00:00,0.73925,2022-04-19 21:00:00+00:00,0.73756,up_close,-16.899999999999693,7.350000000000412,-0.5262110136986301,-24.776211013698738,-28.45121101369894,-25.214720191780927
AUD_USD,1,6.9165189508618425,2022-04-24 21:00:00+00:00,2022-04-25 21:00:00+00:00,0.7179,2022-04-27 21:00:00+00:00,0.71252,up_close,-53.7999999999994,3.0999999999997696,-1.0524220273972602,-57.95242202739643,-59.502422027396314,-58.82944038356081
AUD_USD,1,5.2479322420738725,2022-04-27 21:00:00+00:00,2022-04-28 21:00:00+00:00,0.70978,2022-05-03 21:00:00+00:00,0.70958,up_close,-1.9999999999997797,9.750000000000036,-0.7016146849315067,-12.451614684931322,-17.32661468493134,-13.10937845205461
AUD_USD,-1,94.39061309941275,2022-05-03 21:00:00+00:00,2022-05-04 21:00:00+00:00,0.72588,2022-05-05 21:00:00+00:00,0.7112,down_close,146.79999999999916,5.2000000000002045,-0.07816902739726027,141.5218309726017,138.9218309726016,141.34833386301264
AUD_USD,1,2.531053422762227,2022-05-11 21:00:00+00:00,2022-05-12 21:00:00+00:00,0.6857,2022-05-15 21:00:00+00:00,0.69277,up_close,70.7000000000002,10.04999999999978,-0.3145826712328767,60.33541732876754,55.310417328767656,60.11616273972645
AUD_USD,-1,92.47970389812559,2022-05-26 21:00:00+00:00,2022-05-29 21:00:00+00:00,0.71612,2022-05-31 21:00:00+00:00,0.71759,down_close,-14.699999999999713,9.950000000000237,-0.15633805479452054,-24.80633805479447,-29.781338054794592,-25.153332273972552
AUD_USD,-1,93.95679879802674,2022-06-01 21:00:00+00:00,2022-06-02 21:00:00+00:00,0.72653,2022-06-05 21:00:00+00:00,0.72141,down_close,51.20000000000013,6.850000000000467,-0.15443149315068488,44.195568506848986,40.77056850684875,44.02207139725994
AUD_USD,1,9.340184687835759,2022-06-08 21:00:00+00:00,2022-06-09 21:00:00+00:00,0.70968,2022-06-15 21:00:00+00:00,0.70034,up_close,-93.40000000000015,3.6000000000002697,-1.4299212328767124,-98.42992123287712,-100.22992123287726,-99.7454487671237
AUD_USD,-1,97.22675489716832,2022-07-18 21:00:00+00:00,2022-07-19 21:00:00+00:00,0.68982,2022-07-20 21:00:00+00:00,0.68872,down_close,10.999999999999899,5.149999999999877,-0.3489007808219177,5.501099219178104,2.926099219178166,4.980607890410981
AUD_USD,-1,92.21778105595615,2022-07-20 21:00:00+00:00,2022-07-21 21:00:00+00:00,0.69334,2022-07-24 21:00:00+00:00,0.6926,down_close,7.399999999999629,9.150000000000546,-0.11630026027397257,-1.8663002602748893,-6.441300260275162,-2.0397973698639302
AUD_USD,-1,94.2345847173893,2022-07-31 21:00:00+00:00,2022-08-01 21:00:00+00:00,0.70218,2022-08-02 21:00:00+00:00,0.69199,down_close,101.90000000000032,5.900000000000349,-0.07435590410958903,95.92564409589038,92.9756440958902,95.75214698630134
AUD_USD,-1,91.04763505445138,2022-08-10 21:00:00+00:00,2022-08-11 21:00:00+00:00,0.71052,2022-08-15 21:00:00+00:00,0.7022,down_close,83.19999999999993,4.6000000000001595,-0.14871180821917807,78.45128819178059,76.15128819178052,78.1042939726025
AUD_USD,1,7.099091810223598,2022-08-16 21:00:00+00:00,2022-08-17 21:00:00+00:00,0.6937,2022-08-22 21:00:00+00:00,0.6876,up_close,-60.99999999999994,9.000000000000119,-0.9551873835616436,-70.95518738356171,-75.45518738356176,-71.61295115068499
AUD_USD,1,4.618165378649309,2022-08-31 21:00:00+00:00,2022-09-01 21:00:00+00:00,0.6788,2022-09-04 21:00:00+00:00,0.67804,up_close,-7.599999999999829,5.049999999999777,-0.23450708219178082,-12.884507082191387,-15.409507082191276,-13.103761671232483
AUD_USD,1,7.439445106860433,2022-09-05 21:00:00+00:00,2022-09-06 21:00:00+00:00,0.67364,2022-09-07 21:00:00+00:00,0.67689,up_close,32.49999999999975,5.3000000000003045,-0.7035212465753424,26.496478753424107,23.846478753423952,25.83871498630082
AUD_USD,-1,90.93455648371516,2022-09-11 21:00:00+00:00,2022-09-12 21:00:00+00:00,0.68892,2022-09-13 21:00:00+00:00,0.67294,down_close,159.79999999999993,4.5000000000000595,-0.1582446164383561,155.1417553835615,152.89175538356147,154.96825827397248
AUD_USD,1,5.856902021029541,2022-09-20 21:00:00+00:00,2022-09-21 21:00:00+00:00,0.66296,2022-09-22 21:00:00+00:00,0.6643,up_close,13.400000000000079,5.149999999999877,-0.37749920547945204,7.87250079452075,5.297500794520811,7.653246205479655
AUD_USD,1,4.986142508417757,2022-09-22 21:00:00+00:00,2022-09-25 21:00:00+00:00,0.65182,2022-09-28 21:00:00+00:00,0.65215,up_close,3.3000000000005247,5.350000000000077,-1.8874960273972603,-3.9374960273968123,-6.612496027396851,-5.033768972602291
AUD_USD,1,7.533150940468417,2022-10-06 21:00:00+00:00,2022-10-09 21:00:00+00:00,0.63651,2022-10-12 21:00:00+00:00,0.62776,up_close,-87.50000000000036,3.6000000000002697,-1.5729133561643835,-92.672913356165,-94.47291335616514,-93.76918630137048
AUD_USD,1,7.791261000862207,2022-11-01 21:00:00+00:00,2022-11-02 21:00:00+00:00,0.6351,2022-11-06 22:00:00+00:00,0.64202,up_close,69.20000000000037,6.249999999999867,-0.8160083835616438,62.13399161643886,59.00899161643893,61.69548243835667
AUD_USD,-1,90.39972212317949,2022-11-10 22:00:00+00:00,2022-11-13 22:00:00+00:00,0.67014,2022-11-14 22:00:00+00:00,0.67017,down_close,-0.30000000000085514,6.550000000000167,0.01525249315068497,-6.834747506850337,-10.10974750685042,-7.008244616439378
AUD_USD,-1,93.67004037456434,2022-11-14 22:00:00+00:00,2022-11-15 22:00:00+00:00,0.676,2022-11-16 22:00:00+00:00,0.67306,down_close,29.400000000000535,11.999999999999789,0.04575747945205491,17.445757479452798,11.445757479452906,16.925266150685676
AUD_USD,1,6.524210991885994,2022-11-20 22:00:00+00:00,2022-11-21 22:00:00+00:00,0.66027,2022-11-22 22:00:00+00:00,0.6647,up_close,44.299999999999336,5.600000000000049,-0.4080041917808219,38.291995808218466,35.49199580821845,38.07274121917737
AUD_USD,-1,94.47203468541807,2022-12-28 22:00:00+00:00,2022-12-29 22:00:00+00:00,0.67766,2023-01-02 22:00:00+00:00,0.68017,down_close,-25.100000000000122,13.099999999999778,0.13155275342465744,-38.068447246575246,-44.61844724657513,-38.415441465753325
AUD_USD,-1,90.92744072238523,2023-01-11 22:00:00+00:00,2023-01-12 22:00:00+00:00,0.69678,2023-01-16 22:00:00+00:00,0.69548,down_close,12.999999999999678,5.600000000000049,0.12201994520547936,7.522019945205108,4.722019945205084,7.175025726027027
AUD_USD,-1,90.10808880601911,2023-01-23 22:00:00+00:00,2023-01-24 22:00:00+00:00,0.7047,2023-01-29 22:00:00+00:00,0.71017,down_close,-54.69999999999975,9.249999999999536,0.3050498630136984,-63.644950136985585,-68.26995013698536,-64.5124356849308
AUD_USD,1,7.5305244654982175,2023-02-05 22:00:00+00:00,2023-02-06 22:00:00+00:00,0.68822,2023-02-07 22:00:00+00:00,0.69572,up_close,74.9999999999995,5.149999999999877,-0.4652010410958904,69.38479895890373,66.8097989589038,69.16554436986264
AUD_USD,1,9.525195901489937,2023-02-21 22:00:00+00:00,2023-02-22 22:00:00+00:00,0.68048,2023-02-23 22:00:00+00:00,0.68072,up_close,2.4000000000001798,7.250000000000312,-0.4652010410958904,-5.315201041096023,-8.940201041096177,-5.534455630137118
AUD_USD,1,3.0356546852239603,2023-02-23 22:00:00+00:00,2023-02-26 22:00:00+00:00,0.67318,2023-02-27 22:00:00+00:00,0.67361,up_close,4.300000000000415,8.00000000000023,-0.46329447945205476,-4.163294479451869,-8.163294479451984,-4.382549068492965
AUD_USD,1,6.5862800459919555,2023-03-06 22:00:00+00:00,2023-03-07 22:00:00+00:00,0.65853,2023-03-08 22:00:00+00:00,0.65922,up_close,6.900000000000794,6.550000000000167,-1.2468913150684933,-0.8968913150678657,-4.171891315067949,-1.5546550821911533
AUD_USD,1,9.276192663046743,2023-03-09 22:00:00+00:00,2023-03-12 21:00:00+00:00,0.66125,2023-03-13 21:00:00+00:00,0.66681,up_close,55.600000000000094,9.150000000000546,-0.41753699999999994,46.032462999999545,41.45746299999927,45.81320841095845
AUD_USD,1,6.878896274643779,2023-04-09 21:00:00+00:00,2023-04-10 21:00:00+00:00,0.66338,2023-04-11 21:00:00+00:00,0.66526,up_close,18.799999999999926,11.500000000000398,-0.45376167123287664,6.846238328766652,1.0962383287664526,6.6269837397255555
AUD_USD,-1,95.05647760187703,2023-04-12 21:00:00+00:00,2023-04-13 21:00:00+00:00,0.6783,2023-04-16 21:00:00+00:00,0.67045,down_close,78.50000000000023,8.90000000000002,0.06100997260273968,69.66100997260294,65.21100997260294,69.4875128630139
AUD_USD,1,6.993346989446124,2023-04-24 21:00:00+00:00,2023-04-25 21:00:00+00:00,0.66271,2023-04-27 21:00:00+00:00,0.66275,up_close,0.3999999999992898,4.8000000000003595,-1.8150466849315066,-6.2150466849325765,-8.615046684932755,-7.0920650410969595
AUD_USD,-1,95.15192602503816,2023-05-03 21:00:00+00:00,2023-05-04 21:00:00+00:00,0.66936,2023-05-09 21:00:00+00:00,0.67626,down_close,-69.00000000000017,3.150000000000097,0.19446928767123267,-71.95553071232902,-73.53053071232908,-72.47602204109616
AUD_USD,1,7.744620382592956,2023-05-11 21:00:00+00:00,2023-05-14 21:00:00+00:00,0.6649,2023-05-15 21:00:00+00:00,0.66956,up_close,46.59999999999997,12.349999999999861,-0.45757479452054783,33.79242520547957,27.617425205479634,33.57317061643847
AUD_USD,1,4.591917675379648,2023-05-23 21:00:00+00:00,2023-05-24 21:00:00+00:00,0.6542,2023-05-28 21:00:00+00:00,0.65214,up_close,-20.599999999999508,4.349999999999632,-0.9151495890410957,-25.865149589040236,-28.040149589040052,-26.30365876712243
AUD_USD,-1,90.16268990354543,2023-06-01 21:00:00+00:00,2023-06-04 21:00:00+00:00,0.66094,2023-06-07 21:00:00+00:00,0.66559,down_close,-46.500000000000426,12.099999999999334,0.11439369863013661,-58.48560630136962,-64.53560630136928,-59.35309184931483
AUD_USD,-1,93.44247892532393,2023-06-08 21:00:00+00:00,2023-06-11 21:00:00+00:00,0.67379,2023-06-18 21:00:00+00:00,0.68844,down_close,-146.5000000000005,15.000000000000014,0.15824461643835572,-161.34175538356214,-168.84175538356217,-162.55623515068544
AUD_USD,1,3.532747042866191,2023-06-22 21:00:00+00:00,2023-06-25 21:00:00+00:00,0.66813,2023-06-27 21:00:00+00:00,0.66854,up_close,4.100000000000215,10.04999999999978,-0.8274477534246575,-6.777447753424223,-11.802447753424113,-7.215956931506415
AUD_USD,1,5.9002195248881435,2023-06-27 21:00:00+00:00,2023-06-28 21:00:00+00:00,0.66053,2023-06-29 21:00:00+00:00,0.66188,up_close,13.500000000000734,10.8999999999998,-0.41372387671232874,2.1862761232886054,-3.2637238767112944,1.9670215342475095
AUD_USD,-1,94.24372088955752,2023-07-11 21:00:00+00:00,2023-07-12 21:00:00+00:00,0.67818,2023-07-16 21:00:00+00:00,0.68378,down_close,-56.00000000000049,15.000000000000014,0.026691863013698726,-70.97330813698682,-78.47330813698682,-71.3203023561649
AUD_USD,1,9.520240553328364,2023-07-20 21:00:00+00:00,2023-07-23 21:00:00+00:00,0.67332,2023-07-24 21:00:00+00:00,0.67371,up_close,3.9000000000000146,14.34999999999964,-0.40609763013698624,-10.856097630136613,-18.031097630136433,-11.075352219177708
AUD_USD,1,6.98960374493285,2023-07-27 21:00:00+00:00,2023-07-30 21:00:00+00:00,0.66571,2023-07-31 21:00:00+00:00,0.6722,up_close,64.89999999999995,12.699999999999934,-0.45376167123287675,51.74623832876714,45.396238328767176,51.52698373972604
AUD_USD,1,7.25875137454814,2023-08-09 21:00:00+00:00,2023-08-10 21:00:00+00:00,0.65186,2023-08-17 21:00:00+00:00,0.64055,timecap,-113.10000000000042,5.050000000000887,-3.1763316986301375,-121.32633169863145,-123.85133169863188,-122.86111382191912
AUD_USD,1,9.266276476784029,2023-08-17 21:00:00+00:00,2023-08-20 21:00:00+00:00,0.641,2023-08-21 21:00:00+00:00,0.64124,up_close,2.4000000000001798,5.5000000000005045,-0.45376167123287675,-3.5537616712332016,-6.303761671233453,-3.7730162602742974
AUD_USD,-1,95.60965649707681,2023-08-22 21:00:00+00:00,2023-08-23 21:00:00+00:00,0.64774,2023-08-24 21:00:00+00:00,0.64177,down_close,59.70000000000031,4.8000000000003595,0.06100997260273981,54.96100997260269,52.56100997260251,54.787512863013646
AUD_USD,1,8.527664754995328,2023-09-04 21:00:00+00:00,2023-09-05 21:00:00+00:00,0.638,2023-09-06 21:00:00+00:00,0.63795,up_close,-0.49999999999994493,6.149999999999767,-1.3612850136986303,-8.011285013698341,-11.086285013698225,-8.66904878082163
AUD_USD,1,5.2468925581457455,2023-09-26 21:00:00+00:00,2023-09-27 21:00:00+00:00,0.63596,2023-09-28 21:00:00+00:00,0.64192,up_close,59.60000000000076,14.999999999999458,-0.45376167123287675,44.146238328768426,36.646238328768696,43.926983739727326
AUD_USD,1,9.80339301979339,2023-10-02 21:00:00+00:00,2023-10-03 21:00:00+00:00,0.63038,2023-10-04 21:00:00+00:00,0.63228,up_close,18.999999999999016,3.7999999999999146,-1.3612850136986303,13.83871498630047,11.938714986300514,13.180951219177183
AUD_USD,-1,93.4556401786331,2023-10-09 21:00:00+00:00,2023-10-10 21:00:00+00:00,0.64247,2023-10-11 21:00:00+00:00,0.64086,down_close,16.1,5.800000000000249,0.18302991780821942,10.483029917807972,7.583029917807846,9.962538589040848
AUD_USD,1,9.210552996262237,2023-10-11 21:00:00+00:00,2023-10-12 21:00:00+00:00,0.63138,2023-10-16 21:00:00+00:00,0.6336,up_close,22.199999999999996,6.899999999999684,-0.9075233424657535,14.392476657534559,10.942476657534717,13.953967479452366
AUD_USD,-1,95.7135858408272,2023-11-02 21:00:00+00:00,2023-11-05 22:00:00+00:00,0.65082,2023-11-06 22:00:00+00:00,0.64909,down_close,17.300000000000093,6.600000000000494,0.02478530136986299,10.724785301369462,7.424785301369215,10.55128819178042
AUD_USD,1,9.47632117459247,2023-11-08 22:00:00+00:00,2023-11-09 22:00:00+00:00,0.63684,2023-11-13 22:00:00+00:00,0.63803,up_close,11.900000000000244,9.200000000000319,-0.8350739999999999,1.8649259999999248,-2.7350740000002345,1.4264168219177333
AUD_USD,-1,93.04142025261638,2023-11-13 22:00:00+00:00,2023-11-14 22:00:00+00:00,0.64983,2023-11-16 22:00:00+00:00,0.64708,down_close,27.500000000000302,2.0999999999998797,0.09914120547945196,25.499141205479873,24.449141205479933,24.805152767123708
AUD_USD,-1,90.67225670535828,2023-11-23 22:00:00+00:00,2023-11-26 22:00:00+00:00,0.65808,2023-11-29 22:00:00+00:00,0.66184,down_close,-37.59999999999985,4.450000000000287,0.12392650684931496,-41.926073493150824,-44.15107349315097,-42.79355904109603
AUD_USD,-1,90.68627554993672,2023-12-12 22:00:00+00:00,2023-12-13 22:00:00+00:00,0.66602,2023-12-20 22:00:00+00:00,0.67341,down_close,-73.90000000000008,5.399999999999849,0.09342152054794554,-79.20657847945198,-81.90657847945191,-80.42105824657527
AUD_USD,-1,94.4236580420005,2023-12-26 22:00:00+00:00,2023-12-27 22:00:00+00:00,0.68457,2023-12-28 22:00:00+00:00,0.6833,down_close,12.699999999999934,6.499999999999839,0.013345931506849363,6.213345931506944,2.9633459315070243,6.039848821917903
AUD_USD,1,8.283654941333708,2024-01-01 22:00:00+00:00,2024-01-02 22:00:00+00:00,0.67684,2024-01-07 22:00:00+00:00,0.6717,up_close,-51.40000000000033,9.30000000000042,-2.0304881506849313,-62.73048815068569,-67.38048815068589,-63.826761095891165
AUD_USD,1,9.657858453844312,2024-01-08 22:00:00+00:00,2024-01-09 22:00:00+00:00,0.66859,2024-01-10 22:00:00+00:00,0.66965,up_close,10.599999999999499,7.399999999999629,-1.2182928904109587,1.981707109588911,-1.7182928904109036,1.3239433424656233
AUD_USD,1,5.601410919927417,2024-01-14 22:00:00+00:00,2024-01-15 22:00:00+00:00,0.66582,2024-01-18 22:00:00+00:00,0.65689,up_close,-89.29999999999993,6.849999999999912,-2.0304881506849313,-98.18048815068477,-101.60548815068472,-99.27676109589025
AUD_USD,1,6.629063046509302,2024-02-01 22:00:00+00:00,2024-02-04 22:00:00+00:00,0.65112,2024-02-06 22:00:00+00:00,0.65236,up_close,12.400000000000189,2.60000000000038,-0.8121952602739725,8.987804739725837,7.687804739725648,8.549295561643644
AUD_USD,-1,91.74685177543934,2024-02-20 22:00:00+00:00,2024-02-21 22:00:00+00:00,0.65499,2024-02-26 22:00:00+00:00,0.6542,down_close,7.899999999999574,4.749999999999477,0.04003779452054809,3.190037794520645,0.8150377945209073,2.669546465753522
AUD_USD,1,6.241459219264172,2024-02-27 22:00:00+00:00,2024-02-28 22:00:00+00:00,0.64959,2024-02-29 22:00:00+00:00,0.64988,up_close,2.9000000000001247,8.500000000000174,-0.40609763013698624,-6.0060976301370355,-10.256097630137123,-6.225352219178132
AUD_USD,-1,95.55093340447766,2024-03-06 22:00:00+00:00,2024-03-07 22:00:00+00:00,0.66183,2024-03-11 21:00:00+00:00,0.66106,down_close,7.700000000000484,6.049999999999667,0.026691863013698726,1.6766918630145162,-1.3483081369853172,1.329697643836434
AUD_USD,1,3.390027634540118,2024-03-18 21:00:00+00:00,2024-03-19 21:00:00+00:00,0.65332,2024-03-20 21:00:00+00:00,0.6587,up_close,53.7999999999994,3.249999999999642,-1.2182928904109587,49.3317071095888,47.70670710958898,48.673943342465506
AUD_USD,1,3.802677800914111,2024-03-31 21:00:00+00:00,2024-04-01 21:00:00+00:00,0.64884,2024-04-02 21:00:00+00:00,0.65194,up_close,30.999999999999915,3.6999999999998145,-0.40609763013698624,26.893902369863113,25.043902369863208,26.674647780822017
AUD_USD,-1,92.95930868270212,2024-04-03 21:00:00+00:00,2024-04-04 21:00:00+00:00,0.65878,2024-04-07 21:00:00+00:00,0.65748,down_close,13.000000000000789,6.700000000000039,0.013345931506849363,6.313345931507599,2.9633459315075785,6.139848821918558
AUD_USD,-1,94.39250676932701,2024-04-08 21:00:00+00:00,2024-04-09 21:00:00+00:00,0.66296,2024-04-10 21:00:00+00:00,0.6516,down_close,113.60000000000036,4.650000000000487,0.04003779452054809,108.99003779452042,106.66503779452017,108.4695464657533
AUD_USD,1,5.504009244722795,2024-04-15 21:00:00+00:00,2024-04-16 21:00:00+00:00,0.64033,2024-04-17 21:00:00+00:00,0.64369,up_close,33.60000000000029,8.800000000000473,-1.2182928904109587,23.581707109588862,19.181707109588626,22.923943342465574
AUD_USD,-1,91.78389091940399,2024-04-22 21:00:00+00:00,2024-04-23 21:00:00+00:00,0.64836,2024-04-30 21:00:00+00:00,0.64796,down_close,4.00000000000067,15.000000000000014,0.09342152054794553,-10.9065784794514,-18.406578479451408,-12.121058246574687
AUD_USD,-1,90.62317054611431,2024-05-05 21:00:00+00:00,2024-05-06 21:00:00+00:00,0.66238,2024-05-07 21:00:00+00:00,0.65979,down_close,25.89999999999981,6.749999999999812,0.013345931506849363,19.163345931506846,15.788345931506942,18.989848821917807
AUD_USD,-1,96.27280944400778,2024-05-14 21:00:00+00:00,2024-05-15 21:00:00+00:00,0.66926,2024-05-16 21:00:00+00:00,0.66762,down_close,16.399999999999746,2.6500000000001522,0.013345931506849363,13.763345931506445,12.438345931506367,13.589848821917403
AUD_USD,1,7.334794132123577,2024-05-21 21:00:00+00:00,2024-05-22 21:00:00+00:00,0.66157,2024-05-26 21:00:00+00:00,0.66264,up_close,10.700000000000154,8.750000000000146,-0.8121952602739725,1.1378047397260356,-3.2371952602740373,0.6992955616438439
AUD_USD,-1,90.59816147502737,2024-06-02 21:00:00+00:00,2024-06-03 21:00:00+00:00,0.6682,2024-06-04 21:00:00+00:00,0.66487,down_close,33.30000000000055,13.500000000000178,0.013345931506849363,19.81334593150722,13.063345931507135,19.639848821918182
AUD_USD,-1,91.56881076317765,2024-06-27 21:00:00+00:00,2024-06-30 21:00:00+00:00,0.66822,2024-07-01 21:00:00+00:00,0.66572,down_close,25.000000000000576,6.300000000000194,0.013345931506849363,18.713345931507227,15.563345931507135,18.539848821918188
AUD_USD,-1,93.91418573887834,2024-07-02 21:00:00+00:00,2024-07-03 21:00:00+00:00,0.67058,2024-07-08 21:00:00+00:00,0.6736,down_close,-30.200000000000227,3.5999999999997145,0.04003779452054809,-33.75996220547939,-35.559962205479245,-34.28045353424652
AUD_USD,-1,92.77148736616128,2024-07-10 21:00:00+00:00,2024-07-11 21:00:00+00:00,0.67602,2024-07-15 21:00:00+00:00,0.67594,down_close,0.7999999999996898,3.749999999999587,0.026691863013698726,-2.9233081369861984,-4.798308136985992,-3.2703023561642803
AUD_USD,1,5.778226033678067,2024-07-17 21:00:00+00:00,2024-07-18 21:00:00+00:00,0.6705,2024-07-25 21:00:00+00:00,0.65379,timecap,-167.10000000000002,2.8500000000003523,-2.8426834109589034,-172.79268341095928,-174.21768341095944,-174.32746553424695
AUD_USD,1,6.197783479646844,2024-07-31 21:00:00+00:00,2024-08-01 21:00:00+00:00,0.64981,2024-08-04 21:00:00+00:00,0.65126,up_close,14.499999999999513,12.699999999999378,-0.40609763013698624,1.3939023698631494,-4.956097630136539,1.1746477808220535
AUD_USD,-1,95.99960585872365,2024-08-07 21:00:00+00:00,2024-08-08 21:00:00+00:00,0.65904,2024-08-11 21:00:00+00:00,0.65684,down_close,21.999999999999797,3.9000000000000146,0.013345931506849363,18.11334593150663,16.163345931506623,17.93984882191759
AUD_USD,-1,92.07296091756383,2024-08-12 21:00:00+00:00,2024-08-13 21:00:00+00:00,0.66314,2024-08-14 21:00:00+00:00,0.66011,down_close,30.29999999999977,11.250000000000426,0.04003779452054809,19.09003779451989,13.465037794519679,18.56954646575277
AUD_USD,-1,95.20023104469689,2024-08-18 21:00:00+00:00,2024-08-19 21:00:00+00:00,0.67294,2024-08-21 21:00:00+00:00,0.67456,down_close,-16.200000000000657,3.5000000000007248,0.05338372602739745,-19.646616273973983,-21.396616273974345,-20.340604712330148
AUD_USD,1,8.970972377329176,2024-09-09 21:00:00+00:00,2024-09-10 21:00:00+00:00,0.66545,2024-09-11 21:00:00+00:00,0.66736,up_close,19.09999999999967,9.250000000000092,-1.2182928904109587,8.63170710958862,4.006707109588573,7.973943342465333
AUD_USD,-1,90.07529636000552,2024-09-17 21:00:00+00:00,2024-09-18 21:00:00+00:00,0.67615,2024-09-22 21:00:00+00:00,0.68016,down_close,-40.099999999999575,12.400000000000189,-0.16396430136986279,-52.66396430136963,-58.86396430136973,-53.01095852054771
AUD_USD,-1,92.22048285543414,2024-09-22 21:00:00+00:00,2024-09-23 21:00:00+00:00,0.68379,2024-09-24 21:00:00+00:00,0.6892,data_end,-54.10000000000026,4.750000000000032,-0.08198215068493139,-58.93198215068522,-61.306982150685236,-59.105479260274265
CAD_JPY,1,0.0,2020-11-15 22:00:00+00:00,2020-11-16 22:00:00+00:00,79.984,2020-11-23 22:00:00+00:00,79.9,up_close,-8.399999999998897,7.250000000000512,-2.5516235243013705,-18.20162352430078,-21.826623524301034,-21.314613411972015
CAD_JPY,-1,93.24240545567287,2020-11-23 22:00:00+00:00,2020-11-24 22:00:00+00:00,80.363,2020-11-25 22:00:00+00:00,80.328,down_close,3.499999999999659,6.700000000000017,-1.0159422664931503,-4.215942266493508,-7.565942266493517,-4.991298948685289
CAD_JPY,-1,94.23182461511809,2020-11-30 22:00:00+00:00,2020-12-01 22:00:00+00:00,80.644,2020-12-03 22:00:00+00:00,80.778,down_close,-13.400000000000034,8.449999999999847,-1.3154499583561639,-23.165449958356046,-27.39044995835597,-24.199258867945083
CAD_JPY,-1,95.05371859499657,2020-12-03 22:00:00+00:00,2020-12-06 22:00:00+00:00,81.447,2020-12-07 22:00:00+00:00,81.322,down_close,12.5,7.65000000000029,-0.32886248958904096,4.521137510410669,0.6961375104105242,4.262685283013409
CAD_JPY,-1,93.48667607743967,2020-12-09 22:00:00+00:00,2020-12-10 22:00:00+00:00,81.825,2020-12-13 22:00:00+00:00,81.547,down_close,27.80000000000058,13.149999999999551,-0.32886248958904096,14.321137510411988,7.746137510412212,14.062685283014728
CAD_JPY,1,5.64386625294992,2020-12-17 22:00:00+00:00,2020-12-20 22:00:00+00:00,80.883,2020-12-23 22:00:00+00:00,80.592,up_close,-29.09999999999968,9.05000000000058,-1.8715128945205484,-40.02151289452081,-44.5465128945211,-42.24507710000026
CAD_JPY,-1,97.45338269242157,2020-12-30 22:00:00+00:00,2021-01-03 22:00:00+00:00,81.084,2021-01-04 22:00:00+00:00,80.716,down_close,36.80000000000092,12.250000000000227,-0.3203557548493149,24.229644245151377,18.104644245151263,23.971192017754117
CAD_JPY,-1,92.6270818556287,2021-01-06 22:00:00+00:00,2021-01-07 22:00:00+00:00,81.798,2021-01-11 22:00:00+00:00,81.522,down_close,27.599999999999625,13.19999999999979,-0.6407115096986298,13.759288490301206,7.159288490301311,13.242384035506685
CAD_JPY,-1,90.23834241020356,2021-01-13 22:00:00+00:00,2021-01-14 22:00:00+00:00,82.124,2021-01-17 22:00:00+00:00,81.526,down_close,59.7999999999999,11.349999999999483,-0.3203557548493149,48.1296442451511,42.45464424515136,47.87119201775384
CAD_JPY,-1,95.29674465538898,2021-02-04 22:00:00+00:00,2021-02-07 22:00:00+00:00,82.571,2021-02-09 22:00:00+00:00,82.334,down_close,23.699999999999477,12.400000000000944,-0.6588006983705837,10.64119930162795,4.441199301627478,10.124294846833429
CAD_JPY,-1,97.72688531104885,2021-02-14 22:00:00+00:00,2021-02-15 22:00:00+00:00,83.36,2021-02-17 22:00:00+00:00,83.326,down_close,3.4000000000006025,8.70000000000033,-1.3176013967411675,-6.617601396740895,-10.96760139674106,-7.651410306329936
CAD_JPY,-1,94.160065749394,2021-02-23 22:00:00+00:00,2021-02-24 22:00:00+00:00,84.576,2021-02-25 22:00:00+00:00,84.258,down_close,31.799999999999784,9.499999999999886,-0.3294003491852919,21.970599650814606,17.220599650814663,21.712147423417345
CAD_JPY,-1,94.3627744975879,2021-03-03 22:00:00+00:00,2021-03-04 22:00:00+00:00,85.255,2021-03-09 22:00:00+00:00,85.814,down_close,-55.89999999999975,9.04999999999987,-0.9604541861346039,-65.91045418613422,-70.43545418613415,-66.685810868326
CAD_JPY,-1,95.52862354524666,2021-03-10 22:00:00+00:00,2021-03-11 22:00:00+00:00,86.598,2021-03-18 21:00:00+00:00,87.23,down_close,-63.2000000000005,12.600000000000477,-2.241059767647409,-78.04105976764839,-84.34105976764863,-79.8502253594292
CAD_JPY,1,2.787554659399902,2021-03-22 21:00:00+00:00,2021-03-23 21:00:00+00:00,86.298,2021-03-24 21:00:00+00:00,86.414,up_close,11.599999999999966,11.249999999999005,-1.1490410193448484,-0.7990410193438877,-6.42404101934339,-2.1331795426315594
CAD_JPY,-1,92.0951767106891,2021-03-29 21:00:00+00:00,2021-03-30 21:00:00+00:00,87.423,2021-04-04 21:00:00+00:00,87.965,down_close,-54.20000000000016,16.049999999999898,-1.5850641830817662,-71.83506418308183,-79.86006418308178,-73.12732532006812
CAD_JPY,1,8.126351447252603,2021-04-05 21:00:00+00:00,2021-04-06 21:00:00+00:00,87.312,2021-04-11 21:00:00+00:00,87.469,up_close,15.699999999999648,15.700000000000358,-1.9543003500978473,-1.9543003500985578,-9.804300350098737,-4.177864555578011
CAD_JPY,1,7.89908130218339,2021-04-14 21:00:00+00:00,2021-04-15 21:00:00+00:00,86.714,2021-04-18 21:00:00+00:00,86.988,up_close,27.40000000000009,9.899999999999665,-0.39086007001956946,17.109139929980856,12.159139929981025,16.664427088884967
CAD_JPY,1,7.303457900652475,2021-04-19 21:00:00+00:00,2021-04-20 21:00:00+00:00,85.718,2021-04-21 21:00:00+00:00,86.48,up_close,76.20000000000005,8.70000000000033,-1.1725802100587084,66.327419789941,61.97741978994084,64.99328126665334
CAD_JPY,-1,90.6878756989406,2021-04-25 21:00:00+00:00,2021-04-26 21:00:00+00:00,87.194,2021-05-03 21:00:00+00:00,88.834,down_close,-164.00000000000006,10.45000000000087,-2.194134180252446,-176.64413418025336,-181.8691341802538,-178.4532997720342
CAD_JPY,-1,97.32908631388455,2021-05-05 21:00:00+00:00,2021-05-06 21:00:00+00:00,89.785,2021-05-09 21:00:00+00:00,89.595,down_close,18.999999999999773,12.399999999999523,-0.32030418941095873,6.279695810589291,0.07969581058953012,6.021243583192032
CAD_JPY,-1,90.82169470049082,2021-05-26 21:00:00+00:00,2021-05-27 21:00:00+00:00,90.988,2021-05-30 21:00:00+00:00,91.002,down_close,-1.3999999999995794,17.74999999999949,-0.32030418941095873,-19.470304189410026,-28.34530418940977,-19.728756416807286
CAD_JPY,1,4.640494008414777,2021-06-16 21:00:00+00:00,2021-06-17 21:00:00+00:00,89.196,2021-06-21 21:00:00+00:00,89.255,up_close,5.89999999999975,14.049999999999585,-0.753866821270237,-8.903866821270071,-15.928866821269864,-9.793292503461853
CAD_JPY,1,9.348642826405538,2021-06-28 21:00:00+00:00,2021-06-29 21:00:00+00:00,89.116,2021-06-30 21:00:00+00:00,89.602,up_close,48.60000000000042,12.84999999999954,-1.1308002319053554,34.61919976809553,28.194199768095757,33.285061244807856
CAD_JPY,1,8.412644361213424,2021-07-06 21:00:00+00:00,2021-07-07 21:00:00+00:00,88.699,2021-07-11 21:00:00+00:00,88.444,up_close,-25.499999999999545,17.34999999999971,-0.748298592720157,-43.59829859271941,-52.273298592719264,-44.487724274911194
CAD_JPY,1,6.798804137106259,2021-07-14 21:00:00+00:00,2021-07-15 21:00:00+00:00,87.273,2021-07-18 21:00:00+00:00,87.283,up_close,1.0000000000005116,14.750000000000085,-0.3741492963600785,-14.124149296359652,-21.499149296359693,-14.568862137455543
CAD_JPY,1,2.82704665108713,2021-07-18 21:00:00+00:00,2021-07-19 21:00:00+00:00,85.857,2021-07-20 21:00:00+00:00,86.634,up_close,77.7000000000001,16.449999999998965,-0.3741492963600785,60.875850703641056,52.650850703641574,60.43113786254517
CAD_JPY,1,8.618208781531706,2021-08-02 21:00:00+00:00,2021-08-03 21:00:00+00:00,87.025,2021-08-04 21:00:00+00:00,87.308,up_close,28.300000000000125,9.04999999999987,-1.1140500891193743,18.135949910880882,13.610949910880947,16.80181138759321
CAD_JPY,-1,92.26695865890287,2021-08-09 21:00:00+00:00,2021-08-10 21:00:00+00:00,88.304,2021-08-12 21:00:00+00:00,88.134,down_close,17.00000000000017,9.849999999999426,-1.3272601551467704,5.822739844853974,0.8977398448542613,4.788930935264934
CAD_JPY,1,4.053293426412679,2021-08-15 21:00:00+00:00,2021-08-16 21:00:00+00:00,86.934,2021-08-22 21:00:00+00:00,85.587,up_close,-134.69999999999942,14.149999999999352,-2.2281001782387486,-151.07810017823752,-158.1531001782372,-153.74637722481287
CAD_JPY,-1,94.49676715911531,2021-09-01 21:00:00+00:00,2021-09-02 21:00:00+00:00,87.587,2021-09-07 21:00:00+00:00,87.185,down_close,40.2000000000001,6.750000000000256,-0.9713475378493148,32.478652462150535,29.103652462150404,31.70329577995875
CAD_JPY,1,7.596092776327296,2021-09-07 21:00:00+00:00,2021-09-08 21:00:00+00:00,86.859,2021-09-13 21:00:00+00:00,86.954,up_close,9.499999999999886,10.74999999999946,-1.1381476676301374,-2.388147667629711,-7.7631476676294415,-3.7222861909173828
CAD_JPY,1,2.7003390036052934,2021-09-19 21:00:00+00:00,2021-09-20 21:00:00+00:00,85.312,2021-09-22 21:00:00+00:00,85.926,up_close,61.40000000000043,8.499999999999375,-1.51753022350685,51.382469776494204,47.13246977649452,49.60361841211065
CAD_JPY,-1,90.83657719169432,2021-09-22 21:00:00+00:00,2021-09-23 21:00:00+00:00,87.128,2021-09-29 21:00:00+00:00,87.792,down_close,-66.40000000000015,9.04999999999987,-1.9426950756986296,-77.39269507569864,-81.91769507569857,-78.94340844008221
CAD_JPY,-1,92.11757910518207,2021-10-03 21:00:00+00:00,2021-10-04 21:00:00+00:00,88.112,2021-10-06 21:00:00+00:00,88.487,down_close,-37.5,6.2500000000007105,-1.3147311673972597,-45.06473116739797,-48.18973116739833,-46.098540076987014
CAD_JPY,-1,91.71069218444515,2021-10-06 21:00:00+00:00,2021-10-07 21:00:00+00:00,88.938,2021-10-13 21:00:00+00:00,91.029,down_close,-209.0999999999994,13.89999999999958,-1.9720967510958896,-224.97209675109485,-231.92209675109464,-226.52281011547842
CAD_JPY,-1,95.79832280208777,2021-10-13 21:00:00+00:00,2021-10-14 21:00:00+00:00,91.906,2021-10-18 21:00:00+00:00,92.337,down_close,-43.09999999999974,7.099999999999795,-0.6573655836986299,-50.85736558369816,-54.40736558369806,-51.37427003849268
CAD_JPY,-1,90.04098383339387,2021-10-18 21:00:00+00:00,2021-10-19 21:00:00+00:00,92.494,2021-10-21 21:00:00+00:00,92.129,down_close,36.49999999999949,13.100000000000023,-1.3147311673972597,22.085268832602207,15.535268832602195,21.051459923013166
CAD_JPY,1,9.024701155377429,2021-11-04 21:00:00+00:00,2021-11-07 22:00:00+00:00,91.052,2021-11-10 22:00:00+00:00,91.222,up_close,16.99999999999875,14.60000000000079,-1.8459608432485326,0.5540391567494267,-6.745960843250968,-1.6695250487300264
CAD_JPY,1,6.747939429376572,2021-11-25 22:00:00+00:00,2021-11-28 22:00:00+00:00,89.174,2021-11-29 22:00:00+00:00,89.088,up_close,-8.600000000001273,13.750000000000284,-0.36919216864970655,-22.719192168651265,-29.594192168651407,-23.163905009747154
CAD_JPY,1,7.680655732481654,2021-12-13 22:00:00+00:00,2021-12-14 22:00:00+00:00,88.399,2021-12-15 22:00:00+00:00,88.858,up_close,45.90000000000032,14.049999999999585,-1.159351777690803,30.69064822230993,23.66564822231014,29.356509699022258
CAD_JPY,1,9.609711621859375,2021-12-19 22:00:00+00:00,2021-12-20 22:00:00+00:00,87.781,2021-12-21 22:00:00+00:00,88.385,up_close,60.39999999999992,13.850000000000051,-0.38645059256360104,46.16354940743627,39.238549407436246,45.71883656634038
CAD_JPY,-1,93.62865583551306,2021-12-26 22:00:00+00:00,2021-12-27 22:00:00+00:00,89.834,2021-12-28 22:00:00+00:00,89.583,down_close,25.100000000000477,17.600000000000193,-0.31671447592954965,7.183285524070735,-1.6167144759293621,6.924833296673475
CAD_JPY,-1,91.0782713356551,2021-12-29 22:00:00+00:00,2021-12-30 22:00:00+00:00,90.33,2022-01-03 22:00:00+00:00,90.43,down_close,-10.000000000000853,9.800000000000608,-0.6363998800802344,-20.436399880081694,-25.336399880082,-20.953304334876215
CAD_JPY,1,4.330703681996539,2022-01-20 22:00:00+00:00,2022-01-23 22:00:00+00:00,90.37,2022-01-26 22:00:00+00:00,90.528,up_close,15.800000000000125,10.39999999999992,-1.9173983217123298,3.4826016782878746,-1.7173983217120854,1.259037472808422
CAD_JPY,1,8.153898632343072,2022-02-17 22:00:00+00:00,2022-02-20 22:00:00+00:00,90.248,2022-02-22 22:00:00+00:00,90.105,up_close,-14.300000000000068,8.899999999999864,-0.7708268188031723,-23.970826818803104,-28.420826818803036,-24.860252500994886
CAD_JPY,-1,94.89204494455676,2022-03-10 22:00:00+00:00,2022-03-13 21:00:00+00:00,92.177,2022-03-20 21:00:00+00:00,94.495,timecap,-231.79999999999978,20.000000000000284,-2.718684810268015,-254.51868481026807,-264.5186848102682,-256.3278504020489
CAD_JPY,-1,99.86327488238886,2022-03-20 21:00:00+00:00,2022-03-21 21:00:00+00:00,94.87,2022-03-28 21:00:00+00:00,98.926,timecap,-405.59999999999974,17.39999999999924,-2.7186848102680146,-425.718684810267,-434.4186848102666,-427.5278504020478
CAD_JPY,-1,90.9892420621072,2022-04-04 21:00:00+00:00,2022-04-05 21:00:00+00:00,98.918,2022-04-06 21:00:00+00:00,98.718,down_close,20.000000000000284,20.000000000000284,-1.4525827726027392,-1.4525827726027392,-11.45258277260288,-2.2279394547945195
CAD_JPY,-1,94.17055186132654,2022-04-12 21:00:00+00:00,2022-04-13 21:00:00+00:00,99.962,2022-04-14 21:00:00+00:00,99.946,down_close,1.6000000000005343,19.999999999999574,-0.4841942575342464,-18.884194257533284,-28.88419425753307,-19.142646484930545
CAD_JPY,-1,95.60380506738372,2022-04-17 21:00:00+00:00,2022-04-18 21:00:00+00:00,100.64,2022-04-21 21:00:00+00:00,102.018,down_close,-137.8,15.299999999999159,-2.420971287671232,-155.5209712876704,-163.17097128766997,-156.8132324246567
CAD_JPY,1,3.484232804200815,2022-04-25 21:00:00+00:00,2022-04-26 21:00:00+00:00,99.226,2022-04-27 21:00:00+00:00,100.149,up_close,92.30000000000018,11.300000000000665,-0.656912432876713,80.34308756712281,74.69308756712248,79.00894904383513
CAD_JPY,1,4.8013525855030394,2022-05-08 21:00:00+00:00,2022-05-09 21:00:00+00:00,100.107,2022-05-15 21:00:00+00:00,100.067,up_close,-4.000000000000625,19.15000000000049,-0.8583435538943259,-24.00834355389544,-33.58334355389569,-26.676620600470784
CAD_JPY,-1,93.74963200530921,2022-05-29 21:00:00+00:00,2022-05-30 21:00:00+00:00,100.797,2022-06-06 21:00:00+00:00,104.854,timecap,-405.7000000000002,13.000000000000256,-4.861253470108529,-423.561253470109,-430.06125347010914,-425.37041906188983
CAD_JPY,-1,99.9277241410979,2022-06-06 21:00:00+00:00,2022-06-07 21:00:00+00:00,105.822,2022-06-09 21:00:00+00:00,105.788,down_close,3.4000000000006025,13.499999999999801,-2.86743044039851,-12.967430440397708,-19.71743044039761,-14.001239349986747
CAD_JPY,1,4.785451577290331,2022-06-15 21:00:00+00:00,2022-06-16 21:00:00+00:00,102.088,2022-06-19 21:10:00+00:00,103.599,up_close,151.100000000001,17.39999999999995,0.013692541606476663,133.71369254160751,125.01369254160754,133.26897970051164
CAD_JPY,-1,90.75540279267265,2022-07-17 21:00:00+00:00,2022-07-18 21:00:00+00:00,106.441,2022-07-20 21:00:00+00:00,107.249,down_close,-80.79999999999927,15.29999999999987,-3.5957509495025186,-99.69575094950166,-107.34575094950159,-100.7295598590907
CAD_JPY,1,7.989023255064538,2022-07-21 21:00:00+00:00,2022-07-24 21:00:00+00:00,105.358,2022-07-25 21:00:00+00:00,106.374,up_close,101.59999999999911,18.550000000000466,0.19577266888247905,83.24577266888113,73.9707726688809,82.80105982778524
CAD_JPY,1,7.323341608133106,2022-07-28 21:00:00+00:00,2022-07-31 21:00:00+00:00,104.046,2022-08-02 21:00:00+00:00,103.408,up_close,-63.80000000000052,18.500000000000227,0.6737599838107123,-81.62624001619004,-90.87624001619015,-82.51566569838182
CAD_JPY,-1,90.42768080873626,2022-08-18 21:00:00+00:00,2022-08-21 21:00:00+00:00,105.384,2022-08-22 21:00:00+00:00,105.302,down_close,8.199999999999363,14.450000000000074,-1.0400450603985067,-7.290045060399217,-14.515045060399254,-7.5484972877964776
CAD_JPY,-1,92.0591278489794,2022-08-22 21:00:00+00:00,2022-08-23 21:00:00+00:00,105.569,2022-08-25 21:00:00+00:00,105.605,down_close,-3.6000000000001364,14.849999999999852,-4.160180241594027,-22.610180241594016,-30.03518024159394,-23.643989151183057
CAD_JPY,-1,92.61102845442109,2022-08-28 21:00:00+00:00,2022-08-29 21:00:00+00:00,106.687,2022-08-30 21:00:00+00:00,105.94,down_close,74.69999999999999,19.50000000000003,-1.0400450603985067,54.159954939601455,44.40995493960144,53.90150271220419
CAD_JPY,-1,98.22608084943582,2022-09-05 21:00:00+00:00,2022-09-06 21:00:00+00:00,108.525,2022-09-11 21:00:00+00:00,108.976,down_close,-45.09999999999934,12.700000000000244,-6.215617342754143,-64.01561734275373,-70.36561734275385,-65.30787847974003
CAD_JPY,1,4.477183408568791,2022-09-15 21:00:00+00:00,2022-09-18 21:00:00+00:00,107.75,2022-09-19 21:00:00+00:00,108.082,up_close,33.19999999999936,13.049999999999073,0.5399584000576777,20.689958400057968,14.164958400058431,20.245245558962075
CAD_JPY,1,7.762962190935852,2022-09-20 21:00:00+00:00,2022-09-21 21:00:00+00:00,107.031,2022-09-27 21:00:00+00:00,105.474,up_close,-155.70000000000022,17.250000000000654,2.159833600230711,-170.79016639977016,-179.41516639977047,-172.56901776415373
CAD_JPY,-1,95.64414609238443,2022-10-12 21:00:00+00:00,2022-10-13 21:00:00+00:00,107.061,2022-10-20 21:00:00+00:00,109.085,timecap,-202.39999999999867,14.049999999999585,-9.168530674563804,-225.61853067456207,-232.64353067456184,-227.42769626634288
CAD_JPY,1,2.315958785382989,2022-11-09 22:00:00+00:00,2022-11-10 22:00:00+00:00,105.772,2022-11-14 22:00:00+00:00,105.092,up_close,-68.00000000000068,13.949999999999818,1.4908498341291583,-80.45915016587134,-87.43415016587124,-81.34857584806312
CAD_JPY,1,9.10114346333657,2022-11-23 22:00:00+00:00,2022-11-24 22:00:00+00:00,103.936,2022-11-27 22:00:00+00:00,103.994,up_close,5.799999999999272,12.099999999999511,0.7454249170645791,-5.55457508293566,-11.604575082935416,-5.99928792403155
CAD_JPY,1,3.607951705154605,2022-11-27 22:00:00+00:00,2022-11-28 22:00:00+00:00,102.923,2022-11-30 22:00:00+00:00,102.87,up_close,-5.299999999999727,20.000000000000284,2.9816996682583166,-22.318300331741696,-32.31830033174184,-24.097151696125255
CAD_JPY,1,7.665517277013649,2022-12-01 22:00:00+00:00,2022-12-04 22:00:00+00:00,99.902,2022-12-05 22:00:00+00:00,100.584,up_close,68.20000000000022,16.949999999999932,0.866143105479452,52.116143105479736,43.64114310547977,51.671430264383844
CAD_JPY,1,8.616479328101022,2022-12-19 22:00:00+00:00,2022-12-20 22:00:00+00:00,96.716,2022-12-21 22:00:00+00:00,97.296,up_close,58.00000000000125,19.650000000000034,2.598429316438356,40.94842931643957,31.123429316439555,39.6142907931519
CAD_JPY,1,7.068000815773416,2023-01-01 22:00:00+00:00,2023-01-02 22:00:00+00:00,96.244,2023-01-04 22:00:00+00:00,98.35,up_close,210.59999999999945,16.64999999999992,3.6089735074755422,197.5589735074751,189.23397350747513,195.78012214309152
CAD_JPY,-1,90.30453801990761,2023-01-10 22:00:00+00:00,2023-01-11 22:00:00+00:00,98.682,2023-01-12 22:00:00+00:00,96.711,down_close,197.10000000000036,12.900000000000489,-1.6054084453620363,182.59459155463784,176.1445915546376,182.33613932724057
CAD_JPY,1,3.9620876180205897,2023-01-12 22:00:00+00:00,2023-01-15 22:00:00+00:00,95.467,2023-01-16 22:00:00+00:00,95.867,up_close,40.00000000000057,15.500000000000114,0.9022433768688856,25.40224337686934,17.652243376869283,24.95753053577345
CAD_JPY,-1,94.09856343297824,2023-01-22 22:00:00+00:00,2023-01-23 22:00:00+00:00,97.697,2023-01-24 22:00:00+00:00,97.36,down_close,33.70000000000033,9.949999999999903,-1.6054084453620363,22.14459155463839,17.169591554638437,21.88613932724113
CAD_JPY,-1,95.02951012302375,2023-02-12 22:00:00+00:00,2023-02-13 22:00:00+00:00,99.33,2023-02-16 22:00:00+00:00,99.589,down_close,-25.900000000000034,12.249999999999517,-8.341675992069211,-46.491675992068764,-52.61667599206852,-47.78393712905506
CAD_JPY,1,9.324342188852142,2023-03-07 22:00:00+00:00,2023-03-08 22:00:00+00:00,99.51,2023-03-14 21:00:00+00:00,98.117,up_close,-139.30000000000007,9.899999999999665,3.8581111513043465,-145.3418888486954,-150.29188884869524,-147.12074021307896
CAD_JPY,1,9.283091969427787,2023-03-23 21:00:00+00:00,2023-03-26 21:00:00+00:00,95.053,2023-03-27 21:00:00+00:00,96.296,up_close,124.30000000000092,12.899999999999778,0.9645277878260866,112.36452778782723,105.91452778782734,111.91981494673134
CAD_JPY,-1,94.27368228532058,2023-03-28 21:00:00+00:00,2023-03-29 21:00:00+00:00,97.966,2023-04-04 21:00:00+00:00,97.955,down_close,1.099999999999568,10.699999999999932,-6.669149210076023,-16.269149210076385,-21.61914921007635,-17.302958119665426
CAD_JPY,-1,93.3741512173585,2023-04-09 21:00:00+00:00,2023-04-10 21:00:00+00:00,98.876,2023-04-12 21:00:00+00:00,99.043,down_close,-16.70000000000016,15.000000000000568,-6.667526994875095,-38.367526994875824,-45.86752699487611,-39.401335904464865
CAD_JPY,-1,94.32468080304228,2023-04-13 21:00:00+00:00,2023-04-16 21:00:00+00:00,100.094,2023-04-18 21:00:00+00:00,100.164,down_close,-7.000000000000739,13.949999999999818,-3.3337634974375474,-24.283763497438105,-31.258763497438014,-24.800667952232626
CAD_JPY,1,5.607661979064304,2023-04-20 21:00:00+00:00,2023-04-23 21:00:00+00:00,99.022,2023-04-24 21:00:00+00:00,99.204,up_close,18.199999999998795,13.250000000000028,0.9637166802256232,5.91371668022439,-0.7112833197756245,5.469003839128499
CAD_JPY,1,4.068791235562941,2023-04-24 21:00:00+00:00,2023-04-25 21:00:00+00:00,98.174,2023-04-27 21:00:00+00:00,98.507,up_close,33.29999999999984,18.299999999999983,3.8548667209024927,18.85486672090235,9.70486672090236,17.076015356518788
CAD_JPY,-1,92.79317573180118,2023-04-27 21:00:00+00:00,2023-04-30 21:00:00+00:00,100.58,2023-05-02 21:00:00+00:00,100.206,down_close,37.39999999999952,14.850000000000563,-3.3568460452446183,19.19315395475434,11.76815395475406,18.67624949995982
CAD_JPY,-1,95.8408508970308,2023-05-16 21:00:00+00:00,2023-05-17 21:00:00+00:00,102.308,2023-05-21 21:00:00+00:00,102.199,down_close,10.900000000000887,14.300000000000068,-3.3568460452446183,-6.756846045243799,-13.906846045243833,-7.27375050003832
CAD_JPY,-1,95.65045376178968,2023-05-25 21:00:00+00:00,2023-05-28 21:00:00+00:00,103.306,2023-05-30 21:00:00+00:00,102.8,down_close,50.60000000000002,16.049999999999898,-3.3568460452446183,31.193153954755505,23.168153954755557,30.676249499960985
CAD_JPY,-1,92.5132896381577,2023-06-01 21:00:00+00:00,2023-06-04 21:00:00+00:00,104.28,2023-06-05 21:00:00+00:00,103.822,down_close,45.79999999999984,15.29999999999987,-1.7428947700124517,28.75710522998752,21.107105229987585,28.49865300259026
CAD_JPY,-1,90.90537820331645,2023-06-14 21:00:00+00:00,2023-06-15 21:00:00+00:00,106.125,2023-06-19 21:00:00+00:00,107.43,down_close,-130.50000000000068,12.349999999999994,-3.4857895400249035,-146.3357895400256,-152.51078954002557,-146.8526939948201
CAD_JPY,-1,90.98063425342535,2023-06-21 21:00:00+00:00,2023-06-22 21:00:00+00:00,108.782,2023-06-28 21:00:00+00:00,108.934,down_close,-15.200000000000102,7.199999999999562,-10.45736862007471,-32.857368620074375,-36.457368620074156,-34.40808198445794
CAD_JPY,1,4.066781288502327,2023-07-05 21:00:00+00:00,2023-07-06 21:00:00+00:00,107.772,2023-07-13 21:00:00+00:00,105.248,up_close,-252.4000000000001,11.050000000000182,7.715511528410956,-255.73448847158932,-261.2594884715894,-258.84747835926055
CAD_JPY,-1,91.26916759607705,2023-07-18 21:00:00+00:00,2023-07-19 21:00:00+00:00,106.076,2023-07-25 21:00:00+00:00,107.099,down_close,-102.30000000000103,17.249999999999943,-7.22152400449315,-126.77152400449413,-135.3965240044941,-127.80533291408317
CAD_JPY,1,7.579155960761099,2023-07-26 21:00:00+00:00,2023-07-27 21:00:00+00:00,105.408,2023-07-30 21:00:00+00:00,106.534,up_close,112.60000000000048,18.849999999999767,1.1022159326301366,94.85221593263084,85.42721593263096,94.40750309153496
CAD_JPY,1,9.170608914402806,2023-08-03 21:00:00+00:00,2023-08-06 21:00:00+00:00,105.969,2023-08-07 21:00:00+00:00,106.587,up_close,61.80000000000092,13.349999999999085,1.1360689980448329,49.58606899804667,42.91106899804713,49.14135615695078
CAD_JPY,-1,91.44927804049588,2023-08-09 21:00:00+00:00,2023-08-10 21:00:00+00:00,107.654,2023-08-15 21:00:00+00:00,107.845,down_close,-19.10000000000025,9.200000000000585,-5.517702199613952,-33.817702199614786,-38.41770219961508,-34.59305888180657
CAD_JPY,-1,91.00386889343358,2023-09-13 21:00:00+00:00,2023-09-14 21:00:00+00:00,109.166,2023-09-21 21:00:00+00:00,109.436,down_close,-27.000000000001023,14.349999999999596,-12.847449274397258,-54.197449274397876,-61.372449274397674,-56.0066148661787
CAD_JPY,1,3.9443138276744634,2023-10-02 21:00:00+00:00,2023-10-03 21:00:00+00:00,108.696,2023-10-08 21:00:00+00:00,109.031,up_close,33.500000000000796,12.650000000000006,5.623515757602739,26.47351575760353,20.148515757603526,24.249951552124077
CAD_JPY,-1,93.05152268145181,2023-10-10 21:00:00+00:00,2023-10-11 21:00:00+00:00,109.686,2023-10-12 21:00:00+00:00,109.42,down_close,26.600000000000534,8.549999999999613,-1.8278682200136984,16.222131779987222,11.947131779987416,15.963679552589962
CAD_JPY,1,8.120764164962495,2023-10-24 21:00:00+00:00,2023-10-25 21:00:00+00:00,108.861,2023-10-31 21:00:00+00:00,109.328,up_close,46.699999999999875,12.749999999999773,4.498812606082192,38.44881260608229,32.073812606082406,36.66996124169873
CAD_JPY,-1,92.32134665721075,2023-11-12 22:00:00+00:00,2023-11-13 22:00:00+00:00,109.945,2023-11-14 22:00:00+00:00,109.822,down_close,12.299999999999045,13.300000000000267,-1.8300001123287677,-2.83000011232999,-9.480000112330124,-3.08845233972725
CAD_JPY,-1,95.7952863580898,2023-11-14 22:00:00+00:00,2023-11-15 22:00:00+00:00,110.636,2023-11-16 22:00:00+00:00,109.502,down_close,113.40000000000003,12.950000000000017,-1.8300001123287677,98.61999988767126,92.14499988767125,98.36154766027398
CAD_JPY,1,7.0385258928071295,2023-11-19 22:00:00+00:00,2023-11-20 22:00:00+00:00,108.134,2023-11-21 22:00:00+00:00,108.285,up_close,15.099999999999625,10.45000000000087,1.126835043835617,5.776835043834372,0.5518350438339372,5.332122202738482
CAD_JPY,1,3.391623939119313,2023-12-06 22:00:00+00:00,2023-12-07 22:00:00+00:00,105.986,2023-12-10 22:00:00+00:00,106.704,up_close,71.79999999999893,14.200000000000301,1.1264638604037485,58.726463860402376,51.626463860402225,58.28175101930649
CAD_JPY,-1,93.41850641924658,2023-12-18 22:00:00+00:00,2023-12-19 22:00:00+00:00,107.847,2023-12-20 22:00:00+00:00,107.331,down_close,51.59999999999911,18.40000000000046,-5.488886786690698,27.711113213307954,18.511113213307723,26.935756531116176
CAD_JPY,-1,93.01744417239189,2024-01-03 22:00:00+00:00,2024-01-04 22:00:00+00:00,108.344,2024-01-07 22:00:00+00:00,108.266,down_close,7.7999999999988745,10.150000000000148,-1.8335703915317558,-4.18357039153303,-9.258570391533103,-4.44202261893029
CAD_JPY,-1,92.50664565436546,2024-01-16 22:00:00+00:00,2024-01-17 22:00:00+00:00,109.648,2024-01-22 22:00:00+00:00,109.848,down_close,-20.000000000000284,12.650000000000006,-5.500711174595267,-38.15071117459556,-44.47571117459556,-38.92606785678734
CAD_JPY,-1,92.05204043341,2024-02-07 22:00:00+00:00,2024-02-08 22:00:00+00:00,110.944,2024-02-11 22:00:00+00:00,110.854,down_close,9.000000000000341,20.4500000000003,-1.8275947669315067,-13.277594766931466,-23.50259476693162,-13.536046994328727
CAD_JPY,-1,93.62647681539546,2024-02-12 22:00:00+00:00,2024-02-13 22:00:00+00:00,111.164,2024-02-19 22:00:00+00:00,111.302,down_close,-13.800000000000523,17.199999999999704,-10.96556860158904,-41.96556860158927,-50.56556860158912,-43.51628196597283
CAD_JPY,1,8.546419193887601,2024-02-19 22:00:00+00:00,2024-02-20 22:00:00+00:00,110.887,2024-02-21 22:00:00+00:00,111.304,up_close,41.70000000000016,11.349999999999483,3.373289095315067,33.72328909531574,28.048289095316,32.38915057202807
CAD_JPY,1,4.657893009921239,2024-02-28 22:00:00+00:00,2024-02-29 22:00:00+00:00,110.514,2024-03-03 22:00:00+00:00,110.754,up_close,24.00000000000091,18.799999999999528,1.1119039846849312,6.311903984686312,-3.0880960153134516,5.867191143590422
CAD_JPY,1,4.319361146406251,2024-03-07 22:00:00+00:00,2024-03-10 21:00:00+00:00,109.086,2024-03-12 21:00:00+00:00,109.432,up_close,34.600000000000364,14.749999999999375,2.2238079693698625,22.07380796937085,14.698807969371163,21.18438228717907
CAD_JPY,-1,90.83693719896172,2024-03-17 21:00:00+00:00,2024-03-18 21:00:00+00:00,110.173,2024-03-21 21:00:00+00:00,112.06,down_close,-188.70000000000005,10.549999999999216,-9.07534526589041,-208.32534526588967,-213.60034526588927,-209.61760640287596
CAD_JPY,-1,93.6652831040866,2024-04-02 21:00:00+00:00,2024-04-03 21:00:00+00:00,112.11,2024-04-04 21:00:00+00:00,111.75,down_close,35.99999999999994,12.949999999999307,-1.796951827621419,21.253048172379216,14.778048172379565,20.994595944981956
CAD_JPY,1,8.801504472931242,2024-04-11 21:00:00+00:00,2024-04-14 21:00:00+00:00,111.094,2024-04-15 21:00:00+00:00,111.87,up_close,77.60000000000105,10.300000000000153,1.0937867591282682,68.39378675912916,63.24378675912909,67.94907391803326
CAD_JPY,-1,90.27631286617701,2024-04-17 21:00:00+00:00,2024-04-18 21:00:00+00:00,112.315,2024-04-25 21:00:00+00:00,113.958,timecap,-164.30000000000007,10.04999999999967,-12.578662793349933,-186.92866279334967,-191.9536627933495,-188.73782838513048
CAD_JPY,-1,99.96912705178839,2024-04-25 21:00:00+00:00,2024-04-28 21:00:00+00:00,115.505,2024-04-29 21:00:00+00:00,114.393,down_close,111.19999999999948,20.09999999999934,-1.796951827621419,89.30304817237872,79.25304817237905,89.04459594498145
CAD_JPY,1,6.164426172140978,2024-05-02 21:00:00+00:00,2024-05-05 21:00:00+00:00,111.851,2024-05-06 21:00:00+00:00,112.619,up_close,76.80000000000007,20.300000000000296,1.094656126849315,57.59465612684909,47.44465612684894,57.149943285753196
CAD_JPY,-1,91.14110866784694,2024-05-08 21:00:00+00:00,2024-05-09 21:00:00+00:00,113.689,2024-05-15 21:00:00+00:00,113.855,down_close,-16.600000000001103,15.700000000000358,-10.786927172054792,-43.08692717205625,-50.93692717205643,-44.63764053643982
CAD_JPY,-1,91.073131038874,2024-05-27 21:00:00+00:00,2024-05-28 21:00:00+00:00,115.161,2024-05-29 21:00:00+00:00,114.924,down_close,23.699999999999477,8.200000000000074,-5.393463586027396,10.106536413972007,6.00653641397197,9.331179731780225
CAD_JPY,-1,96.86971671587544,2024-06-13 21:00:00+00:00,2024-06-16 21:00:00+00:00,114.577,2024-06-23 21:00:00+00:00,116.692,timecap,-211.4999999999995,17.69999999999996,-12.144204513863013,-241.34420451386245,-250.19420451386245,-243.1533701056433
CAD_JPY,-1,99.97156772943718,2024-06-23 21:00:00+00:00,2024-06-24 21:00:00+00:00,116.884,2024-06-27 21:00:00+00:00,117.336,down_close,-45.19999999999982,15.24999999999963,-8.674431795616439,-69.12443179561589,-76.7494317956157,-70.41669293260219
CAD_JPY,-1,96.28921496361994,2024-06-27 21:00:00+00:00,2024-06-30 21:00:00+00:00,117.594,2024-07-01 21:00:00+00:00,117.573,down_close,2.1000000000000796,22.49999999999943,-1.7052444914677105,-22.10524449146706,-33.35524449146678,-22.363696718864322
CAD_JPY,-1,94.69386989492871,2024-07-01 21:00:00+00:00,2024-07-02 21:00:00+00:00,118.032,2024-07-04 21:00:00+00:00,118.496,down_close,-46.399999999999864,12.999999999999545,-6.820977965870842,-66.22097796587025,-72.72097796587002,-67.25478687545929
CAD_JPY,1,7.936349995470664,2024-07-11 21:00:00+00:00,2024-07-14 21:00:00+00:00,115.892,2024-07-16 21:00:00+00:00,115.814,up_close,-7.800000000000296,14.349999999999596,2.004158845949119,-20.14584115405077,-27.32084115405057,-21.035266836242553
CAD_JPY,1,7.9115766430767,2024-07-16 21:00:00+00:00,2024-07-17 21:00:00+00:00,114.136,2024-07-18 21:00:00+00:00,114.816,up_close,68.00000000000068,11.350000000000193,1.0020794229745595,57.65207942297505,51.97707942297495,57.20736658187916
CAD_JPY,1,5.117638127336349,2024-07-22 21:00:00+00:00,2024-07-23 21:00:00+00:00,112.866,2024-07-29 21:00:00+00:00,111.165,up_close,-170.09999999999934,10.250000000000625,6.012476537847357,-174.3375234621526,-179.46252346215292,-177.00580050872796
CAD_JPY,1,2.7838571298045593,2024-07-29 21:00:00+00:00,2024-07-30 21:00:00+00:00,110.323,2024-08-06 21:00:00+00:00,104.704,up_close,-561.9,17.149999999999466,6.585167207225048,-572.4648327927745,-581.0398327927742,-575.5778226804457
CAD_JPY,-1,97.54649415822875,2024-08-14 21:00:00+00:00,2024-08-15 21:00:00+00:00,108.766,2024-08-18 21:00:00+00:00,107.861,down_close,90.50000000000011,11.549999999999727,-1.5978973030684926,77.3521026969319,71.57710269693203,77.09365046953464
CAD_JPY,-1,96.63382350585965,2024-08-29 21:00:00+00:00,2024-09-01 21:00:00+00:00,108.302,2024-09-03 21:00:00+00:00,107.36,down_close,94.20000000000073,19.10000000000025,-3.0610633176255693,72.03893668237491,62.488936682374785,71.52203222758038
CAD_JPY,1,3.3082054572898585,2024-09-05 21:00:00+00:00,2024-09-08 21:00:00+00:00,104.942,2024-09-09 21:00:00+00:00,105.596,up_close,65.40000000000106,17.99999999999997,0.8273665903196339,48.22736659032072,39.227366590320734,47.78265374922483
CAD_JPY,1,7.5307371838857335,2024-09-12 21:00:00+00:00,2024-09-15 21:00:00+00:00,103.514,2024-09-17 21:00:00+00:00,104.742,up_close,122.80000000000086,16.549999999999443,1.6547331806392678,107.90473318064069,99.62973318064097,107.0153074984489
CAD_JPY,-1,93.80982420046364,2024-09-19 21:00:00+00:00,2024-09-22 21:00:00+00:00,106.192,2024-09-23 21:00:00+00:00,106.03,down_close,16.199999999999193,17.849999999999966,-1.5305316588127846,-3.1805316588135577,-12.10553165881354,-3.438983886210818
CAD_JPY,-1,97.11128606056053,2024-09-23 21:00:00+00:00,2024-09-24 21:00:00+00:00,106.632,2024-09-24 21:00:00+00:00,106.632,data_end,-0.0,13.299999999999557,0.0,-13.299999999999557,-19.949999999999335,-13.299999999999557
CHF_JPY,1,0.0,2020-11-15 22:00:00+00:00,2020-11-16 22:00:00+00:00,114.58,2020-11-19 22:00:00+00:00,113.932,up_close,-64.79999999999961,10.04999999999967,-6.130399971746576,-80.98039997174585,-86.00539997174569,-85.18580677910887
CHF_JPY,-1,96.7475603318761,2020-11-24 22:00:00+00:00,2020-11-25 22:00:00+00:00,114.992,2020-11-26 22:00:00+00:00,115.016,down_close,-2.400000000000091,19.14999999999978,-0.08666606044520546,-21.636666060445076,-31.211666060444966,-22.108330753766992
CHF_JPY,-1,90.38433647570679,2020-11-26 22:00:00+00:00,2020-11-29 22:00:00+00:00,115.1,2020-11-30 22:00:00+00:00,114.804,down_close,29.599999999999227,19.999999999999574,-0.08666606044520546,9.513333939554448,-0.48666606044533905,9.04166924623253
CHF_JPY,-1,94.19563905646837,2020-12-01 22:00:00+00:00,2020-12-02 22:00:00+00:00,116.722,2020-12-03 22:00:00+00:00,116.461,down_close,26.099999999999568,13.750000000000284,-0.07633658423100853,12.273663415768276,5.398663415768133,11.801998722446358
CHF_JPY,-1,96.4771683156468,2020-12-07 22:00:00+00:00,2020-12-08 22:00:00+00:00,117.201,2020-12-13 22:00:00+00:00,117.016,down_close,18.499999999998806,18.849999999999767,-0.38168292115504265,-0.7316829211560033,-10.156682921155888,-3.0900063877655928
CHF_JPY,1,7.511734056003718,2021-01-13 22:00:00+00:00,2021-01-14 22:00:00+00:00,116.858,2021-01-19 22:00:00+00:00,116.942,up_close,8.399999999998897,12.349999999999994,-3.7027927468643838,-7.652792746865481,-13.827792746865478,-10.17603683128329
CHF_JPY,-1,93.57237836411063,2021-01-28 22:00:00+00:00,2021-01-31 22:00:00+00:00,117.716,2021-02-01 22:00:00+00:00,116.978,down_close,73.79999999999995,15.399999999999636,-0.07650386157397267,58.32349613842634,50.623496138426525,57.85183144510443
CHF_JPY,-1,94.16300839376694,2021-02-10 22:00:00+00:00,2021-02-11 22:00:00+00:00,117.704,2021-02-14 22:00:00+00:00,117.642,down_close,6.199999999999761,17.900000000000205,-0.07650386157397267,-11.776503861574415,-20.726503861574518,-12.248168554896333
CHF_JPY,-1,97.36883129934475,2021-02-14 22:00:00+00:00,2021-02-15 22:00:00+00:00,118.359,2021-02-17 22:00:00+00:00,117.8,down_close,55.89999999999975,13.799999999999812,-0.30601544629589067,41.79398455370405,34.89398455370414,39.90732578041638
CHF_JPY,1,3.5562001127748175,2021-02-22 22:00:00+00:00,2021-02-23 22:00:00+00:00,116.486,2021-02-24 22:00:00+00:00,116.767,up_close,28.09999999999917,15.050000000000097,-3.7087265796616435,9.34127342033743,1.8162734203373816,6.818029335919621
CHF_JPY,1,9.978526494025061,2021-03-02 22:00:00+00:00,2021-03-03 22:00:00+00:00,116.312,2021-03-07 22:00:00+00:00,116.601,up_close,28.900000000000148,13.149999999999551,-2.468707207876713,13.281292792123883,6.706292792124108,11.599130069178678
CHF_JPY,-1,91.5184936225663,2021-03-08 22:00:00+00:00,2021-03-09 22:00:00+00:00,116.868,2021-03-10 22:00:00+00:00,116.613,down_close,25.499999999999545,18.900000000000006,-0.2351773525684931,6.364822647431047,-3.0851773525689565,4.949828567465293
CHF_JPY,-1,91.50135585722572,2021-03-16 21:00:00+00:00,2021-03-17 21:00:00+00:00,117.99,2021-03-18 21:00:00+00:00,117.613,down_close,37.699999999999534,16.900000000000404,-0.07839245085616436,20.721607549142966,12.271607549142765,20.249942855821047
CHF_JPY,-1,92.88306445984745,2021-03-30 21:00:00+00:00,2021-03-31 21:00:00+00:00,117.335,2021-04-07 21:00:00+00:00,117.997,timecap,-66.20000000000061,16.550000000000153,-0.5350733614253426,-83.28507336142611,-91.56007336142619,-86.58672621467953
CHF_JPY,-1,99.81016185701033,2021-04-07 21:00:00+00:00,2021-04-08 21:00:00+00:00,118.12,2021-04-12 21:00:00+00:00,118.648,down_close,-52.79999999999916,20.000000000000284,-0.15287810326438359,-72.95287810326383,-82.95287810326397,-73.89620748990767
CHF_JPY,1,8.28689340951631,2021-04-14 21:00:00+00:00,2021-04-15 21:00:00+00:00,117.816,2021-04-18 21:00:00+00:00,118.329,up_close,51.2999999999991,17.600000000000193,-1.2363070031623289,32.46369299683658,23.663692996836485,31.622611635363977
CHF_JPY,1,6.552536656501346,2021-04-21 21:00:00+00:00,2021-04-22 21:00:00+00:00,117.582,2021-04-25 21:00:00+00:00,118.132,up_close,55.00000000000114,20.000000000000284,-1.2363070031623289,33.76369299683852,23.763692996838383,32.92261163536592
CHF_JPY,-1,95.71413628753237,2021-04-26 21:00:00+00:00,2021-04-27 21:00:00+00:00,118.981,2021-05-02 21:00:00+00:00,119.762,down_close,-78.10000000000059,13.799999999999812,-0.38219525816095895,-92.28219525816137,-99.18219525816127,-94.64051872477096
CHF_JPY,-1,94.41571334914966,2021-05-05 21:00:00+00:00,2021-05-06 21:00:00+00:00,120.206,2021-05-11 21:00:00+00:00,120.19,down_close,1.6000000000005343,15.95000000000013,-0.22653796234498907,-14.576537962344586,-22.55153796234465,-15.99153204231034
CHF_JPY,-1,91.08189887789796,2021-05-13 21:00:00+00:00,2021-05-16 21:00:00+00:00,121.201,2021-05-17 21:00:00+00:00,120.909,down_close,29.199999999998738,15.399999999999636,-0.07551265411499636,13.724487345884105,6.024487345884287,13.252822652562187
CHF_JPY,-1,98.21838487406204,2021-05-26 21:00:00+00:00,2021-05-27 21:00:00+00:00,122.447,2021-05-30 21:00:00+00:00,122.094,down_close,35.300000000000864,19.999999999999574,-0.07551265411499636,15.224487345886294,5.224487345886507,14.752822652564376
CHF_JPY,1,3.293420588029619,2021-06-16 21:00:00+00:00,2021-06-17 21:00:00+00:00,120.259,2021-06-21 21:00:00+00:00,120.126,up_close,-13.299999999999557,15.800000000000125,-2.4639937575653805,-31.56399375756506,-39.46399375756513,-33.246156480510265
CHF_JPY,1,7.893682765992239,2021-06-28 21:00:00+00:00,2021-06-29 21:00:00+00:00,119.997,2021-06-30 21:00:00+00:00,120.118,up_close,12.099999999999511,11.950000000000216,-3.695990636348071,-3.5459906363487756,-9.520990636348884,-6.069234720766584
CHF_JPY,1,8.220835650816468,2021-07-05 21:00:00+00:00,2021-07-06 21:00:00+00:00,119.716,2021-07-08 21:00:00+00:00,119.857,up_close,14.100000000000534,16.30000000000038,-4.909033427708595,-7.109033427708441,-15.259033427708632,-10.473358873598851
CHF_JPY,1,8.324847896387922,2021-07-14 21:00:00+00:00,2021-07-15 21:00:00+00:00,119.719,2021-07-18 21:00:00+00:00,119.708,up_close,-1.099999999999568,15.149999999999864,-1.2272583569271487,-17.47725835692658,-25.05225835692651,-18.318339718399184
CHF_JPY,1,4.207030211159832,2021-07-18 21:00:00+00:00,2021-07-19 21:00:00+00:00,119.311,2021-07-20 21:00:00+00:00,119.204,up_close,-10.700000000001353,16.250000000000142,-1.2272583569271487,-28.177258356928643,-36.30225835692872,-29.018339718401247
CHF_JPY,1,9.677533004027893,2021-08-09 21:00:00+00:00,2021-08-10 21:00:00+00:00,119.803,2021-08-15 21:00:00+00:00,119.695,up_close,-10.80000000000041,15.100000000000335,-6.147448621808843,-32.047448621809586,-39.597448621809754,-36.2528554291726
CHF_JPY,1,6.502054873977272,2021-08-18 21:00:00+00:00,2021-08-19 21:00:00+00:00,119.416,2021-08-22 21:00:00+00:00,119.728,up_close,31.19999999999976,19.999999999999574,-1.2294897243617686,9.97051027563842,-0.029489724361367875,9.129428914165816
CHF_JPY,-1,90.19208316476241,2021-08-22 21:00:00+00:00,2021-08-23 21:00:00+00:00,120.222,2021-08-24 21:00:00+00:00,120.152,down_close,6.999999999999318,14.999999999999858,-0.08325633043275225,-8.083256330433292,-15.58325633043322,-8.55492102375521
CHF_JPY,1,3.521115896995724,2021-09-07 21:00:00+00:00,2021-09-08 21:00:00+00:00,119.613,2021-09-09 21:00:00+00:00,119.631,up_close,1.8000000000000682,11.350000000000193,-1.281237391609589,-10.831237391609713,-16.50623739160981,-11.672318753082317
CHF_JPY,1,6.672365829183548,2021-09-12 21:00:00+00:00,2021-09-13 21:00:00+00:00,119.344,2021-09-20 21:00:00+00:00,117.937,timecap,-140.69999999999965,15.450000000000585,-8.968661741267123,-165.11866174126735,-172.84366174126762,-171.0062312715756
CHF_JPY,-1,94.8973830296739,2021-09-22 21:00:00+00:00,2021-09-23 21:00:00+00:00,119.363,2021-09-29 21:00:00+00:00,119.868,down_close,-50.499999999999545,10.650000000000404,-0.18905197910958926,-61.33905197910954,-66.66405197910974,-64.16904013904104
CHF_JPY,-1,98.92452303166445,2021-10-07 21:00:00+00:00,2021-10-10 21:00:00+00:00,120.879,2021-10-12 21:00:00+00:00,122.178,down_close,-129.89999999999924,20.000000000000284,-0.17146517432028702,-150.0714651743198,-160.07146517431994,-151.01479456096365
CHF_JPY,-1,94.77958367518576,2021-10-12 21:00:00+00:00,2021-10-13 21:00:00+00:00,122.507,2021-10-18 21:00:00+00:00,123.721,down_close,-121.39999999999986,11.749999999999972,-0.2571977614804305,-133.40719776148026,-139.28219776148023,-134.82219184144603
CHF_JPY,-1,94.94060006001084,2021-10-18 21:00:00+00:00,2021-10-19 21:00:00+00:00,123.888,2021-10-21 21:00:00+00:00,124.138,down_close,-25.0,9.100000000000108,-0.34293034864057403,-34.44293034864068,-38.99293034864073,-36.32958912192835
CHF_JPY,-1,96.87775147211174,2021-10-31 21:00:00+00:00,2021-11-01 21:00:00+00:00,125.39,2021-11-02 21:00:00+00:00,124.584,down_close,80.59999999999974,12.84999999999954,-0.11040530279514321,67.63959469720506,61.214594697205285,67.16793000388314
CHF_JPY,1,9.726015509199058,2021-11-08 22:00:00+00:00,2021-11-09 22:00:00+00:00,123.85,2021-11-10 22:00:00+00:00,124.197,up_close,34.70000000000084,9.549999999999415,-3.607022255998132,21.542977744003295,16.767977744003588,19.019733659585484
CHF_JPY,1,5.170546200686289,2021-11-14 22:00:00+00:00,2021-11-15 22:00:00+00:00,123.348,2021-11-16 22:00:00+00:00,123.468,up_close,12.000000000000455,7.4500000000000455,-1.2023407519993774,3.347659248001032,-0.37734075199899086,2.506577886528429
CHF_JPY,1,5.603241954785489,2021-11-16 22:00:00+00:00,2021-11-17 22:00:00+00:00,122.831,2021-11-18 22:00:00+00:00,123.378,up_close,54.699999999999704,14.24999999999983,-1.2023407519993774,39.247659248000495,32.12265924800058,38.40657788652789
CHF_JPY,-1,92.64015337975741,2021-12-15 22:00:00+00:00,2021-12-16 22:00:00+00:00,123.689,2021-12-19 22:00:00+00:00,123.16,down_close,52.899999999999636,14.150000000000063,-0.09027527274419317,38.65972472725538,31.58472472725535,38.18806003393346
CHF_JPY,-1,90.27136534340818,2021-12-21 22:00:00+00:00,2021-12-22 22:00:00+00:00,123.984,2021-12-26 22:00:00+00:00,124.458,down_close,-47.400000000000375,20.000000000000284,-0.18055054548838634,-67.58055054548905,-77.58055054548919,-68.52387993213289
CHF_JPY,-1,95.92856830322923,2021-12-26 22:00:00+00:00,2021-12-27 22:00:00+00:00,125.194,2021-12-28 22:00:00+00:00,125.13,down_close,6.400000000000716,14.799999999999613,-0.09027527274419317,-8.49027527274309,-15.890275272742898,-8.961939966065009
CHF_JPY,-1,96.92785677507898,2021-12-28 22:00:00+00:00,2021-12-29 22:00:00+00:00,125.677,2022-01-03 22:00:00+00:00,125.428,down_close,24.900000000000944,17.099999999999937,-0.2693175774606631,7.530682422540343,-1.0193175774596257,6.11568834257459
CHF_JPY,1,5.871292611288482,2022-01-09 22:00:00+00:00,2022-01-10 22:00:00+00:00,124.219,2022-01-11 22:00:00+00:00,124.858,up_close,63.900000000001,10.099999999999909,-1.2239790228222438,52.57602097717885,47.526020977178895,51.734939615706246
CHF_JPY,1,9.682002771417089,2022-01-24 22:00:00+00:00,2022-01-25 22:00:00+00:00,124.014,2022-01-26 22:00:00+00:00,124.127,up_close,11.299999999999955,19.999999999999574,-3.6719370684667316,-12.371937068466352,-22.37193706846614,-14.89518115288416
CHF_JPY,1,8.03370645297754,2022-01-27 22:00:00+00:00,2022-01-30 22:00:00+00:00,123.802,2022-01-31 22:00:00+00:00,124.132,up_close,32.99999999999983,20.000000000000284,-1.2239790228222438,11.776020977177302,1.7760209771771593,10.934939615704698
CHF_JPY,-1,96.61036763163041,2022-02-02 22:00:00+00:00,2022-02-03 22:00:00+00:00,124.978,2022-02-06 22:00:00+00:00,124.616,down_close,36.19999999999948,14.900000000000091,-0.10387958098219179,21.196120419017195,13.74612041901715,20.724455725695275
CHF_JPY,-1,94.16835728842251,2022-02-09 22:00:00+00:00,2022-02-10 22:00:00+00:00,125.459,2022-02-13 22:00:00+00:00,124.676,down_close,78.30000000000013,19.599999999999795,-0.10387958098219179,58.596120419018135,48.79612041901824,58.12445572569622
CHF_JPY,-1,90.61773672235113,2022-03-13 21:00:00+00:00,2022-03-14 21:00:00+00:00,125.924,2022-03-15 21:00:00+00:00,125.722,down_close,20.20000000000124,16.35000000000062,-0.09980767006462177,3.750192329935998,-4.424807670064312,3.27852763661408
CHF_JPY,-1,97.53331398161424,2022-03-17 21:00:00+00:00,2022-03-20 21:00:00+00:00,127.79,2022-03-27 21:00:00+00:00,131.181,down_close,-339.10000000000053,20.000000000000995,-0.6986536904523524,-359.7986536904539,-369.7986536904544,-363.1003065437073
CHF_JPY,-1,93.18492655324197,2022-03-27 21:00:00+00:00,2022-03-28 21:00:00+00:00,132.611,2022-03-29 21:00:00+00:00,131.909,down_close,70.19999999999982,13.700000000000045,-0.09980767006462177,56.40019232993515,49.55019232993513,55.92852763661323
CHF_JPY,-1,95.33820713133144,2022-04-04 21:00:00+00:00,2022-04-05 21:00:00+00:00,132.89,2022-04-06 21:00:00+00:00,132.675,down_close,21.4999999999975,18.8500000000019,-0.3220502532534247,2.3279497467421755,-7.097050253258773,0.9129556667764223
CHF_JPY,-1,97.6923063414414,2022-04-10 21:00:00+00:00,2022-04-11 21:00:00+00:00,134.69,2022-04-12 21:00:00+00:00,134.333,down_close,35.69999999999993,15.59999999999917,-0.10735008441780823,19.992649915582952,12.192649915583369,19.520985222261036
CHF_JPY,-1,91.59010388842293,2022-04-18 21:00:00+00:00,2022-04-19 21:00:00+00:00,135.438,2022-04-20 21:00:00+00:00,134.797,down_close,64.09999999999911,19.999999999998863,-0.3220502532534247,43.77794974674683,33.777949746747396,42.36295566678107
CHF_JPY,1,6.698901021956289,2022-04-24 21:00:00+00:00,2022-04-25 21:00:00+00:00,133.624,2022-04-27 21:00:00+00:00,132.534,up_close,-109.00000000000034,18.250000000000455,-4.821583881506849,-132.07158388150765,-141.19658388150788,-135.43590932739806
CHF_JPY,1,7.5736345733767365,2022-05-04 21:00:00+00:00,2022-05-05 21:00:00+00:00,132.198,2022-05-12 21:00:00+00:00,127.93,timecap,-426.80000000000007,19.999999999999574,-8.462868408390412,-455.26286840839003,-465.26286840838986,-461.15043793869825
CHF_JPY,-1,92.68980344782791,2022-05-22 21:00:00+00:00,2022-05-23 21:00:00+00:00,132.41,2022-05-24 21:00:00+00:00,132.094,down_close,31.60000000000025,19.999999999998863,-0.10376485359589038,11.496235146405496,1.496235146406065,11.024570453083578
CHF_JPY,-1,96.37207684005615,2022-05-29 21:00:00+00:00,2022-05-30 21:00:00+00:00,133.111,2022-06-06 21:00:00+00:00,135.889,down_close,-277.800000000002,17.599999999998772,-1.3764233000244606,-296.7764233000252,-305.5764233000246,-300.07807615327863
CHF_JPY,-1,98.68591044080588,2022-06-06 21:00:00+00:00,2022-06-07 21:00:00+00:00,136.312,2022-06-09 21:00:00+00:00,137.03,down_close,-71.79999999999893,20.000000000000284,-0.8484389642857134,-92.64843896428494,-102.64843896428508,-94.5350977375726
CHF_JPY,1,7.806971039899295,2022-06-12 21:00:00+00:00,2022-06-13 21:00:00+00:00,134.85,2022-06-14 21:00:00+00:00,135.236,up_close,38.59999999999957,19.999999999998863,-1.1006363137230923,17.49936368627761,7.499363686278181,16.65828232480501
CHF_JPY,-1,92.98370188701918,2022-06-16 21:00:00+00:00,2022-06-19 21:10:00+00:00,139.089,2022-06-23 21:00:00+00:00,140.453,down_close,-136.40000000000043,19.999999999998863,-1.2726584464285702,-157.67265844642787,-167.6726584464273,-160.50264660635938
CHF_JPY,-1,94.27466524205039,2022-06-28 21:00:00+00:00,2022-06-29 21:00:00+00:00,143.004,2022-06-30 21:00:00+00:00,142.038,down_close,96.59999999999798,17.900000000000205,-0.21210974107142835,78.48789025892634,69.53789025892624,78.01622556560443
CHF_JPY,1,5.726302870342295,2022-07-06 21:00:00+00:00,2022-07-07 21:00:00+00:00,139.704,2022-07-11 21:00:00+00:00,139.873,up_close,16.899999999998272,20.000000000000284,-1.7902712215753427,-4.890271221577355,-14.890271221577496,-6.572433944522561
CHF_JPY,-1,91.36506252065345,2022-07-13 21:00:00+00:00,2022-07-14 21:00:00+00:00,141.206,2022-07-18 21:00:00+00:00,141.239,down_close,-3.300000000001546,20.000000000000284,-0.8352208880136986,-24.135220888015528,-34.135220888015674,-25.078550274659364
CHF_JPY,1,7.688659946515031,2022-07-28 21:00:00+00:00,2022-07-31 21:00:00+00:00,140.212,2022-08-02 21:00:00+00:00,139.064,up_close,-114.79999999999961,16.00000000000108,-1.6893833276774597,-132.48938332767815,-140.4893833276787,-134.17154605062336
CHF_JPY,-1,93.66630906182674,2022-08-07 21:00:00+00:00,2022-08-08 21:00:00+00:00,141.271,2022-08-10 21:00:00+00:00,140.959,down_close,31.19999999999834,19.999999999998863,-1.872217563823163,9.327782436176314,-0.6722175638231176,7.441123662888643
CHF_JPY,-1,93.84206762042706,2022-08-18 21:00:00+00:00,2022-08-21 21:00:00+00:00,142.835,2022-08-22 21:00:00+00:00,142.62,down_close,21.50000000000034,20.000000000000284,-0.46805439095579077,1.031945609044266,-8.968054390955876,0.5602809157223483
CHF_JPY,-1,93.16657392409871,2022-08-28 21:00:00+00:00,2022-08-29 21:00:00+00:00,143.324,2022-08-30 21:00:00+00:00,142.365,down_close,95.90000000000032,20.000000000000284,-0.46805439095579077,75.43194560904425,65.4319456090441,74.96028091572232
CHF_JPY,-1,97.59238581166822,2022-09-05 21:00:00+00:00,2022-09-06 21:00:00+00:00,145.142,2022-09-11 21:00:00+00:00,148.183,down_close,-304.0999999999997,20.000000000000284,-2.900244894691781,-327.0002448946917,-337.00024489469195,-329.3585683613013
CHF_JPY,-1,98.32869210894161,2022-09-11 21:00:00+00:00,2022-09-12 21:00:00+00:00,149.804,2022-09-14 21:00:00+00:00,148.82,down_close,98.40000000000089,20.000000000000284,-2.3201959157534247,76.07980408424717,66.07980408424703,74.19314531095951
CHF_JPY,1,5.499473127623546,2022-09-21 21:00:00+00:00,2022-09-22 21:00:00+00:00,145.58,2022-09-25 21:00:00+00:00,146.134,up_close,55.39999999999736,20.000000000000284,-0.7326970758561646,34.66730292414091,24.66730292414077,33.82622156266831
CHF_JPY,-1,96.5085634619055,2022-10-16 21:00:00+00:00,2022-10-17 21:00:00+00:00,149.653,2022-10-19 21:00:00+00:00,149.3,down_close,35.29999999999802,35.000000000002274,-3.1635525198630137,-2.8635525198672656,-20.363552519868403,-4.750211293154937
CHF_JPY,1,4.429922317848977,2022-11-02 21:00:00+00:00,2022-11-03 21:00:00+00:00,146.369,2022-11-06 22:00:00+00:00,147.297,up_close,92.79999999999973,30.000000000001137,-0.5062759601027398,62.29372403989585,47.29372403989528,61.452642678423246
CHF_JPY,1,9.394379264019548,2022-11-27 22:00:00+00:00,2022-11-28 22:00:00+00:00,146.376,2022-11-30 22:00:00+00:00,146.022,up_close,-35.40000000000134,22.100000000000364,-2.025103840410959,-59.52510384041266,-70.57510384041285,-62.88942928630308
CHF_JPY,1,8.011306521497659,2022-12-01 22:00:00+00:00,2022-12-04 22:00:00+00:00,143.404,2022-12-05 22:00:00+00:00,145.168,up_close,176.400000000001,25.199999999999534,-0.3963202139729288,150.80367978602854,138.20367978602877,149.96259842455592
CHF_JPY,-1,94.8007129186498,2022-12-11 22:00:00+00:00,2022-12-12 22:00:00+00:00,147.096,2022-12-13 22:00:00+00:00,146.097,down_close,99.89999999999952,25.40000000000049,-0.9164258408215917,73.58357415917745,60.8835741591772,73.11190946585552
CHF_JPY,1,4.9760577026850825,2023-01-02 22:00:00+00:00,2023-01-03 22:00:00+00:00,139.987,2023-01-04 22:00:00+00:00,142.656,up_close,266.9000000000011,28.199999999999648,-0.8570967057485324,237.84290329425292,223.7429032942531,235.31965920983512
CHF_JPY,1,4.9080518167711205,2023-01-11 22:00:00+00:00,2023-01-12 22:00:00+00:00,139.287,2023-01-16 22:00:00+00:00,138.737,up_close,-55.00000000000114,35.00000000000085,-0.571397803832355,-90.57139780383434,-108.07139780383477,-92.25356052677955
CHF_JPY,-1,90.42085272977867,2023-01-22 22:00:00+00:00,2023-01-23 22:00:00+00:00,141.64,2023-01-24 22:00:00+00:00,141.119,down_close,52.09999999999866,19.4500000000005,-1.0270471528783431,31.622952847119816,21.897952847119566,31.151288153797896
CHF_JPY,-1,91.34278628230489,2023-02-13 22:00:00+00:00,2023-02-14 22:00:00+00:00,144.561,2023-02-16 22:00:00+00:00,144.738,down_close,-17.69999999999925,26.00000000000051,-4.134874285616439,-47.8348742856162,-60.83487428561646,-49.72153305890387
CHF_JPY,1,9.404790290848055,2023-02-22 22:00:00+00:00,2023-02-23 22:00:00+00:00,144.293,2023-02-26 22:00:00+00:00,145.114,up_close,82.0999999999998,29.449999999999932,-0.2790274833904111,52.370972516609456,37.64597251660949,51.52989115513685
CHF_JPY,-1,92.30067697257134,2023-03-05 22:00:00+00:00,2023-03-06 22:00:00+00:00,146.042,2023-03-07 22:00:00+00:00,145.551,down_close,49.10000000000139,35.000000000002274,-1.233290505059856,12.866709494939258,-4.633290505061879,12.39504480161734
CHF_JPY,-1,93.37966287640431,2023-03-09 22:00:00+00:00,2023-03-12 21:00:00+00:00,146.244,2023-03-13 21:00:00+00:00,146.3,down_close,-5.60000000000116,25.250000000001194,-1.233290505059856,-32.08329050506221,-44.708290505062806,-32.55495519838413
CHF_JPY,-1,94.60021287974244,2023-04-09 21:00:00+00:00,2023-04-10 21:00:00+00:00,147.222,2023-04-17 21:00:00+00:00,149.781,timecap,-255.89999999999975,34.99999999999943,-8.958043942294518,-299.8580439422937,-317.3580439422934,-303.1596967955471
CHF_JPY,-1,97.96623000675969,2023-04-17 21:00:00+00:00,2023-04-18 21:00:00+00:00,149.757,2023-04-23 21:00:00+00:00,150.13,down_close,-37.299999999999045,27.04999999999984,-6.398602815924656,-70.74860281592355,-84.27360281592347,-73.10692628253314
CHF_JPY,-1,94.73712476735989,2023-04-23 21:00:00+00:00,2023-04-24 21:00:00+00:00,151.121,2023-04-25 21:00:00+00:00,150.198,down_close,92.30000000000018,27.85000000000082,-1.2797205631849313,63.17027943681443,49.24527943681402,62.69861474349251
CHF_JPY,-1,90.71056935924113,2023-04-27 21:00:00+00:00,2023-04-30 21:00:00+00:00,152.329,2023-05-02 21:00:00+00:00,152.962,down_close,-63.299999999998136,35.00000000000085,-2.59915445239726,-100.89915445239625,-118.39915445239667,-101.84248383904009
CHF_JPY,1,6.826780940326344,2023-05-10 21:00:00+00:00,2023-05-11 21:00:00+00:00,150.4,2023-05-14 21:00:00+00:00,151.386,up_close,98.599999999999,34.99999999999943,-0.013168828595890568,63.58683117140368,46.086831171403965,62.74574980993108
CHF_JPY,-1,95.69091553693998,2023-05-16 21:00:00+00:00,2023-05-17 21:00:00+00:00,153.195,2023-05-23 21:00:00+00:00,153.743,down_close,-54.80000000000018,4.099999999999682,-5.19830890479452,-64.09830890479438,-66.14830890479422,-65.98496767808206
CHF_JPY,-1,93.80772147564613,2023-05-25 21:00:00+00:00,2023-05-28 21:00:00+00:00,155.356,2023-05-29 21:00:00+00:00,155.278,down_close,7.800000000000296,14.000000000000057,-1.29957722619863,-7.499577226198391,-14.49957722619842,-7.97124191952031
CHF_JPY,1,7.505824121542545,2023-05-30 21:00:00+00:00,2023-05-31 21:00:00+00:00,153.004,2023-06-01 21:00:00+00:00,153.272,up_close,26.800000000000068,4.049999999999443,0.07257585259962891,22.822575852600256,20.797575852600534,21.981494491127652
CHF_JPY,-1,90.04716054090886,2023-06-07 21:00:00+00:00,2023-06-08 21:00:00+00:00,154.492,2023-06-11 21:00:00+00:00,154.356,down_close,13.599999999999568,18.650000000000944,-1.3853219073941496,-6.435321907395525,-15.760321907395998,-6.906986600717444
CHF_JPY,-1,96.010187234642,2023-06-14 21:00:00+00:00,2023-06-15 21:00:00+00:00,157.29,2023-06-19 21:00:00+00:00,158.508,down_close,-121.80000000000177,5.8000000000006935,-2.7706438147882992,-130.37064381479075,-133.2706438147911,-131.3139732014346
CHF_JPY,-1,90.00268229466742,2023-06-25 21:00:00+00:00,2023-06-26 21:00:00+00:00,160.21,2023-06-28 21:00:00+00:00,161.006,down_close,-79.59999999999923,10.349999999999682,-5.5412876295765985,-95.49128762957551,-100.66628762957535,-97.37794640286317
CHF_JPY,1,2.2711239342047804,2023-07-06 21:00:00+00:00,2023-07-09 21:00:00+00:00,159.914,2023-07-12 21:00:00+00:00,159.654,up_close,-25.99999999999909,15.400000000001057,0.6649913707191772,-40.73500862928097,-48.4350086292815,-44.94041543664399
CHF_JPY,-1,91.24944411751311,2023-07-12 21:00:00+00:00,2023-07-13 21:00:00+00:00,160.767,2023-07-20 21:00:00+00:00,161.54,down_close,-77.29999999999961,13.19999999999908,-10.120210302568491,-100.62021030256719,-107.22021030256673,-103.92186315582062
CHF_JPY,1,8.808740644773962,2023-07-26 21:00:00+00:00,2023-07-27 21:00:00+00:00,160.491,2023-07-30 21:00:00+00:00,162.247,up_close,175.60000000000002,22.799999999998022,0.13299827414383544,152.93299827414583,141.53299827414682,152.09191691267324
CHF_JPY,-1,96.32085021225191,2023-08-09 21:00:00+00:00,2023-08-10 21:00:00+00:00,165.102,2023-08-15 21:00:00+00:00,165.79,down_close,-68.79999999999882,23.749999999999716,-4.445241199268373,-96.9952411992669,-108.87024119926676,-98.41023527923267
CHF_JPY,-1,98.21914868576845,2023-08-15 21:00:00+00:00,2023-08-16 21:00:00+00:00,166.204,2023-08-17 21:00:00+00:00,166.014,down_close,18.999999999999773,15.399999999999636,-1.481747066422791,2.1182529335773452,-5.581747066422473,1.6465882402554275
CHF_JPY,-1,94.1001533727068,2023-08-29 21:00:00+00:00,2023-08-30 21:00:00+00:00,166.455,2023-08-31 21:00:00+00:00,164.752,down_close,170.3000000000003,26.74999999999983,-1.481747066422791,142.06825293357767,128.69325293357775,141.59658824025576
CHF_JPY,1,7.883756382750761,2023-09-26 21:00:00+00:00,2023-09-27 21:00:00+00:00,162.48,2023-09-28 21:00:00+00:00,163.179,up_close,69.90000000000123,16.899999999999693,0.16498956455479438,53.16498956455633,44.71498956455648,52.323908203083725
CHF_JPY,1,7.946153379701585,2023-10-02 21:00:00+00:00,2023-10-03 21:00:00+00:00,161.808,2023-10-04 21:00:00+00:00,162.592,up_close,78.40000000000202,8.150000000000546,0.4387081484589037,70.68870814846038,66.6137081484601,68.16546406404257
CHF_JPY,-1,90.04120165338955,2023-10-05 21:00:00+00:00,2023-10-08 21:00:00+00:00,163.948,2023-10-09 21:00:00+00:00,163.806,down_close,14.19999999999959,16.499999999999204,-1.4589821042808218,-3.7589821042804354,-12.008982104280037,-4.230646797602353
CHF_JPY,-1,94.30042562778979,2023-10-10 21:00:00+00:00,2023-10-11 21:00:00+00:00,165.378,2023-10-12 21:00:00+00:00,164.845,down_close,53.299999999998704,9.249999999998693,-1.4589821042808218,42.59101789571919,37.966017895719844,42.11935320239727
CHF_JPY,-1,92.28659188083567,2023-10-16 21:00:00+00:00,2023-10-17 21:00:00+00:00,166.423,2023-10-22 21:00:00+00:00,168.03,down_close,-160.69999999999993,15.250000000000341,-7.294910521404109,-183.2449105214044,-190.86991052140456,-185.60323398801398
CHF_JPY,-1,91.63809120300328,2023-10-22 21:00:00+00:00,2023-10-23 21:00:00+00:00,168.014,2023-10-24 21:00:00+00:00,167.85,down_close,16.40000000000157,4.349999999999454,-1.4589821042808218,10.591017895721293,8.416017895721566,10.119353202399374
CHF_JPY,1,1.7285588956848699,2023-10-26 21:00:00+00:00,2023-10-29 21:00:00+00:00,165.808,2023-10-31 21:00:00+00:00,166.575,up_close,76.69999999999959,20.09999999999934,0.29247209897260246,56.89247209897285,46.84247209897318,55.210309376027645
CHF_JPY,-1,90.54169718845216,2023-11-06 22:00:00+00:00,2023-11-07 22:00:00+00:00,167.163,2023-11-09 22:00:00+00:00,167.62,down_close,-45.69999999999936,17.099999999999227,-5.740656549128264,-68.54065654912685,-77.09065654912646,-70.42731532241453
CHF_JPY,-1,96.94545847858146,2023-11-13 22:00:00+00:00,2023-11-14 22:00:00+00:00,169.15,2023-11-16 22:00:00+00:00,169.502,down_close,-35.20000000000039,15.550000000000352,-5.740656549128264,-56.490656549129,-64.26565654912918,-58.37731532241668
CHF_JPY,1,3.7498142994638357,2023-12-06 22:00:00+00:00,2023-12-07 22:00:00+00:00,164.628,2023-12-10 22:00:00+00:00,164.568,up_close,-5.999999999997385,23.099999999999454,0.07701351592465744,-29.02298648407218,-40.57298648407191,-29.864067845544785
CHF_JPY,1,9.457915706025275,2023-12-14 22:00:00+00:00,2023-12-17 22:00:00+00:00,163.358,2023-12-18 22:00:00+00:00,164.688,up_close,132.9999999999984,13.949999999999818,0.07701351592465744,119.12701351592325,112.15201351592334,118.28593215445065
CHF_JPY,-1,92.29002648899338,2023-12-18 22:00:00+00:00,2023-12-19 22:00:00+00:00,167.06,2023-12-20 22:00:00+00:00,166.408,down_close,65.20000000000152,5.099999999998772,-4.169278712157534,55.930721287845216,53.38072128784583,54.515727207879465
CHF_JPY,-1,94.72779430257415,2023-12-26 22:00:00+00:00,2023-12-27 22:00:00+00:00,168.212,2023-12-28 22:00:00+00:00,167.412,down_close,79.9999999999983,6.450000000000955,-1.389759570719178,72.16024042927816,68.93524042927768,71.68857573595625
CHF_JPY,-1,91.76737091146504,2024-01-03 22:00:00+00:00,2024-01-04 22:00:00+00:00,170.13,2024-01-07 22:00:00+00:00,170.152,down_close,-2.199999999999136,9.649999999999181,-1.4089201999103091,-13.258920199908626,-18.083920199908217,-13.730584893230544
CHF_JPY,1,5.625596418010417,2024-02-06 22:00:00+00:00,2024-02-07 22:00:00+00:00,169.446,2024-02-08 22:00:00+00:00,170.97,up_close,152.4000000000001,21.750000000000114,0.09990383578767126,130.74990383578765,119.87490383578759,129.90882247431506
CHF_JPY,-1,92.19991956908588,2024-02-27 22:00:00+00:00,2024-02-28 22:00:00+00:00,171.464,2024-02-29 22:00:00+00:00,169.572,down_close,189.1999999999996,8.250000000001023,-1.412649890582192,179.53735010941637,175.41235010941585,179.06568541609445
CHF_JPY,1,4.128103946945984,2024-03-06 22:00:00+00:00,2024-03-07 22:00:00+00:00,168.662,2024-03-12 21:00:00+00:00,168.241,up_close,-42.09999999999923,25.00000000000142,-0.07756508989726063,-67.17756508989791,-79.67756508989862,-69.70080917431572
CHF_JPY,1,8.562536289806587,2024-03-25 21:00:00+00:00,2024-03-26 21:00:00+00:00,167.626,2024-03-28 21:00:00+00:00,167.83,up_close,20.400000000000773,15.749999999999886,-0.10342011986301418,4.546579880137872,-3.3284201198620704,1.1822544342474615
CHF_JPY,1,7.808999865856222,2024-04-01 21:00:00+00:00,2024-04-02 21:00:00+00:00,167.011,2024-04-03 21:00:00+00:00,167.922,up_close,91.10000000000014,15.350000000000819,-0.16857479537671272,75.5814252046226,67.9064252046222,73.0581811202048
CHF_JPY,-1,93.19790598391214,2024-04-18 21:00:00+00:00,2024-04-21 21:00:00+00:00,169.861,2024-04-22 21:00:00+00:00,169.78,down_close,8.099999999998886,15.999999999999659,-1.2565544563356164,-9.156554456336389,-17.15655445633622,-9.628219149658307
CHF_JPY,-1,96.36799141557606,2024-04-24 21:00:00+00:00,2024-04-25 21:00:00+00:00,170.638,2024-04-29 21:00:00+00:00,171.71,down_close,-107.20000000000027,11.550000000001148,-2.5131089126712327,-121.26310891267265,-127.03810891267322,-122.20643829931649
CHF_JPY,-1,93.23855692847242,2024-05-07 21:00:00+00:00,2024-05-08 21:00:00+00:00,171.253,2024-05-15 21:00:00+00:00,171.613,down_close,-36.000000000001364,23.399999999999466,-8.795881194349315,-68.19588119435015,-79.89588119434988,-71.49753404760357
CHF_JPY,-1,95.85608883412296,2024-05-27 21:00:00+00:00,2024-05-28 21:00:00+00:00,172.208,2024-06-03 21:00:00+00:00,174.302,down_close,-209.3999999999994,26.35000000000076,-7.499061838013698,-243.24906183801386,-256.42406183801427,-246.0790499979454
CHF_JPY,-1,90.86915713067337,2024-06-05 21:00:00+00:00,2024-06-06 21:00:00+00:00,174.986,2024-06-09 21:00:00+00:00,174.842,down_close,14.399999999997704,17.650000000001853,-1.2162895563356166,-4.466289556339766,-13.291289556340693,-4.937954249661684
CHF_JPY,-1,94.29434336003975,2024-06-12 21:00:00+00:00,2024-06-13 21:00:00+00:00,175.71,2024-06-20 21:00:00+00:00,178.33,down_close,-262.00000000000045,26.449999999999818,-8.514026894349318,-296.9640268943496,-310.1890268943495,-300.26567974760303
CHF_JPY,1,7.458058494764259,2024-07-10 21:00:00+00:00,2024-07-11 21:00:00+00:00,177.219,2024-07-16 21:00:00+00:00,177.123,up_close,-9.600000000000364,14.099999999999113,-0.6774377573183367,-24.377437757317814,-31.42743775731737,-26.900681841735622
CHF_JPY,1,3.162566485469881,2024-07-22 21:00:00+00:00,2024-07-23 21:00:00+00:00,174.557,2024-07-25 21:00:00+00:00,174.611,up_close,5.400000000000205,20.699999999999363,-0.9032503430911155,-16.203250343090275,-26.553250343089957,-19.567575788980687
CHF_JPY,1,7.501480820240388,2024-07-29 21:00:00+00:00,2024-07-30 21:00:00+00:00,172.996,2024-08-01 21:00:00+00:00,171.072,up_close,-192.40000000000066,21.14999999999867,-1.0554880027387548,-214.60548800273807,-225.1804880027374,-217.96981344862849
CHF_JPY,1,3.9625034495926883,2024-08-04 21:00:00+00:00,2024-08-05 21:00:00+00:00,169.148,2024-08-06 21:00:00+00:00,169.513,up_close,36.50000000000091,22.449999999999193,-0.3780502454204181,13.671949754581298,2.446949754581702,12.830868393108696
CHF_JPY,-1,92.71437812545334,2024-08-21 21:00:00+00:00,2024-08-22 21:00:00+00:00,171.659,2024-08-25 21:00:00+00:00,170.181,down_close,147.79999999999802,16.399999999998727,-0.9346958093741025,130.4653041906252,122.26530419062583,129.99363949730326
CHF_JPY,1,8.020471503890406,2024-09-05 21:00:00+00:00,2024-09-08 21:00:00+00:00,168.795,2024-09-15 21:00:00+00:00,165.858,timecap,-293.69999999999834,11.650000000000205,-2.8175087988013607,-308.16750879879993,-313.99250879880003,-314.05507832910814
CHF_JPY,-1,96.86679214808935,2024-09-19 21:00:00+00:00,2024-09-22 21:00:00+00:00,169.24,2024-09-24 21:00:00+00:00,169.853,data_end,-61.299999999999955,17.499999999998295,-1.8204895956457956,-80.62048959564405,-89.37048959564319,-81.56381898228788
EUR_GBP,-1,95.25073169753823,2020-11-26 22:00:00+00:00,2020-11-29 22:00:00+00:00,0.8971,2020-11-30 22:00:00+00:00,0.89522,down_close,18.799999999999926,12.199999999999989,-0.12307428780821927,6.4769257121917185,0.3769257121917239,6.224271213013636
EUR_GBP,-1,92.88444923856159,2020-12-01 22:00:00+00:00,2020-12-02 22:00:00+00:00,0.90616,2020-12-03 22:00:00+00:00,0.90302,down_close,31.399999999999206,14.999999999999458,-0.12412740493150694,16.275872595068243,8.775872595068513,16.02321809589016
EUR_GBP,-1,90.68590122085868,2020-12-21 22:00:00+00:00,2020-12-22 22:00:00+00:00,0.9108,2020-12-23 22:00:00+00:00,0.90259,down_close,82.1000000000005,14.999999999999458,-0.3723822147945208,66.72761778520652,59.227617785206796,65.96965428767228
EUR_GBP,1,9.178469493256586,2020-12-23 22:00:00+00:00,2020-12-27 22:00:00+00:00,0.89942,2020-12-28 22:00:00+00:00,0.90837,up_close,89.50000000000013,15.000000000000014,-0.37668829369863005,74.12331170630148,66.62331170630148,73.87515050684942
EUR_GBP,1,9.79107990352989,2020-12-30 22:00:00+00:00,2021-01-03 22:00:00+00:00,0.89637,2021-01-04 22:00:00+00:00,0.90282,up_close,64.49999999999956,7.849999999999802,-0.3767350989041095,56.27326490109565,52.34826490109575,56.025103701643594
EUR_GBP,1,4.252842268246766,2021-01-11 22:00:00+00:00,2021-01-12 22:00:00+00:00,0.8933,2021-01-17 22:00:00+00:00,0.88831,up_close,-49.89999999999939,10.499999999999954,-1.8836754945205474,-62.28367549451988,-67.53367549451987,-63.52448149178016
EUR_GBP,1,7.8900561128265565,2021-01-27 22:00:00+00:00,2021-01-28 22:00:00+00:00,0.88342,2021-01-31 22:00:00+00:00,0.88502,up_close,16.00000000000046,9.49999999999951,-0.3767350989041095,6.123264901096839,1.3732649010970843,5.875103701644784
EUR_GBP,1,6.570793393061734,2021-02-03 22:00:00+00:00,2021-02-04 22:00:00+00:00,0.87543,2021-02-07 22:00:00+00:00,0.8776,up_close,21.700000000000053,11.750000000000371,-0.37654787808219176,9.573452121917489,3.698452121917303,9.325290922465435
EUR_GBP,1,6.841267106771241,2021-02-15 22:00:00+00:00,2021-02-16 22:00:00+00:00,0.87082,2021-02-23 22:00:00+00:00,0.86106,timecap,-97.59999999999991,8.00000000000023,-2.6358351465753422,-108.23583514657548,-112.2358351465756,-109.97296354273986
EUR_GBP,1,0.16059695951940967,2021-02-23 22:00:00+00:00,2021-02-24 22:00:00+00:00,0.86065,2021-02-25 22:00:00+00:00,0.8682,up_close,75.49999999999945,8.149999999999547,-0.37654787808219176,66.9734521219177,62.898452121917934,66.72529092246565
EUR_GBP,1,9.955060597596969,2021-03-03 22:00:00+00:00,2021-03-04 22:00:00+00:00,0.86136,2021-03-07 22:00:00+00:00,0.86245,up_close,10.900000000000354,15.000000000000568,-0.37654787808219176,-4.476547878082406,-11.976547878082691,-4.724709077534461
EUR_GBP,1,2.756124539209722,2021-03-07 22:00:00+00:00,2021-03-08 22:00:00+00:00,0.85709,2021-03-11 22:00:00+00:00,0.85648,up_close,-6.099999999999994,9.700000000000264,-1.8827393904109588,-17.682739390411218,-22.532739390411347,-18.92354538767149
EUR_GBP,-1,94.8138104551198,2021-03-23 21:00:00+00:00,2021-03-24 21:00:00+00:00,0.86324,2021-03-25 21:00:00+00:00,0.85643,down_close,68.09999999999982,7.150000000000212,-0.12426782054794529,60.82573217945167,57.25073217945156,60.573077680273585
EUR_GBP,1,4.8504441816292,2021-03-29 21:00:00+00:00,2021-03-30 21:00:00+00:00,0.85287,2021-04-01 21:00:00+00:00,0.85126,up_close,-16.1,9.000000000000119,-1.506191512328767,-26.606191512328888,-31.106191512328945,-27.59883631013711
EUR_GBP,1,7.084271059188836,2021-04-01 21:00:00+00:00,2021-04-04 21:00:00+00:00,0.85076,2021-04-06 21:00:00+00:00,0.85916,up_close,84.00000000000074,9.850000000000136,-0.7530957561643835,73.39690424383622,68.47190424383615,72.9005818449321
EUR_GBP,-1,95.73849511046699,2021-04-06 21:00:00+00:00,2021-04-07 21:00:00+00:00,0.86395,2021-04-12 21:00:00+00:00,0.86679,down_close,-28.399999999999537,9.64999999999938,-0.3728034616438359,-38.42280346164275,-43.24780346164244,-39.180766959177
EUR_GBP,1,4.1563550247009005,2021-04-18 21:00:00+00:00,2021-04-19 21:00:00+00:00,0.86068,2021-04-20 21:00:00+00:00,0.8635,up_close,28.200000000000447,10.199999999999655,-0.37654787808219176,17.6234521219186,12.523452121918773,17.375290922466547
EUR_GBP,-1,93.64121770361143,2021-04-22 21:00:00+00:00,2021-04-25 21:00:00+00:00,0.87146,2021-04-26 21:00:00+00:00,0.8697,down_close,17.599999999999838,13.44999999999985,-0.12426782054794529,4.025732179452042,-2.699267820547884,3.7730776802739605
EUR_GBP,1,5.66682185926102,2021-05-03 21:00:00+00:00,2021-05-04 21:00:00+00:00,0.8651,2021-05-06 21:00:00+00:00,0.86848,up_close,33.800000000000495,12.349999999999861,-1.5070340060273968,19.94296599397324,13.767965993973306,18.95032119616502
EUR_GBP,-1,92.15338478652015,2021-05-24 21:00:00+00:00,2021-05-25 21:00:00+00:00,0.8659,2021-05-26 21:00:00+00:00,0.8634,down_close,25.000000000000576,9.500000000000064,-0.3721715913698633,15.127828408630648,10.377828408630617,14.369864911096402
EUR_GBP,-1,92.8886338114595,2021-06-08 21:00:00+00:00,2021-06-09 21:00:00+00:00,0.86274,2021-06-10 21:00:00+00:00,0.8591,down_close,36.399999999999764,12.349999999999861,-0.12398698931506857,23.926013010684837,17.751013010684904,23.673358511506756
EUR_GBP,1,7.271847033228013,2021-07-06 21:00:00+00:00,2021-07-07 21:00:00+00:00,0.85425,2021-07-08 21:00:00+00:00,0.8595,up_close,52.500000000000874,12.849999999999806,-0.37701593013698625,39.27298406986409,32.84798406986418,39.02482287041203
EUR_GBP,-1,90.84179497734071,2021-07-15 21:00:00+00:00,2021-07-18 21:00:00+00:00,0.85708,2021-07-21 21:00:00+00:00,0.85993,down_close,-28.500000000000192,14.999999999999458,-0.6189988424657539,-44.11899884246541,-51.61899884246513,-45.382271338355814
EUR_GBP,1,8.867774546762107,2021-07-26 21:00:00+00:00,2021-07-27 21:00:00+00:00,0.85116,2021-07-28 21:00:00+00:00,0.852,up_close,8.399999999999519,9.149999999999991,-1.1310477904109588,-1.8810477904114313,-6.456047790411427,-2.6255313887675955
EUR_GBP,1,7.461756655193128,2021-08-04 21:00:00+00:00,2021-08-05 21:00:00+00:00,0.84946,2021-08-11 21:00:00+00:00,0.84632,up_close,-31.400000000000315,12.599999999999834,-2.2618147495890413,-46.26181474958919,-52.56181474958911,-47.750781946301515
EUR_GBP,-1,91.99264876366976,2021-08-15 21:00:00+00:00,2021-08-16 21:00:00+00:00,0.85088,2021-08-18 21:00:00+00:00,0.85147,down_close,-5.899999999999794,9.449999999999736,-0.4953862947945209,-15.845386294794052,-20.57038629479392,-16.85600429150638
EUR_GBP,-1,94.9513452437579,2021-08-18 21:00:00+00:00,2021-08-19 21:00:00+00:00,0.8557,2021-08-23 21:00:00+00:00,0.85608,down_close,-3.7999999999993594,15.000000000000568,-0.24769314739726045,-19.047693147397187,-26.54769314739747,-19.55300214575335
EUR_GBP,-1,92.7423316528787,2021-08-31 21:00:00+00:00,2021-09-01 21:00:00+00:00,0.85989,2021-09-02 21:00:00+00:00,0.85835,down_close,15.400000000000968,6.999999999999784,-0.12394018410958915,8.276059815891596,4.776059815891703,8.023405316713514
EUR_GBP,1,6.693560156811671,2021-09-09 21:00:00+00:00,2021-09-12 21:00:00+00:00,0.8533,2021-09-14 21:00:00+00:00,0.85484,up_close,15.400000000000968,14.999999999999458,-0.7537510290410957,-0.35375102903958544,-7.853751029039314,-0.8500734279436948
EUR_GBP,-1,94.46962919085311,2021-09-19 21:00:00+00:00,2021-09-20 21:00:00+00:00,0.8586,2021-09-21 21:00:00+00:00,0.85841,down_close,1.9000000000002348,14.599999999999614,-0.12394018410958915,-12.823940184108968,-20.12394018410878,-13.07659468328705
EUR_GBP,1,6.01618070289102,2021-10-04 21:00:00+00:00,2021-10-05 21:00:00+00:00,0.85094,2021-10-10 21:00:00+00:00,0.84972,up_close,-12.199999999999989,12.699999999999934,-1.8846115986301366,-26.784611598630057,-33.13461159863002,-28.02541759589033
EUR_GBP,1,2.4247963728855524,2021-10-14 21:00:00+00:00,2021-10-17 21:00:00+00:00,0.8426,2021-10-18 21:00:00+00:00,0.84562,up_close,30.200000000000227,13.000000000000234,-0.3769223197260273,16.823077680273965,10.323077680273848,16.57491648082191
EUR_GBP,-1,90.2757590651149,2021-11-04 21:00:00+00:00,2021-11-07 22:00:00+00:00,0.85742,2021-11-08 22:00:00+00:00,0.85431,down_close,31.09999999999946,10.45000000000018,-0.12468906739726036,20.52531093260202,15.30031093260193,20.27265643342394
EUR_GBP,1,3.8094792832116156,2021-11-14 22:00:00+00:00,2021-11-15 22:00:00+00:00,0.84776,2021-11-18 22:00:00+00:00,0.8425,up_close,-52.59999999999931,12.750000000000261,-1.8806331561643832,-67.23063315616395,-73.60563315616409,-68.47143915342423
EUR_GBP,-1,96.2183843923489,2021-11-25 22:00:00+00:00,2021-11-28 22:00:00+00:00,0.84732,2021-11-29 22:00:00+00:00,0.84792,down_close,-6.000000000000449,12.400000000000189,-0.12468906739726036,-18.524689067397897,-24.724689067397993,-18.77734356657598
EUR_GBP,-1,92.81694228162071,2021-11-29 22:00:00+00:00,2021-11-30 22:00:00+00:00,0.8526,2021-12-02 22:00:00+00:00,0.8496,down_close,30.000000000000025,10.150000000000436,-0.435756463013699,19.41424353698589,14.339243536985672,18.403625540273563
EUR_GBP,1,9.23854690778991,2021-12-16 22:00:00+00:00,2021-12-19 22:00:00+00:00,0.84876,2021-12-20 22:00:00+00:00,0.85447,up_close,57.09999999999992,12.199999999999434,-0.39187658287671223,44.50812341712378,38.40812341712406,44.25996221767172
EUR_GBP,1,9.74886888176799,2021-12-22 22:00:00+00:00,2021-12-23 22:00:00+00:00,0.8448,2021-12-26 22:00:00+00:00,0.84431,up_close,-4.899999999999904,15.000000000000568,-0.39187658287671223,-20.291876582877187,-27.79187658287747,-20.540037782329243
EUR_GBP,1,9.999618695890021,2021-12-26 22:00:00+00:00,2021-12-27 22:00:00+00:00,0.84275,2022-01-02 22:00:00+00:00,0.84068,up_close,-20.700000000000163,11.950000000000017,-2.351259497260273,-35.00125949726045,-40.97625949726046,-36.49022669397278
EUR_GBP,1,7.039451379917807,2022-01-03 22:00:00+00:00,2022-01-04 22:00:00+00:00,0.83424,2022-01-05 22:00:00+00:00,0.83448,up_close,2.4000000000001798,7.800000000000584,-1.2329895279452052,-6.632989527945609,-10.532989527945903,-7.377473126301774
EUR_GBP,1,9.679767181302537,2022-01-27 22:00:00+00:00,2022-01-30 22:00:00+00:00,0.83177,2022-01-31 22:00:00+00:00,0.83525,up_close,34.80000000000039,9.699999999999708,-0.41099650931506837,24.68900349068561,19.839003490685755,24.440842291233558
EUR_GBP,-1,94.95904757915334,2022-02-03 22:00:00+00:00,2022-02-06 22:00:00+00:00,0.84678,2022-02-07 22:00:00+00:00,0.8452,down_close,15.800000000000258,8.099999999999774,-0.03737395657534257,7.662626043425142,3.6126260434252546,7.4099715442470595
EUR_GBP,1,8.10418305409334,2022-02-10 22:00:00+00:00,2022-02-13 22:00:00+00:00,0.83654,2022-02-15 22:00:00+00:00,0.83922,up_close,26.800000000000157,12.099999999999888,-0.9268834841095889,13.773116515890681,7.7231165158907364,13.27679411698657
EUR_GBP,1,5.768250506451764,2022-02-20 22:00:00+00:00,2022-02-21 22:00:00+00:00,0.83152,2022-02-22 22:00:00+00:00,0.83407,up_close,25.49999999999941,14.200000000000323,-0.46344174205479444,10.836558257944294,3.736558257944132,10.588397058492239
EUR_GBP,-1,95.89187073356081,2022-02-24 22:00:00+00:00,2022-02-27 22:00:00+00:00,0.83559,2022-02-28 22:00:00+00:00,0.83565,down_close,-0.5999999999994898,11.249999999999872,-0.03737395657534257,-11.887373956574704,-17.512373956574642,-12.140028455752788
EUR_GBP,1,8.599347059339962,2022-03-01 22:00:00+00:00,2022-03-02 22:00:00+00:00,0.82945,2022-03-07 22:00:00+00:00,0.82824,up_close,-12.100000000000444,8.150000000000656,-1.4903011450684929,-21.740301145069594,-25.81530114506992,-22.48478474342576
EUR_GBP,-1,94.63152613342793,2022-03-08 22:00:00+00:00,2022-03-09 22:00:00+00:00,0.83999,2022-03-10 22:00:00+00:00,0.83944,down_close,5.5000000000005045,12.750000000000261,-0.0040486502739726735,-7.254048650273729,-13.629048650273859,-7.506703149451812
EUR_GBP,1,7.652971434482225,2022-03-21 21:00:00+00:00,2022-03-22 21:00:00+00:00,0.83145,2022-03-23 21:00:00+00:00,0.834,up_close,25.49999999999941,10.650000000000382,-1.4903011450684929,13.359698854930535,8.034698854930344,12.61521525657437
EUR_GBP,-1,96.8103315134908,2022-03-28 21:00:00+00:00,2022-03-29 21:00:00+00:00,0.84703,2022-03-31 21:00:00+00:00,0.8421,down_close,49.2999999999999,14.649999999999942,-0.016194601095890694,34.633805398904066,27.308805398904095,33.62318740219174
EUR_GBP,1,9.113550415091026,2022-04-04 21:00:00+00:00,2022-04-05 21:00:00+00:00,0.83371,2022-04-10 21:00:00+00:00,0.83766,up_close,39.500000000000085,15.000000000000568,-2.6339629383561642,21.866037061643354,14.366037061643068,20.62523106438308
EUR_GBP,1,5.635966307553289,2022-04-13 21:00:00+00:00,2022-04-14 21:00:00+00:00,0.82812,2022-04-17 21:00:00+00:00,0.8275,up_close,-6.199999999999539,12.04999999999956,-0.5267925876712328,-18.77679258767033,-24.801792587670114,-19.024953787122385
EUR_GBP,-1,92.20454044852305,2022-04-20 21:00:00+00:00,2022-04-21 21:00:00+00:00,0.83169,2022-04-25 21:00:00+00:00,0.84074,down_close,-90.50000000000001,12.649999999999606,0.05195377808219162,-103.09804622191743,-109.42304622191723,-103.6033552202736
EUR_GBP,-1,96.58349572546429,2022-04-25 21:00:00+00:00,2022-04-26 21:00:00+00:00,0.84576,2022-04-27 21:00:00+00:00,0.84176,down_close,40.000000000000036,9.700000000000264,0.07793066712328743,30.377930667123056,25.527930667122927,29.61996716958881
EUR_GBP,-1,92.98867267378837,2022-05-04 21:00:00+00:00,2022-05-05 21:00:00+00:00,0.8527,2022-05-10 21:00:00+00:00,0.85484,down_close,-21.400000000000308,15.000000000000568,0.2360386512328765,-36.163961348768,-43.66396134876828,-36.92192484630224
EUR_GBP,1,6.386764068193187,2022-05-16 21:00:00+00:00,2022-05-17 21:00:00+00:00,0.84448,2022-05-18 21:00:00+00:00,0.84794,up_close,34.600000000000186,12.600000000000389,-1.7384857471232875,20.26151425287651,13.961514252876317,19.517030654520347
EUR_GBP,-1,90.24441332047024,2022-05-23 21:00:00+00:00,2022-05-24 21:00:00+00:00,0.85669,2022-05-25 21:00:00+00:00,0.8491,down_close,75.89999999999985,12.749999999999705,0.2360386512328765,63.38603865123302,57.011038651233164,62.62807515369878
EUR_GBP,-1,91.95802627912173,2022-06-01 21:00:00+00:00,2022-06-02 21:00:00+00:00,0.85444,2022-06-06 21:00:00+00:00,0.85346,down_close,9.799999999999809,11.750000000000371,0.232668676438356,-1.7173313235622063,-7.592331323562393,-2.222640321918371
EUR_GBP,-1,94.38538871281203,2022-06-13 21:00:00+00:00,2022-06-14 21:00:00+00:00,0.86828,2022-06-15 21:00:00+00:00,0.85804,down_close,102.40000000000026,11.749999999999815,0.349003014657534,90.99900301465799,85.12400301465809,90.24103951712374
EUR_GBP,1,3.4986046985556385,2022-07-05 21:00:00+00:00,2022-07-06 21:00:00+00:00,0.85403,2022-07-10 21:00:00+00:00,0.84655,up_close,-74.7999999999993,15.000000000000014,-1.2877048131506847,-91.08770481315,-98.58770481315001,-91.58402721205411
EUR_GBP,-1,92.07108256669059,2022-07-14 21:00:00+00:00,2022-07-17 21:00:00+00:00,0.84963,2022-07-18 21:00:00+00:00,0.84871,down_close,9.200000000000319,14.999999999999458,0.1430367079452054,-5.656963292053934,-13.156963292053662,-5.909617791232016
EUR_GBP,1,4.642384493788072,2022-07-25 21:00:00+00:00,2022-07-26 21:00:00+00:00,0.84121,2022-07-31 21:00:00+00:00,0.8391,up_close,-21.100000000000563,15.000000000000014,-2.6341969643835617,-38.73419696438414,-46.23419696438415,-39.975002961644414
EUR_GBP,-1,90.80727510762986,2022-08-04 21:00:00+00:00,2022-08-07 21:00:00+00:00,0.84298,2022-08-10 21:00:00+00:00,0.84244,down_close,5.399999999999849,13.350000000000307,0.6346785863013698,-7.315321413699088,-13.990321413699242,-8.5785939095895
EUR_GBP,-1,91.0708598747656,2022-08-18 21:00:00+00:00,2022-08-21 21:00:00+00:00,0.84855,2022-08-22 21:00:00+00:00,0.84515,down_close,34.000000000000696,11.849999999999916,0.12693571726027394,22.276935717261054,16.351935717261096,22.024281218082972
EUR_GBP,-1,90.81183263529688,2022-08-28 21:00:00+00:00,2022-08-29 21:00:00+00:00,0.85369,2022-09-01 21:00:00+00:00,0.86152,down_close,-78.30000000000003,11.650000000000272,0.6896513001369862,-89.26034869986331,-95.08534869986345,-90.52362119575373
EUR_GBP,-1,92.35193584747635,2022-09-15 21:00:00+00:00,2022-09-18 21:00:00+00:00,0.8771,2022-09-19 21:00:00+00:00,0.87715,down_close,-0.49999999999994493,15.000000000000568,0.0063889105479451,-15.493611089452568,-22.993611089452852,-15.746265588630651
EUR_GBP,-1,96.02723228533306,2022-09-22 21:00:00+00:00,2022-09-25 21:00:00+00:00,0.89578,2022-09-27 21:00:00+00:00,0.89357,down_close,22.100000000000453,14.400000000000524,0.0127778210958902,7.712777821095818,0.5127778210955563,7.207468822739654
EUR_GBP,1,8.59402058415364,2022-09-29 21:00:00+00:00,2022-10-02 21:00:00+00:00,0.87674,2022-10-04 21:00:00+00:00,0.87032,up_close,-64.1999999999998,14.999999999999458,-1.1683047339726027,-80.36830473397187,-87.8683047339716,-80.86462713287598
EUR_GBP,-1,94.8013089375169,2022-10-10 21:00:00+00:00,2022-10-11 21:00:00+00:00,0.88463,2022-10-12 21:00:00+00:00,0.87354,down_close,110.90000000000043,15.000000000000014,0.250010005068493,96.1500100050689,88.65001000506889,95.39204650753466
EUR_GBP,-1,93.51830429133628,2022-10-23 21:00:00+00:00,2022-10-24 21:00:00+00:00,0.87541,2022-10-25 21:00:00+00:00,0.86884,down_close,65.70000000000076,10.999999999999899,0.08333666835616435,54.78333666835702,49.28333666835708,54.53068216917894
EUR_GBP,1,5.2945417316725525,2022-10-26 21:00:00+00:00,2022-10-27 21:00:00+00:00,0.86137,2022-10-31 21:00:00+00:00,0.86156,up_close,1.9000000000002348,14.249999999999542,-1.1683047339726027,-13.51830473397191,-20.643304733971682,-14.014627132876019
EUR_GBP,-1,93.57342007316176,2022-11-02 21:00:00+00:00,2022-11-03 21:00:00+00:00,0.87404,2022-11-07 22:00:00+00:00,0.86976,down_close,42.800000000000615,13.149999999999551,0.13119499095890397,29.781194990959968,23.206194990960192,29.275885992603804
EUR_GBP,1,9.124719073697975,2022-11-20 22:00:00+00:00,2022-11-21 22:00:00+00:00,0.86618,2022-11-22 22:00:00+00:00,0.86658,up_close,4.00000000000067,10.599999999999499,-0.566413194109589,-7.166413194108418,-12.466413194108169,-7.414574393560473
EUR_GBP,1,7.647139856920006,2022-11-22 22:00:00+00:00,2022-11-23 22:00:00+00:00,0.86258,2022-11-27 22:00:00+00:00,0.85982,up_close,-27.599999999999845,12.500000000000288,-1.132826388219178,-41.232826388219316,-47.48282638821946,-41.72914878712342
EUR_GBP,1,7.074080645226914,2022-12-01 22:00:00+00:00,2022-12-04 22:00:00+00:00,0.85758,2022-12-05 22:00:00+00:00,0.86077,up_close,31.90000000000026,15.000000000000568,-0.6408334708219178,16.259166529177776,8.759166529177492,16.01100532972572
EUR_GBP,-1,97.07935037287875,2022-12-14 22:00:00+00:00,2022-12-15 22:00:00+00:00,0.87264,2022-12-18 22:00:00+00:00,0.87132,down_close,13.199999999999878,15.000000000000014,0.1400177721917808,-1.659982227808355,-9.159982227808362,-1.9126367269864373
EUR_GBP,-1,94.57256867188731,2022-12-18 22:00:00+00:00,2022-12-19 22:00:00+00:00,0.87284,2022-12-20 22:00:00+00:00,0.87209,down_close,7.499999999999174,12.85000000000036,0.1400177721917808,-5.209982227809405,-11.634982227809584,-5.462636726987488
EUR_GBP,-1,93.18068890497214,2022-12-21 22:00:00+00:00,2022-12-22 22:00:00+00:00,0.8797,2022-12-28 22:00:00+00:00,0.8829,down_close,-31.999999999999805,14.999999999999458,0.13802855095890382,-46.861971449040354,-54.361971449040084,-48.37789844410885
EUR_GBP,1,6.910061494706923,2023-01-03 22:00:00+00:00,2023-01-04 22:00:00+00:00,0.87962,2023-01-05 22:00:00+00:00,0.88321,up_close,35.90000000000093,14.900000000000468,-0.5822333535616437,20.417766646438817,12.967766646438584,20.169605446986765
EUR_GBP,-1,94.88352576919608,2023-01-11 22:00:00+00:00,2023-01-12 22:00:00+00:00,0.88816,2023-01-15 22:00:00+00:00,0.88647,down_close,16.899999999999693,14.999999999999458,0.08141765493150675,1.9814176549317415,-5.518582345067987,1.7287631557536594
EUR_GBP,1,7.509868467707875,2023-01-17 22:00:00+00:00,2023-01-18 22:00:00+00:00,0.8738,2023-01-22 22:00:00+00:00,0.87608,up_close,22.799999999999486,8.699999999999818,-1.1644667071232875,12.93553329287638,8.585533292876471,12.43921089397227
EUR_GBP,-1,90.66271232338164,2023-01-23 22:00:00+00:00,2023-01-24 22:00:00+00:00,0.88273,2023-01-25 22:00:00+00:00,0.88017,down_close,25.600000000000065,15.000000000000568,0.24425296479452024,10.844252964794018,3.344252964793733,10.086289467259771
EUR_GBP,-1,96.37380439100554,2023-01-31 22:00:00+00:00,2023-02-01 22:00:00+00:00,0.88753,2023-02-06 22:00:00+00:00,0.89237,down_close,-48.39999999999955,14.999999999999458,0.5774592226027395,-62.82254077739627,-70.322540777396,-63.58050427493052
EUR_GBP,1,8.286709855866206,2023-02-09 22:00:00+00:00,2023-02-12 22:00:00+00:00,0.88547,2023-02-15 22:00:00+00:00,0.88833,up_close,28.599999999999735,15.000000000000014,-2.8814454623287666,10.718554537670954,3.218554537670947,9.47774854041068
EUR_GBP,1,6.704238432427005,2023-02-20 22:00:00+00:00,2023-02-21 22:00:00+00:00,0.87915,2023-02-22 22:00:00+00:00,0.88038,up_close,12.300000000000644,15.000000000000014,-1.72886727739726,-4.42886727739663,-11.928867277396638,-5.173350875752795
EUR_GBP,1,6.647611632724647,2023-03-12 21:00:00+00:00,2023-03-13 21:00:00+00:00,0.88121,2023-03-14 21:00:00+00:00,0.88298,up_close,17.69999999999938,13.150000000000105,-0.5999257212328766,3.950074278766399,-2.6249257212336534,3.7019130793143447
EUR_GBP,1,8.286003357308672,2023-03-16 21:00:00+00:00,2023-03-19 21:00:00+00:00,0.8751,2023-03-21 21:00:00+00:00,0.88157,up_close,64.69999999999976,15.000000000000014,-1.1998514424657531,48.500148557534,41.00014855753399,48.003826158629884
EUR_GBP,1,4.532017325183546,2023-04-03 21:00:00+00:00,2023-04-04 21:00:00+00:00,0.87594,2023-04-06 21:00:00+00:00,0.87776,up_close,18.199999999999328,11.600000000000499,-2.094813776438356,4.505186223560473,-1.2948137764397765,3.5125414257522545
EUR_GBP,-1,92.21369057638132,2023-04-11 21:00:00+00:00,2023-04-12 21:00:00+00:00,0.88041,2023-04-17 21:00:00+00:00,0.88264,down_close,-22.299999999999542,6.950000000000567,0.06866323643835591,-29.181336763561756,-32.65633676356204,-29.939300261096
EUR_GBP,1,5.887243631988142,2023-04-27 21:00:00+00:00,2023-04-30 21:00:00+00:00,0.87716,2023-05-01 21:00:00+00:00,0.87771,up_close,5.499999999999394,14.999999999999458,-0.5647516093150685,-10.064751609315133,-17.56475160931486,-10.312912808767187
EUR_GBP,1,8.574796702262717,2023-05-04 21:00:00+00:00,2023-05-07 21:00:00+00:00,0.87231,2023-05-10 21:00:00+00:00,0.86986,up_close,-24.500000000000632,12.749999999999705,-2.6482385260273977,-39.89823852602774,-46.27323852602759,-41.139044523288014
EUR_GBP,1,7.549033541412598,2023-05-29 21:00:00+00:00,2023-05-30 21:00:00+00:00,0.86435,2023-06-01 21:00:00+00:00,0.85928,up_close,-50.69999999999908,12.449999999999406,-2.0798361106849317,-65.22983611068342,-71.45483611068312,-66.22248090849163
EUR_GBP,1,9.872101764946734,2023-06-07 21:00:00+00:00,2023-06-08 21:00:00+00:00,0.85838,2023-06-12 21:00:00+00:00,0.85971,up_close,13.299999999999423,10.449999999999626,-1.1222016065753424,1.7277983934244547,-3.4972016065753584,1.2314759945203453
EUR_GBP,-1,93.25530991772328,2023-06-20 21:00:00+00:00,2023-06-21 21:00:00+00:00,0.86032,2023-06-22 21:00:00+00:00,0.85974,down_close,5.800000000000249,5.749999999999922,0.0017785978082190896,0.05177859780854665,-2.823221402191414,-0.20087590136953565
EUR_GBP,-1,92.88104383992284,2023-06-27 21:00:00+00:00,2023-06-28 21:00:00+00:00,0.86336,2023-06-29 21:00:00+00:00,0.8616,down_close,17.599999999999838,6.499999999999839,0.0017785978082190896,11.101778597808217,7.851778597808298,10.849124098630135
EUR_GBP,1,7.801886885841284,2023-07-04 21:00:00+00:00,2023-07-05 21:00:00+00:00,0.85445,2023-07-06 21:00:00+00:00,0.85482,up_close,3.6999999999998145,5.4000000000004045,-0.5828652238356163,-2.282865223836206,-4.982865223836409,-2.531026423288261
EUR_GBP,-1,90.03175833820156,2023-07-17 21:00:00+00:00,2023-07-18 21:00:00+00:00,0.86092,2023-07-20 21:00:00+00:00,0.86492,down_close,-40.000000000000036,10.150000000000436,0.3281981008219171,-49.82180189917856,-54.896801899178776,-50.83241989589089
EUR_GBP,1,7.288783466193948,2023-07-24 21:00:00+00:00,2023-07-25 21:00:00+00:00,0.85699,2023-07-27 21:00:00+00:00,0.8578,up_close,8.099999999999774,3.950000000000342,-2.3314608953424654,1.8185391046569666,-0.1564608953432045,0.8258943068487481
EUR_GBP,-1,92.52725447612985,2023-08-02 21:00:00+00:00,2023-08-03 21:00:00+00:00,0.861,2023-08-07 21:00:00+00:00,0.8605,down_close,4.999999999999449,6.900000000000239,0.15506564575342435,-1.7449343542473656,-5.194934354247485,-2.25024335260353
EUR_GBP,-1,90.276981572441,2023-08-09 21:00:00+00:00,2023-08-10 21:00:00+00:00,0.86592,2023-08-13 21:00:00+00:00,0.86293,down_close,29.90000000000048,14.899999999999913,0.07753282287671218,15.07753282287728,7.627532822877324,14.824878323699199
EUR_GBP,1,5.48853118112001,2023-08-15 21:00:00+00:00,2023-08-16 21:00:00+00:00,0.85441,2023-08-20 21:00:00+00:00,0.8539,up_close,-5.1000000000001044,7.449999999999957,-1.1566970430136985,-13.70669704301376,-17.431697043013738,-14.203019441917869
EUR_GBP,-1,90.63992230801232,2023-08-27 21:00:00+00:00,2023-08-28 21:00:00+00:00,0.85822,2023-08-30 21:00:00+00:00,0.8588,down_close,-5.800000000000249,8.699999999999818,0.3101312915068487,-14.189868708493218,-18.539868708493128,-15.200486705205549
EUR_GBP,1,7.806550548761393,2023-09-04 21:00:00+00:00,2023-09-05 21:00:00+00:00,0.8532,2023-09-06 21:00:00+00:00,0.85759,up_close,43.90000000000005,7.650000000000157,-1.7522464775342463,34.49775352246564,30.672753522465566,33.75326992410948
EUR_GBP,-1,90.76494803205212,2023-09-10 21:00:00+00:00,2023-09-11 21:00:00+00:00,0.859,2023-09-13 21:00:00+00:00,0.85925,down_close,-2.4999999999997247,8.90000000000002,0.3330658421917804,-11.066934157807964,-15.516934157807974,-12.077552154520294
EUR_GBP,-1,91.52948471295717,2023-09-20 21:00:00+00:00,2023-09-21 21:00:00+00:00,0.86716,2023-09-25 21:00:00+00:00,0.86754,down_close,-3.7999999999993594,5.2000000000002045,0.049519907397259956,-8.950480092602303,-11.550480092602406,-9.455789090958469
EUR_GBP,1,9.348507777160009,2023-10-05 21:00:00+00:00,2023-10-08 21:00:00+00:00,0.8646,2023-10-12 21:00:00+00:00,0.86438,up_close,-2.1999999999999797,8.900000000000574,-3.155840979452054,-14.255840979452607,-18.705840979452894,-15.744808176164938
EUR_GBP,-1,93.45581168994272,2023-10-18 21:00:00+00:00,2023-10-19 21:00:00+00:00,0.87144,2023-10-22 21:00:00+00:00,0.87172,down_close,-2.80000000000058,15.85000000000003,0.02515779794520539,-18.624842202055405,-26.54984220205542,-18.877496701233486
EUR_GBP,-1,90.52560199900277,2023-10-24 21:00:00+00:00,2023-10-25 21:00:00+00:00,0.87226,2023-10-26 21:00:00+00:00,0.87034,down_close,19.200000000000326,12.099999999999888,0.02515779794520539,7.1251577979456435,1.0751577979456999,6.872503298767562
EUR_GBP,1,7.696045342580447,2023-11-02 21:00:00+00:00,2023-11-05 22:00:00+00:00,0.86669,2023-11-06 22:00:00+00:00,0.86768,up_close,9.900000000000464,13.400000000000079,-0.5260671069863012,-4.0260671069859155,-10.726067106985957,-4.274228306437971
EUR_GBP,-1,90.6825654532422,2023-11-08 22:00:00+00:00,2023-11-09 22:00:00+00:00,0.87286,2023-11-13 22:00:00+00:00,0.87216,down_close,6.999999999999229,12.699999999999934,0.05050281671232845,-5.649497183288376,-11.999497183288344,-6.154806181644541
EUR_GBP,-1,90.7438860832475,2023-11-16 22:00:00+00:00,2023-11-19 22:00:00+00:00,0.87647,2023-11-20 22:00:00+00:00,0.87498,down_close,14.899999999999913,16.300000000000203,0.025251408356164226,-1.3747485916441258,-9.524748591644228,-1.627403090822208
EUR_GBP,1,7.526012307541848,2023-11-26 22:00:00+00:00,2023-11-27 22:00:00+00:00,0.86732,2023-12-04 22:00:00+00:00,0.85812,up_close,-91.99999999999986,6.600000000000494,-3.682235722876711,-102.28223572287706,-105.58223572287731,-104.01936411904144
EUR_GBP,-1,96.29839326587529,2023-12-12 22:00:00+00:00,2023-12-13 22:00:00+00:00,0.86171,2023-12-14 22:00:00+00:00,0.861,down_close,7.099999999999884,10.149999999999881,0.025134395342465643,-3.0248656046575313,-8.099865604657472,-3.277520103835614
EUR_GBP,-1,90.67860009378226,2023-12-20 22:00:00+00:00,2023-12-21 22:00:00+00:00,0.86764,2023-12-25 22:00:00+00:00,0.86719,down_close,4.499999999999504,13.199999999999878,0.050268790684931286,-8.649731209315442,-15.249731209315383,-9.155040207671608
EUR_GBP,-1,94.45762819194692,2023-12-27 22:00:00+00:00,2023-12-28 22:00:00+00:00,0.86862,2024-01-01 22:00:00+00:00,0.86816,down_close,4.599999999999049,11.550000000000725,0.05038580369862987,-6.899614196303046,-12.674614196303411,-7.404923194659211
EUR_GBP,1,3.624742650249644,2024-01-02 22:00:00+00:00,2024-01-03 22:00:00+00:00,0.86208,2024-01-04 22:00:00+00:00,0.86326,up_close,11.800000000000699,12.499999999999734,-0.5260671069863012,-1.226067106985336,-7.476067106985204,-1.4742283064373907
EUR_GBP,1,8.542644246016266,2024-01-04 22:00:00+00:00,2024-01-07 22:00:00+00:00,0.86041,2024-01-09 22:00:00+00:00,0.86013,up_close,-2.80000000000058,5.099999999999549,-1.0521342139726024,-8.952134213972732,-11.502134213972505,-9.448456612876841
EUR_GBP,1,8.489010922567743,2024-01-17 22:00:00+00:00,2024-01-18 22:00:00+00:00,0.85576,2024-01-21 22:00:00+00:00,0.85848,up_close,27.200000000000557,9.500000000000064,-0.5260671069863012,17.173932893014193,12.42393289301416,16.925771693562137
EUR_GBP,1,4.874841917556125,2024-01-24 22:00:00+00:00,2024-01-25 22:00:00+00:00,0.85306,2024-01-28 22:00:00+00:00,0.85414,up_close,10.799999999999699,9.04999999999989,-0.5260671069863012,1.223932893013507,-3.301067106986438,0.9757716935614522
EUR_GBP,-1,93.14489554297822,2024-02-04 22:00:00+00:00,2024-02-05 22:00:00+00:00,0.85677,2024-02-06 22:00:00+00:00,0.85366,down_close,31.10000000000057,4.150000000000542,0.02543862917808206,26.97543862917811,24.90043862917784,26.722784130000026
EUR_GBP,1,5.203083726000401,2024-02-12 22:00:00+00:00,2024-02-13 22:00:00+00:00,0.85068,2024-02-14 22:00:00+00:00,0.85394,up_close,32.600000000000406,5.700000000000149,-1.5787629834246575,25.3212370165756,22.471237016575525,24.576753418219436
EUR_GBP,-1,92.18629462821116,2024-02-19 22:00:00+00:00,2024-02-20 22:00:00+00:00,0.8561,2024-02-21 22:00:00+00:00,0.85636,down_close,-2.60000000000038,3.7999999999999146,0.07631588753424617,-6.323684112466048,-8.223684112466005,-7.081647610000295
EUR_GBP,1,8.835543745219056,2024-02-22 22:00:00+00:00,2024-02-25 22:00:00+00:00,0.85421,2024-02-26 22:00:00+00:00,0.85546,up_close,12.499999999999734,10.850000000000026,-0.5262543278082191,1.1237456721914882,-4.301254327808527,0.8755844727394335
EUR_GBP,1,7.9550021062977265,2024-03-07 22:00:00+00:00,2024-03-10 21:00:00+00:00,0.85124,2024-03-11 21:00:00+00:00,0.85262,up_close,13.800000000000479,13.149999999999551,-0.5264415486301368,0.1235584513707908,-6.451441548628985,-0.12460274808126404
EUR_GBP,-1,95.73676016959439,2024-03-20 21:00:00+00:00,2024-03-21 21:00:00+00:00,0.8579,2024-03-24 21:00:00+00:00,0.85786,down_close,0.40000000000040004,11.599999999999945,0.02562584999999989,-11.174374149999545,-16.974374149999516,-11.427028649177627
EUR_GBP,1,5.531550023755912,2024-03-27 21:00:00+00:00,2024-03-28 21:00:00+00:00,0.85454,2024-03-31 21:00:00+00:00,0.85512,up_close,5.800000000000249,5.900000000000349,-0.5264415486301368,-0.6264415486302368,-3.5764415486304113,-0.8746027480822917
EUR_GBP,-1,93.08018572065691,2024-04-03 21:00:00+00:00,2024-04-04 21:00:00+00:00,0.85728,2024-04-09 21:00:00+00:00,0.85638,down_close,9.000000000000119,5.999999999999894,0.0830558371232872,3.0830558371235117,0.0830558371235643,2.325092339589265
EUR_GBP,1,8.442266874751226,2024-04-10 21:00:00+00:00,2024-04-11 21:00:00+00:00,0.85444,2024-04-14 21:00:00+00:00,0.8549,up_close,4.6000000000001595,11.799999999999589,-0.5285009776712327,-7.728500977670662,-13.628500977670457,-7.976662177122717
EUR_GBP,1,9.13632846951269,2024-04-14 21:00:00+00:00,2024-04-15 21:00:00+00:00,0.85355,2024-04-16 21:00:00+00:00,0.85424,up_close,6.899999999999684,8.749999999999591,-0.5285009776712327,-2.37850097767114,-6.753500977670936,-2.626662177123195
EUR_GBP,-1,90.6766979331471,2024-04-18 21:00:00+00:00,2024-04-21 21:00:00+00:00,0.86145,2024-04-23 21:00:00+00:00,0.85938,down_close,20.700000000000163,4.549999999999832,0.05537055808219146,16.205370558082524,13.930370558082608,15.70006155972636
EUR_GBP,1,8.978918619006166,2024-04-25 21:00:00+00:00,2024-04-28 21:00:00+00:00,0.85575,2024-04-30 21:00:00+00:00,0.85377,up_close,-19.799999999999816,12.599999999999834,-1.0570019553424654,-33.457001955342115,-39.75700195534203,-33.95332435424623
EUR_GBP,-1,92.00556422007797,2024-05-02 21:00:00+00:00,2024-05-05 21:00:00+00:00,0.85812,2024-05-06 21:00:00+00:00,0.85726,down_close,8.599999999999719,17.300000000000093,0.028176733698630142,-8.671823266301743,-17.32182326630179,-8.924477765479827
EUR_GBP,-1,91.66854802674779,2024-05-06 21:00:00+00:00,2024-05-07 21:00:00+00:00,0.8595,2024-05-12 21:00:00+00:00,0.86009,down_close,-5.899999999999794,8.149999999999547,0.1408836684931507,-13.90911633150619,-17.984116331505966,-15.172388827396603
EUR_GBP,1,9.98001625985846,2024-05-14 21:00:00+00:00,2024-05-15 21:00:00+00:00,0.858,2024-05-22 21:00:00+00:00,0.85108,timecap,-69.20000000000037,6.450000000000067,-3.70294702630137,-79.3529470263018,-82.57794702630184,-81.09007542246619
EUR_GBP,1,9.465992332567112,2024-05-26 21:00:00+00:00,2024-05-27 21:00:00+00:00,0.85026,2024-05-28 21:00:00+00:00,0.8509,up_close,6.399999999999739,4.699999999999704,-0.5289924323287671,1.1710075676712677,-1.1789924323285845,0.922846368219213
EUR_GBP,-1,90.64101152396526,2024-06-03 21:00:00+00:00,2024-06-04 21:00:00+00:00,0.85176,2024-06-05 21:00:00+00:00,0.8502,down_close,15.600000000000058,6.949999999999457,0.08453020109589043,8.734530201096494,5.259530201096763,7.976566703562246
EUR_GBP,1,7.290873085207863,2024-06-09 21:00:00+00:00,2024-06-10 21:00:00+00:00,0.84552,2024-06-12 21:00:00+00:00,0.84446,up_close,-10.600000000000609,3.7999999999999146,-2.291489249863014,-16.691489249863537,-18.591489249863493,-17.68413404767176
EUR_GBP,-1,96.11992943704558,2024-06-30 21:00:00+00:00,2024-07-01 21:00:00+00:00,0.84894,2024-07-02 21:00:00+00:00,0.84702,down_close,19.200000000000326,7.150000000000212,0.08668324054794527,12.13668324054806,8.561683240547953,11.884028741369978
EUR_GBP,1,9.201208469239646,2024-07-09 21:00:00+00:00,2024-07-10 21:00:00+00:00,0.84276,2024-07-15 21:00:00+00:00,0.8401,up_close,-26.599999999999955,6.400000000000294,-1.7624968175342468,-34.7624968175345,-37.96249681753465,-35.50698041589066
EUR_GBP,-1,93.51567010173187,2024-07-18 21:00:00+00:00,2024-07-21 21:00:00+00:00,0.84284,2024-07-22 21:00:00+00:00,0.842,down_close,8.40000000000063,7.600000000000384,0.08668324054794527,0.8866832405481903,-2.9133167594520013,0.6340287413701079
EUR_GBP,1,9.73469335113603,2024-07-23 21:00:00+00:00,2024-07-24 21:00:00+00:00,0.83973,2024-07-25 21:00:00+00:00,0.84391,up_close,41.80000000000072,5.999999999999339,-0.5874989391780823,35.2125010608233,32.212501060823634,34.96433986137124
EUR_GBP,-1,90.59116858114791,2024-07-31 21:00:00+00:00,2024-08-01 21:00:00+00:00,0.84643,2024-08-07 21:00:00+00:00,0.86075,down_close,-143.2,13.400000000000079,0.16906040219178087,-156.4309395978083,-163.13093959780832,-157.9468665928768
EUR_GBP,1,8.45448363659824,2024-08-21 21:00:00+00:00,2024-08-22 21:00:00+00:00,0.84886,2024-08-29 21:00:00+00:00,0.8416,timecap,-72.59999999999933,6.799999999999584,-3.70294702630137,-83.10294702630028,-86.50294702630008,-84.84007542246466
EUR_GBP,-1,95.85311880671522,2024-09-05 21:00:00+00:00,2024-09-08 21:00:00+00:00,0.84418,2024-09-09 21:00:00+00:00,0.84416,down_close,0.20000000000020002,5.499999999999949,0.028176733698630142,-5.271823266301119,-8.021823266301093,-5.524477765479202
EUR_GBP,1,7.159560625731714,2024-09-19 21:00:00+00:00,2024-09-22 21:00:00+00:00,0.8382,2024-09-24 21:00:00+00:00,0.83366,up_close,-45.399999999999885,8.49999999999962,-1.174997878356164,-55.074997878355674,-59.32499787835548,-55.57132027725978
EUR_JPY,1,3.8247995064773193,2020-11-17 22:00:00+00:00,2020-11-18 22:00:00+00:00,123.07,2020-11-19 22:00:00+00:00,123.219,up_close,14.900000000000091,13.400000000000034,-0.8388640534246576,0.6611359465753992,-6.038864053424618,0.06006012876718003
EUR_JPY,-1,91.31341209173026,2020-11-23 22:00:00+00:00,2020-11-24 22:00:00+00:00,124.221,2020-11-26 22:00:00+00:00,124.2,down_close,2.1000000000000796,15.000000000000568,-0.8312426356164384,-13.731242635616928,-21.23124263561721,-15.513638213699119
EUR_JPY,-1,96.05720730506063,2020-11-30 22:00:00+00:00,2020-12-01 22:00:00+00:00,125.929,2020-12-03 22:00:00+00:00,126.119,down_close,-18.999999999999773,11.599999999999966,-0.8190483671232877,-31.419048367123025,-37.21904836712301,-33.20144394520522
EUR_JPY,-1,92.40299405682585,2020-12-28 22:00:00+00:00,2020-12-29 22:00:00+00:00,126.918,2021-01-03 22:00:00+00:00,126.208,down_close,71.0000000000008,14.999999999999858,-1.019237608219178,54.98076239178176,47.48076239178183,52.75276791917902
EUR_JPY,-1,91.66115551929809,2021-01-06 22:00:00+00:00,2021-01-07 22:00:00+00:00,127.402,2021-01-10 22:00:00+00:00,126.908,down_close,49.39999999999998,15.000000000000568,-0.2001892410958904,34.19981075890352,26.699810758903233,33.754211864382974
EUR_JPY,1,8.05194234663918,2021-01-12 22:00:00+00:00,2021-01-13 22:00:00+00:00,126.299,2021-01-14 22:00:00+00:00,126.158,up_close,-14.100000000000534,15.000000000000568,-0.8464854712328768,-29.94648547123398,-37.44648547123426,-30.5475612890422
EUR_JPY,1,3.6780319482249126,2021-01-14 22:00:00+00:00,2021-01-17 22:00:00+00:00,125.43,2021-01-19 22:00:00+00:00,126.011,up_close,58.099999999998886,9.549999999999415,-1.6929709424657535,46.857029057533715,42.08202905753401,45.65487742191728
EUR_JPY,-1,97.10545465367309,2021-01-28 22:00:00+00:00,2021-01-31 22:00:00+00:00,127.125,2021-02-01 22:00:00+00:00,126.481,down_close,64.40000000000055,10.45000000000016,-0.1996811465753425,53.75031885342504,48.52531885342496,53.3047199589045
EUR_JPY,-1,90.82841915230749,2021-02-11 22:00:00+00:00,2021-02-14 22:00:00+00:00,127.199,2021-02-17 22:00:00+00:00,127.492,down_close,-29.300000000000637,12.5,-0.9984057328767124,-42.79840573287735,-49.04840573287735,-45.02640020548009
EUR_JPY,-1,97.9258941434981,2021-02-23 22:00:00+00:00,2021-02-24 22:00:00+00:00,128.837,2021-02-28 22:00:00+00:00,128.625,down_close,21.19999999999891,14.799999999998192,-0.399362293150685,6.000637706850031,-1.399362293149065,5.109439917808936
EUR_JPY,-1,95.86283825572485,2021-03-10 22:00:00+00:00,2021-03-11 22:00:00+00:00,130.028,2021-03-15 21:00:00+00:00,130.163,down_close,-13.500000000001933,11.950000000000216,-0.4003784821917808,-25.85037848219393,-31.825378482194036,-26.741576271235026
EUR_JPY,1,9.338654049414899,2021-03-23 21:00:00+00:00,2021-03-24 21:00:00+00:00,128.438,2021-03-25 21:05:00+00:00,128.461,up_close,2.3000000000024556,9.950000000000614,-0.8464854712328768,-8.496485471231034,-13.471485471231341,-9.097561289039254
EUR_JPY,-1,91.2321303365196,2021-03-30 21:00:00+00:00,2021-03-31 21:00:00+00:00,129.861,2021-04-04 21:00:00+00:00,130.061,down_close,-20.000000000001705,14.999999999999147,-0.39529753698630143,-35.39529753698715,-42.895297536986725,-36.28649532602825
EUR_JPY,1,3.8639058556795476,2021-04-21 21:00:00+00:00,2021-04-22 21:00:00+00:00,129.718,2021-04-25 21:00:00+00:00,130.576,up_close,85.80000000000041,15.000000000000568,-0.8490259438356165,69.95097405616423,62.45097405616394,69.349898238356
EUR_JPY,-1,95.23725168403269,2021-04-26 21:00:00+00:00,2021-04-27 21:00:00+00:00,131.434,2021-05-02 21:00:00+00:00,131.556,down_close,-12.20000000000141,10.80000000000041,-0.9882438424657536,-23.988243842467572,-29.388243842467777,-26.216238315070314
EUR_JPY,-1,90.02098722118043,2021-05-11 21:00:00+00:00,2021-05-12 21:00:00+00:00,132.401,2021-05-13 21:00:00+00:00,132.237,down_close,16.40000000000157,15.000000000000568,-0.2001892410958904,1.1998107589051101,-6.3001892410951745,0.7542118643845621
EUR_JPY,-1,91.02522970898335,2021-05-30 21:00:00+00:00,2021-05-31 21:00:00+00:00,133.99,2021-06-01 21:00:00+00:00,133.713,down_close,27.700000000001523,11.45000000000067,-0.20628637534246577,16.043713624658388,10.318713624658052,15.598114730137839
EUR_JPY,1,5.783031060448991,2021-06-03 21:00:00+00:00,2021-06-06 21:00:00+00:00,133.25,2021-06-08 21:00:00+00:00,133.292,up_close,4.200000000000159,10.899999999998045,-1.6807766739726027,-8.380776673970487,-13.83077667396951,-9.582928309586926
EUR_JPY,1,4.552566283325461,2021-06-16 21:00:00+00:00,2021-06-17 21:00:00+00:00,131.241,2021-06-21 21:00:00+00:00,131.4,up_close,15.899999999999181,15.000000000000568,-1.6807766739726027,-0.7807766739739896,-8.280776673974273,-1.9829283095904282
EUR_JPY,1,6.722645225737793,2021-06-28 21:00:00+00:00,2021-06-29 21:00:00+00:00,131.477,2021-06-30 21:00:00+00:00,131.748,up_close,27.09999999999866,12.349999999999284,-2.521165010958904,12.228834989040472,6.053834989040829,10.425607535615812
EUR_JPY,1,6.161264528304855,2021-07-05 21:00:00+00:00,2021-07-06 21:00:00+00:00,130.814,2021-07-11 21:00:00+00:00,130.816,up_close,0.20000000000095497,13.700000000000045,-4.184158376712329,-17.68415837671142,-24.534158376711442,-20.689537465752515
EUR_JPY,1,9.14929057820595,2021-07-14 21:00:00+00:00,2021-07-15 21:00:00+00:00,129.756,2021-07-18 21:00:00+00:00,129.982,up_close,22.59999999999991,14.999999999999147,-0.8368316753424657,6.763168324658296,-0.7368316753412777,6.162092506850077
EUR_JPY,1,6.653470314700073,2021-08-02 21:00:00+00:00,2021-08-03 21:00:00+00:00,129.416,2021-08-04 21:00:00+00:00,129.611,up_close,19.499999999999318,10.45000000000016,-2.5135435931506853,6.536456406848473,1.3114564068483938,4.733228953423817
EUR_JPY,1,9.361960186491928,2021-08-12 21:00:00+00:00,2021-08-15 21:00:00+00:00,129.378,2021-08-18 21:00:00+00:00,128.534,up_close,-84.39999999999941,14.999999999999147,-4.189239321917809,-103.58923932191637,-111.08923932191594,-106.59461841095747
EUR_JPY,-1,95.35714857711613,2021-08-24 21:00:00+00:00,2021-08-25 21:00:00+00:00,129.51,2021-08-26 21:00:00+00:00,129.302,down_close,20.79999999999984,15.000000000000568,-0.20882684794520548,5.591173152054067,-1.9088268479462174,5.145574257533519
EUR_JPY,-1,90.14281505103027,2021-08-29 21:00:00+00:00,2021-08-30 21:00:00+00:00,129.685,2021-09-05 21:00:00+00:00,130.317,down_close,-63.2000000000005,12.950000000000728,-1.222475416438356,-77.37247541643958,-83.84747541643995,-80.04606878356287
EUR_JPY,1,6.698907521345291,2021-09-14 21:00:00+00:00,2021-09-15 21:00:00+00:00,129.244,2021-09-22 21:00:00+00:00,128.332,up_close,-91.20000000000061,8.799999999999386,-5.907614990410959,-105.90761499041096,-110.30761499041066,-110.1151457150685
EUR_JPY,-1,92.19813907966102,2021-09-23 21:00:00+00:00,2021-09-26 21:00:00+00:00,129.803,2021-09-29 21:00:00+00:00,129.848,down_close,-4.500000000001592,10.39999999999992,-1.0136485684931507,-15.913648568494663,-21.11364856849462,-18.141643041097403
EUR_JPY,-1,95.22764548248274,2021-10-10 21:00:00+00:00,2021-10-11 21:00:00+00:00,130.901,2021-10-18 21:00:00+00:00,132.714,timecap,-181.29999999999882,13.750000000000284,-1.4368913041095892,-196.4868913041087,-203.36189130410884,-199.60608356575253
EUR_JPY,-1,99.82333281721807,2021-10-18 21:00:00+00:00,2021-10-19 21:00:00+00:00,133.036,2021-10-21 21:00:00+00:00,132.474,down_close,56.20000000000118,14.699999999999136,-0.8210807452054795,40.67891925479657,33.328919254797,38.896523676714374
EUR_JPY,1,7.591991225851743,2021-11-08 22:00:00+00:00,2021-11-09 22:00:00+00:00,130.873,2021-11-16 22:00:00+00:00,129.977,up_close,-89.59999999999866,11.899999999999977,-5.847151742465754,-107.34715174246439,-113.29715174246438,-111.55468246712192
EUR_JPY,1,7.787690108553292,2021-11-28 22:00:00+00:00,2021-11-29 22:00:00+00:00,128.188,2021-11-30 22:00:00+00:00,128.317,up_close,12.90000000000191,15.000000000000568,-0.8353073917808219,-2.9353073917794803,-10.435307391779764,-3.5363832095877
EUR_JPY,1,6.621533927017737,2021-11-30 22:00:00+00:00,2021-12-01 22:00:00+00:00,127.65,2021-12-02 22:00:00+00:00,127.785,up_close,13.49999999999909,15.000000000000568,-0.8419126205479454,-2.341912620549423,-9.841912620549708,-2.9429884383576423
EUR_JPY,-1,90.58777254913451,2021-12-07 22:00:00+00:00,2021-12-08 22:00:00+00:00,128.935,2021-12-09 22:00:00+00:00,128.146,down_close,78.90000000000157,15.000000000000568,-0.20476209178082191,63.69523790822018,56.195237908219895,63.24963901369963
EUR_JPY,-1,92.29223067703678,2021-12-22 22:00:00+00:00,2021-12-23 22:00:00+00:00,129.473,2021-12-26 22:00:00+00:00,129.431,down_close,4.200000000000159,15.000000000000568,-0.20476209178082191,-11.004762091781231,-18.504762091781515,-11.45036098630178
EUR_JPY,-1,90.28889397163077,2021-12-26 22:00:00+00:00,2021-12-27 22:00:00+00:00,130.145,2021-12-28 22:00:00+00:00,129.892,down_close,25.300000000001432,12.399999999999523,-0.20476209178082191,12.695237908221088,6.495237908221327,12.24963901370054
EUR_JPY,1,5.4279418127313335,2022-01-19 22:00:00+00:00,2022-01-20 22:00:00+00:00,129.078,2022-01-24 22:00:00+00:00,129.089,up_close,1.099999999999568,11.299999999999955,-1.6899223753424657,-11.889922375342852,-17.53992237534283,-13.09207401095929
EUR_JPY,1,9.60269988030845,2022-01-24 22:00:00+00:00,2022-01-25 22:00:00+00:00,128.762,2022-01-26 22:00:00+00:00,128.869,up_close,10.699999999999932,14.999999999997726,-2.5348835630136985,-6.834883563011493,-14.334883563010356,-8.63811101643615
EUR_JPY,-1,98.78913943098877,2022-02-02 22:00:00+00:00,2022-02-03 22:00:00+00:00,131.495,2022-02-07 22:00:00+00:00,131.698,down_close,-20.300000000000296,12.800000000000011,-0.4013946712328767,-33.501394671233186,-39.90139467123319,-34.39259246027428
EUR_JPY,-1,96.06894394926266,2022-02-09 22:00:00+00:00,2022-02-10 22:00:00+00:00,132.637,2022-02-13 22:00:00+00:00,130.837,down_close,180.00000000000114,11.10000000000042,-0.20069733561643835,168.69930266438428,163.14930266438407,168.25370376986373
EUR_JPY,1,5.142117532218535,2022-02-20 22:00:00+00:00,2022-02-21 22:00:00+00:00,129.815,2022-02-22 22:00:00+00:00,130.329,up_close,51.400000000001,13.650000000001228,-0.8459773767123289,36.904022623287446,30.07902262328683,36.30294680547922
EUR_JPY,1,6.493522971053295,2022-03-03 22:00:00+00:00,2022-03-06 22:00:00+00:00,125.602,2022-03-08 22:00:00+00:00,126.106,up_close,50.39999999999907,14.999999999999147,-1.7021166438356166,33.697883356164304,26.19788335616473,32.495731720547866
EUR_JPY,-1,90.74369492069205,2022-03-14 21:00:00+00:00,2022-03-15 21:00:00+00:00,129.59,2022-03-21 21:00:00+00:00,131.607,down_close,-201.6999999999996,7.999999999998408,-1.1736983424657534,-210.87369834246374,-214.87369834246294,-213.54729170958703
EUR_JPY,-1,98.28411800692439,2022-03-21 21:00:00+00:00,2022-03-22 21:00:00+00:00,133.211,2022-03-27 21:00:00+00:00,134.088,down_close,-87.69999999999811,15.000000000000568,-0.9780819520547945,-103.67808195205347,-111.17808195205376,-105.90607642465622
EUR_JPY,-1,91.6719662234703,2022-03-27 21:00:00+00:00,2022-03-28 21:00:00+00:00,135.999,2022-03-30 21:00:00+00:00,135.959,down_close,3.999999999999204,15.000000000000568,-0.7824655616438356,-11.7824655616452,-19.282465561645484,-13.564861139727391
EUR_JPY,-1,97.65617193691457,2022-04-10 21:00:00+00:00,2022-04-11 21:00:00+00:00,136.456,2022-04-12 21:00:00+00:00,135.716,down_close,73.99999999999807,13.95000000000124,-0.19764876849315072,59.852351231503675,52.877351231503056,59.40675233698313
EUR_JPY,-1,96.39575287360536,2022-04-18 21:00:00+00:00,2022-04-19 21:00:00+00:00,139.062,2022-04-20 21:00:00+00:00,138.919,down_close,14.300000000000068,13.650000000001228,-0.5929463054794522,0.05705369451938824,-6.7679463054812254,-1.2797429890422558
EUR_JPY,1,3.7024549517863505,2022-04-25 21:00:00+00:00,2022-04-26 21:00:00+00:00,135.35,2022-04-27 21:00:00+00:00,135.657,up_close,30.700000000001637,11.899999999998556,-2.5470778315068494,16.25292216849623,10.302922168496954,14.449694715071574
EUR_JPY,-1,94.82164533154895,2022-05-05 21:00:00+00:00,2022-05-08 21:00:00+00:00,137.65,2022-05-09 21:00:00+00:00,137.591,down_close,5.89999999999975,15.000000000000568,-0.20069733561643835,-9.300697335617256,-16.800697335617542,-9.746296230137805
EUR_JPY,1,8.19526039934685,2022-05-10 21:00:00+00:00,2022-05-11 21:00:00+00:00,136.636,2022-05-15 21:00:00+00:00,134.651,up_close,-198.49999999999852,15.000000000000568,-1.6919547534246577,-215.19195475342374,-222.69195475342403,-216.3941063890402
EUR_JPY,-1,94.47152021915409,2022-05-29 21:00:00+00:00,2022-05-30 21:00:00+00:00,137.482,2022-06-06 21:00:00+00:00,141.066,timecap,-358.4000000000003,12.499999999998579,-1.465852691780822,-372.3658526917797,-378.61585269177897,-375.48504495342354
EUR_JPY,-1,99.92723516849664,2022-06-06 21:00:00+00:00,2022-06-07 21:00:00+00:00,141.913,2022-06-09 21:00:00+00:00,142.627,down_close,-71.39999999999986,15.000000000000568,-0.843436904109589,-87.24343690411003,-94.74343690411031,-89.02583248219221
EUR_JPY,-1,94.68940082678581,2022-06-20 21:00:00+00:00,2022-06-21 21:00:00+00:00,143.949,2022-06-23 21:00:00+00:00,142.019,down_close,193.00000000000068,12.950000000000728,-0.843436904109589,179.20656309589037,172.73156309589,177.42416751780817
EUR_JPY,1,4.1768911770219574,2022-06-30 21:00:00+00:00,2022-07-03 21:00:00+00:00,141.054,2022-07-04 21:00:00+00:00,141.37,up_close,31.60000000000025,14.999999999999147,-0.8490259438356165,15.750974056165486,8.250974056165912,15.149898238357267
EUR_JPY,1,9.221058036871156,2022-07-04 21:00:00+00:00,2022-07-05 21:00:00+00:00,139.385,2022-07-10 21:00:00+00:00,138.489,up_close,-89.59999999999866,15.000000000000568,-4.245129719178083,-108.84512971917731,-116.34512971917759,-111.85050880821841
EUR_JPY,1,9.51279966348369,2022-07-11 21:00:00+00:00,2022-07-12 21:00:00+00:00,137.362,2022-07-13 21:00:00+00:00,138.164,up_close,80.19999999999925,13.599999999999568,-2.5470778315068494,64.05292216849283,57.25292216849305,62.24969471506817
EUR_JPY,-1,90.191411318513,2022-07-14 21:00:00+00:00,2022-07-17 21:00:00+00:00,139.743,2022-07-20 21:00:00+00:00,140.599,down_close,-85.59999999999945,15.000000000000568,-0.9882438424657536,-101.58824384246577,-109.08824384246606,-103.81623831506852
EUR_JPY,1,5.134310615980937,2022-07-31 21:00:00+00:00,2022-08-01 21:00:00+00:00,135.169,2022-08-02 21:00:00+00:00,135.37,up_close,20.09999999999934,13.299999999999557,-0.5919301164383562,6.208069883561428,-0.44193011643835056,5.6069940657532085
EUR_JPY,-1,91.68399017974447,2022-08-04 21:00:00+00:00,2022-08-07 21:00:00+00:00,137.446,2022-08-10 21:00:00+00:00,136.916,down_close,53.000000000000114,14.850000000001273,-2.273722979452055,35.87627702054679,28.45127702054615,33.64828254794405
EUR_JPY,1,7.973328592662654,2022-08-14 21:00:00+00:00,2022-08-15 21:00:00+00:00,135.501,2022-08-16 21:00:00+00:00,136.506,up_close,100.49999999999955,13.799999999999102,-0.5919301164383562,86.10806988356208,79.20806988356253,85.50699406575387
EUR_JPY,-1,91.65948473392534,2022-08-28 21:00:00+00:00,2022-08-29 21:00:00+00:00,138.701,2022-09-01 21:00:00+00:00,139.42,down_close,-71.89999999999941,12.800000000001432,-2.289473909589041,-86.98947390958988,-93.38947390959059,-89.21746838219262
EUR_JPY,-1,98.23136803227528,2022-09-05 21:00:00+00:00,2022-09-06 21:00:00+00:00,141.434,2022-09-11 21:00:00+00:00,143.598,down_close,-216.40000000000157,10.500000000001819,-2.3524776301369865,-229.25247763014036,-234.50247763014127,-231.4804721027431
EUR_JPY,1,7.62244370307954,2022-09-20 21:00:00+00:00,2022-09-21 21:00:00+00:00,141.767,2022-09-26 21:00:00+00:00,139.024,up_close,-274.2999999999995,9.449999999998226,-0.5853248876712329,-284.33532488766895,-289.06032488766806,-286.1385523410936
EUR_JPY,1,9.87094775445695,2022-09-26 21:00:00+00:00,2022-09-27 21:00:00+00:00,138.88,2022-09-28 21:00:00+00:00,140.296,up_close,141.59999999999968,12.949999999999307,-0.5853248876712329,128.06467511232916,121.58967511232949,126.26144765890449
EUR_JPY,-1,92.18491152382116,2022-09-28 21:00:00+00:00,2022-09-29 21:00:00+00:00,141.857,2022-10-05 21:00:00+00:00,142.959,down_close,-110.20000000000039,15.000000000000568,-5.1119389712328775,-130.31193897123384,-137.81193897123413,-132.98553233835713
EUR_JPY,-1,95.1371056282447,2022-10-12 21:00:00+00:00,2022-10-13 21:00:00+00:00,143.908,2022-10-19 21:00:00+00:00,146.504,down_close,-259.60000000000036,10.850000000000648,-5.112447065753425,-275.56244706575444,-280.9874470657548,-278.2360404328777
EUR_JPY,1,5.930345552925758,2022-11-02 21:00:00+00:00,2022-11-03 21:00:00+00:00,144.47,2022-11-06 22:00:00+00:00,145.562,up_close,109.2000000000013,14.999999999999147,0.19510829589041095,94.39510829589256,86.89510829589298,93.79403247808435
EUR_JPY,1,6.703345693369087,2022-11-09 22:00:00+00:00,2022-11-10 22:00:00+00:00,143.926,2022-11-14 22:00:00+00:00,144.549,up_close,62.30000000000189,14.999999999997726,0.3902165917808219,47.69021659178498,40.19021659178612,46.48806495616854
EUR_JPY,1,9.567842060010776,2022-11-23 22:00:00+00:00,2022-11-24 22:00:00+00:00,144.33,2022-11-27 22:00:00+00:00,144.498,up_close,16.799999999997794,14.54999999999984,0.19510829589041095,2.4451082958883648,-4.829891704111556,1.8440324780801454
EUR_JPY,1,9.013305402790579,2022-11-28 22:00:00+00:00,2022-11-29 22:00:00+00:00,143.349,2022-11-30 22:00:00+00:00,143.691,up_close,34.200000000001296,14.999999999999147,0.5853248876712329,19.785324887673383,12.285324887673807,17.982097434248725
EUR_JPY,1,7.565591301568219,2022-12-01 22:00:00+00:00,2022-12-04 22:00:00+00:00,141.767,2022-12-05 22:00:00+00:00,143.425,up_close,165.80000000000155,15.000000000000568,0.19663257945205473,150.99663257945303,143.49663257945275,150.39555676164483
EUR_JPY,1,8.041868581058935,2022-12-19 22:00:00+00:00,2022-12-20 22:00:00+00:00,139.875,2022-12-21 22:00:00+00:00,140.448,up_close,57.30000000000075,14.999999999999147,1.352039519178082,43.65203951917969,36.152039519180114,41.84881206575503
EUR_JPY,1,8.323989155737863,2023-01-01 22:00:00+00:00,2023-01-02 22:00:00+00:00,139.403,2023-01-04 22:00:00+00:00,140.652,up_close,124.89999999999952,15.000000000000568,1.7011004547945205,111.60110045479348,104.1011004547932,109.19679718356059
EUR_JPY,-1,91.07741815743037,2023-01-09 22:00:00+00:00,2023-01-10 22:00:00+00:00,141.872,2023-01-12 22:00:00+00:00,140.272,down_close,160.00000000000227,14.300000000000068,-5.887799304109588,139.8122006958926,132.66220069589258,138.0298051178104
EUR_JPY,1,8.863558276879886,2023-01-12 22:00:00+00:00,2023-01-15 22:00:00+00:00,138.417,2023-01-16 22:00:00+00:00,139.057,up_close,63.999999999998636,12.550000000000239,0.42527511369863014,51.87527511369703,45.60027511369691,51.274199295888806
EUR_JPY,-1,95.394919856368,2023-01-22 22:00:00+00:00,2023-01-23 22:00:00+00:00,142.04,2023-01-24 22:00:00+00:00,141.731,down_close,30.89999999999975,9.299999999998931,-1.471949826027397,20.12805017397342,15.478050173973955,19.682451279452874
EUR_JPY,-1,90.77070748415532,2023-02-14 22:00:00+00:00,2023-02-15 22:00:00+00:00,143.361,2023-02-16 22:00:00+00:00,142.992,down_close,36.89999999999998,11.85000000000116,-1.7254889917808223,23.324511008217996,17.399511008217416,22.878912113697446
EUR_JPY,1,3.8955473718175,2023-03-12 21:00:00+00:00,2023-03-13 21:00:00+00:00,143.031,2023-03-14 21:00:00+00:00,144.149,up_close,111.7999999999995,15.000000000000568,0.677798090410959,97.47779809040989,89.9777980904096,96.87672227260167
EUR_JPY,-1,90.31276507284514,2023-03-28 21:00:00+00:00,2023-03-29 21:00:00+00:00,144.036,2023-04-02 21:00:00+00:00,144.545,down_close,-50.89999999999861,14.54999999999984,-3.957040126027398,-69.40704012602585,-76.68204012602577,-70.29823791506695
EUR_JPY,-1,94.84174767117132,2023-04-10 21:00:00+00:00,2023-04-11 21:00:00+00:00,145.856,2023-04-17 21:00:00+00:00,146.892,down_close,-103.60000000000014,11.950000000000216,-11.865023243835616,-127.41502324383598,-133.39002324383608,-130.08861661095926
EUR_JPY,-1,90.34565117046655,2023-04-17 21:00:00+00:00,2023-04-18 21:00:00+00:00,147.144,2023-04-20 21:00:00+00:00,147.26,down_close,-11.599999999998545,9.599999999998943,-7.91001549589041,-29.110015495887897,-33.91001549588737,-30.89241107397009
EUR_JPY,-1,92.19486329081137,2023-04-23 21:00:00+00:00,2023-04-24 21:00:00+00:00,148.321,2023-04-25 21:00:00+00:00,146.867,down_close,145.40000000000077,10.949999999998283,-1.9775038739726025,132.47249612602988,126.99749612603074,132.02689723150934
EUR_JPY,-1,93.1751919602245,2023-04-27 21:00:00+00:00,2023-04-30 21:00:00+00:00,150.164,2023-05-02 21:00:00+00:00,150.142,down_close,2.199999999999136,14.999999999999147,-3.9915905534246576,-16.79159055342467,-24.291590553424243,-17.682788342465763
EUR_JPY,1,5.1556966243571765,2023-05-10 21:00:00+00:00,2023-05-11 21:00:00+00:00,146.846,2023-05-14 21:00:00+00:00,147.298,up_close,45.19999999999982,11.249999999999716,1.0761441945205479,35.02614419452065,29.401144194520793,34.42506837671243
EUR_JPY,-1,94.97008198407,2023-05-16 21:00:00+00:00,2023-05-17 21:00:00+00:00,149.21,2023-05-21 21:00:00+00:00,149.14,down_close,7.00000000000216,12.899999999999068,-4.24563781369863,-10.145637813695537,-16.59563781369507,-11.036835602736634
EUR_JPY,-1,91.9546670646079,2023-05-25 21:00:00+00:00,2023-05-28 21:00:00+00:00,150.768,2023-05-29 21:00:00+00:00,150.385,down_close,38.30000000000098,14.900000000000091,-2.122818906849315,21.277181093151572,13.827181093151527,20.831582198631025
EUR_JPY,1,7.954093662047413,2023-05-30 21:00:00+00:00,2023-05-31 21:00:00+00:00,148.939,2023-06-01 21:00:00+00:00,149.437,up_close,49.80000000000189,14.999999999999147,1.0837656123287673,35.88376561233151,28.383765612331935,35.282689794523286
EUR_JPY,-1,97.47944198366555,2023-06-12 21:00:00+00:00,2023-06-13 21:00:00+00:00,151.355,2023-06-19 21:00:00+00:00,155.038,down_close,-368.3000000000021,11.50000000000091,-12.782641947945207,-392.5826419479482,-398.3326419479487,-395.25623531507154
EUR_JPY,-1,90.65665157879926,2023-06-21 21:00:00+00:00,2023-06-22 21:00:00+00:00,156.749,2023-06-25 21:00:00+00:00,156.468,down_close,28.10000000000059,13.84999999999934,-2.2574639547945208,11.99253604520673,5.06753604520706,11.546937150686182
EUR_JPY,-1,93.82021486269839,2023-06-26 21:00:00+00:00,2023-06-27 21:00:00+00:00,157.895,2023-06-28 21:00:00+00:00,157.63,down_close,26.500000000001478,9.499999999999886,-6.772391864383563,10.227608135618029,5.477608135618086,8.890811452056386
EUR_JPY,1,3.3234058146960876,2023-07-06 21:00:00+00:00,2023-07-09 21:00:00+00:00,155.846,2023-07-13 21:00:00+00:00,154.781,up_close,-106.49999999999977,14.999999999999147,7.20376411232877,-114.29623588767015,-121.79623588766972,-117.90269079451947
EUR_JPY,-1,93.76032811375893,2023-07-18 21:00:00+00:00,2023-07-19 21:00:00+00:00,156.38,2023-07-20 21:00:00+00:00,155.908,down_close,47.20000000000084,11.499999999999488,-2.247302064383562,33.45269793561779,27.702697935618048,33.00709904109724
EUR_JPY,1,4.363043313559075,2023-07-26 21:00:00+00:00,2023-07-27 21:00:00+00:00,153.057,2023-07-30 21:00:00+00:00,155.419,up_close,236.20000000000232,14.999999999997726,1.200627352054795,222.4006273520594,214.90062735206052,221.79955153425118
EUR_JPY,-1,93.46741829197755,2023-08-08 21:00:00+00:00,2023-08-09 21:00:00+00:00,157.735,2023-08-13 21:00:00+00:00,158.769,down_close,-103.39999999999918,14.60000000000008,-4.7669427917808225,-122.76694279178008,-130.06694279178012,-123.65814058082118
EUR_JPY,-1,93.35794582732967,2023-08-15 21:00:00+00:00,2023-08-16 21:00:00+00:00,159.271,2023-08-17 21:00:00+00:00,158.469,down_close,80.19999999999925,15.000000000000568,-2.3834713958904112,62.81652860410827,55.31652860410799,62.37092970958772
EUR_JPY,-1,96.54598956932752,2023-08-29 21:00:00+00:00,2023-08-30 21:00:00+00:00,159.654,2023-08-31 21:00:00+00:00,157.751,down_close,190.29999999999916,15.000000000000568,-2.3834713958904112,172.91652860410818,165.4165286041079,172.47092970958764
EUR_JPY,1,7.766178721981959,2023-10-02 21:00:00+00:00,2023-10-03 21:00:00+00:00,155.983,2023-10-04 21:00:00+00:00,156.424,up_close,44.10000000000025,13.299999999999557,4.324392464383562,35.12439246438426,28.47439246438448,33.3211650109596
EUR_JPY,-1,94.51352006659286,2023-10-22 21:00:00+00:00,2023-10-23 21:00:00+00:00,159.666,2023-10-24 21:00:00+00:00,158.757,down_close,90.89999999999918,15.000000000000568,-2.4881388671232876,73.41186113287533,65.91186113287505,72.96626223835477
EUR_JPY,-1,91.22184520895026,2023-10-30 21:00:00+00:00,2023-10-31 21:00:00+00:00,160.379,2023-11-01 21:00:00+00:00,159.586,down_close,79.2999999999978,10.850000000000648,-7.456795183561644,60.9932048164355,55.56820481643518,59.65640813287386
EUR_JPY,-1,90.65391942816706,2023-11-06 22:00:00+00:00,2023-11-07 22:00:00+00:00,160.923,2023-11-09 22:00:00+00:00,161.489,down_close,-56.60000000000025,14.999999999999147,-9.942393578082191,-81.54239357808159,-89.04239357808116,-83.32478915616377
EUR_JPY,-1,92.90849443055842,2023-11-12 22:00:00+00:00,2023-11-13 22:00:00+00:00,162.319,2023-11-16 22:00:00+00:00,163.579,down_close,-126.00000000000193,15.000000000000568,-12.427991972602738,-153.42799197260524,-160.92799197260553,-155.655986445208
EUR_JPY,1,7.8172778160991925,2023-11-20 22:00:00+00:00,2023-11-21 22:00:00+00:00,161.91,2023-11-22 22:00:00+00:00,162.797,up_close,88.70000000000005,10.349999999999682,4.316771046575342,82.6667710465757,77.49177104657586,80.86354359315105
EUR_JPY,1,7.402444471661397,2023-11-28 22:00:00+00:00,2023-11-29 22:00:00+00:00,161.512,2023-12-06 22:00:00+00:00,158.576,timecap,-293.6000000000007,8.650000000000091,10.063320073972603,-292.1866799260282,-296.51167992602825,-296.39421065068575
EUR_JPY,1,0.04254535134451487,2023-12-06 22:00:00+00:00,2023-12-07 22:00:00+00:00,155.571,2023-12-10 22:00:00+00:00,155.987,up_close,41.59999999999968,15.000000000000568,1.437399398630137,28.03739939862925,20.537399398628967,27.436323580821032
EUR_JPY,1,7.56255174266434,2024-01-01 22:00:00+00:00,2024-01-02 22:00:00+00:00,155.309,2024-01-03 22:00:00+00:00,156.512,up_close,120.3000000000003,15.000000000000568,4.315246763013699,109.61524676301343,102.11524676301315,107.81201930958876
EUR_JPY,-1,90.54027153736871,2024-01-03 22:00:00+00:00,2024-01-04 22:00:00+00:00,158.312,2024-01-07 22:00:00+00:00,158.267,down_close,4.500000000001592,11.10000000000042,-2.4850903,-9.085090299998829,-14.635090299999039,-9.530689194519377
EUR_JPY,-1,95.54447095103909,2024-01-09 22:00:00+00:00,2024-01-10 22:00:00+00:00,159.872,2024-01-11 22:00:00+00:00,159.374,down_close,49.80000000000189,9.700000000000841,-2.4850903,37.61490970000104,32.76490970000062,37.1693108054805
EUR_JPY,-1,92.82283675605363,2024-01-16 22:00:00+00:00,2024-01-17 22:00:00+00:00,161.198,2024-01-18 22:00:00+00:00,161.08,down_close,11.7999999999995,12.000000000000455,-2.4850903,-2.685090300000955,-8.685090300001182,-3.130689194521503
EUR_JPY,-1,90.84864995251081,2024-01-18 22:00:00+00:00,2024-01-21 22:00:00+00:00,161.532,2024-01-22 22:00:00+00:00,161.236,down_close,29.60000000000207,15.000000000000568,-2.4850903,12.114909700001501,4.614909700001217,11.669310805480952
EUR_JPY,1,6.201718461981699,2024-01-24 22:00:00+00:00,2024-01-25 22:00:00+00:00,160.121,2024-01-28 22:00:00+00:00,160.57,up_close,44.899999999998386,14.700000000000557,1.438415587671233,31.638415587669062,24.288415587668784,31.037339769860843
EUR_JPY,-1,90.32070910665418,2024-02-12 22:00:00+00:00,2024-02-13 22:00:00+00:00,161.398,2024-02-15 22:00:00+00:00,161.53,down_close,-13.2000000000005,14.999999999999147,-9.924102175342465,-38.12410217534212,-45.62410217534169,-39.906497753424304
EUR_JPY,-1,94.70508890219422,2024-02-15 22:00:00+00:00,2024-02-18 22:00:00+00:00,161.845,2024-02-19 22:00:00+00:00,161.862,down_close,-1.6999999999995907,13.84999999999792,-2.4810255438356164,-18.031025543833128,-24.956025543832087,-18.476624438353674
EUR_JPY,-1,92.48709408963401,2024-02-19 22:00:00+00:00,2024-02-20 22:00:00+00:00,162.094,2024-02-25 22:00:00+00:00,163.005,down_close,-91.10000000000014,14.100000000000534,-12.405127719178083,-117.60512771917875,-124.65512771917902,-119.83312219178148
EUR_JPY,-1,97.69642777424777,2024-02-25 22:00:00+00:00,2024-02-26 22:00:00+00:00,163.475,2024-02-27 22:00:00+00:00,163.24,down_close,23.499999999998522,15.000000000000568,-2.4810255438356164,6.018974456162337,-1.481025543837947,5.5733755616417895
EUR_JPY,1,3.689667909671769,2024-03-07 22:00:00+00:00,2024-03-10 21:00:00+00:00,160.923,2024-03-12 21:00:00+00:00,161.4,up_close,47.70000000000039,14.999999999999147,2.8402483698630143,35.54024836986425,28.04024836986468,34.33809673424781
EUR_JPY,-1,93.9842097225359,2024-03-18 21:00:00+00:00,2024-03-19 21:00:00+00:00,163.848,2024-03-21 21:00:00+00:00,164.724,down_close,-87.59999999999764,15.000000000000568,-9.867195589041097,-112.4671955890393,-119.96719558903959,-114.2495911671215
EUR_JPY,1,8.216598846825619,2024-03-31 21:00:00+00:00,2024-04-01 21:00:00+00:00,162.882,2024-04-02 21:00:00+00:00,163.277,up_close,39.49999999999818,14.95000000000033,1.3921789863013698,25.942178986299222,18.467178986299057,25.341103168491003
EUR_JPY,-1,90.22635992315632,2024-04-02 21:00:00+00:00,2024-04-03 21:00:00+00:00,164.335,2024-04-04 21:00:00+00:00,164.02,down_close,31.499999999999773,12.600000000000477,-2.4388536986301372,16.46114630136916,10.16114630136892,16.01554740684861
EUR_JPY,1,3.750814364579057,2024-04-11 21:00:00+00:00,2024-04-14 21:00:00+00:00,162.808,2024-04-15 21:00:00+00:00,163.89,up_close,108.19999999999936,11.299999999999955,1.3921789863013698,98.29217898630078,92.6421789863008,97.69110316849256
EUR_JPY,-1,96.61829730059866,2024-04-22 21:00:00+00:00,2024-04-23 21:00:00+00:00,165.688,2024-04-29 21:00:00+00:00,167.598,down_close,-191.0000000000025,7.950000000001012,-14.633122191780823,-213.58312219178433,-217.55812219178483,-216.25671555890762
EUR_JPY,-1,93.45503399992845,2024-05-08 21:00:00+00:00,2024-05-09 21:00:00+00:00,167.688,2024-05-15 21:00:00+00:00,168.582,down_close,-89.40000000000055,12.749999999998352,-14.633122191780824,-116.78312219177973,-123.1581221917789,-119.45671555890301
EUR_JPY,-1,90.37385944674394,2024-05-19 21:00:00+00:00,2024-05-20 21:00:00+00:00,169.639,2024-05-21 21:00:00+00:00,169.513,down_close,12.600000000000477,12.400000000000944,-2.4388536986301372,-2.2388536986306034,-8.438853698631075,-2.6844525931511516
EUR_JPY,-1,96.7497546346738,2024-05-23 21:00:00+00:00,2024-05-26 21:00:00+00:00,170.301,2024-05-29 21:00:00+00:00,170.267,down_close,3.3999999999991815,12.300000000000466,-12.194268493150688,-21.094268493151972,-27.244268493152205,-23.32226296575471
EUR_JPY,1,9.557584079582597,2024-06-03 21:00:00+00:00,2024-06-04 21:00:00+00:00,168.525,2024-06-05 21:00:00+00:00,169.686,up_close,116.10000000000014,11.299999999999955,4.1765369589041095,108.97653695890429,103.32653695890431,107.17330950547964
EUR_JPY,-1,90.34121955887305,2024-06-18 21:00:00+00:00,2024-06-19 21:00:00+00:00,169.802,2024-06-25 21:00:00+00:00,171.095,down_close,-129.30000000000064,14.999999999999147,-9.247320273972603,-153.5473202739724,-161.04732027397196,-155.3297158520546
EUR_JPY,-1,92.58274413909568,2024-06-26 21:00:00+00:00,2024-06-27 21:00:00+00:00,172.12,2024-07-04 21:00:00+00:00,174.378,down_close,-225.79999999999814,11.950000000000216,-16.179761912328765,-253.9297619123271,-259.9047619123272,-257.04895417397097
EUR_JPY,-1,93.32984099090656,2024-07-09 21:00:00+00:00,2024-07-10 21:00:00+00:00,175.046,2024-07-11 21:00:00+00:00,172.671,down_close,237.5,13.250000000000739,-2.3113219739726025,221.93867802602665,215.31367802602628,221.4930791315061
EUR_JPY,1,3.3720738538725215,2024-07-22 21:00:00+00:00,2024-07-23 21:00:00+00:00,168.854,2024-07-25 21:00:00+00:00,166.954,up_close,-190.00000000000057,9.05000000000058,5.058589046575341,-193.9914109534258,-198.5164109534261,-196.3957142246587
EUR_JPY,1,7.683241800417392,2024-07-25 21:00:00+00:00,2024-07-28 21:00:00+00:00,166.962,2024-08-04 21:00:00+00:00,159.94,timecap,-702.1999999999991,14.999999999999147,8.701118664383559,-708.4988813356147,-715.9988813356143,-712.7064120602722
EUR_JPY,1,0.0316945061861702,2024-08-04 21:00:00+00:00,2024-08-05 21:00:00+00:00,157.891,2024-08-07 21:00:00+00:00,160.201,up_close,231.00000000000023,15.000000000000568,4.755764712328767,220.7557647123284,213.25576471232813,218.35146144109555
EUR_JPY,-1,91.75855004236405,2024-08-13 21:00:00+00:00,2024-08-14 21:00:00+00:00,162.184,2024-08-18 21:00:00+00:00,162.75,down_close,-56.60000000000025,13.800000000000523,-4.471231780821918,-74.8712317808227,-81.77123178082296,-75.76242956986378
EUR_JPY,1,7.88098190998231,2024-08-27 21:00:00+00:00,2024-08-28 21:00:00+00:00,160.712,2024-09-01 21:00:00+00:00,161.424,up_close,71.20000000000175,14.24999999999983,2.3778823561643834,59.327882356166306,52.20288235616639,58.12573072054987
EUR_JPY,-1,93.55713065487126,2024-09-01 21:00:00+00:00,2024-09-02 21:00:00+00:00,162.679,2024-09-03 21:00:00+00:00,160.701,down_close,197.80000000000086,11.599999999999966,-2.235615890410959,183.96438410958993,178.16438410958995,183.51878521506939
EUR_JPY,1,5.908785331709211,2024-09-05 21:00:00+00:00,2024-09-08 21:00:00+00:00,157.769,2024-09-09 21:00:00+00:00,158.033,up_close,26.39999999999816,15.000000000000568,1.1889411780821917,12.588941178079782,5.088941178079497,11.987865360271563
EUR_JPY,1,8.889053037492886,2024-09-09 21:00:00+00:00,2024-09-10 21:00:00+00:00,156.968,2024-09-12 21:00:00+00:00,157.077,up_close,10.900000000000887,14.999999999999147,4.755764712328767,0.6557647123305061,-6.8442352876690675,-1.748538558902371
EUR_JPY,-1,92.54261633070013,2024-09-18 21:00:00+00:00,2024-09-19 21:00:00+00:00,159.162,2024-09-23 21:00:00+00:00,159.517,down_close,-35.49999999999898,15.000000000000568,-4.217184520547946,-54.71718452054749,-62.217184520547775,-55.608382309588585
EUR_USD,-1,100.0,2020-11-15 22:00:00+00:00,2020-11-16 22:00:00+00:00,1.18522,2020-11-18 22:00:00+00:00,1.18558,down_close,-3.60000000000138,4.750000000001142,-0.42646991780821913,-8.776469917810742,-11.151469917811312,-9.942990575344988
EUR_USD,-1,97.5630319328972,2020-11-26 22:00:00+00:00,2020-11-29 22:00:00+00:00,1.19618,2020-11-30 22:00:00+00:00,1.19271,down_close,34.70000000000084,4.6000000000001595,-0.10661747945205478,29.99338252054863,27.693382520548546,29.701752356165066
EUR_USD,-1,92.73303142237522,2020-12-01 22:00:00+00:00,2020-12-02 22:00:00+00:00,1.21144,2020-12-06 22:00:00+00:00,1.21323,down_close,-17.899999999999583,4.899999999999904,-0.21323495890410957,-23.013234958903595,-25.46323495890355,-23.59649528767072
EUR_USD,-1,93.10456866180564,2020-12-15 22:00:00+00:00,2020-12-16 22:00:00+00:00,1.21991,2020-12-20 22:00:00+00:00,1.22221,down_close,-22.999999999999687,4.3999999999999595,-0.21323495890410957,-27.613234958903757,-29.813234958903735,-28.19649528767088
EUR_USD,-1,90.20763863038621,2020-12-28 22:00:00+00:00,2020-12-29 22:00:00+00:00,1.22508,2021-01-03 22:00:00+00:00,1.224,down_close,10.799999999999699,10.000000000000009,-0.5330873972602739,0.26691260273941597,-4.733087397260589,-1.1912382191783923
EUR_USD,1,6.963613599790577,2021-01-10 22:00:00+00:00,2021-01-11 22:00:00+00:00,1.21514,2021-01-12 22:00:00+00:00,1.22072,up_close,55.79999999999918,6.449999999998957,-0.5299515890410958,48.820048410959124,45.59504841095965,48.475109506849535
EUR_USD,1,7.3949593975842305,2021-01-14 22:00:00+00:00,2021-01-17 22:00:00+00:00,1.2084,2021-01-19 22:00:00+00:00,1.21284,up_close,44.39999999999999,6.799999999999029,-1.0599031780821917,36.540096821918766,33.14009682191926,35.85021901369959
EUR_USD,1,9.372359486560839,2021-02-01 22:00:00+00:00,2021-02-02 22:00:00+00:00,1.20427,2021-02-07 22:00:00+00:00,1.20382,up_close,-4.500000000000615,4.899999999999904,-2.634078904109589,-12.034078904110109,-14.48407890411006,-13.758773424658052
EUR_USD,-1,92.19595625921202,2021-02-10 22:00:00+00:00,2021-02-11 22:00:00+00:00,1.21287,2021-02-14 22:00:00+00:00,1.21252,down_close,3.4999999999985043,6.599999999999939,-0.10975328767123284,-3.209753287672668,-6.5097532876726385,-3.5013834520562295
EUR_USD,1,4.998660643205355,2021-02-16 22:00:00+00:00,2021-02-17 22:00:00+00:00,1.20412,2021-02-18 22:00:00+00:00,1.20908,up_close,49.59999999999853,3.3500000000008523,-0.5236799726027397,45.726320027394934,44.05132002739451,45.38138112328535
EUR_USD,1,9.655085962579292,2021-02-25 22:00:00+00:00,2021-02-28 22:00:00+00:00,1.20713,2021-03-02 22:00:00+00:00,1.20916,up_close,20.299999999999763,7.099999999999884,-1.0473599452054794,12.1526400547944,8.602640054794456,11.46276224657522
EUR_USD,1,8.81051319996834,2021-03-03 22:00:00+00:00,2021-03-04 22:00:00+00:00,1.19698,2021-03-09 22:00:00+00:00,1.18987,up_close,-71.0999999999995,9.050000000000447,-1.571039917808219,-81.72103991780817,-86.24603991780839,-82.75585663013693
EUR_USD,1,5.0626448040118674,2021-03-24 21:00:00+00:00,2021-03-25 21:00:00+00:00,1.1765,2021-03-28 21:00:00+00:00,1.17944,up_close,29.399999999999427,5.749999999999922,-0.5236799726027397,23.126320027396766,20.251320027396805,22.781381123287176
EUR_USD,1,9.661107340025225,2021-03-29 21:00:00+00:00,2021-03-30 21:00:00+00:00,1.17175,2021-03-31 21:00:00+00:00,1.17298,up_close,12.299999999998423,3.4999999999996145,-1.561632493150685,7.238367506848124,5.488367506848316,6.203550794519357
EUR_USD,-1,93.60386665457891,2021-04-05 21:00:00+00:00,2021-04-06 21:00:00+00:00,1.18758,2021-04-07 21:00:00+00:00,1.1867,down_close,8.799999999999919,8.199999999999319,-0.3386672876712328,0.2613327123293673,-3.838667287670291,-0.6135577808213175
EUR_USD,-1,94.4227802529488,2021-04-07 21:00:00+00:00,2021-04-08 21:00:00+00:00,1.1915,2021-04-11 21:00:00+00:00,1.18906,down_close,24.399999999999977,6.799999999999029,-0.11288909589041093,17.487110904110537,14.087110904111023,17.195480739726975
EUR_USD,-1,92.12494042619626,2021-04-12 21:00:00+00:00,2021-04-13 21:00:00+00:00,1.1948,2021-04-15 21:00:00+00:00,1.19665,down_close,-18.499999999999073,5.650000000000377,-0.45155638356164374,-24.601556383561096,-27.426556383561284,-25.768077041095342
EUR_USD,-1,95.34031121943698,2021-04-18 21:00:00+00:00,2021-04-19 21:00:00+00:00,1.20382,2021-04-20 21:00:00+00:00,1.2034,down_close,4.199999999998649,5.399999999999849,-0.11288909589041093,-1.312889095891611,-4.012889095891536,-1.6045192602751728
EUR_USD,-1,92.17890031486745,2021-04-27 21:00:00+00:00,2021-04-28 21:00:00+00:00,1.21252,2021-04-29 21:00:00+00:00,1.21199,down_close,5.300000000001415,7.150000000000212,-0.11602490410958903,-1.9660249041083862,-5.541024904108492,-2.257655068491948
EUR_USD,-1,91.82670758103278,2021-05-06 21:00:00+00:00,2021-05-09 21:00:00+00:00,1.2164,2021-05-10 21:00:00+00:00,1.21293,down_close,34.69999999999862,10.000000000000009,-0.11602490410958903,24.58397509588902,19.583975095889013,24.29234493150546
EUR_USD,-1,94.59238082904099,2021-05-17 21:00:00+00:00,2021-05-18 21:00:00+00:00,1.22239,2021-05-19 21:00:00+00:00,1.2169,down_close,54.89999999999995,8.249999999999647,-0.3480747123287671,46.30192528767154,42.17692528767171,45.42703479452085
EUR_USD,1,5.046426266070412,2021-06-02 21:00:00+00:00,2021-06-03 21:00:00+00:00,1.21273,2021-06-06 21:00:00+00:00,1.21668,up_close,39.49999999999898,4.549999999999832,-0.5205441643835617,34.429455835615585,32.15445583561567,34.084516931505995
EUR_USD,1,5.685736690770611,2021-06-10 21:00:00+00:00,2021-06-13 21:00:00+00:00,1.21088,2021-06-14 21:00:00+00:00,1.21194,up_close,10.600000000000609,6.9499999999989015,-0.5205441643835617,3.129455835618146,-0.345544164381305,2.7845169315085565
EUR_USD,1,4.271806261980743,2021-06-15 21:00:00+00:00,2021-06-16 21:00:00+00:00,1.19955,2021-06-21 21:00:00+00:00,1.19187,up_close,-76.79999999999909,4.049999999998777,-1.5992621917808223,-82.44926219177869,-84.47426219177808,-83.48407890410745
EUR_USD,1,8.730443848792007,2021-06-28 21:00:00+00:00,2021-06-29 21:00:00+00:00,1.18974,2021-07-04 21:00:00+00:00,1.18665,up_close,-30.90000000000037,6.550000000000722,-2.6466221369863017,-40.0966221369874,-43.37162213698776,-41.82131665753534
EUR_USD,1,8.110615275458272,2021-07-05 21:00:00+00:00,2021-07-06 21:00:00+00:00,1.1824,2021-07-08 21:00:00+00:00,1.18444,up_close,20.400000000000418,5.299999999999194,-2.1323495890410964,12.967650410960127,10.31765041096053,11.587894794521771
EUR_USD,-1,95.5678807721854,2021-07-27 21:00:00+00:00,2021-07-28 21:00:00+00:00,1.18442,2021-08-01 21:00:00+00:00,1.1866,down_close,-21.800000000000708,6.799999999999029,-0.21637076712328762,-28.816370767123026,-32.21637076712254,-29.39963109589015
EUR_USD,1,1.5981406713205217,2021-08-05 21:00:00+00:00,2021-08-08 21:00:00+00:00,1.17643,2021-08-11 21:00:00+00:00,1.17392,up_close,-25.100000000000122,6.4000000000008495,-2.6654369863013705,-34.165436986302346,-37.36543698630277,-35.89013150685029
EUR_USD,1,9.16203200900405,2021-08-18 21:00:00+00:00,2021-08-19 21:00:00+00:00,1.16762,2021-08-22 21:00:00+00:00,1.1697,up_close,20.799999999998597,6.299999999999084,-0.5299515890410958,13.970048410958418,10.820048410958876,13.625109506848828
EUR_USD,-1,91.31810661052792,2021-08-24 21:00:00+00:00,2021-08-25 21:00:00+00:00,1.17728,2021-08-26 21:00:00+00:00,1.17518,down_close,21.000000000002128,3.349999999999742,-0.10661747945205478,17.54338252055033,15.86838252055046,17.25175235616677
EUR_USD,-1,90.41321642902906,2021-08-30 21:00:00+00:00,2021-08-31 21:00:00+00:00,1.18098,2021-09-06 21:00:00+00:00,1.18705,down_close,-60.700000000000195,3.7000000000009248,-0.6585197260273971,-65.0585197260285,-66.90851972602897,-66.80830071232988
EUR_USD,1,8.695620670557261,2021-09-07 21:00:00+00:00,2021-09-08 21:00:00+00:00,1.18166,2021-09-09 21:00:00+00:00,1.18252,up_close,8.60000000000083,7.449999999998846,-0.5268157808219178,0.623184219180065,-3.101815780819359,0.2782453150704759
EUR_USD,1,9.155558236207298,2021-09-13 21:00:00+00:00,2021-09-14 21:00:00+00:00,1.1808,2021-09-15 21:00:00+00:00,1.18165,up_close,8.500000000000174,6.199999999999539,-1.5804473424657535,0.7195526575348814,-2.3804473424648873,-0.31526405479388586
EUR_USD,1,4.27570743922702,2021-09-16 21:00:00+00:00,2021-09-19 21:00:00+00:00,1.17319,2021-09-20 21:00:00+00:00,1.1726,up_close,-5.899999999998684,8.60000000000083,-0.5268157808219178,-15.026815780821432,-19.326815780821843,-15.37175468493102
EUR_USD,1,9.611651169767384,2021-09-20 21:00:00+00:00,2021-09-21 21:00:00+00:00,1.17256,2021-09-23 21:00:00+00:00,1.17388,up_close,13.199999999999878,1.7000000000000348,-2.1072631232876713,9.392736876712172,8.542736876712155,8.012981260273817
EUR_USD,1,3.038230118310139,2021-09-28 21:00:00+00:00,2021-09-29 21:00:00+00:00,1.1598,2021-10-03 21:00:00+00:00,1.1598,up_close,0.0,6.150000000000322,-1.0473599452054794,-7.197359945205801,-10.272359945205963,-7.88723775342498
EUR_USD,-1,90.37704305540349,2021-10-17 21:00:00+00:00,2021-10-18 21:00:00+00:00,1.16102,2021-10-21 21:00:00+00:00,1.16226,down_close,-12.400000000001299,5.399999999999849,-0.5487664383561642,-18.348766438357313,-21.048766438357237,-19.80691726027512
EUR_USD,-1,90.63063127720197,2021-10-27 21:00:00+00:00,2021-10-28 21:00:00+00:00,1.1683,2021-10-31 21:00:00+00:00,1.15596,down_close,123.39999999999795,7.599999999999829,-0.11288909589041093,115.68711090410771,111.8871109041078,115.39548073972415
EUR_USD,1,8.730338166555981,2021-11-09 22:00:00+00:00,2021-11-10 22:00:00+00:00,1.14788,2021-11-17 22:00:00+00:00,1.132,timecap,-158.80000000000115,4.349999999998522,-3.6877104657534248,-166.83771046575308,-169.01271046575235,-169.25228279452023
EUR_USD,-1,90.90748561434505,2022-01-11 22:00:00+00:00,2022-01-12 22:00:00+00:00,1.14416,2022-01-16 22:00:00+00:00,1.1416,down_close,25.600000000001177,7.599999999999829,-0.21950657534246568,17.780493424658886,13.980493424658968,17.19723309589176
EUR_USD,1,7.866642702932211,2022-01-17 22:00:00+00:00,2022-01-18 22:00:00+00:00,1.13235,2022-01-19 22:00:00+00:00,1.13428,up_close,19.299999999999873,9.999999999998899,-1.5804473424657535,7.719552657535221,2.7195526575357714,6.684735945206453
EUR_USD,1,5.721608288016185,2022-01-25 22:00:00+00:00,2022-01-26 22:00:00+00:00,1.12418,2022-01-30 22:00:00+00:00,1.11456,up_close,-96.19999999999962,8.199999999999319,-1.0536315616438356,-105.45363156164278,-109.55363156164243,-106.14350936986196
EUR_USD,-1,97.5511258214857,2022-02-02 22:00:00+00:00,2022-02-03 22:00:00+00:00,1.14382,2022-02-07 22:00:00+00:00,1.14416,down_close,-3.4000000000000696,3.7000000000009248,-0.21950657534246568,-7.3195065753434605,-9.169506575343922,-7.9027669041105835
EUR_USD,1,7.648147443492064,2022-02-10 22:00:00+00:00,2022-02-13 22:00:00+00:00,1.13403,2022-02-15 22:00:00+00:00,1.1358,up_close,17.699999999998273,4.150000000000542,-1.0536315616438356,12.496368438353894,10.421368438353625,11.806490630134716
EUR_USD,1,3.6233676426186747,2022-02-23 22:00:00+00:00,2022-02-24 22:00:00+00:00,1.11923,2022-02-27 22:00:00+00:00,1.12712,up_close,78.89999999999952,2.949999999999342,-0.5268157808219178,75.42318421917827,73.94818421917859,75.07824531506868
EUR_USD,1,5.143553062517512,2022-03-02 22:00:00+00:00,2022-03-03 22:00:00+00:00,1.1064,2022-03-08 22:00:00+00:00,1.0901,up_close,-162.9999999999998,5.949999999999012,-1.5804473424657535,-170.53044734246458,-173.50544734246407,-171.56526405479335
EUR_USD,-1,92.89610808241743,2022-03-16 21:00:00+00:00,2022-03-17 21:00:00+00:00,1.10928,2022-03-20 21:00:00+00:00,1.106,down_close,32.79999999999949,7.099999999999884,-0.031358082191780795,25.66864191780783,22.118641917807885,25.377011753424267
EUR_USD,-1,93.77314054848046,2022-03-28 21:00:00+00:00,2022-03-29 21:00:00+00:00,1.10872,2022-03-31 21:00:00+00:00,1.10657,down_close,21.499999999998742,5.20000000000076,-0.12543232876712318,16.17456767123086,13.57456767123048,15.008047013696613
EUR_USD,1,5.986759879523049,2022-04-04 21:00:00+00:00,2022-04-05 21:00:00+00:00,1.09054,2022-04-11 21:00:00+00:00,1.0884,up_close,-21.400000000000308,3.950000000000342,-3.631265917808219,-28.981265917808866,-30.956265917809038,-31.0508993424664
EUR_USD,1,5.733064973296251,2022-04-11 21:00:00+00:00,2022-04-12 21:00:00+00:00,1.08273,2022-04-13 21:00:00+00:00,1.08841,up_close,56.80000000000129,6.800000000000139,-1.8156329589041094,48.18436704109704,44.78436704109697,47.14955032876827
EUR_USD,1,7.492229320230734,2022-04-24 21:00:00+00:00,2022-04-25 21:00:00+00:00,1.07132,2022-05-01 21:00:00+00:00,1.05543,up_close,-158.89999999999958,7.900000000000684,-3.631265917808219,-170.43126591780847,-174.3812659178088,-172.50089934246603
EUR_USD,1,2.544668045766869,2022-05-11 21:00:00+00:00,2022-05-12 21:00:00+00:00,1.03781,2022-05-15 21:00:00+00:00,1.04058,up_close,27.700000000001612,10.000000000001119,-0.7620013972602739,16.93799860274022,11.93799860273966,16.59305969863063
EUR_USD,-1,90.74637692961232,2022-05-23 21:00:00+00:00,2022-05-24 21:00:00+00:00,1.07362,2022-05-25 21:00:00+00:00,1.06819,down_close,54.30000000000046,9.999999999998899,0.3762969863013699,44.67629698630293,39.676296986303484,43.80140649315224
EUR_USD,1,9.718981732340794,2022-06-08 21:00:00+00:00,2022-06-09 21:00:00+00:00,1.06172,2022-06-14 21:00:00+00:00,1.04114,up_close,-205.8000000000004,8.150000000000102,-2.2860041917808216,-216.23600419178132,-220.3110041917814,-217.27082090411008
EUR_USD,1,3.2212478000128044,2022-07-04 21:00:00+00:00,2022-07-05 21:00:00+00:00,1.02676,2022-07-10 21:00:00+00:00,1.01783,up_close,-89.29999999999882,10.000000000000009,-4.985935068493151,-104.28593506849198,-109.28593506849198,-106.01062958903992
EUR_USD,1,6.664094335595877,2022-07-10 21:00:00+00:00,2022-07-11 21:00:00+00:00,1.004,2022-07-13 21:00:00+00:00,1.00595,up_close,19.499999999998963,10.000000000000009,-3.9887480547945207,5.5112519452044335,0.5112519452044277,4.131496328766076
EUR_USD,-1,94.50408577736293,2022-07-18 21:00:00+00:00,2022-07-19 21:00:00+00:00,1.02275,2022-07-20 21:00:00+00:00,1.01784,down_close,49.099999999999696,8.299999999999974,1.0818538356164387,41.881853835616155,37.73185383561617,41.006963342465475
EUR_USD,-1,91.52349005631119,2022-08-09 21:00:00+00:00,2022-08-10 21:00:00+00:00,1.03006,2022-08-14 21:00:00+00:00,1.02571,down_close,43.50000000000076,7.050000000000667,0.8780263013698633,37.32802630136996,33.80302630136962,36.744765972602835
EUR_USD,1,7.610326096337445,2022-08-17 21:00:00+00:00,2022-08-18 21:00:00+00:00,1.00884,2022-08-23 21:00:00+00:00,0.99698,up_close,-118.59999999999981,6.849999999999357,-3.2267466575342465,-128.6767466575334,-132.10174665753308,-129.71156336986218
EUR_USD,-1,95.75934982451587,2022-08-30 21:00:00+00:00,2022-08-31 21:00:00+00:00,1.00542,2022-09-01 21:00:00+00:00,0.99448,down_close,109.3999999999995,7.4499999999994015,0.43901315068493163,102.38901315068502,98.66401315068532,102.09738298630145
EUR_USD,-1,95.58483698575742,2022-09-11 21:00:00+00:00,2022-09-12 21:00:00+00:00,1.01226,2022-09-13 21:00:00+00:00,0.99699,down_close,152.69999999999894,3.650000000000042,0.43901315068493163,149.48901315068383,147.66401315068381,149.19738298630028
EUR_USD,1,4.102904471655862,2022-09-20 21:00:00+00:00,2022-09-21 21:00:00+00:00,0.98373,2022-09-28 21:00:00+00:00,0.97351,up_close,-102.20000000000006,5.699999999999594,-7.529075534246575,-115.42907553424622,-118.27907553424602,-117.84364786301335
EUR_USD,-1,96.8336843049626,2022-10-03 21:00:00+00:00,2022-10-04 21:00:00+00:00,0.9987,2022-10-05 21:00:00+00:00,0.98853,down_close,101.70000000000012,7.349999999999857,1.3170394520547948,95.66703945205506,91.99203945205512,94.79214895890438
EUR_USD,-1,95.46252262566934,2022-10-24 21:00:00+00:00,2022-10-25 21:00:00+00:00,0.99662,2022-10-27 21:00:00+00:00,0.99655,down_close,0.6999999999990347,7.199999999999429,1.7560526027397265,-4.743947397260667,-8.343947397260383,-5.910468054794914
EUR_USD,1,5.918574752836335,2022-11-01 21:00:00+00:00,2022-11-02 21:00:00+00:00,0.98188,2022-11-06 22:00:00+00:00,0.99086,up_close,89.79999999999987,7.599999999999829,-2.1511644383561643,80.04883556164388,76.24883556164396,79.3589577534247
EUR_USD,-1,90.71245543695781,2022-11-07 22:00:00+00:00,2022-11-08 22:00:00+00:00,1.00769,2022-11-09 22:00:00+00:00,1.00118,down_close,65.10000000000015,10.000000000000009,1.3170394520547948,56.41703945205494,51.41703945205493,55.54214895890426
EUR_USD,-1,93.85829462569728,2022-11-10 22:00:00+00:00,2022-11-13 22:00:00+00:00,1.03351,2022-11-14 22:00:00+00:00,1.03282,down_close,6.899999999998574,9.999999999998899,0.43901315068493163,-2.660986849315393,-7.660986849314843,-2.952617013698955
EUR_USD,-1,90.94136857001772,2022-11-15 22:00:00+00:00,2022-11-16 22:00:00+00:00,1.0392,2022-11-17 22:00:00+00:00,1.03626,down_close,29.399999999999427,7.400000000000739,0.43901315068493163,22.439013150683618,18.73901315068325,22.147382986300055
EUR_USD,1,9.191728292600686,2022-11-20 22:00:00+00:00,2022-11-21 22:00:00+00:00,1.02444,2022-11-22 22:00:00+00:00,1.03035,up_close,59.10000000000082,7.300000000000084,-1.0755822191780822,50.724417780822655,47.07441778082261,50.379478876713065
EUR_USD,-1,93.43145506658055,2022-11-30 22:00:00+00:00,2022-12-01 22:00:00+00:00,1.0523,2022-12-05 22:00:00+00:00,1.04903,down_close,32.70000000000106,10.000000000001119,0.8780263013698633,23.578026301369807,18.57802630136925,22.994765972602682
EUR_USD,-1,93.74540311798727,2022-12-12 22:00:00+00:00,2022-12-13 22:00:00+00:00,1.06322,2022-12-15 22:00:00+00:00,1.06285,down_close,3.6999999999998145,6.650000000001377,1.9128430136986303,-1.0371569863029322,-4.362156986303621,-2.2036776438371786
EUR_USD,-1,90.97444360769225,2022-12-29 22:00:00+00:00,2023-01-01 23:05:00+00:00,1.06999,2023-01-02 22:00:00+00:00,1.06675,down_close,32.399999999999096,8.699999999999264,0.43901315068493146,24.139013150684764,19.789013150685133,23.847382986301202
EUR_USD,-1,97.16367902237926,2023-01-11 22:00:00+00:00,2023-01-12 22:00:00+00:00,1.08487,2023-01-15 22:00:00+00:00,1.08311,down_close,17.599999999999838,10.000000000001119,0.43901315068493146,8.039013150683651,3.0390131506830906,7.747382986300089
EUR_USD,-1,93.30237828738207,2023-01-22 22:00:00+00:00,2023-01-23 22:00:00+00:00,1.08718,2023-01-26 22:00:00+00:00,1.08916,down_close,-19.799999999998708,4.499999999999504,2.1950657534246574,-22.104934246573556,-24.354934246573308,-23.563085068491365
EUR_USD,-1,94.02671613678785,2023-01-31 22:00:00+00:00,2023-02-01 22:00:00+00:00,1.09886,2023-02-02 22:00:00+00:00,1.09096,down_close,79.00000000000017,5.7000000000007045,0.5174083561643836,73.81740835616385,70.96740835616349,73.52577819178029
EUR_USD,1,9.690809893154082,2023-02-07 22:00:00+00:00,2023-02-08 22:00:00+00:00,1.07126,2023-02-09 22:00:00+00:00,1.07383,up_close,25.699999999999612,5.749999999999922,-0.9940512054794524,18.95594879452024,16.08094879452028,18.61100989041065
EUR_USD,1,4.602557356557753,2023-02-21 22:00:00+00:00,2023-02-22 22:00:00+00:00,1.06059,2023-02-27 22:00:00+00:00,1.0606,up_close,0.10000000000065512,6.299999999999084,-2.9884252328767125,-9.188425232875142,-12.338425232874684,-10.22324194520391
EUR_USD,-1,93.16828937625088,2023-03-12 21:00:00+00:00,2023-03-13 21:00:00+00:00,1.07278,2023-03-15 21:00:00+00:00,1.0576,down_close,151.7999999999997,4.300000000001525,1.4424717808219176,148.94247178082009,146.7924717808193,147.77595112328586
EUR_USD,-1,90.44451194221952,2023-03-20 21:00:00+00:00,2023-03-21 21:00:00+00:00,1.07676,2023-03-23 21:00:00+00:00,1.08334,down_close,-65.8000000000003,6.749999999999812,0.893705342465754,-71.65629465753436,-75.03129465753426,-72.82281531506861
EUR_USD,-1,93.64413223271993,2023-03-29 21:00:00+00:00,2023-03-30 21:00:00+00:00,1.09059,2023-04-02 21:00:00+00:00,1.08416,down_close,64.29999999999936,4.449999999999177,0.28222273972602757,60.13222273972621,57.90722273972662,59.84059257534265
EUR_USD,-1,93.87146961706168,2023-04-12 21:00:00+00:00,2023-04-13 21:00:00+00:00,1.10465,2023-04-16 21:00:00+00:00,1.09901,down_close,56.39999999999867,6.499999999999284,0.28222273972602757,50.18222273972542,46.93222273972577,49.890592575341856
EUR_USD,-1,93.38739347545052,2023-04-23 21:00:00+00:00,2023-04-24 21:00:00+00:00,1.10461,2023-04-25 21:00:00+00:00,1.09724,down_close,73.70000000000098,6.749999999999812,0.28222273972602757,67.23222273972719,63.8572227397273,66.94059257534363
EUR_USD,1,9.53895918521367,2023-05-08 21:00:00+00:00,2023-05-09 21:00:00+00:00,1.0963,2023-05-10 21:00:00+00:00,1.09812,up_close,18.199999999999328,7.550000000000612,-2.7563754246575343,7.893624575341182,4.118624575340876,6.858807863012415
EUR_USD,1,5.714168125021644,2023-05-11 21:00:00+00:00,2023-05-14 21:00:00+00:00,1.08553,2023-05-15 21:00:00+00:00,1.08752,up_close,19.899999999999363,4.899999999999904,-0.918791808219178,14.08120819178028,11.63120819178033,13.73626928767069
EUR_USD,1,3.7717151952037113,2023-05-17 21:00:00+00:00,2023-05-18 21:00:00+00:00,1.07701,2023-05-21 21:00:00+00:00,1.08078,up_close,37.70000000000051,7.850000000000357,-0.918791808219178,28.93120819178097,25.006208191780793,28.586269287671385
EUR_USD,1,6.103313632292682,2023-05-24 21:00:00+00:00,2023-05-25 21:00:00+00:00,1.07264,2023-05-28 21:00:00+00:00,1.07223,up_close,-4.100000000000215,4.649999999999377,-0.918791808219178,-9.668791808218769,-11.993791808218457,-10.013730712328359
EUR_USD,1,3.04809184373444,2023-05-28 21:00:00+00:00,2023-05-29 21:00:00+00:00,1.07118,2023-05-30 21:00:00+00:00,1.0729,up_close,17.199999999999438,10.000000000000009,-0.918791808219178,6.281208191780251,1.2812081917802458,5.936269287670662
EUR_USD,-1,90.81876621609452,2023-06-07 21:00:00+00:00,2023-06-08 21:00:00+00:00,1.07838,2023-06-11 21:00:00+00:00,1.07492,down_close,34.59999999999796,7.200000000000539,0.28222273972602735,27.68222273972345,24.082222739723182,27.390592575339888
EUR_USD,-1,93.09969704162258,2023-06-13 21:00:00+00:00,2023-06-14 21:00:00+00:00,1.0832,2023-06-18 21:00:00+00:00,1.09422,down_close,-110.20000000000029,10.000000000001119,0.5613096712328767,-119.63869032876853,-124.63869032876909,-120.22195065753566
EUR_USD,-1,91.38518027522056,2023-06-20 21:00:00+00:00,2023-06-21 21:00:00+00:00,1.09866,2023-06-22 21:00:00+00:00,1.09584,down_close,28.200000000000447,5.450000000000177,0.20069172602739727,22.950691726027667,20.22569172602758,22.659061561644105
EUR_USD,-1,93.18382536617888,2023-07-09 21:00:00+00:00,2023-07-10 21:00:00+00:00,1.10016,2023-07-17 21:00:00+00:00,1.12354,timecap,-233.79999999999956,4.750000000000032,1.4267927397260265,-237.12320726027355,-239.49820726027357,-239.1646184109585
EUR_USD,1,7.195996909538152,2023-07-19 21:00:00+00:00,2023-07-20 21:00:00+00:00,1.113,2023-07-26 21:00:00+00:00,1.10825,up_close,-47.50000000000032,7.1499999999991015,-5.042379616438355,-59.692379616437776,-63.267379616437324,-61.762013041095315
EUR_USD,1,8.590603373611145,2023-08-01 21:00:00+00:00,2023-08-02 21:00:00+00:00,1.09406,2023-08-03 21:00:00+00:00,1.09457,up_close,5.1000000000001044,10.000000000000009,-0.8403966027397262,-5.74039660273963,-10.740396602739636,-6.085335506849219
EUR_USD,1,7.610816069949578,2023-08-13 21:00:00+00:00,2023-08-14 21:00:00+00:00,1.09151,2023-08-20 21:00:00+00:00,1.08702,up_close,-44.899999999998826,9.649999999998826,-5.042379616438357,-59.592379616436006,-64.41737961643543,-61.662013041093545
EUR_USD,-1,93.0275024577356,2023-08-29 21:00:00+00:00,2023-08-30 21:00:00+00:00,1.09262,2023-08-31 21:00:00+00:00,1.08413,down_close,84.89999999999885,8.650000000001157,0.20382753424657543,76.45382753424427,72.12882753424368,76.1621973698607
EUR_USD,1,7.65069499097244,2023-09-13 21:00:00+00:00,2023-09-14 21:00:00+00:00,1.06388,2023-09-17 21:00:00+00:00,1.06627,up_close,23.900000000001143,9.199999999999209,-0.8403966027397262,13.859603397262207,9.259603397262602,13.514664493152619
EUR_USD,1,2.4502441177461094,2023-09-24 21:00:00+00:00,2023-09-25 21:00:00+00:00,1.05929,2023-09-28 21:00:00+00:00,1.05616,up_close,-31.30000000000077,5.599999999998939,-3.81000698630137,-40.710006986301075,-43.510006986300546,-42.434701506849024
EUR_USD,-1,93.98807742794038,2023-10-22 21:00:00+00:00,2023-10-23 21:00:00+00:00,1.06703,2023-10-24 21:00:00+00:00,1.0588,down_close,82.29999999999959,9.350000000000191,0.1254323287671233,73.07543232876651,68.40043232876641,72.78380216438295
EUR_USD,-1,95.13392558942658,2023-11-02 21:00:00+00:00,2023-11-05 22:00:00+00:00,1.0725,2023-11-06 22:00:00+00:00,1.07164,down_close,8.60000000000083,3.6999999999987043,0.1254323287671233,5.025432328769249,3.175432328769896,4.733802164385686
EUR_USD,-1,97.01927079479309,2023-11-13 22:00:00+00:00,2023-11-14 22:00:00+00:00,1.08786,2023-11-15 22:00:00+00:00,1.08505,down_close,28.099999999999792,4.650000000000487,0.3762969863013699,23.826296986300676,21.50129698630043,22.951406493149992
EUR_USD,-1,90.95284478436066,2023-11-16 22:00:00+00:00,2023-11-19 22:00:00+00:00,1.09106,2023-11-21 22:00:00+00:00,1.09124,down_close,-1.80000000000069,7.049999999999557,0.2508646575342466,-8.599135342465999,-12.124135342465777,-9.182395671233124
EUR_USD,-1,96.20241039787605,2023-11-27 22:00:00+00:00,2023-11-28 22:00:00+00:00,1.09937,2023-11-29 22:00:00+00:00,1.09714,down_close,22.299999999999542,3.9999999999995595,0.3762969863013699,18.676296986301352,16.676296986301573,17.80140649315067
EUR_USD,1,4.84510037183091,2023-12-03 22:00:00+00:00,2023-12-04 22:00:00+00:00,1.08354,2023-12-07 22:00:00+00:00,1.07944,up_close,-40.99999999999992,7.500000000000284,-3.81000698630137,-52.31000698630157,-56.060006986301715,-54.03470150684952
EUR_USD,-1,94.04242897588652,2023-12-12 22:00:00+00:00,2023-12-13 22:00:00+00:00,1.08772,2023-12-17 22:00:00+00:00,1.08976,down_close,-20.400000000000418,7.550000000000612,0.2508646575342466,-27.699135342466782,-31.47413534246709,-28.282395671233907
EUR_USD,-1,96.669893016559,2023-12-26 22:00:00+00:00,2023-12-27 22:00:00+00:00,1.11048,2023-12-28 22:00:00+00:00,1.1063,down_close,41.799999999998505,6.249999999999867,0.1254323287671233,35.675432328765766,32.55043232876583,35.3838021643822
EUR_USD,1,8.55382123386805,2024-01-01 22:00:00+00:00,2024-01-02 22:00:00+00:00,1.0946,2024-01-04 22:00:00+00:00,1.09487,up_close,2.6999999999999247,7.6499999999990465,-3.0480055890410958,-7.9980055890402175,-11.823005589039742,-9.377761205478574
EUR_USD,1,3.4739180845490836,2024-01-15 22:00:00+00:00,2024-01-16 22:00:00+00:00,1.08738,2024-01-17 22:00:00+00:00,1.08824,up_close,8.60000000000083,4.699999999999704,-2.2860041917808216,1.6139958082203032,-0.736004191779549,0.5791790958915355
EUR_USD,1,5.655317228159703,2024-02-12 22:00:00+00:00,2024-02-13 22:00:00+00:00,1.071,2024-02-14 22:00:00+00:00,1.07272,up_close,17.199999999999438,2.9999999999996696,-2.2860041917808216,11.913995808218946,10.413995808219113,10.87917909589018
EUR_USD,-1,94.48206057073786,2024-02-19 22:00:00+00:00,2024-02-20 22:00:00+00:00,1.08068,2024-02-25 22:00:00+00:00,1.08314,down_close,-24.599999999999067,2.0500000000001073,0.6271616438356165,-26.022838356163557,-27.047838356163613,-27.480989178081366
EUR_USD,-1,96.23877374481587,2024-02-25 22:00:00+00:00,2024-02-26 22:00:00+00:00,1.08486,2024-02-27 22:00:00+00:00,1.08458,down_close,2.7999999999983594,5.9000000000009045,0.1254323287671233,-2.974567671235422,-5.924567671235874,-3.2661978356189834
EUR_USD,-1,95.48671480355527,2024-03-05 22:00:00+00:00,2024-03-06 22:00:00+00:00,1.08968,2024-03-10 21:00:00+00:00,1.09428,down_close,-45.999999999999375,5.7000000000007045,0.2508646575342466,-51.44913534246584,-54.29913534246619,-52.032395671232955
EUR_USD,1,8.641263528767084,2024-03-27 21:00:00+00:00,2024-03-28 21:00:00+00:00,1.07886,2024-03-31 21:00:00+00:00,1.07915,up_close,2.900000000001235,5.049999999999777,-0.7620013972602739,-2.912001397258816,-5.437001397258705,-3.256940301368405
EUR_USD,1,5.968445363881742,2024-03-31 21:00:00+00:00,2024-04-01 21:00:00+00:00,1.07408,2024-04-02 21:00:00+00:00,1.07704,up_close,29.600000000000737,3.049999999998887,-0.7620013972602739,25.787998602741578,24.262998602742133,25.443059698631988
EUR_USD,-1,94.28356720873403,2024-04-07 21:00:00+00:00,2024-04-08 21:00:00+00:00,1.0858,2024-04-09 21:00:00+00:00,1.08572,down_close,0.8000000000008001,4.699999999998594,0.1254323287671233,-3.774567671230671,-6.124567671229968,-4.066197835614233
EUR_USD,1,6.47965325575926,2024-04-09 21:00:00+00:00,2024-04-10 21:00:00+00:00,1.07446,2024-04-17 21:00:00+00:00,1.06729,up_close,-71.69999999999898,3.249999999999087,-5.334009780821917,-80.28400978081999,-81.90900978081953,-82.69858210958711
EUR_USD,-1,93.34137647987535,2024-04-24 21:00:00+00:00,2024-04-25 21:00:00+00:00,1.07294,2024-04-28 21:00:00+00:00,1.06938,down_close,35.60000000000007,3.9000000000000146,0.1254323287671233,31.82543232876718,29.87543232876717,31.533802164383623
EUR_USD,-1,90.11357991242302,2024-05-05 21:00:00+00:00,2024-05-06 21:00:00+00:00,1.07692,2024-05-07 21:00:00+00:00,1.07543,down_close,14.899999999999913,5.850000000000577,0.1254323287671233,9.17543232876646,6.250432328766172,8.883802164382898
EUR_USD,-1,92.29702056038639,2024-05-13 21:00:00+00:00,2024-05-14 21:00:00+00:00,1.082,2024-05-16 21:00:00+00:00,1.08668,down_close,-46.800000000000175,5.8499999999983565,0.5017293150684932,-52.14827068493003,-55.07327068492921,-53.31479134246428
EUR_USD,1,7.428407434112131,2024-05-21 21:00:00+00:00,2024-05-22 21:00:00+00:00,1.08229,2024-05-26 21:00:00+00:00,1.08505,up_close,27.600000000000957,6.499999999999284,-1.5240027945205479,19.575997205481123,16.32599720548148,18.886119397261943
EUR_USD,-1,90.90998155211918,2024-06-02 21:00:00+00:00,2024-06-03 21:00:00+00:00,1.09034,2024-06-04 21:00:00+00:00,1.08815,down_close,21.900000000001363,2.6999999999999247,0.1254323287671233,19.32543232876856,17.975432328768598,19.033802164385
EUR_USD,1,8.179621076803102,2024-06-09 21:00:00+00:00,2024-06-10 21:00:00+00:00,1.07649,2024-06-12 21:00:00+00:00,1.08082,up_close,43.29999999999945,3.650000000000597,-3.2831912054794525,36.3668087945194,34.5418087945191,34.98705317808105
EUR_USD,-1,97.32207215049765,2024-07-02 21:00:00+00:00,2024-07-03 21:00:00+00:00,1.07856,2024-07-08 21:00:00+00:00,1.08249,down_close,-39.29999999999989,3.349999999999742,0.6114826027397263,-42.03851739725991,-43.71351739725978,-42.913407890410596
EUR_USD,-1,91.75371402907459,2024-07-10 21:00:00+00:00,2024-07-11 21:00:00+00:00,1.08668,2024-07-15 21:00:00+00:00,1.08952,down_close,-28.399999999999537,6.350000000000522,0.40765506849315086,-34.34234493150691,-37.517344931507175,-34.92560526027403
EUR_USD,-1,93.86148869432701,2024-07-16 21:00:00+00:00,2024-07-17 21:00:00+00:00,1.09393,2024-07-18 21:00:00+00:00,1.08993,down_close,40.000000000000036,3.5999999999991594,0.20382753424657543,36.60382753424745,34.80382753424787,36.31219736986389
EUR_USD,1,9.293671653665342,2024-07-23 21:00:00+00:00,2024-07-24 21:00:00+00:00,1.08412,2024-07-25 21:00:00+00:00,1.0846,up_close,4.8000000000003595,3.00000000000078,-0.8403966027397262,0.9596033972598536,-0.5403966027405364,0.6146644931502647
EUR_USD,-1,90.79329114047651,2024-08-04 21:00:00+00:00,2024-08-05 21:00:00+00:00,1.09492,2024-08-06 21:00:00+00:00,1.09279,down_close,21.299999999999653,4.950000000000232,0.20382753424657543,16.553827534245993,14.07882753424588,16.26219736986243
EUR_USD,-1,96.34563534347816,2024-08-12 21:00:00+00:00,2024-08-13 21:00:00+00:00,1.09898,2024-08-15 21:00:00+00:00,1.09719,down_close,17.899999999999583,6.700000000000594,0.8153101369863017,12.01531013698529,8.665310136984992,10.848789479451044
EUR_USD,-1,94.58418266915172,2024-08-19 21:00:00+00:00,2024-08-20 21:00:00+00:00,1.11274,2024-08-22 21:00:00+00:00,1.11126,down_close,14.800000000001479,5.149999999999322,0.8153101369863017,10.465310136988458,7.890310136988798,9.298789479454213
EUR_USD,1,7.790500157291376,2024-08-29 21:00:00+00:00,2024-09-01 21:00:00+00:00,1.10489,2024-09-02 21:00:00+00:00,1.10702,up_close,21.299999999999653,6.650000000000267,-0.8403966027397262,13.809603397259659,10.484603397259527,13.464664493150071
EUR_USD,1,9.1118661862901,2024-09-10 21:00:00+00:00,2024-09-11 21:00:00+00:00,1.1013,2024-09-12 21:00:00+00:00,1.10739,up_close,60.900000000001505,2.749999999999142,-0.8403966027397262,57.30960339726264,55.93460339726307,56.96466449315305
EUR_USD,-1,94.87495015329479,2024-09-15 21:00:00+00:00,2024-09-16 21:00:00+00:00,1.11328,2024-09-17 21:00:00+00:00,1.1115,down_close,17.80000000000115,3.0500000000011074,0.20382753424657543,14.953827534246617,13.428827534246063,14.662197369863055
EUR_USD,-1,91.4347819312804,2024-09-18 21:00:00+00:00,2024-09-19 21:00:00+00:00,1.11632,2024-09-23 21:00:00+00:00,1.11153,down_close,47.900000000000716,6.999999999999229,0.2508646575342466,41.15086465753573,37.65086465753612,40.56760432876861
GBP_JPY,1,8.836075563679785,2020-11-15 22:00:00+00:00,2020-11-16 22:00:00+00:00,137.995,2020-11-22 22:00:00+00:00,138.023,up_close,2.7999999999991587,15.000000000000568,-4.021949323561646,-16.221949323563056,-23.72194932356334,-20.54976523424799
GBP_JPY,-1,93.10200430173023,2020-11-22 22:00:00+00:00,2020-11-23 22:00:00+00:00,139.254,2020-11-26 22:00:00+00:00,139.289,down_close,-3.499999999999659,14.500000000001023,-2.92393467328767,-20.92393467328835,-28.173934673288862,-23.59298052397328
GBP_JPY,1,9.357416833950282,2020-12-10 22:00:00+00:00,2020-12-13 22:00:00+00:00,139.024,2020-12-14 22:00:00+00:00,138.644,up_close,-37.999999999999545,15.000000000000568,-0.676570704383562,-53.67657070438368,-61.17657070438396,-54.397873356164496
GBP_JPY,1,7.859212243869052,2020-12-21 22:00:00+00:00,2020-12-22 22:00:00+00:00,138.419,2020-12-23 22:00:00+00:00,139.733,up_close,131.3999999999993,14.500000000001023,-2.029712113150686,114.87028788684759,107.62028788684708,112.70637993150513
GBP_JPY,-1,96.12998638494132,2021-01-27 22:00:00+00:00,2021-01-28 22:00:00+00:00,143.079,2021-02-01 22:00:00+00:00,143.36,down_close,-28.10000000000059,14.95000000000033,-1.145542344383561,-44.195542344384485,-51.67054234438465,-45.26316068465845
GBP_JPY,-1,90.43015173274486,2021-02-03 22:00:00+00:00,2021-02-04 22:00:00+00:00,144.233,2021-02-08 22:00:00+00:00,144.57,down_close,-33.69999999999891,14.999999999999147,-1.144471632876712,-49.844471632874765,-57.34447163287434,-50.91208997314874
GBP_JPY,-1,96.5628019786376,2021-02-11 22:00:00+00:00,2021-02-14 22:00:00+00:00,145.331,2021-02-17 22:00:00+00:00,146.733,down_close,-140.20000000000152,13.299999999999557,-2.8611790821917795,-156.36117908219285,-163.01117908219263,-159.0302249328778
GBP_JPY,-1,96.08652379503829,2021-02-22 22:00:00+00:00,2021-02-23 22:00:00+00:00,148.511,2021-02-25 22:00:00+00:00,148.961,down_close,-45.000000000001705,15.000000000000568,-2.288943265753424,-62.2889432657557,-69.78894326575598,-64.42417994630364
GBP_JPY,-1,95.18292879929625,2021-03-03 22:00:00+00:00,2021-03-04 22:00:00+00:00,150.032,2021-03-07 22:00:00+00:00,149.72,down_close,31.200000000001182,12.300000000000466,-0.5728306561643834,18.32716934383633,12.1771693438361,17.793360173699348
GBP_JPY,-1,93.37053195155832,2021-03-07 22:00:00+00:00,2021-03-08 22:00:00+00:00,150.539,2021-03-14 21:00:00+00:00,151.854,down_close,-131.50000000000261,15.000000000000568,-3.4369839369863007,-149.9369839369895,-157.43698393698978,-153.1398389578114
GBP_JPY,1,2.0386019629183494,2021-03-22 21:00:00+00:00,2021-03-23 21:00:00+00:00,149.347,2021-03-25 21:00:00+00:00,149.941,up_close,59.39999999999941,13.650000000001228,-2.7291246630137,43.02087533698448,36.19587533698387,40.13566472986119
GBP_JPY,-1,95.18064754873342,2021-03-30 21:00:00+00:00,2021-03-31 21:00:00+00:00,152.55,2021-04-06 21:00:00+00:00,151.702,down_close,84.80000000000132,14.000000000000057,-2.2794258301369856,68.52057416986428,61.52057416986425,66.38533748931633
GBP_JPY,1,6.228833779720816,2021-04-06 21:00:00+00:00,2021-04-07 21:00:00+00:00,150.892,2021-04-11 21:00:00+00:00,150.451,up_close,-44.10000000000025,12.699999999998113,-1.3705107287671239,-58.170510728765485,-64.52051072876455,-59.613116032327135
GBP_JPY,-1,93.0345003528666,2021-04-18 21:00:00+00:00,2021-04-19 21:00:00+00:00,151.262,2021-04-20 21:00:00+00:00,150.656,down_close,60.599999999999454,11.849999999998317,-0.5698564575342464,48.180143542466894,42.255143542467735,47.6463343723299
GBP_JPY,1,8.923910628638026,2021-04-21 21:00:00+00:00,2021-04-22 21:00:00+00:00,149.394,2021-04-25 21:00:00+00:00,149.764,up_close,37.000000000000455,11.950000000000216,-0.6852553643835619,24.364744635616677,18.38974463561657,23.643441983835853
GBP_JPY,-1,90.6630391479549,2021-04-27 21:00:00+00:00,2021-04-28 21:00:00+00:00,151.328,2021-05-02 21:00:00+00:00,151.013,down_close,31.499999999999773,15.000000000000568,-1.1397129150684928,15.360287084930711,7.860287084930427,14.292668744656739
GBP_JPY,-1,95.70879430672635,2021-05-09 21:00:00+00:00,2021-05-10 21:00:00+00:00,153.636,2021-05-13 21:00:00+00:00,153.799,down_close,-16.30000000000109,15.000000000000568,-2.8668300595890406,-34.1668300595907,-41.666830059590986,-36.83587591027563
GBP_JPY,-1,97.48763673695682,2021-05-26 21:00:00+00:00,2021-05-27 21:00:00+00:00,155.999,2021-05-30 21:00:00+00:00,155.807,down_close,19.200000000000728,15.000000000000568,-0.5733660119178081,3.626633988082351,-3.873366011917933,3.092824817945365
GBP_JPY,1,5.031580408156529,2021-06-16 21:00:00+00:00,2021-06-17 21:00:00+00:00,153.445,2021-06-21 21:00:00+00:00,153.628,up_close,18.299999999999272,12.999999999998124,-1.3488585627397267,3.9511414372614215,-2.5488585627376406,2.508536133699777
GBP_JPY,1,7.947185047118467,2021-06-28 21:00:00+00:00,2021-06-29 21:00:00+00:00,152.952,2021-06-30 21:00:00+00:00,153.676,up_close,72.39999999999895,12.049999999999272,-2.02328784410959,58.32671215589009,52.301712155890456,56.162804200547626
GBP_JPY,1,2.5190715163645336,2021-07-07 21:00:00+00:00,2021-07-08 21:00:00+00:00,151.251,2021-07-11 21:00:00+00:00,153.054,up_close,180.29999999999973,15.000000000000568,-0.6697895315068496,164.63021046849232,157.13021046849204,163.9089078167115
GBP_JPY,1,7.640274024917801,2021-07-15 21:00:00+00:00,2021-07-18 21:00:00+00:00,151.574,2021-07-20 21:00:00+00:00,149.691,up_close,-188.30000000000098,15.000000000000568,-1.3395790630136992,-204.63957906301525,-212.13957906301553,-206.08218436657688
GBP_JPY,-1,93.29133936737301,2021-07-25 21:00:00+00:00,2021-07-26 21:00:00+00:00,152.558,2021-07-27 21:00:00+00:00,152.348,down_close,20.999999999997954,14.300000000000068,-0.5853222904109587,6.1146777095869265,-1.0353222904131074,5.58086853944994
GBP_JPY,1,9.11914614276985,2021-08-01 21:00:00+00:00,2021-08-02 21:00:00+00:00,151.737,2021-08-04 21:00:00+00:00,152.063,up_close,32.59999999999934,12.350000000000705,-2.6843927156164398,17.565607284382196,11.390607284381844,14.680396677258907
GBP_JPY,1,8.056746131598757,2021-08-12 21:00:00+00:00,2021-08-15 21:00:00+00:00,152.039,2021-08-18 21:00:00+00:00,150.986,up_close,-105.29999999999973,15.000000000000568,-3.3554908945205497,-123.65549089452085,-131.15549089452114,-127.26200415342495
GBP_JPY,1,9.380619505659766,2021-08-19 21:00:00+00:00,2021-08-22 21:00:00+00:00,149.521,2021-08-23 21:00:00+00:00,150.485,up_close,96.4000000000027,14.999999999999147,-0.6710981789041099,80.72890182109944,73.22890182109987,80.00759916931862
GBP_JPY,-1,90.14272885423584,2021-08-24 21:00:00+00:00,2021-08-25 21:00:00+00:00,151.41,2021-08-26 21:00:00+00:00,150.735,down_close,67.4999999999983,15.000000000000568,-0.5840136430136984,51.91598635698403,44.415986356983744,51.382177186847045
GBP_JPY,-1,97.41676240559809,2021-09-01 21:00:00+00:00,2021-09-02 21:00:00+00:00,152.128,2021-09-06 21:00:00+00:00,151.979,down_close,14.899999999997249,15.000000000000568,-1.1532752608219174,-1.253275260825237,-8.753275260825522,-2.320893601099209
GBP_JPY,-1,91.23725058468602,2021-09-12 21:00:00+00:00,2021-09-13 21:00:00+00:00,152.216,2021-09-14 21:00:00+00:00,151.474,down_close,74.20000000000186,15.000000000000568,-0.5766376304109587,58.62336236959034,51.123362369590055,58.08955319945335
GBP_JPY,1,6.3274463427515,2021-09-16 21:00:00+00:00,2021-09-19 21:00:00+00:00,151.148,2021-09-22 21:05:00+00:00,149.535,up_close,-161.29999999999995,15.000000000000568,-3.392370957534248,-179.69237095753476,-187.19237095753505,-183.2988842164389
GBP_JPY,-1,94.37587571613531,2021-09-26 21:00:00+00:00,2021-09-27 21:00:00+00:00,152.096,2021-09-28 21:00:00+00:00,150.954,down_close,114.19999999999959,15.000000000000568,-0.5766376304109587,98.62336236958807,91.12336236958778,98.08955319945107
GBP_JPY,-1,91.40465221281575,2021-10-04 21:00:00+00:00,2021-10-05 21:00:00+00:00,151.916,2021-10-06 21:00:00+00:00,151.306,down_close,60.99999999999852,9.69999999999942,-1.7391923909589035,49.5608076090402,44.71080760904049,47.95938009862924
GBP_JPY,-1,95.85699341257029,2021-10-10 21:00:00+00:00,2021-10-11 21:00:00+00:00,154.028,2021-10-18 21:00:00+00:00,156.936,down_close,-290.80000000000155,13.949999999999818,-4.058115578904108,-308.8081155789055,-315.7831155789054,-312.54477976986436
GBP_JPY,-1,94.5591069843594,2021-10-18 21:00:00+00:00,2021-10-19 21:00:00+00:00,157.763,2021-10-21 21:00:00+00:00,157.191,down_close,57.20000000000027,15.000000000000568,-2.3189231879452046,39.8810768120545,32.38107681205422,37.745840131506554
GBP_JPY,1,5.481235806202989,2021-11-01 21:00:00+00:00,2021-11-02 21:00:00+00:00,155.174,2021-11-03 21:00:00+00:00,156.03,up_close,85.59999999999945,15.000000000000568,-2.010796209863015,68.58920379013587,61.089203790135585,66.4252958347934
GBP_JPY,-1,94.53823418249091,2021-11-15 22:00:00+00:00,2021-11-16 22:00:00+00:00,154.196,2021-11-17 22:00:00+00:00,153.855,down_close,34.10000000000082,14.499999999999602,-1.7545392558904103,17.845460744110806,10.595460744111005,16.24403323369985
GBP_JPY,1,2.251013088963788,2021-11-25 22:00:00+00:00,2021-11-28 22:00:00+00:00,151.679,2021-11-29 22:00:00+00:00,151.154,up_close,-52.50000000000057,14.400000000000546,-0.6702654032876716,-67.57026540328879,-74.77026540328906,-68.2915680550696
GBP_JPY,1,2.50194462930709,2021-11-29 22:00:00+00:00,2021-11-30 22:00:00+00:00,150.481,2021-12-02 22:00:00+00:00,150.439,up_close,-4.200000000000159,15.000000000000568,-2.5518624246575357,-21.751862424658263,-29.251862424658547,-24.637073031781554
GBP_JPY,-1,91.03979234509453,2021-12-14 22:00:00+00:00,2021-12-15 22:00:00+00:00,151.247,2021-12-19 22:00:00+00:00,150.458,down_close,78.90000000000157,15.000000000000568,-1.2342924315068489,62.66570756849415,55.165707568493865,61.59808922822018
GBP_JPY,-1,94.38648275693721,2021-12-22 22:00:00+00:00,2021-12-23 22:00:00+00:00,153.349,2021-12-26 22:00:00+00:00,153.163,down_close,18.599999999997863,14.999999999999147,-0.6171462157534244,2.982853784245291,-4.517146215754282,2.449044614108305
GBP_JPY,-1,91.41783227929638,2021-12-26 22:00:00+00:00,2021-12-27 22:00:00+00:00,154.411,2021-12-28 22:00:00+00:00,154.284,down_close,12.700000000000955,14.999999999999147,-0.6171462157534244,-2.917146215751617,-10.41714621575119,-3.450955385888603
GBP_JPY,-1,92.13675239375758,2021-12-29 22:00:00+00:00,2021-12-30 22:00:00+00:00,155.353,2022-01-03 22:00:00+00:00,155.457,down_close,-10.3999999999985,15.000000000000568,-1.2793217987671228,-26.67932179876619,-34.17932179876647,-27.746940139040163
GBP_JPY,-1,92.83621709683577,2022-01-03 22:00:00+00:00,2022-01-04 22:00:00+00:00,157.086,2022-01-06 22:00:00+00:00,156.779,down_close,30.700000000001637,15.000000000000568,-2.6487023320547936,13.051297667946276,5.551297667945991,10.916060987398332
GBP_JPY,1,8.247043169594107,2022-01-18 22:00:00+00:00,2022-01-19 22:00:00+00:00,155.644,2022-01-26 22:00:00+00:00,154.364,up_close,-128.0000000000001,13.400000000000034,-4.15055367232877,-145.55055367232893,-152.25055367232895,-150.59967223479467
GBP_JPY,-1,91.09157887937847,2022-01-30 22:00:00+00:00,2022-01-31 22:00:00+00:00,154.806,2022-02-06 22:00:00+00:00,156.084,down_close,-127.79999999999916,15.000000000000568,-4.7657369169863,-147.56573691698603,-155.0657369169863,-150.76859193780794
GBP_JPY,1,4.522021924638807,2022-02-23 22:00:00+00:00,2022-02-24 22:00:00+00:00,154.546,2022-02-27 22:00:00+00:00,153.87,up_close,-67.59999999999877,15.000000000000568,-0.460822335753425,-83.06082233575276,-90.56082233575304,-83.78212498753359
GBP_JPY,1,6.989582070743296,2022-02-28 22:00:00+00:00,2022-03-01 22:00:00+00:00,153.132,2022-03-02 22:00:00+00:00,154.864,up_close,173.19999999999993,12.450000000001182,-1.1461966680821927,159.60380333191657,153.37880333191598,157.4398953765741
GBP_JPY,1,9.129010958204518,2022-03-06 22:00:00+00:00,2022-03-07 22:00:00+00:00,151.12,2022-03-08 22:00:00+00:00,151.581,up_close,46.09999999999843,14.999999999999147,-0.38206555602739756,30.717934443971885,23.21793444397231,29.996631792191064
GBP_JPY,-1,90.29813913918471,2022-03-14 21:00:00+00:00,2022-03-15 21:00:00+00:00,154.294,2022-03-17 21:00:00+00:00,155.94,down_close,-164.59999999999866,12.600000000000477,-3.4921850635616427,-180.69218506356077,-186.992185063561,-182.82742174410873
GBP_JPY,-1,93.89374789853831,2022-03-17 21:00:00+00:00,2022-03-20 21:00:00+00:00,156.972,2022-03-23 21:00:00+00:00,159.938,down_close,-296.599999999998,14.650000000000318,-4.365231329452054,-315.61523132945035,-322.9402313294505,-318.2842771801353
GBP_JPY,-1,94.00274441564714,2022-03-23 21:00:00+00:00,2022-03-24 21:00:00+00:00,161.335,2022-03-27 21:00:00+00:00,160.988,down_close,34.70000000000084,14.999999999999147,-0.8730462658904107,18.82695373411128,11.32695373411171,18.293144563974298
GBP_JPY,-1,92.11592169116838,2022-04-05 21:00:00+00:00,2022-04-06 21:00:00+00:00,161.78,2022-04-10 21:00:00+00:00,161.707,down_close,7.30000000000075,15.000000000000568,-1.903487123287671,-9.60348712328749,-17.103487123287774,-10.67110546356146
GBP_JPY,-1,97.62864289287046,2022-04-10 21:00:00+00:00,2022-04-11 21:00:00+00:00,163.366,2022-04-12 21:00:00+00:00,162.986,down_close,38.00000000000239,13.89999999999958,-0.9517435616438354,23.148256438358974,16.198256438359184,22.614447268221987
GBP_JPY,-1,92.3740016164403,2022-04-12 21:00:00+00:00,2022-04-13 21:00:00+00:00,164.707,2022-04-14 21:00:00+00:00,164.616,down_close,9.099999999997976,15.000000000000568,-0.9517435616438354,-6.851743561646428,-14.351743561646712,-7.385552731783413
GBP_JPY,-1,90.77449867504394,2022-04-17 21:00:00+00:00,2022-04-18 21:00:00+00:00,165.23,2022-04-20 21:00:00+00:00,167.114,down_close,-188.40000000000146,14.849999999998431,-3.806974246575342,-207.05697424657524,-214.48197424657445,-209.19221092712317
GBP_JPY,1,6.040362468106295,2022-04-24 21:00:00+00:00,2022-04-25 21:00:00+00:00,163.267,2022-04-27 21:00:00+00:00,161.189,up_close,-207.8000000000003,12.699999999999534,-1.2134730410958916,-221.7134730410957,-228.06347304109548,-224.598683648219
GBP_JPY,1,2.548873725661906,2022-05-10 21:00:00+00:00,2022-05-11 21:00:00+00:00,159.161,2022-05-15 21:00:00+00:00,158.314,up_close,-84.70000000000084,14.999999999999147,-0.3316826312328774,-100.03168263123287,-107.53168263123244,-101.47428793479452
GBP_JPY,-1,90.59087779436005,2022-05-29 21:00:00+00:00,2022-05-30 21:00:00+00:00,161.396,2022-06-06 21:00:00+00:00,165.272,timecap,-387.6000000000005,12.250000000000227,-8.270532582739726,-408.12053258274045,-414.24553258274057,-411.85719677369934
GBP_JPY,-1,99.92455623300742,2022-06-06 21:00:00+00:00,2022-06-07 21:00:00+00:00,166.971,2022-06-09 21:00:00+00:00,167.859,down_close,-88.80000000000052,14.050000000000296,-4.787508050958904,-107.63750805095972,-114.66250805095987,-109.77274473150767
GBP_JPY,1,8.329409391116144,2022-06-12 21:00:00+00:00,2022-06-13 21:00:00+00:00,163.14,2022-06-15 21:00:00+00:00,162.985,up_close,-15.499999999997272,15.000000000000568,-0.23293923671232977,-30.73293923671017,-38.23293923671046,-33.61814984383346
GBP_JPY,-1,90.90463375884035,2022-06-19 21:00:00+00:00,2022-06-20 21:00:00+00:00,165.424,2022-06-22 21:00:00+00:00,167.096,down_close,-167.1999999999997,15.000000000000568,-4.787508050958904,-186.98750805095918,-194.48750805095946,-189.1227447315071
GBP_JPY,1,1.8500747151190353,2022-06-30 21:00:00+00:00,2022-07-03 21:00:00+00:00,163.764,2022-07-04 21:00:00+00:00,164.165,up_close,40.099999999998204,15.000000000000568,-0.005829429315068751,25.094170570682568,17.594170570682284,24.372867918901743
GBP_JPY,-1,94.56439435839222,2022-07-17 21:00:00+00:00,2022-07-18 21:00:00+00:00,165.034,2022-07-20 21:00:00+00:00,165.486,down_close,-45.19999999999982,14.999999999999147,-4.997129570410959,-65.19712957040993,-72.6971295704095,-67.33236625095788
GBP_JPY,1,7.633867703038135,2022-07-21 21:00:00+00:00,2022-07-24 21:00:00+00:00,163.447,2022-07-25 21:00:00+00:00,164.619,up_close,117.1999999999997,14.999999999999147,-0.005829429315068751,102.19417057068549,94.69417057068591,101.47286791890467
GBP_JPY,1,8.477122633867012,2022-07-31 21:00:00+00:00,2022-08-01 21:00:00+00:00,161.431,2022-08-02 21:00:00+00:00,162.065,up_close,63.39999999999861,14.999999999997726,0.2542344989041094,48.654234498905,41.154234498906135,47.93293184712417
GBP_JPY,1,2.0065264428447165,2022-08-14 21:00:00+00:00,2022-08-15 21:00:00+00:00,160.753,2022-08-16 21:00:00+00:00,162.31,up_close,155.70000000000164,14.750000000000796,0.2542344989041094,141.20423449890495,133.82923449890455,140.48293184712412
GBP_JPY,1,5.9743717020467955,2022-08-24 21:00:00+00:00,2022-08-25 21:00:00+00:00,161.545,2022-08-28 21:00:00+00:00,161.531,up_close,-1.3999999999981583,15.000000000000568,0.2542344989041094,-16.14576550109462,-23.645765501094903,-16.86706815287544
GBP_JPY,-1,91.77765874634302,2022-08-28 21:00:00+00:00,2022-08-29 21:00:00+00:00,162.51,2022-08-30 21:00:00+00:00,161.686,down_close,82.39999999999839,15.000000000000568,-1.5093463208219178,65.8906536791759,58.390653679175614,65.35684450903891
GBP_JPY,-1,95.36716574308846,2022-09-05 21:00:00+00:00,2022-09-06 21:00:00+00:00,164.454,2022-09-08 21:00:00+00:00,165.779,down_close,-132.49999999999886,14.999999999999147,-6.67005681589041,-154.17005681588842,-161.670056815888,-156.30529349643638
GBP_JPY,1,5.623540286600019,2022-09-15 21:00:00+00:00,2022-09-18 21:00:00+00:00,163.241,2022-09-19 21:00:00+00:00,163.708,up_close,46.699999999998454,14.999999999999147,0.41240238205479424,32.1124023820541,24.612402382054526,31.39109973027328
GBP_JPY,1,8.543815089430737,2022-09-20 21:00:00+00:00,2022-09-21 21:00:00+00:00,162.34,2022-09-27 21:00:00+00:00,155.419,up_close,-692.0999999999992,15.000000000000568,1.649609528219177,-705.4503904717806,-712.9503904717809,-708.3356010789039
GBP_JPY,-1,90.26201379504651,2022-09-28 21:00:00+00:00,2022-09-29 21:00:00+00:00,160.612,2022-10-05 21:00:00+00:00,163.829,down_close,-321.7000000000013,15.000000000000568,-10.985975932054794,-347.68597593205664,-355.1859759320569,-350.88883095287855
GBP_JPY,1,6.1477768237623,2022-10-10 21:00:00+00:00,2022-10-11 21:00:00+00:00,160.025,2022-10-12 21:00:00+00:00,163.109,up_close,308.4000000000003,14.999999999999147,1.82574157109589,295.22574157109705,287.72574157109744,293.0618336157546
GBP_JPY,-1,92.60079922619398,2022-10-12 21:00:00+00:00,2022-10-13 21:00:00+00:00,166.695,2022-10-16 21:00:00+00:00,166.983,down_close,-28.80000000000109,15.000000000000568,-1.8636923456164383,-45.663692345618095,-53.16369234561838,-46.197501515755086
GBP_JPY,-1,91.89552042707304,2022-10-16 21:00:00+00:00,2022-10-17 21:00:00+00:00,169.212,2022-10-18 21:00:00+00:00,168.949,down_close,26.29999999999768,15.000000000000568,-1.8636923456164383,9.436307654380673,1.9363076543803899,8.902498484243688
GBP_JPY,1,3.673719880958018,2022-11-02 21:00:00+00:00,2022-11-03 21:00:00+00:00,165.401,2022-11-06 22:00:00+00:00,166.425,up_close,102.40000000000009,14.999999999997726,1.019733742328767,88.41973374233113,80.91973374233227,87.69843109055032
GBP_JPY,1,8.1461045714003,2022-11-10 22:00:00+00:00,2022-11-13 22:00:00+00:00,164.372,2022-11-14 22:00:00+00:00,164.478,up_close,10.599999999999454,15.000000000000568,1.019733742328767,-3.3802662576723472,-10.88026625767263,-4.101568909453169
GBP_JPY,-1,93.45442181562329,2022-11-17 22:00:00+00:00,2022-11-20 22:00:00+00:00,166.971,2022-11-22 22:00:00+00:00,167.904,down_close,-93.29999999999927,14.999999999999147,-4.549691128493151,-112.84969112849157,-120.34969112849114,-113.91730946876554
GBP_JPY,1,8.347098908716688,2022-11-28 22:00:00+00:00,2022-11-29 22:00:00+00:00,165.82,2022-11-30 22:00:00+00:00,166.543,up_close,72.30000000000132,14.999999999999147,3.0592012269863007,60.359201226988475,52.8592012269889,58.19529327164601
GBP_JPY,-1,96.9889254722165,2022-12-11 22:00:00+00:00,2022-12-12 22:00:00+00:00,168.917,2022-12-13 22:00:00+00:00,167.681,down_close,123.599999999999,14.999999999999147,-2.46578911630137,106.13421088369849,98.63421088369891,105.6004017135615
GBP_JPY,1,3.6916543596941693,2022-12-19 22:00:00+00:00,2022-12-20 22:00:00+00:00,160.279,2022-12-26 22:00:00+00:00,160.265,up_close,-1.4000000000010004,15.000000000000568,7.264063766301369,-9.1359362337002,-16.635936233700484,-13.463752144385133
GBP_JPY,1,7.211536374229553,2023-01-01 22:00:00+00:00,2023-01-02 22:00:00+00:00,157.421,2023-01-04 22:00:00+00:00,159.85,up_close,242.9000000000002,14.999999999999147,5.317629214794519,233.21762921479558,225.717629214796,230.33241860767228
GBP_JPY,1,5.835956274438644,2023-01-12 22:00:00+00:00,2023-01-15 22:00:00+00:00,156.18,2023-01-16 22:00:00+00:00,156.802,up_close,62.19999999999857,15.000000000000568,1.3294073036986298,48.52940730369663,41.029407303696345,47.808104651915805
GBP_JPY,-1,95.3128992819511,2023-01-19 22:00:00+00:00,2023-01-22 22:00:00+00:00,160.614,2023-01-24 22:00:00+00:00,160.541,down_close,7.30000000000075,13.650000000001228,-5.169038251232876,-11.519038251233354,-18.344038251233968,-12.586656591507326
GBP_JPY,1,9.526617444509668,2023-01-31 22:00:00+00:00,2023-02-01 22:00:00+00:00,159.605,2023-02-05 22:00:00+00:00,159.321,up_close,-28.39999999999918,15.000000000000568,3.2222467958904106,-40.17775320410934,-47.67775320410962,-41.620358507670986
GBP_JPY,-1,90.05842094948915,2023-02-13 22:00:00+00:00,2023-02-14 22:00:00+00:00,162.104,2023-02-15 22:00:00+00:00,161.409,down_close,69.50000000000216,15.000000000000568,-8.59870565958904,45.90129434041255,38.401294340412264,44.29986683000159
GBP_JPY,-1,93.42347476140824,2023-02-20 22:00:00+00:00,2023-02-21 22:00:00+00:00,163.497,2023-02-22 22:00:00+00:00,162.493,down_close,100.40000000000191,14.999999999999147,-8.59870565958904,76.80129434041372,69.30129434041415,75.19986683000276
GBP_JPY,1,5.946645561436952,2023-03-06 22:00:00+00:00,2023-03-07 22:00:00+00:00,162.224,2023-03-08 22:00:00+00:00,162.579,up_close,35.50000000000182,15.000000000000568,5.010037592465753,25.510037592467004,18.01003759246672,23.346129637124537
GBP_JPY,1,8.768810317047496,2023-03-23 21:00:00+00:00,2023-03-26 21:00:00+00:00,159.703,2023-03-27 21:00:00+00:00,161.607,up_close,190.39999999999964,15.000000000000568,1.6700125308219178,177.07001253082097,169.5700125308207,176.34870987904017
GBP_JPY,-1,91.3490483424818,2023-03-28 21:00:00+00:00,2023-03-29 21:00:00+00:00,163.557,2023-04-02 21:00:00+00:00,164.405,down_close,-84.80000000000132,14.999999999999147,-5.850248705479452,-105.65024870547992,-113.1502487054795,-106.71786704575389
GBP_JPY,-1,91.62948386050866,2023-04-09 21:00:00+00:00,2023-04-10 21:00:00+00:00,165.452,2023-04-13 21:00:00+00:00,166.004,down_close,-55.19999999999925,14.54999999999984,-15.13807618767123,-84.88807618767032,-92.16307618767024,-87.55712203835526
GBP_JPY,-1,93.55927866020966,2023-04-17 21:00:00+00:00,2023-04-18 21:00:00+00:00,166.66,2023-04-20 21:00:00+00:00,167.005,down_close,-34.499999999999886,14.449999999999363,-12.110460950136984,-61.06046095013623,-68.28546095013591,-63.19569763068418
GBP_JPY,-1,95.15800419078279,2023-04-27 21:00:00+00:00,2023-04-30 21:00:00+00:00,171.03,2023-05-02 21:00:00+00:00,170.195,down_close,83.5000000000008,14.999999999999147,-6.306728711232877,62.19327128876877,54.693271288769196,61.125652948494796
GBP_JPY,1,8.48567461930898,2023-05-10 21:00:00+00:00,2023-05-11 21:00:00+00:00,168.318,2023-05-14 21:00:00+00:00,169.024,up_close,70.59999999999889,14.999999999999147,1.8982525336986298,57.49825253369837,49.998252533698796,56.776949881917545
GBP_JPY,-1,91.3101583408005,2023-05-17 21:00:00+00:00,2023-05-18 21:00:00+00:00,172.116,2023-05-21 21:00:00+00:00,171.738,down_close,37.80000000000143,15.000000000000568,-3.1533643556164384,19.646635644384425,12.14663564438414,19.112826474247438
GBP_JPY,-1,96.05063440540984,2023-05-25 21:00:00+00:00,2023-05-28 21:00:00+00:00,173.556,2023-05-29 21:00:00+00:00,173.516,down_close,4.000000000002046,15.000000000000568,-3.1533643556164384,-14.153364355614961,-21.653364355615246,-14.687173525751946
GBP_JPY,-1,94.15412547079104,2023-06-01 21:00:00+00:00,2023-06-04 21:00:00+00:00,174.4,2023-06-05 21:00:00+00:00,173.577,down_close,82.30000000000075,15.000000000000568,-3.301717383287672,63.99828261671251,56.498282616712224,63.464473446575525
GBP_JPY,-1,95.63034803303366,2023-06-08 21:00:00+00:00,2023-06-11 21:00:00+00:00,175.167,2023-06-12 21:00:00+00:00,174.694,down_close,47.30000000000132,14.999999999999147,-3.301717383287672,28.998282616714498,21.498282616714924,28.464473446577514
GBP_JPY,-1,91.15064448765403,2023-06-13 21:00:00+00:00,2023-06-14 21:00:00+00:00,177.387,2023-06-19 21:00:00+00:00,181.583,down_close,-419.5999999999998,15.000000000000568,-9.905152149863016,-444.50515214986336,-452.00515214986365,-446.10657966027435
GBP_JPY,1,6.582719513901694,2023-07-06 21:00:00+00:00,2023-07-09 21:00:00+00:00,182.514,2023-07-13 21:00:00+00:00,181.262,up_close,-125.20000000000095,31.500000000001194,13.432432757260276,-143.26756724274188,-159.01756724274247,-147.5953831534268
GBP_JPY,1,8.145919947603772,2023-07-19 21:00:00+00:00,2023-07-20 21:00:00+00:00,180.257,2023-07-23 21:00:00+00:00,182.114,up_close,185.69999999999993,23.599999999999,2.2387387928767124,164.33873879287765,152.53873879287815,163.61743614109682
GBP_JPY,1,6.384478753936463,2023-07-26 21:00:00+00:00,2023-07-27 21:00:00+00:00,178.432,2023-07-30 21:00:00+00:00,181.162,up_close,273.0000000000018,35.55000000000064,2.2387387928767124,239.6887387928779,221.91373879287758,238.96743614109707
GBP_JPY,-1,92.98871139484444,2023-08-09 21:00:00+00:00,2023-08-10 21:00:00+00:00,183.515,2023-08-17 21:00:00+00:00,185.862,down_close,-234.70000000000084,15.59999999999917,-25.49251078260274,-275.79251078260273,-283.5925107826023,-279.5291749735617
GBP_JPY,1,6.425478653645499,2023-09-20 21:00:00+00:00,2023-09-21 21:00:00+00:00,181.505,2023-09-24 21:00:00+00:00,181.61,up_close,10.500000000001819,15.299999999999159,2.395300608767123,-2.4046993912302166,-10.054699391229796,-3.126002043011039
GBP_JPY,1,6.863628911111192,2023-10-02 21:00:00+00:00,2023-10-03 21:00:00+00:00,179.928,2023-10-04 21:00:00+00:00,180.986,up_close,105.79999999999927,15.500000000001535,7.128261856849314,97.42826185684706,89.67826185684629,95.26435390150459
GBP_JPY,-1,90.23507132622665,2023-10-05 21:00:00+00:00,2023-10-08 21:00:00+00:00,181.982,2023-10-09 21:00:00+00:00,181.722,down_close,25.99999999999909,18.09999999999974,-3.6311991075342465,4.268800892465105,-4.781199107534764,3.734991722328119
GBP_JPY,-1,90.95662848218439,2023-10-22 21:00:00+00:00,2023-10-23 21:00:00+00:00,183.26,2023-10-24 21:00:00+00:00,182.331,down_close,92.9000000000002,23.25000000000017,-3.6311991075342465,66.01880089246579,54.393800892465705,65.4849917223288
GBP_JPY,-1,90.52030693151552,2023-10-30 21:00:00+00:00,2023-10-31 21:00:00+00:00,184.23,2023-11-01 21:00:00+00:00,183.344,down_close,88.59999999999957,23.850000000001614,-10.88538853438356,53.864611465614395,41.93961146561359,52.26318395520344
GBP_JPY,-1,90.44693631834004,2023-11-05 22:00:00+00:00,2023-11-06 22:00:00+00:00,185.268,2023-11-07 22:00:00+00:00,184.928,down_close,34.00000000000034,16.94999999999851,-3.62846284479452,13.42153715520731,4.9465371552080555,12.887727985070324
GBP_JPY,-1,96.94909210886532,2023-11-13 22:00:00+00:00,2023-11-14 22:00:00+00:00,187.894,2023-11-16 22:00:00+00:00,187.006,down_close,88.80000000000052,29.600000000000648,-14.51385137917808,44.6861486208218,29.886148620821473,42.55091194027385
GBP_JPY,1,9.000098550190344,2023-11-19 22:00:00+00:00,2023-11-20 22:00:00+00:00,185.557,2023-11-21 22:00:00+00:00,186.026,up_close,46.90000000000225,19.249999999999545,2.373351022876712,30.023351022879417,20.398351022879645,29.302048371098596
GBP_JPY,-1,94.15217254344714,2023-11-23 22:00:00+00:00,2023-11-26 22:00:00+00:00,188.329,2023-11-27 22:00:00+00:00,187.745,down_close,58.40000000000032,19.899999999999807,-3.62846284479452,34.87153715520599,24.92153715520609,34.33772798506901
GBP_JPY,1,7.170181862205453,2023-12-03 22:00:00+00:00,2023-12-04 22:00:00+00:00,185.889,2023-12-10 22:00:00+00:00,181.758,up_close,-413.1,32.39999999999981,14.227614503013701,-431.27238549698615,-447.472385496986,-435.6002014076711
GBP_JPY,1,8.496231278942787,2024-01-01 22:00:00+00:00,2024-01-02 22:00:00+00:00,179.048,2024-01-03 22:00:00+00:00,181.448,up_close,240.00000000000057,20.550000000000068,7.118268549452054,226.56826854945257,216.29326854945253,224.40436059411007
GBP_JPY,-1,92.58593391304724,2024-01-03 22:00:00+00:00,2024-01-04 22:00:00+00:00,183.4,2024-01-08 22:00:00+00:00,183.945,down_close,-54.49999999999875,17.099999999999227,-7.255736010136986,-78.85573601013496,-87.40573601013458,-79.92335435040894
GBP_JPY,-1,94.0780276576787,2024-01-09 22:00:00+00:00,2024-01-10 22:00:00+00:00,185.534,2024-01-11 22:00:00+00:00,185.382,down_close,15.199999999998681,23.850000000000193,-3.627868005068493,-12.277868005070005,-24.2028680050701,-12.811677175206992
GBP_JPY,-1,95.73917401600653,2024-01-16 22:00:00+00:00,2024-01-17 22:00:00+00:00,187.808,2024-01-21 22:00:00+00:00,188.169,down_close,-36.10000000000184,25.249999999999773,-7.255736010136986,-68.6057360101386,-81.23073601013849,-69.67335435041258
GBP_JPY,-1,94.6639565055587,2024-01-21 22:00:00+00:00,2024-01-22 22:00:00+00:00,188.208,2024-01-23 22:00:00+00:00,188.138,down_close,6.999999999999318,26.550000000000296,-3.627868005068493,-23.17786800506947,-36.45286800506962,-23.711677175206457
GBP_JPY,1,5.398906267002118,2024-01-30 22:00:00+00:00,2024-01-31 22:00:00+00:00,186.354,2024-02-01 22:00:00+00:00,186.564,up_close,20.999999999997954,21.450000000001523,2.3684733371232873,1.9184733371197176,-8.806526662881044,1.1971706853388953
GBP_JPY,-1,91.95161334664263,2024-02-07 22:00:00+00:00,2024-02-08 22:00:00+00:00,188.486,2024-02-14 22:00:00+00:00,189.15,down_close,-66.40000000000157,17.40000000000066,-21.741510954246575,-105.5415109542488,-114.24151095424914,-108.7443659750707
GBP_JPY,-1,91.10762371610637,2024-02-20 22:00:00+00:00,2024-02-21 22:00:00+00:00,189.918,2024-02-27 22:00:00+00:00,190.94,down_close,-102.19999999999914,14.599999999998658,-14.494340636164383,-131.2943406361622,-138.59434063616152,-133.42957731671012
GBP_JPY,1,5.812193351838417,2024-02-28 22:00:00+00:00,2024-02-29 22:00:00+00:00,189.32,2024-03-03 22:00:00+00:00,189.936,up_close,61.60000000000139,33.05000000000007,2.3522936965753427,30.902293696576663,14.377293696576627,30.18099104479584
GBP_JPY,1,8.021716849987968,2024-03-07 22:00:00+00:00,2024-03-10 21:00:00+00:00,189.138,2024-03-12 21:00:00+00:00,188.82,up_close,-31.800000000001205,32.04999999999956,4.704587393150685,-59.14541260685007,-75.17041260684985,-60.58801791041172
GBP_JPY,-1,91.14460173726937,2024-03-14 21:00:00+00:00,2024-03-17 21:00:00+00:00,189.697,2024-03-21 21:00:00+00:00,191.979,down_close,-228.20000000000107,30.700000000000216,-21.644433110958907,-280.5444331109602,-295.8944331109603,-283.7472881317821
GBP_JPY,1,3.6457925568368523,2024-03-31 21:00:00+00:00,2024-04-01 21:00:00+00:00,190.416,2024-04-02 21:00:00+00:00,190.629,up_close,21.299999999999386,14.300000000000068,2.3248121012328764,9.324812101232194,2.17481210123216,8.603509449451373
GBP_JPY,-1,91.38805689690848,2024-04-23 21:00:00+00:00,2024-04-24 21:00:00+00:00,193.446,2024-04-29 21:00:00+00:00,196.35,down_close,-290.39999999999964,26.04999999999933,-10.739771769452055,-327.189771769451,-340.2147717694507,-328.791199279862
GBP_JPY,1,9.24139497157148,2024-05-02 21:00:00+00:00,2024-05-05 21:00:00+00:00,191.907,2024-05-06 21:00:00+00:00,193.314,up_close,140.69999999999823,31.399999999999295,2.3260612646575343,111.62606126465647,95.92606126465682,110.90475861287564
GBP_JPY,-1,93.03805058755037,2024-05-09 21:00:00+00:00,2024-05-12 21:00:00+00:00,194.918,2024-05-15 21:00:00+00:00,196.427,down_close,-150.8999999999986,31.54999999999859,-17.905865432876713,-200.3558654328739,-216.1308654328732,-203.02491128355885
GBP_JPY,-1,91.03193236794665,2024-05-16 21:00:00+00:00,2024-05-19 21:00:00+00:00,197.614,2024-05-21 21:00:00+00:00,198.478,down_close,-86.40000000000043,33.499999999999375,-7.162346173150685,-127.06234617315049,-143.8123461731502,-128.12996451342445
GBP_JPY,-1,97.33236922007266,2024-05-21 21:00:00+00:00,2024-05-22 21:00:00+00:00,199.362,2024-05-23 21:00:00+00:00,199.23,down_close,13.2000000000005,20.10000000000076,-3.5811730865753426,-10.481173086575604,-20.531173086575986,-11.014982256712589
GBP_JPY,-1,92.48406581869065,2024-05-23 21:00:00+00:00,2024-05-26 21:00:00+00:00,200.004,2024-05-29 21:00:00+00:00,200.223,down_close,-21.90000000000225,29.800000000000182,-17.905865432876713,-69.60586543287914,-84.50586543287923,-72.27491128356408
GBP_JPY,1,8.061177517058042,2024-06-03 21:00:00+00:00,2024-06-04 21:00:00+00:00,197.768,2024-06-05 21:00:00+00:00,199.591,up_close,182.30000000000075,26.899999999999125,6.978183793972603,162.37818379397422,148.92818379397465,160.21427583863175
GBP_JPY,-1,91.11315333128545,2024-06-11 21:00:00+00:00,2024-06-12 21:00:00+00:00,200.528,2024-06-13 21:00:00+00:00,200.404,down_close,12.399999999999523,21.20000000000033,-3.5811730865753426,-12.38117308657615,-22.981173086576316,-12.914982256713134
GBP_JPY,-1,90.05370245587959,2024-06-19 21:00:00+00:00,2024-06-20 21:00:00+00:00,201.198,2024-06-27 21:00:00+00:00,203.211,timecap,-201.30000000000052,21.049999999999613,-25.0682116060274,-247.41821160602754,-257.9432116060273,-251.15487579698643
GBP_JPY,-1,99.84734610204845,2024-06-27 21:00:00+00:00,2024-06-30 21:00:00+00:00,203.523,2024-07-04 21:00:00+00:00,205.806,down_close,-228.30000000000155,27.550000000000807,-21.483469481095888,-277.33346948109823,-291.1084694810986,-280.53632450192015
GBP_JPY,-1,97.54931869088001,2024-07-09 21:00:00+00:00,2024-07-10 21:00:00+00:00,207.682,2024-07-11 21:00:00+00:00,205.097,down_close,258.49999999999795,23.149999999999693,-3.5805782468493152,231.76942175314895,220.1944217531491,231.23561258301197
GBP_JPY,1,2.7629408918114393,2024-07-22 21:00:00+00:00,2024-07-23 21:00:00+00:00,200.8,2024-07-28 21:00:00+00:00,197.806,up_close,-299.4,25.950000000000273,11.627332124657535,-313.7226678753427,-326.69766787534286,-317.3291811342468
GBP_JPY,1,5.932552975613788,2024-07-29 21:00:00+00:00,2024-07-30 21:00:00+00:00,196.108,2024-08-06 21:00:00+00:00,183.124,timecap,-1298.4000000000008,37.44999999999976,15.32890077178082,-1320.5210992282198,-1339.2460992282197,-1325.5702177906855
GBP_JPY,-1,97.84168857810111,2024-08-14 21:00:00+00:00,2024-08-15 21:00:00+00:00,191.94,2024-08-18 21:00:00+00:00,190.977,down_close,96.29999999999939,31.749999999999545,-3.3432371961643836,61.20676280383546,45.33176280383569,60.67295363369847
GBP_JPY,-1,93.08041684039121,2024-08-29 21:00:00+00:00,2024-09-01 21:00:00+00:00,191.868,2024-09-03 21:00:00+00:00,190.822,down_close,104.59999999999923,33.499999999999375,-6.686474392328767,64.41352560767109,47.663525607671396,63.345907267397116
GBP_JPY,1,4.997309516748743,2024-09-05 21:00:00+00:00,2024-09-08 21:00:00+00:00,186.808,2024-09-09 21:00:00+00:00,187.184,up_close,37.60000000000048,30.599999999998317,2.0881253742465753,9.088125374248735,-6.211874625750424,8.366822722467912
GBP_JPY,1,6.359907730759915,2024-09-10 21:00:00+00:00,2024-09-11 21:00:00+00:00,185.673,2024-09-12 21:00:00+00:00,186.155,up_close,48.19999999999993,24.800000000000466,2.0881253742465753,25.488125374246042,13.088125374245807,24.766822722465218
GBP_JPY,-1,95.63907802972645,2024-09-18 21:00:00+00:00,2024-09-19 21:00:00+00:00,189.441,2024-09-23 21:00:00+00:00,191.585,down_close,-214.40000000000055,31.30000000000024,-6.686474392328767,-252.38647439232955,-268.0364743923297,-253.45409273260353
GBP_JPY,-1,97.39674847457242,2024-09-23 21:00:00+00:00,2024-09-24 21:00:00+00:00,192.094,2024-09-24 21:00:00+00:00,192.094,data_end,-0.0,24.500000000000455,0.0,-24.500000000000455,-36.75000000000068,-24.500000000000455
GBP_USD,-1,93.33266189948631,2020-11-22 22:00:00+00:00,2020-11-23 22:00:00+00:00,1.33242,2020-11-26 22:00:00+00:00,1.33576,down_close,-33.40000000000121,5.999999999999339,-1.65953128219178,-41.059531282192324,-44.059531282192,-42.767337835616985
GBP_USD,1,9.462835320547669,2020-12-10 22:00:00+00:00,2020-12-13 22:00:00+00:00,1.32234,2020-12-14 22:00:00+00:00,1.33221,up_close,98.69999999999823,7.049999999999557,-0.42232602301369876,91.22767397698497,87.7026739769852,90.82032613698497
GBP_USD,-1,94.62104553140794,2020-12-16 22:00:00+00:00,2020-12-17 22:00:00+00:00,1.35865,2020-12-20 22:00:00+00:00,1.34045,down_close,181.99999999999994,8.150000000000102,-0.3265831276712327,173.52341687232862,169.44841687232855,173.1818555616437
GBP_USD,1,8.76644454950008,2021-01-10 22:00:00+00:00,2021-01-11 22:00:00+00:00,1.3513,2021-01-12 22:00:00+00:00,1.36642,up_close,151.20000000000022,6.000000000000449,-0.4222526005479454,144.7777473994518,141.77774739945158,144.3703995594518
GBP_USD,-1,93.47242340383012,2021-01-20 22:00:00+00:00,2021-01-21 22:00:00+00:00,1.37344,2021-01-24 22:00:00+00:00,1.3683,down_close,51.399999999999224,7.3499999999993015,-0.33032767342465735,43.71967232657527,40.044672326575615,43.37811101589034
GBP_USD,-1,90.38810783213785,2021-02-07 22:00:00+00:00,2021-02-08 22:00:00+00:00,1.37433,2021-02-11 22:00:00+00:00,1.38173,down_close,-73.99999999999851,6.000000000000449,-1.6501699178082185,-81.65016991780718,-84.65016991780739,-83.35797647123184
GBP_USD,-1,93.94018016730482,2021-02-14 22:00:00+00:00,2021-02-15 22:00:00+00:00,1.39064,2021-02-16 22:00:00+00:00,1.39028,down_close,3.60000000000138,6.000000000000449,-0.3300339835616437,-2.7300339835607135,-5.730033983560939,-3.0715952942456446
GBP_USD,-1,94.56411279030094,2021-02-21 22:00:00+00:00,2021-02-22 22:00:00+00:00,1.40641,2021-02-25 22:00:00+00:00,1.40269,down_close,37.199999999999456,5.999999999999339,-1.6685255342465746,29.531474465753544,26.531474465753874,27.823667912328887
GBP_USD,1,4.592120723219793,2021-03-04 22:00:00+00:00,2021-03-07 22:00:00+00:00,1.3818,2021-03-09 22:00:00+00:00,1.38935,up_close,75.50000000000168,10.499999999998844,-0.8304080876712331,64.1695919123316,58.91959191233218,63.3548962323316
GBP_USD,-1,92.79134208115937,2021-03-10 22:00:00+00:00,2021-03-11 22:00:00+00:00,1.399,2021-03-14 21:00:00+00:00,1.392,down_close,70.00000000000117,10.499999999998844,-0.3337051068493149,59.16629489315301,53.916294893153584,58.82473358246808
GBP_USD,1,3.5594795129254067,2021-03-22 21:00:00+00:00,2021-03-23 21:00:00+00:00,1.37531,2021-03-25 21:00:00+00:00,1.37331,up_close,-20.000000000000018,6.000000000000449,-1.6608161753424662,-27.660816175342934,-30.660816175343157,-29.290207535342937
GBP_USD,-1,96.87018971526075,2021-04-04 21:00:00+00:00,2021-04-05 21:00:00+00:00,1.38996,2021-04-06 21:00:00+00:00,1.38222,down_close,77.4000000000008,5.999999999999339,-0.3337051068493149,71.06629489315215,68.06629489315249,70.72473358246721
GBP_USD,1,8.062905690514526,2021-04-08 21:00:00+00:00,2021-04-11 21:00:00+00:00,1.37111,2021-04-12 21:00:00+00:00,1.37413,up_close,30.200000000000227,10.499999999999954,-0.41520404383561654,19.284795956164658,14.034795956164679,18.877448116164658
GBP_USD,-1,97.32745326644651,2021-04-15 21:00:00+00:00,2021-04-18 21:00:00+00:00,1.38338,2021-04-20 21:00:00+00:00,1.39375,down_close,-103.6999999999999,10.499999999999954,-0.6674102136986299,-114.86741021369849,-120.11741021369846,-115.55053283506835
GBP_USD,-1,90.13698208681261,2021-04-28 21:00:00+00:00,2021-04-29 21:00:00+00:00,1.39433,2021-05-02 21:00:00+00:00,1.38185,down_close,124.80000000000047,10.499999999998844,-0.3410473534246574,113.95895264657696,108.70895264657754,113.61739133589202
GBP_USD,-1,96.57721591096636,2021-05-09 21:00:00+00:00,2021-05-10 21:00:00+00:00,1.41181,2021-05-12 21:00:00+00:00,1.40527,down_close,65.3999999999999,6.000000000000449,-1.3508265249315066,58.04917347506795,55.049173475067725,56.68292823232823
GBP_USD,-1,93.91410263038128,2021-05-17 21:00:00+00:00,2021-05-18 21:00:00+00:00,1.41878,2021-05-19 21:00:00+00:00,1.41121,down_close,75.69999999999854,6.000000000000449,-1.0131198936986299,68.68688010629945,65.68688010629923,67.66219617424466
GBP_USD,1,4.0879225059916,2021-06-15 21:00:00+00:00,2021-06-16 21:00:00+00:00,1.39901,2021-06-21 21:00:00+00:00,1.39342,up_close,-55.899999999999835,6.000000000000449,-1.2773306367123292,-63.17733063671261,-66.17733063671285,-64.39937415671261
GBP_USD,1,5.432626235893849,2021-06-28 21:00:00+00:00,2021-06-29 21:00:00+00:00,1.38395,2021-07-04 21:00:00+00:00,1.38275,up_close,-12.000000000000899,10.499999999999954,-2.1062702750684936,-24.606270275069345,-29.856270275069324,-26.64300947506935
GBP_USD,1,5.376620712475415,2021-07-18 21:00:00+00:00,2021-07-19 21:00:00+00:00,1.36755,2021-07-21 21:00:00+00:00,1.37136,up_close,38.09999999999869,5.999999999999339,-1.701932756164384,30.398067243834962,27.398067243835293,28.768675883834963
GBP_USD,-1,93.22266621405124,2021-07-26 21:00:00+00:00,2021-07-27 21:00:00+00:00,1.38803,2021-08-01 21:00:00+00:00,1.39016,down_close,-21.299999999999653,10.499999999999954,-1.6281431780821913,-33.4281431780818,-38.678143178081775,-35.13594973150646
GBP_USD,1,6.253468304242389,2021-08-18 21:00:00+00:00,2021-08-19 21:00:00+00:00,1.36449,2021-08-23 21:00:00+00:00,1.37207,up_close,75.7999999999992,6.000000000000449,-0.8437709764383565,68.9562290235604,65.95622902356018,68.14153334356038
GBP_USD,-1,95.01842529197957,2021-09-01 21:00:00+00:00,2021-09-02 21:00:00+00:00,1.38349,2021-09-06 21:00:00+00:00,1.38351,down_close,-0.1999999999990898,6.000000000000449,-0.6610958816438354,-6.861095881643375,-9.8610958816436,-7.544218503013237
GBP_USD,1,3.7478635133407465,2021-09-19 21:00:00+00:00,2021-09-20 21:00:00+00:00,1.3657,2021-09-21 21:00:00+00:00,1.36599,up_close,2.900000000001235,5.999999999999339,-0.41836120986301384,-3.5183612098611183,-6.518361209860788,-3.9257090498611182
GBP_USD,1,3.370928540499804,2021-09-21 21:00:00+00:00,2021-09-22 21:00:00+00:00,1.3622,2021-09-23 21:00:00+00:00,1.37218,up_close,99.79999999999878,5.999999999999339,-0.41836120986301384,93.38163879013644,90.38163879013676,92.97429095013644
GBP_USD,1,6.2508479341950505,2021-09-28 21:00:00+00:00,2021-09-29 21:00:00+00:00,1.34258,2021-09-30 21:00:00+00:00,1.3474,up_close,48.19999999999824,5.999999999999339,-0.4110189632876714,41.78898103671123,38.78898103671156,41.38163319671123
GBP_USD,-1,90.79154894382657,2021-10-13 21:00:00+00:00,2021-10-14 21:00:00+00:00,1.36727,2021-10-18 21:00:00+00:00,1.37286,down_close,-55.899999999999835,6.000000000000449,-0.6612427265753422,-62.56124272657563,-65.56124272657586,-63.24436534794549
GBP_USD,-1,93.08789022938082,2021-10-19 21:00:00+00:00,2021-10-20 21:00:00+00:00,1.38225,2021-10-21 21:00:00+00:00,1.37917,down_close,30.799999999999716,6.000000000000449,-0.3306213632876711,24.469378636711593,21.46937863671137,24.127817326026662
GBP_USD,1,6.763381260409616,2021-11-01 21:00:00+00:00,2021-11-02 21:00:00+00:00,1.36167,2021-11-03 21:00:00+00:00,1.36874,up_close,70.70000000000131,5.999999999999339,-1.2586079079452062,63.44139209205677,60.4413920920571,62.219348572056774
GBP_USD,1,9.989831453653451,2021-11-09 22:00:00+00:00,2021-11-10 22:00:00+00:00,1.34053,2021-11-14 22:00:00+00:00,1.34192,up_close,13.900000000000023,10.499999999999954,-0.8390719386301374,2.5609280613699323,-2.6890719386300446,1.7462323813699323
GBP_USD,-1,90.2759896917364,2021-11-16 22:00:00+00:00,2021-11-17 22:00:00+00:00,1.34865,2021-11-22 00:05:00+00:00,1.3442,down_close,44.49999999999843,4.150000000001652,-0.6587463627397256,39.69125363725705,37.61625363725622,39.00813101588719
GBP_USD,1,9.035954714849694,2021-11-22 22:00:00+00:00,2021-11-23 22:00:00+00:00,1.33779,2021-11-28 22:00:00+00:00,1.33403,up_close,-37.59999999999985,10.499999999998844,-2.0976798465753435,-50.19767984657404,-55.447679846573465,-52.23441904657404
GBP_USD,1,8.586098263079933,2021-11-29 22:00:00+00:00,2021-11-30 22:00:00+00:00,1.3299,2021-12-02 22:00:00+00:00,1.33031,up_close,4.100000000000215,6.00000000000156,-1.579317238356165,-3.47931723835751,-6.4793172383582895,-5.108708598357511
GBP_USD,-1,92.16411037416424,2021-12-15 22:00:00+00:00,2021-12-16 22:00:00+00:00,1.33245,2021-12-19 22:00:00+00:00,1.3241,down_close,83.49999999999856,6.350000000000522,-0.35407984109589025,76.79592015890215,73.62092015890188,76.45435884821723
GBP_USD,-1,92.89097196038485,2021-12-22 22:00:00+00:00,2021-12-23 22:00:00+00:00,1.34096,2021-12-26 22:00:00+00:00,1.33942,down_close,15.399999999998748,10.499999999999954,-0.35407984109589025,4.545920158902904,-0.704079841097073,4.204358848217972
GBP_USD,-1,91.21917566027767,2021-12-29 22:00:00+00:00,2021-12-30 22:00:00+00:00,1.34991,2022-01-03 22:00:00+00:00,1.34795,down_close,19.599999999999618,6.000000000000449,-0.7418238827397257,12.858176117259443,9.858176117259218,12.17505349588958
GBP_USD,-1,96.00857645029686,2022-01-11 22:00:00+00:00,2022-01-12 22:00:00+00:00,1.37058,2022-01-16 22:00:00+00:00,1.3675,down_close,30.799999999999716,10.500000000001064,-0.7681458367123284,19.531854163286326,14.281854163285793,18.848731541916464
GBP_USD,1,8.945221349289397,2022-01-17 22:00:00+00:00,2022-01-18 22:00:00+00:00,1.35967,2022-01-19 22:00:00+00:00,1.36127,up_close,16.00000000000046,5.999999999999339,-1.0945086969863016,8.905491303014818,5.905491303015148,7.683447783014817
GBP_USD,1,6.868556782498828,2022-01-20 22:00:00+00:00,2022-01-23 22:00:00+00:00,1.35546,2022-01-25 22:00:00+00:00,1.35041,up_close,-50.499999999999986,10.499999999999954,-0.7296724646575344,-61.729672464657476,-66.97967246465745,-62.544368144657476
GBP_USD,1,2.9157589359048472,2022-01-26 22:00:00+00:00,2022-01-27 22:00:00+00:00,1.33791,2022-01-30 22:00:00+00:00,1.3398,up_close,18.900000000001693,10.499999999998844,-0.3648362323287672,8.035163767674083,2.7851637676746597,7.6278159276740825
GBP_USD,-1,93.38151268912233,2022-02-01 22:00:00+00:00,2022-02-02 22:00:00+00:00,1.35764,2022-02-06 22:00:00+00:00,1.3538,down_close,38.40000000000065,8.849999999999136,-0.9326855824657531,28.617314417535766,24.192314417536195,27.9341917961659
GBP_USD,-1,93.58377068879847,2022-02-16 22:00:00+00:00,2022-02-17 22:00:00+00:00,1.36161,2022-02-20 22:00:00+00:00,1.35969,down_close,19.199999999999218,10.499999999998844,-0.46634279123287653,8.233657208767498,2.983657208768075,7.892095898082566
GBP_USD,1,1.655907836506671,2022-02-23 22:00:00+00:00,2022-02-24 22:00:00+00:00,1.3376,2022-02-27 22:00:00+00:00,1.3327,up_close,-48.99999999999904,8.299999999999974,-0.282566359452055,-57.58256635945107,-61.732566359451056,-57.98991419945107
GBP_USD,1,4.947642972794895,2022-03-06 22:00:00+00:00,2022-03-07 22:00:00+00:00,1.31058,2022-03-09 22:00:00+00:00,1.31828,up_close,76.99999999999818,6.000000000000449,-0.9211582553424663,70.07884174465526,67.07884174465504,68.44945038465526
GBP_USD,-1,91.50420376897526,2022-03-17 21:00:00+00:00,2022-03-20 21:00:00+00:00,1.31779,2022-03-21 21:00:00+00:00,1.31682,down_close,9.699999999999154,10.500000000001064,-0.4268415046575341,-1.2268415046594443,-6.476841504659975,-1.5684028153443759
GBP_USD,-1,94.85309650102246,2022-03-21 21:00:00+00:00,2022-03-22 21:00:00+00:00,1.32639,2022-03-23 21:00:00+00:00,1.32031,down_close,60.79999999999863,5.999999999999339,-1.2805245139726025,53.51947548602669,50.51947548602703,52.4947915539719
GBP_USD,1,6.288757710717235,2022-03-27 21:00:00+00:00,2022-03-28 21:00:00+00:00,1.30927,2022-03-30 21:00:00+00:00,1.31336,up_close,40.90000000000149,5.999999999999339,-1.2882705841095896,33.61172941589256,30.611729415892892,31.982338055892562
GBP_USD,1,7.37254714124245,2022-04-04 21:00:00+00:00,2022-04-05 21:00:00+00:00,1.30795,2022-04-07 21:00:00+00:00,1.30762,up_close,-3.2999999999994145,4.949999999999122,-1.099868536986302,-9.349868536984838,-11.824868536984399,-10.97925989698484
GBP_USD,1,6.755627453819557,2022-04-07 21:00:00+00:00,2022-04-10 21:00:00+00:00,1.30379,2022-04-13 21:00:00+00:00,1.31126,up_close,74.70000000000087,22.69999999999883,-1.3748356712328773,50.62516432876916,39.27516432876974,48.58842512876916
GBP_USD,1,7.840115420443794,2022-04-21 21:00:00+00:00,2022-04-24 21:00:00+00:00,1.2837,2022-05-01 21:00:00+00:00,1.25848,up_close,-252.2000000000002,23.95000000000147,-1.924769939726028,-278.07476993972773,-290.04976993972844,-280.92620481972773
GBP_USD,1,4.709643752153482,2022-05-10 21:00:00+00:00,2022-05-11 21:00:00+00:00,1.22526,2022-05-15 21:00:00+00:00,1.22432,up_close,-9.399999999999409,15.600000000000058,-0.751699204383562,-25.75169920438303,-33.55169920438306,-26.56639488438303
GBP_USD,-1,94.70859298425826,2022-05-16 21:00:00+00:00,2022-05-17 21:00:00+00:00,1.24932,2022-05-18 21:00:00+00:00,1.23417,down_close,151.49999999999997,9.849999999999026,-1.1191786454794517,140.5308213545215,135.605821354522,139.5061374224667
GBP_USD,-1,92.97156107094315,2022-05-29 21:00:00+00:00,2022-05-30 21:00:00+00:00,1.2653,2022-05-31 21:00:00+00:00,1.26022,down_close,50.80000000000195,8.049999999999446,-0.37305954849315054,42.37694045150935,38.35194045150963,42.03537914082442
GBP_USD,1,8.29190958749102,2022-05-31 21:00:00+00:00,2022-06-01 21:00:00+00:00,1.24856,2022-06-02 21:00:00+00:00,1.25788,up_close,93.20000000000216,9.299999999999864,-0.3167812284931508,83.58321877150914,78.9332187715092,83.17587093150914
GBP_USD,1,5.191228452932876,2022-06-09 21:00:00+00:00,2022-06-12 21:00:00+00:00,1.23188,2022-06-15 21:00:00+00:00,1.21764,up_close,-142.4000000000003,15.199999999999658,-1.5839061424657541,-159.1839061424657,-166.78390614246553,-161.2206453424657
GBP_USD,1,6.6263013601350735,2022-06-27 21:00:00+00:00,2022-06-28 21:00:00+00:00,1.21832,2022-06-30 21:00:00+00:00,1.21803,up_close,-2.900000000001235,5.749999999999922,-2.3684619002739735,-11.018461900275131,-13.893461900275092,-12.64785326027513
GBP_USD,1,6.612599210491254,2022-07-04 21:00:00+00:00,2022-07-05 21:00:00+00:00,1.19432,2022-07-07 21:00:00+00:00,1.20238,up_close,80.59999999999955,14.999999999999458,-2.2009118334246582,63.39908816657544,55.89908816657571,61.76969680657543
GBP_USD,1,5.700265265356208,2022-07-13 21:00:00+00:00,2022-07-14 21:00:00+00:00,1.1823,2022-07-17 21:00:00+00:00,1.18698,up_close,46.800000000000175,8.949999999999791,-0.5502279583561646,37.29977204164422,32.824772041644316,36.89242420164422
GBP_USD,-1,90.27435358211012,2022-07-18 21:00:00+00:00,2022-07-19 21:00:00+00:00,1.20022,2022-07-20 21:00:00+00:00,1.19763,down_close,25.900000000000922,8.149999999998991,-0.5960435769863008,17.153956423015632,13.078956423016134,16.129272490960837
GBP_USD,-1,94.94631807811537,2022-07-24 21:00:00+00:00,2022-07-25 21:00:00+00:00,1.20426,2022-07-26 21:00:00+00:00,1.20268,down_close,15.800000000001369,14.75000000000004,-0.19868119232876694,0.8513188076725607,-6.523681192327459,0.5097574969876293
GBP_USD,-1,93.90737470232791,2022-07-26 21:00:00+00:00,2022-07-27 21:00:00+00:00,1.21556,2022-08-02 21:00:00+00:00,1.21699,down_close,-14.300000000000423,21.450000000000635,-0.013656578630136529,-35.76365657863119,-46.488656578631506,-37.12990182137092
GBP_USD,1,7.738041489259672,2022-08-17 21:00:00+00:00,2022-08-18 21:00:00+00:00,1.193,2022-08-23 21:00:00+00:00,1.18363,up_close,-93.700000000001,16.300000000000203,-2.00179010630137,-112.00179010630256,-120.15179010630267,-113.22383362630256
GBP_USD,1,6.852042466583995,2022-08-29 21:00:00+00:00,2022-08-30 21:00:00+00:00,1.16528,2022-09-05 21:00:00+00:00,1.15182,up_close,-134.60000000000028,10.099999999999554,-3.7448761545205493,-148.44487615452036,-153.49487615452014,-150.88896319452036
GBP_USD,-1,93.06717772617274,2022-09-11 21:00:00+00:00,2022-09-12 21:00:00+00:00,1.16851,2022-09-13 21:00:00+00:00,1.14971,down_close,187.99999999999926,12.199999999999989,-0.16788046794520525,175.63211953205408,169.53211953205408,175.29055822136914
GBP_USD,1,3.81932856276984,2022-09-20 21:00:00+00:00,2022-09-21 21:00:00+00:00,1.12682,2022-09-27 21:00:00+00:00,1.07323,up_close,-535.9000000000002,9.500000000000064,-3.4254517172602754,-548.8254517172606,-553.5754517172606,-550.4548430772606
GBP_USD,-1,95.48967675868356,2022-10-02 21:00:00+00:00,2022-10-03 21:00:00+00:00,1.13238,2022-10-05 21:00:00+00:00,1.13276,down_close,-3.8000000000004697,17.54999999999951,-0.05301102027397212,-21.40301102027395,-30.178011020273704,-22.769256263013677
GBP_USD,1,5.49328369685945,2022-10-10 21:00:00+00:00,2022-10-11 21:00:00+00:00,1.09714,2022-10-12 21:00:00+00:00,1.11069,up_close,135.49999999999952,18.5499999999994,-2.206969186849315,114.7430308131508,105.46803081315109,113.5209872931508
GBP_USD,-1,92.33302624644789,2022-10-24 21:00:00+00:00,2022-10-25 21:00:00+00:00,1.14727,2022-10-27 21:00:00+00:00,1.15681,down_close,-95.39999999999881,22.94999999999936,-0.05301102027397212,-118.40301102027215,-129.87801102027183,-119.76925626301187
GBP_USD,1,3.462193329743627,2022-11-02 21:00:00+00:00,2022-11-03 21:00:00+00:00,1.11608,2022-11-06 22:00:00+00:00,1.13134,up_close,152.6000000000005,18.650000000000055,-0.7634835101369865,133.18651648986346,123.86151648986343,132.77916864986346
GBP_USD,-1,91.57454419393314,2022-11-22 22:00:00+00:00,2022-11-23 22:00:00+00:00,1.20529,2022-11-27 22:00:00+00:00,1.20768,down_close,-23.900000000001143,10.700000000000154,0.029148718904109954,-34.570851281097184,-39.92085128109726,-35.253973902467045
GBP_USD,-1,92.52816050058217,2022-11-30 22:00:00+00:00,2022-12-01 22:00:00+00:00,1.22598,2022-12-05 22:00:00+00:00,1.21835,down_close,76.30000000000025,22.400000000000198,-0.20433472219178064,53.695665277808274,42.49566527780818,53.01254265643841
GBP_USD,-1,96.77348607632263,2022-12-12 22:00:00+00:00,2022-12-13 22:00:00+00:00,1.23681,2022-12-15 22:00:00+00:00,1.21809,down_close,187.2000000000007,19.399999999999416,-0.22511327999999975,167.5748867200013,157.8748867200016,166.20864147726155
GBP_USD,-1,93.3700879296127,2023-01-17 22:00:00+00:00,2023-01-18 22:00:00+00:00,1.23496,2023-01-23 22:00:00+00:00,1.23764,down_close,-26.800000000000157,13.800000000000479,-0.030727301917808002,-40.63072730191844,-47.53072730191868,-41.65541123397323
GBP_USD,1,8.831055558042834,2023-01-30 22:00:00+00:00,2023-01-31 22:00:00+00:00,1.23232,2023-02-01 22:00:00+00:00,1.23764,up_close,53.19999999999991,16.150000000000333,-1.6933056164383564,35.35669438356122,27.281694383561057,34.13465086356122
GBP_USD,1,5.205783009469059,2023-02-02 22:00:00+00:00,2023-02-05 22:00:00+00:00,1.2036,2023-02-07 22:00:00+00:00,1.20428,up_close,6.800000000000139,14.399999999999968,-1.312426575342466,-8.912426575342295,-16.11242657534228,-9.727122255342294
GBP_USD,1,9.158039764412194,2023-02-23 22:00:00+00:00,2023-02-26 22:00:00+00:00,1.19528,2023-02-27 22:00:00+00:00,1.20559,up_close,103.1000000000004,20.899999999999253,-0.6525421643835619,81.54745783561759,71.09745783561797,81.14010999561759
GBP_USD,-1,94.32841817787521,2023-03-12 21:00:00+00:00,2023-03-13 21:00:00+00:00,1.21756,2023-03-14 21:00:00+00:00,1.21591,down_close,16.499999999999293,10.499999999998844,-0.12977420821917782,5.870225791781271,0.6202257917818489,5.528664481096341
GBP_USD,-1,91.17415028235344,2023-03-19 21:00:00+00:00,2023-03-20 21:00:00+00:00,1.22774,2023-03-21 21:00:00+00:00,1.22135,down_close,63.90000000000118,11.449999999999516,-0.12977420821917782,52.32022579178249,46.59522579178273,51.97866448109755
GBP_USD,-1,91.76829131949513,2023-04-12 21:00:00+00:00,2023-04-13 21:00:00+00:00,1.25246,2023-04-16 21:00:00+00:00,1.24124,down_close,112.20000000000007,17.000000000000348,-0.10198380493150656,95.09801619506823,86.59801619506804,94.75645488438329
GBP_USD,-1,93.30781069420796,2023-04-23 21:00:00+00:00,2023-04-24 21:00:00+00:00,1.24817,2023-04-25 21:00:00+00:00,1.24082,down_close,73.49999999999967,6.700000000000594,-0.10198380493150656,66.69801619506757,63.348016195067274,66.35645488438263
GBP_USD,-1,91.51869225960438,2023-04-27 21:00:00+00:00,2023-04-30 21:00:00+00:00,1.25634,2023-05-01 21:00:00+00:00,1.24972,down_close,66.2000000000007,13.849999999999696,-0.1663753073972602,52.18362469260374,45.258624692603895,51.84206338191881
GBP_USD,-1,91.5857269184094,2023-05-04 21:00:00+00:00,2023-05-07 21:00:00+00:00,1.26356,2023-05-08 21:00:00+00:00,1.26201,down_close,15.499999999999403,14.14999999999944,-0.07459722520547954,1.2754027747944827,-5.79959722520524,0.9338414641095514
GBP_USD,1,6.884024031599836,2023-05-10 21:00:00+00:00,2023-05-11 21:00:00+00:00,1.25126,2023-05-15 21:00:00+00:00,1.25251,up_close,12.499999999999734,11.849999999999916,-1.3486238509589037,-0.6986238509590863,-6.623623850959044,-1.513319530959087
GBP_USD,1,7.042151609428501,2023-05-23 21:00:00+00:00,2023-05-24 21:00:00+00:00,1.23634,2023-05-28 21:00:00+00:00,1.23444,up_close,-19.000000000000128,11.399999999999189,-1.3486238509589037,-31.74862385095822,-37.448623850957816,-32.56331953095822
GBP_USD,-1,92.99799802615225,2023-05-30 21:00:00+00:00,2023-05-31 21:00:00+00:00,1.24386,2023-06-04 21:00:00+00:00,1.2458,down_close,-19.400000000000528,21.450000000000635,-0.3212967101369864,-41.171296710138144,-51.896296710138465,-41.85441933150801
GBP_USD,-1,93.27788841837902,2023-06-07 21:00:00+00:00,2023-06-08 21:00:00+00:00,1.25574,2023-06-12 21:00:00+00:00,1.25108,down_close,46.60000000000108,11.700000000000044,-0.3212967101369864,34.57870328986405,28.72870328986403,33.89558066849418
GBP_USD,-1,95.32146647334763,2023-06-14 21:00:00+00:00,2023-06-15 21:00:00+00:00,1.27826,2023-06-19 21:00:00+00:00,1.27867,down_close,-4.100000000000215,16.95000000000002,-0.3212967101369864,-21.371296710137223,-29.846296710137235,-22.054419331507084
GBP_USD,1,9.289020513436256,2023-06-22 21:00:00+00:00,2023-06-25 21:00:00+00:00,1.27116,2023-06-27 21:00:00+00:00,1.27502,up_close,38.599999999999746,9.799999999999809,-1.1691793446575343,27.630820655342404,22.730820655342498,26.8161249753424
GBP_USD,-1,96.7599324664566,2023-07-06 21:00:00+00:00,2023-07-09 21:00:00+00:00,1.28354,2023-07-16 21:00:00+00:00,1.31014,down_close,-266.00000000000176,19.099999999999675,-2.0096463101369855,-287.10964631013843,-296.65964631013827,-289.50057548493294
GBP_USD,1,9.298721164422261,2023-07-18 21:00:00+00:00,2023-07-19 21:00:00+00:00,1.29374,2023-07-25 21:00:00+00:00,1.28956,up_close,-41.799999999998505,8.650000000000047,-1.8493650673972606,-52.29936506739581,-56.62436506739583,-53.92875642739581
GBP_USD,1,7.880888824582996,2023-08-01 21:00:00+00:00,2023-08-02 21:00:00+00:00,1.27178,2023-08-06 21:00:00+00:00,1.2753,up_close,35.20000000000189,19.500000000001183,-0.9388530695890418,14.761146930411668,5.0111469304110745,13.946451250411668
GBP_USD,1,8.951630328567205,2023-08-09 21:00:00+00:00,2023-08-10 21:00:00+00:00,1.26786,2023-08-13 21:00:00+00:00,1.27005,up_close,21.899999999999142,18.5499999999994,-0.4694265347945209,2.880573465205221,-6.394426534794479,2.473225625205221
GBP_USD,-1,91.60149218493434,2023-08-16 21:00:00+00:00,2023-08-17 21:00:00+00:00,1.27474,2023-08-20 21:00:00+00:00,1.27346,down_close,12.799999999999478,12.300000000000644,-0.2794826158904106,0.22051738410842409,-5.929482615891898,-0.12104392657650731
GBP_USD,1,2.560452015576999,2023-08-23 21:00:00+00:00,2023-08-24 21:00:00+00:00,1.26043,2023-08-28 21:00:00+00:00,1.25982,up_close,-6.099999999999994,7.8499999999992465,-0.9388530695890418,-14.888853069588283,-18.813853069587903,-15.703548749588283
GBP_USD,-1,90.36140334555807,2023-08-29 21:00:00+00:00,2023-08-30 21:00:00+00:00,1.27228,2023-08-31 21:00:00+00:00,1.26668,down_close,56.00000000000049,7.699999999999374,-0.2794826158904106,48.02051738411071,44.17051738411102,47.67895607342578
GBP_USD,1,7.130385096082804,2023-09-06 21:00:00+00:00,2023-09-07 21:00:00+00:00,1.24743,2023-09-11 21:00:00+00:00,1.25188,up_close,44.50000000000065,8.850000000000247,-0.9208645654794526,34.72913543452095,30.304135434520827,33.91443975452095
GBP_USD,1,6.420847030101783,2023-09-13 21:00:00+00:00,2023-09-14 21:00:00+00:00,1.24096,2023-09-18 21:00:00+00:00,1.23845,up_close,-25.100000000000122,6.499999999999284,-0.9208645654794526,-32.52086456547886,-35.770864565478504,-33.33556024547886
GBP_USD,1,6.990096206795997,2023-09-19 21:00:00+00:00,2023-09-20 21:00:00+00:00,1.23464,2023-09-27 21:00:00+00:00,1.21324,timecap,-213.99999999999864,14.75000000000004,-3.223025979178084,-231.97302597917675,-239.34802597917678,-234.82446085917675
GBP_USD,-1,90.77220955178174,2023-10-05 21:00:00+00:00,2023-10-08 21:00:00+00:00,1.2204,2023-10-09 21:00:00+00:00,1.22354,down_close,-31.400000000001427,8.299999999999974,-0.2891009589041095,-39.98910095890551,-44.139100958905495,-40.33066226959044
GBP_USD,-1,96.73133909607027,2023-10-09 21:00:00+00:00,2023-10-10 21:00:00+00:00,1.22792,2023-10-12 21:00:00+00:00,1.21844,down_close,94.79999999999933,15.850000000000586,-1.156403835616438,77.7935961643823,69.868596164382,76.42735092164257
GBP_USD,-1,91.5946688862247,2023-10-22 21:00:00+00:00,2023-10-23 21:00:00+00:00,1.22424,2023-10-24 21:00:00+00:00,1.21639,down_close,78.49999999999912,12.750000000000261,-0.2891009589041095,65.46089904109475,59.08589904109462,65.11933773040982
GBP_USD,-1,98.26347570436552,2023-11-02 21:00:00+00:00,2023-11-05 22:00:00+00:00,1.23737,2023-11-06 22:00:00+00:00,1.23482,down_close,25.500000000000522,8.300000000001084,-0.2892478038356162,16.910752196163823,12.76075219616328,16.56919088547889
GBP_USD,-1,95.84397918060881,2023-11-13 22:00:00+00:00,2023-11-14 22:00:00+00:00,1.24982,2023-11-15 22:00:00+00:00,1.24213,down_close,76.89999999999974,9.600000000000719,-0.8677434115068486,66.43225658849217,61.632256588491806,65.40757265643737
GBP_USD,-1,92.95611083145636,2023-11-20 22:00:00+00:00,2023-11-21 22:00:00+00:00,1.25358,2023-11-22 22:00:00+00:00,1.24918,down_close,43.999999999999595,11.550000000000171,-0.8677434115068486,31.582256588492573,25.80725658849249,30.557572656437777
GBP_USD,-1,92.7884527009534,2023-11-26 22:00:00+00:00,2023-11-27 22:00:00+00:00,1.26286,2023-11-29 22:00:00+00:00,1.26974,down_close,-68.79999999999997,10.199999999999099,-1.1569912153424649,-80.15699121534152,-85.25699121534107,-81.52323645808126
GBP_USD,-1,97.83571012927955,2023-12-13 22:00:00+00:00,2023-12-14 22:00:00+00:00,1.27664,2023-12-17 22:00:00+00:00,1.26766,down_close,89.79999999999987,12.750000000000261,-0.28906424767123273,76.76093575232838,70.38593575232824,76.41937444164346
GBP_USD,-1,93.54296908923632,2023-12-26 22:00:00+00:00,2023-12-27 22:00:00+00:00,1.2794,2023-12-28 22:00:00+00:00,1.2734,down_close,60.00000000000005,10.200000000000209,-0.28906424767123273,49.510935752328606,44.4109357523285,49.169374441643676
GBP_USD,1,8.954759780365464,2024-01-01 22:00:00+00:00,2024-01-02 22:00:00+00:00,1.26164,2024-01-03 22:00:00+00:00,1.26639,up_close,47.499999999998096,13.950000000000351,-1.3789840405479459,32.1710159594498,25.196015959449625,30.948972439449797
GBP_USD,1,4.814982158378783,2024-01-15 22:00:00+00:00,2024-01-16 22:00:00+00:00,1.26337,2024-01-17 22:00:00+00:00,1.26786,up_close,44.899999999998826,8.100000000000884,-1.3789840405479459,35.421015959449996,31.371015959449554,34.198972439449996
GBP_USD,1,8.39695756247977,2024-02-04 22:00:00+00:00,2024-02-05 22:00:00+00:00,1.25368,2024-02-06 22:00:00+00:00,1.2598,up_close,61.20000000000125,10.099999999999554,-0.45936765698630155,50.6406323430154,45.59063234301562,50.2332845030154
GBP_USD,1,6.931609144110212,2024-02-13 22:00:00+00:00,2024-02-14 22:00:00+00:00,1.2565,2024-02-15 22:00:00+00:00,1.25959,up_close,30.90000000000037,13.150000000000661,-0.45936765698630155,17.290632343013407,10.715632343013077,16.883284503013407
GBP_USD,-1,92.49774485475677,2024-02-20 22:00:00+00:00,2024-02-21 22:00:00+00:00,1.26374,2024-02-28 22:00:00+00:00,1.26581,down_close,-20.700000000000163,9.249999999999536,-2.02679045589041,-31.976790455890107,-36.60179045588987,-34.367719630684626
GBP_USD,1,6.892464941272053,2024-02-28 22:00:00+00:00,2024-02-29 22:00:00+00:00,1.26212,2024-03-03 22:00:00+00:00,1.26567,up_close,35.50000000000164,14.049999999999896,-0.4590739671232878,20.990926032878455,13.96592603287851,20.583578192878456
GBP_USD,-1,93.81371610578734,2024-03-05 22:00:00+00:00,2024-03-06 22:00:00+00:00,1.27315,2024-03-11 21:00:00+00:00,1.28098,down_close,-78.30000000000003,6.049999999999667,-0.869505550684931,-85.21950555068463,-88.24450555068447,-86.24418948273942
GBP_USD,1,8.222190965609599,2024-03-14 21:00:00+00:00,2024-03-17 21:00:00+00:00,1.27348,2024-03-20 21:00:00+00:00,1.27858,up_close,51.000000000001044,7.749999999999702,-2.295369835616439,40.9546301643849,37.07963016438505,38.9178909643849
GBP_USD,1,3.6365352585573305,2024-03-31 21:00:00+00:00,2024-04-01 21:00:00+00:00,1.25538,2024-04-02 21:00:00+00:00,1.25772,up_close,23.400000000000087,6.8000000000012495,-0.4558433786301372,16.144156621368698,12.744156621368075,15.7368087813687
GBP_USD,-1,91.13659769858583,2024-04-08 21:00:00+00:00,2024-04-09 21:00:00+00:00,1.26799,2024-04-10 21:00:00+00:00,1.25384,down_close,141.49999999999883,17.949999999998802,-0.8791973161643829,122.67080268383566,113.69580268383625,121.64611875178086
GBP_USD,1,7.178877815854065,2024-04-11 21:00:00+00:00,2024-04-14 21:00:00+00:00,1.24497,2024-04-17 21:00:00+00:00,1.2456,up_close,6.300000000001305,3.0999999999992145,-2.2792168931506858,0.9207831068514043,-0.629216893148203,-1.115956093148597
GBP_USD,1,8.27232536649609,2024-04-18 21:00:00+00:00,2024-04-21 21:00:00+00:00,1.23794,2024-04-23 21:00:00+00:00,1.24502,up_close,70.79999999999976,21.649999999999725,-0.9116867572602744,48.23831324273976,37.41331324273989,47.42361756273976
GBP_USD,-1,91.33564791403225,2024-04-24 21:00:00+00:00,2024-04-25 21:00:00+00:00,1.25148,2024-04-28 21:00:00+00:00,1.25018,down_close,12.999999999998568,7.749999999999702,-0.2930657720547943,4.956934227944072,1.0819342279442217,4.615372917259141
GBP_USD,-1,95.7114207054199,2024-05-13 21:00:00+00:00,2024-05-14 21:00:00+00:00,1.2589,2024-05-16 21:00:00+00:00,1.26706,down_close,-81.60000000000167,8.850000000000247,-1.175346831780822,-91.62534683178275,-96.05034683178287,-92.99159207452247
GBP_USD,-1,91.21777202531078,2024-05-20 21:00:00+00:00,2024-05-21 21:00:00+00:00,1.27106,2024-05-23 21:00:00+00:00,1.26974,down_close,13.199999999999878,12.849999999998696,-1.175346831780822,-0.8253468317796393,-7.250346831778988,-2.191592074519365
GBP_USD,-1,91.83464909869915,2024-05-26 21:00:00+00:00,2024-05-27 21:00:00+00:00,1.27702,2024-05-28 21:00:00+00:00,1.27602,down_close,10.000000000001119,5.049999999999777,-0.2938367079452055,4.656163292056137,2.1311632920562484,4.314601981371205
GBP_USD,-1,90.6430948278344,2024-06-02 21:00:00+00:00,2024-06-03 21:00:00+00:00,1.28057,2024-06-04 21:00:00+00:00,1.27707,down_close,35.00000000000058,12.100000000000444,-0.2938367079452055,22.606163292054934,16.55616329205471,22.264601981370003
GBP_USD,1,9.493132855232346,2024-06-20 21:00:00+00:00,2024-06-23 21:00:00+00:00,1.26418,2024-06-24 21:00:00+00:00,1.2685,up_close,43.199999999998795,14.94999999999913,-0.45507244273972597,27.79492755725994,20.31992755726037,27.38757971725994
GBP_USD,-1,90.45903867544125,2024-07-01 21:00:00+00:00,2024-07-02 21:00:00+00:00,1.26818,2024-07-08 21:00:00+00:00,1.28084,down_close,-126.59999999999893,10.399999999999299,-1.763020247671233,-138.76302024766946,-143.9630202476691,-140.81238811177906
GBP_USD,-1,94.40025283278715,2024-07-10 21:00:00+00:00,2024-07-11 21:00:00+00:00,1.29091,2024-07-15 21:00:00+00:00,1.29691,down_close,-60.00000000000005,9.549999999999281,-0.587673415890411,-70.13767341588974,-74.91267341588937,-70.8207960372596
GBP_USD,-1,90.72728581491008,2024-07-16 21:00:00+00:00,2024-07-17 21:00:00+00:00,1.30086,2024-07-18 21:00:00+00:00,1.2956,down_close,52.599999999998204,13.600000000000279,-0.2938367079452055,38.70616329205272,31.90616329205258,38.36460198136779
GBP_USD,1,4.520573483073221,2024-07-24 21:00:00+00:00,2024-07-25 21:00:00+00:00,1.28557,2024-07-28 21:00:00+00:00,1.28639,up_close,8.199999999998209,8.399999999999519,-0.45507244273972597,-0.6550724427410362,-4.855072442740796,-1.0624202827410363
GBP_USD,1,8.207618685304496,2024-07-31 21:00:00+00:00,2024-08-01 21:00:00+00:00,1.27413,2024-08-04 21:00:00+00:00,1.28076,up_close,66.29999999999913,18.400000000000638,-0.5468505249315069,47.353149475066985,38.15314947506666,46.945801635066985
GBP_USD,-1,96.8556764102559,2024-08-12 21:00:00+00:00,2024-08-13 21:00:00+00:00,1.28588,2024-08-14 21:00:00+00:00,1.28298,down_close,28.999999999999027,10.850000000000026,-0.6061758772602738,17.543824122738727,12.118824122738712,16.51914019068393
GBP_USD,-1,92.53273894192358,2024-08-15 21:00:00+00:00,2024-08-18 21:00:00+00:00,1.29398,2024-08-25 21:00:00+00:00,1.32181,timecap,-278.3000000000002,16.599999999999948,-1.4144103802739725,-296.3144103802741,-304.6144103802741,-298.70533955506863
GBP_USD,-1,93.24014798822655,2024-09-15 21:00:00+00:00,2024-09-16 21:00:00+00:00,1.32158,2024-09-17 21:00:00+00:00,1.31606,down_close,55.19999999999969,14.200000000000879,-0.2020586257534246,40.79794137424539,33.69794137424495,40.45638006356046
GBP_USD,-1,92.52471652788356,2024-09-19 21:00:00+00:00,2024-09-22 21:00:00+00:00,1.33161,2024-09-24 21:00:00+00:00,1.34121,data_end,-96.00000000000053,12.100000000000444,-0.7712295802739724,-108.87122958027494,-114.92122958027517,-109.5543522016448
NZD_JPY,1,0.0,2020-11-15 22:00:00+00:00,2020-11-16 22:00:00+00:00,72.2,2020-11-18 22:00:00+00:00,71.857,up_close,-34.30000000000035,5.999999999999517,-1.495137910958904,-41.79513791095877,-44.79513791095853,-43.67260575342453
NZD_JPY,-1,94.3188295648869,2020-11-23 22:00:00+00:00,2020-11-24 22:00:00+00:00,72.854,2020-11-26 22:00:00+00:00,73.048,down_close,-19.40000000000026,11.050000000000182,-0.25800940410958895,-30.708009404110033,-36.23300940411012,-30.88955282191825
NZD_JPY,-1,96.81670229116358,2020-11-30 22:00:00+00:00,2020-12-01 22:00:00+00:00,73.734,2020-12-03 22:00:00+00:00,73.495,down_close,23.89999999999901,8.050000000000068,-0.2539582260273972,15.596041773971546,11.571041773971512,15.414498356163326
NZD_JPY,1,5.668481811221341,2020-12-21 22:00:00+00:00,2020-12-22 22:00:00+00:00,72.986,2020-12-23 22:00:00+00:00,73.502,up_close,51.59999999999911,11.699999999999733,-0.3030787602739726,39.59692123972541,33.746921239725545,39.221427671232256
NZD_JPY,-1,95.77538654982685,2020-12-28 22:00:00+00:00,2020-12-29 22:00:00+00:00,74.099,2021-01-03 22:00:00+00:00,74.172,down_close,-7.299999999999329,9.04999999999987,-0.5107016369863013,-16.8607016369855,-21.385701636985434,-17.22378847260194
NZD_JPY,-1,93.34826840430264,2021-01-05 22:00:00+00:00,2021-01-06 22:00:00+00:00,75.205,2021-01-10 22:00:00+00:00,75.169,down_close,3.6000000000001364,13.250000000000028,-0.2567434109589041,-9.906743410958796,-16.53174341095881,-10.088286828767016
NZD_JPY,-1,91.57774337955541,2021-02-02 22:00:00+00:00,2021-02-03 22:00:00+00:00,75.685,2021-02-04 22:00:00+00:00,75.482,down_close,20.300000000000296,12.800000000000011,0.0,7.500000000000284,1.1000000000002785,7.500000000000284
NZD_JPY,-1,90.67015850154532,2021-02-14 22:00:00+00:00,2021-02-15 22:00:00+00:00,76.17,2021-02-17 22:00:00+00:00,76.142,down_close,2.80000000000058,5.650000000000688,-1.2824510616438354,-4.132451061643943,-6.957451061644287,-5.040168150685039
NZD_JPY,-1,91.54952914270568,2021-02-21 22:00:00+00:00,2021-02-22 22:00:00+00:00,76.986,2021-02-25 22:00:00+00:00,78.302,down_close,-131.60000000000025,9.04999999999987,-1.2824510616438354,-141.93245106164395,-146.4574510616439,-142.84016815068506
NZD_JPY,-1,93.3434134877106,2021-03-09 22:00:00+00:00,2021-03-10 22:00:00+00:00,77.998,2021-03-14 21:00:00+00:00,78.212,down_close,-21.399999999999864,13.349999999999795,-0.26940334246575337,-35.01940334246541,-41.69440334246531,-35.20094676027363
NZD_JPY,1,1.5845559822162159,2021-03-22 21:00:00+00:00,2021-03-23 21:00:00+00:00,76.037,2021-03-25 21:00:00+00:00,75.878,up_close,-15.900000000000603,7.799999999999585,-0.28763364383561646,-23.987633643835803,-27.887633643835596,-24.363127212328955
NZD_JPY,-1,92.40113826463967,2021-03-30 21:00:00+00:00,2021-03-31 21:00:00+00:00,77.35,2021-04-05 21:00:00+00:00,77.811,down_close,-46.10000000000127,13.149999999999551,-0.5413386712328766,-59.7913386712337,-66.36633867123348,-60.15442550685014
NZD_JPY,1,9.086650481428663,2021-04-06 21:00:00+00:00,2021-04-07 21:00:00+00:00,77.028,2021-04-08 21:00:00+00:00,77.066,up_close,3.7999999999996703,10.150000000000148,0.0,-6.3500000000004775,-11.425000000000551,-6.3500000000004775
NZD_JPY,1,8.44643512990858,2021-04-11 21:00:00+00:00,2021-04-12 21:00:00+00:00,76.9,2021-04-13 21:00:00+00:00,76.924,up_close,2.400000000000091,7.749999999999346,-1.1454706027397261,-6.4954706027389815,-10.370470602738655,-7.997444876711584
NZD_JPY,-1,92.61706033532538,2021-04-13 21:00:00+00:00,2021-04-14 21:00:00+00:00,77.803,2021-04-18 21:00:00+00:00,77.521,down_close,28.199999999999648,19.200000000000728,-0.2706693356164383,8.729330664382482,-0.8706693356178821,8.547787246574263
NZD_JPY,-1,95.24699637249381,2021-04-27 21:00:00+00:00,2021-04-28 21:00:00+00:00,78.808,2021-05-02 21:00:00+00:00,78.456,down_close,35.20000000000039,14.299999999999358,-0.2706693356164383,20.62933066438459,13.479330664384912,20.44778724657637
NZD_JPY,1,8.714946299484197,2021-05-11 21:00:00+00:00,2021-05-12 21:00:00+00:00,78.482,2021-05-13 21:00:00+00:00,78.488,up_close,0.6000000000000227,13.649999999999807,0.0,-13.049999999999784,-19.874999999999687,-13.049999999999784
NZD_JPY,-1,95.37267452536872,2021-05-25 21:00:00+00:00,2021-05-26 21:00:00+00:00,79.453,2021-05-30 21:00:00+00:00,79.696,down_close,-24.2999999999995,15.399999999998926,-0.2744673150684931,-39.97446731506692,-47.67446731506638,-40.15601073287514
NZD_JPY,1,6.69694072021592,2021-06-02 21:00:00+00:00,2021-06-03 21:00:00+00:00,78.79,2021-06-06 21:00:00+00:00,78.992,up_close,20.199999999999818,13.799999999999812,-0.28459526027397264,6.115404739726033,-0.7845952602738732,5.739911171232882
NZD_JPY,1,9.787965331598429,2021-06-08 21:00:00+00:00,2021-06-09 21:00:00+00:00,78.702,2021-06-14 21:00:00+00:00,78.644,up_close,-5.799999999999272,6.199999999999761,-0.5691905205479453,-12.569190520546979,-15.66919052054686,-13.32017765753328
NZD_JPY,1,4.915218457897794,2021-06-16 21:00:00+00:00,2021-06-17 21:00:00+00:00,77.203,2021-06-21 21:00:00+00:00,76.994,up_close,-20.90000000000032,16.899999999999693,-0.5691905205479453,-38.36919052054796,-46.81919052054781,-39.120177657534256
NZD_JPY,1,8.217072642204613,2021-06-28 21:00:00+00:00,2021-06-29 21:00:00+00:00,77.234,2021-06-30 21:00:00+00:00,77.638,up_close,40.40000000000106,11.899999999999977,-0.28459526027397264,28.215404739727106,22.265404739727117,27.839911171233958
NZD_JPY,1,3.807971897373676,2021-07-07 21:00:00+00:00,2021-07-08 21:00:00+00:00,76.37,2021-07-11 21:00:00+00:00,77.153,up_close,78.30000000000013,20.000000000000284,-0.2650989657534247,58.03490103424642,48.034901034246275,57.65940746575327
NZD_JPY,-1,90.03246758721193,2021-07-25 21:00:00+00:00,2021-07-26 21:00:00+00:00,77.25,2021-07-27 21:00:00+00:00,76.298,down_close,95.19999999999982,15.449999999999875,-1.1677520821917806,78.58224791780816,70.85724791780822,77.85607424657529
NZD_JPY,-1,92.5510396934345,2021-08-04 21:00:00+00:00,2021-08-05 21:00:00+00:00,77.487,2021-08-08 21:00:00+00:00,77.329,down_close,15.800000000000125,14.999999999999858,-0.3268794315068492,0.47312056849341794,-7.026879431506511,0.29157715068519874
NZD_JPY,1,8.46683305747655,2021-08-15 21:00:00+00:00,2021-08-16 21:00:00+00:00,76.744,2021-08-23 21:00:00+00:00,75.582,up_close,-116.20000000000061,13.89999999999958,-1.6111028835616439,-131.71110288356184,-138.66110288356163,-134.33955786301388
NZD_JPY,-1,93.00802835095426,2021-08-24 21:00:00+00:00,2021-08-25 21:00:00+00:00,76.73,2021-08-26 21:00:00+00:00,76.476,down_close,25.40000000000049,13.850000000000051,0.0,11.550000000000438,4.625000000000412,11.550000000000438
NZD_JPY,-1,92.06487456364864,2021-08-30 21:00:00+00:00,2021-08-31 21:00:00+00:00,77.498,2021-09-06 21:00:00+00:00,78.378,down_close,-87.99999999999955,13.19999999999979,-0.994311020547945,-102.19431102054727,-108.79431102054717,-102.73894127397193
NZD_JPY,1,9.517786718127155,2021-09-08 21:00:00+00:00,2021-09-09 21:00:00+00:00,78.002,2021-09-12 21:00:00+00:00,78.224,up_close,22.20000000000084,14.450000000000074,-0.22559997945205484,7.524400020548713,0.2994000205486756,7.148906452055562
NZD_JPY,1,9.80694127681214,2021-09-15 21:00:00+00:00,2021-09-16 21:00:00+00:00,77.542,2021-09-22 21:00:00+00:00,76.928,up_close,-61.40000000000043,17.34999999999971,-1.5791998561643839,-80.32919985616452,-89.00419985616438,-82.95765483561658
NZD_JPY,-1,93.71782966057577,2021-10-10 21:00:00+00:00,2021-10-11 21:00:00+00:00,78.676,2021-10-18 21:00:00+00:00,80.986,timecap,-231.00000000000023,13.600000000000279,-2.5593317534246567,-247.15933175342516,-253.95933175342532,-248.4301356780827
NZD_JPY,-1,99.90377022731951,2021-10-18 21:00:00+00:00,2021-10-19 21:00:00+00:00,81.808,2021-10-21 21:00:00+00:00,81.442,down_close,36.60000000000139,11.549999999999727,-0.36561882191780815,24.68438117808385,18.909381178083986,24.502837760275632
NZD_JPY,1,9.89439946789885,2021-11-10 22:00:00+00:00,2021-11-11 22:00:00+00:00,80.122,2021-11-14 22:00:00+00:00,80.211,up_close,8.899999999999864,13.049999999999784,-0.15546395890410963,-4.30546395890403,-10.830463958903922,-4.68095752739718
NZD_JPY,1,8.987966666850866,2021-11-24 22:00:00+00:00,2021-11-25 22:00:00+00:00,79.139,2021-11-29 22:00:00+00:00,77.5,up_close,-163.89999999999958,14.54999999999984,-0.31092791780821927,-178.76092791780763,-186.03592791780756,-179.51191505479395
NZD_JPY,1,9.202570161074362,2021-11-29 22:00:00+00:00,2021-11-30 22:00:00+00:00,77.118,2021-12-02 22:00:00+00:00,77.067,up_close,-5.100000000000193,19.849999999999568,-0.13849965068493156,-25.088499650684692,-35.01349965068448,-25.463993219177844
NZD_JPY,-1,90.2654386956462,2021-12-22 22:00:00+00:00,2021-12-23 22:00:00+00:00,78.084,2021-12-26 22:00:00+00:00,78.079,down_close,0.5000000000009663,22.749999999999915,-0.41853733561643824,-22.668537335615387,-34.04353733561534,-22.850080753423605
NZD_JPY,-1,92.26254537696289,2021-12-30 22:00:00+00:00,2022-01-02 22:00:00+00:00,78.704,2022-01-03 22:00:00+00:00,78.242,down_close,46.19999999999891,28.199999999999648,-0.4474019794520547,17.552598020547208,3.4525980205473825,17.371054602738987
NZD_JPY,1,5.581904579942801,2022-01-19 22:00:00+00:00,2022-01-20 22:00:00+00:00,77.088,2022-01-24 22:00:00+00:00,76.322,up_close,-76.59999999999911,14.399999999999835,-0.2192700136986302,-91.21927001369758,-98.4192700136975,-91.97025715068388
NZD_JPY,1,1.86925407661748,2022-01-24 22:00:00+00:00,2022-01-25 22:00:00+00:00,76.201,2022-01-26 22:05:00+00:00,76.266,up_close,6.500000000001194,21.100000000000563,-0.1096350068493151,-14.709635006848684,-25.259635006848967,-15.085128575341836
NZD_JPY,1,5.410654018322603,2022-01-27 22:00:00+00:00,2022-01-30 22:00:00+00:00,75.48,2022-01-31 22:05:00+00:00,75.708,up_close,22.799999999999443,19.650000000000034,-0.1096350068493151,3.0403649931500936,-6.784635006849923,2.664871424656943
NZD_JPY,-1,91.10172424023298,2022-02-08 22:00:00+00:00,2022-02-09 22:00:00+00:00,77.168,2022-02-13 22:00:00+00:00,76.646,down_close,52.20000000000056,17.449999999999477,-0.49247133561643824,34.257528664384644,25.532528664384902,34.07598524657642
NZD_JPY,-1,92.16139095218576,2022-02-22 22:00:00+00:00,2022-02-23 22:00:00+00:00,77.85,2022-02-24 22:00:00+00:00,77.312,down_close,53.79999999999967,15.500000000000114,0.0,38.29999999999956,30.5499999999995,38.29999999999956
NZD_JPY,-1,92.88429483057655,2022-03-03 22:00:00+00:00,2022-03-06 22:00:00+00:00,78.74,2022-03-07 22:00:00+00:00,78.658,down_close,8.199999999999363,14.049999999999585,-0.5608349657534245,-6.410834965753646,-13.435834965753438,-6.592378383561865
NZD_JPY,-1,95.42831598664156,2022-03-08 22:00:00+00:00,2022-03-09 22:00:00+00:00,79.248,2022-03-14 21:00:00+00:00,79.731,down_close,-48.29999999999899,9.450000000000358,-1.121669931506849,-58.8716699315062,-63.596669931506376,-59.23475676712263
NZD_JPY,-1,98.01042616861335,2022-03-15 21:00:00+00:00,2022-03-16 21:00:00+00:00,81.18,2022-03-21 21:00:00+00:00,82.197,down_close,-101.69999999999959,14.750000000000085,-1.121669931506849,-117.57166993150652,-124.94666993150656,-117.93475676712296
NZD_JPY,-1,99.28366928446415,2022-03-21 21:00:00+00:00,2022-03-22 21:00:00+00:00,84.106,2022-03-27 21:00:00+00:00,84.86,down_close,-75.40000000000049,12.650000000000716,-1.121669931506849,-89.17166993150805,-95.4966699315084,-89.53475676712449
NZD_JPY,-1,90.05895476632776,2022-04-04 21:00:00+00:00,2022-04-05 21:00:00+00:00,85.924,2022-04-06 21:00:00+00:00,85.65,down_close,27.40000000000009,23.64999999999995,-0.642871321917808,3.107128678082334,-8.71787132191764,2.925585260274115
NZD_JPY,-1,97.46704706669358,2022-04-18 21:00:00+00:00,2022-04-19 21:00:00+00:00,86.806,2022-04-21 21:00:00+00:00,86.439,down_close,36.70000000000044,15.550000000001063,-0.642871321917808,20.50712867808157,12.732128678081041,20.325585260273353
NZD_JPY,1,9.190921668678257,2022-04-24 21:00:00+00:00,2022-04-25 21:00:00+00:00,84.792,2022-04-27 21:00:00+00:00,84.029,up_close,-76.30000000000052,17.200000000000415,0.4291716780821913,-93.07082832191875,-101.67082832191896,-94.9482961643845
NZD_JPY,1,6.249307665255074,2022-05-08 21:00:00+00:00,2022-05-09 21:05:00+00:00,82.394,2022-05-15 21:05:00+00:00,81.187,up_close,-120.70000000000078,19.14999999999978,1.1469897945205474,-138.70301020548,-148.27801020547992,-140.95597161643892
NZD_JPY,-1,92.61822355397825,2022-05-29 21:00:00+00:00,2022-05-30 21:00:00+00:00,83.62,2022-06-05 21:05:00+00:00,85.248,down_close,-162.8,25.849999999999795,-4.732282397260273,-193.38228239726007,-206.30728239725997,-194.47154290410938
NZD_JPY,-1,95.10592568972989,2022-06-05 21:00:00+00:00,2022-06-06 21:00:00+00:00,85.595,2022-06-09 21:00:00+00:00,85.76,down_close,-16.500000000000625,11.950000000000216,-4.348686472602739,-32.79868647260358,-38.773686472603686,-33.70640356164468
NZD_JPY,1,6.585947012426331,2022-06-12 21:00:00+00:00,2022-06-13 21:00:00+00:00,84.225,2022-06-14 21:00:00+00:00,84.194,up_close,-3.09999999999917,11.299999999999955,1.2508012328767117,-13.149198767122414,-18.79919876712239,-14.651173041095015
NZD_JPY,-1,90.03899024182121,2022-06-16 21:00:00+00:00,2022-06-19 21:10:00+00:00,85.148,2022-06-22 21:00:00+00:00,85.655,down_close,-50.7000000000005,18.39999999999975,-5.218423767123287,-74.31842376712353,-83.51842376712341,-75.40768427397285
NZD_JPY,1,3.7370319424832275,2022-06-30 21:00:00+00:00,2022-07-03 21:00:00+00:00,83.788,2022-07-04 21:00:00+00:00,84.234,up_close,44.599999999999795,23.65000000000066,0.39473666438356136,21.344736664382697,9.519736664382368,20.969243095889546
NZD_JPY,-1,94.18776245399947,2022-07-13 21:00:00+00:00,2022-07-14 21:00:00+00:00,85.172,2022-07-18 21:00:00+00:00,84.987,down_close,18.500000000000227,15.700000000000358,-1.9035473013698625,0.8964526986300068,-6.953547301370172,0.5333658630135685
NZD_JPY,1,7.118718807721294,2022-07-28 21:00:00+00:00,2022-07-31 21:00:00+00:00,83.626,2022-08-03 21:00:00+00:00,83.976,up_close,34.99999999999943,30.799999999999983,2.802908835616437,7.0029088356158855,-8.397091164384106,4.749947424656981
NZD_JPY,-1,90.92768951574257,2022-08-07 21:00:00+00:00,2022-08-08 21:00:00+00:00,84.852,2022-08-15 21:00:00+00:00,84.874,down_close,-2.199999999999136,23.450000000000415,-7.169319212328768,-32.81931921232832,-44.544319212328524,-34.09012313698585
NZD_JPY,-1,90.93614167567151,2022-09-01 21:00:00+00:00,2022-09-04 21:00:00+00:00,85.266,2022-09-05 21:05:00+00:00,85.702,down_close,-43.599999999999284,20.049999999999812,-1.1155931643835615,-64.76559316438266,-74.79059316438256,-64.94713658219088
NZD_JPY,-1,96.62535015566081,2022-09-05 21:00:00+00:00,2022-09-06 21:00:00+00:00,86.242,2022-09-08 21:00:00+00:00,87.256,down_close,-101.39999999999958,31.800000000000495,-1.1155931643835615,-134.31559316438364,-150.21559316438388,-134.49713658219184
NZD_JPY,1,9.012499987955493,2022-09-14 21:00:00+00:00,2022-09-15 21:00:00+00:00,85.614,2022-09-18 21:05:00+00:00,85.642,up_close,2.7999999999991587,20.599999999999596,0.5585561780821916,-17.241443821918246,-27.541443821918044,-17.616937390411398
NZD_JPY,1,7.176683958910033,2022-09-18 21:00:00+00:00,2022-09-19 21:05:00+00:00,85.36,2022-09-26 21:00:00+00:00,81.537,timecap,-382.29999999999933,13.400000000000034,3.909893246575341,-391.790106753424,-398.4901067534241,-394.41856173287607
NZD_JPY,1,6.516344221880843,2022-09-26 21:00:00+00:00,2022-09-27 21:00:00+00:00,81.606,2022-09-28 21:00:00+00:00,82.584,up_close,97.80000000000086,23.25000000000017,0.5585561780821916,75.10855617808288,63.4835561780828,74.73306260958974
NZD_JPY,-1,90.92189327248654,2022-10-12 21:00:00+00:00,2022-10-13 21:00:00+00:00,82.978,2022-10-16 21:00:00+00:00,82.766,down_close,21.19999999999891,16.849999999999454,-1.2069978698630135,3.143002130136441,-5.281997869863286,2.9614587123282217
NZD_JPY,-1,94.29152301938934,2022-10-17 21:00:00+00:00,2022-10-18 21:00:00+00:00,84.938,2022-10-23 21:00:00+00:00,85.183,down_close,-24.500000000000455,21.84999999999988,-2.413995739726027,-48.76399573972636,-59.6889957397263,-49.1270825753428
NZD_JPY,-1,94.59984626527876,2022-10-30 21:00:00+00:00,2022-10-31 21:00:00+00:00,86.462,2022-11-02 21:00:00+00:00,86.11,down_close,35.20000000000039,21.300000000000807,-6.3603495890410935,7.539650410958486,-3.1103495890419177,6.631933321917389
NZD_JPY,1,6.307228339676584,2022-11-09 22:00:00+00:00,2022-11-10 22:00:00+00:00,84.968,2022-11-13 22:00:00+00:00,84.866,up_close,-10.200000000000387,14.999999999999858,0.715032931506849,-24.484967068493397,-31.984967068493326,-24.860460636986545
NZD_JPY,-1,95.90089390853183,2022-11-17 22:00:00+00:00,2022-11-20 22:00:00+00:00,86.378,2022-11-24 22:00:00+00:00,86.742,down_close,-36.40000000000043,21.700000000000585,-7.632419506849312,-65.73241950685033,-76.58241950685063,-66.82168001369965
NZD_JPY,1,8.16007060593708,2022-11-27 22:00:00+00:00,2022-11-28 22:00:00+00:00,85.659,2022-11-29 22:00:00+00:00,85.975,up_close,31.59999999999883,25.499999999999545,2.860131726027396,8.96013172602668,-3.789868273973093,7.458157452054077
NZD_JPY,-1,94.49239090233228,2022-12-07 22:00:00+00:00,2022-12-08 22:00:00+00:00,87.067,2022-12-13 22:00:00+00:00,87.63,down_close,-56.30000000000024,21.999999999999886,-8.077542698630136,-86.37754269863026,-97.37754269863021,-87.46680320547958
NZD_JPY,1,7.9311770982480425,2022-12-18 22:00:00+00:00,2022-12-19 22:00:00+00:00,87.099,2022-12-26 22:00:00+00:00,83.665,up_close,-343.39999999999975,22.800000000000153,5.524540910958902,-360.67545908904106,-372.0754590890411,-363.3039140684931
NZD_JPY,1,5.75859339626318,2023-01-02 22:00:00+00:00,2023-01-03 22:00:00+00:00,82.061,2023-01-04 22:00:00+00:00,83.566,up_close,150.49999999999955,27.250000000000085,0.8474558150684928,124.09745581506795,110.47245581506792,123.7219622465748
NZD_JPY,1,5.322367545079601,2023-01-12 22:00:00+00:00,2023-01-15 22:00:00+00:00,81.562,2023-01-16 22:05:00+00:00,81.98,up_close,41.80000000000064,22.89999999999992,0.8474558150684928,19.74745581506921,8.297455815069249,19.371962246576057
NZD_JPY,1,5.895856759996306,2023-02-02 22:00:00+00:00,2023-02-05 22:00:00+00:00,83.526,2023-02-06 22:00:00+00:00,83.655,up_close,12.900000000000489,14.999999999999858,0.8978423424657532,-1.2021576575336157,-8.702157657533546,-1.5776512260267666
NZD_JPY,-1,96.82066811666367,2023-02-28 22:00:00+00:00,2023-03-01 22:00:00+00:00,85.068,2023-03-02 22:00:00+00:00,84.978,down_close,9.000000000000341,25.199999999999534,0.0,-16.199999999999193,-28.79999999999896,-16.199999999999193
NZD_JPY,1,8.42320375524811,2023-03-06 22:00:00+00:00,2023-03-07 22:05:00+00:00,83.765,2023-03-08 22:00:00+00:00,83.95,up_close,18.500000000000227,26.04999999999933,0.9327837534246575,-6.617216246574444,-19.642216246574108,-6.992709815067595
NZD_JPY,1,7.1053396580382895,2023-03-08 22:00:00+00:00,2023-03-09 22:00:00+00:00,83.018,2023-03-14 21:00:00+00:00,83.681,up_close,66.29999999999967,15.750000000000597,5.596702520547945,56.14670252054702,48.27170252054672,53.89374110958811
NZD_JPY,1,9.593923933825849,2023-03-21 21:00:00+00:00,2023-03-22 21:00:00+00:00,81.774,2023-03-27 21:00:00+00:00,81.525,up_close,-24.899999999999523,14.400000000000546,1.865567506849315,-37.43443249315075,-44.634432493151024,-38.185419630137055
NZD_JPY,-1,91.42454274768485,2023-03-28 21:00:00+00:00,2023-03-29 21:00:00+00:00,82.688,2023-04-02 21:00:00+00:00,83.442,down_close,-75.39999999999907,19.50000000000074,-1.4898207397260272,-96.38982073972583,-106.1398207397262,-96.57136415753405
NZD_JPY,-1,95.93526215190164,2023-04-02 21:00:00+00:00,2023-04-03 21:00:00+00:00,83.396,2023-04-04 21:00:00+00:00,83.107,down_close,28.900000000000148,10.10000000000062,-6.301607506849313,12.498392493150215,7.448392493149905,11.772218821917336
NZD_JPY,1,7.254154701233773,2023-04-05 21:00:00+00:00,2023-04-06 21:00:00+00:00,82.304,2023-04-09 21:05:00+00:00,82.608,up_close,30.400000000000205,18.35000000000022,1.0183648904109586,13.068364890410942,3.8933648904108304,12.69287132191779
NZD_JPY,-1,91.90481232899519,2023-04-27 21:00:00+00:00,2023-04-30 21:00:00+00:00,84.122,2023-05-02 21:00:00+00:00,84.761,down_close,-63.89999999999958,19.350000000000023,-8.150463904109586,-91.40046390410919,-101.0754639041092,-92.30818099315029
NZD_JPY,-1,92.21900582732769,2023-05-07 21:00:00+00:00,2023-05-08 21:00:00+00:00,85.68,2023-05-09 21:00:00+00:00,85.628,down_close,5.200000000000671,13.55000000000004,-6.520371123287669,-14.870371123287038,-21.645371123287056,-15.596544794519914
NZD_JPY,1,6.335403639555679,2023-05-11 21:00:00+00:00,2023-05-14 21:00:00+00:00,84.024,2023-05-15 21:00:00+00:00,84.936,up_close,91.20000000000061,20.550000000000068,1.0730557945205474,71.72305579452109,61.44805579452106,71.34756222602795
NZD_JPY,-1,92.98235890474739,2023-05-17 21:00:00+00:00,2023-05-18 21:00:00+00:00,86.368,2023-05-23 21:00:00+00:00,86.514,down_close,-14.60000000000008,24.24999999999997,-9.780556684931504,-48.630556684931555,-60.75555668493154,-49.71981719178087
NZD_JPY,1,9.121858229941012,2023-05-24 21:00:00+00:00,2023-05-25 21:00:00+00:00,84.904,2023-05-28 21:00:00+00:00,85.053,up_close,14.900000000000091,14.050000000000296,1.0730557945205474,1.9230557945203428,-5.101944205479805,1.5475622260271922
NZD_JPY,1,6.363642046918187,2023-05-29 21:00:00+00:00,2023-05-30 21:00:00+00:00,84.462,2023-06-01 21:00:00+00:00,84.262,up_close,-20.000000000000284,19.899999999999807,1.0730557945205474,-38.82694420547954,-48.776944205479445,-39.2024377739727
NZD_JPY,-1,91.56931681398582,2023-06-08 21:00:00+00:00,2023-06-11 21:00:00+00:00,85.475,2023-06-18 21:00:00+00:00,88.316,timecap,-284.1000000000008,31.25,-11.454959226027393,-326.8049592260282,-342.4299592260282,-328.07576315068576
NZD_JPY,-1,92.72204539345805,2023-07-03 21:00:00+00:00,2023-07-04 21:00:00+00:00,89.392,2023-07-05 21:00:00+00:00,89.337,down_close,5.499999999999261,21.84999999999988,-1.6288267876712326,-17.978826787671853,-28.903826787671793,-18.16037020548007
NZD_JPY,1,5.392344146247012,2023-07-09 21:00:00+00:00,2023-07-10 21:00:00+00:00,87.774,2023-07-12 21:00:00+00:00,87.135,up_close,-63.89999999999958,15.250000000000341,5.358949006849314,-73.7910509931506,-81.41605099315078,-75.66851883561635
NZD_JPY,1,4.3706053008573775,2023-07-26 21:00:00+00:00,2023-07-27 21:05:00+00:00,86.202,2023-07-30 21:00:00+00:00,86.919,up_close,71.69999999999987,13.19999999999979,1.0717898013698628,59.571789801369945,52.97178980137005,59.1962962328768
NZD_JPY,-1,94.0451483324365,2023-08-28 21:00:00+00:00,2023-08-29 21:00:00+00:00,87.136,2023-08-30 21:00:00+00:00,86.966,down_close,17.00000000000017,13.55000000000075,-1.625788404109589,1.8242115958898313,-4.950788404110543,1.6426681780816124
NZD_JPY,1,5.449922583256566,2023-09-06 21:00:00+00:00,2023-09-07 21:00:00+00:00,86.521,2023-09-10 21:00:00+00:00,86.648,up_close,12.699999999999534,13.700000000000045,1.0763473767123284,0.0763473767118168,-6.773652623288206,-0.29914619178133384
NZD_JPY,-1,97.98669231947117,2023-09-18 21:00:00+00:00,2023-09-19 21:00:00+00:00,87.722,2023-09-21 21:00:00+00:00,87.536,down_close,18.599999999999284,15.30000000000058,-1.6333843630136982,1.6666156369850058,-5.9833843630152845,1.4850722191767864
NZD_JPY,-1,95.34103605404938,2023-09-28 21:00:00+00:00,2023-10-01 21:00:00+00:00,89.713,2023-10-02 21:00:00+00:00,89.108,down_close,60.49999999999898,10.74999999999946,-1.6247756095890404,48.12522439041047,42.75022439041074,47.94368097260226
NZD_JPY,-1,94.87459862343897,2023-10-09 21:00:00+00:00,2023-10-10 21:00:00+00:00,89.858,2023-10-11 21:00:00+00:00,89.774,down_close,8.400000000000318,12.800000000000722,-1.6247756095890404,-6.024775609589444,-12.424775609589805,-6.206319027397663
NZD_JPY,1,6.777052665951118,2023-10-12 21:00:00+00:00,2023-10-15 21:00:00+00:00,88.375,2023-10-16 21:00:00+00:00,88.607,up_close,23.199999999999932,14.799999999999613,1.0677386232876709,9.467738623287989,2.0677386232881823,9.092245054794839
NZD_JPY,1,6.725200995176181,2023-10-19 21:00:00+00:00,2023-10-22 21:35:00+00:00,87.278,2023-10-23 21:05:00+00:00,87.524,up_close,24.59999999999951,15.800000000000125,1.0677386232876709,9.867738623287057,1.9677386232869944,9.492245054793907
NZD_JPY,-1,90.76880114240221,2023-11-01 21:00:00+00:00,2023-11-02 21:00:00+00:00,88.8,2023-11-06 22:00:00+00:00,89.54,down_close,-74.00000000000091,11.650000000000205,-3.221699369863013,-88.87169936986413,-94.69669936986423,-89.23478620548056
NZD_JPY,-1,94.66623766899089,2023-11-13 22:00:00+00:00,2023-11-14 22:00:00+00:00,90.307,2023-11-16 22:00:00+00:00,89.982,down_close,32.500000000000284,7.949999999999591,-1.6108496849315066,22.93915031506919,18.964150315069393,22.757606897260967
NZD_JPY,-1,90.26912682035808,2023-11-22 22:00:00+00:00,2023-11-23 22:00:00+00:00,90.45,2023-11-27 22:00:00+00:00,90.634,down_close,-18.39999999999975,14.999999999999858,-3.221699369863013,-36.62169936986262,-44.12169936986255,-36.98478620547906
NZD_JPY,1,9.963770888911057,2023-12-04 22:00:00+00:00,2023-12-05 22:00:00+00:00,90.202,2023-12-06 22:00:00+00:00,90.383,up_close,18.09999999999974,10.39999999999992,1.0530531027397256,8.753053102739544,3.5530531027395833,8.377559534246393
NZD_JPY,1,7.134280336125315,2023-12-06 22:00:00+00:00,2023-12-07 22:00:00+00:00,88.932,2023-12-11 22:00:00+00:00,89.529,up_close,59.69999999999942,13.250000000000028,2.1061062054794513,48.55610620547884,41.93110620547883,47.805119068492544
NZD_JPY,-1,94.67783189210799,2023-12-18 22:00:00+00:00,2023-12-19 22:00:00+00:00,90.163,2023-12-20 22:00:00+00:00,89.689,down_close,47.400000000000375,15.700000000000358,-1.6100900890410954,30.089909910958923,22.239909910958744,29.9083664931507
NZD_JPY,1,3.9001984161495784,2024-01-01 22:00:00+00:00,2024-01-02 22:00:00+00:00,88.722,2024-01-03 22:00:00+00:00,89.551,up_close,82.90000000000077,9.600000000000364,1.0560914863013695,74.35609148630178,69.5560914863016,73.98059791780862
NZD_JPY,-1,91.41762417876915,2024-01-04 22:00:00+00:00,2024-01-07 22:00:00+00:00,90.322,2024-01-08 22:00:00+00:00,90.164,down_close,15.800000000000125,8.650000000000091,-1.6131284726027395,5.536871527397294,1.2118715273972491,5.355328109589076
NZD_JPY,-1,92.71847838077028,2024-01-09 22:00:00+00:00,2024-01-10 22:00:00+00:00,90.68,2024-01-11 22:00:00+00:00,90.502,down_close,17.80000000000115,9.049999999999159,0.0,8.75000000000199,4.22500000000241,8.75000000000199
NZD_JPY,1,7.611846743655974,2024-01-21 22:00:00+00:00,2024-01-22 22:00:00+00:00,90.014,2024-01-23 22:00:00+00:00,90.524,up_close,51.00000000000051,13.950000000000529,4.224365945205478,41.27436594520546,34.299365945205196,39.77239167123286
NZD_JPY,-1,95.21343620692919,2024-02-06 22:00:00+00:00,2024-02-07 22:00:00+00:00,90.544,2024-02-12 22:00:00+00:00,91.534,down_close,-99.00000000000091,8.64999999999938,-3.257653575342465,-110.90765357534275,-115.23265357534244,-111.27074041095919
NZD_JPY,-1,94.97347577010615,2024-02-18 22:00:00+00:00,2024-02-19 22:00:00+00:00,92.327,2024-02-26 22:00:00+00:00,93.016,down_close,-68.90000000000072,6.649999999999778,-11.401787513698629,-86.95178751369912,-90.27678751369902,-88.22259143835666
NZD_JPY,1,4.075222326020054,2024-02-27 22:00:00+00:00,2024-02-28 22:00:00+00:00,91.89,2024-03-03 22:00:00+00:00,91.706,up_close,-18.39999999999975,12.400000000000233,1.046976335616438,-29.753023664383544,-35.953023664383664,-30.128517232876696
NZD_JPY,1,8.815795621188315,2024-03-07 22:00:00+00:00,2024-03-10 21:00:00+00:00,90.825,2024-03-12 21:00:00+00:00,90.794,up_close,-3.100000000000591,8.149999999999835,5.234881678082191,-6.015118321918235,-10.090118321918153,-7.892586164383989
NZD_JPY,-1,96.35095945937847,2024-03-19 21:00:00+00:00,2024-03-20 21:00:00+00:00,91.985,2024-03-21 21:00:00+00:00,91.64,down_close,34.499999999999886,7.500000000000284,0.0,26.999999999999602,23.24999999999946,26.999999999999602
NZD_JPY,1,7.221603914177692,2024-03-27 21:00:00+00:00,2024-03-28 21:00:00+00:00,90.412,2024-03-31 21:00:00+00:00,90.496,up_close,8.399999999998897,12.549999999999528,1.046976335616438,-3.103023664384193,-9.378023664383957,-3.4785172328773433
NZD_JPY,-1,90.93183851502458,2024-04-03 21:00:00+00:00,2024-04-04 21:00:00+00:00,91.188,2024-04-07 21:00:00+00:00,91.152,down_close,3.6000000000001364,14.649999999998897,-1.5875554109589034,-12.637555410957663,-19.962555410957112,-12.819098828765883
NZD_JPY,-1,97.51528563381882,2024-04-07 21:00:00+00:00,2024-04-08 21:00:00+00:00,91.582,2024-04-10 21:00:00+00:00,91.546,down_close,3.5999999999987153,16.750000000000398,-7.937777054794517,-21.0877770547962,-29.462777054796398,-21.9954941438373
NZD_JPY,-1,94.49511147200565,2024-04-23 21:00:00+00:00,2024-04-24 21:00:00+00:00,92.106,2024-04-29 21:00:00+00:00,93.454,down_close,-134.7999999999999,7.000000000000028,-3.175110821917807,-144.97511082191772,-148.47511082191775,-145.33819765753418
NZD_JPY,-1,94.24400635178287,2024-05-07 21:00:00+00:00,2024-05-08 21:00:00+00:00,93.354,2024-05-12 21:00:00+00:00,93.679,down_close,-32.500000000000284,17.05000000000041,-1.585023424657534,-51.13502342465823,-59.660023424658434,-51.31656684246644
NZD_JPY,-1,94.06410900541668,2024-05-12 21:00:00+00:00,2024-05-13 21:00:00+00:00,93.988,2024-05-20 21:00:00+00:00,95.412,down_close,-142.40000000000066,19.85000000000028,-11.095163972602737,-173.34516397260367,-183.27016397260383,-174.6159678972612
NZD_JPY,-1,93.67076141855748,2024-05-23 21:00:00+00:00,2024-05-26 21:00:00+00:00,96.093,2024-05-29 21:00:00+00:00,96.376,down_close,-28.300000000000125,9.949999999999193,-9.510140547945204,-47.76014054794452,-52.73514054794412,-48.84940105479384
NZD_JPY,-1,96.4572600398492,2024-06-20 21:00:00+00:00,2024-06-23 21:00:00+00:00,97.783,2024-06-24 21:00:00+00:00,97.762,down_close,2.1000000000000796,8.99999999999963,-1.585023424657534,-8.485023424657085,-12.9850234246569,-8.666566842465304
NZD_JPY,-1,95.82915525451133,2024-06-27 21:00:00+00:00,2024-06-30 21:00:00+00:00,98.001,2024-07-04 21:00:00+00:00,98.67,down_close,-66.8999999999997,12.950000000000728,-9.402277931506848,-89.25227793150727,-95.72727793150763,-90.34153843835658
NZD_JPY,-1,95.21904915219972,2024-07-04 21:00:00+00:00,2024-07-07 21:00:00+00:00,98.658,2024-07-08 21:00:00+00:00,98.503,down_close,15.500000000000114,17.600000000000193,-1.5670463219178081,-3.667046321917888,-12.467046321917984,-3.8485897397261066
NZD_JPY,1,5.130238027038246,2024-07-10 21:00:00+00:00,2024-07-11 21:00:00+00:00,96.808,2024-07-18 21:00:00+00:00,95.179,up_close,-162.9000000000005,12.349999999999994,7.070065349315065,-168.17993465068542,-174.3549346506854,-170.80838963013747
NZD_JPY,1,8.046016575531198,2024-07-18 21:00:00+00:00,2024-07-21 21:00:00+00:00,94.626,2024-07-28 21:00:00+00:00,90.613,timecap,-401.3000000000005,15.050000000000097,7.070065349315065,-409.2799346506855,-416.8049346506856,-411.9083896301376
NZD_JPY,1,0.2075275205452698,2024-07-28 21:00:00+00:00,2024-07-29 21:00:00+00:00,90.495,2024-08-05 21:00:00+00:00,85.621,timecap,-487.40000000000094,10.39999999999992,6.868012842465751,-490.9319871575351,-496.13198715753504,-493.56044213698715
NZD_JPY,-1,91.98224398368572,2024-08-22 21:00:00+00:00,2024-08-25 21:00:00+00:00,89.798,2024-08-26 21:00:00+00:00,89.661,down_close,13.700000000000045,11.650000000000205,-1.4660200684931504,0.5839799315066905,-5.241020068493412,0.40243651369847155
NZD_JPY,-1,94.11492404186004,2024-08-28 21:00:00+00:00,2024-08-29 21:00:00+00:00,90.752,2024-09-03 21:00:00+00:00,90.017,down_close,73.49999999999994,20.000000000000284,-8.479622123287669,45.02037787671199,35.02037787671185,43.931117369862676
NZD_JPY,1,8.949354823138592,2024-09-03 21:00:00+00:00,2024-09-04 21:00:00+00:00,89.017,2024-09-05 21:00:00+00:00,89.267,up_close,25.0,10.699999999999932,0.0,14.300000000000068,8.950000000000102,14.300000000000068
NZD_JPY,1,7.269192024707891,2024-09-05 21:00:00+00:00,2024-09-08 21:00:00+00:00,87.895,2024-09-09 21:00:00+00:00,87.974,up_close,7.900000000000773,12.550000000000239,0.8456834246575339,-3.804316575341932,-10.079316575342052,-4.179810143835082
NZD_JPY,1,9.469331159051634,2024-09-09 21:00:00+00:00,2024-09-10 21:00:00+00:00,87.604,2024-09-12 21:00:00+00:00,87.673,up_close,6.9000000000002615,4.449999999999932,0.8456834246575339,3.2956834246578635,1.0706834246578976,2.920189856164713
NZD_JPY,-1,93.89607075177969,2024-09-18 21:00:00+00:00,2024-09-19 21:00:00+00:00,88.979,2024-09-24 21:00:00+00:00,90.758,data_end,-177.89999999999964,12.350000000000705,-8.41632246575342,-198.66632246575375,-204.8413224657541,-199.75558297260307
NZD_USD,-1,90.85155634357785,2020-11-23 22:00:00+00:00,2020-11-24 22:00:00+00:00,0.69754,2020-11-26 22:00:00+00:00,0.70049,down_close,-29.49999999999897,9.550000000000392,-0.14533224657534244,-39.1953322465747,-43.9703322465749,-39.31097295890347
NZD_USD,-1,96.21923172551071,2020-11-26 22:00:00+00:00,2020-11-29 22:00:00+00:00,0.703,2020-11-30 22:00:00+00:00,0.70153,down_close,14.699999999999713,11.499999999999844,-0.1437695342465753,3.0562304657532944,-2.6937695342466275,2.9405897534245273
NZD_USD,-1,91.29417235949931,2020-11-30 22:00:00+00:00,2020-12-01 22:00:00+00:00,0.70658,2020-12-06 22:00:00+00:00,0.70436,down_close,22.199999999999996,5.649999999999822,-0.28441364383561635,16.265586356164558,13.440586356164646,16.034304931507023
NZD_USD,1,7.16638181570967,2020-12-08 22:00:00+00:00,2020-12-09 22:00:00+00:00,0.70224,2020-12-10 22:00:00+00:00,0.70973,up_close,74.89999999999996,7.600000000000384,0.0,67.29999999999959,63.49999999999939,67.29999999999959
NZD_USD,-1,90.25684429213507,2020-12-15 22:00:00+00:00,2020-12-16 22:00:00+00:00,0.71124,2020-12-20 22:00:00+00:00,0.71164,down_close,-4.00000000000067,7.449999999999957,-0.14220682191780817,-11.592206821918435,-15.317206821918413,-11.707847534247202
NZD_USD,1,7.194441118279016,2020-12-21 22:00:00+00:00,2020-12-22 22:00:00+00:00,0.70418,2020-12-23 22:00:00+00:00,0.70983,up_close,56.499999999999325,9.850000000000136,-0.19533904109589043,46.4546609589033,41.52966095890323,46.232755808218364
NZD_USD,-1,91.25234371414328,2020-12-28 22:00:00+00:00,2020-12-29 22:00:00+00:00,0.71504,2021-01-03 22:00:00+00:00,0.71928,down_close,-42.40000000000021,4.899999999999904,-0.2875390684931506,-47.58753906849327,-50.037539068493224,-47.8188204931508
NZD_USD,-1,94.48549961895425,2021-01-05 22:00:00+00:00,2021-01-06 22:00:00+00:00,0.73,2021-01-07 22:00:00+00:00,0.72538,down_close,46.19999999999957,6.899999999999684,0.0,39.29999999999988,35.850000000000044,39.29999999999988
NZD_USD,1,9.659071391516875,2021-02-16 22:00:00+00:00,2021-02-17 22:00:00+00:00,0.71918,2021-02-18 22:00:00+00:00,0.72194,up_close,27.599999999999845,2.7999999999994696,0.0,24.800000000000374,23.40000000000064,24.800000000000374
NZD_USD,-1,92.254167481981,2021-02-18 22:00:00+00:00,2021-02-21 22:00:00+00:00,0.72905,2021-02-25 22:00:00+00:00,0.73726,down_close,-82.1000000000005,4.449999999999177,-0.89074602739726,-87.44074602739694,-89.66574602739652,-88.13459030136954
NZD_USD,1,8.193433805016,2021-03-04 22:00:00+00:00,2021-03-07 22:00:00+00:00,0.71664,2021-03-09 22:00:00+00:00,0.71589,up_close,-7.500000000000284,6.899999999999684,-0.9063731506849316,-15.3063731506849,-18.75637315068474,-16.415898904109557
NZD_USD,1,2.0617342108444774,2021-03-22 21:00:00+00:00,2021-03-23 21:00:00+00:00,0.69987,2021-03-28 21:00:00+00:00,0.69997,up_close,0.9999999999998899,10.500000000000508,-0.36254926027397266,-9.86254926027459,-15.112549260274845,-10.306359561644454
NZD_USD,-1,91.54602879567673,2021-04-01 21:00:00+00:00,2021-04-04 21:00:00+00:00,0.70338,2021-04-06 21:00:00+00:00,0.70587,down_close,-24.89999999999992,10.100000000000108,-0.7891697260273971,-35.789169726027424,-40.83916972602748,-36.36737328767126
NZD_USD,-1,95.48927843017316,2021-04-13 21:00:00+00:00,2021-04-14 21:00:00+00:00,0.71402,2021-04-18 21:00:00+00:00,0.7126,down_close,14.199999999999768,14.54999999999984,-0.15783394520547941,-0.5078339452055519,-7.782833945205472,-0.6234746575343191
NZD_USD,1,8.857392236546431,2021-05-11 21:00:00+00:00,2021-05-12 21:00:00+00:00,0.71564,2021-05-13 21:00:00+00:00,0.71731,up_close,16.69999999999949,12.099999999999888,0.0,4.5999999999996035,-1.4500000000003403,4.5999999999996035
NZD_USD,-1,91.63230012172099,2021-05-25 21:00:00+00:00,2021-05-26 21:00:00+00:00,0.72812,2021-05-30 21:00:00+00:00,0.72565,down_close,24.699999999999722,13.949999999999797,-0.1625220821917808,10.587477917808144,3.612477917808246,10.471837205479378
NZD_USD,1,4.04551242124667,2021-06-02 21:00:00+00:00,2021-06-03 21:00:00+00:00,0.71445,2021-06-06 21:00:00+00:00,0.7212,up_close,67.49999999999922,11.499999999999844,-0.17971191780821916,55.820288082191155,50.07028808219123,55.59838293150622
NZD_USD,1,5.375298868621755,2021-06-15 21:00:00+00:00,2021-06-16 21:00:00+00:00,0.70508,2021-06-21 21:00:00+00:00,0.69857,up_close,-65.10000000000015,7.950000000000457,-0.3719255342465753,-73.42192553424718,-77.3969255342474,-73.86573583561704
NZD_USD,1,9.699148261729576,2021-06-28 21:00:00+00:00,2021-06-29 21:00:00+00:00,0.69898,2021-07-04 21:00:00+00:00,0.70264,up_close,36.599999999999966,7.399999999999629,-0.3578611232876712,28.842138876712667,25.142138876712853,28.398328575342802
NZD_USD,1,8.649325060018569,2021-07-07 21:00:00+00:00,2021-07-08 21:00:00+00:00,0.69511,2021-07-11 21:00:00+00:00,0.70025,up_close,51.40000000000033,20.000000000000018,-0.1750237808219178,31.224976219178398,21.224976219178387,31.003071068493465
NZD_USD,-1,91.11807201239645,2021-08-03 21:00:00+00:00,2021-08-04 21:00:00+00:00,0.70482,2021-08-08 21:00:00+00:00,0.70094,down_close,38.79999999999994,14.500000000000068,-0.18440005479452048,24.115599945205354,16.86559994520532,23.999959232876584
NZD_USD,1,9.889936571826354,2021-08-16 21:00:00+00:00,2021-08-17 21:00:00+00:00,0.69187,2021-08-23 21:05:00+00:00,0.68918,up_close,-26.8999999999997,5.999999999999894,-0.4547492876712329,-33.35474928767083,-36.35474928767078,-34.02046473972562
NZD_USD,-1,90.70181912840377,2021-08-24 21:00:00+00:00,2021-08-25 21:00:00+00:00,0.69728,2021-08-26 21:00:00+00:00,0.69496,down_close,23.199999999999886,7.399999999999629,0.0,15.800000000000257,12.100000000000442,15.800000000000257
NZD_USD,-1,92.86638286681995,2021-08-31 21:00:00+00:00,2021-09-01 21:00:00+00:00,0.70676,2021-09-06 21:00:00+00:00,0.71346,down_close,-66.99999999999928,10.550000000000281,-0.38442723287671227,-77.93442723287627,-83.20942723287642,-78.1657086575338
NZD_USD,1,5.394666220460451,2021-09-16 21:00:00+00:00,2021-09-19 21:00:00+00:00,0.70339,2021-09-23 21:00:00+00:00,0.70696,up_close,35.70000000000073,8.299999999999418,-0.871993479452055,26.528006520549255,22.378006520549544,25.196575616439667
NZD_USD,1,3.7250359053896602,2021-09-28 21:00:00+00:00,2021-09-29 21:00:00+00:00,0.6869,2021-09-30 21:00:00+00:00,0.69012,up_close,32.2,10.449999999999626,0.0,21.750000000000377,16.525000000000563,21.750000000000377
NZD_USD,-1,96.93081685216553,2021-10-13 21:00:00+00:00,2021-10-14 21:00:00+00:00,0.70328,2021-10-21 21:00:00+00:00,0.71527,down_close,-119.89999999999945,8.650000000000047,-1.487702136986301,-130.0377021369858,-134.36270213698583,-130.84718712328717
NZD_USD,-1,95.10033795622452,2021-10-27 21:00:00+00:00,2021-10-28 21:00:00+00:00,0.72002,2021-10-31 21:00:00+00:00,0.71632,down_close,37.00000000000036,12.350000000000417,-0.21409158904109582,24.43590841095885,18.260908410958642,24.320267698630083
NZD_USD,1,8.484113086409323,2021-11-10 22:00:00+00:00,2021-11-11 22:00:00+00:00,0.70225,2021-11-14 22:00:00+00:00,0.70388,up_close,16.29999999999909,8.250000000000203,-0.10470172602739726,7.945298273971491,3.82029827397139,7.72339312328656
NZD_USD,1,9.889490646169804,2021-11-15 22:00:00+00:00,2021-11-16 22:00:00+00:00,0.69912,2021-11-17 22:05:00+00:00,0.69974,up_close,6.200000000000649,9.250000000000092,-0.10470172602739726,-3.15470172602684,-7.779701726026887,-3.376606876711772
NZD_USD,1,3.384593604950652,2021-11-23 22:00:00+00:00,2021-11-24 22:00:00+00:00,0.68768,2021-11-29 22:00:00+00:00,0.68261,up_close,-50.69999999999908,4.850000000000132,-0.20940345205479452,-55.759403452054,-58.18440345205407,-56.20321375342387
NZD_USD,1,9.138913149454154,2021-11-29 22:00:00+00:00,2021-11-30 22:00:00+00:00,0.6818,2021-12-02 22:00:00+00:00,0.68137,up_close,-4.299999999999304,11.45000000000007,-0.09220002739726028,-15.842200027396634,-21.56720002739667,-16.064105178081565
NZD_USD,1,6.393774088395531,2021-12-02 22:00:00+00:00,2021-12-05 18:00:00+00:00,0.67707,2021-12-05 22:00:00+00:00,0.67535,up_close,-17.199999999999438,16.00000000000046,0.0,-33.199999999999896,-41.20000000000013,-33.199999999999896
NZD_USD,1,8.275671775167538,2021-12-13 22:00:00+00:00,2021-12-14 22:00:00+00:00,0.67446,2021-12-15 22:00:00+00:00,0.6785,up_close,40.40000000000043,5.649999999999822,-0.09220002739726028,34.65779997260335,31.83279997260344,34.43589482191842
NZD_USD,-1,90.91265057407554,2021-12-30 22:00:00+00:00,2022-01-02 22:00:00+00:00,0.68364,2022-01-03 22:00:00+00:00,0.67846,down_close,51.80000000000073,19.94999999999969,-0.2640983835616438,31.585901616439394,21.61090161643955,31.470260904110628
NZD_USD,-1,91.3306495257709,2022-01-11 22:00:00+00:00,2022-01-12 22:00:00+00:00,0.68466,2022-01-16 22:00:00+00:00,0.68134,down_close,33.200000000001005,13.199999999999878,-0.2640983835616438,19.73590161643948,13.135901616439542,19.620260904110715
NZD_USD,1,6.557868261480166,2022-01-20 22:00:00+00:00,2022-01-23 22:00:00+00:00,0.67167,2022-01-30 22:00:00+00:00,0.6547,timecap,-169.7000000000004,13.099999999999778,-0.5141323561643837,-183.31413235616455,-189.86413235616445,-184.86746841095905
NZD_USD,-1,92.11588640541174,2022-02-20 22:00:00+00:00,2022-02-21 22:00:00+00:00,0.67016,2022-02-24 22:00:00+00:00,0.66916,down_close,10.000000000000009,8.500000000000174,-1.4611360273972598,0.038863972602575014,-4.211136027397512,-0.5393395890412607
NZD_USD,-1,95.78862148300462,2022-03-03 22:00:00+00:00,2022-03-06 22:00:00+00:00,0.68506,2022-03-07 22:00:00+00:00,0.68212,down_close,29.400000000000535,7.850000000000357,-0.33598315068493145,21.214016849315247,17.289016849315068,21.09837613698648
NZD_USD,-1,92.19198237772792,2022-03-17 21:00:00+00:00,2022-03-20 21:00:00+00:00,0.69001,2022-03-21 21:00:00+00:00,0.68804,down_close,19.700000000000273,16.400000000000304,-0.29691534246575335,3.0030846575342154,-5.196915342465937,2.8874439452054483
NZD_USD,-1,90.75390679355026,2022-03-22 21:00:00+00:00,2022-03-23 21:00:00+00:00,0.69734,2022-03-24 21:00:00+00:00,0.69571,down_close,16.29999999999909,9.649999999999936,0.0,6.649999999999155,1.8249999999991857,6.649999999999155
NZD_USD,1,9.44893967690588,2022-03-27 21:00:00+00:00,2022-03-28 21:00:00+00:00,0.68946,2022-03-29 21:00:00+00:00,0.69336,up_close,39.00000000000014,11.849999999999916,-0.1625220821917809,26.987477917808445,21.062477917808486,26.099857315068718
NZD_USD,1,9.120161730846476,2022-04-06 21:00:00+00:00,2022-04-07 21:00:00+00:00,0.68918,2022-04-12 21:00:00+00:00,0.68514,up_close,-40.40000000000043,18.400000000000084,0.05625764383561642,-58.7437423561649,-67.94374235616493,-60.07517326027449
NZD_USD,1,6.282666493113254,2022-04-14 21:00:00+00:00,2022-04-17 21:00:00+00:00,0.67764,2022-04-19 21:00:00+00:00,0.67334,up_close,-42.9999999999997,16.1,0.04688136986301369,-59.05311863013669,-67.10311863013669,-60.16264438356135
NZD_USD,1,4.601418609880497,2022-04-25 21:00:00+00:00,2022-04-26 21:00:00+00:00,0.6564,2022-05-03 21:00:00+00:00,0.64359,timecap,-128.09999999999988,11.24999999999987,0.38598994520547936,-138.96401005479427,-144.58901005479422,-140.51734610958877
NZD_USD,1,9.63618204738151,2022-05-08 21:00:00+00:00,2022-05-09 21:00:00+00:00,0.63221,2022-05-11 21:00:00+00:00,0.62927,up_close,-29.400000000000535,10.249999999999982,-0.023440684931506844,-39.673440684932025,-44.79844068493202,-40.78296643835668
NZD_USD,1,3.923894888862108,2022-05-11 21:00:00+00:00,2022-05-12 21:00:00+00:00,0.62309,2022-05-15 21:00:00+00:00,0.62796,up_close,48.6999999999993,14.85000000000014,-0.004688136986301369,33.84531186301285,26.420311863012785,33.62340671232792
NZD_USD,-1,91.69928158710317,2022-05-22 21:00:00+00:00,2022-05-23 21:00:00+00:00,0.6465,2022-05-24 21:00:00+00:00,0.64605,down_close,4.499999999999504,11.04999999999967,-1.3314309041095889,-7.881430904109755,-13.40643090410959,-8.343993753424822
NZD_USD,-1,97.66539173718299,2022-05-26 21:00:00+00:00,2022-05-29 21:00:00+00:00,0.65366,2022-05-31 21:00:00+00:00,0.6515,down_close,21.600000000000506,8.949999999999791,-1.6642886301369861,10.98571136986373,6.510711369863832,10.407507808219894
NZD_USD,1,8.714664831846576,2022-06-07 21:00:00+00:00,2022-06-08 21:00:00+00:00,0.64459,2022-06-15 21:00:00+00:00,0.62867,up_close,-159.20000000000044,13.600000000000279,0.47037641095890426,-172.32962358904183,-179.12962358904198,-173.88295964383633
NZD_USD,1,8.686725135477076,2022-06-28 21:00:00+00:00,2022-06-29 21:00:00+00:00,0.62212,2022-06-30 21:00:00+00:00,0.62446,up_close,23.400000000000087,17.94999999999991,0.0,5.450000000000177,-3.5249999999997783,5.450000000000177
NZD_USD,1,8.534779873934397,2022-07-04 21:00:00+00:00,2022-07-05 21:00:00+00:00,0.61709,2022-07-07 21:00:00+00:00,0.61734,up_close,2.4999999999997247,12.65000000000016,0.004688136986301287,-10.145311863014134,-16.47031186301421,-10.367217013699065
NZD_USD,-1,94.29050634050003,2022-07-18 21:00:00+00:00,2022-07-19 21:00:00+00:00,0.62242,2022-07-24 21:00:00+00:00,0.62571,down_close,-32.90000000000015,19.899999999999917,-0.6844679999999999,-53.48446800000007,-63.434468000000024,-53.7157494246576
NZD_USD,-1,95.50745042894461,2022-07-24 21:00:00+00:00,2022-07-25 21:00:00+00:00,0.62624,2022-07-26 21:00:00+00:00,0.62308,down_close,31.600000000000517,19.549999999999844,-1.3689359999999997,10.681064000000672,0.9060640000007485,10.218501150685604
NZD_USD,-1,94.6123122730052,2022-07-31 21:00:00+00:00,2022-08-01 21:00:00+00:00,0.63323,2022-08-02 21:00:00+00:00,0.62532,down_close,79.09999999999972,8.549999999999947,-1.0751460821917804,69.474853917808,65.19985391780803,69.01229106849294
NZD_USD,-1,93.9537659465848,2022-08-09 21:00:00+00:00,2022-08-10 21:00:00+00:00,0.64025,2022-08-15 21:00:00+00:00,0.63652,down_close,37.30000000000011,8.349999999999746,-0.5375730410958902,28.412426958904476,24.237426958904603,28.18114553424694
NZD_USD,1,8.23597193004575,2022-08-16 21:00:00+00:00,2022-08-17 21:00:00+00:00,0.62868,2022-08-23 21:00:00+00:00,0.62135,up_close,-73.30000000000058,20.000000000000018,-0.41255605479452095,-93.71255605479512,-103.71255605479513,-95.04398695890471
NZD_USD,1,6.117036220393246,2022-08-31 21:00:00+00:00,2022-09-01 21:00:00+00:00,0.60792,2022-09-04 21:00:00+00:00,0.60832,up_close,3.9999999999995595,6.599999999999939,-0.01718983561643836,-2.617189835616818,-5.917189835616789,-2.83909498630175
NZD_USD,1,7.859225447086402,2022-09-19 21:00:00+00:00,2022-09-20 21:00:00+00:00,0.58995,2022-09-27 21:00:00+00:00,0.56352,timecap,-264.2999999999995,7.1499999999991015,-0.823549397260274,-272.2735493972589,-275.8485493972584,-273.82688545205343
NZD_USD,1,6.051997670672321,2022-10-09 21:00:00+00:00,2022-10-10 21:00:00+00:00,0.55695,2022-10-11 21:00:00+00:00,0.55957,up_close,26.200000000000667,14.75000000000004,-0.3125424657534247,11.137457534247202,3.762457534247182,10.249836931507476
NZD_USD,-1,93.63962135849604,2022-10-20 21:00:00+00:00,2022-10-23 21:00:00+00:00,0.57662,2022-10-24 21:00:00+00:00,0.56942,down_close,71.99999999999984,16.69999999999949,-0.2594102465753424,55.04058975342501,46.690589753425265,54.92494904109624
NZD_USD,-1,91.54669567949591,2022-11-23 22:00:00+00:00,2022-11-24 22:00:00+00:00,0.62634,2022-11-27 22:00:00+00:00,0.62231,down_close,40.29999999999978,7.700000000000484,-0.17971191780821916,32.42028808219107,28.57028808219083,32.3046473698623
NZD_USD,-1,91.99690840582053,2022-11-30 22:00:00+00:00,2022-12-01 22:00:00+00:00,0.6363,2022-12-05 22:00:00+00:00,0.63174,down_close,45.60000000000008,19.3500000000002,-0.45006115068493135,25.799938849314948,16.124938849314848,25.568657424657413
NZD_USD,-1,90.50089698280884,2022-12-08 22:00:00+00:00,2022-12-11 22:00:00+00:00,0.64052,2022-12-12 22:00:00+00:00,0.63799,down_close,25.30000000000032,9.89999999999991,-0.22503057534246568,15.174969424657945,10.22496942465799,15.059328712329178
NZD_USD,1,8.072779172795578,2022-12-20 22:00:00+00:00,2022-12-21 22:00:00+00:00,0.6296,2022-12-26 18:00:00+00:00,0.62926,up_close,-3.4000000000000696,15.499999999999957,-0.19065090410958901,-19.090650904109616,-26.840650904109594,-19.31255605479455
NZD_USD,-1,91.39680933117666,2022-12-28 22:00:00+00:00,2022-12-29 22:00:00+00:00,0.63478,2023-01-02 22:00:00+00:00,0.63164,down_close,31.400000000000315,9.949999999999681,-0.3375458630136986,21.112454136986937,16.137454136987095,20.881172712329402
NZD_USD,1,8.200122575231049,2023-01-02 22:00:00+00:00,2023-01-03 22:00:00+00:00,0.62546,2023-01-04 22:00:00+00:00,0.62979,up_close,43.29999999999945,18.50000000000018,-0.1468949589041096,24.65310504109516,15.40310504109507,24.431199890410227
NZD_USD,-1,92.58064783890336,2023-01-16 22:00:00+00:00,2023-01-17 22:00:00+00:00,0.64241,2023-01-19 22:00:00+00:00,0.63983,down_close,25.800000000000267,18.799999999999926,-0.19065090410958901,6.809349095890752,-2.590650904109211,6.693708383561985
NZD_USD,1,7.28434904478604,2023-01-30 22:00:00+00:00,2023-01-31 22:00:00+00:00,0.6442,2023-02-01 22:00:00+00:00,0.65011,up_close,59.0999999999997,6.750000000000367,-0.11564071232876712,52.234359287670564,48.85935928767039,52.01245413698563
NZD_USD,1,9.188672407684464,2023-02-02 22:00:00+00:00,2023-02-05 22:00:00+00:00,0.63112,2023-02-07 22:00:00+00:00,0.63217,up_close,10.499999999999954,10.100000000000108,-0.7735426027397262,-0.3735426027398804,-5.423542602739935,-1.4830683561645377
NZD_USD,1,7.464424376382254,2023-02-16 22:00:00+00:00,2023-02-19 22:00:00+00:00,0.62378,2023-02-20 22:00:00+00:00,0.6253,up_close,15.199999999999658,6.200000000000094,-0.15470852054794523,8.845291479451618,5.745291479451572,8.623386328766687
NZD_USD,1,8.164002066203935,2023-02-23 22:00:00+00:00,2023-02-26 22:00:00+00:00,0.6164,2023-02-27 22:00:00+00:00,0.61686,up_close,4.6000000000001595,6.800000000000139,-0.15314580821917817,-2.353145808219158,-5.7531458082192275,-2.5750509589040895
NZD_USD,-1,90.48230877720765,2023-02-28 22:00:00+00:00,2023-03-01 22:00:00+00:00,0.62468,2023-03-02 22:00:00+00:00,0.6212,down_close,34.80000000000039,16.499999999999847,0.0,18.30000000000054,10.050000000000615,18.30000000000054
NZD_USD,1,5.324849316922766,2023-03-06 22:00:00+00:00,2023-03-07 22:00:00+00:00,0.6111,2023-03-08 22:00:00+00:00,0.61117,up_close,0.700000000000145,14.100000000000223,-0.13126783561643837,-13.531267835616516,-20.58126783561663,-13.753172986301449
NZD_USD,1,4.584037891304675,2023-03-08 22:00:00+00:00,2023-03-09 22:00:00+00:00,0.60987,2023-03-12 21:00:00+00:00,0.6147,up_close,48.300000000000004,8.249999999999647,-0.13126783561643837,39.91873216438392,35.793732164384096,39.69682701369899
NZD_USD,-1,92.41039133478913,2023-03-12 21:00:00+00:00,2023-03-13 21:00:00+00:00,0.62233,2023-03-15 21:00:00+00:00,0.61894,down_close,33.90000000000004,16.450000000000074,-1.023576575342466,16.4264234246575,8.201423424657465,15.848219863013666
NZD_USD,-1,90.61278587918483,2023-04-03 21:00:00+00:00,2023-04-04 21:00:00+00:00,0.63102,2023-04-06 21:00:00+00:00,0.62444,down_close,65.8000000000003,4.650000000000487,-0.21877972602739723,60.93122027397241,58.60622027397216,60.815579561643645
NZD_USD,1,6.773107272830714,2023-04-10 21:00:00+00:00,2023-04-11 21:00:00+00:00,0.61902,2023-04-12 21:00:00+00:00,0.62128,up_close,22.600000000000396,9.000000000000119,-0.11876613698630134,13.481233863013976,8.981233863013916,13.259328712329044
NZD_USD,1,7.919879641321259,2023-04-20 21:00:00+00:00,2023-04-23 21:00:00+00:00,0.61414,2023-04-24 21:00:00+00:00,0.6167,up_close,25.600000000000065,9.250000000000092,-0.11876613698630134,16.23123386301367,11.606233863013625,16.00932871232874
NZD_USD,-1,90.76711200327404,2023-05-02 21:00:00+00:00,2023-05-03 21:00:00+00:00,0.62289,2023-05-09 21:00:00+00:00,0.63337,down_close,-104.79999999999933,5.6000000000006045,-1.2470444383561643,-111.6470444383561,-114.4470444383564,-112.3408887123287
NZD_USD,-1,90.97510619518712,2023-05-09 21:00:00+00:00,2023-05-10 21:00:00+00:00,0.63646,2023-05-11 21:00:00+00:00,0.63032,down_close,61.40000000000034,10.349999999999525,0.0,51.050000000000814,45.87500000000105,51.050000000000814
NZD_USD,1,8.003788821967674,2023-05-11 21:00:00+00:00,2023-05-14 21:00:00+00:00,0.61928,2023-05-15 21:00:00+00:00,0.62396,up_close,46.79999999999906,13.549999999999951,-0.1297051232876712,33.120294876711434,26.345294876711463,32.8983897260265
NZD_USD,1,6.140708066402681,2023-05-23 21:00:00+00:00,2023-05-24 21:00:00+00:00,0.61092,2023-05-29 21:00:00+00:00,0.6055,up_close,-54.199999999999804,17.599999999999838,-0.2594102465753424,-72.05941024657498,-80.85941024657491,-72.50322054794485
NZD_USD,1,5.545295088585803,2023-05-30 21:00:00+00:00,2023-05-31 21:00:00+00:00,0.60212,2023-06-01 21:00:00+00:00,0.607,up_close,48.799999999999955,6.349999999999967,0.0,42.44999999999999,39.275000000000006,42.44999999999999
NZD_USD,-1,96.22815573736699,2023-06-13 21:00:00+00:00,2023-06-14 21:00:00+00:00,0.62084,2023-06-19 21:00:00+00:00,0.6205,down_close,3.3999999999989594,12.44999999999996,-0.4188069041095889,-9.46880690411059,-15.69380690411057,-9.700088328768125
NZD_USD,1,5.995530950420388,2023-06-27 21:00:00+00:00,2023-06-28 21:00:00+00:00,0.60772,2023-07-02 21:00:00+00:00,0.61292,up_close,51.99999999999982,8.400000000000073,-0.12814241095890413,43.47185758904085,39.27185758904081,43.24995243835592
NZD_USD,-1,90.82493397727123,2023-07-03 21:00:00+00:00,2023-07-04 21:00:00+00:00,0.61881,2023-07-05 21:00:00+00:00,0.61781,down_close,10.000000000000009,10.45000000000018,-0.20784073972602737,-0.6578407397261989,-5.882840739726289,-0.7734814520549661
NZD_USD,-1,92.96732542914286,2023-07-11 21:00:00+00:00,2023-07-12 21:00:00+00:00,0.6264,2023-07-16 21:00:00+00:00,0.63648,down_close,-100.80000000000088,18.799999999999372,-0.20784073972602737,-119.80784073972627,-129.20784073972598,-119.92348145205504
NZD_USD,1,7.98080388192794,2023-07-19 21:00:00+00:00,2023-07-20 21:00:00+00:00,0.62311,2023-07-24 21:00:00+00:00,0.62058,up_close,-25.30000000000032,6.949999999999457,-0.2594102465753424,-32.50941024657512,-35.984410246574846,-32.95322054794499
NZD_USD,1,8.943162513249106,2023-07-27 21:00:00+00:00,2023-07-30 21:00:00+00:00,0.61548,2023-07-31 21:00:00+00:00,0.6214,up_close,59.19999999999925,16.749999999999822,-0.16877293150684933,42.281227068492576,33.90622706849267,42.059321917807644
NZD_USD,1,4.800240781774818,2023-08-09 21:00:00+00:00,2023-08-10 21:00:00+00:00,0.60264,2023-08-17 21:00:00+00:00,0.5922,timecap,-104.40000000000005,9.750000000000036,-1.2142274794520551,-115.36422747945214,-120.23922747945215,-116.91756353424667
NZD_USD,1,0.2230163164029335,2023-08-17 21:00:00+00:00,2023-08-20 21:00:00+00:00,0.59348,2023-08-21 21:00:00+00:00,0.59218,up_close,-12.999999999999678,17.05000000000012,-0.1734610684931507,-30.22346106849295,-38.748461068493015,-30.44536621917788
NZD_USD,-1,95.18889175788324,2023-08-22 21:00:00+00:00,2023-08-23 21:00:00+00:00,0.59801,2023-08-24 21:00:00+00:00,0.59216,down_close,58.50000000000021,6.749999999999812,0.0,51.7500000000004,48.3750000000005,51.7500000000004
NZD_USD,1,4.716808343411813,2023-09-04 21:00:00+00:00,2023-09-05 21:00:00+00:00,0.58845,2023-09-07 21:00:00+00:00,0.5875,up_close,-9.500000000000064,12.849999999999806,-0.16721021917808226,-22.51721021917795,-28.942210219177852,-22.739115369862883
NZD_USD,-1,92.90092192958363,2023-09-21 21:00:00+00:00,2023-09-24 21:00:00+00:00,0.59632,2023-09-26 21:00:00+00:00,0.59471,down_close,16.1,9.799999999999809,-0.8516782191780816,5.448321780822111,0.5483217808222065,4.870118219178275
NZD_USD,-1,93.62155277932114,2023-10-08 21:00:00+00:00,2023-10-09 21:00:00+00:00,0.60118,2023-10-11 21:00:00+00:00,0.602,down_close,-8.199999999999319,16.999999999999794,-0.8516782191780816,-26.051678219177198,-34.55167821917709,-26.62988178082103
NZD_USD,1,6.5720911279031355,2023-10-12 21:00:00+00:00,2023-10-15 21:00:00+00:00,0.59159,2023-10-16 21:00:00+00:00,0.59224,up_close,6.500000000000394,6.150000000000322,-0.16721021917808226,0.1827897808219902,-2.8922102191781707,-0.039115369862941285
NZD_USD,1,6.3989200089318246,2023-10-19 21:00:00+00:00,2023-10-22 21:00:00+00:00,0.58254,2023-10-23 21:00:00+00:00,0.58468,up_close,21.400000000000308,15.54999999999973,-0.16721021917808226,5.682789780822494,-2.0922102191773724,5.4608846301375635
NZD_USD,1,9.016565351444854,2023-10-24 21:00:00+00:00,2023-10-25 21:00:00+00:00,0.58102,2023-10-26 21:00:00+00:00,0.58232,up_close,12.999999999999678,10.100000000000108,0.0,2.8999999999995705,-2.1500000000004835,2.8999999999995705
NZD_USD,-1,91.53002049728494,2023-11-01 21:00:00+00:00,2023-11-02 21:00:00+00:00,0.58988,2023-11-06 22:00:00+00:00,0.59672,down_close,-68.40000000000067,7.199999999999984,-0.32504416438356143,-75.92504416438422,-79.5250441643842,-76.15632558904176
NZD_USD,1,7.6521872295234346,2023-11-12 22:00:00+00:00,2023-11-13 22:00:00+00:00,0.58835,2023-11-14 22:00:00+00:00,0.60066,up_close,123.09999999999931,11.599999999999945,-0.7000951232876715,110.79990487671171,104.99990487671172,109.91228427397198
NZD_USD,-1,92.77637240328538,2023-11-14 22:00:00+00:00,2023-11-15 22:00:00+00:00,0.60185,2023-11-16 22:00:00+00:00,0.59768,down_close,41.70000000000007,10.149999999999881,0.0,31.550000000000185,26.475000000000243,31.550000000000185
NZD_USD,-1,91.32697251509943,2023-11-26 22:00:00+00:00,2023-11-27 22:00:00+00:00,0.60959,2023-11-30 22:00:00+00:00,0.61532,down_close,-57.300000000000125,5.649999999999822,-0.8126104109589036,-63.76261041095885,-66.58761041095877,-64.34081397260269
NZD_USD,-1,98.629424480302,2023-11-30 22:00:00+00:00,2023-12-03 22:00:00+00:00,0.61952,2023-12-04 22:00:00+00:00,0.61698,down_close,25.399999999999867,10.149999999999881,-0.16252208219178071,15.087477917808204,10.012477917808264,14.971837205479439
NZD_USD,-1,94.12461425646441,2023-12-13 22:00:00+00:00,2023-12-14 22:00:00+00:00,0.61981,2023-12-20 22:00:00+00:00,0.62525,down_close,-54.4,13.099999999999778,-1.137654575342465,-68.63765457534224,-75.18765457534214,-69.44713956164361
NZD_USD,-1,95.87953848544808,2023-12-25 22:00:00+00:00,2023-12-26 22:00:00+00:00,0.63272,2023-12-28 22:00:00+00:00,0.63346,down_close,-7.400000000000739,4.400000000000515,-0.16252208219178071,-11.962522082193036,-14.162522082193293,-12.078162794521802
NZD_USD,1,7.035279151074974,2024-01-01 22:00:00+00:00,2024-01-02 22:00:00+00:00,0.62538,2024-01-07 22:00:00+00:00,0.6241,up_close,-12.800000000000589,9.750000000000036,-0.3469221369863014,-22.896922136986923,-27.771922136986944,-23.34073243835679
NZD_USD,1,3.0002849424213025,2024-01-15 22:00:00+00:00,2024-01-16 22:00:00+00:00,0.61404,2024-01-23 22:00:00+00:00,0.61018,up_close,-38.600000000000854,6.199999999999539,-1.2142274794520551,-46.01422747945245,-49.11422747945222,-47.56756353424697
NZD_USD,-1,93.45002463174946,2024-02-19 22:00:00+00:00,2024-02-20 22:00:00+00:00,0.61606,2024-02-26 22:00:00+00:00,0.61729,down_close,-12.299999999999534,5.900000000000349,-0.5250713424657532,-18.725071342465636,-21.67507134246581,-19.071993479451937
NZD_USD,1,2.8064627213087476,2024-02-27 22:00:00+00:00,2024-02-28 22:00:00+00:00,0.60992,2024-03-03 22:00:00+00:00,0.611,up_close,10.799999999999699,4.2999999999998595,-0.1734610684931507,6.326538931506689,4.176538931506759,6.104633780821757
NZD_USD,-1,92.96276849544981,2024-03-06 22:00:00+00:00,2024-03-07 22:00:00+00:00,0.61752,2024-03-11 21:00:00+00:00,0.61698,down_close,5.399999999999849,2.8000000000000247,-0.3281695890410958,2.271830410958729,0.8718304109587169,2.0405489863011947
NZD_USD,1,4.204367586917726,2024-03-14 21:00:00+00:00,2024-03-17 21:00:00+00:00,0.60891,2024-03-18 21:00:00+00:00,0.60888,up_close,-0.2999999999997449,8.90000000000002,-0.1734610684931507,-9.373461068492915,-13.823461068492925,-9.595366219177848
NZD_USD,1,3.027942291267294,2024-03-18 21:00:00+00:00,2024-03-19 21:00:00+00:00,0.60532,2024-03-20 21:00:00+00:00,0.60808,up_close,27.599999999999845,3.0500000000005523,-0.1734610684931507,24.376538931506143,22.851538931505868,24.15463378082121
NZD_USD,1,8.961034795888736,2024-03-21 21:00:00+00:00,2024-03-24 21:00:00+00:00,0.60004,2024-03-25 21:00:00+00:00,0.60034,up_close,2.9999999999996696,7.049999999999557,-0.1734610684931507,-4.223461068493037,-7.748461068492816,-4.445366219177969
NZD_USD,1,5.261023151442856,2024-03-27 21:00:00+00:00,2024-03-28 21:00:00+00:00,0.59737,2024-03-31 21:00:00+00:00,0.59832,up_close,9.500000000000064,7.849999999999802,-0.1734610684931507,1.4765389315071116,-2.4484610684927888,1.2546337808221801
NZD_USD,-1,90.10824663382915,2024-04-03 21:00:00+00:00,2024-04-04 21:00:00+00:00,0.60258,2024-04-07 21:00:00+00:00,0.60122,down_close,13.600000000000279,6.950000000000567,-0.16252208219178071,6.487477917807931,3.012477917807648,6.371837205479164
NZD_USD,-1,92.00396541873319,2024-04-08 21:00:00+00:00,2024-04-09 21:00:00+00:00,0.60578,2024-04-10 21:00:00+00:00,0.598,down_close,77.80000000000008,8.64999999999949,-0.16252208219178071,68.9874779178088,64.66247791780906,68.87183720548003
NZD_USD,1,9.90032807431568,2024-04-14 21:00:00+00:00,2024-04-15 21:00:00+00:00,0.5904,2024-04-17 21:00:00+00:00,0.59156,up_close,11.599999999999389,10.749999999999925,-0.8751189041095895,-0.025118904110126294,-5.400118904110087,-1.1346446575347837
NZD_USD,-1,92.44914369462015,2024-04-24 21:00:00+00:00,2024-04-25 21:00:00+00:00,0.59484,2024-04-28 21:00:00+00:00,0.5955,down_close,-6.599999999999939,12.75000000000026,-0.16252208219178071,-19.512522082191982,-25.88752208219211,-19.628162794520748
NZD_USD,-1,92.8084658080398,2024-05-08 21:00:00+00:00,2024-05-09 21:00:00+00:00,0.60318,2024-05-12 21:00:00+00:00,0.60167,down_close,15.100000000000113,7.449999999999957,-0.16095936986301365,7.489040630137143,3.7640406301371647,7.373399917808376
NZD_USD,-1,97.28773967413673,2024-05-14 21:00:00+00:00,2024-05-15 21:00:00+00:00,0.61177,2024-05-16 21:00:00+00:00,0.61194,down_close,-1.7000000000000348,8.949999999999791,0.0,-10.649999999999826,-15.124999999999723,-10.649999999999826
NZD_USD,-1,98.04663449113677,2024-05-16 21:00:00+00:00,2024-05-19 21:00:00+00:00,0.61315,2024-05-20 21:00:00+00:00,0.61078,down_close,23.699999999999832,8.199999999999319,-0.16095936986301365,15.3390406301375,11.239040630137842,15.223399917808733
NZD_USD,-1,95.86734158531706,2024-05-26 21:00:00+00:00,2024-05-27 21:00:00+00:00,0.61505,2024-05-28 21:00:00+00:00,0.61433,down_close,7.199999999999429,9.799999999999809,-0.6438374794520546,-3.2438374794524343,-8.143837479452339,-3.7064003287675025
NZD_USD,-1,94.28509605493014,2024-06-02 21:00:00+00:00,2024-06-03 21:00:00+00:00,0.61932,2024-06-04 21:00:00+00:00,0.61764,down_close,16.800000000000146,2.7999999999994696,-0.6438374794520546,13.356162520548622,11.956162520548888,12.893599671233554
NZD_USD,1,4.479527369717914,2024-06-25 21:00:00+00:00,2024-06-26 21:00:00+00:00,0.60817,2024-06-27 21:00:00+00:00,0.60872,up_close,5.5000000000005045,11.199999999999545,0.0,-5.69999999999904,-11.29999999999881,-5.69999999999904
NZD_USD,-1,91.04211268363024,2024-07-03 21:00:00+00:00,2024-07-04 21:00:00+00:00,0.61182,2024-07-08 21:00:00+00:00,0.61246,down_close,-6.399999999999739,8.150000000000102,-0.3000407671232876,-14.850040767123128,-18.925040767123182,-15.081322191780663
NZD_USD,1,9.809788600223442,2024-07-09 21:00:00+00:00,2024-07-10 21:00:00+00:00,0.60832,2024-07-11 21:00:00+00:00,0.60987,up_close,15.500000000000513,13.500000000000178,0.0,2.0000000000003357,-4.749999999999753,2.0000000000003357
NZD_USD,1,7.029180318033568,2024-07-21 21:00:00+00:00,2024-07-22 21:00:00+00:00,0.59795,2024-07-28 21:00:00+00:00,0.58907,up_close,-88.79999999999998,7.300000000000084,-1.1251528767123289,-97.2251528767124,-100.87515287671245,-98.55658378082198
NZD_USD,1,0.6691560769877327,2024-07-28 21:00:00+00:00,2024-07-29 21:00:00+00:00,0.58726,2024-07-30 21:00:00+00:00,0.58998,up_close,27.199999999999445,10.349999999999525,-0.7501019178082192,16.0998980821917,10.924898082191937,15.212277479451975
NZD_USD,-1,90.08579132308674,2024-08-01 21:00:00+00:00,2024-08-04 21:00:00+00:00,0.59584,2024-08-05 21:00:00+00:00,0.59366,down_close,21.800000000000708,9.600000000000165,-0.1109525753424657,12.089047424658077,7.289047424657995,11.97340671232931
NZD_USD,-1,91.54306016719033,2024-08-06 21:00:00+00:00,2024-08-07 21:00:00+00:00,0.59951,2024-08-11 21:00:00+00:00,0.59976,down_close,-2.4999999999997247,6.849999999999912,-0.1109525753424657,-9.460952575342102,-12.885952575342058,-9.576593287670867
NZD_USD,-1,95.02681475183759,2024-08-12 21:00:00+00:00,2024-08-13 21:00:00+00:00,0.60719,2024-08-14 21:00:00+00:00,0.59995,down_close,72.40000000000023,11.200000000000099,-0.1109525753424657,61.089047424657664,55.48904742465762,60.973406712328895
NZD_USD,-1,93.01624366051635,2024-08-19 21:00:00+00:00,2024-08-20 21:00:00+00:00,0.61546,2024-08-22 21:00:00+00:00,0.61372,down_close,17.399999999999636,8.250000000000203,-0.1109525753424657,9.039047424656967,4.914047424656867,8.923406712328202
NZD_USD,-1,91.8796090508924,2024-08-22 21:00:00+00:00,2024-08-25 21:00:00+00:00,0.6226,2024-08-26 21:00:00+00:00,0.62032,down_close,22.800000000000598,10.900000000000354,-0.1109525753424657,11.789047424657777,6.339047424657601,11.673406712329012
NZD_USD,1,6.54330109881225,2024-09-02 21:00:00+00:00,2024-09-03 21:00:00+00:00,0.61886,2024-09-04 21:00:00+00:00,0.6194,up_close,5.399999999999849,7.5499999999995016,-0.265661095890411,-2.415661095890063,-6.190661095889815,-2.6375662465749947
NZD_USD,-1,94.54464553042904,2024-09-22 21:00:00+00:00,2024-09-23 21:00:00+00:00,0.62654,2024-09-24 21:00:00+00:00,0.63382,data_end,-72.80000000000064,4.300000000000415,-0.6000815342465748,-77.70008153424762,-79.85008153424783,-78.1626443835627
USD_JPY,1,0.0,2020-11-15 22:00:00+00:00,2020-11-16 22:00:00+00:00,104.587,2020-11-22 22:00:00+00:00,103.798,up_close,-78.90000000000015,6.000000000000227,-2.5951515150684927,-87.49515151506887,-90.49515151506898,-90.40637348493188
USD_JPY,1,3.9267020990511696,2020-12-14 22:00:00+00:00,2020-12-15 22:00:00+00:00,103.67,2020-12-20 22:00:00+00:00,103.524,up_close,-14.60000000000008,6.300000000000239,-2.168545184931507,-23.068545184931825,-26.218545184931944,-25.494563493151002
USD_JPY,-1,93.32144762307801,2020-12-27 22:00:00+00:00,2020-12-28 22:00:00+00:00,103.817,2020-12-29 22:00:00+00:00,103.598,down_close,21.89999999999941,9.399999999999409,-0.4763252780821919,12.023674721917809,7.3236747219181035,11.59884406849315
USD_JPY,1,7.37254487610943,2020-12-29 22:00:00+00:00,2020-12-30 22:00:00+00:00,103.168,2021-01-03 22:00:00+00:00,103.12,up_close,-4.800000000000182,8.049999999999358,-0.8714133465753424,-13.721413346574883,-17.74641334657456,-14.691820669862553
USD_JPY,1,7.381312461221455,2021-01-04 22:00:00+00:00,2021-01-05 22:00:00+00:00,102.733,2021-01-06 22:00:00+00:00,103.053,up_close,31.999999999999318,5.5999999999997385,-1.3131129287671233,25.086887071232457,22.286887071232588,23.63127608630095
USD_JPY,-1,94.76896446017379,2021-01-10 22:00:00+00:00,2021-01-11 22:00:00+00:00,104.269,2021-01-12 22:00:00+00:00,103.764,down_close,50.500000000000966,6.300000000000239,-0.47233000547945214,43.72766999452128,40.57766999452116,43.302839341096615
USD_JPY,-1,90.09251496994952,2021-01-27 22:00:00+00:00,2021-01-28 22:00:00+00:00,104.226,2021-02-04 22:00:00+00:00,105.596,timecap,-137.00000000000045,7.200000000000273,-3.268132989041097,-147.46813298904183,-151.06813298904197,-150.44194756301442
USD_JPY,1,9.878444322714017,2021-02-08 22:00:00+00:00,2021-02-09 22:00:00+00:00,104.582,2021-02-11 22:00:00+00:00,104.794,up_close,21.20000000000033,6.200000000000472,-1.7703496821917806,13.229650317808078,10.129650317807842,11.288835671232736
USD_JPY,-1,92.2942087854772,2021-02-14 22:00:00+00:00,2021-02-15 22:00:00+00:00,105.376,2021-02-17 22:00:00+00:00,105.87,down_close,-49.39999999999998,3.0000000000001137,-1.8697875780821924,-54.26978757808229,-55.769787578082344,-55.96911019178091
USD_JPY,1,9.754592651996447,2021-02-21 22:00:00+00:00,2021-02-22 22:00:00+00:00,105.072,2021-02-23 22:00:00+00:00,105.256,up_close,18.39999999999975,6.500000000000483,-0.4470266123287671,11.4529733876705,8.202973387670259,10.967769726026663
USD_JPY,-1,90.94959301024488,2021-02-24 22:00:00+00:00,2021-02-25 22:00:00+00:00,106.208,2021-03-02 22:00:00+00:00,106.691,down_close,-48.30000000000041,5.499999999999972,-1.3899109465753428,-55.18991094657572,-57.93991094657571,-56.4644029068497
USD_JPY,-1,91.71838278608817,2021-03-02 22:00:00+00:00,2021-03-03 22:00:00+00:00,106.993,2021-03-09 22:00:00+00:00,108.472,down_close,-147.89999999999992,6.000000000000227,-1.8538064876712332,-155.75380648767137,-158.75380648767148,-157.45312910137002
USD_JPY,-1,91.57657129952456,2021-03-14 21:00:00+00:00,2021-03-15 21:00:00+00:00,109.148,2021-03-16 21:00:00+00:00,108.994,down_close,15.399999999999636,5.100000000000193,-0.4634516219178083,9.836548378081634,7.286548378081538,9.411717724656977
USD_JPY,1,4.075901027847905,2021-03-22 21:00:00+00:00,2021-03-23 21:00:00+00:00,108.612,2021-03-24 21:00:00+00:00,108.726,up_close,11.400000000000432,6.9000000000002615,-1.3397480794520549,3.1602519205481157,-0.2897480794520151,1.704640935616609
USD_JPY,-1,95.37026591779734,2021-03-25 21:00:00+00:00,2021-03-28 21:00:00+00:00,109.734,2021-04-01 21:00:00+00:00,110.609,down_close,-87.5,7.9999999999998295,-2.765172560273973,-98.2651725602738,-102.26517256027371,-100.81415648082175
USD_JPY,1,8.163398765154767,2021-04-05 21:00:00+00:00,2021-04-06 21:00:00+00:00,109.765,2021-04-07 21:00:00+00:00,109.846,up_close,8.100000000000307,7.400000000000517,-1.3464068671232876,-0.6464068671234979,-4.346406867123757,-2.1020178520550044
USD_JPY,1,8.019762121613823,2021-04-07 21:00:00+00:00,2021-04-08 21:00:00+00:00,109.252,2021-04-11 21:00:00+00:00,109.714,up_close,46.20000000000033,10.000000000000853,-0.44880228904109587,35.75119771095838,30.751197710957953,35.26599404931454
USD_JPY,1,7.081452944397697,2021-04-14 21:00:00+00:00,2021-04-15 21:00:00+00:00,108.754,2021-04-18 21:00:00+00:00,108.786,up_close,3.1999999999996476,7.549999999999812,-0.44880228904109587,-4.7988022890412605,-8.573802289041167,-5.2840059506850965
USD_JPY,1,3.4450817489447445,2021-04-18 21:00:00+00:00,2021-04-19 21:00:00+00:00,108.153,2021-04-26 21:00:00+00:00,108.085,up_close,-6.800000000001205,5.749999999999744,-3.1416160232876704,-15.69161602328862,-18.566616023288493,-19.088041654795468
USD_JPY,-1,92.8752782190055,2021-04-26 21:00:00+00:00,2021-04-27 21:00:00+00:00,108.673,2021-04-28 21:00:00+00:00,108.574,down_close,9.900000000000375,3.399999999999892,-1.383696078082192,5.116303921918291,3.4163039219183453,3.841811961644318
USD_JPY,-1,94.72791436321567,2021-04-29 21:00:00+00:00,2021-05-02 21:00:00+00:00,109.292,2021-05-03 21:00:00+00:00,109.093,down_close,19.899999999999807,7.349999999999568,-0.45901243013698645,12.090987569863252,8.415987569863468,11.666156916438595
USD_JPY,1,8.311087116369464,2021-05-06 21:00:00+00:00,2021-05-09 21:00:00+00:00,108.617,2021-05-10 21:00:00+00:00,108.82,up_close,20.299999999998875,9.999999999999432,-0.4510218849315068,9.848978115067936,4.8489781150682205,9.363774453424101
USD_JPY,-1,96.30687197582226,2021-05-26 21:00:00+00:00,2021-05-27 21:00:00+00:00,109.796,2021-05-31 21:00:00+00:00,109.588,down_close,20.800000000001262,8.850000000000335,-0.9091464767123291,11.040853523288597,6.61585352328843,10.191192216439282
USD_JPY,-1,93.29378023103449,2021-06-02 21:00:00+00:00,2021-06-03 21:00:00+00:00,110.286,2021-06-06 21:00:00+00:00,109.511,down_close,77.50000000000057,8.69999999999962,-0.4643394602739727,68.33566053972697,63.985660539727164,67.91082988630232
USD_JPY,-1,96.49429751732742,2021-06-15 21:00:00+00:00,2021-06-16 21:00:00+00:00,110.66,2021-06-17 21:00:00+00:00,110.225,down_close,43.50000000000023,7.450000000000756,-0.4820962273972604,35.567903772602214,31.842903772601833,35.14307311917755
USD_JPY,-1,93.9916267984432,2021-06-22 21:00:00+00:00,2021-06-23 21:00:00+00:00,110.956,2021-06-24 21:00:00+00:00,110.872,down_close,8.400000000000318,9.950000000000614,-0.4820962273972604,-2.032096227397556,-7.007096227397863,-2.4569268808222136
USD_JPY,-1,93.75785083165643,2021-06-30 21:00:00+00:00,2021-07-01 21:00:00+00:00,111.52,2021-07-04 21:00:00+00:00,110.985,down_close,53.49999999999966,7.65000000000029,-0.48520366164383577,45.36479633835553,41.53979633835539,44.939965684930876
USD_JPY,1,2.1934925953756306,2021-07-07 21:00:00+00:00,2021-07-08 21:00:00+00:00,109.749,2021-07-11 21:00:00+00:00,110.152,up_close,40.30000000000058,10.000000000000142,-0.42483065342465753,29.87516934657578,24.87516934657571,29.389965684931944
USD_JPY,-1,91.26773936516855,2021-08-05 21:00:00+00:00,2021-08-08 21:00:00+00:00,110.332,2021-08-11 21:00:00+00:00,110.419,down_close,-8.70000000000033,7.600000000000051,-2.4215791164383567,-18.721579116438736,-22.52157911643876,-20.845732383562027
USD_JPY,1,6.325002836100666,2021-08-12 21:00:00+00:00,2021-08-15 21:00:00+00:00,109.695,2021-08-17 21:00:00+00:00,109.577,up_close,-11.7999999999995,10.000000000000142,-0.8514369835616438,-22.651436983561286,-27.651436983561357,-23.621844306848956
USD_JPY,-1,93.02161702336412,2021-08-25 21:00:00+00:00,2021-08-26 21:00:00+00:00,110.03,2021-08-29 21:00:00+00:00,109.866,down_close,16.400000000000148,6.94999999999979,-0.47543743972602753,8.97456256027433,5.499562560274436,8.549731906849672
USD_JPY,1,8.596014538582523,2021-09-02 21:00:00+00:00,2021-09-05 21:00:00+00:00,109.742,2021-09-06 21:00:00+00:00,109.852,up_close,10.999999999999943,8.600000000000563,-0.43992390547945204,1.9600760945199283,-2.339923905480353,1.4748724328760927
USD_JPY,1,9.021003177926815,2021-09-14 21:00:00+00:00,2021-09-15 21:00:00+00:00,109.369,2021-09-16 21:00:00+00:00,109.72,up_close,35.09999999999991,5.250000000000199,-0.43992390547945204,29.410076094520257,26.785076094520157,28.924872432876423
USD_JPY,-1,92.99240397492223,2021-09-23 21:00:00+00:00,2021-09-26 21:00:00+00:00,110.674,2021-09-30 21:00:00+00:00,111.296,down_close,-62.19999999999999,9.799999999999898,-2.8117840739726034,-74.81178407397249,-79.71178407397244,-77.36076799452043
USD_JPY,-1,95.19051665044014,2021-10-07 21:00:00+00:00,2021-10-10 21:00:00+00:00,112.195,2021-10-13 21:00:00+00:00,113.265,down_close,-107.00000000000074,9.600000000000364,-2.3616500273972605,-118.96165002739836,-123.76165002739855,-121.08580329452165
USD_JPY,-1,90.6385857968365,2021-10-14 21:00:00+00:00,2021-10-17 21:00:00+00:00,114.265,2021-10-20 21:00:00+00:00,114.285,down_close,-1.999999999999602,10.000000000000142,-2.3616500273972605,-14.361650027397005,-19.361650027397076,-16.485803294520295
USD_JPY,1,5.6380811424440225,2021-10-21 21:00:00+00:00,2021-10-24 21:00:00+00:00,113.566,2021-10-25 21:00:00+00:00,113.708,up_close,14.19999999999959,3.0999999999998806,-0.4377043095890411,10.66229569041067,9.112295690410729,10.177092028766834
USD_JPY,1,6.262539947527756,2021-11-04 21:00:00+00:00,2021-11-07 22:00:00+00:00,113.371,2021-11-10 22:00:00+00:00,113.906,up_close,53.50000000000108,4.750000000000654,-2.1618863972602735,46.58811360274015,44.213113602739824,44.162095294520974
USD_JPY,-1,93.63051554769683,2021-11-15 22:00:00+00:00,2021-11-16 22:00:00+00:00,114.812,2021-11-17 22:00:00+00:00,114.084,down_close,72.79999999999944,8.449999999999847,-1.4329711068493156,62.91702889315028,58.69202889315036,61.64253693287631
USD_JPY,-1,92.21300071191267,2021-11-23 22:00:00+00:00,2021-11-24 22:00:00+00:00,115.44,2021-11-25 22:00:00+00:00,115.355,down_close,8.499999999999375,8.149999999999125,-0.4776570356164385,-0.1276570356161884,-4.202657035615751,-0.552487689040846
USD_JPY,1,7.4380987816860085,2021-11-25 22:00:00+00:00,2021-11-28 22:00:00+00:00,113.698,2021-11-29 22:00:00+00:00,113.531,up_close,-16.699999999998738,8.099999999999596,-0.43237727945205473,-25.23237727945039,-29.282377279450188,-25.717580941094226
USD_JPY,1,7.0064457865573075,2021-11-30 22:00:00+00:00,2021-12-01 22:00:00+00:00,112.764,2021-12-02 22:00:00+00:00,113.095,up_close,33.10000000000031,9.999999999999432,-0.4381482287671233,22.661851771233753,17.661851771234037,22.176648109589916
USD_JPY,-1,94.25125690212498,2021-12-14 22:00:00+00:00,2021-12-15 22:00:00+00:00,114.041,2021-12-16 22:00:00+00:00,113.694,down_close,34.69999999999942,9.999999999999432,-0.47188608630136997,24.228113913698618,19.228113913698902,23.80328326027396
USD_JPY,-1,95.32526390416305,2021-12-22 22:00:00+00:00,2021-12-23 22:00:00+00:00,114.359,2021-12-26 22:00:00+00:00,114.353,down_close,0.6000000000000227,10.000000000000853,-0.47188608630136997,-9.871886086302199,-14.871886086302625,-10.296716739726858
USD_JPY,-1,97.40703532603412,2021-12-26 22:00:00+00:00,2021-12-27 22:00:00+00:00,114.879,2021-12-28 22:00:00+00:00,114.812,down_close,6.700000000000728,5.950000000000699,-0.47188608630136997,0.27811391369865845,-2.6968860863016912,-0.1467167397259992
USD_JPY,-1,90.05860653586515,2021-12-28 22:00:00+00:00,2021-12-29 22:00:00+00:00,114.945,2022-01-05 22:00:00+00:00,116.119,down_close,-117.40000000000066,9.999999999999432,-3.2854458369863027,-130.6854458369864,-135.6854458369861,-133.659260410959
USD_JPY,1,9.529564095213615,2022-01-09 22:00:00+00:00,2022-01-10 22:00:00+00:00,115.2,2022-01-11 22:00:00+00:00,115.298,up_close,9.799999999999898,6.300000000000239,-0.44081174383561633,3.0591882561640427,-0.09081174383607676,2.5739845945202067
USD_JPY,1,7.48410009801627,2022-01-11 22:00:00+00:00,2022-01-12 22:00:00+00:00,114.644,2022-01-16 22:00:00+00:00,114.168,up_close,-47.59999999999991,6.349999999999767,-0.8816234876712327,-54.83162348767091,-58.006623487670794,-55.80203081095858
USD_JPY,1,4.2604423108435725,2022-01-20 22:00:00+00:00,2022-01-23 22:00:00+00:00,113.684,2022-01-24 22:00:00+00:00,113.944,up_close,26.00000000000051,8.950000000000102,-0.44081174383561633,16.609188256164792,12.134188256164741,16.12398459452096
USD_JPY,-1,94.20892051275717,2022-01-26 22:00:00+00:00,2022-01-27 22:00:00+00:00,115.358,2022-01-30 22:00:00+00:00,115.296,down_close,6.199999999999761,4.700000000000415,-0.4692225712328769,1.0307774287664695,-1.319222571233738,0.6059467753418118
USD_JPY,-1,96.12581622216453,2022-02-09 22:00:00+00:00,2022-02-10 22:00:00+00:00,116.025,2022-02-13 22:00:00+00:00,115.365,down_close,66.00000000000108,7.550000000000523,-0.46833473287671246,57.981665267123844,54.20666526712358,57.55683461369919
USD_JPY,1,5.743261411723694,2022-02-16 22:00:00+00:00,2022-02-17 22:00:00+00:00,114.99,2022-02-20 22:00:00+00:00,115.043,up_close,5.300000000001148,7.800000000000296,-0.4416995821917808,-2.941699582190928,-6.841699582191076,-3.4269032438347637
USD_JPY,-1,92.4031365907751,2022-03-09 22:00:00+00:00,2022-03-10 22:00:00+00:00,116.102,2022-03-17 21:00:00+00:00,118.607,down_close,-250.49999999999955,5.450000000000443,-3.358248582191782,-259.30824858219177,-262.03324858219196,-262.2820631561644
USD_JPY,-1,90.63050508911498,2022-03-17 21:00:00+00:00,2022-03-20 21:00:00+00:00,119.145,2022-03-27 21:00:00+00:00,122.074,down_close,-292.9000000000002,8.399999999999608,-4.02412734931507,-305.3241273493149,-309.52412734931465,-308.2979419232875
USD_JPY,-1,94.8604276523071,2022-03-27 21:00:00+00:00,2022-03-28 21:00:00+00:00,123.803,2022-03-29 21:00:00+00:00,122.866,down_close,93.69999999999976,9.450000000001069,-0.5748753356164386,83.67512466438225,78.95012466438172,83.2502940109576
USD_JPY,-1,91.0225337546549,2022-04-04 21:00:00+00:00,2022-04-05 21:00:00+00:00,123.588,2022-04-12 21:00:00+00:00,125.356,timecap,-176.80000000000007,9.449999999999648,-4.036557086301371,-190.2865570863011,-195.0115570863009,-193.26037166027368
USD_JPY,-1,99.70213964562245,2022-04-12 21:00:00+00:00,2022-04-13 21:00:00+00:00,125.619,2022-04-20 21:00:00+00:00,127.949,down_close,-232.99999999999983,9.999999999999432,-4.036557086301371,-247.03655708630063,-252.03655708630035,-250.01037166027322
USD_JPY,-1,91.20973828606392,2022-04-27 21:00:00+00:00,2022-04-28 21:00:00+00:00,130.891,2022-05-01 21:00:00+00:00,129.772,down_close,111.89999999999998,9.849999999998715,-0.5766510123287673,101.4733489876725,96.54834898767314,101.04851833424783
USD_JPY,1,4.418526869579978,2022-05-11 21:00:00+00:00,2022-05-12 21:00:00+00:00,128.374,2022-05-15 21:00:00+00:00,129.296,up_close,92.1999999999997,9.999999999999432,-0.10876019863013694,82.09123980137014,77.09123980137042,81.6060361397263
USD_JPY,1,4.086359016499173,2022-05-23 21:00:00+00:00,2022-05-24 21:00:00+00:00,126.832,2022-05-25 21:00:00+00:00,127.335,up_close,50.30000000000001,7.749999999999346,-0.3262805958904108,42.223719404110255,38.34871940411058,40.768108419178745
USD_JPY,-1,95.52406987066225,2022-05-30 21:00:00+00:00,2022-05-31 21:00:00+00:00,128.662,2022-06-02 21:00:00+00:00,129.827,down_close,-116.4999999999992,6.30000000000166,-3.2406100000000007,-126.04061000000087,-129.1906100000017,-127.7399326136995
USD_JPY,-1,90.70808767095694,2022-06-02 21:00:00+00:00,2022-06-05 21:00:00+00:00,130.9,2022-06-12 21:00:00+00:00,134.361,timecap,-346.09999999999843,9.950000000000614,-5.671067500000001,-361.72106749999904,-366.69606749999934,-364.69488207397166
USD_JPY,-1,99.36955084174497,2022-06-12 21:00:00+00:00,2022-06-13 21:00:00+00:00,134.442,2022-06-15 21:00:00+00:00,133.834,down_close,60.80000000000041,8.899999999998442,-3.2406100000000007,48.65939000000196,44.20939000000274,46.960067386303336
USD_JPY,-1,90.45435060012592,2022-06-28 21:00:00+00:00,2022-06-29 21:00:00+00:00,136.593,2022-06-30 21:00:00+00:00,135.72,down_close,87.29999999999905,6.6999999999993065,-1.143091883561644,79.4569081164381,76.10690811643845,79.03207746301344
USD_JPY,-1,98.9560823768507,2022-07-10 21:00:00+00:00,2022-07-11 21:00:00+00:00,137.445,2022-07-12 21:00:00+00:00,136.87,down_close,57.49999999999886,8.300000000001262,-1.131549984931507,48.06845001506609,43.91845001506546,47.643619361641434
USD_JPY,-1,93.4445274602245,2022-07-13 21:00:00+00:00,2022-07-14 21:00:00+00:00,138.944,2022-07-17 21:00:00+00:00,138.588,down_close,35.599999999999454,8.149999999999125,-1.131549984931507,26.318450015068823,22.24345001506926,25.893619361644166
USD_JPY,1,9.61663069752349,2022-07-20 21:00:00+00:00,2022-07-21 21:00:00+00:00,137.397,2022-07-25 21:00:00+00:00,136.697,up_close,-69.99999999999886,10.000000000000853,0.44303133972602754,-79.55696866027368,-84.55696866027411,-80.52737598356136
USD_JPY,1,5.2267167557775025,2022-07-27 21:00:00+00:00,2022-07-28 21:00:00+00:00,134.274,2022-08-02 21:00:00+00:00,133.172,up_close,-110.20000000000039,6.499999999999773,1.6642529986301375,-115.03574700137003,-118.28574700136991,-116.49135798630152
USD_JPY,-1,91.56987861677536,2022-08-16 21:00:00+00:00,2022-08-17 21:00:00+00:00,135.023,2022-08-23 21:00:00+00:00,136.795,down_close,-177.19999999999914,6.449999999998113,-5.868611534246576,-189.51861153424383,-192.7436115342429,-191.21793414794246
USD_JPY,-1,90.35608670531968,2022-08-29 21:00:00+00:00,2022-08-30 21:00:00+00:00,138.761,2022-09-06 21:00:00+00:00,142.772,timecap,-401.09999999999957,7.899999999999352,-10.3251161630137,-419.32511616301264,-423.2751161630123,-422.2989307369852
USD_JPY,-1,99.92682045590448,2022-09-06 21:00:00+00:00,2022-09-07 21:00:00+00:00,143.798,2022-09-11 21:00:00+00:00,142.15,down_close,164.7999999999996,7.950000000001012,-2.9618287561643837,153.88817124383422,149.91317124383372,153.0385099369849
USD_JPY,-1,94.88973145626221,2022-10-09 21:00:00+00:00,2022-10-10 21:00:00+00:00,145.734,2022-10-17 21:00:00+00:00,148.991,timecap,-325.7000000000005,8.499999999999375,-12.700083765753426,-346.9000837657533,-351.15008376575304,-349.8738983397259
USD_JPY,-1,99.93504890768965,2022-10-17 21:00:00+00:00,2022-10-18 21:00:00+00:00,149.265,2022-10-23 21:00:00+00:00,147.707,down_close,155.79999999999927,9.999999999999432,-9.07148840410959,136.72851159589024,131.72851159589052,134.60435832876695
USD_JPY,1,4.922814290559984,2022-11-07 22:00:00+00:00,2022-11-08 22:00:00+00:00,145.685,2022-11-09 22:00:00+00:00,146.45,up_close,76.49999999999864,9.399999999999409,3.734248126027397,70.83424812602662,66.13424812602692,69.37863714109511
USD_JPY,1,6.526185903681181,2022-11-09 22:00:00+00:00,2022-11-10 22:00:00+00:00,140.992,2022-11-14 22:00:00+00:00,139.91,up_close,-108.19999999999936,7.599999999999341,2.4894987506849313,-113.31050124931377,-117.11050124931344,-114.28090857260145
USD_JPY,-1,94.63143388458029,2022-11-20 22:00:00+00:00,2022-11-21 22:00:00+00:00,142.069,2022-11-22 22:00:00+00:00,141.25,down_close,81.89999999999884,9.999999999999432,-2.154783690410959,69.74521630958844,64.74521630958873,69.3203856561638
USD_JPY,1,8.527147465394734,2022-11-29 22:00:00+00:00,2022-11-30 22:00:00+00:00,138.076,2022-12-05 22:00:00+00:00,136.688,up_close,-138.80000000000052,9.999999999999432,3.7382433986301375,-145.0617566013698,-150.06175660136952,-146.51736758630133
USD_JPY,1,6.599357996708562,2022-12-19 22:00:00+00:00,2022-12-20 22:00:00+00:00,131.663,2022-12-21 22:00:00+00:00,132.423,up_close,75.99999999999909,10.000000000000853,4.404122165753425,70.40412216575166,65.40412216575123,68.94851118082016
USD_JPY,1,9.423066424599725,2023-01-01 22:00:00+00:00,2023-01-02 22:00:00+00:00,130.659,2023-01-03 22:00:00+00:00,131.002,up_close,34.30000000000177,7.049999999999557,1.4458447630136988,28.695844763015916,25.170844763016138,28.21064110137208
USD_JPY,1,7.721338875299821,2023-01-11 22:00:00+00:00,2023-01-12 22:00:00+00:00,129.246,2023-01-16 22:00:00+00:00,128.512,up_close,-73.40000000000089,10.000000000000853,2.8916895260273976,-80.50831047397435,-85.50831047397477,-81.47871779726201
USD_JPY,-1,90.395152580686,2023-01-22 22:00:00+00:00,2023-01-23 22:00:00+00:00,130.648,2023-01-24 22:00:00+00:00,130.183,down_close,46.50000000000034,5.449999999999022,-2.355879078082192,38.69412092191913,35.96912092191962,38.26929026849447
USD_JPY,-1,92.15863972797034,2023-02-05 22:00:00+00:00,2023-02-06 22:00:00+00:00,132.684,2023-02-07 22:00:00+00:00,131.173,down_close,151.09999999999957,7.9999999999998295,-2.466414953424658,140.6335850465751,136.63358504657518,140.20875439315043
USD_JPY,-1,94.2551264120803,2023-02-13 22:00:00+00:00,2023-02-14 22:00:00+00:00,133.137,2023-02-16 22:00:00+00:00,134.002,down_close,-86.50000000000091,5.249999999998067,-9.865659813698633,-101.6156598136976,-104.24065981369664,-103.31498242739625
USD_JPY,-1,96.97764963869594,2023-02-20 22:00:00+00:00,2023-02-21 22:00:00+00:00,135.007,2023-02-22 22:00:00+00:00,134.856,down_close,15.100000000001046,5.95000000000141,-7.399244860273974,1.750755139725662,-1.2242448602750429,0.4762631794516903
USD_JPY,-1,93.09560365066025,2023-02-23 22:00:00+00:00,2023-02-26 22:00:00+00:00,136.474,2023-02-27 22:00:00+00:00,136.202,down_close,27.199999999999136,8.750000000000568,-2.4619757616438362,15.98802423835473,11.613024238354447,15.563193584930074
USD_JPY,-1,93.36943294989591,2023-03-01 22:00:00+00:00,2023-03-02 22:00:00+00:00,136.782,2023-03-05 22:00:00+00:00,135.985,down_close,79.6999999999997,7.800000000000296,-2.4610879232876717,69.43891207671173,65.53891207671158,69.01408142328708
USD_JPY,1,3.9494093563595953,2023-03-12 21:00:00+00:00,2023-03-13 21:00:00+00:00,133.291,2023-03-14 21:00:00+00:00,134.274,up_close,98.30000000000041,10.000000000000853,1.5554928000000001,89.85549279999955,84.85549279999913,89.37028913835572
USD_JPY,1,8.143828537636281,2023-03-19 21:00:00+00:00,2023-03-20 21:00:00+00:00,131.29,2023-03-21 21:00:00+00:00,132.472,up_close,118.20000000000164,7.150000000000034,1.5554928000000001,112.6054928000016,109.03049280000158,112.12028913835776
USD_JPY,1,9.225559589306286,2023-04-04 21:00:00+00:00,2023-04-05 21:00:00+00:00,131.31,2023-04-06 21:00:00+00:00,131.786,up_close,47.59999999999991,6.499999999999773,1.6655847561643835,42.76558475616452,39.515584756164635,42.280381094520685
USD_JPY,-1,94.31207409141042,2023-04-09 21:00:00+00:00,2023-04-10 21:00:00+00:00,133.59,2023-04-12 21:00:00+00:00,133.128,down_close,46.20000000000175,3.9500000000018076,-10.302476284931508,31.947523715068435,29.97252371506753,30.248201101369805
USD_JPY,-1,96.50285230291453,2023-04-27 21:00:00+00:00,2023-04-30 21:00:00+00:00,136.197,2023-05-02 21:00:00+00:00,136.531,down_close,-33.40000000000032,9.550000000001546,-5.183200323287672,-48.133200323289536,-52.90820032329031,-48.98286163013885
USD_JPY,-1,93.05249540780162,2023-05-15 21:00:00+00:00,2023-05-16 21:00:00+00:00,136.402,2023-05-21 21:00:00+00:00,137.99,down_close,-158.80000000000223,7.200000000000273,-13.512899780821918,-179.51289978082443,-183.11289978082456,-181.63705304794772
USD_JPY,-1,92.31369427067145,2023-05-23 21:00:00+00:00,2023-05-24 21:00:00+00:00,139.41,2023-05-29 21:00:00+00:00,140.427,down_close,-101.69999999999959,6.60000000000025,-8.107739868493152,-116.407739868493,-119.70773986849312,-117.68223182876696
USD_JPY,1,7.05900971276435,2023-05-31 21:00:00+00:00,2023-06-01 21:00:00+00:00,138.822,2023-06-04 21:00:00+00:00,139.986,up_close,116.39999999999873,9.650000000002024,1.7992044287671232,108.54920442876383,103.72420442876282,108.06400076711999
USD_JPY,-1,97.10056227531369,2023-06-15 21:00:00+00:00,2023-06-18 21:00:00+00:00,141.741,2023-06-20 21:00:00+00:00,141.483,down_close,25.800000000000978,10.000000000000853,-5.414038295890412,10.385961704109713,5.385961704109286,9.536300397260398
USD_JPY,-1,91.62533483140908,2023-06-21 21:00:00+00:00,2023-06-22 21:00:00+00:00,143.065,2023-06-26 21:00:00+00:00,143.503,down_close,-43.79999999999882,8.449999999999136,-5.40959910410959,-57.65959910410754,-61.88459910410711,-58.509260410956855
USD_JPY,-1,90.45904332964132,2023-06-26 21:00:00+00:00,2023-06-27 21:00:00+00:00,144.072,2023-07-02 21:00:00+00:00,144.403,down_close,-33.099999999998886,7.399999999999807,-13.528436952054797,-54.02843695205349,-57.72843695205339,-56.15259021917677
USD_JPY,1,3.5758306585399566,2023-07-06 21:00:00+00:00,2023-07-09 21:00:00+00:00,142.202,2023-07-16 21:00:00+00:00,138.75,up_close,-345.1999999999998,10.000000000002274,12.527843124657538,-342.67215687534457,-347.6721568753457,-346.0685825068514
USD_JPY,-1,92.99175455298885,2023-07-19 21:00:00+00:00,2023-07-20 21:00:00+00:00,140.093,2023-07-24 21:00:00+00:00,141.482,down_close,-138.900000000001,5.249999999999488,-5.4007207205479455,-149.55072072054844,-152.17572072054818,-150.40038202739774
USD_JPY,1,9.749786686338965,2023-07-26 21:00:00+00:00,2023-07-27 21:00:00+00:00,139.448,2023-07-30 21:00:00+00:00,141.036,up_close,158.7999999999994,9.999999999999432,1.9013058397260278,150.701305839726,145.70130583972627,150.21610217808214
USD_JPY,-1,92.73544855998156,2023-07-31 21:00:00+00:00,2023-08-01 21:00:00+00:00,143.348,2023-08-03 21:00:00+00:00,142.589,down_close,75.90000000000146,7.050000000000978,-11.277322800000002,57.57267720000048,54.04767719999999,55.87335458630184
USD_JPY,-1,95.38475496694564,2023-08-09 21:00:00+00:00,2023-08-10 21:00:00+00:00,144.74,2023-08-17 21:00:00+00:00,145.822,down_close,-108.19999999999936,4.1500000000013415,-19.735314900000006,-132.0853149000007,-134.16031490000137,-135.05912947397331
USD_JPY,-1,93.3367648352955,2023-09-04 21:00:00+00:00,2023-09-05 21:00:00+00:00,147.683,2023-09-06 21:00:00+00:00,147.654,down_close,2.899999999999636,9.999999999999432,-8.444674524657534,-15.54467452465733,-20.544674524657047,-16.8191664849313
USD_JPY,-1,90.61425692310053,2023-09-19 21:00:00+00:00,2023-09-20 21:00:00+00:00,148.309,2023-09-21 21:00:00+00:00,147.571,down_close,73.79999999999995,6.199999999999761,-2.814891508219178,64.78510849178102,61.685108491781136,64.36027783835635
USD_JPY,-1,94.74756991784193,2023-09-26 21:00:00+00:00,2023-09-27 21:00:00+00:00,149.608,2023-09-28 21:00:00+00:00,149.279,down_close,32.90000000000077,7.2499999999990905,-2.814891508219178,22.835108491782506,19.21010849178296,22.410277838357846
USD_JPY,-1,93.84831094353738,2023-10-25 21:00:00+00:00,2023-10-26 21:00:00+00:00,150.408,2023-10-29 21:00:00+00:00,149.522,down_close,88.59999999999957,7.250000000000512,-2.7997982561643835,78.55020174383468,74.92520174383442,78.12537109041001
USD_JPY,1,9.347494031428567,2023-10-29 21:00:00+00:00,2023-10-30 21:00:00+00:00,149.09,2023-10-31 21:00:00+00:00,151.672,up_close,258.19999999999936,9.999999999999432,1.8897639410958904,250.0897639410958,245.0897639410961,249.604560279452
USD_JPY,-1,92.4955944108632,2023-11-09 22:00:00+00:00,2023-11-12 22:00:00+00:00,151.495,2023-11-14 22:00:00+00:00,150.328,down_close,116.70000000000016,9.899999999998954,-5.595157320547945,101.20484267945326,96.25484267945379,100.35518137260394
USD_JPY,1,6.440946678964963,2023-11-19 22:00:00+00:00,2023-11-20 22:00:00+00:00,148.37,2023-11-21 22:00:00+00:00,148.4,up_close,3.0000000000001137,7.6500000000010004,1.8875443452054796,-2.7624556547954073,-6.5874556547959076,-3.247659316439243
USD_JPY,1,4.4870046349523705,2023-11-27 22:00:00+00:00,2023-11-28 22:00:00+00:00,147.498,2023-11-30 22:00:00+00:00,148.185,up_close,68.70000000000118,4.250000000000398,7.550177380821919,72.0001773808227,69.8751773808225,70.05936273424736
USD_JPY,1,4.885743385565377,2023-12-06 22:00:00+00:00,2023-12-07 22:00:00+00:00,144.138,2023-12-10 22:00:00+00:00,144.964,up_close,82.59999999999934,6.699999999997885,1.886212587671233,77.7862125876727,74.43621258767375,77.30100892602886
USD_JPY,1,7.3570353148877246,2023-12-13 22:00:00+00:00,2023-12-14 22:00:00+00:00,141.873,2023-12-17 22:00:00+00:00,142.085,up_close,21.20000000000175,10.000000000000853,1.886212587671233,13.086212587672131,8.086212587671705,12.601008926028296
USD_JPY,1,7.297191128263805,2023-12-27 22:00:00+00:00,2023-12-28 22:00:00+00:00,141.41,2024-01-02 22:00:00+00:00,141.905,up_close,49.500000000000455,9.999999999999432,5.660413439726028,45.16041343972705,40.160413439727336,43.70480245479554
USD_JPY,-1,90.16138746879982,2024-01-02 22:00:00+00:00,2024-01-03 22:00:00+00:00,143.257,2024-01-07 22:00:00+00:00,144.59,down_close,-133.29999999999984,7.449999999998624,-5.594269482191782,-146.34426948219024,-150.06926948218955,-147.19393078903957
USD_JPY,-1,93.70215453763673,2024-01-09 22:00:00+00:00,2024-01-10 22:00:00+00:00,145.678,2024-01-11 22:00:00+00:00,145.28,down_close,39.79999999999961,2.5000000000005684,-2.797134741095891,34.50286525890316,33.25286525890287,34.07803460547849
USD_JPY,-1,92.18772037057616,2024-01-15 22:00:00+00:00,2024-01-16 22:00:00+00:00,147.224,2024-01-22 22:00:00+00:00,148.083,down_close,-85.90000000000089,5.5999999999997385,-16.78280844657535,-108.28280844657597,-111.08280844657584,-110.83179236712391
USD_JPY,-1,93.43463568553263,2024-01-22 22:00:00+00:00,2024-01-23 22:00:00+00:00,148.358,2024-01-24 22:00:00+00:00,147.486,down_close,87.20000000000141,7.549999999999102,-8.391404223287672,71.25859577671463,67.48359577671508,69.98410381644067
USD_JPY,1,6.255197114711848,2024-01-31 22:00:00+00:00,2024-02-01 22:00:00+00:00,146.401,2024-02-04 22:00:00+00:00,148.431,up_close,203.0000000000001,5.799999999999272,1.8835490726027395,199.08354907260357,196.18354907260394,198.59834541095975
USD_JPY,-1,97.8224580012668,2024-02-12 22:00:00+00:00,2024-02-13 22:00:00+00:00,150.822,2024-02-14 22:00:00+00:00,150.556,down_close,26.599999999999113,6.60000000000025,-8.380750163013698,11.619249836985166,8.31924983698504,10.34475787671119
USD_JPY,-1,93.02721839346248,2024-02-25 22:00:00+00:00,2024-02-26 22:00:00+00:00,150.688,2024-02-27 22:00:00+00:00,150.504,down_close,18.39999999999975,4.200000000000159,-2.793583387671233,11.406416612328357,9.306416612328277,10.9815859589037
USD_JPY,1,3.2263333673745507,2024-03-06 22:00:00+00:00,2024-03-07 22:00:00+00:00,148.048,2024-03-12 21:00:00+00:00,147.66,up_close,-38.80000000000052,6.900000000001683,5.6133580068493165,-40.08664199315289,-43.53664199315373,-41.5422529780844
USD_JPY,-1,94.4036435264941,2024-03-14 21:00:00+00:00,2024-03-17 21:00:00+00:00,148.99,2024-03-24 21:00:00+00:00,151.379,down_close,-238.89999999999816,9.149999999999636,-19.468075554794527,-267.51807555479235,-272.09307555479216,-270.4918901287649
USD_JPY,-1,96.0826567150331,2024-04-09 21:00:00+00:00,2024-04-10 21:00:00+00:00,153.142,2024-04-17 21:00:00+00:00,154.342,down_close,-120.0000000000017,5.100000000000193,-19.29716667123288,-144.39716667123477,-146.94716667123487,-147.3709812452074
USD_JPY,-1,98.00469556081646,2024-04-23 21:00:00+00:00,2024-04-24 21:00:00+00:00,155.244,2024-04-29 21:00:00+00:00,156.317,down_close,-107.30000000000075,5.999999999998806,-8.270214287671234,-121.5702142876708,-124.5702142876702,-122.84470624794477
USD_JPY,-1,94.60216240126996,2024-05-12 21:00:00+00:00,2024-05-13 21:00:00+00:00,156.209,2024-05-15 21:00:00+00:00,154.852,down_close,135.69999999999993,6.6999999999993065,-11.026952383561646,117.97304761643898,114.62304761643932,116.27372500274035
USD_JPY,-1,90.74499562533313,2024-05-21 21:00:00+00:00,2024-05-22 21:00:00+00:00,156.774,2024-05-27 21:00:00+00:00,156.866,down_close,-9.200000000001296,4.050000000000864,-8.270214287671234,-21.520214287673394,-23.545214287673826,-22.794706247947367
USD_JPY,-1,96.12674742750433,2024-05-28 21:00:00+00:00,2024-05-29 21:00:00+00:00,157.614,2024-05-30 21:00:00+00:00,156.81,down_close,80.4000000000002,6.25,-2.7567380958904115,71.39326190410979,68.26826190410979,70.96843125068513
USD_JPY,1,7.883018079193505,2024-06-03 21:00:00+00:00,2024-06-04 21:00:00+00:00,154.875,2024-06-05 21:00:00+00:00,156.059,up_close,118.39999999999975,7.000000000000739,5.540111342465753,116.94011134246476,113.44011134246439,115.48450035753326
USD_JPY,-1,91.47059147003765,2024-06-16 21:00:00+00:00,2024-06-17 21:00:00+00:00,157.688,2024-06-24 21:00:00+00:00,159.601,down_close,-191.3000000000011,8.550000000002456,-19.297166671232883,-219.14716667123642,-223.42216667123765,-222.12098124520904
USD_JPY,-1,96.43504142115559,2024-06-25 21:00:00+00:00,2024-06-26 21:00:00+00:00,160.758,2024-06-27 21:00:00+00:00,160.744,down_close,1.4000000000010004,4.300000000000637,-2.7567380958904115,-5.656738095890048,-7.806738095890366,-6.081568749314705
USD_JPY,-1,91.99949222310637,2024-06-27 21:00:00+00:00,2024-06-30 21:00:00+00:00,160.786,2024-07-02 21:00:00+00:00,161.44,down_close,-65.39999999999964,8.200000000002206,-5.5125883534246585,-79.1125883534265,-83.2125883534276,-79.96224966027582
USD_JPY,-1,98.38597275692828,2024-07-02 21:00:00+00:00,2024-07-03 21:00:00+00:00,161.624,2024-07-04 21:00:00+00:00,161.286,down_close,33.799999999999386,8.249999999999602,-2.7562941767123292,22.793705823287453,18.668705823287652,22.368875169862797
USD_JPY,1,6.295307841710027,2024-07-11 21:00:00+00:00,2024-07-14 21:00:00+00:00,158.128,2024-07-15 21:00:00+00:00,158.048,up_close,-7.999999999998408,9.050000000002001,1.846259861643836,-15.203740138356574,-19.728740138357573,-15.68894380000041
USD_JPY,1,8.315406150999479,2024-07-16 21:00:00+00:00,2024-07-17 21:00:00+00:00,156.165,2024-07-18 21:00:00+00:00,157.353,up_close,118.80000000000166,3.09999999999917,1.846259861643836,117.54625986164632,115.99625986164673,117.06105620000248
USD_JPY,1,9.309939013659204,2024-07-22 21:00:00+00:00,2024-07-23 21:00:00+00:00,155.566,2024-07-25 21:00:00+00:00,153.931,up_close,-163.4999999999991,3.2499999999998863,7.385039446575344,-159.36496055342363,-160.98996055342357,-161.30577519999898
USD_JPY,1,3.1129463573985703,2024-07-25 21:00:00+00:00,2024-07-28 21:00:00+00:00,153.738,2024-07-29 21:00:00+00:00,153.964,up_close,22.59999999999991,6.800000000001205,1.846259861643836,17.64625986164254,14.246259861641937,17.161056199998704
USD_JPY,1,8.891962146641376,2024-07-29 21:00:00+00:00,2024-07-30 21:00:00+00:00,152.78,2024-08-06 21:00:00+00:00,144.315,up_close,-846.5000000000003,10.000000000002274,12.659243201369865,-843.8407567986327,-848.8407567986338,-847.2371824301396
USD_JPY,-1,94.20122934173693,2024-08-14 21:00:00+00:00,2024-08-15 21:00:00+00:00,149.316,2024-08-18 21:00:00+00:00,147.586,down_close,172.99999999999898,5.8000000000006935,-2.6901502191780824,164.5098497808202,161.60984978081984,164.08501912739555
USD_JPY,-1,91.91720043387659,2024-08-29 21:00:00+00:00,2024-09-01 21:00:00+00:00,146.084,2024-09-03 21:00:00+00:00,145.504,down_close,58.00000000000125,9.149999999999636,-5.380300438356165,43.46969956164545,38.89469956164563,42.620038254796135
USD_JPY,1,4.727991792858504,2024-09-05 21:00:00+00:00,2024-09-08 21:00:00+00:00,142.308,2024-09-09 21:00:00+00:00,143.176,up_close,86.7999999999995,9.75000000000108,1.7801159041095889,78.83011590410801,73.95511590410747,78.34491224246418
USD_JPY,1,3.7575280632658377,2024-09-12 21:00:00+00:00,2024-09-15 21:00:00+00:00,140.805,2024-09-17 21:00:00+00:00,142.38,up_close,157.49999999999886,7.750000000000057,3.5602318082191777,153.310231808218,149.43523180821796,152.33982448493032
USD_JPY,-1,94.99930888264565,2024-09-19 21:00:00+00:00,2024-09-22 21:00:00+00:00,143.942,2024-09-23 21:00:00+00:00,143.536,down_close,40.60000000000059,10.000000000000853,-2.468190630136987,28.13180936986275,23.131809369862324,27.706978716438094
