pair,tf,metric,H,thr,dir,net_ppd,amddp5_ppd,n,wr
EUR_USD,5m,summary,1,0.1,follow,-462.78279030234256,-476.86603343182,114696,21.193415637860085
EUR_USD,5m,summary,1,0.1,fade,-449.32872465293195,-463.07561614117424,114696,22.236172142010183
EUR_USD,5m,summary,1,0.3,follow,-377.2817484923286,-389.08767361476345,93728,21.44289860020485
EUR_USD,5m,summary,1,0.3,fade,-362.27875177075265,-373.7096019751482,93728,22.737068965517242
EUR_USD,5m,summary,1,0.5,follow,-228.55382523171477,-236.14956732909604,57340,22.268922218346702
EUR_USD,5m,summary,1,0.5,fade,-218.29833488484994,-225.63768972355965,57340,23.829787234042556
EUR_USD,5m,summary,3,0.1,follow,-471.064815639292,-529.8867087060343,114694,30.435768218041048
EUR_USD,5m,summary,3,0.1,fade,-441.0322451127203,-498.2056945804825,114694,32.14466319075105
EUR_USD,5m,summary,3,0.3,follow,-384.54545189622297,-433.8325948111863,93727,30.558963799118715
EUR_USD,5m,summary,3,0.3,fade,-355.0080543975378,-402.5949400574723,93727,32.783509554344
EUR_USD,5m,summary,3,0.5,follow,-234.40707815598768,-266.13354142550645,57340,30.94000697593303
EUR_USD,5m,summary,3,0.5,fade,-212.445081960577,-242.86445396041515,57340,34.0896407394489
EUR_USD,5m,summary,6,0.1,follow,-477.77552920224997,-631.4568846076007,114691,34.88416702269576
EUR_USD,5m,summary,6,0.1,fade,-434.2996171125583,-583.3414064030428,114691,36.95756423782163
EUR_USD,5m,summary,6,0.3,follow,-392.0534779617103,-520.6142557170025,93725,34.83062149906642
EUR_USD,5m,summary,6,0.3,fade,-347.48510786416676,-471.3410541142174,93725,37.559882635369426
EUR_USD,5m,summary,6,0.5,follow,-238.14209090541075,-320.54451289108283,57339,34.92387380317062
EUR_USD,5m,summary,6,0.5,fade,-208.70260897721212,-287.798165702027,57339,38.84790456757181
EUR_USD,5m,osc_rating,1,0.1,follow,-279.26663050957177,-287.93912915368077,69336,21.515518633898697
EUR_USD,5m,osc_rating,1,0.1,fade,-270.6323422511831,-279.08898368883234,69336,22.57268951194185
EUR_USD,5m,osc_rating,1,0.3,follow,-84.40089043590844,-87.26127235196459,20660,22.303969022265246
EUR_USD,5m,osc_rating,1,0.3,fade,-78.2037673533814,-80.90922119237439,20660,24.511132623426914
EUR_USD,5m,osc_rating,1,0.5,follow,-2.753758853766196,-2.8705115149553335,602,22.757475083056477
EUR_USD,5m,osc_rating,1,0.5,fade,-2.0459691585380417,-2.1450270773464757,602,30.89700996677741
EUR_USD,5m,osc_rating,3,0.1,follow,-285.81648277816043,-322.01948273768613,69335,30.56320761520156
EUR_USD,5m,osc_rating,3,0.1,fade,-264.075496013274,-299.0145108673639,69335,32.4396048171919
EUR_USD,5m,osc_rating,3,0.3,follow,-87.55097421783337,-99.39228882502972,20659,31.027639285541408
EUR_USD,5m,osc_rating,3,0.3,fade,-75.04668960213603,-86.05693414821609,20659,34.33854494409216
EUR_USD,5m,osc_rating,3,0.5,follow,-3.4375359209940473,-3.9081368033350876,602,28.57142857142857
EUR_USD,5m,osc_rating,3,0.5,fade,-1.362192091310191,-1.717835431254337,602,41.029900332225914
EUR_USD,5m,osc_rating,6,0.1,follow,-287.5288396001133,-381.7873451248634,69332,35.02711590607512
EUR_USD,5m,osc_rating,6,0.1,fade,-262.34122475411715,-353.52160278463475,69332,37.3766803207754
EUR_USD,5m,osc_rating,6,0.3,follow,-92.40152507386551,-123.03875921803521,20658,35.114725530060994
EUR_USD,5m,osc_rating,6,0.3,fade,-70.1886785121621,-98.56022795159218,20658,39.27292090231387
EUR_USD,5m,osc_rating,6,0.5,follow,-3.680692921034535,-4.869329663658089,602,33.056478405315616
EUR_USD,5m,osc_rating,6,0.5,fade,-1.1190350912697025,-1.9992028170154472,602,44.6843853820598
EUR_USD,5m,ma_rating,1,0.1,follow,-467.08314890516783,-481.2668837171645,115701,21.19601386332011
EUR_USD,5m,ma_rating,1,0.1,fade,-453.44117861334774,-467.28386416804886,115701,22.1968695171174
EUR_USD,5m,ma_rating,1,0.3,follow,-425.81686485611266,-438.9089226534981,105839,21.28704919736581
EUR_USD,5m,ma_rating,1,0.3,fade,-413.1964803496978,-425.97302853442284,105839,22.384943168397285
EUR_USD,5m,ma_rating,1,0.5,follow,-342.48022341846314,-353.32685570890715,85440,21.595271535580522
EUR_USD,5m,ma_rating,1,0.5,fade,-329.7358125227659,-340.26383454081747,85440,22.929541198501873
EUR_USD,5m,ma_rating,3,0.1,follow,-475.3966471040592,-534.6252628000159,115699,30.440193951546686
EUR_USD,5m,ma_rating,3,0.1,fade,-445.1132262111942,-502.68992463674164,115699,32.148938193069945
EUR_USD,5m,ma_rating,3,0.3,follow,-432.9220382887437,-487.6069169061396,105837,30.47894403658456
EUR_USD,5m,ma_rating,3,0.3,fade,-406.07685271380467,-459.27579260938086,105837,32.36864234624942
EUR_USD,5m,ma_rating,3,0.5,follow,-349.1603966487221,-394.4539597684858,85439,30.618335888762743
EUR_USD,5m,ma_rating,3,0.5,fade,-323.0486453231865,-366.8279907718448,85439,33.05399173679467
EUR_USD,5m,ma_rating,6,0.1,follow,-484.53543368276155,-639.5021873962841,115697,34.86693691279809
EUR_USD,5m,ma_rating,6,0.1,fade,-435.9595191646082,-585.96619646254,115697,36.96033605020009
EUR_USD,5m,ma_rating,6,0.3,follow,-439.9162407414898,-582.7448324766257,105835,34.89204894411112
EUR_USD,5m,ma_rating,6,0.3,fade,-399.0677297931748,-537.6823501032085,105835,37.11721075258657
EUR_USD,5m,ma_rating,6,0.5,follow,-356.1317521350217,-474.2109944550121,85437,34.78235424932991
EUR_USD,5m,ma_rating,6,0.5,fade,-316.0623693690033,-429.9232573764507,85437,37.8372367943631
EUR_USD,15m,summary,1,0.1,follow,-155.72055192447363,-163.86060130718968,38214,30.494059768671168
EUR_USD,15m,summary,1,0.1,fade,-149.8211183732751,-157.81368191721123,38214,32.20547443345371
EUR_USD,15m,summary,1,0.3,follow,-125.29359477124216,-132.08398547567208,30880,30.952072538860104
EUR_USD,15m,summary,1,0.3,fade,-119.7664488017431,-126.41866085693553,30880,32.80116580310881
EUR_USD,15m,summary,1,0.5,follow,-74.7449818445901,-79.138625998548,18646,31.963960098680683
EUR_USD,15m,summary,1,0.5,fade,-70.72743645606376,-75.02064197530848,18646,33.8678536951625
EUR_USD,15m,summary,3,0.1,follow,-157.46137981118352,-191.1094843863469,38212,37.11137862451586
EUR_USD,15m,summary,3,0.1,fade,-148.0658823529414,-181.15490486565017,38212,39.4692766670156
EUR_USD,15m,summary,3,0.3,follow,-128.11596223674664,-156.19641539578802,30879,37.30043071342984
EUR_USD,15m,summary,3,0.3,fade,-116.93710965867866,-144.3717530864201,30879,40.15674082709933
EUR_USD,15m,summary,3,0.5,follow,-75.3675526506902,-93.29654611474248,18646,38.09396117129679
EUR_USD,15m,summary,3,0.5,fade,-70.10486564996366,-87.69297893972397,18646,40.77013836747828
EUR_USD,15m,summary,6,0.1,follow,-161.75616557734187,-249.82499927378336,38209,40.063859300164886
EUR_USD,15m,summary,6,0.1,fade,-143.74832244008735,-230.24599564270167,38209,42.74647334397655
EUR_USD,15m,summary,6,0.3,follow,-133.0210021786495,-206.3926332607119,30876,40.07967353284104
EUR_USD,15m,summary,6,0.3,fade,-112.00929557008008,-183.5490602759624,30876,43.370255214406015
EUR_USD,15m,summary,6,0.5,follow,-80.3697312999275,-127.12639070443005,18643,40.59432494770155
EUR_USD,15m,summary,6,0.5,fade,-65.07991285403065,-110.60043572984763,18643,44.23107868905219
EUR_USD,15m,osc_rating,1,0.1,follow,-94.70164124909225,-99.83013507625276,23079,30.850556783222842
EUR_USD,15m,osc_rating,1,0.1,fade,-87.42739288307895,-92.37403050108911,23079,32.76571775206898
EUR_USD,15m,osc_rating,1,0.3,follow,-30.092781408859903,-31.85220043572991,6825,30.974358974358974
EUR_USD,15m,osc_rating,1,0.3,fade,-22.800871459694836,-24.377992737835715,6825,36.395604395604394
EUR_USD,15m,osc_rating,1,0.5,follow,-0.9307189542484053,-0.9837037037037458,173,27.167630057803464
EUR_USD,15m,osc_rating,1,0.5,fade,-0.4445606390703832,-0.48539143064627305,173,39.884393063583815
EUR_USD,15m,osc_rating,3,0.1,follow,-93.34611474219287,-114.29138126361624,23079,38.19922873608042
EUR_USD,15m,osc_rating,3,0.1,fade,-88.78291938997833,-109.2325461147423,23079,39.317128125135405
EUR_USD,15m,osc_rating,3,0.3,follow,-28.867392883079074,-35.75434132171379,6825,37.72893772893773
EUR_USD,15m,osc_rating,3,0.3,fade,-24.02625998547566,-30.467636891793738,6825,41.99267399267399
EUR_USD,15m,osc_rating,3,0.5,follow,-0.4496732026143734,-0.6315177923021038,173,44.50867052023121
EUR_USD,15m,osc_rating,3,0.5,fade,-0.9256063907044152,-1.1038721859113874,173,38.72832369942196
EUR_USD,15m,osc_rating,6,0.1,follow,-98.07035584604186,-152.59645025417544,23078,40.68810122194297
EUR_USD,15m,osc_rating,6,0.1,fade,-84.05124183006545,-137.23483514887445,23078,42.616344570586705
EUR_USD,15m,osc_rating,6,0.3,follow,-29.976354393609252,-47.667927378358726,6824,40.811840562719816
EUR_USD,15m,osc_rating,6,0.3,fade,-22.90986201888158,-39.68052287581695,6824,44.7538100820633
EUR_USD,15m,osc_rating,6,0.5,follow,-0.18405228758169762,-0.6052461873638387,173,44.50867052023121
EUR_USD,15m,osc_rating,6,0.5,fade,-1.191227305737091,-1.65791140159766,173,39.30635838150289
EUR_USD,15m,ma_rating,1,0.1,follow,-157.1688017429198,-165.3633928830796,38517,30.371005010774464
EUR_USD,15m,ma_rating,1,0.1,fade,-150.85339143064635,-158.89009731299933,38517,32.21694316795181
EUR_USD,15m,ma_rating,1,0.3,follow,-143.05440813362426,-150.61627305737156,35127,30.591852421214448
EUR_USD,15m,ma_rating,1,0.3,fade,-137.27163398692824,-144.68892955700812,35127,32.47644262248413
EUR_USD,15m,ma_rating,1,0.5,follow,-113.01089324618766,-119.21820769789429,27950,31.23434704830054
EUR_USD,15m,ma_rating,1,0.5,fade,-109.24804647785048,-115.36128976034865,27950,32.955277280858674
EUR_USD,15m,ma_rating,3,0.1,follow,-158.9200871459696,-192.79911692084252,38515,37.06348176035311
EUR_USD,15m,ma_rating,3,0.1,fade,-149.08769789397272,-182.37808569353697,38515,39.53264961703232
EUR_USD,15m,ma_rating,3,0.3,follow,-145.35413217138714,-176.643543936093,35126,37.095029323008596
EUR_USD,15m,ma_rating,3,0.3,fade,-134.96493827160546,-165.6566216412496,35126,39.81666002391391
EUR_USD,15m,ma_rating,3,0.5,follow,-116.19253449527967,-141.86962962962969,27949,37.31797202046585
EUR_USD,15m,ma_rating,3,0.5,fade,-106.05943355119855,-131.20321859114046,27949,40.327024222691335
EUR_USD,15m,ma_rating,6,0.1,follow,-163.01385620915045,-251.6393318809006,38512,40.13813876194433
EUR_USD,15m,ma_rating,6,0.1,fade,-144.9711546840962,-232.041679012346,38512,42.64644786040714
EUR_USD,15m,ma_rating,6,0.3,follow,-149.7613943355122,-231.62141466957172,35123,40.002277709762836
EUR_USD,15m,ma_rating,6,0.3,fade,-130.53490196078468,-210.72816848220805,35123,43.02593741992426
EUR_USD,15m,ma_rating,6,0.5,follow,-120.37995642701536,-187.5677211328977,27946,40.0522436126816
EUR_USD,15m,ma_rating,6,0.5,fade,-101.84923747276717,-167.41570370370397,27946,43.648464896586276
EUR_USD,30m,summary,1,0.1,follow,-79.81101449275344,-85.51756521739111,19166,34.389022226860064
EUR_USD,30m,summary,1,0.1,fade,-76.36475362318852,-81.98514782608706,19166,37.12824793905875
EUR_USD,30m,summary,1,0.3,follow,-64.78005797101443,-69.52514782608688,15502,34.634240743129915
EUR_USD,30m,summary,1,0.3,fade,-61.32452173913036,-65.98322318840572,15502,37.43387949941943
EUR_USD,30m,summary,1,0.5,follow,-36.88533333333348,-39.83840000000013,9297,35.237173281703775
EUR_USD,30m,summary,1,0.5,fade,-37.40243478260874,-40.368428985507286,9297,38.18436054641282
EUR_USD,30m,summary,3,0.1,follow,-82.8946086956523,-106.61826086956533,19164,39.475057399290336
EUR_USD,30m,summary,3,0.1,fade,-73.26631884057952,-96.5376347826085,19164,42.68941765810895
EUR_USD,30m,summary,3,0.3,follow,-67.34284057971017,-87.05791304347828,15500,39.85806451612903
EUR_USD,30m,summary,3,0.3,fade,-58.7468985507245,-78.00675942028971,15500,42.92258064516129
EUR_USD,30m,summary,3,0.5,follow,-39.66214492753642,-51.999710144927725,9296,40.11402753872633
EUR_USD,30m,summary,3,0.5,fade,-34.618202898550734,-46.80280579710145,9296,44.02969018932875
EUR_USD,30m,summary,6,0.1,follow,-90.87976811594211,-153.75705507246383,19162,41.69189019935289
EUR_USD,30m,summary,6,0.1,fade,-65.26539130434769,-125.9963014492752,19162,46.0390355912744
EUR_USD,30m,summary,6,0.3,follow,-71.4221449275362,-123.38933333333328,15498,41.94089559943219
EUR_USD,30m,summary,6,0.3,fade,-54.65182608695644,-105.02742028985496,15498,46.03174603174603
EUR_USD,30m,summary,6,0.5,follow,-43.54782608695671,-75.89536231884077,9295,41.42011834319527
EUR_USD,30m,summary,6,0.5,fade,-30.72463768115943,-62.08213333333333,9295,46.960731576116196
EUR_USD,30m,osc_rating,1,0.1,follow,-47.15942028985528,-50.66985507246396,11383,34.76236493015901
EUR_USD,30m,osc_rating,1,0.1,fade,-44.24139130434812,-47.67887536231912,11383,37.46815426513221
EUR_USD,30m,osc_rating,1,0.3,follow,-15.086144927536226,-16.289055072463757,3361,34.57304373698304
EUR_USD,30m,osc_rating,1,0.3,fade,-11.116753623188655,-12.220428985507498,3361,41.35673906575424
EUR_USD,30m,osc_rating,1,0.5,follow,-0.6968115942029118,-0.7400347826087097,85,25.882352941176475
EUR_USD,30m,osc_rating,1,0.5,fade,-0.024811594202906607,-0.05123478260870432,85,52.94117647058824
EUR_USD,30m,osc_rating,3,0.1,follow,-54.122434782608956,-68.9331014492756,11382,39.23739237392374
EUR_USD,30m,osc_rating,3,0.1,fade,-37.27095652173938,-51.40444057971038,11382,43.25250395361097
EUR_USD,30m,osc_rating,3,0.3,follow,-18.00185507246395,-23.01285797101468,3361,39.66081523356144
EUR_USD,30m,osc_rating,3,0.3,fade,-8.20104347826093,-12.681982608695714,3361,45.37340077357929
EUR_USD,30m,osc_rating,3,0.5,follow,-0.5057391304348159,-0.6632463768116301,85,35.294117647058826
EUR_USD,30m,osc_rating,3,0.5,fade,-0.2158840579710025,-0.3406028985507134,85,50.588235294117645
EUR_USD,30m,osc_rating,6,0.1,follow,-59.027710144927866,-98.27815652173943,11381,42.00861084263246
EUR_USD,30m,osc_rating,6,0.1,fade,-32.357797101449435,-69.03555942029,11381,46.01528863895967
EUR_USD,30m,osc_rating,6,0.3,follow,-19.881507246376977,-32.912081159420445,3361,41.773281761380545
EUR_USD,30m,osc_rating,6,0.3,fade,-6.321391304347908,-17.868440579710224,3361,48.02142219577507
EUR_USD,30m,osc_rating,6,0.5,follow,-0.2754782608695936,-0.630063768115972,85,36.470588235294116
EUR_USD,30m,osc_rating,6,0.5,fade,-0.44614492753622503,-0.7740405797101371,85,50.588235294117645
EUR_USD,30m,ma_rating,1,0.1,follow,-80.05426086956517,-85.78224927536228,19271,34.341757044263396
EUR_USD,30m,ma_rating,1,0.1,fade,-76.95489855072456,-82.60540289855062,19271,37.10238181723834
EUR_USD,30m,ma_rating,1,0.3,follow,-73.30110144927514,-78.59823768115918,17583,34.37411135756128
EUR_USD,30m,ma_rating,1,0.3,fade,-70.1372753623188,-75.35531594202894,17583,37.388386509696865
EUR_USD,30m,ma_rating,1,0.5,follow,-58.399072463768135,-62.71668405797103,14072,34.671688459351905
EUR_USD,30m,ma_rating,1,0.5,fade,-56.28475362318834,-60.54950724637674,14072,37.25838544627629
EUR_USD,30m,ma_rating,3,0.1,follow,-81.5369275362321,-105.33863188405819,19269,39.659556801079454
EUR_USD,30m,ma_rating,3,0.1,fade,-75.45739130434751,-98.92200579710112,19269,42.534641133426746
EUR_USD,30m,ma_rating,3,0.3,follow,-76.06028985507241,-98.08444057971009,17581,39.61094363233036
EUR_USD,30m,ma_rating,3,0.3,fade,-67.36324637681136,-88.96876521739107,17581,42.80188840225243
EUR_USD,30m,ma_rating,3,0.5,follow,-59.1244057971016,-77.01986086956536,14070,40.014214641080315
EUR_USD,30m,ma_rating,3,0.5,fade,-55.54457971014473,-73.22299130434763,14070,42.80028429282161
EUR_USD,30m,ma_rating,6,0.1,follow,-89.66979710144942,-152.69217391304366,19266,41.72635731340185
EUR_USD,30m,ma_rating,6,0.1,fade,-67.30133333333308,-128.58606376811565,19266,45.961797986089486
EUR_USD,30m,ma_rating,6,0.3,follow,-81.69994202898539,-139.94885797101435,17579,41.82262927356505
EUR_USD,30m,ma_rating,6,0.3,fade,-61.70782608695636,-118.17597681159401,17579,46.06064053700438
EUR_USD,30m,ma_rating,6,0.5,follow,-62.59176811594198,-109.64791884057966,14068,41.93204435598521
EUR_USD,30m,ma_rating,6,0.5,fade,-52.06144927536233,-98.16932173913041,14068,46.061984646005115
EUR_USD,1h,summary,1,0.1,follow,-41.73007504329403,-45.74311333461595,9692,37.76310359059018
EUR_USD,1h,summary,1,0.1,fade,-39.77664036944406,-43.740842793919704,9692,39.95047461824185
EUR_USD,1h,summary,1,0.3,follow,-33.91656725033671,-37.22387531268036,7849,37.57166518027774
EUR_USD,1h,summary,1,0.3,fade,-31.909101404656525,-35.16622282085818,7849,40.540196203338006
EUR_USD,1h,summary,1,0.5,follow,-21.186453723301955,-23.322462959399704,4784,37.87625418060201
EUR_USD,1h,summary,1,0.5,fade,-18.66684625745619,-20.73986530690779,4784,40.92809364548495
EUR_USD,1h,summary,3,0.1,follow,-40.98426015008648,-57.74852799692116,9690,41.86790505675955
EUR_USD,1h,summary,3,0.1,fade,-40.507215701366256,-57.20593034442956,9690,44.8297213622291
EUR_USD,1h,summary,3,0.3,follow,-36.51675966903973,-50.35811429670953,7847,41.25143366891806
EUR_USD,1h,summary,3,0.3,fade,-29.293669424668153,-42.811160284779746,7847,45.367656429208616
EUR_USD,1h,summary,3,0.5,follow,-23.854531460457974,-32.87720608043104,4784,41.17892976588629
EUR_USD,1h,summary,3,0.5,fade,-15.998768520300173,-24.62625360785068,4784,46.509197324414714
EUR_USD,1h,summary,6,0.1,follow,-37.47731383490468,-81.53220704252439,9687,44.64746567564777
EUR_USD,1h,summary,6,0.1,fade,-43.99338079661347,-88.33166057340777,9687,47.186951584597914
EUR_USD,1h,summary,6,0.3,follow,-33.05229940350193,-69.28223205695579,7846,43.48712719857252
EUR_USD,1h,summary,6,0.3,fade,-32.75120261689444,-68.49994612276318,7846,48.34310476676013
EUR_USD,1h,summary,6,0.5,follow,-22.078660765826488,-45.636101597075275,4784,42.97658862876254
EUR_USD,1h,summary,6,0.5,fade,-17.77463921493166,-40.46889744083119,4784,49.62374581939799
EUR_USD,1h,osc_rating,1,0.1,follow,-25.128420242447234,-27.676948239368524,5893,38.40149329713219
EUR_USD,1h,osc_rating,1,0.1,fade,-23.894939388108504,-26.41263036367133,5893,40.45477685389445
EUR_USD,1h,osc_rating,1,0.3,follow,-7.061458533769451,-7.896378680007666,1756,40.148063781321184
EUR_USD,1h,osc_rating,1,0.3,fade,-7.1879930729266155,-8.026076582643759,1756,42.08428246013668
EUR_USD,1h,osc_rating,1,0.5,follow,-0.44217817971906875,-0.471248797383106,62,37.096774193548384
EUR_USD,1h,osc_rating,1,0.5,fade,-0.08289397729456696,-0.1029824898979916,62,48.38709677419355
EUR_USD,1h,osc_rating,3,0.1,follow,-28.242601500865707,-38.844995189532234,5893,42.52502969624979
EUR_USD,1h,osc_rating,3,0.1,fade,-20.780758129690028,-31.106369059072367,5893,44.883760393687425
EUR_USD,1h,osc_rating,3,0.3,follow,-7.182451414277496,-10.529647873773365,1756,42.42596810933941
EUR_USD,1h,osc_rating,3,0.3,fade,-7.06700019241857,-10.438614585337554,1756,46.69703872437358
EUR_USD,1h,osc_rating,3,0.5,follow,-0.5968828170098118,-0.7176794304406376,62,33.87096774193548
EUR_USD,1h,osc_rating,3,0.5,fade,0.071810659996176,8.081585532522665e-05,62,50.0
EUR_USD,1h,osc_rating,6,0.1,follow,-28.7194150471422,-56.70002309024395,5891,44.067221184858255
EUR_USD,1h,osc_rating,6,0.1,fade,-20.289628631903057,-47.304337117567854,5891,48.02240706161942
EUR_USD,1h,osc_rating,6,0.3,follow,-6.112449490090383,-14.62411391187217,1756,44.64692482915717
EUR_USD,1h,osc_rating,6,0.3,fade,-8.137002116605684,-16.780615739849843,1756,48.747152619589976
EUR_USD,1h,osc_rating,6,0.5,follow,-1.0178179719068412,-1.3608928227823454,62,29.03225806451613
EUR_USD,1h,osc_rating,6,0.5,fade,0.49274581489320557,0.29652491822204985,62,61.29032258064516
EUR_USD,1h,ma_rating,1,0.1,follow,-42.32095439676727,-46.35931114104281,9777,37.71095428045413
EUR_USD,1h,ma_rating,1,0.1,fade,-39.7154512218589,-43.68867038676173,9777,39.99181753093996
EUR_USD,1h,ma_rating,1,0.3,follow,-37.81904945160659,-41.51650182797757,8974,37.76465344328059
EUR_USD,1h,ma_rating,1,0.3,fade,-37.51010198191279,-41.19983067154143,8974,39.87073768665032
EUR_USD,1h,ma_rating,1,0.5,follow,-31.062151241100675,-34.081039060996765,7175,37.407665505226475
EUR_USD,1h,ma_rating,1,0.5,fade,-29.105022128150853,-32.0749817202232,7175,40.51567944250871
EUR_USD,1h,ma_rating,3,0.1,follow,-43.936809697902525,-60.93650567635161,9775,41.75959079283887
EUR_USD,1h,ma_rating,3,0.1,fade,-38.08435635943828,-54.76715027900726,9775,44.9616368286445
EUR_USD,1h,ma_rating,3,0.3,follow,-37.8615355012506,-53.38136617279185,8972,41.61836825679893
EUR_USD,1h,ma_rating,3,0.3,fade,-37.45237637098342,-52.9438291321918,8972,45.01783325902809
EUR_USD,1h,ma_rating,3,0.5,follow,-32.75720608043099,-45.423001731768295,7173,41.0985640596682
EUR_USD,1h,ma_rating,3,0.5,fade,-27.394727727535187,-39.811448912834386,7173,45.49003206468702
EUR_USD,1h,ma_rating,6,0.1,follow,-39.696055416586454,-84.39071002501434,9772,44.59680720425706
EUR_USD,1h,ma_rating,6,0.1,fade,-42.304329420819776,-86.7420704252454,9772,47.30863692181744
EUR_USD,1h,ma_rating,6,0.3,follow,-34.24883586684621,-75.03896478737722,8969,44.419667744453115
EUR_USD,1h,ma_rating,6,0.3,fade,-41.04429478545325,-82.20221666345978,8969,47.50808339837217
EUR_USD,1h,ma_rating,6,0.5,follow,-29.464537233019072,-62.692507215701355,7173,43.45462149728147
EUR_USD,1h,ma_rating,6,0.5,fade,-30.68739657494709,-63.538499134115824,7173,48.32008922347693
EUR_USD,2h,summary,1,0.1,follow,-20.340698340011496,-23.17548941041791,4888,40.814238952536826
EUR_USD,2h,summary,1,0.1,fade,-20.281625643961227,-23.11493989696638,4888,43.59656301145663
EUR_USD,2h,summary,1,0.3,follow,-16.766342301087647,-19.110280480824343,3997,40.48036027020265
EUR_USD,2h,summary,1,0.3,fade,-16.21453921007445,-18.544682312535812,3997,43.85789342006505
EUR_USD,2h,summary,1,0.5,follow,-9.400343445907398,-10.844155695478092,2412,39.67661691542288
EUR_USD,2h,summary,1,0.5,fade,-10.448998282770477,-11.919026903262747,2412,44.69320066334992
EUR_USD,2h,summary,3,0.1,follow,-17.28082427017755,-29.106307956496952,4886,44.781006958657386
EUR_USD,2h,summary,3,0.1,fade,-23.32684602175168,-35.39861476817411,4886,47.19607040523946
EUR_USD,2h,summary,3,0.3,follow,-14.729708070978877,-24.552673153978308,3997,44.283212409306984
EUR_USD,2h,summary,3,0.3,fade,-18.25117344018322,-28.183949627933643,3997,47.735801851388544
EUR_USD,2h,summary,3,0.5,follow,-9.511619919862786,-15.669147109330448,2412,42.91044776119403
EUR_USD,2h,summary,3,0.5,fade,-10.337721808815086,-16.488391528334255,2412,49.08789386401327
EUR_USD,2h,summary,6,0.1,follow,-16.541957641671576,-47.916702919290366,4884,47.19492219492219
EUR_USD,2h,summary,6,0.1,fade,-24.05197481396687,-56.163560389238775,4884,47.19492219492219
EUR_USD,2h,summary,6,0.3,follow,-15.604350314825542,-41.684876931883366,3996,46.371371371371374
EUR_USD,2h,summary,6,0.3,fade,-17.369204350314806,-43.62547223812247,3996,48.02302302302302
EUR_USD,2h,summary,6,0.5,follow,-11.421866056096286,-27.70871207784787,2412,45.398009950248756
EUR_USD,2h,summary,6,0.5,fade,-8.427475672581588,-24.65879793932456,2412,49.33665008291874
EUR_USD,2h,osc_rating,1,0.1,follow,-13.151459645105945,-14.964453348597647,2987,40.20756611985269
EUR_USD,2h,osc_rating,1,0.1,fade,-11.552833428734974,-13.325861476817401,2987,44.258453297623035
EUR_USD,2h,osc_rating,1,0.3,follow,-3.1175729822553007,-3.6819919862621693,950,40.31578947368421
EUR_USD,2h,osc_rating,1,0.3,fade,-4.549055523755018,-5.1492615912993775,950,44.73684210526316
EUR_USD,2h,osc_rating,3,0.1,follow,-9.737836290784285,-17.18454493417294,2986,44.8760884125921
EUR_USD,2h,osc_rating,3,0.1,fade,-14.959129937034888,-22.508769318832247,2986,46.98593436034829
EUR_USD,2h,osc_rating,3,0.3,follow,-3.3050944476245805,-5.620572409845528,949,44.46786090621707
EUR_USD,2h,osc_rating,3,0.3,fade,-4.35420721236399,-6.779965655409208,949,47.73445732349842
EUR_USD,2h,osc_rating,6,0.1,follow,-10.721465369204438,-30.177378362907923,2983,47.904793831713036
EUR_USD,2h,osc_rating,6,0.1,fade,-13.953978248425834,-33.75808815111616,2983,46.66443178008716
EUR_USD,2h,osc_rating,6,0.3,follow,-3.448425872925063,-9.55989696622787,948,47.36286919831223
EUR_USD,2h,osc_rating,6,0.3,fade,-4.203548941041759,-10.506456783056638,948,46.94092827004219
EUR_USD,2h,ma_rating,1,0.1,follow,-20.0299942759016,-22.85922152261024,4900,40.93877551020408
EUR_USD,2h,ma_rating,1,0.1,fade,-20.507155123068255,-23.348311390956066,4900,43.44897959183673
EUR_USD,2h,ma_rating,1,0.3,follow,-18.89502003434468,-21.52981110475109,4506,40.612516644474034
EUR_USD,2h,ma_rating,1,0.3,fade,-18.518603319977174,-21.1439839725244,4506,43.830448291167336
EUR_USD,2h,ma_rating,1,0.5,follow,-15.496508299942793,-17.650497996565573,3647,40.49904030710173
EUR_USD,2h,ma_rating,1,0.5,fade,-14.610417859187233,-16.74225529479113,3647,44.091033726350425
EUR_USD,2h,ma_rating,3,0.1,follow,-17.234573554665232,-29.083285632512972,4898,44.75296039199673
EUR_USD,2h,ma_rating,3,0.1,fade,-23.287922152261125,-35.40962793360056,4898,47.16210698244181
EUR_USD,2h,ma_rating,3,0.3,follow,-17.673726388094014,-28.719404693760875,4506,44.27430093209054
EUR_USD,2h,ma_rating,3,0.3,fade,-19.739896966227835,-30.87720663995422,4506,47.558810474922325
EUR_USD,2h,ma_rating,3,0.5,follow,-14.011906124785414,-23.094035489410484,3647,43.87167534960241
EUR_USD,2h,ma_rating,3,0.5,fade,-16.09502003434461,-25.207910704064123,3647,48.12174389909515
EUR_USD,2h,ma_rating,6,0.1,follow,-16.994161419576532,-48.530337721808934,4896,46.997549019607845
EUR_USD,2h,ma_rating,6,0.1,fade,-23.51459645105904,-55.7392444190041,4896,47.40604575163398
EUR_USD,2h,ma_rating,6,0.3,follow,-17.17229536348045,-46.44263308528928,4505,46.48168701442842
EUR_USD,2h,ma_rating,6,0.3,fade,-20.23400114481965,-49.752226674298754,4505,47.81354051054384
EUR_USD,2h,ma_rating,6,0.5,follow,-12.579736691471188,-36.59796222095029,3647,46.14751850836304
EUR_USD,2h,ma_rating,6,0.5,fade,-17.527189467658843,-41.859782484258716,3647,48.423361667123665
EUR_USD,4h,summary,1,0.1,follow,-9.803527204502826,-11.794378986866803,2466,43.47120843471208
EUR_USD,4h,summary,1,0.1,fade,-8.997523452157507,-10.968225140712853,2466,47.16139497161395
EUR_USD,4h,summary,1,0.3,follow,-7.945215759849932,-9.622041275797395,2025,43.20987654320987
EUR_USD,4h,summary,1,0.3,fade,-7.5088930581613464,-9.174810506566601,2025,47.80246913580247
EUR_USD,4h,summary,1,0.5,follow,-4.204052532833022,-5.234341463414636,1235,43.64372469635627
EUR_USD,4h,summary,1,0.5,fade,-5.323902439024369,-6.382187617260768,1235,46.963562753036435
EUR_USD,4h,summary,3,0.1,follow,-9.07069418386498,-17.49233020637906,2464,46.71266233766234
EUR_USD,4h,summary,3,0.1,fade,-9.715947467166842,-18.14966228893044,2464,48.37662337662338
EUR_USD,4h,summary,3,0.3,follow,-6.728330206379088,-13.852570356472897,2025,46.913580246913575
EUR_USD,4h,summary,3,0.3,fade,-8.72577861163219,-15.891759849906107,2025,48.54320987654321
EUR_USD,4h,summary,3,0.5,follow,-5.219662288930677,-9.639894934334057,1235,46.47773279352227
EUR_USD,4h,summary,3,0.5,fade,-4.308292682926715,-8.786318949343217,1235,49.23076923076923
EUR_USD,4h,summary,6,0.1,follow,-9.601801125703517,-32.02358724202624,2461,47.86672084518489
EUR_USD,4h,summary,6,0.1,fade,-9.164127579737302,-31.704990619136932,2461,49.248273059731815
EUR_USD,4h,summary,6,0.3,follow,-4.654108818011252,-23.45831144465291,2023,47.84972812654474
EUR_USD,4h,summary,6,0.3,fade,-10.786041275797386,-30.01709943714823,2023,49.18437963420663
EUR_USD,4h,summary,6,0.5,follow,-5.86964352720447,-17.84694934333956,1233,47.60746147607461
EUR_USD,4h,summary,6,0.5,fade,-3.64435272045028,-15.598637898686672,1233,49.63503649635037
EUR_USD,4h,osc_rating,1,0.1,follow,-6.9221763602250865,-8.169365853658483,1481,43.07900067521945
EUR_USD,4h,osc_rating,1,0.1,fade,-4.285778611632182,-5.467058161350756,1481,47.400405131667796
EUR_USD,4h,osc_rating,1,0.3,follow,-2.8633395872420873,-3.30389493433402,475,40.421052631578945
EUR_USD,4h,osc_rating,1,0.3,fade,-0.6321951219512415,-1.0169718574109032,475,52.0
EUR_USD,4h,osc_rating,3,0.1,follow,-9.28547842401504,-14.581744840525367,1480,46.013513513513516
EUR_USD,4h,osc_rating,3,0.1,fade,-1.9152720450279717,-6.838097560975439,1480,48.78378378378378
EUR_USD,4h,osc_rating,3,0.3,follow,-3.673621013133238,-5.462420262664196,475,42.31578947368421
EUR_USD,4h,osc_rating,3,0.3,fade,0.1780863039399093,-1.4505590994372048,475,52.0
EUR_USD,4h,osc_rating,6,0.1,follow,-6.4626641651030114,-20.39658911819871,1478,49.3234100135318
EUR_USD,4h,osc_rating,6,0.1,fade,-4.724127579737366,-18.063174484052567,1478,47.2936400541272
EUR_USD,4h,osc_rating,6,0.3,follow,0.41763602251408277,-3.9113921200750363,473,48.837209302325576
EUR_USD,4h,osc_rating,6,0.3,fade,-3.8992120075047745,-8.206300187617348,473,46.723044397463006
EUR_USD,4h,ma_rating,1,0.1,follow,-10.17658536585361,-12.205294559099386,2494,43.34402566158781
EUR_USD,4h,ma_rating,1,0.1,fade,-8.899136960600284,-10.895909943714729,2494,47.07297514033681
EUR_USD,4h,ma_rating,1,0.3,follow,-8.797373358348922,-10.652442776735413,2275,43.252747252747255
EUR_USD,4h,ma_rating,1,0.3,fade,-8.596547842401458,-10.446596622889261,2275,47.38461538461539
EUR_USD,4h,ma_rating,1,0.5,follow,-6.7112195121951315,-8.227789868667926,1815,43.1404958677686
EUR_USD,4h,ma_rating,1,0.5,fade,-7.183564727954956,-8.711943714821748,1815,47.878787878787875
EUR_USD,4h,ma_rating,3,0.1,follow,-9.747242026266436,-18.346908067542238,2492,46.3884430176565
EUR_USD,4h,ma_rating,3,0.1,fade,-9.314071294558948,-17.840926829268138,2492,48.75601926163724
EUR_USD,4h,ma_rating,3,0.3,follow,-8.050356472795535,-15.921095684803044,2273,46.63440387153542
EUR_USD,4h,ma_rating,3,0.3,fade,-9.329155722326332,-17.261257035647155,2273,48.702155741311046
EUR_USD,4h,ma_rating,3,0.5,follow,-4.590619136960676,-10.976690431519776,1815,47.21763085399449
EUR_USD,4h,ma_rating,3,0.5,fade,-9.30416510318941,-15.87386116322693,1815,48.044077134986225
EUR_USD,4h,ma_rating,6,0.1,follow,-9.635347091932385,-32.51878424015003,2489,47.770188830855766
EUR_USD,4h,ma_rating,6,0.1,fade,-9.405253283301994,-32.31248780487798,2489,49.41743672157493
EUR_USD,4h,ma_rating,6,0.3,follow,-7.623264540337655,-28.61212007504686,2270,47.62114537444934
EUR_USD,4h,ma_rating,6,0.3,fade,-9.73553470919321,-30.96862288930578,2270,49.60352422907489
EUR_USD,4h,ma_rating,6,0.5,follow,-5.342814258911827,-22.34070168855536,1813,47.71097628240486
EUR_USD,4h,ma_rating,6,0.5,fade,-8.538011257035622,-26.027560975609724,1813,49.14506343077772
EUR_USD,1d,summary,1,0.1,follow,-2.750386100386132,-3.5811969111969444,491,44.602851323828915
EUR_USD,1d,summary,1,0.1,fade,-1.267760617760599,-2.0615057915057724,491,49.69450101832994
EUR_USD,1d,summary,1,0.3,follow,-0.9768339768339765,-1.6341119691119692,397,45.34005037783375
EUR_USD,1d,summary,1,0.3,fade,-2.2486486486486124,-2.937722007721972,397,48.11083123425693
EUR_USD,1d,summary,1,0.5,follow,-1.8511583011583315,-2.289343629343661,243,43.62139917695473
EUR_USD,1d,summary,1,0.5,fade,-0.15463320463322322,-0.550405405405424,243,51.440329218106996
EUR_USD,1d,summary,3,0.1,follow,-5.3007722007722125,-8.910868725868744,489,46.012269938650306
EUR_USD,1d,summary,3,0.1,fade,1.2953667953667944,-2.1011679536679577,489,52.556237218813905
EUR_USD,1d,summary,3,0.3,follow,-2.70386100386101,-5.570723938223948,395,46.835443037974684
EUR_USD,1d,summary,3,0.3,fade,-0.5088803088802684,-3.3878667953667567,395,51.392405063291136
EUR_USD,1d,summary,3,0.5,follow,-4.629150579150614,-6.596660231660268,242,43.388429752066116
EUR_USD,1d,summary,3,0.5,fade,2.6299227799227642,1.0331660231660067,242,54.958677685950406
EUR_USD,1d,summary,6,0.1,follow,-7.0868725868726195,-16.6667760617761,486,46.2962962962963
EUR_USD,1d,summary,6,0.1,fade,3.1000000000000063,-5.486148648648646,486,52.2633744855967
EUR_USD,1d,summary,6,0.3,follow,-2.0650579150579156,-9.682393822393829,392,47.95918367346938
EUR_USD,1d,summary,6,0.3,fade,-1.129150579150552,-8.529034749034722,392,50.51020408163265
EUR_USD,1d,summary,6,0.5,follow,-2.9471042471042854,-7.974527027027071,240,47.5
EUR_USD,1d,summary,6,0.5,fade,0.96061776061775,-3.2383687258687353,240,51.24999999999999
EUR_USD,1d,osc_rating,1,0.1,follow,-1.0164092664092892,-1.538117760617785,298,47.31543624161073
EUR_USD,1d,osc_rating,1,0.1,fade,-1.3650579150579416,-1.895482625482653,298,48.65771812080537
EUR_USD,1d,osc_rating,1,0.3,follow,-1.3478764478764693,-1.5597297297297519,103,46.601941747572816
EUR_USD,1d,osc_rating,1,0.3,fade,0.501930501930511,0.3363223938224028,103,52.42718446601942
EUR_USD,1d,osc_rating,3,0.1,follow,-3.2054054054054135,-5.500000000000009,298,45.302013422818796
EUR_USD,1d,osc_rating,3,0.1,fade,0.8239382239381831,-1.3381853281853735,298,53.691275167785236
EUR_USD,1d,osc_rating,3,0.3,follow,-3.2185328185328435,-4.152799227799253,103,36.89320388349515
EUR_USD,1d,osc_rating,3,0.3,fade,2.3725868725868864,1.7110714285714437,103,60.19417475728155
EUR_USD,1d,osc_rating,6,0.1,follow,-0.990347490347485,-6.859604247104243,296,49.32432432432432
EUR_USD,1d,osc_rating,6,0.1,fade,-1.378378378378435,-6.90191119691126,296,50.0
EUR_USD,1d,osc_rating,6,0.3,follow,-1.4498069498069621,-3.6984749034749154,102,49.01960784313725
EUR_USD,1d,osc_rating,6,0.3,fade,0.6100386100386069,-1.1307239382239376,102,50.0
EUR_USD,1d,ma_rating,1,0.1,follow,-2.3837837837838145,-3.211727799227831,495,44.64646464646464
EUR_USD,1d,ma_rating,1,0.1,fade,-1.6301158301157923,-2.4392181467181095,495,49.696969696969695
EUR_USD,1d,ma_rating,1,0.3,follow,-2.5447876447876667,-3.3180598455598695,449,44.32071269487751
EUR_USD,1d,ma_rating,1,0.3,fade,-1.145945945945935,-1.8842471042470934,449,49.88864142538976
EUR_USD,1d,ma_rating,1,0.5,follow,-1.227799227799234,-1.8401737451737519,372,45.16129032258064
EUR_USD,1d,ma_rating,1,0.5,fade,-1.8498069498069245,-2.477731660231635,372,47.8494623655914
EUR_USD,1d,ma_rating,3,0.1,follow,-3.2121621621621754,-6.744198841698859,493,47.26166328600406
EUR_USD,1d,ma_rating,3,0.1,fade,-0.788996138996122,-4.29264478764477,493,51.115618661257614
EUR_USD,1d,ma_rating,3,0.3,follow,-4.731274131274159,-8.057442084942117,447,46.085011185682326
EUR_USD,1d,ma_rating,3,0.3,fade,1.0532818532818693,-2.0636293436293287,447,52.348993288590606
EUR_USD,1d,ma_rating,3,0.5,follow,-2.769305019305033,-5.464710424710443,370,46.75675675675676
EUR_USD,1d,ma_rating,3,0.5,fade,-0.2955598455598147,-2.9396428571428252,370,51.35135135135135
EUR_USD,1d,ma_rating,6,0.1,follow,-4.877220077220106,-14.250897683397724,490,47.755102040816325
EUR_USD,1d,ma_rating,6,0.1,fade,0.894594594594622,-7.994034749034724,490,50.816326530612244
EUR_USD,1d,ma_rating,6,0.3,follow,-5.896138996139038,-14.713030888030941,444,46.3963963963964
EUR_USD,1d,ma_rating,6,0.3,fade,2.2366795366795618,-5.698088803088787,444,52.02702702702703
EUR_USD,1d,ma_rating,6,0.5,follow,-2.5496138996139153,-9.722181467181493,367,47.956403269754766
EUR_USD,1d,ma_rating,6,0.5,fade,-0.49671814671812076,-7.349179536679512,367,50.40871934604905
USD_JPY,5m,summary,1,0.1,follow,-516.8662597743215,-540.0505884828971,114763,29.492955046487108
USD_JPY,5m,summary,1,0.1,fade,-500.3058751153493,-523.0761942074505,114763,30.498505615921506
USD_JPY,5m,summary,1,0.3,follow,-421.06542764169836,-440.4102653434582,94372,29.66028059170093
USD_JPY,5m,summary,1,0.3,fade,-405.3396363871852,-424.2913293075821,94372,30.854490738778452
USD_JPY,5m,summary,1,0.5,follow,-253.05478152471417,-265.2748375398674,58123,29.982967155859125
USD_JPY,5m,summary,1,0.5,fade,-244.48364713691416,-256.48942479237235,58123,31.54000997883798
USD_JPY,5m,summary,3,0.1,follow,-525.4234065631638,-622.506446923215,114761,36.9777189114769
USD_JPY,5m,summary,3,0.1,fade,-491.73474072754965,-586.8914672408491,114761,38.07303875009803
USD_JPY,5m,summary,3,0.3,follow,-429.3076203273498,-510.28990853017,94370,37.098654233336866
USD_JPY,5m,summary,3,0.3,fade,-397.0834561025764,-476.26450290598905,94370,38.406273180036024
USD_JPY,5m,summary,3,0.5,follow,-256.5381599184071,-307.64565267367266,58123,37.42408340932161
USD_JPY,5m,summary,3,0.5,fade,-241.00026874322128,-291.1984393465983,58123,39.05682776181546
USD_JPY,5m,summary,6,0.1,follow,-536.8002201751697,-792.252977383478,114759,40.234752829843416
USD_JPY,5m,summary,6,0.1,fade,-480.34347326328776,-730.042023668831,114759,41.45295793793951
USD_JPY,5m,summary,6,0.3,follow,-434.69541031909296,-647.844422930597,94368,40.34524415055951
USD_JPY,5m,summary,6,0.3,fade,-391.6812122585772,-599.918852498827,94368,41.819260766361474
USD_JPY,5m,summary,6,0.5,follow,-254.8496235975985,-389.3091252893858,58122,40.557792230136606
USD_JPY,5m,summary,6,0.5,fade,-242.68181126455107,-375.1599812203541,58122,42.340249819345516
USD_JPY,5m,osc_rating,1,0.1,follow,-313.563502727906,-327.78535899885094,69245,29.636796880641203
USD_JPY,5m,osc_rating,1,0.1,fade,-301.78734316566494,-315.71479544755385,69245,30.672250704021952
USD_JPY,5m,osc_rating,1,0.3,follow,-94.28107950590159,-98.89843254707112,20977,30.3046193449969
USD_JPY,5m,osc_rating,1,0.3,fade,-89.63113535916116,-94.1322397966622,20977,32.23530533441388
USD_JPY,5m,osc_rating,1,0.5,follow,-2.5900370736130203,-2.7437491298224463,535,31.588785046728972
USD_JPY,5m,osc_rating,1,0.5,fade,-2.164347812009311,-2.3074176366786445,535,36.822429906542055
USD_JPY,5m,osc_rating,3,0.1,follow,-317.59869190046925,-376.83001894154177,69245,37.18968878619395
USD_JPY,5m,osc_rating,3,0.1,fade,-297.7521539931016,-355.8238041736128,69245,37.942089681565456
USD_JPY,5m,osc_rating,3,0.3,follow,-94.53681944017293,-113.46572423060184,20977,37.98445916956667
USD_JPY,5m,osc_rating,3,0.3,fade,-89.37539542488983,-107.91975780731465,20977,38.80917195023121
USD_JPY,5m,osc_rating,3,0.5,follow,-2.826194369343903,-3.4535848079134106,535,35.51401869158878
USD_JPY,5m,osc_rating,3,0.5,fade,-1.9281905162784285,-2.4854098334116155,535,43.925233644859816
USD_JPY,5m,osc_rating,6,0.1,follow,-328.53093299227834,-484.20201071735084,69243,40.35787010961397
USD_JPY,5m,osc_rating,6,0.1,fade,-286.80545904903664,-438.5455319011143,69243,41.438123709255805
USD_JPY,5m,osc_rating,6,0.3,follow,-104.32557431721455,-154.13222036944148,20977,40.50626877055823
USD_JPY,5m,osc_rating,6,0.3,fade,-79.58664054784822,-127.7760986902821,20977,42.47032464127378
USD_JPY,5m,osc_rating,6,0.5,follow,-2.759053894348266,-4.360435817319332,535,38.13084112149533
USD_JPY,5m,osc_rating,6,0.5,fade,-1.995330991274065,-3.4736919814147496,535,44.85981308411215
USD_JPY,5m,ma_rating,1,0.1,follow,-520.5373051206925,-543.87947222717,115717,29.483135580770327
USD_JPY,5m,ma_rating,1,0.1,fade,-504.72945328562895,-527.6764240962298,115717,30.44582904845442
USD_JPY,5m,ma_rating,1,0.3,follow,-475.0873998283935,-496.64536709352654,106084,29.54922514234003
USD_JPY,5m,ma_rating,1,0.3,fade,-459.77004646343687,-480.94507989444594,106084,30.640812940688512
USD_JPY,5m,ma_rating,1,0.5,follow,-378.06055464715405,-395.7631549806547,86080,29.837360594795538
USD_JPY,5m,ma_rating,1,0.5,fade,-368.9527627126889,-386.4276682478279,86080,31.050185873605944
USD_JPY,5m,ma_rating,3,0.1,follow,-528.6610694685047,-626.3329294630003,115715,36.959771853260165
USD_JPY,5m,ma_rating,3,0.1,fade,-496.5917013388594,-592.4419912901294,115715,38.01840729378213
USD_JPY,5m,ma_rating,3,0.3,follow,-483.96649451990555,-574.2642671890438,106082,36.99213815727456
USD_JPY,5m,ma_rating,3,0.3,fade,-450.8769641729675,-539.3171603878973,106082,38.27605060236421
USD_JPY,5m,ma_rating,3,0.5,follow,-382.7284495458898,-456.7736812964443,86078,37.299890796719254
USD_JPY,5m,ma_rating,3,0.5,fade,-364.27088021499577,-437.27176285839283,86078,38.570831106670695
USD_JPY,5m,ma_rating,6,0.1,follow,-539.7788793731493,-796.8843063672726,115712,40.2516592920354
USD_JPY,5m,ma_rating,6,0.1,fade,-485.45291003577864,-736.9637170749082,115712,41.43044800884956
USD_JPY,5m,ma_rating,6,0.3,follow,-494.5446162314434,-732.1856581780509,106080,40.201734539969834
USD_JPY,5m,ma_rating,6,0.3,fade,-440.2843886091736,-672.3699059398733,106080,41.72039969834088
USD_JPY,5m,ma_rating,6,0.5,follow,-381.6770483575912,-576.2883077271778,86076,40.557182025187046
USD_JPY,5m,ma_rating,6,0.5,fade,-365.3078275510384,-557.4846968544105,86076,41.88043124680515
USD_JPY,15m,summary,1,0.1,follow,-173.77508169736845,-187.3291820580472,38414,36.76263862133597
USD_JPY,15m,summary,1,0.1,fade,-167.31714071312774,-180.70979254920047,38414,38.077263497683134
USD_JPY,15m,summary,1,0.3,follow,-141.5172133330104,-152.8212824671393,31292,36.85286974306532
USD_JPY,15m,summary,1,0.3,fade,-132.05455205635354,-143.12205465856604,31292,38.60731177297712
USD_JPY,15m,summary,1,0.5,follow,-80.6108590932199,-87.71983442666618,18905,37.65141496958477
USD_JPY,15m,summary,1,0.5,fade,-79.65855099126156,-86.74371862215891,18905,38.936789209203916
USD_JPY,15m,summary,3,0.1,follow,-172.79604947834753,-229.23915083149794,38412,41.450588357804854
USD_JPY,15m,summary,3,0.1,fade,-168.2817651472972,-224.24638861320213,38412,43.226075184838066
USD_JPY,15m,summary,3,0.3,follow,-141.8076928663068,-188.8415230810195,31290,41.473314157877915
USD_JPY,15m,summary,3,0.3,fade,-131.74966473820564,-178.0084607005401,31290,43.672099712368166
USD_JPY,15m,summary,3,0.5,follow,-75.84629759628181,-105.25180799302836,18905,42.4808251785242
USD_JPY,15m,summary,3,0.5,fade,-84.42311248819965,-114.00590835370757,18905,43.97249404919334
USD_JPY,15m,summary,6,0.1,follow,-162.6801578272132,-310.4656754859481,38409,43.81004452081543
USD_JPY,15m,summary,6,0.1,fade,-178.3772070392874,-326.1241257776379,38409,45.601291364003224
USD_JPY,15m,summary,6,0.3,follow,-128.6334003050037,-251.17134322577536,31287,43.94476939303864
USD_JPY,15m,summary,6,0.3,fade,-144.90350754036467,-267.02914381157564,31287,45.932815546393066
USD_JPY,15m,summary,6,0.5,follow,-72.17742489893763,-148.60881799036596,18902,44.50322717172786
USD_JPY,15m,summary,6,0.5,fade,-88.07153542639978,-165.64442013023165,18902,46.15384615384615
USD_JPY,15m,osc_rating,1,0.1,follow,-109.63720074556448,-118.10449323424788,22934,36.8143367925351
USD_JPY,15m,osc_rating,1,0.1,fade,-92.06853380455588,-100.09660961971406,22934,39.06427138745966
USD_JPY,15m,osc_rating,1,0.3,follow,-31.705724867468664,-34.47199632059252,6769,37.730831732899986
USD_JPY,15m,osc_rating,1,0.3,fade,-25.298443513834155,-27.904532933117153,6769,41.64573792288373
USD_JPY,15m,osc_rating,1,0.5,follow,-0.8133426932294656,-0.916160828834995,199,38.19095477386934
USD_JPY,15m,osc_rating,1,0.5,fade,-0.9049018421243287,-1.0100089564522297,199,40.20100502512563
USD_JPY,15m,osc_rating,3,0.1,follow,-111.23785916584066,-146.36774515262383,22934,41.25316124531263
USD_JPY,15m,osc_rating,3,0.1,fade,-90.4678753842797,-124.12881799036519,22934,43.960931368274174
USD_JPY,15m,osc_rating,3,0.3,follow,-28.918748033211703,-40.125076613977086,6769,41.58664499926134
USD_JPY,15m,osc_rating,3,0.3,fade,-28.08542034809112,-38.990254411657695,6769,45.250406263849904
USD_JPY,15m,osc_rating,3,0.5,follow,-0.5296022851056941,-0.921633463242271,199,45.22613065326633
USD_JPY,15m,osc_rating,3,0.5,fade,-1.1886422502481002,-1.6406051656943461,199,46.733668341708544
USD_JPY,15m,osc_rating,6,0.1,follow,-114.6294981966071,-206.7886964730952,22932,43.42403628117914
USD_JPY,15m,osc_rating,6,0.1,fade,-87.06322287042158,-175.5218280845291,22932,46.4111285539857
USD_JPY,15m,osc_rating,6,0.3,follow,-27.842347074629117,-56.70536951417304,6768,44.81382978723404
USD_JPY,15m,osc_rating,6,0.3,fade,-29.155779332381133,-57.64804531480709,6768,47.015366430260045
USD_JPY,15m,osc_rating,6,0.5,follow,-0.778485149233958,-1.8130686742031046,199,44.221105527638194
USD_JPY,15m,osc_rating,6,0.5,fade,-0.9397593861198363,-2.04663745733573,199,46.231155778894475
USD_JPY,15m,ma_rating,1,0.1,follow,-174.50662535402168,-188.13413570235505,38696,36.7428157949142
USD_JPY,15m,ma_rating,1,0.1,fade,-168.97543027280923,-182.46466074411225,38696,38.04786024395286
USD_JPY,15m,ma_rating,1,0.3,follow,-160.54060177676652,-173.16691050809712,35469,36.72502748879303
USD_JPY,15m,ma_rating,1,0.3,fade,-152.43180750889658,-164.85539638353046,35469,38.31232907609462
USD_JPY,15m,ma_rating,1,0.5,follow,-126.32559850887185,-136.576365616906,28471,36.869094868462646
USD_JPY,15m,ma_rating,1,0.5,fade,-122.37786545956327,-132.5299392413647,28471,38.40750237083348
USD_JPY,15m,ma_rating,3,0.1,follow,-171.9067173392078,-228.7019496018012,38694,41.593011836460434
USD_JPY,15m,ma_rating,3,0.1,fade,-171.56093050277164,-228.0913500036309,38694,43.11521166072259
USD_JPY,15m,ma_rating,3,0.3,follow,-158.62692261141135,-211.15811285129897,35467,41.52592550821891
USD_JPY,15m,ma_rating,3,0.3,fade,-154.3310788894003,-206.3429265812983,35467,43.288126991287676
USD_JPY,15m,ma_rating,3,0.5,follow,-122.15896008327108,-164.79387281837788,28470,41.756234632946956
USD_JPY,15m,ma_rating,3,0.5,fade,-126.53706760911165,-169.10167267797945,28470,43.4668071654373
USD_JPY,15m,ma_rating,6,0.1,follow,-159.71656943671192,-308.23578030064635,38691,43.92235920498307
USD_JPY,15m,ma_rating,6,0.1,fade,-183.73062864612345,-333.03336738398974,38691,45.42141583313949
USD_JPY,15m,ma_rating,6,0.3,follow,-144.1631333058996,-281.14360243034577,35464,43.99108955560568
USD_JPY,15m,ma_rating,6,0.3,fade,-168.7744184357679,-306.13147684636067,35464,45.53349875930521
USD_JPY,15m,ma_rating,6,0.5,follow,-110.02644332018141,-221.1107433855392,28467,44.07208346506481
USD_JPY,15m,ma_rating,6,0.5,fade,-138.64913461305727,-251.0404415288907,28467,45.751220711701265
USD_JPY,30m,summary,1,0.1,follow,-86.52382608695648,-96.14827826086952,19183,40.499400510869
USD_JPY,30m,summary,1,0.1,fade,-86.73947826087026,-96.36932173913112,19183,41.35432414116666
USD_JPY,30m,summary,1,0.3,follow,-68.73113043478283,-76.67354202898572,15654,40.628593330778074
USD_JPY,30m,summary,1,0.3,fade,-71.16405797101493,-79.16729275362361,15654,41.38239427622333
USD_JPY,30m,summary,1,0.5,follow,-40.77913043478234,-45.79308985507219,9395,41.06439595529537
USD_JPY,30m,summary,1,0.5,fade,-40.652985507246434,-45.66379130434788,9395,42.26716338477914
USD_JPY,30m,summary,3,0.1,follow,-70.96255072463788,-110.30186666666685,19181,44.246911005682705
USD_JPY,30m,summary,3,0.1,fade,-102.2873043478265,-142.78571594202944,19181,45.0914967937021
USD_JPY,30m,summary,3,0.3,follow,-60.282898550724944,-92.8823536231887,15652,44.07104523383593
USD_JPY,30m,summary,3,0.3,fade,-79.59884057971047,-113.02031304347858,15652,45.43828264758497
USD_JPY,30m,summary,3,0.5,follow,-33.98956521739124,-54.38926376811586,9394,44.762614434745586
USD_JPY,30m,summary,3,0.5,fade,-47.436521739130285,-68.29946666666652,9394,45.90163934426229
USD_JPY,30m,summary,6,0.1,follow,-55.724289855072314,-158.50747826086936,19178,45.63040984461362
USD_JPY,30m,summary,6,0.1,fade,-117.502376811595,-225.23564057971097,19178,46.75670038585879
USD_JPY,30m,summary,6,0.3,follow,-44.616347826086944,-129.55022608695649,15651,45.524247651907224
USD_JPY,30m,summary,6,0.3,fade,-95.25797101449338,-184.00607536231948,15651,46.9107405277618
USD_JPY,30m,summary,6,0.5,follow,-26.235594202898234,-78.61688115941995,9394,45.56099638066851
USD_JPY,30m,summary,6,0.5,fade,-55.190492753623275,-109.93631304347835,9394,47.2109857355759
USD_JPY,30m,osc_rating,1,0.1,follow,-51.75327536231892,-57.733449275362375,11464,40.25645498953245
USD_JPY,30m,osc_rating,1,0.1,fade,-49.77252173913125,-55.70317681159502,11464,42.4546406140963
USD_JPY,30m,osc_rating,1,0.3,follow,-15.630608695652414,-17.614608695652414,3458,39.67611336032389
USD_JPY,30m,osc_rating,1,0.3,fade,-13.715246376811784,-15.651362318840764,3458,44.534412955465584
USD_JPY,30m,osc_rating,1,0.5,follow,0.204985507246367,0.12506666666665686,128,53.125
USD_JPY,30m,osc_rating,1,0.5,fade,-1.3175652173913213,-1.4355478260869738,128,37.5
USD_JPY,30m,osc_rating,3,0.1,follow,-46.94028985507253,-71.39638260869567,11463,44.38628631248364
USD_JPY,30m,osc_rating,3,0.1,fade,-54.57808695652254,-79.16885797101531,11463,45.51164616592515
USD_JPY,30m,osc_rating,3,0.3,follow,-15.574724637681344,-23.650910144927717,3458,44.91035280508965
USD_JPY,30m,osc_rating,3,0.3,fade,-13.771130434782854,-21.704150724637923,3458,46.847888953152115
USD_JPY,30m,osc_rating,3,0.5,follow,0.9252173913043368,0.6043362318840487,128,53.125
USD_JPY,30m,osc_rating,3,0.5,fade,-2.037797101449291,-2.5088927536232033,128,38.28125
USD_JPY,30m,osc_rating,6,0.1,follow,-35.75884057971016,-98.79303188405792,11463,45.65994940242519
USD_JPY,30m,osc_rating,6,0.1,fade,-65.75953623188491,-130.5685913043487,11463,46.907441332984384
USD_JPY,30m,osc_rating,6,0.3,follow,-6.77889855072466,-26.956533333333354,3458,44.99710815500289
USD_JPY,30m,osc_rating,6,0.3,fade,-22.566956521739538,-43.373623188406214,3458,47.368421052631575
USD_JPY,30m,osc_rating,6,0.5,follow,1.506318840579719,0.738968115942039,128,53.125
USD_JPY,30m,osc_rating,6,0.5,fade,-2.618898550724673,-3.8319536231884412,128,40.625
USD_JPY,30m,ma_rating,1,0.1,follow,-86.46724637681172,-96.11647536231895,19295,40.606374708473695
USD_JPY,30m,ma_rating,1,0.1,fade,-87.82608695652236,-97.50928695652237,19295,41.23866286602747
USD_JPY,30m,ma_rating,1,0.3,follow,-76.97669565217404,-85.79246376811608,17675,40.78076379066478
USD_JPY,30m,ma_rating,1,0.3,fade,-82.59200000000041,-91.54815072463809,17675,41.04101838755304
USD_JPY,30m,ma_rating,1,0.5,follow,-62.42040579710151,-69.63922318840585,14270,40.49053959355291
USD_JPY,30m,ma_rating,1,0.5,fade,-65.76231884058014,-73.06468405797143,14270,41.30343377715487
USD_JPY,30m,ma_rating,3,0.1,follow,-70.07976811594236,-109.55576811594234,19293,44.368423780645834
USD_JPY,30m,ma_rating,3,0.1,fade,-104.2001159420294,-145.0250434782613,19293,44.907479396672365
USD_JPY,30m,ma_rating,3,0.3,follow,-62.167188405797354,-98.28499710144952,17673,44.3444802806541
USD_JPY,30m,ma_rating,3,0.3,fade,-97.38805797101477,-135.05266086956553,17673,44.98953205454648
USD_JPY,30m,ma_rating,3,0.5,follow,-53.61391304347846,-83.22285217391324,14268,44.09167367535745
USD_JPY,30m,ma_rating,3,0.5,fade,-74.55536231884084,-105.07268405797129,14268,45.33221194280908
USD_JPY,30m,ma_rating,6,0.1,follow,-55.34539130434782,-158.51674202898545,19290,45.71280456194919
USD_JPY,30m,ma_rating,6,0.1,fade,-118.91130434782683,-227.3822840579718,19290,46.62001036806635
USD_JPY,30m,ma_rating,6,0.3,follow,-46.418086956521705,-140.92143768115938,17671,45.7642465055741
USD_JPY,30m,ma_rating,6,0.3,fade,-113.1213913043484,-213.39939710144986,17671,46.5904589440326
USD_JPY,30m,ma_rating,6,0.5,follow,-44.67524637681157,-122.04265507246372,14267,45.16015980935025
USD_JPY,30m,ma_rating,6,0.5,fade,-83.48660869565266,-164.33392463768163,14267,47.150767505432114
USD_JPY,1h,summary,1,0.1,follow,-44.19934577640955,-50.97199153357715,9662,42.64127509832333
USD_JPY,1h,summary,1,0.1,fade,-46.3956898210506,-53.22324417933423,9662,43.54170979093355
USD_JPY,1h,summary,1,0.3,follow,-33.70113527034817,-39.22627284972087,7928,42.974268415741676
USD_JPY,1h,summary,1,0.3,fade,-40.340965941889635,-46.03209928805089,7928,43.46619576185671
USD_JPY,1h,summary,1,0.5,follow,-21.137964210121215,-24.662886280546456,4858,42.79538904899135
USD_JPY,1h,summary,1,0.5,fade,-23.37079084086978,-26.951533577063735,4858,43.968711403869904
USD_JPY,1h,summary,3,0.1,follow,-37.1092553396192,-65.30147392726595,9660,45.67287784679089
USD_JPY,1h,summary,3,0.1,fade,-53.47100250144301,-82.3641831826052,9660,46.60455486542443
USD_JPY,1h,summary,3,0.3,follow,-30.13438522224363,-53.19613623244182,7926,45.35705273782488
USD_JPY,1h,summary,3,0.3,fade,-43.89293823359623,-67.78479507408113,7926,46.934140802422405
USD_JPY,1h,summary,3,0.5,follow,-19.085241485472373,-33.750375216471014,4858,45.28612597776863
USD_JPY,1h,summary,3,0.5,fade,-25.42351356551863,-40.45383105637873,4858,47.30341704405105
USD_JPY,1h,summary,6,0.1,follow,-35.1909178372139,-109.9019549740236,9658,47.03872437357631
USD_JPY,1h,summary,6,0.1,fade,-55.3694823936886,-132.0108062343659,9658,47.81528266721888
USD_JPY,1h,summary,6,0.3,follow,-24.915989994227438,-85.79868385607082,7924,47.08480565371025
USD_JPY,1h,summary,6,0.3,fade,-49.09147585145271,-112.23196844333262,7924,47.69056032306916
USD_JPY,1h,summary,6,0.5,follow,-22.83509717144505,-61.73132961323838,4858,46.37710992177851
USD_JPY,1h,summary,6,0.5,fade,-21.673657879545953,-60.96080815855305,4858,48.353231782626594
USD_JPY,1h,osc_rating,1,0.1,follow,-25.34546853954225,-29.482005002886485,5723,42.96697536257208
USD_JPY,1h,osc_rating,1,0.1,fade,-27.017664036944858,-31.196005387724167,5723,44.20758343526123
USD_JPY,1h,osc_rating,1,0.3,follow,-5.645102944006402,-6.963994612276562,1698,45.28857479387515
USD_JPY,1h,osc_rating,1,0.3,fade,-9.195458918606917,-10.603109486242092,1698,44.464075382803294
USD_JPY,1h,osc_rating,1,0.5,follow,-0.5109871079468911,-0.5591533577063683,54,37.03703703703704
USD_JPY,1h,osc_rating,1,0.5,fade,0.019164902828567695,-0.015747546661523084,54,51.85185185185185
USD_JPY,1h,osc_rating,3,0.1,follow,-23.969751779873256,-41.087415816817646,5722,44.86193638587906
USD_JPY,1h,osc_rating,3,0.1,fade,-28.385991918414884,-45.79167211853034,5722,47.76301992310381
USD_JPY,1h,osc_rating,3,0.3,follow,-3.226399846065146,-8.600365595536,1698,46.17196702002356
USD_JPY,1h,osc_rating,3,0.3,fade,-11.614162016548176,-17.47191456609599,1698,47.58539458186101
USD_JPY,1h,osc_rating,3,0.5,follow,-0.28331729844141595,-0.46738118145084595,54,38.88888888888889
USD_JPY,1h,osc_rating,3,0.5,fade,-0.20850490667690738,-0.35819896093898207,54,48.148148148148145
USD_JPY,1h,osc_rating,6,0.1,follow,-23.262266692322804,-68.46497594766244,5719,46.84385382059801
USD_JPY,1h,osc_rating,6,0.1,fade,-29.066230517606666,-74.93467769867269,5719,48.190243049484174
USD_JPY,1h,osc_rating,6,0.3,follow,-2.3362709255340275,-16.25490860111611,1697,48.143783146729525
USD_JPY,1h,osc_rating,6,0.3,fade,-12.492745814893416,-27.545553203771618,1697,47.200942840306425
USD_JPY,1h,osc_rating,6,0.5,follow,-0.8926688474119652,-1.4340773523186443,54,48.148148148148145
USD_JPY,1h,osc_rating,6,0.5,fade,0.40084664229364175,-0.0012006927073198229,54,51.85185185185185
USD_JPY,1h,ma_rating,1,0.1,follow,-44.11876082355208,-50.96000769674817,9787,42.709716971492796
USD_JPY,1h,ma_rating,1,0.1,fade,-47.34631518183574,-54.268250913988915,9787,43.435169101869825
USD_JPY,1h,ma_rating,1,0.3,follow,-39.64317875697516,-45.87555897633249,8945,42.6607043040805
USD_JPY,1h,ma_rating,1,0.3,fade,-44.28939772945924,-50.63793342312867,8945,43.39854667411962
USD_JPY,1h,ma_rating,1,0.5,follow,-33.06546084279388,-38.205129882624554,7304,42.82584884994524
USD_JPY,1h,ma_rating,1,0.5,fade,-35.767019434288976,-40.97422743890702,7304,43.373493975903614
USD_JPY,1h,ma_rating,3,0.1,follow,-33.906638445257066,-62.29394650760073,9785,45.896780786918754
USD_JPY,1h,ma_rating,3,0.1,fade,-57.54365980373284,-86.89918799307281,9785,46.387327542156356
USD_JPY,1h,ma_rating,3,0.3,follow,-33.13842601500875,-59.1096517221475,8943,45.63345633456334
USD_JPY,1h,ma_rating,3,0.3,fade,-50.77937271502771,-77.61207234943217,8943,46.57273845465728
USD_JPY,1h,ma_rating,3,0.5,follow,-31.433904175485896,-52.823713680969824,7302,45.46699534374144
USD_JPY,1h,ma_rating,3,0.5,fade,-37.38379834519903,-59.19695593611686,7302,46.78170364283758
USD_JPY,1h,ma_rating,6,0.1,follow,-31.86684625745628,-107.01688666538392,9783,47.296330369007464
USD_JPY,1h,ma_rating,6,0.1,fade,-59.5635943813739,-137.56022320569562,9783,47.59276295614842
USD_JPY,1h,ma_rating,6,0.3,follow,-28.43794496825098,-97.21842601500875,8941,47.04171792864333
USD_JPY,1h,ma_rating,6,0.3,fade,-55.459996151625774,-126.64949393881068,8941,47.66804607985684
USD_JPY,1h,ma_rating,6,0.5,follow,-29.23040215508951,-85.66626130459883,7302,46.740619008490825
USD_JPY,1h,ma_rating,6,0.5,fade,-39.58730036559542,-97.05624013854133,7302,47.89098877019995
USD_JPY,2h,summary,1,0.1,follow,-18.138981110475026,-22.843285632512806,4885,44.912998976458546
USD_JPY,2h,summary,1,0.1,fade,-27.13634802518589,-32.06558672009144,4885,45.64994882292733
USD_JPY,2h,summary,1,0.3,follow,-17.028048082426913,-20.983182598740594,4036,44.77205153617443
USD_JPY,2h,summary,1,0.3,fade,-20.33108185460769,-24.368792215225888,4036,45.738354806739345
USD_JPY,2h,summary,1,0.5,follow,-10.039610761304992,-12.444762449914034,2422,43.93063583815029
USD_JPY,2h,summary,1,0.5,fade,-11.968402976531026,-14.421774470520718,2422,46.862097440132125
USD_JPY,2h,summary,3,0.1,follow,-15.500400686891654,-35.56226674298781,4883,46.958836780667625
USD_JPY,2h,summary,3,0.1,fade,-29.760274756725757,-50.776542644533414,4883,47.88040139258653
USD_JPY,2h,summary,3,0.3,follow,-17.654951345162992,-34.463880938752006,4036,47.07631318136769
USD_JPY,2h,summary,3,0.3,fade,-19.704178591871614,-36.72131654264436,4036,47.571853320118926
USD_JPY,2h,summary,3,0.5,follow,-12.086777332570007,-22.441144819690788,2422,46.201486374896774
USD_JPY,2h,summary,3,0.5,fade,-9.921236405266013,-20.197584430452032,2422,48.80264244426094
USD_JPY,2h,summary,6,0.1,follow,-18.384888380080046,-72.57878649112752,4880,48.58606557377049
USD_JPY,2h,summary,6,0.1,fade,-26.849685174584874,-83.06514024041198,4880,48.17622950819672
USD_JPY,2h,summary,6,0.3,follow,-20.962564396107474,-66.33674871207769,4036,48.78592666005947
USD_JPY,2h,summary,6,0.3,fade,-16.396565540927128,-61.98270177447032,4036,48.14172447968286
USD_JPY,2h,summary,6,0.5,follow,-13.319290211791694,-41.291814539210115,2422,48.30718414533444
USD_JPY,2h,summary,6,0.5,fade,-8.688723526044324,-36.49319977103571,2422,48.637489677952104
USD_JPY,2h,osc_rating,1,0.1,follow,-12.156840297653307,-15.084258729250339,2940,44.31972789115646
USD_JPY,2h,osc_rating,1,0.1,fade,-14.434573554664778,-17.418935317687094,2940,47.006802721088434
USD_JPY,2h,osc_rating,1,0.3,follow,-2.06823125357763,-2.9892157985118084,900,45.0
USD_JPY,2h,osc_rating,1,0.3,fade,-5.548941041785752,-6.556943331425134,900,46.33333333333333
USD_JPY,2h,osc_rating,3,0.1,follow,-8.569891242129534,-20.88935317687483,2938,46.59632402995235
USD_JPY,2h,osc_rating,3,0.1,fade,-18.00686891814504,-30.741282198053437,2938,48.366235534377125
USD_JPY,2h,osc_rating,3,0.3,follow,-3.7410417859188216,-7.5239267315398966,900,46.111111111111114
USD_JPY,2h,osc_rating,3,0.3,fade,-3.8761305094445615,-7.908471665712438,900,49.888888888888886
USD_JPY,2h,osc_rating,6,0.1,follow,-8.592100744133038,-41.78250715512332,2935,48.10902896081772
USD_JPY,2h,osc_rating,6,0.1,fade,-17.958557527189054,-52.26685746994801,2935,48.44974446337309
USD_JPY,2h,osc_rating,6,0.3,follow,-3.5848883800803026,-14.021831711505614,899,47.4972191323693
USD_JPY,2h,osc_rating,6,0.3,fade,-4.024499141384972,-14.732856325128497,899,49.72191323692992
USD_JPY,2h,ma_rating,1,0.1,follow,-17.31539782484255,-22.043308528906657,4933,45.043584025947695
USD_JPY,2h,ma_rating,1,0.1,fade,-28.332684602175064,-33.33602747567249,4933,45.651733225217924
USD_JPY,2h,ma_rating,1,0.3,follow,-18.1133371493988,-22.492902117916255,4519,44.655897322416465
USD_JPY,2h,ma_rating,1,0.3,fade,-23.810417859187055,-28.332409845449227,4519,45.828723168842664
USD_JPY,2h,ma_rating,1,0.5,follow,-16.23949627933576,-19.925186033199523,3757,44.450359329252066
USD_JPY,2h,ma_rating,1,0.5,fade,-18.426559816828675,-22.166926159129762,3757,46.02076124567474
USD_JPY,2h,ma_rating,3,0.1,follow,-16.56302232398386,-36.71387521465358,4932,47.039740470397405
USD_JPY,2h,ma_rating,3,0.1,fade,-29.07773325701199,-50.181224957069226,4932,47.749391727493915
USD_JPY,2h,ma_rating,3,0.3,follow,-17.366685746994627,-36.021923297080484,4519,46.97942022571365
USD_JPY,2h,ma_rating,3,0.3,fade,-24.55706926159123,-43.66311390955917,4519,47.77605664970126
USD_JPY,2h,ma_rating,3,0.5,follow,-20.850143102461143,-36.682633085288856,3757,46.44663295182326
USD_JPY,2h,ma_rating,3,0.5,fade,-13.815912993703293,-29.503858042358132,3757,48.30982166622305
USD_JPY,2h,ma_rating,6,0.1,follow,-21.043846594161398,-75.78594161419572,4929,48.529113410428074
USD_JPY,2h,ma_rating,6,0.1,fade,-24.570807097881975,-81.05232970807084,4929,48.346520592412254
USD_JPY,2h,ma_rating,6,0.3,follow,-18.49158557527174,-68.85009730967354,4519,48.86036733790662
USD_JPY,2h,ma_rating,6,0.3,fade,-23.43216943331412,-74.89173440183156,4519,47.975215755698166
USD_JPY,2h,ma_rating,6,0.5,follow,-28.616370921579602,-71.68220950200316,3757,47.777482033537396
USD_JPY,2h,ma_rating,6,0.5,fade,-6.049685174584832,-47.83515741270731,3757,49.26803300505723
USD_JPY,4h,summary,1,0.1,follow,-10.472195121951259,-13.874701688555389,2493,47.452868030485355
USD_JPY,4h,summary,1,0.1,fade,-10.324953095684755,-13.723778611632222,2493,47.09185720016045
USD_JPY,4h,summary,1,0.3,follow,-11.125328330206255,-14.055557223264415,2081,46.70831331090822
USD_JPY,4h,summary,1,0.3,fade,-6.0592120075047315,-8.862787992495354,2081,48.10187409899087
USD_JPY,4h,summary,1,0.5,follow,-5.494559099437211,-7.234378986866858,1265,47.27272727272727
USD_JPY,4h,summary,1,0.5,fade,-4.963227016885525,-6.689763602251376,1265,47.27272727272727
USD_JPY,4h,summary,3,0.1,follow,-13.238048780487901,-28.09427392120085,2491,49.21718185467684
USD_JPY,4h,summary,3,0.1,fade,-7.544240150093709,-22.26677673545955,2491,48.1332798073063
USD_JPY,4h,summary,3,0.3,follow,-15.800600375234504,-28.55882926829266,2081,47.861604997597304
USD_JPY,4h,summary,3,0.3,fade,-1.3839399624764828,-13.436127579737272,2081,49.54348870735223
USD_JPY,4h,summary,3,0.5,follow,-6.136660412758102,-13.732446529080805,1265,48.616600790513836
USD_JPY,4h,summary,3,0.5,fade,-4.321125703564635,-11.797789868667817,1265,48.537549407114625
USD_JPY,4h,summary,6,0.1,follow,-25.166904315196998,-65.85650656660411,2489,48.21213338690237
USD_JPY,4h,summary,6,0.1,fade,4.397673545966246,-34.52584615384612,2489,49.779027721976696
USD_JPY,4h,summary,6,0.3,follow,-26.20885553470905,-60.93749718574094,2079,46.993746993746996
USD_JPY,4h,summary,6,0.3,fade,9.03737335834892,-22.757313320825563,2079,50.93795093795094
USD_JPY,4h,summary,6,0.5,follow,-16.64555347091938,-37.672986866791796,1265,47.5098814229249
USD_JPY,4h,summary,6,0.5,fade,6.187767354596642,-13.368833020637867,1265,50.671936758893274
USD_JPY,4h,osc_rating,1,0.1,follow,-1.2533583489681321,-3.2219662288930864,1517,47.59393539881345
USD_JPY,4h,osc_rating,1,0.1,fade,-11.246003752345066,-13.464427767354444,1517,46.34146341463415
USD_JPY,4h,osc_rating,1,0.3,follow,-1.6410506566603906,-2.2934183864915343,472,46.61016949152542
USD_JPY,4h,osc_rating,1,0.3,fade,-1.9909193245778842,-2.6520337711069657,472,47.88135593220339
USD_JPY,4h,osc_rating,3,0.1,follow,2.241275797373329,-6.088896810506594,1516,49.538258575197894
USD_JPY,4h,osc_rating,3,0.1,fade,-14.733433395872273,-24.244682926829114,1516,47.29551451187335
USD_JPY,4h,osc_rating,3,0.3,follow,0.4662664165103121,-2.2779849906191396,472,50.42372881355932
USD_JPY,4h,osc_rating,3,0.3,fade,-4.098236397748587,-7.098315196998114,472,47.88135593220339
USD_JPY,4h,osc_rating,6,0.1,follow,-11.415984990619153,-34.98260037523453,1515,47.98679867986799
USD_JPY,4h,osc_rating,6,0.1,fade,-1.0680675422137482,-25.657643527204346,1515,50.0990099009901
USD_JPY,4h,osc_rating,6,0.3,follow,-5.120600375234508,-12.734611632270148,472,49.36440677966102
USD_JPY,4h,osc_rating,6,0.3,fade,1.4886303939962335,-6.095290806754229,472,49.57627118644068
USD_JPY,4h,ma_rating,1,0.1,follow,-13.078424015009363,-16.600660412757954,2531,47.25404978269459
USD_JPY,4h,ma_rating,1,0.1,fade,-7.943864915572257,-11.337737335834921,2531,47.33306993283287
USD_JPY,4h,ma_rating,1,0.3,follow,-12.33928705440901,-15.582562851782365,2340,46.794871794871796
USD_JPY,4h,ma_rating,1,0.3,fade,-7.104315196998162,-10.216716697936253,2340,47.820512820512825
USD_JPY,4h,ma_rating,1,0.5,follow,-10.477598499061834,-13.139482176360147,1906,46.904512067156354
USD_JPY,4h,ma_rating,1,0.5,fade,-5.4186866791743595,-7.954097560975487,1906,47.69150052465897
USD_JPY,4h,ma_rating,3,0.1,follow,-15.119324577861262,-30.414326454033866,2529,49.30802688809806
USD_JPY,4h,ma_rating,3,0.1,fade,-5.888105065665957,-20.706776735459567,2529,48.12178726769474
USD_JPY,4h,ma_rating,3,0.3,follow,-18.238874296435345,-32.47679549718582,2338,48.24636441402909
USD_JPY,4h,ma_rating,3,0.3,fade,-1.1898686679174229,-14.627774859287022,2338,49.14456800684346
USD_JPY,4h,ma_rating,3,0.5,follow,-13.28397748592867,-24.936923076923048,1906,48.111227701993705
USD_JPY,4h,ma_rating,3,0.5,fade,-2.6123076923075206,-13.670015009380686,1906,49.16054564533054
USD_JPY,4h,ma_rating,6,0.1,follow,-27.951444652908048,-69.72675422138832,2526,48.17893903404592
USD_JPY,4h,ma_rating,6,0.1,fade,6.965178236397726,-32.2632382739212,2526,49.920823436262864
USD_JPY,4h,ma_rating,6,0.3,follow,-27.28885553470916,-66.05868292682922,2336,47.55993150684932
USD_JPY,4h,ma_rating,6,0.3,fade,7.873170731707247,-27.842577861163292,2336,50.513698630136986
USD_JPY,4h,ma_rating,6,0.5,follow,-23.262439024390115,-54.89414634146328,1904,47.16386554621849
USD_JPY,4h,ma_rating,6,0.5,fade,7.379212007504783,-21.728645403377,1904,50.63025210084034
USD_JPY,1d,summary,1,0.1,follow,-4.962355212355253,-6.4750000000000405,482,48.3402489626556
USD_JPY,1d,summary,1,0.1,fade,0.0901544401544262,-1.2961776061776196,482,46.058091286307054
USD_JPY,1d,summary,1,0.3,follow,-5.965830115830119,-7.265318532818536,396,47.72727272727273
USD_JPY,1d,summary,1,0.3,fade,1.9028957528957366,0.8001254826254665,396,46.96969696969697
USD_JPY,1d,summary,1,0.5,follow,-3.1992277992278435,-3.9813899613900054,242,47.93388429752066
USD_JPY,1d,summary,1,0.5,fade,0.6413127413127419,-0.044835907335905624,242,46.69421487603306
USD_JPY,1d,summary,3,0.1,follow,-9.11602316602312,-15.366312741312687,480,48.75
USD_JPY,1d,summary,3,0.1,fade,4.256177606177497,-1.328156370656479,480,49.375
USD_JPY,1d,summary,3,0.3,follow,-10.199806949806884,-15.526090733590664,394,48.223350253807105
USD_JPY,1d,summary,3,0.3,fade,6.14922779922771,1.770173745173656,394,50.0
USD_JPY,1d,summary,3,0.5,follow,-8.141698841698826,-11.49756756756755,240,47.5
USD_JPY,1d,summary,3,0.5,fade,5.59613899613893,2.9674131274130633,240,51.24999999999999
USD_JPY,1d,summary,6,0.1,follow,-14.964285714285703,-31.181611969111934,477,47.58909853249476
USD_JPY,1d,summary,6,0.1,fade,10.1306949806949,-3.743474903474979,477,51.36268343815513
USD_JPY,1d,summary,6,0.3,follow,-19.477027027026995,-33.49005791505787,391,45.26854219948849
USD_JPY,1d,summary,6,0.3,fade,15.452702702702643,4.536264478764422,391,53.452685421994886
USD_JPY,1d,summary,6,0.5,follow,-16.261003861003854,-25.46325289575288,237,43.459915611814345
USD_JPY,1d,summary,6,0.5,fade,13.74169884169878,7.414739382239319,237,55.27426160337553
USD_JPY,1d,osc_rating,1,0.1,follow,-3.8685328185328434,-4.836216216216241,279,42.29390681003584
USD_JPY,1d,osc_rating,1,0.1,fade,1.200193050193042,0.35922779922779163,279,51.971326164874554
USD_JPY,1d,osc_rating,1,0.3,follow,-1.7337837837837828,-2.105328185328184,88,42.04545454545455
USD_JPY,1d,osc_rating,1,0.3,fade,0.8156370656370371,0.5078281853281564,88,52.27272727272727
USD_JPY,1d,osc_rating,3,0.1,follow,-3.238610038609997,-7.072287644787599,279,45.16129032258064
USD_JPY,1d,osc_rating,3,0.1,fade,0.570270270270195,-2.9307335907336642,279,53.76344086021505
USD_JPY,1d,osc_rating,3,0.3,follow,-1.5291505791505398,-2.7840926640926207,88,45.45454545454545
USD_JPY,1d,osc_rating,3,0.3,fade,0.6110038610037937,-0.5370656370657048,88,52.27272727272727
USD_JPY,1d,osc_rating,6,0.1,follow,-9.59826254826252,-19.66727799227795,278,46.402877697841724
USD_JPY,1d,osc_rating,6,0.1,fade,6.942277992277937,-1.5833687258687845,278,53.23741007194245
USD_JPY,1d,osc_rating,6,0.3,follow,-2.8071428571428405,-6.008861003860982,88,44.31818181818182
USD_JPY,1d,osc_rating,6,0.3,fade,1.8889961389960943,-0.7656370656371133,88,55.68181818181818
USD_JPY,1d,ma_rating,1,0.1,follow,-5.759652509652539,-7.306303088803117,491,47.86150712830957
USD_JPY,1d,ma_rating,1,0.1,fade,0.8079150579150474,-0.5745463320463409,491,46.23217922606925
USD_JPY,1d,ma_rating,1,0.3,follow,-5.8694980694981025,-7.287162162162193,442,48.19004524886878
USD_JPY,1d,ma_rating,1,0.3,fade,1.4088803088803095,0.1731756756756764,442,46.380090497737555
USD_JPY,1d,ma_rating,1,0.5,follow,-5.345366795366806,-6.522355212355221,373,48.525469168900806
USD_JPY,1d,ma_rating,1,0.5,fade,1.483976833976842,0.477722007722017,373,45.57640750670242
USD_JPY,1d,ma_rating,3,0.1,follow,-9.999806949806896,-16.36696911196905,489,48.875255623721884
USD_JPY,1d,ma_rating,3,0.1,fade,5.060424710424611,-0.5258976833977799,489,49.284253578732105
USD_JPY,1d,ma_rating,3,0.3,follow,-10.246911196911157,-16.11926640926636,440,48.86363636363637
USD_JPY,1d,ma_rating,3,0.3,fade,5.798648648648567,0.8120463320462563,440,49.31818181818181
USD_JPY,1d,ma_rating,3,0.5,follow,-11.685521235521184,-16.693069498069438,371,48.24797843665768
USD_JPY,1d,ma_rating,3,0.5,fade,7.836486486486423,3.8267181467180884,371,49.865229110512125
USD_JPY,1d,ma_rating,6,0.1,follow,-15.561776061776042,-32.13577220077216,486,47.73662551440329
USD_JPY,1d,ma_rating,6,0.1,fade,10.648648648648575,-3.339295366795434,486,51.23456790123457
USD_JPY,1d,ma_rating,6,0.3,follow,-16.95849420849419,-32.32540540540537,437,46.681922196796336
USD_JPY,1d,ma_rating,6,0.3,fade,12.536486486486426,-0.03393822393827823,437,52.17391304347826
USD_JPY,1d,ma_rating,6,0.5,follow,-21.58976833976831,-35.05498069498065,368,44.83695652173913
USD_JPY,1d,ma_rating,6,0.5,fade,17.76698841698837,7.755685328185286,368,53.80434782608695
GBP_USD,5m,summary,1,0.1,follow,-608.6269860550807,-625.303936640572,114961,21.335061455624082
GBP_USD,5m,summary,1,0.1,fade,-585.9827219279724,-602.0935659102862,114961,22.221449013143587
GBP_USD,5m,summary,1,0.3,follow,-492.8168699285597,-506.75333560078167,94235,21.620417042500133
GBP_USD,5m,summary,1,0.3,fade,-470.97536562847665,-484.3657936931965,94235,22.70600095505916
GBP_USD,5m,summary,1,0.5,follow,-292.96628929594306,-301.8580321655801,57643,22.46413267872942
GBP_USD,5m,summary,1,0.5,fade,-278.35568728437795,-286.8821651037259,57643,23.838106968755962
GBP_USD,5m,summary,3,0.1,follow,-620.5638987415392,-690.1954423983099,114959,30.480432154072325
GBP_USD,5m,summary,3,0.1,fade,-574.0266848063553,-640.944459452874,114959,32.11144842944006
GBP_USD,5m,summary,3,0.3,follow,-500.4062387638932,-558.5058529711719,94233,30.708987297443567
GBP_USD,5m,summary,3,0.3,fade,-463.36687235798445,-519.1451183129915,94233,32.577759383655405
GBP_USD,5m,summary,3,0.5,follow,-295.9149506826583,-332.8874282104752,57642,31.202942299018076
GBP_USD,5m,summary,3,0.5,fade,-275.39816335454043,-310.9063855011806,57642,33.81041601609937
GBP_USD,5m,summary,6,0.1,follow,-621.0634663038538,-802.572081045606,114957,35.081813199718155
GBP_USD,5m,summary,6,0.1,fade,-573.507992808882,-748.8641368252075,114957,36.37881990657376
GBP_USD,5m,summary,6,0.3,follow,-503.7476507458181,-655.2455021621729,94231,35.182689348515886
GBP_USD,5m,summary,6,0.3,fade,-460.0063359409009,-606.1014061512891,94231,36.9411340217126
GBP_USD,5m,summary,6,0.5,follow,-301.6221952285988,-397.89124337980616,57641,35.55108343019725
GBP_USD,5m,summary,6,0.5,fade,-269.6811233662016,-362.3762810358969,57641,38.18289065075207
GBP_USD,5m,osc_rating,1,0.1,follow,-364.2950682668375,-374.5583130071319,69087,21.818866067422235
GBP_USD,5m,osc_rating,1,0.1,fade,-349.89716729020586,-359.8004645060846,69087,22.63522804579733
GBP_USD,5m,osc_rating,1,0.3,follow,-110.2670618531624,-113.63598270248947,20869,22.784992093535866
GBP_USD,5m,osc_rating,1,0.3,fade,-102.04308828530742,-105.20640979543809,20869,24.409411088216974
GBP_USD,5m,osc_rating,1,0.5,follow,-3.8533404596471064,-3.984482775375206,614,23.615635179153095
GBP_USD,5m,osc_rating,1,0.5,fade,-2.639172051892329,-2.7399601574265597,614,29.80456026058632
GBP_USD,5m,osc_rating,3,0.1,follow,-372.0320684126022,-414.85143384674046,69086,30.68639087514113
GBP_USD,5m,osc_rating,3,0.1,fade,-342.1513046013188,-383.0942364316478,69086,32.475465362012564
GBP_USD,5m,osc_rating,3,0.3,follow,-113.24744181526339,-127.22693746659232,20869,31.501269826057786
GBP_USD,5m,osc_rating,3,0.3,fade,-99.06270832320645,-112.1184937563729,20869,34.08883990608079
GBP_USD,5m,osc_rating,3,0.5,follow,-3.677955395753079,-4.187178465574757,614,30.130293159609124
GBP_USD,5m,osc_rating,3,0.5,fade,-2.8145571157863563,-3.2422331276419536,614,35.34201954397394
GBP_USD,5m,osc_rating,6,0.1,follow,-374.4387153199445,-485.7096117778426,69084,35.32076891899717
GBP_USD,5m,osc_rating,6,0.1,fade,-339.725533258818,-446.6101822068768,69084,36.68866886688669
GBP_USD,5m,osc_rating,6,0.3,follow,-115.75577474369229,-151.86628832417918,20868,35.5664174813111
GBP_USD,5m,osc_rating,6,0.3,fade,-96.54457995237924,-130.3982002818092,20868,38.178071688709984
GBP_USD,5m,osc_rating,6,0.5,follow,-3.2369272630093904,-4.488936397648131,614,35.99348534201955
GBP_USD,5m,osc_rating,6,0.5,fade,-3.255585248530045,-4.40845051260857,614,38.925081433224754
GBP_USD,5m,ma_rating,1,0.1,follow,-613.2697925270688,-630.0563820999758,115754,21.34699448831142
GBP_USD,5m,ma_rating,1,0.1,fade,-589.9225887954715,-606.1254982750886,115754,22.225581837344713
GBP_USD,5m,ma_rating,1,0.3,follow,-559.8004372965182,-575.2914046936321,106120,21.428571428571427
GBP_USD,5m,ma_rating,1,0.3,fade,-536.6090277440178,-551.5202099023192,106120,22.400113079532606
GBP_USD,5m,ma_rating,1,0.5,follow,-444.5754822408881,-457.37532675767545,86067,21.83066680609293
GBP_USD,5m,ma_rating,1,0.5,fade,-426.9329575822219,-439.2917389825426,86067,22.899601473270824
GBP_USD,5m,ma_rating,3,0.1,follow,-623.1594577522767,-693.142949322171,115752,30.51523947750363
GBP_USD,5m,ma_rating,3,0.1,fade,-580.0137991351052,-647.4054399688837,115752,32.07633561407146
GBP_USD,5m,ma_rating,3,0.3,follow,-569.839133181072,-634.5187425295002,106118,30.524510450630434
GBP_USD,5m,ma_rating,3,0.3,fade,-526.5512074243053,-588.6190019921106,106118,32.28764205884016
GBP_USD,5m,ma_rating,3,0.5,follow,-453.0067926728396,-506.39937029297465,86065,30.794167199209898
GBP_USD,5m,ma_rating,3,0.5,fade,-418.48252271511177,-469.86316311159396,86065,32.886771626096554
GBP_USD,5m,ma_rating,6,0.1,follow,-625.8657985520434,-808.3705514795008,115750,35.036717062634985
GBP_USD,5m,ma_rating,6,0.1,fade,-577.2883339001796,-753.7172304552546,115750,36.39136069114471
GBP_USD,5m,ma_rating,6,0.3,follow,-570.7295855400439,-739.2406044409718,106116,35.071996682875344
GBP_USD,5m,ma_rating,6,0.3,fade,-525.6416306301749,-688.2730168601929,106116,36.55716385841909
GBP_USD,5m,ma_rating,6,0.5,follow,-454.5962198143777,-593.7917885428164,86063,35.20676713570292
GBP_USD,5m,ma_rating,6,0.5,fade,-416.87397113841496,-551.3115553179981,86063,37.19949339437389
GBP_USD,15m,summary,1,0.1,follow,-203.672547690514,-213.2894896872216,38307,30.681076565640748
GBP_USD,15m,summary,1,0.1,fade,-197.2322649365681,-206.68819986442705,38307,31.92627979220508
GBP_USD,15m,summary,1,0.3,follow,-163.8065653142199,-171.84954004066515,31100,31.180064308681672
GBP_USD,15m,summary,1,0.3,fade,-156.78109809237426,-164.64843613827338,31100,32.66559485530547
GBP_USD,15m,summary,1,0.5,follow,-98.00120073593187,-103.20981892127128,18887,32.00084714353788
GBP_USD,15m,summary,1,0.5,fade,-90.2278686937123,-95.2421535779962,18887,34.261661460263674
GBP_USD,15m,summary,3,0.1,follow,-205.80133630288938,-245.5163745521389,38305,37.27189661924031
GBP_USD,15m,summary,3,0.1,fade,-195.08441948290283,-234.21861915366875,38305,38.78083801070356
GBP_USD,15m,summary,3,0.3,follow,-168.06925535004848,-201.2580923791954,31099,37.38383870864015
GBP_USD,15m,summary,3,0.3,fade,-152.5095768374114,-184.88030599399124,31099,39.509308980996174
GBP_USD,15m,summary,3,0.5,follow,-104.1495884574384,-125.71821438946124,18887,37.66082490602001
GBP_USD,15m,summary,3,0.5,fade,-84.07948097220579,-104.61810787256405,18887,41.0176311748822
GBP_USD,15m,summary,6,0.1,follow,-212.55350053257806,-316.82523869467735,38302,40.28771343532975
GBP_USD,15m,summary,6,0.1,fade,-188.30436719279004,-290.44742132274064,38302,42.01869354080727
GBP_USD,15m,summary,6,0.3,follow,-173.75934927858498,-260.5988651108692,31096,40.25276562901981
GBP_USD,15m,summary,6,0.3,fade,-146.7915948484508,-231.0819444175415,31096,42.81258039619244
GBP_USD,15m,summary,6,0.5,follow,-111.47880313740356,-167.71778444852973,18885,40.23298914482393
GBP_USD,15m,summary,6,0.5,fade,-76.73120945095077,-129.78685000483864,18885,44.299708763568965
GBP_USD,15m,osc_rating,1,0.1,follow,-123.23408540718155,-129.22504502759406,22900,31.08296943231441
GBP_USD,15m,osc_rating,1,0.1,fade,-112.56178948387361,-118.28594170620342,22900,32.864628820960704
GBP_USD,15m,osc_rating,1,0.3,follow,-33.90351505761487,-35.82899970949828,6638,32.58511599879482
GBP_USD,15m,osc_rating,1,0.3,fade,-31.081708143700077,-32.93664762273561,6638,36.38144019282917
GBP_USD,15m,osc_rating,1,0.5,follow,-1.105296794809687,-1.1792466350343402,191,32.460732984293195
GBP_USD,15m,osc_rating,1,0.5,fade,-0.8082889512927183,-0.8748135954294474,191,38.7434554973822
GBP_USD,15m,osc_rating,3,0.1,follow,-129.86540137503286,-154.7122339498368,22900,37.493449781659386
GBP_USD,15m,osc_rating,3,0.1,fade,-105.93047351602233,-129.4843110293369,22900,39.45414847161572
GBP_USD,15m,osc_rating,3,0.3,follow,-36.78295729640641,-44.65956812239652,6638,37.85778849050919
GBP_USD,15m,osc_rating,3,0.3,fade,-28.20226590490854,-35.60271133920698,6638,41.20216932811088
GBP_USD,15m,osc_rating,3,0.5,follow,-0.9307640166553004,-1.2076459765662124,191,40.83769633507853
GBP_USD,15m,osc_rating,3,0.5,fade,-0.9828217294471047,-1.256543042509954,191,42.93193717277487
GBP_USD,15m,osc_rating,6,0.1,follow,-134.49133339788543,-199.5864355572735,22899,40.61312721079523
GBP_USD,15m,osc_rating,6,0.1,fade,-101.2943158710142,-162.81576062747786,22899,42.451635442595745
GBP_USD,15m,osc_rating,6,0.3,follow,-38.922901132951374,-59.2291856299011,6638,41.02139198553781
GBP_USD,15m,osc_rating,6,0.3,fade,-26.06232206836357,-45.12959814079508,6638,44.15486592347093
GBP_USD,15m,osc_rating,6,0.5,follow,-1.0778735353926001,-1.7690326329039758,191,41.8848167539267
GBP_USD,15m,osc_rating,6,0.5,fade,-0.8357122107098051,-1.5331926019173299,191,45.0261780104712
GBP_USD,15m,ma_rating,1,0.1,follow,-205.31329524546695,-214.9941590006717,38557,30.66628627745935
GBP_USD,15m,ma_rating,1,0.1,fade,-198.73217778637928,-208.2485136051069,38557,31.97862904271598
GBP_USD,15m,ma_rating,1,0.3,follow,-186.83118040088542,-195.74741163938643,35339,30.793174679532527
GBP_USD,15m,ma_rating,1,0.3,fade,-181.95495303572605,-190.74927859009807,35339,32.12597979569314
GBP_USD,15m,ma_rating,1,0.5,follow,-149.90134598624505,-157.3276924566624,28294,31.321128154379018
GBP_USD,15m,ma_rating,1,0.5,fade,-142.7150576159535,-149.96174687711354,28294,32.93631158549516
GBP_USD,15m,ma_rating,3,0.1,follow,-205.83944998546895,-245.84353636098936,38555,37.32330437037998
GBP_USD,15m,ma_rating,3,0.1,fade,-198.1869662050875,-237.7279945773156,38555,38.78096226170406
GBP_USD,15m,ma_rating,3,0.3,follow,-189.7966108259847,-226.71605693811784,35338,37.25168373988341
GBP_USD,15m,ma_rating,3,0.3,fade,-178.9806913914925,-215.37988573641357,35338,39.04861622049918
GBP_USD,15m,ma_rating,3,0.5,follow,-154.03644814563316,-184.74198121428816,28293,37.39794295408758
GBP_USD,15m,ma_rating,3,0.5,fade,-138.57112423743106,-168.42571124236954,28293,39.79429540875835
GBP_USD,15m,ma_rating,6,0.1,follow,-211.58648203737135,-316.53240244019884,38552,40.298817181987964
GBP_USD,15m,ma_rating,6,0.1,fade,-192.41204609276087,-295.6985804202519,38552,42.01338451960987
GBP_USD,15m,ma_rating,6,0.3,follow,-196.44396242857945,-293.3265498208521,35335,40.181123531908874
GBP_USD,15m,ma_rating,6,0.3,fade,-172.30545172847354,-267.20229301829636,35335,42.32913541814066
GBP_USD,15m,ma_rating,6,0.5,follow,-162.34290694296027,-242.79719570058595,28290,40.11311417462001
GBP_USD,15m,ma_rating,6,0.5,fade,-130.23677737967978,-207.8849927374797,28290,43.24142806645458
GBP_USD,30m,summary,1,0.1,follow,-104.6256231884027,-111.37751884057661,19127,34.830344539133165
GBP_USD,30m,summary,1,0.1,fade,-101.13298550724365,-107.79756521738857,19127,36.61839284780676
GBP_USD,30m,summary,1,0.3,follow,-84.63118840579453,-90.28219130434525,15602,35.239071913857195
GBP_USD,30m,summary,1,0.3,fade,-82.1736811594179,-87.76324637680922,15602,37.2516344058454
GBP_USD,30m,summary,1,0.5,follow,-51.63362318840451,-55.300707246375524,9456,35.56472081218274
GBP_USD,30m,summary,1,0.5,fade,-45.827710144926094,-49.34964637681015,9456,38.47292724196277
GBP_USD,30m,summary,3,0.1,follow,-112.23976811593877,-140.58375652173584,19125,39.70196078431373
GBP_USD,30m,summary,3,0.1,fade,-93.49982608695395,-120.95064347825831,19125,42.48888888888889
GBP_USD,30m,summary,3,0.3,follow,-90.19849275362054,-113.81104927535965,15601,39.92051791551823
GBP_USD,30m,summary,3,0.3,fade,-76.59756521738899,-99.59573333333101,15601,42.81776809178899
GBP_USD,30m,summary,3,0.5,follow,-57.753043478259535,-73.03378550724504,9455,40.47593865679534
GBP_USD,30m,summary,3,0.5,fade,-39.69947826086818,-54.07909565217252,9455,43.796932839767315
GBP_USD,30m,summary,6,0.1,follow,-121.24660869564892,-196.36336231883726,19122,42.223616776487816
GBP_USD,30m,summary,6,0.1,fade,-84.46562318840323,-156.36242318840326,19122,45.225394833176445
GBP_USD,30m,summary,6,0.3,follow,-96.49228985506967,-158.76824347825803,15600,42.12179487179487
GBP_USD,30m,summary,6,0.3,fade,-70.29495652173696,-130.33836521738917,15600,45.51923076923077
GBP_USD,30m,summary,6,0.5,follow,-60.34388405796985,-100.33312463768002,9454,42.6909244764121
GBP_USD,30m,summary,6,0.5,fade,-37.09982608695496,-74.49780869565059,9454,46.107467738523376
GBP_USD,30m,osc_rating,1,0.1,follow,-60.975072463766196,-65.16878840579517,11525,36.052060737527114
GBP_USD,30m,osc_rating,1,0.1,fade,-59.61901449275204,-63.778828985505655,11525,36.97180043383948
GBP_USD,30m,osc_rating,1,0.3,follow,-18.775652173912714,-20.213808695651846,3400,37.205882352941174
GBP_USD,30m,osc_rating,1,0.3,fade,-14.281275362318388,-15.607072463767654,3400,40.23529411764706
GBP_USD,30m,osc_rating,1,0.5,follow,-0.6439420289854729,-0.6888463768115589,89,37.07865168539326
GBP_USD,30m,osc_rating,1,0.5,fade,-0.1899130434782487,-0.2234666666666542,89,43.82022471910113
GBP_USD,30m,osc_rating,3,0.1,follow,-64.52939130434575,-81.92471884057763,11524,40.98403332176328
GBP_USD,30m,osc_rating,3,0.1,fade,-56.05588405796959,-73.13016811594063,11524,42.11211384935786
GBP_USD,30m,osc_rating,3,0.3,follow,-17.728463768115457,-23.434759420289375,3400,42.08823529411765
GBP_USD,30m,osc_rating,3,0.3,fade,-15.328463768115647,-20.829275362318544,3400,44.20588235294118
GBP_USD,30m,osc_rating,3,0.5,follow,-1.1320579710144896,-1.3133449275362272,89,35.95505617977528
GBP_USD,30m,osc_rating,3,0.5,fade,0.298202898550768,0.18476521739134932,89,52.80898876404494
GBP_USD,30m,osc_rating,6,0.1,follow,-69.63060869565031,-115.51380869565028,11521,42.965020397534936
GBP_USD,30m,osc_rating,6,0.1,fade,-50.92730434782444,-95.27066666666505,11521,45.0134536932558
GBP_USD,30m,osc_rating,6,0.3,follow,-18.814144927535892,-33.39450434782576,3400,43.85294117647059
GBP_USD,30m,osc_rating,6,0.3,fade,-14.242782608695212,-28.15026086956477,3400,45.55882352941176
GBP_USD,30m,osc_rating,6,0.5,follow,-0.6805797101449272,-1.113356521739129,89,44.9438202247191
GBP_USD,30m,osc_rating,6,0.5,fade,-0.1532753623187943,-0.4536579710144438,89,41.57303370786517
GBP_USD,30m,ma_rating,1,0.1,follow,-106.67640579709816,-113.50645797101119,19255,34.598805505063616
GBP_USD,30m,ma_rating,1,0.1,fade,-100.72069565217109,-107.40185507246095,19255,36.87353934043106
GBP_USD,30m,ma_rating,1,0.3,follow,-97.44208695651882,-103.74758260869272,17640,34.84126984126984
GBP_USD,30m,ma_rating,1,0.3,fade,-92.8238840579684,-99.01392463767854,17640,36.94444444444444
GBP_USD,30m,ma_rating,1,0.5,follow,-79.34817391304108,-84.5702144927512,14263,34.901493374465396
GBP_USD,30m,ma_rating,1,0.5,fade,-74.46144927535987,-79.56132173912799,14263,37.32033933954988
GBP_USD,30m,ma_rating,3,0.1,follow,-114.69031884057623,-143.37308985506894,19253,39.510725601205
GBP_USD,30m,ma_rating,3,0.1,fade,-92.6877681159394,-120.26941449275103,19253,42.64270503298187
GBP_USD,30m,ma_rating,3,0.3,follow,-103.96962318840278,-130.38780289854768,17638,39.67570019276562
GBP_USD,30m,ma_rating,3,0.3,fade,-86.27733333333082,-111.80873043478012,17638,42.66356729787958
GBP_USD,30m,ma_rating,3,0.5,follow,-84.61310144927289,-106.43344927535983,14262,39.75599495161969
GBP_USD,30m,ma_rating,3,0.5,fade,-69.18771014492519,-90.21919999999766,14262,43.05847707193942
GBP_USD,30m,ma_rating,6,0.1,follow,-122.2355942028952,-198.03747246376471,19250,42.11948051948052
GBP_USD,30m,ma_rating,6,0.1,fade,-85.11513043477983,-157.3605681159393,19250,45.34025974025974
GBP_USD,30m,ma_rating,6,0.3,follow,-111.40799999999695,-181.209240579707,17635,42.1321236178055
GBP_USD,30m,ma_rating,6,0.3,fade,-78.81159420289609,-145.68263188405552,17635,45.39835554295435
GBP_USD,30m,ma_rating,6,0.5,follow,-91.03002898550464,-148.43107246376547,14261,42.06577378865437
GBP_USD,30m,ma_rating,6,0.5,fade,-62.761971014490506,-117.63829565217166,14261,45.585863543931
GBP_USD,1h,summary,1,0.1,follow,-59.826592264766475,-64.67107562054865,9654,37.09343277397969
GBP_USD,1h,summary,1,0.1,fade,-50.5480084664216,-55.16052722724517,9654,40.19059457219805
GBP_USD,1h,summary,1,0.3,follow,-48.292091591301336,-52.32474504521706,7938,37.07482993197279
GBP_USD,1h,summary,1,0.3,fade,-41.65687896863448,-45.52365210698351,7938,40.488788107835724
GBP_USD,1h,summary,1,0.5,follow,-27.62586107369574,-30.179041754857955,4809,38.095238095238095
GBP_USD,1h,summary,1,0.5,fade,-25.62901674042649,-28.13227631325698,4809,40.94406321480557
GBP_USD,1h,summary,3,0.1,follow,-61.57983451991371,-81.79515874542844,9652,41.804807293825114
GBP_USD,1h,summary,3,0.1,fade,-48.775832210889504,-68.16137386953876,9652,44.550352258599254
GBP_USD,1h,summary,3,0.3,follow,-51.884933615546075,-68.77595535885955,7936,41.48185483870967
GBP_USD,1h,summary,3,0.3,fade,-38.045102944004874,-54.24211275735875,7936,45.27469758064516
GBP_USD,1h,summary,3,0.5,follow,-28.930921685587244,-39.5811237252255,4809,42.08775213142025
GBP_USD,1h,summary,3,0.5,fade,-24.323956128534988,-34.67680200115381,4809,45.35246412975671
GBP_USD,1h,summary,6,0.1,follow,-56.60642678468208,-109.67044063882872,9649,44.11856150896466
GBP_USD,1h,summary,6,0.1,fade,-53.721531652875036,-105.3609236097733,9649,46.14986008912841
GBP_USD,1h,summary,6,0.3,follow,-47.86723109486123,-92.14597267654298,7933,43.71612252615656
GBP_USD,1h,summary,6,0.3,fade,-42.03509717144362,-84.92016932845729,7933,46.91793772847599
GBP_USD,1h,summary,6,0.5,follow,-25.12126226669174,-52.95394265922591,4809,44.27115824495737
GBP_USD,1h,summary,6,0.5,fade,-28.13361554743049,-55.78373292283938,4809,47.28633811603244
GBP_USD,1h,osc_rating,1,0.1,follow,-35.54119684433239,-38.51744852799604,5821,37.55368493386016
GBP_USD,1h,osc_rating,1,0.1,fade,-29.886395997689963,-32.72127766018756,5821,40.5256828723587
GBP_USD,1h,osc_rating,1,0.3,follow,-11.501712526457448,-12.551926111217895,1720,37.03488372093023
GBP_USD,1h,osc_rating,1,0.3,fade,-6.3632095439672325,-7.284960554165423,1720,44.360465116279066
GBP_USD,1h,osc_rating,1,0.5,follow,-0.9025976524918136,-0.9558091206465184,53,30.18867924528302
GBP_USD,1h,osc_rating,1,0.5,fade,0.395074081200702,0.37430440638831036,53,62.264150943396224
GBP_USD,1h,osc_rating,3,0.1,follow,-33.323840677313015,-45.52989801808655,5820,42.85223367697594
GBP_USD,1h,osc_rating,3,0.1,fade,-32.09359245718576,-44.06025014431295,5820,43.81443298969072
GBP_USD,1h,osc_rating,3,0.3,follow,-9.80365595535883,-14.025949586299776,1720,43.02325581395349
GBP_USD,1h,osc_rating,3,0.3,fade,-8.061266115065848,-11.97428901289151,1720,45.93023255813954
GBP_USD,1h,osc_rating,3,0.5,follow,-0.6973253800269438,-0.8705714835482053,53,43.39622641509434
GBP_USD,1h,osc_rating,3,0.5,fade,0.18980180873583227,0.1022782374447044,53,49.056603773584904
GBP_USD,1h,osc_rating,6,0.1,follow,-27.432826630747748,-59.20911294977799,5818,45.03265727053971
GBP_USD,1h,osc_rating,6,0.1,fade,-37.96567250336618,-70.04825091398769,5818,45.68580268133379
GBP_USD,1h,osc_rating,6,0.3,follow,-7.780950548393178,-18.37662497594757,1720,44.651162790697676
GBP_USD,1h,osc_rating,6,0.3,fade,-10.083971522031499,-20.410205888011863,1720,47.26744186046511
GBP_USD,1h,osc_rating,6,0.5,follow,-1.148277852607254,-1.584995189532401,53,35.84905660377358
GBP_USD,1h,osc_rating,6,0.5,fade,0.6407542813161424,0.4182451414277477,53,49.056603773584904
GBP_USD,1h,ma_rating,1,0.1,follow,-60.40477198383517,-65.27632865114322,9725,37.05912596401028
GBP_USD,1h,ma_rating,1,0.1,fade,-50.38637675581936,-55.00747354242702,9725,40.15424164524421
GBP_USD,1h,ma_rating,1,0.3,follow,-55.41820280931154,-59.91678275928268,8970,37.05685618729097
GBP_USD,1h,ma_rating,1,0.3,fade,-46.97871849143606,-51.26631133346031,8970,40.245261984392414
GBP_USD,1h,ma_rating,1,0.5,follow,-42.807004040791625,-46.446165095246116,7181,37.376409970756164
GBP_USD,1h,ma_rating,1,0.5,fade,-38.99942274388958,-42.54339426592152,7181,40.32864503551038
GBP_USD,1h,ma_rating,3,0.1,follow,-62.44733500096056,-82.86553011352551,9723,41.82865370770338
GBP_USD,1h,ma_rating,3,0.1,fade,-48.32487973830912,-67.80389070617521,9723,44.55414995371799
GBP_USD,1h,ma_rating,3,0.3,follow,-58.09020588801084,-76.9062151241086,8968,41.570026761819804
GBP_USD,1h,ma_rating,3,0.3,fade,-44.28778141235191,-62.311991533575714,8968,44.87065120428189
GBP_USD,1h,ma_rating,3,0.5,follow,-45.63348085433792,-60.89161824129194,7180,41.448467966573816
GBP_USD,1h,ma_rating,3,0.5,fade,-36.162786222819705,-50.9411083317287,7180,45.32033426183844
GBP_USD,1h,ma_rating,6,0.1,follow,-58.465653261495696,-112.12957475466487,9720,44.17695473251029
GBP_USD,1h,ma_rating,6,0.1,fade,-52.278853184527875,-104.16133923417193,9720,46.19341563786008
GBP_USD,1h,ma_rating,6,0.3,follow,-55.17690975562693,-104.62630748508627,8965,43.81483547127719
GBP_USD,1h,ma_rating,6,0.3,fade,-47.17336925148971,-94.99402732345432,8965,46.53653095370886
GBP_USD,1h,ma_rating,6,0.5,follow,-41.525957283046864,-81.57042139695876,7178,43.74477570353859
GBP_USD,1h,ma_rating,6,0.5,fade,-40.251837598613356,-79.49803732922719,7178,46.96294232376707
GBP_USD,2h,summary,1,0.1,follow,-30.785346307955596,-34.21571837435514,4838,39.10706903679206
GBP_USD,2h,summary,1,0.1,fade,-24.103262736118257,-27.366582713221867,4838,43.881769326167834
GBP_USD,2h,summary,1,0.3,follow,-23.60755580995927,-26.438111047509352,4000,39.7
GBP_USD,2h,summary,1,0.3,fade,-20.674985689753175,-23.432226674298114,4000,43.375
GBP_USD,2h,summary,1,0.5,follow,-13.104751001716913,-14.850452203777587,2434,39.93426458504519
GBP_USD,2h,summary,1,0.5,fade,-14.15340583857999,-15.925323411562244,2434,43.59079704190633
GBP_USD,2h,summary,3,0.1,follow,-29.53062392673069,-43.87250143102378,4836,43.65177832919768
GBP_USD,2h,summary,3,0.1,fade,-25.338752146536052,-39.22512879221437,4836,46.443341604631925
GBP_USD,2h,summary,3,0.3,follow,-23.78156840297588,-35.72348025185969,3999,43.960990247561895
GBP_USD,2h,summary,3,0.3,fade,-20.49089868345665,-32.21248998282701,3999,46.48662165541385
GBP_USD,2h,summary,3,0.5,follow,-11.079107040640816,-18.37292501430997,2434,43.83730484798685
GBP_USD,2h,summary,3,0.5,fade,-16.179049799656088,-23.713543216942863,2434,46.589975349219394
GBP_USD,2h,summary,6,0.1,follow,-31.309444762449175,-69.23868345735475,4833,44.89964825160356
GBP_USD,2h,summary,6,0.1,fade,-23.534287349741437,-60.53101316542549,4833,48.62404303745086
GBP_USD,2h,summary,6,0.3,follow,-26.845563823697212,-58.596634230108236,3996,44.41941941941942
GBP_USD,2h,summary,6,0.3,fade,-17.40125930165919,-48.49303949627855,3996,49.32432432432432
GBP_USD,2h,summary,6,0.5,follow,-14.873497424155442,-34.2674298797937,2434,44.3303204601479
GBP_USD,2h,summary,6,0.5,fade,-12.384659416141462,-32.01819118488788,2434,49.30156121610518
GBP_USD,2h,osc_rating,1,0.1,follow,-19.721121923296607,-21.911493989696147,2993,39.22485800200467
GBP_USD,2h,osc_rating,1,0.1,fade,-13.890326273611393,-15.934928448768805,2993,44.13631807550952
GBP_USD,2h,osc_rating,1,0.3,follow,-6.53073840870054,-7.253268460217425,935,38.39572192513369
GBP_USD,2h,osc_rating,1,0.3,fade,-3.4397252432740286,-4.08497996565525,935,46.20320855614973
GBP_USD,2h,osc_rating,3,0.1,follow,-16.97195191757263,-25.899851173439842,2992,44.15106951871658
GBP_USD,2h,osc_rating,3,0.1,fade,-16.629421866055452,-25.439187178018816,2992,45.82219251336899
GBP_USD,2h,osc_rating,3,0.3,follow,-5.291127647395537,-8.200160274756735,935,45.13368983957219
GBP_USD,2h,osc_rating,3,0.3,fade,-4.679336004579034,-7.473749284487442,935,46.524064171122994
GBP_USD,2h,osc_rating,6,0.1,follow,-18.185460789925244,-41.63262736119029,2989,45.299431247909
GBP_USD,2h,osc_rating,6,0.1,fade,-15.390269032626714,-38.604144247280395,2989,47.90899966543994
GBP_USD,2h,osc_rating,6,0.3,follow,-6.696050372066356,-14.111974813966773,934,43.79014989293361
GBP_USD,2h,osc_rating,6,0.3,fade,-3.2661705781337385,-10.46920435031461,934,49.57173447537473
GBP_USD,2h,ma_rating,1,0.1,follow,-31.311963365768992,-34.78651402404032,4873,39.42130104658321
GBP_USD,2h,ma_rating,1,0.1,fade,-23.68151116199118,-26.965300515168057,4873,43.730761337984816
GBP_USD,2h,ma_rating,1,0.3,follow,-27.115741270749165,-30.276485403548246,4468,39.57027752909579
GBP_USD,2h,ma_rating,1,0.3,fade,-22.89318832283838,-25.948368631939697,4468,43.57654431512981
GBP_USD,2h,ma_rating,1,0.5,follow,-21.1814539210069,-23.76240412135035,3654,39.6551724137931
GBP_USD,2h,ma_rating,1,0.5,fade,-19.335546651401728,-21.870349170005046,3654,43.732895457033386
GBP_USD,2h,ma_rating,3,0.1,follow,-32.11471093302715,-46.7582026330844,4871,43.46130158078424
GBP_USD,2h,ma_rating,3,0.1,fade,-22.859530623925906,-36.82736119061167,4871,46.602340381851775
GBP_USD,2h,ma_rating,3,0.3,follow,-25.385918717801236,-38.63991986262095,4466,43.90953873712494
GBP_USD,2h,ma_rating,3,0.3,fade,-24.60377790497919,-37.587510017171525,4466,46.171070309001344
GBP_USD,2h,ma_rating,3,0.5,follow,-20.39015455065776,-31.305998855179812,3654,43.951833607006016
GBP_USD,2h,ma_rating,3,0.5,fade,-20.12684602175086,-30.930326273611197,3654,46.36015325670498
GBP_USD,2h,ma_rating,6,0.1,follow,-33.103148254149176,-71.79188322839076,4868,44.638455217748565
GBP_USD,2h,ma_rating,6,0.1,fade,-21.845449341727754,-59.13998855180219,4868,48.93179950698438
GBP_USD,2h,ma_rating,6,0.3,follow,-27.275100171722293,-62.370417859186546,4463,44.857719023078644
GBP_USD,2h,ma_rating,6,0.3,fade,-22.688952489982007,-57.3923640526609,4463,48.801254761371275
GBP_USD,2h,ma_rating,6,0.5,follow,-25.326846021751102,-54.48919290211748,3654,44.3623426382047
GBP_USD,2h,ma_rating,6,0.5,fade,-15.190154550657523,-43.89219232970732,3654,49.42528735632184
GBP_USD,4h,summary,1,0.1,follow,-13.821838649155191,-16.22958348968052,2458,42.39218877135883
GBP_USD,4h,summary,1,0.1,fade,-10.196622889305333,-12.513737335834413,2458,46.01301871440195
GBP_USD,4h,summary,1,0.3,follow,-12.271744840524978,-14.310517823639424,2049,42.06930209858468
GBP_USD,4h,summary,1,0.3,fade,-7.79909943714783,-9.726056285177846,2049,46.46168862859932
GBP_USD,4h,summary,1,0.5,follow,-4.780187617260614,-5.939752345215586,1213,43.85820280296785
GBP_USD,4h,summary,1,0.5,fade,-7.04060037523428,-8.256675422138592,1213,45.67188788128607
GBP_USD,4h,summary,3,0.1,follow,-15.844052532832498,-26.10645028142537,2456,44.991856677524424
GBP_USD,4h,summary,3,0.1,fade,-8.157298311444153,-18.029527204502315,2456,49.63355048859935
GBP_USD,4h,summary,3,0.3,follow,-13.369981238273581,-22.022138836772648,2049,44.558321132259636
GBP_USD,4h,summary,3,0.3,fade,-6.700863039399224,-14.995575984990221,2049,50.07320644216691
GBP_USD,4h,summary,3,0.5,follow,-5.098536585365717,-10.061031894934201,1213,45.42456718878813
GBP_USD,4h,summary,3,0.5,fade,-6.722251407129177,-11.828420262663881,1213,49.134377576257215
GBP_USD,4h,summary,6,0.1,follow,-23.571332082551148,-51.442716697935765,2453,45.86220953933958
GBP_USD,4h,summary,6,0.1,fade,-0.403902439023814,-26.591887429642952,2453,51.08030982470444
GBP_USD,4h,summary,6,0.3,follow,-21.383864915571987,-45.03618011257012,2046,45.50342130987292
GBP_USD,4h,summary,6,0.3,fade,1.33913696060087,-20.67624765478374,2046,51.515151515151516
GBP_USD,4h,summary,6,0.5,follow,-7.06356472795496,-20.685444652908075,1213,47.23825226710635
GBP_USD,4h,summary,6,0.5,fade,-4.757223264539932,-18.438281425890764,1213,50.206100577081614
GBP_USD,4h,osc_rating,1,0.1,follow,-7.081575984990356,-8.540566604127314,1520,42.96052631578947
GBP_USD,4h,osc_rating,1,0.1,fade,-7.663339587241713,-9.136874296434959,1520,45.85526315789474
GBP_USD,4h,osc_rating,1,0.3,follow,-2.819437148217555,-3.3239774859286246,463,41.46868250539957
GBP_USD,4h,osc_rating,1,0.3,fade,-1.592420262664054,-2.0662851782362868,463,47.94816414686825
GBP_USD,4h,osc_rating,3,0.1,follow,-7.716697936209888,-13.925133208254922,1518,45.65217391304348
GBP_USD,4h,osc_rating,3,0.1,fade,-7.011106941838301,-13.301864915571885,1518,48.484848484848484
GBP_USD,4h,osc_rating,3,0.3,follow,-4.0284427767353606,-6.134172607879827,462,42.857142857142854
GBP_USD,4h,osc_rating,3,0.3,fade,-0.3753095684802038,-2.3969831144464324,462,51.082251082251084
GBP_USD,4h,osc_rating,6,0.1,follow,-7.198424015009248,-24.127767354596504,1515,48.976897689768975
GBP_USD,4h,osc_rating,6,0.1,fade,-7.503264540337254,-24.581999999999542,1515,47.98679867986799
GBP_USD,4h,osc_rating,6,0.3,follow,-2.442326454033803,-7.959478424015053,461,49.67462039045553
GBP_USD,4h,osc_rating,6,0.3,fade,-1.952420262663937,-7.336930581613279,461,47.288503253796094
GBP_USD,4h,ma_rating,1,0.1,follow,-14.637973733582987,-17.101215759849403,2504,42.57188498402556
GBP_USD,4h,ma_rating,1,0.1,fade,-9.783489681050185,-12.125369606003282,2504,45.88658146964856
GBP_USD,4h,ma_rating,1,0.3,follow,-13.321801125703127,-15.58565853658493,2293,42.47710423026603
GBP_USD,4h,ma_rating,1,0.3,fade,-9.126078799249123,-11.285043151969573,2293,46.05320540776275
GBP_USD,4h,ma_rating,1,0.5,follow,-10.95962476547813,-12.792540337710776,1853,42.41770102536427
GBP_USD,4h,ma_rating,1,0.5,fade,-7.1074671669790686,-8.844078799249237,1853,46.84295736643281
GBP_USD,4h,ma_rating,3,0.1,follow,-18.001801125703054,-28.536225140712435,2502,44.68425259792166
GBP_USD,4h,ma_rating,3,0.1,fade,-6.402551594746244,-16.34226641650985,2502,49.64028776978417
GBP_USD,4h,ma_rating,3,0.3,follow,-16.329455909943277,-26.058810506566164,2293,44.483209768861755
GBP_USD,4h,ma_rating,3,0.3,fade,-6.118424015008974,-15.317155722326055,2293,49.934583515045794
GBP_USD,4h,ma_rating,3,0.5,follow,-12.56240150093781,-20.444814258911546,1853,44.252563410685376
GBP_USD,4h,ma_rating,3,0.5,fade,-5.504690431519387,-13.008562851782054,1853,50.242849433351324
GBP_USD,4h,ma_rating,6,0.1,follow,-24.9507692307688,-53.53299061913654,2499,45.69827931172469
GBP_USD,4h,ma_rating,6,0.1,fade,0.5725328330211922,-25.90659287054354,2499,51.140456182472995
GBP_USD,4h,ma_rating,6,0.3,follow,-24.702889305815766,-51.131538461538106,2290,45.45851528384279
GBP_USD,4h,ma_rating,6,0.3,fade,2.2811257035652046,-22.06653658536538,2290,51.52838427947598
GBP_USD,4h,ma_rating,6,0.5,follow,-20.55917448405234,-42.10255159474654,1852,44.87041036717063
GBP_USD,4h,ma_rating,6,0.5,fade,2.5001876172611865,-17.330465290806355,1852,52.26781857451404
GBP_USD,1d,summary,1,0.1,follow,-4.423552123552092,-5.402220077220046,485,42.88659793814433
GBP_USD,1d,summary,1,0.1,fade,-1.729343629343574,-2.6406563706563158,485,46.8041237113402
GBP_USD,1d,summary,1,0.3,follow,-3.6194980694980425,-4.4221332046331785,406,42.364532019704434
GBP_USD,1d,summary,1,0.3,fade,-1.5214285714285252,-2.2716119691119236,406,46.30541871921182
GBP_USD,1d,summary,1,0.5,follow,-2.4100386100385767,-2.92035714285711,238,42.857142857142854
GBP_USD,1d,summary,1,0.5,fade,-0.5436293436293003,-1.0072876447876014,238,45.79831932773109
GBP_USD,1d,summary,3,0.1,follow,-6.326447876447855,-10.425501930501913,483,46.3768115942029
GBP_USD,1d,summary,3,0.1,fade,0.18899613899621007,-3.5977316602315916,483,49.4824016563147
GBP_USD,1d,summary,3,0.3,follow,-5.522779922779909,-8.911785714285703,404,46.78217821782179
GBP_USD,1d,summary,3,0.3,fade,0.39729729729736174,-2.6907142857142228,404,49.504950495049506
GBP_USD,1d,summary,3,0.5,follow,-4.654247104247079,-6.836515444015419,238,44.537815126050425
GBP_USD,1d,summary,3,0.5,fade,1.7005791505792027,-0.1773745173744671,238,52.52100840336135
GBP_USD,1d,summary,6,0.1,follow,-10.003861003860969,-20.544218146718123,480,47.5
GBP_USD,1d,summary,6,0.1,fade,3.8988416988417653,-5.672731660231599,480,50.0
GBP_USD,1d,summary,6,0.3,follow,-6.425289575289548,-14.971698841698824,401,48.37905236907731
GBP_USD,1d,summary,6,0.3,fade,1.3322393822394418,-6.554102316602261,401,49.12718204488778
GBP_USD,1d,summary,6,0.5,follow,-5.877799227799203,-11.327683397683376,236,46.61016949152542
GBP_USD,1d,summary,6,0.5,fade,2.949613899613955,-1.6076833976833422,236,50.42372881355932
GBP_USD,1d,osc_rating,1,0.1,follow,-2.603861003861023,-3.2457335907336105,310,43.225806451612904
GBP_USD,1d,osc_rating,1,0.1,fade,-1.1432432432432273,-1.7486003861003703,310,46.45161290322581
GBP_USD,1d,osc_rating,1,0.3,follow,-1.0793436293436445,-1.2960907335907492,109,42.201834862385326
GBP_USD,1d,osc_rating,1,0.3,fade,-0.06042471042472033,-0.2516988416988518,109,50.45871559633027
GBP_USD,1d,osc_rating,3,0.1,follow,-3.405019305019334,-6.070444015444046,309,45.307443365695796
GBP_USD,1d,osc_rating,3,0.1,fade,-0.3343629343629002,-2.8429440154439805,309,50.48543689320388
GBP_USD,1d,osc_rating,3,0.3,follow,-1.6841698841698713,-2.590328185328171,109,44.95412844036697
GBP_USD,1d,osc_rating,3,0.3,fade,0.5444015444015058,-0.22391891891895896,109,53.21100917431193
GBP_USD,1d,osc_rating,6,0.1,follow,-0.6918918918918929,-7.275550193050203,306,51.9607843137255
GBP_USD,1d,osc_rating,6,0.1,fade,-3.015057915057901,-9.584922779922769,306,46.40522875816993
GBP_USD,1d,osc_rating,6,0.3,follow,-0.4812741312741505,-2.7395752895753085,108,56.481481481481474
GBP_USD,1d,osc_rating,6,0.3,fade,-0.6403474903474977,-2.622442084942093,108,41.66666666666667
GBP_USD,1d,ma_rating,1,0.1,follow,-4.852702702702653,-5.860376447876399,489,42.944785276073624
GBP_USD,1d,ma_rating,1,0.1,fade,-1.3245173745173242,-2.2439864864864365,489,46.830265848670756
GBP_USD,1d,ma_rating,1,0.3,follow,-3.5714285714285423,-4.469498069498042,454,42.51101321585903
GBP_USD,1d,ma_rating,1,0.3,fade,-2.1563706563706075,-3.0190637065636587,454,46.69603524229075
GBP_USD,1d,ma_rating,1,0.5,follow,-3.6316602316602022,-4.388407335907309,369,42.54742547425474
GBP_USD,1d,ma_rating,1,0.5,fade,-0.9957528957528733,-1.6866023166022956,369,46.34146341463415
GBP_USD,1d,ma_rating,3,0.1,follow,-7.7100386100385645,-11.952306949806907,487,45.58521560574948
GBP_USD,1d,ma_rating,3,0.1,fade,1.548262548262609,-2.2507142857142286,487,50.308008213552355
GBP_USD,1d,ma_rating,3,0.3,follow,-4.884362934362915,-8.611592664092651,452,46.68141592920354
GBP_USD,1d,ma_rating,3,0.3,fade,-0.8279922779922112,-4.3842953667953015,452,49.336283185840706
GBP_USD,1d,ma_rating,3,0.5,follow,-6.1774131274131125,-9.361505791505778,367,46.59400544959128
GBP_USD,1d,ma_rating,3,0.5,fade,1.565444015444056,-1.2477799227798871,367,49.863760217983646
GBP_USD,1d,ma_rating,6,0.1,follow,-11.232818532818477,-22.168590733590687,484,46.90082644628099
GBP_USD,1d,ma_rating,6,0.1,fade,5.103474903474963,-4.4810714285713775,484,50.6198347107438
GBP_USD,1d,ma_rating,6,0.3,follow,-8.790926640926612,-18.384459459459443,449,47.66146993318486
GBP_USD,1d,ma_rating,6,0.3,fade,3.111003861003925,-5.774208494208436,449,49.88864142538976
GBP_USD,1d,ma_rating,6,0.5,follow,-8.788416988416957,-16.819063706563682,364,46.97802197802198
GBP_USD,1d,ma_rating,6,0.5,fade,4.208880308880341,-2.7607239382239133,364,50.54945054945055
