n_events,fill_rate,tp_rate,total_pnl,ppd,ev_per_day,pair,thr,peak_bars,sd,tp
18757,100.0,73.98837767233172,-76986.7318725586,-201.82953600120226,49.17362400889164,GBP_JPY,2.0,10,0,5
18757,100.0,60.34547102414777,-74478.7632446289,-195.25460896937892,49.17362400889164,GBP_JPY,2.0,10,0,8
18757,100.0,51.99658794049944,-74384.78118896484,-195.0082242453395,49.17362400889164,GBP_JPY,2.0,10,0,10
18757,100.0,35.67734712373857,-73757.56713867188,-193.36391076865343,49.17362400889164,GBP_JPY,2.0,10,0,15
18757,100.0,23.91640454230293,-73611.32629394531,-192.9805236431362,49.17362400889164,GBP_JPY,2.0,10,0,20
18757,99.98933731406942,92.05545187949389,-9599.054565428332,-25.165021061001628,49.17362400889164,GBP_JPY,2.0,10,1,5
18757,99.98933731406942,79.11490269261108,1269.0739746129375,3.3270227897364335,49.17362400889164,GBP_JPY,2.0,10,1,8
18757,99.98933731406942,70.43988269794346,7373.705688481605,19.331014078883612,49.17362400889164,GBP_JPY,2.0,10,1,10
18757,99.98933731406942,50.41322314049318,11649.81231690299,30.541317409262803,49.17362400889164,GBP_JPY,2.0,10,1,15
18757,99.98933731406942,35.473207144759506,14592.596252452411,38.25616257566008,49.17362400889164,GBP_JPY,2.0,10,1,20
18757,99.93602388441649,88.33822352626896,-22801.32708740458,-59.776290723452,49.17362400889164,GBP_JPY,2.0,10,2,5
18757,99.93602388441649,74.8252867431275,-13771.304016118109,-36.10305090370162,49.17362400889164,GBP_JPY,2.0,10,2,8
18757,99.93602388441649,65.64950653507252,-10867.696350104245,-28.490910815313224,49.17362400889164,GBP_JPY,2.0,10,2,10
18757,99.93602388441649,46.90317417977877,-6994.6706543070595,-18.337330320462943,49.17362400889164,GBP_JPY,2.0,10,2,15
18757,99.93602388441649,33.03814350493289,-3278.6817016729983,-8.595439635490806,49.17362400889164,GBP_JPY,2.0,10,2,20
18757,99.66412539318654,84.2516315395269,-36324.73529052768,-95.22945435831558,49.17362400889164,GBP_JPY,2.0,10,3,5
18757,99.66412539318654,70.66973360436126,-28584.69079589906,-74.938041137067,49.17362400889164,GBP_JPY,2.0,10,3,8
18757,99.66412539318654,61.848721514921266,-27114.59405517659,-71.0840141399468,49.17362400889164,GBP_JPY,2.0,10,3,10
18757,99.66412539318654,44.11040975713897,-22862.40301513791,-59.93640826390905,49.17362400889164,GBP_JPY,2.0,10,3,15
18757,99.66412539318654,30.544559751790384,-21041.576721192883,-55.162903568917514,49.17362400889164,GBP_JPY,2.0,10,3,20
18757,96.00682411899557,77.88760550865848,-53184.814147953744,-139.4300823102979,49.17362400889164,GBP_JPY,2.0,10,5,5
18757,96.00682411899557,64.20479786761084,-48991.70416260498,-128.43736418653245,49.17362400889164,GBP_JPY,2.0,10,5,8
18757,96.00682411899557,56.12505553087205,-47571.99035645429,-124.71542182347403,49.17362400889164,GBP_JPY,2.0,10,5,10
18757,96.00682411899557,39.610173256328316,-44299.01092530533,-116.13493134332502,49.17362400889164,GBP_JPY,2.0,10,5,15
18757,96.00682411899557,27.44891159484521,-41977.5839233547,-110.04904455130024,49.17362400889164,GBP_JPY,2.0,10,5,20
18446,100.0,74.02688929848888,-75179.18853759766,-197.09085410467577,48.358301885590194,GBP_JPY,2.0,22,0,5
18446,100.0,60.121435541577576,-74940.90545654297,-196.46616771370367,48.358301885590194,GBP_JPY,2.0,22,0,8
18446,100.0,51.79442697603535,-74618.10852050781,-195.61991857131338,48.358301885590194,GBP_JPY,2.0,22,0,10
18446,100.0,35.30304673099668,-74761.62292480469,-195.99615802094576,48.358301885590194,GBP_JPY,2.0,22,0,15
18446,100.0,24.059416675700746,-72961.72088623047,-191.2775086581646,48.358301885590194,GBP_JPY,2.0,22,0,20
18446,99.99457877046514,94.30197885605344,-1643.6861572256066,-4.309111536174864,48.358301885590194,GBP_JPY,2.0,22,1,5
18446,99.99457877046514,82.09270805095787,12407.113464358474,32.52666911190599,48.358301885590194,GBP_JPY,2.0,22,1,8
18446,99.99457877046514,73.55923014366638,18140.516784672403,47.557442645224114,48.358301885590194,GBP_JPY,2.0,22,1,10
18446,99.99457877046514,53.72729737055821,26425.1898193437,69.27666196833174,48.358301885590194,GBP_JPY,2.0,22,1,15
18446,99.99457877046514,37.80428300352194,29925.370300303402,78.45278602516245,48.358301885590194,GBP_JPY,2.0,22,1,20
18446,99.97289385232571,90.5211214142351,-13779.889160158038,-36.125557842182275,48.358301885590194,GBP_JPY,2.0,22,2,5
18446,99.97289385232571,77.92419066210738,-2949.784118656509,-7.733196948244121,48.358301885590194,GBP_JPY,2.0,22,2,8
18446,99.97289385232571,68.90624152702843,1837.2111816347583,4.816459554866936,48.358301885590194,GBP_JPY,2.0,22,2,10
18446,99.97289385232571,49.9051027601513,8480.990356435861,22.23388766915887,48.358301885590194,GBP_JPY,2.0,22,2,15
18446,99.97289385232571,35.399381812264224,12315.178283679219,32.285650505097266,48.358301885590194,GBP_JPY,2.0,22,2,20
18446,99.78857204814052,86.8528277285768,-26363.98773193387,-69.11621368583185,48.358301885590194,GBP_JPY,2.0,22,3,5
18446,99.78857204814052,73.71108817297366,-17486.58337402399,-45.84308130481375,48.358301885590194,GBP_JPY,2.0,22,3,8
18446,99.78857204814052,65.10566632259113,-13463.286499024169,-35.29554770096505,48.358301885590194,GBP_JPY,2.0,22,3,10
18446,99.78857204814052,46.694192426791616,-8019.532714844866,-21.024123604349708,48.358301885590194,GBP_JPY,2.0,22,3,15
18446,99.78857204814052,33.02547943716885,-4295.336059571714,-11.260715486763003,48.358301885590194,GBP_JPY,2.0,22,3,20
18446,97.21890924861759,80.13160095912116,-46842.209472660295,-122.80221764431091,48.358301885590194,GBP_JPY,2.0,22,5,5
18446,97.21890924861759,66.82652093904719,-39988.80810547552,-104.8352409416416,48.358301885590194,GBP_JPY,2.0,22,5,8
18446,97.21890924861759,58.813360843135065,-37543.219909676365,-98.42385135797625,48.358301885590194,GBP_JPY,2.0,22,5,10
18446,97.21890924861759,41.70523615680356,-33129.54956055876,-86.85290897664113,48.358301885590194,GBP_JPY,2.0,22,5,15
18446,97.21890924861759,29.671555233367,-29148.64715577606,-76.41651733251483,48.358301885590194,GBP_JPY,2.0,22,5,20
17864,100.0,73.91401701746115,-73668.63830566406,-193.1307736466256,46.8325222207624,GBP_JPY,2.0,44,0,5
17864,100.0,60.05933721450627,-73890.26867675781,-193.7118030509608,46.8325222207624,GBP_JPY,2.0,44,0,8
17864,100.0,51.4330497089089,-74858.49334716797,-196.25011492913333,46.8325222207624,GBP_JPY,2.0,44,0,10
17864,100.0,34.93618450514806,-74786.36260986328,-196.06101593911868,46.8325222207624,GBP_JPY,2.0,44,0,15
17864,100.0,23.63412449619214,-74615.29327392578,-195.6125380799279,46.8325222207624,GBP_JPY,2.0,44,0,20
17864,99.99440214957457,95.44869282874683,2304.4392700202707,6.041351506920163,46.8325222207624,GBP_JPY,2.0,44,1,5
17864,99.99440214957457,85.53994289872443,24370.607788088288,63.89033983257556,46.8325222207624,GBP_JPY,2.0,44,1,8
17864,99.99440214957457,77.69691541174059,33517.35864258175,87.86959490651435,46.8325222207624,GBP_JPY,2.0,44,1,10
17864,99.99440214957457,57.39237530089809,41900.98089600301,109.84822094065169,46.8325222207624,GBP_JPY,2.0,44,1,15
17864,99.99440214957457,40.87219392039182,45224.74194336898,118.56184124446222,46.8325222207624,GBP_JPY,2.0,44,1,20
17864,99.96081504702194,92.56314050511885,-6826.3732299818275,-17.896119345070616,46.8325222207624,GBP_JPY,2.0,44,2,5
17864,99.96081504702194,81.88945511563634,12004.221740719346,31.470442309404266,46.8325222207624,GBP_JPY,2.0,44,2,8
17864,99.96081504702194,73.19258554068023,17623.741699213853,46.20265756501397,46.8325222207624,GBP_JPY,2.0,44,2,10
17864,99.96081504702194,53.67642941143228,25015.577941886066,65.58120296846131,46.8325222207624,GBP_JPY,2.0,44,2,15
17864,99.96081504702194,38.158705269640016,28142.95782469573,73.77998755502921,46.8325222207624,GBP_JPY,2.0,44,2,20
17864,99.85445588893865,89.40464177597885,-16236.771850586152,-42.56655723723832,46.8325222207624,GBP_JPY,2.0,44,3,5
17864,99.85445588893865,77.8058078259851,-1335.1458740238872,-3.5002378422068365,46.8325222207624,GBP_JPY,2.0,44,3,8
17864,99.85445588893865,69.17815898642957,3179.7289428704685,8.3360236438078,46.8325222207624,GBP_JPY,2.0,44,3,10
17864,99.85445588893865,50.252270433902325,8910.65319824118,23.36029802441433,46.8325222207624,GBP_JPY,2.0,44,3,15
17864,99.85445588893865,35.49725305527326,11578.455993651036,30.354248634392167,46.8325222207624,GBP_JPY,2.0,44,3,20
17864,97.87841468875952,83.63168430082449,-32965.46356201498,-86.42273873633003,46.8325222207624,GBP_JPY,2.0,44,5,5
17864,97.87841468875952,70.57477838146579,-24660.152893072256,-64.6494154910549,46.8325222207624,GBP_JPY,2.0,44,5,8
17864,97.87841468875952,62.17901058049401,-23098.732299812207,-60.55597255387356,46.8325222207624,GBP_JPY,2.0,44,5,10
17864,97.87841468875952,44.63826136688335,-18079.133605968036,-47.39651961115261,46.8325222207624,GBP_JPY,2.0,44,5,15
17864,97.87841468875952,31.76436945953493,-14528.204345716687,-38.087351816421496,46.8325222207624,GBP_JPY,2.0,44,5,20
16125,100.0,75.01395348836743,-68052.0053100586,-178.4061268949149,42.273534528089655,GBP_JPY,2.5,10,0,5
16125,100.0,61.39534883720549,-66643.30596923828,-174.71306021436516,42.273534528089655,GBP_JPY,2.5,10,0,8
16125,100.0,53.30232558139204,-66078.72772216797,-173.23295367040637,42.273534528089655,GBP_JPY,2.5,10,0,10
16125,100.0,36.81240310077291,-66206.16394042969,-173.56704231368178,42.273534528089655,GBP_JPY,2.5,10,0,15
16125,100.0,24.768992248060478,-66039.35729980469,-173.1297395985205,42.273534528089655,GBP_JPY,2.5,10,0,20
16125,99.98139534883721,93.25145763552331,-7608.727233885729,-19.947149980557178,42.273534528089655,GBP_JPY,2.5,10,1,5
16125,99.98139534883721,80.72819749410242,1263.801086428607,3.313199309381516,42.273534528089655,GBP_JPY,2.5,10,1,8
16125,99.98139534883721,72.29872224289342,6537.202209476718,17.138024391901894,42.273534528089655,GBP_JPY,2.5,10,1,10
16125,99.98139534883721,52.70437910928838,11580.711059577246,30.36016054802285,42.273534528089655,GBP_JPY,2.5,10,1,15
16125,99.98139534883721,37.29686143158186,14233.754516610756,37.31541786184787,42.273534528089655,GBP_JPY,2.5,10,1,20
16125,99.91937984496124,89.37437934458234,-20312.71002197441,-53.252096029333835,42.273534528089655,GBP_JPY,2.5,10,2,5
16125,99.91937984496124,76.58267130088899,-11718.413146976516,-30.72116234313994,42.273534528089655,GBP_JPY,2.5,10,2,8
16125,99.91937984496124,67.78177755709609,-8504.008361821718,-22.294232006860994,42.273534528089655,GBP_JPY,2.5,10,2,10
16125,99.91937984496124,49.24900695133756,-3426.69134522321,-8.983463869730194,42.273534528089655,GBP_JPY,2.5,10,2,15
16125,99.91937984496124,34.880834160871714,-922.7374878037032,-2.4190620186686855,42.273534528089655,GBP_JPY,2.5,10,2,20
16125,99.64651162790697,85.62359970126427,-31420.693054199484,-82.37294590531528,42.273534528089655,GBP_JPY,2.5,10,3,5
16125,99.64651162790697,72.54169778441172,-24468.503845215346,-64.14698555977708,42.273534528089655,GBP_JPY,2.5,10,3,8
16125,99.64651162790697,64.17724670151455,-21716.424987793624,-56.93209559988606,42.273534528089655,GBP_JPY,2.5,10,3,10
16125,99.64651162790697,46.04804580532449,-17800.520202637705,-46.666102660723254,42.273534528089655,GBP_JPY,2.5,10,3,15
16125,99.64651162790697,32.48693054518095,-15973.833984376233,-41.87723550291477,42.273534528089655,GBP_JPY,2.5,10,3,20
16125,96.55193798449613,79.25364506390396,-47640.02349853882,-124.89377849826255,42.273534528089655,GBP_JPY,2.5,10,5,5
16125,96.55193798449613,66.23418331298952,-42482.6340332091,-111.37309126493406,42.273534528089655,GBP_JPY,2.5,10,5,8
16125,96.55193798449613,58.243946303548185,-41371.49658203864,-108.46011716214286,42.273534528089655,GBP_JPY,2.5,10,5,10
16125,96.55193798449613,41.17798188708066,-38564.46533204166,-101.1011632106282,42.273534528089655,GBP_JPY,2.5,10,5,15
16125,96.55193798449613,29.025627850213304,-35825.114746106316,-93.91964187239066,42.273534528089655,GBP_JPY,2.5,10,5,20
15910,100.0,74.95285983657605,-66078.0258178711,-173.23111354789293,41.70988740104846,GBP_JPY,2.5,22,0,5
15910,100.0,61.137649277180316,-65938.13665771484,-172.86437809102654,41.70988740104846,GBP_JPY,2.5,22,0,8
15910,100.0,52.916404776866564,-66998.2553100586,-175.64360056877695,41.70988740104846,GBP_JPY,2.5,22,0,10
15910,100.0,36.14079195474317,-67625.71563720703,-177.28855968844925,41.70988740104846,GBP_JPY,2.5,22,0,15
15910,100.0,24.852294154618175,-66761.50695800781,-175.0229376456832,41.70988740104846,GBP_JPY,2.5,22,0,20
15910,99.98742928975487,94.74478249936543,-2631.5648803703334,-6.898948764852305,41.70988740104846,GBP_JPY,2.5,22,1,5
15910,99.98742928975487,83.5680160925268,11717.159545900815,30.717875884327036,41.70988740104846,GBP_JPY,2.5,22,1,8
15910,99.98742928975487,75.23887352275112,17262.78741455436,45.25637456249522,41.70988740104846,GBP_JPY,2.5,22,1,10
15910,99.98742928975487,55.424943424688486,23370.489562994728,61.268415347573125,41.70988740104846,GBP_JPY,2.5,22,1,15
15910,99.98742928975487,39.564998742768445,26725.44213868062,70.06380781568853,41.70988740104846,GBP_JPY,2.5,22,1,20
15910,99.96228786926461,91.4927062374188,-11926.650024415447,-31.26707916970963,41.70988740104846,GBP_JPY,2.5,22,2,5
15910,99.96228786926461,79.65291750502517,-378.02136230799897,-0.9910263015121045,41.70988740104846,GBP_JPY,2.5,22,2,8
15910,99.96228786926461,70.74949698188689,3077.483764643678,8.06797619747596,41.70988740104846,GBP_JPY,2.5,22,2,10
15910,99.96228786926461,51.716549295771394,8357.908813468706,21.911215305971734,41.70988740104846,GBP_JPY,2.5,22,2,15
15910,99.96228786926461,36.990694164987616,11656.95568846631,30.5600445760491,41.70988740104846,GBP_JPY,2.5,22,2,20
15910,99.72344437460717,88.04991806377865,-21809.22955322287,-57.175393398400026,41.70988740104846,GBP_JPY,2.5,22,3,5
15910,99.72344437460717,75.4380436152732,-13284.721435547319,-34.82741893343643,41.70988740104846,GBP_JPY,2.5,22,3,8
15910,99.72344437460717,67.04903567376358,-10025.917724609968,-26.284091727571198,41.70988740104846,GBP_JPY,2.5,22,3,10
15910,99.72344437460717,48.48733140047595,-5690.716003418896,-14.91886384248565,41.70988740104846,GBP_JPY,2.5,22,3,15
15910,99.72344437460717,34.520357998233045,-2810.038330079306,-7.366837356394601,41.70988740104846,GBP_JPY,2.5,22,3,20
15910,97.35386549340038,81.78707469816761,-38188.13537597977,-100.11457112433135,41.70988740104846,GBP_JPY,2.5,22,5,5
15910,97.35386549340038,68.68099941893804,-33061.925292974265,-86.67562421318874,41.70988740104846,GBP_JPY,2.5,22,5,8
15910,97.35386549340038,60.62366840983533,-31413.806457526465,-82.35489190331603,41.70988740104846,GBP_JPY,2.5,22,5,10
15910,97.35386549340038,43.41790948414724,-27570.98266602559,-72.28048916003685,41.70988740104846,GBP_JPY,2.5,22,5,15
15910,97.35386549340038,30.95099748208206,-24467.625732434033,-64.14468348653799,41.70988740104846,GBP_JPY,2.5,22,5,20
15474,100.0,74.42161044331948,-64541.441650390625,-169.2027821457657,40.5668634596998,GBP_JPY,2.5,44,0,5
15474,100.0,60.66951014604752,-64933.762451171875,-170.23129606315572,40.5668634596998,GBP_JPY,2.5,44,0,8
15474,100.0,52.38464521131883,-65828.6703491211,-172.5773996242978,40.5668634596998,GBP_JPY,2.5,44,0,10
15474,100.0,35.94416440480574,-65545.05187988281,-171.83386132028863,40.5668634596998,GBP_JPY,2.5,44,0,15
15474,100.0,24.718883288094563,-64588.5498046875,-169.32628156822918,40.5668634596998,GBP_JPY,2.5,44,0,20
15474,99.99353754685278,96.03179732436527,1705.5803833013397,4.471374339468005,40.5668634596998,GBP_JPY,2.5,44,1,5
15474,99.99353754685278,86.5701544626067,21669.25585937689,56.808436326783145,40.5668634596998,GBP_JPY,2.5,44,1,8
15474,99.99353754685278,78.89226394363867,29149.96710205375,76.41997772287422,40.5668634596998,GBP_JPY,2.5,44,1,10
15474,99.99353754685278,59.167582240027194,38291.97619629481,100.38680172916936,40.5668634596998,GBP_JPY,2.5,44,1,15
15474,99.99353754685278,42.85529632262374,42513.958862312735,111.4552128925123,40.5668634596998,GBP_JPY,2.5,44,1,20
15474,99.96122528111671,93.23118696663477,-5582.830871583103,-14.636030611742832,40.5668634596998,GBP_JPY,2.5,44,2,5
15474,99.96122528111671,82.85492629945158,10571.070312497286,27.713271680881707,40.5668634596998,GBP_JPY,2.5,44,2,8
15474,99.96122528111671,74.30178432893236,15539.257507320151,40.73794349002014,40.5668634596998,GBP_JPY,2.5,44,2,10
15474,99.96122528111671,55.288337212305706,23433.372924797608,61.433271283474916,40.5668634596998,GBP_JPY,2.5,44,2,15
15474,99.96122528111671,40.115076286524435,28385.691284170207,74.41634112279459,40.5668634596998,GBP_JPY,2.5,44,2,20
15474,99.83843867131964,90.2776878762321,-13644.123168945483,-35.76963174498759,40.5668634596998,GBP_JPY,2.5,44,3,5
15474,99.83843867131964,79.01482296588264,-1015.3338623050563,-2.661814020818073,40.5668634596998,GBP_JPY,2.5,44,3,8
15474,99.83843867131964,70.44468897662823,3002.553588866668,7.871538158846178,40.5668634596998,GBP_JPY,2.5,44,3,10
15474,99.83843867131964,51.796232765871466,9904.454101561652,25.96566092677493,40.5668634596998,GBP_JPY,2.5,44,3,15
15474,99.83843867131964,37.47815392581801,14140.788696287964,37.07169731515964,40.5668634596998,GBP_JPY,2.5,44,3,20
15474,98.17112575933824,84.36574287406462,-29344.028015139418,-76.92873063511482,40.5668634596998,GBP_JPY,2.5,44,5,5
15474,98.17112575933824,71.641103284835,-22043.146301274428,-57.78863294726551,40.5668634596998,GBP_JPY,2.5,44,5,8
15474,98.17112575933824,63.72194062273295,-19006.826477057046,-49.828572734715024,40.5668634596998,GBP_JPY,2.5,44,5,10
15474,98.17112575933824,46.47488644591887,-13669.822387704557,-35.83700519066552,40.5668634596998,GBP_JPY,2.5,44,5,15
15474,98.17112575933824,33.651504180104425,-9176.818542491927,-24.058080962111372,40.5668634596998,GBP_JPY,2.5,44,5,20
12978,100.0,76.02095854522453,-55300.00183105469,-144.97528910440383,34.02331355693318,GBP_JPY,3.0,10,0,5
12978,100.0,62.459546925561526,-53905.81774902344,-141.3202758374109,34.02331355693318,GBP_JPY,3.0,10,0,8
12978,100.0,54.15318230851794,-54052.118225097656,-141.70381929333644,34.02331355693318,GBP_JPY,3.0,10,0,10
12978,100.0,37.49422098936373,-53428.95294189453,-140.0701201233399,34.02331355693318,GBP_JPY,3.0,10,0,15
12978,100.0,25.8514408999826,-52768.968200683594,-138.33989452671398,34.02331355693318,GBP_JPY,3.0,10,0,20
12978,99.95376791493297,93.87141535614447,-7182.779846190683,-18.830480113836177,34.02331355693318,GBP_JPY,3.0,10,1,5
12978,99.95376791493297,82.13074313906243,2019.5572509786707,5.294500662369034,34.02331355693318,GBP_JPY,3.0,10,1,8
12978,99.95376791493297,73.99784150477382,7134.268371585099,18.70330172644097,34.02331355693318,GBP_JPY,3.0,10,1,10
12978,99.95376791493297,54.602220166508275,12309.588867192855,32.27099720954203,34.02331355693318,GBP_JPY,3.0,10,1,15
12978,99.95376791493297,39.22294172062602,15451.869750983733,40.50884647700806,34.02331355693318,GBP_JPY,3.0,10,1,20
12978,99.88441978733242,90.48831289052761,-15540.980163575481,-40.74245963071408,34.02331355693318,GBP_JPY,3.0,10,2,5
12978,99.88441978733242,78.20720512226504,-7704.549499514609,-20.19835902580507,34.02331355693318,GBP_JPY,3.0,10,2,8
12978,99.88441978733242,69.67522949933891,-4920.340148929803,-12.89923529771968,34.02331355693318,GBP_JPY,3.0,10,2,10
12978,99.88441978733242,51.091568309800884,121.68029784507553,0.31899883859485484,34.02331355693318,GBP_JPY,3.0,10,2,15
12978,99.88441978733242,36.66589524029648,3508.869018546287,9.198902053337088,34.02331355693318,GBP_JPY,3.0,10,2,20
12978,99.7149021420866,86.71663704504391,-24773.364135742384,-64.94621173142596,34.02331355693318,GBP_JPY,3.0,10,3,5
12978,99.7149021420866,74.1751023877541,-17828.638061523816,-46.739816848535845,34.02331355693318,GBP_JPY,3.0,10,3,8
12978,99.7149021420866,65.96862684490642,-16225.534240723156,-42.537096555777445,34.02331355693318,GBP_JPY,3.0,10,3,10
12978,99.7149021420866,48.13383818869885,-10912.53717041092,-28.60846616201103,34.02331355693318,GBP_JPY,3.0,10,3,15
12978,99.7149021420866,34.116374314192555,-9019.024780274405,-23.64440654006985,34.02331355693318,GBP_JPY,3.0,10,3,20
12978,96.86392356295269,80.64593111128147,-37132.44476318636,-97.34695725946918,34.02331355693318,GBP_JPY,3.0,10,5,5
12978,96.86392356295269,67.91026966827874,-33299.527954106146,-87.29852680539491,34.02331355693318,GBP_JPY,3.0,10,5,8
12978,96.86392356295269,59.70885371091721,-31352.90740967373,-82.19523807372654,34.02331355693318,GBP_JPY,3.0,10,5,10
12978,96.86392356295269,43.16283509664759,-27519.939575203436,-72.1466738507475,34.02331355693318,GBP_JPY,3.0,10,5,15
12978,96.86392356295269,30.67377296953061,-24825.509338388812,-65.08291635310336,34.02331355693318,GBP_JPY,3.0,10,5,20
12815,100.0,75.87202497073149,-53609.23400878906,-140.54274759038654,33.595990386199624,GBP_JPY,3.0,22,0,5
12815,100.0,62.26297307841886,-53085.567443847656,-139.16989570733185,33.595990386199624,GBP_JPY,3.0,22,0,8
12815,100.0,53.71049551306643,-53161.477966308594,-139.36890383708675,33.595990386199624,GBP_JPY,3.0,22,0,10
12815,100.0,37.34685914943134,-52693.14208984375,-138.14110769169267,33.595990386199624,GBP_JPY,3.0,22,0,15
12815,100.0,25.790089738585582,-52272.23205566406,-137.0376438242127,33.595990386199624,GBP_JPY,3.0,22,0,20
12815,99.98439328911431,95.16896901583586,-3028.405212401781,-7.939311151101604,33.595990386199624,GBP_JPY,3.0,22,1,5
12815,99.98439328911431,84.99960977131936,10320.886474611123,27.057386092711123,33.595990386199624,GBP_JPY,3.0,22,1,8
12815,99.98439328911431,77.1325997034202,15581.89086914329,40.8497117314514,33.595990386199624,GBP_JPY,3.0,22,1,10
12815,99.98439328911431,57.71482088503412,23303.24633789555,61.09212953064226,33.595990386199624,GBP_JPY,3.0,22,1,15
12815,99.98439328911431,41.94958245531554,27420.923339850513,71.88709144801676,33.595990386199624,GBP_JPY,3.0,22,1,20
12815,99.9609832227858,92.14676034347445,-10428.222839356498,-27.338780667668225,33.595990386199624,GBP_JPY,3.0,22,2,5
12815,99.9609832227858,81.27244340358459,988.1826782202019,2.5906340817241436,33.595990386199624,GBP_JPY,3.0,22,2,8
12815,99.9609832227858,72.91959406712935,4527.87615966442,11.870345995317075,33.595990386199624,GBP_JPY,3.0,22,2,10
12815,99.9609832227858,54.24668227946493,12218.541992181503,32.03230739779213,33.595990386199624,GBP_JPY,3.0,22,2,15
12815,99.9609832227858,39.2818110850867,15294.93749999204,40.097430605326316,33.595990386199624,GBP_JPY,3.0,22,2,20
12815,99.77370269215763,89.05052401062966,-17842.90802001969,-46.777227179276295,33.595990386199624,GBP_JPY,3.0,22,3,5
12815,99.77370269215763,77.2954794306212,-9071.606750488612,-23.782256197955448,33.595990386199624,GBP_JPY,3.0,22,3,8
12815,99.77370269215763,69.05208822148685,-5863.626342773888,-15.37216810301197,33.595990386199624,GBP_JPY,3.0,22,3,10
12815,99.77370269215763,51.087126544654225,1185.3156738274133,3.107440810184745,33.595990386199624,GBP_JPY,3.0,22,3,15
12815,99.77370269215763,36.500860315967735,3228.53070068267,8.463963041879463,33.595990386199624,GBP_JPY,3.0,22,3,20
12815,97.74483027701912,83.1151205492509,-30419.700927736776,-79.74873038777312,33.595990386199624,GBP_JPY,3.0,22,5,5
12815,97.74483027701912,70.48539038798735,-25344.412353519827,-66.44328004469224,33.595990386199624,GBP_JPY,3.0,22,5,8
12815,97.74483027701912,62.33434456330335,-23061.126098638175,-60.45738358991692,33.595990386199624,GBP_JPY,3.0,22,5,10
12815,97.74483027701912,45.633083186967454,-17372.63885498821,-45.54436269645743,33.595990386199624,GBP_JPY,3.0,22,5,15
12815,97.74483027701912,32.80376816221996,-14546.864013681445,-38.13627027335116,33.595990386199624,GBP_JPY,3.0,22,5,20
12500,100.0,74.69599999999403,-55100.04638671875,-144.45108300330523,32.770181804720664,GBP_JPY,3.0,44,0,5
12500,100.0,61.1999999999951,-53885.77117919922,-141.26772145839485,32.770181804720664,GBP_JPY,3.0,44,0,8
12500,100.0,53.02399999999575,-54011.444396972656,-141.59718819394843,32.770181804720664,GBP_JPY,3.0,44,0,10
12500,100.0,36.59199999999707,-54666.64489746094,-143.31487135551203,32.770181804720664,GBP_JPY,3.0,44,0,15
12500,100.0,25.023999999997997,-53775.00213623047,-140.97732772428117,32.770181804720664,GBP_JPY,3.0,44,0,20
12500,99.992,96.48771901751367,23.127685547274268,0.060631876808527066,32.770181804720664,GBP_JPY,3.0,44,1,5
12500,99.992,87.80702456195793,17615.730834962324,46.18165616677913,32.770181804720664,GBP_JPY,3.0,44,1,8
12500,99.992,80.41443315464593,24198.02600097879,63.43789690939461,32.770181804720664,GBP_JPY,3.0,44,1,10
12500,99.992,61.34890791262811,34176.05749512158,89.59644939869764,32.770181804720664,GBP_JPY,3.0,44,1,15
12500,99.992,44.69957596607371,37993.04669190082,99.60312379270647,32.770181804720664,GBP_JPY,3.0,44,1,20
12500,99.96000000000001,94.10964385753549,-5153.676940918722,-13.510954425336251,32.770181804720664,GBP_JPY,3.0,44,2,5
12500,99.96000000000001,84.37775110043341,9566.220703123003,25.078943330033884,32.770181804720664,GBP_JPY,3.0,44,2,8
12500,99.96000000000001,76.16646658662856,14057.229675289922,36.852637770397216,32.770181804720664,GBP_JPY,3.0,44,2,10
12500,99.96000000000001,57.6470588235248,22879.714904779743,59.98179336558475,32.770181804720664,GBP_JPY,3.0,44,2,15
12500,99.96000000000001,41.92076830731957,26094.73046874258,68.41032492847025,32.770181804720664,GBP_JPY,3.0,44,2,20
12500,99.856,91.30748277518896,-11444.369812011842,-30.002726350406796,32.770181804720664,GBP_JPY,3.0,44,3,5
12500,99.856,80.52395449446558,-246.87744140652626,-0.6472174910700911,32.770181804720664,GBP_JPY,3.0,44,3,8
12500,99.856,72.2480371735241,3797.4329833980437,9.955405540575734,32.770181804720664,GBP_JPY,3.0,44,3,10
12500,99.856,54.11792981893494,11471.210998534505,30.07309359538296,32.770181804720664,GBP_JPY,3.0,44,3,15
12500,99.856,39.176414036209,14234.728454588982,37.317971151816906,32.770181804720664,GBP_JPY,3.0,44,3,20
12500,98.488,85.63885955648723,-23769.766235353574,-62.315164879059786,32.770181804720664,GBP_JPY,3.0,44,5,5
12500,98.488,73.25156364226518,-17482.051940921716,-45.831201633885954,32.770181804720664,GBP_JPY,3.0,44,5,8
12500,98.488,65.59987003492279,-13840.027465825127,-36.28321729899335,32.770181804720664,GBP_JPY,3.0,44,5,10
12500,98.488,48.37137519291297,-8172.747497565819,-21.42579370714462,32.770181804720664,GBP_JPY,3.0,44,5,15
12500,98.488,35.041832507510755,-5817.034606942685,-15.250022530709089,32.770181804720664,GBP_JPY,3.0,44,5,20
18009,100.0,66.81659170414422,-37760.059509277344,-103.54683040079786,49.3848498366325,USD_JPY,2.0,10,0,5
18009,100.0,50.785718251982296,-38122.22216796875,-104.53996430695094,49.3848498366325,USD_JPY,2.0,10,0,8
18009,100.0,42.36770503636835,-37120.957946777344,-101.79426586670826,49.3848498366325,USD_JPY,2.0,10,0,10
18009,100.0,26.170248209227264,-35994.85595703125,-98.70623334606059,49.3848498366325,USD_JPY,2.0,10,0,15
18009,100.0,15.903159531344555,-35550.641174316406,-97.48809350822478,49.3848498366325,USD_JPY,2.0,10,0,20
18009,99.8389694041868,77.60845383759302,-2528.2290039025884,-6.93298960021924,49.3848498366325,USD_JPY,2.0,10,1,5
18009,99.8389694041868,60.75639599554723,-640.6601562435826,-1.7568385591872309,49.3848498366325,USD_JPY,2.0,10,1,8
18009,99.8389694041868,51.2458286985511,521.9339599689101,1.4312638257373305,49.3848498366325,USD_JPY,2.0,10,1,10
18009,99.8389694041868,32.597330367072715,2466.861816417272,6.7647065562490685,49.3848498366325,USD_JPY,2.0,10,1,15
18009,99.8389694041868,19.905450500555066,2162.778381360754,5.930839335522013,49.3848498366325,USD_JPY,2.0,10,1,20
18009,98.61735798767283,73.17004504504092,-14754.729919438469,-40.460887414711394,49.3848498366325,USD_JPY,2.0,10,2,5
18009,98.61735798767283,56.368243243240066,-14678.572998054804,-40.25204749430757,49.3848498366325,USD_JPY,2.0,10,2,8
18009,98.61735798767283,47.195945945943286,-13975.1616821385,-38.323130718811164,49.3848498366325,USD_JPY,2.0,10,2,10
18009,98.61735798767283,29.718468468466796,-12359.939331067457,-33.89381686127238,49.3848498366325,USD_JPY,2.0,10,2,15
18009,98.61735798767283,18.417792792791754,-11788.821228042169,-32.3276787216263,49.3848498366325,USD_JPY,2.0,10,2,20
18009,94.40279860069965,70.2605729074719,-20552.782409668544,-56.36049047845315,49.3848498366325,USD_JPY,2.0,10,3,5
18009,94.40279860069965,54.19681195223491,-19475.794433594638,-53.40713996069711,49.3848498366325,USD_JPY,2.0,10,3,8
18009,94.40279860069965,45.33262749249777,-18923.784362794024,-51.893400471841694,49.3848498366325,USD_JPY,2.0,10,3,10
18009,94.40279860069965,28.386565496145614,-17484.35455322404,-47.94615048594652,49.3848498366325,USD_JPY,2.0,10,3,15
18009,94.40279860069965,17.440150579376656,-17795.14294433753,-48.79840424940414,49.3848498366325,USD_JPY,2.0,10,3,20
18009,83.88583486034761,66.26729330773374,-24893.88122559173,-68.2647890597375,49.3848498366325,USD_JPY,2.0,10,5,5
18009,83.88583486034761,51.016085258486065,-23337.87207032091,-63.99785150198999,49.3848498366325,USD_JPY,2.0,10,5,8
18009,83.88583486034761,42.476997418412495,-22516.65466309582,-61.745883134005105,49.3848498366325,USD_JPY,2.0,10,5,10
18009,83.88583486034761,26.034288740317336,-22222.842407239266,-60.94018186599255,49.3848498366325,USD_JPY,2.0,10,5,15
18009,83.88583486034761,16.508903157475572,-21651.519165053403,-59.373481187247094,49.3848498366325,USD_JPY,2.0,10,5,20
17711,100.0,66.24696516288937,-37528.310546875,-102.91132106057712,48.56766480407564,USD_JPY,2.0,22,0,5
17711,100.0,51.11512619275867,-35293.478942871094,-96.78289509723139,48.56766480407564,USD_JPY,2.0,22,0,8
17711,100.0,42.05296143639308,-35406.1572265625,-97.09188505336164,48.56766480407564,USD_JPY,2.0,22,0,10
17711,100.0,26.305685732029456,-34340.372314453125,-94.1692559322183,48.56766480407564,USD_JPY,2.0,22,0,15
17711,100.0,16.390943481451277,-33531.172790527344,-91.95024338421736,48.56766480407564,USD_JPY,2.0,22,0,20
17711,99.87578341143923,80.81858782293624,7558.377563479648,20.726822198956892,48.56766480407564,USD_JPY,2.0,22,1,5
17711,99.87578341143923,63.89846797444378,11966.192138677683,32.81407084707033,48.56766480407564,USD_JPY,2.0,22,1,8
17711,99.87578341143923,54.38408050200382,14021.748596198746,38.45088282915695,48.56766480407564,USD_JPY,2.0,22,1,10
17711,99.87578341143923,35.32138617219541,15948.172668467436,43.733583896993224,48.56766480407564,USD_JPY,2.0,22,1,15
17711,99.87578341143923,22.1437051274791,16860.16918946565,46.23448962418674,48.56766480407564,USD_JPY,2.0,22,1,20
17711,98.92157416294958,76.17579908675364,-4188.6573486370835,-11.486268764481625,48.56766480407564,USD_JPY,2.0,22,2,5
17711,98.92157416294958,59.805936073055946,-1641.613159186893,-4.501683566899028,48.56766480407564,USD_JPY,2.0,22,2,8
17711,98.92157416294958,49.86301369862729,-1463.9524536222689,-4.014496756627545,48.56766480407564,USD_JPY,2.0,22,2,10
17711,98.92157416294958,32.10616438355981,971.5432739136104,2.664196717864066,48.56766480407564,USD_JPY,2.0,22,2,15
17711,98.92157416294958,20.456621004565044,2253.468139634179,6.179531661251015,48.56766480407564,USD_JPY,2.0,22,2,20
17711,95.82180565750099,72.83601437746316,-11718.798828125524,-32.13566108016458,48.56766480407564,USD_JPY,2.0,22,3,5
17711,95.82180565750099,56.684933121203414,-9645.038574219587,-26.448930071428858,48.56766480407564,USD_JPY,2.0,22,3,8
17711,95.82180565750099,47.6224147074393,-8894.34344482523,-24.390350125944284,48.56766480407564,USD_JPY,2.0,22,3,10
17711,95.82180565750099,30.446055035058013,-7730.429870606811,-21.198629481511233,48.56766480407564,USD_JPY,2.0,22,3,15
17711,95.82180565750099,19.085498792055912,-7057.911315919529,-19.354427813701772,48.56766480407564,USD_JPY,2.0,22,3,20
17711,86.55637739258088,68.34964122634909,-20516.18988037661,-56.26014528637004,48.56766480407564,USD_JPY,2.0,22,5,5
17711,86.55637739258088,52.72015655576955,-18882.741149910584,-51.78085047433702,48.56766480407564,USD_JPY,2.0,22,5,8
17711,86.55637739258088,44.31833007175184,-18418.436279306577,-50.507618961582516,48.56766480407564,USD_JPY,2.0,22,5,10
17711,86.55637739258088,27.86692759295317,-17209.119567883667,-47.19139239716746,48.56766480407564,USD_JPY,2.0,22,5,15
17711,86.55637739258088,18.07566862361265,-16247.901916518185,-44.555510928290516,48.56766480407564,USD_JPY,2.0,22,5,20
17176,100.0,65.80693991615826,-38846.244201660156,-106.5254004451187,47.10057086978732,USD_JPY,2.0,44,0,5
17176,100.0,50.390079180248584,-38069.527587890625,-104.39546356152572,47.10057086978732,USD_JPY,2.0,44,0,8
17176,100.0,42.02957615276886,-37465.45196533203,-102.73894826861515,47.10057086978732,USD_JPY,2.0,44,0,10
17176,100.0,25.669538891474986,-37326.341857910156,-102.35747612880799,47.10057086978732,USD_JPY,2.0,44,0,15
17176,100.0,15.550768514204963,-37818.61083984375,-103.70739171279503,47.10057086978732,USD_JPY,2.0,44,0,20
17176,99.93013507219376,83.5935679328779,14912.035583498655,40.89225598587382,47.10057086978732,USD_JPY,2.0,44,1,5
17176,99.93013507219376,67.18713586576163,21086.886047368404,57.82512637966959,47.10057086978732,USD_JPY,2.0,44,1,8
17176,99.93013507219376,57.67303658820452,23034.584045416763,63.16616548015978,47.10057086978732,USD_JPY,2.0,44,1,10
17176,99.93013507219376,37.590305290139966,25587.964599619118,70.16812645772993,47.10057086978732,USD_JPY,2.0,44,1,15
17176,99.93013507219376,23.79398741551947,26362.86468507049,72.29308199987051,47.10057086978732,USD_JPY,2.0,44,1,20
17176,99.2955286446204,78.92113749633076,3293.251953121322,9.030859746742916,47.10057086978732,USD_JPY,2.0,44,2,5
17176,99.2955286446204,62.86133098797637,6847.500610345081,18.777432916771684,47.10057086978732,USD_JPY,2.0,44,2,8
17176,99.2955286446204,53.016710642037346,7676.110595694927,21.049673446486622,47.10057086978732,USD_JPY,2.0,44,2,10
17176,99.2955286446204,34.50014658457728,10268.28839110185,28.15802544693218,47.10057086978732,USD_JPY,2.0,44,2,15
17176,99.2955286446204,21.9994136616815,10986.479553209045,30.12747198447787,47.10057086978732,USD_JPY,2.0,44,2,20
17176,96.94340940847694,75.17266230255989,-5514.506713867657,-15.122054860761617,47.10057086978732,USD_JPY,2.0,44,3,5
17176,96.94340940847694,59.449882889912956,-3043.1076660163926,-8.344906164857836,47.10057086978732,USD_JPY,2.0,44,3,8
17176,96.94340940847694,50.11711008347546,-1939.6323852548503,-5.318921321788,47.10057086978732,USD_JPY,2.0,44,3,10
17176,96.94340940847694,32.30436610413595,-324.8339233411252,-0.8907698665137244,47.10057086978732,USD_JPY,2.0,44,3,15
17176,96.94340940847694,20.52129001261062,276.56506347505774,0.7584054711407886,47.10057086978732,USD_JPY,2.0,44,3,20
17176,88.86818816953888,70.23715932913586,-16313.221130376258,-44.73463134407306,47.10057086978732,USD_JPY,2.0,44,5,5
17176,88.86818816953888,54.67112159328782,-14428.139648445367,-39.56530123607297,47.10057086978732,USD_JPY,2.0,44,5,8
17176,88.86818816953888,45.879192872114395,-14091.947937021112,-38.64338568357103,47.10057086978732,USD_JPY,2.0,44,5,10
17176,88.86818816953888,29.219077568132256,-12504.857177746657,-34.29121516750262,47.10057086978732,USD_JPY,2.0,44,5,15
17176,88.86818816953888,18.605870020963142,-11706.604309096154,-32.10222088409065,47.10057086978732,USD_JPY,2.0,44,5,20
15641,100.0,67.0225688894529,-33014.71649169922,-90.53400057424402,42.89124528262363,USD_JPY,2.5,10,0,5
15641,100.0,51.61434690876212,-31966.106811523438,-87.65846991775447,42.89124528262363,USD_JPY,2.5,10,0,8
15641,100.0,42.86170960935728,-32221.793518066406,-88.35962209765606,42.89124528262363,USD_JPY,2.5,10,0,10
15641,100.0,26.92283102103274,-31205.640563964844,-85.57309530275593,42.89124528262363,USD_JPY,2.5,10,0,15
15641,100.0,16.603797711142725,-30015.31463623047,-82.30894586648449,42.89124528262363,USD_JPY,2.5,10,0,20
15641,99.8465571255035,78.22885317281948,-692.2933959930015,-1.89842886356859,42.89124528262363,USD_JPY,2.5,10,1,5
15641,99.8465571255035,61.78523403982443,1599.8056640679279,4.3870377304563695,42.89124528262363,USD_JPY,2.5,10,1,8
15641,99.8465571255035,52.775821220461495,3525.226135260614,9.666986691655158,42.89124528262363,USD_JPY,2.5,10,1,10
15641,99.8465571255035,33.732471025162724,4405.924316415662,12.082065120648297,42.89124528262363,USD_JPY,2.5,10,1,15
15641,99.8465571255035,21.08599602996599,5091.850219737771,13.963032844265312,42.89124528262363,USD_JPY,2.5,10,1,20
15641,98.67655520746756,73.79162887131827,-11030.696411136953,-30.248724851878475,42.89124528262363,USD_JPY,2.5,10,2,5
15641,98.67655520746756,57.846313334193475,-9789.493835455874,-26.845059861215386,42.89124528262363,USD_JPY,2.5,10,2,8
15641,98.67655520746756,48.859660489824485,-8556.378723152608,-23.463572568618403,42.89124528262363,USD_JPY,2.5,10,2,10
15641,98.67655520746756,30.866917195799477,-8520.687561046074,-23.36569913416196,42.89124528262363,USD_JPY,2.5,10,2,15
15641,98.67655520746756,19.515355708175488,-7019.354919446304,-19.248697242872083,42.89124528262363,USD_JPY,2.5,10,2,20
15641,94.6998273767662,71.30029705643591,-15534.885070801265,-42.60025356493223,42.89124528262363,USD_JPY,2.5,10,3,5
15641,94.6998273767662,55.64407237374726,-14397.999023438248,-39.482648660140995,42.89124528262363,USD_JPY,2.5,10,3,8
15641,94.6998273767662,46.71212530380457,-14021.516479493086,-38.45024631137953,42.89124528262363,USD_JPY,2.5,10,3,10
15641,94.6998273767662,29.37483121792942,-13790.404479981657,-37.816483670959975,42.89124528262363,USD_JPY,2.5,10,3,15
15641,94.6998273767662,18.363489062920717,-12557.877136231844,-34.43660817589484,42.89124528262363,USD_JPY,2.5,10,3,20
15641,84.14423630202673,67.83679051743273,-19762.38555908684,-54.193039216455006,42.89124528262363,USD_JPY,2.5,10,5,5
15641,84.14423630202673,52.57199300964572,-18571.687133796157,-50.92786830559404,42.89124528262363,USD_JPY,2.5,10,5,8
15641,84.14423630202673,43.446546614995555,-19157.18017578971,-52.53342585788704,42.89124528262363,USD_JPY,2.5,10,5,10
15641,84.14423630202673,27.399133804420075,-17958.260498057738,-49.2457103683553,42.89124528262363,USD_JPY,2.5,10,5,15
15641,84.14423630202673,17.384697211456775,-17055.154113781893,-46.76918345548025,42.89124528262363,USD_JPY,2.5,10,5,20
15393,100.0,67.1474046644535,-31826.90155029297,-87.27673684416149,42.211171832710534,USD_JPY,2.5,22,0,5
15393,100.0,51.93269668030586,-30390.088317871094,-83.33666211894405,42.211171832710534,USD_JPY,2.5,22,0,8
15393,100.0,42.96758266744345,-30737.90069580078,-84.2904442309647,42.211171832710534,USD_JPY,2.5,22,0,10
15393,100.0,27.27863314493424,-28771.576538085938,-78.89832788586556,42.211171832710534,USD_JPY,2.5,22,0,15
15393,100.0,17.04021308386818,-27871.996154785156,-76.4314700844724,42.211171832710534,USD_JPY,2.5,22,0,20
15393,99.85707789254856,81.0942684275531,6718.525451662799,18.423753154198504,42.211171832710534,USD_JPY,2.5,22,1,5
15393,99.85707789254856,65.07058746990664,11608.802673344726,31.834026142830098,42.211171832710534,USD_JPY,2.5,22,1,8
15393,99.85707789254856,56.170711079301526,14223.414733892845,39.00389809525483,42.211171832710534,USD_JPY,2.5,22,1,10
15393,99.85707789254856,36.302127382731356,15066.795715340937,41.316644118014885,42.211171832710534,USD_JPY,2.5,22,1,15
15393,99.85707789254856,23.34265825255199,16670.617248545874,45.71469429193257,42.211171832710534,USD_JPY,2.5,22,1,20
15393,98.98655232898071,76.54393909561747,-3380.175598148188,-9.26922451751889,42.211171832710534,USD_JPY,2.5,22,2,5
15393,98.98655232898071,61.06845179496876,-319.19042969356906,-0.8752940996005948,42.211171832710534,USD_JPY,2.5,22,2,8
15393,98.98655232898071,51.735906018241664,1575.3081054612253,4.3198597498269,42.211171832710534,USD_JPY,2.5,22,2,10
15393,98.98655232898071,33.6024151735884,2892.7913818255856,7.932704092407195,42.211171832710534,USD_JPY,2.5,22,2,15
15393,98.98655232898071,21.53311019229366,3777.908142077611,10.359899288860797,42.211171832710534,USD_JPY,2.5,22,2,20
15393,96.00467745078932,73.63648666936841,-9452.815368652788,-25.921809512706414,42.211171832710534,USD_JPY,2.5,22,3,5
15393,96.00467745078932,58.42468534307359,-6673.229370117886,-18.29954080563482,42.211171832710534,USD_JPY,2.5,22,3,8
15393,96.00467745078932,49.04587900933489,-6152.852783203982,-16.872547657584263,42.211171832710534,USD_JPY,2.5,22,3,10
15393,96.00467745078932,31.675463526862114,-4395.036865235523,-12.052209207402983,42.211171832710534,USD_JPY,2.5,22,3,15
15393,96.00467745078932,19.982406279603467,-4272.231140138063,-11.715447460886418,42.211171832710534,USD_JPY,2.5,22,3,20
15393,86.7862015201715,69.6534171719388,-16545.137329106172,-45.37059928504477,42.211171832710534,USD_JPY,2.5,22,5,5
15393,86.7862015201715,54.25555805074824,-14455.063720710074,-39.63913327926155,42.211171832710534,USD_JPY,2.5,22,5,8
15393,86.7862015201715,45.15308032037988,-15001.470031746612,-41.13750596071681,42.211171832710534,USD_JPY,2.5,22,5,10
15393,86.7862015201715,29.201287521518886,-13043.247985850594,-35.76760748310239,42.211171832710534,USD_JPY,2.5,22,5,15
15393,86.7862015201715,18.601691743392575,-12180.540771496737,-33.40186445273731,42.211171832710534,USD_JPY,2.5,22,5,20
14991,100.0,66.80675071709247,-31396.328735351562,-86.09600644216152,41.108794708254635,USD_JPY,2.5,44,0,5
14991,100.0,51.897805349873124,-28988.025817871094,-79.49188195213449,41.108794708254635,USD_JPY,2.5,44,0,8
14991,100.0,43.40604362617281,-28144.82696533203,-77.17963536903368,41.108794708254635,USD_JPY,2.5,44,0,10
14991,100.0,27.102928423719092,-27920.748596191406,-76.56516057245156,41.108794708254635,USD_JPY,2.5,44,0,15
14991,100.0,17.096924821558463,-27210.811462402344,-74.61834849262358,41.108794708254635,USD_JPY,2.5,44,0,20
14991,99.89326929491028,84.23372287144679,14408.957275392771,39.51269872551087,41.108794708254635,USD_JPY,2.5,44,1,5
14991,99.89326929491028,69.0083472454044,22730.842834476876,62.33323671723773,41.108794708254635,USD_JPY,2.5,44,1,8
14991,99.89326929491028,59.712854757925896,26063.864624028924,71.47315456827066,41.108794708254635,USD_JPY,2.5,44,1,10
14991,99.89326929491028,39.61268781301905,28882.84045410979,79.20343931820904,41.108794708254635,USD_JPY,2.5,44,1,15
14991,99.89326929491028,25.475792988312158,29431.453552256244,80.70786352112826,41.108794708254635,USD_JPY,2.5,44,1,20
14991,99.21953171903142,79.89780825601184,5190.453186032097,14.233425019505015,41.108794708254635,USD_JPY,2.5,44,2,5
14991,99.21953171903142,64.71023262067604,11671.664001459474,32.00640646652814,41.108794708254635,USD_JPY,2.5,44,2,8
14991,99.21953171903142,55.19026489175371,13453.167114250991,36.891700692121034,41.108794708254635,USD_JPY,2.5,44,2,10
14991,99.21953171903142,36.60077988435951,15778.05633543957,43.26708550389312,41.108794708254635,USD_JPY,2.5,44,2,15
14991,99.21953171903142,23.416700282370346,16461.1680297735,45.14033601454495,41.108794708254635,USD_JPY,2.5,44,2,20
14991,97.03822293376025,76.5724891730201,-1793.5462036136685,-4.918319170443851,41.108794708254635,USD_JPY,2.5,44,3,5
14991,97.03822293376025,61.46971884236877,2937.848754882175,8.056261846998387,41.108794708254635,USD_JPY,2.5,44,3,8
14991,97.03822293376025,52.00384959097738,4128.4293212882685,11.321109561495462,41.108794708254635,USD_JPY,2.5,44,3,10
14991,97.03822293376025,34.343850965832516,6302.925598143445,17.284082080947368,41.108794708254635,USD_JPY,2.5,44,3,15
14991,97.03822293376025,21.894548704198673,6444.340576170584,17.67187470988406,41.108794708254635,USD_JPY,2.5,44,3,20
14991,89.4603428723901,71.76944299455135,-10369.118957523835,-28.4345262177519,41.108794708254635,USD_JPY,2.5,44,5,5
14991,89.4603428723901,56.40891805234089,-7891.428527838678,-21.640125095442887,41.108794708254635,USD_JPY,2.5,44,5,8
14991,89.4603428723901,47.781671761982864,-7200.632629402492,-19.745802717074703,41.108794708254635,USD_JPY,2.5,44,5,10
14991,89.4603428723901,30.989486242634328,-5953.617248545678,-16.326197668066715,41.108794708254635,USD_JPY,2.5,44,5,15
14991,89.4603428723901,20.00596525240325,-5138.923339855946,-14.092118244252976,41.108794708254635,USD_JPY,2.5,44,5,20
13033,100.0,67.95825980203576,-27424.835815429688,-75.20525284798134,35.739505131924666,USD_JPY,3.0,10,0,5
13033,100.0,52.934857668990034,-27315.833862304688,-74.90634424189672,35.739505131924666,USD_JPY,3.0,10,0,8
13033,100.0,44.38732448399874,-26423.904418945312,-72.46046709018513,35.739505131924666,USD_JPY,3.0,10,0,10
13033,100.0,27.798664927489618,-25698.101501464844,-70.4701473561209,35.739505131924666,USD_JPY,3.0,10,0,15
13033,100.0,17.616818844470373,-24973.710327148438,-68.48369894884691,35.739505131924666,USD_JPY,3.0,10,0,20
13033,99.87723471188521,79.29630483213649,380.9973144555761,1.0447828953605907,35.739505131924666,USD_JPY,3.0,10,1,5
13033,99.87723471188521,63.847276638237396,2341.5718383831863,6.421132412695939,35.739505131924666,USD_JPY,3.0,10,1,8
13033,99.87723471188521,54.42114158407817,3830.6785888725835,10.504608078398347,35.739505131924666,USD_JPY,3.0,10,1,10
13033,99.87723471188521,35.200122916183815,5076.494140632672,13.92092291807925,35.739505131924666,USD_JPY,3.0,10,1,15
13033,99.87723471188521,22.424521779210078,5342.176086434965,14.649484359455819,35.739505131924666,USD_JPY,3.0,10,1,20
13033,98.83372976290954,74.92430711900668,-8945.478515628303,-24.530574335672494,35.739505131924666,USD_JPY,3.0,10,2,5
13033,98.83372976290954,59.52953963201152,-7871.213562017054,-21.584690976305037,35.739505131924666,USD_JPY,3.0,10,2,8
13033,98.83372976290954,50.40757705146724,-6467.699523932317,-17.735930355814148,35.739505131924666,USD_JPY,3.0,10,2,10
13033,98.83372976290954,32.45089666951071,-5641.097595223747,-15.469196382581677,35.739505131924666,USD_JPY,3.0,10,2,15
13033,98.83372976290954,20.73596770436917,-5058.285522471384,-13.870990669002246,35.739505131924666,USD_JPY,3.0,10,2,20
13033,95.26586357707359,72.66430412370548,-13002.970764160542,-35.657158010894044,35.739505131924666,USD_JPY,3.0,10,3,5
13033,95.26586357707359,57.05541237112942,-12084.588073731076,-33.138739927745526,35.739505131924666,USD_JPY,3.0,10,3,8
13033,95.26586357707359,48.131443298965195,-11298.397216797606,-30.982822474661354,35.739505131924666,USD_JPY,3.0,10,3,10
13033,95.26586357707359,30.774806701028446,-10630.792541504883,-29.152095802466068,35.739505131924666,USD_JPY,3.0,10,3,15
13033,95.26586357707359,19.555412371132444,-10276.57690429801,-28.180754470173962,35.739505131924666,USD_JPY,3.0,10,3,20
13033,85.3372209007903,68.94443445422866,-18040.99243164455,-49.47258049534064,35.739505131924666,USD_JPY,3.0,10,5,5
13033,85.3372209007903,53.73134328357726,-16270.185729986319,-44.6166183069296,35.739505131924666,USD_JPY,3.0,10,5,8
13033,85.3372209007903,44.82107534615673,-16581.472167975728,-45.47023783029499,35.739505131924666,USD_JPY,3.0,10,5,10
13033,85.3372209007903,28.3761913324916,-16140.576782235617,-44.26120054791176,35.739505131924666,USD_JPY,3.0,10,5,15
13033,85.3372209007903,18.494875022476307,-14880.291137705617,-40.80520536181716,35.739505131924666,USD_JPY,3.0,10,5,20
12851,100.0,67.92467512255327,-26973.76678466797,-73.96831707419474,35.24041897110135,USD_JPY,3.0,22,0,5
12851,100.0,52.719632713403406,-26378.46221923828,-72.33585405177223,35.24041897110135,USD_JPY,3.0,22,0,8
12851,100.0,44.082172593569055,-26447.354125976562,-72.52477161905689,35.24041897110135,USD_JPY,3.0,22,0,10
12851,100.0,28.20792156252212,-24408.5693359375,-66.93395143441091,35.24041897110135,USD_JPY,3.0,22,0,15
12851,100.0,17.4149871605309,-24817.9541015625,-68.05657929691274,35.24041897110135,USD_JPY,3.0,22,0,20
12851,99.87549607034471,82.3763147643099,6712.593200685651,18.407485547796167,35.24041897110135,USD_JPY,3.0,22,1,5
12851,99.87549607034471,67.0042851577665,11084.703674320259,30.396825278464906,35.24041897110135,USD_JPY,3.0,22,1,8
12851,99.87549607034471,57.452278924810486,12299.613098149497,33.72838835586602,35.24041897110135,USD_JPY,3.0,22,1,10
12851,99.87549607034471,37.67822360732079,13945.464721686963,38.241694773866776,35.24041897110135,USD_JPY,3.0,22,1,15
12851,99.87549607034471,24.409816906893305,15147.559936532261,41.53811832178557,35.24041897110135,USD_JPY,3.0,22,1,20
12851,99.10512800560267,77.95226130652654,-1681.7220459013106,-4.611671425608896,35.24041897110135,USD_JPY,3.0,22,2,5
12851,99.10512800560267,62.54711055275891,429.1132812451194,1.1767280224995764,35.24041897110135,USD_JPY,3.0,22,2,8
12851,99.10512800560267,53.054334170850105,1282.8221435485702,3.517795487048318,35.24041897110135,USD_JPY,3.0,22,2,10
12851,99.10512800560267,34.92462311557515,3439.2682495032386,9.431270256517038,35.24041897110135,USD_JPY,3.0,22,2,15
12851,99.10512800560267,22.58951005024948,4296.462890614913,11.781896534048613,35.24041897110135,USD_JPY,3.0,22,2,20
12851,96.59948642129017,74.63347833091069,-8222.924682617546,-22.549164343883973,35.24041897110135,USD_JPY,3.0,22,3,5
12851,96.59948642129017,59.40067665538429,-6382.548645020104,-17.50242692039092,35.24041897110135,USD_JPY,3.0,22,3,8
12851,96.59948642129017,50.16916384726516,-5948.8770751960155,-16.313199014667152,35.24041897110135,USD_JPY,3.0,22,3,10
12851,96.59948642129017,32.93056226840398,-3252.880676270478,-8.920152353495537,35.24041897110135,USD_JPY,3.0,22,3,15
12851,96.59948642129017,21.02464958917182,-3423.4273071300204,-9.387830722929825,35.24041897110135,USD_JPY,3.0,22,3,20
12851,87.6585479729204,70.7146027518801,-14397.461547855311,-39.48117477758482,35.24041897110135,USD_JPY,3.0,22,5,5
12851,87.6585479729204,55.28628495339056,-13160.879455572132,-36.09018022274704,35.24041897110135,USD_JPY,3.0,22,5,8
12851,87.6585479729204,46.37372392365322,-12720.291748053744,-34.881986665322316,35.24041897110135,USD_JPY,3.0,22,5,10
12851,87.6585479729204,30.164225477138913,-11071.301879891756,-30.360074453577738,35.24041897110135,USD_JPY,3.0,22,5,15
12851,87.6585479729204,19.48513093652734,-10460.015869150937,-28.68378660596435,35.24041897110135,USD_JPY,3.0,22,5,20
12553,100.0,68.06341113677463,-25721.917419433594,-70.5354561202171,34.42323393854449,USD_JPY,3.0,44,0,5
12553,100.0,52.96741814705226,-24465.012939453125,-67.0887328705738,34.42323393854449,USD_JPY,3.0,44,0,8
12553,100.0,44.39576196924684,-24796.513671875,-67.99778467197244,34.42323393854449,USD_JPY,3.0,44,0,10
12553,100.0,27.491436310043216,-25431.61865234375,-69.73938965231264,34.42323393854449,USD_JPY,3.0,44,0,15
12553,100.0,17.262805703814447,-24749.390563964844,-67.86856219387934,34.42323393854449,USD_JPY,3.0,44,0,20
12553,99.90440532143711,85.28028067936486,12501.72491455246,34.28262577622636,34.42323393854449,USD_JPY,3.0,44,1,5
12553,99.90440532143711,70.84761980702729,19932.566284183013,54.65971418752301,34.42323393854449,USD_JPY,3.0,44,1,8
12553,99.90440532143711,61.20724025196864,22396.301574711455,61.4158470855162,34.42323393854449,USD_JPY,3.0,44,1,10
12553,99.90440532143711,41.13707040905501,24991.66577149109,68.53293693666477,34.42323393854449,USD_JPY,3.0,44,1,15
12553,99.90440532143711,26.736304919860714,25789.480468758356,70.72072965264024,34.42323393854449,USD_JPY,3.0,44,1,20
12553,99.39456703576835,81.21343271619129,4717.759277341352,12.937188820971876,34.42323393854449,USD_JPY,3.0,44,2,5
12553,99.39456703576835,66.3941652640806,9957.91162108946,27.306900443886985,34.42323393854449,USD_JPY,3.0,44,2,8
12553,99.39456703576835,56.904704656563524,11619.503112787468,31.86336922656966,34.42323393854449,USD_JPY,3.0,44,2,10
12553,99.39456703576835,37.84563597018211,13882.585449210816,38.069265242572904,34.42323393854449,USD_JPY,3.0,44,2,15
12553,99.39456703576835,24.581229462208494,14418.289489736466,39.53828981907557,34.42323393854449,USD_JPY,3.0,44,2,20
12553,97.5384370270055,77.84220842861174,-1256.1374511721833,-3.444619878966548,34.42323393854449,USD_JPY,3.0,44,3,5
12553,97.5384370270055,62.69193074158259,1995.9036865229182,5.473230265273782,34.42323393854449,USD_JPY,3.0,44,3,8
12553,97.5384370270055,53.73244037895674,3556.2716674798244,9.75212073278704,34.42323393854449,USD_JPY,3.0,44,3,10
12553,97.5384370270055,35.445932701728566,5500.681579588945,15.084143139937282,34.42323393854449,USD_JPY,3.0,44,3,15
12553,97.5384370270055,22.827507350537175,5196.998718260644,14.251374385167052,34.42323393854449,USD_JPY,3.0,44,3,20
12553,90.36086991157492,73.03182579563845,-9492.221069339415,-26.029869072433016,34.42323393854449,USD_JPY,3.0,44,5,5
12553,90.36086991157492,58.00052896058732,-6858.257568364791,-18.806930987541982,34.42323393854449,USD_JPY,3.0,44,5,8
12553,90.36086991157492,48.99056686943057,-6545.0708007878275,-17.94810032023071,34.42323393854449,USD_JPY,3.0,44,5,10
12553,90.36086991157492,32.04619589173657,-5383.936157235326,-14.764000147430885,34.42323393854449,USD_JPY,3.0,44,5,15
12553,90.36086991157492,20.9027594110887,-4322.618713389107,-11.853621859167006,34.42323393854449,USD_JPY,3.0,44,5,20
17493,100.0,67.5870348139217,-47710.384521484375,-133.9744641302613,49.12170221506624,EUR_JPY,2.0,10,0,5
17493,100.0,50.95752586748694,-47845.713317871094,-134.3544778978959,49.12170221506624,EUR_JPY,2.0,10,0,8
17493,100.0,41.70811181615265,-48180.061950683594,-135.29335481878027,49.12170221506624,EUR_JPY,2.0,10,0,10
17493,100.0,24.832790258959307,-49187.132873535156,-138.1212881625044,49.12170221506624,EUR_JPY,2.0,10,0,15
17493,100.0,15.234665294688432,-48783.990478515625,-136.98923301596474,49.12170221506624,EUR_JPY,2.0,10,0,20
17493,99.98285028297033,84.74556889650745,-613.392456052261,-1.7224536424379622,49.12170221506624,EUR_JPY,2.0,10,1,5
17493,99.98285028297033,67.28416237849815,5361.811706548173,15.056383580993282,49.12170221506624,EUR_JPY,2.0,10,1,8
17493,99.98285028297033,56.815323041734885,7725.441162116244,21.693638612330044,49.12170221506624,EUR_JPY,2.0,10,1,10
17493,99.98285028297033,34.865637507144946,6889.82098389708,19.347152271543308,49.12170221506624,EUR_JPY,2.0,10,1,15
17493,99.98285028297033,21.06346483704854,6294.878601086775,17.676507867294195,49.12170221506624,EUR_JPY,2.0,10,1,20
17493,99.83993597438976,79.13541368450736,-14698.59143066779,-41.27478598514764,49.12170221506624,EUR_JPY,2.0,10,2,5
17493,99.83993597438976,62.1757801316884,-9938.56719971379,-27.90826836041649,49.12170221506624,EUR_JPY,2.0,10,2,8
17493,99.83993597438976,51.57744059547371,-9741.287597664903,-27.354291920414646,49.12170221506624,EUR_JPY,2.0,10,2,10
17493,99.83993597438976,31.508731749210906,-10619.141296398957,-29.819373265959072,49.12170221506624,EUR_JPY,2.0,10,2,15
17493,99.83993597438976,19.364443172057292,-9947.910095229252,-27.93450393643758,49.12170221506624,EUR_JPY,2.0,10,2,20
17493,98.6566054993426,74.42925020280018,-26234.372009277846,-73.66815352649719,49.12170221506624,EUR_JPY,2.0,10,3,5
17493,98.6566054993426,57.579093753618174,-23116.64752197349,-64.91334109558285,49.12170221506624,EUR_JPY,2.0,10,3,8
17493,98.6566054993426,47.81550585235556,-23082.155273438522,-64.81648418360304,49.12170221506624,EUR_JPY,2.0,10,3,10
17493,98.6566054993426,28.97207092362794,-24249.23498535296,-68.09373463063365,49.12170221506624,EUR_JPY,2.0,10,3,15
17493,98.6566054993426,17.869973345693715,-23767.0946044938,-66.7398470061883,49.12170221506624,EUR_JPY,2.0,10,3,20
17493,90.84776767849996,68.32997734708857,-35798.065490728375,-100.52374737958031,49.12170221506624,EUR_JPY,2.0,10,5,5
17493,90.84776767849996,51.9254971054586,-35059.06408692275,-98.44857405915181,49.12170221506624,EUR_JPY,2.0,10,5,8
17493,90.84776767849996,42.38610621696184,-35870.97656251041,-100.7284873302039,49.12170221506624,EUR_JPY,2.0,10,5,10
17493,90.84776767849996,25.610369997481396,-36956.43859864626,-103.77654900657872,49.12170221506624,EUR_JPY,2.0,10,5,15
17493,90.84776767849996,16.008054366976086,-35718.38928224174,-100.30001039982236,49.12170221506624,EUR_JPY,2.0,10,5,20
17196,100.0,67.71342172597885,-47183.28826904297,-132.4943369278887,48.28770315499223,EUR_JPY,2.0,22,0,5
17196,100.0,51.052570365198235,-46513.477294921875,-130.6134557061909,48.28770315499223,EUR_JPY,2.0,22,0,8
17196,100.0,41.660851360779155,-46780.79772949219,-131.36411224211756,48.28770315499223,EUR_JPY,2.0,22,0,10
17196,100.0,24.81972551756078,-48218.352966308594,-135.40087896369786,48.28770315499223,EUR_JPY,2.0,22,0,15
17196,100.0,15.00348918353018,-48429.94842529297,-135.9950554415056,48.28770315499223,EUR_JPY,2.0,22,0,20
17196,99.98255408234473,87.68684929912827,7102.416503908175,19.94413699836216,48.28770315499223,EUR_JPY,2.0,22,1,5
17196,99.98255408234473,70.6857441982161,14954.332336430365,41.992926305108796,48.28770315499223,EUR_JPY,2.0,22,1,8
17196,99.98255408234473,60.11167335543185,18780.261413580454,52.736432211684566,48.28770315499223,EUR_JPY,2.0,22,1,10
17196,99.98255408234473,37.68975745942897,19387.58746338865,54.441850914373106,48.28770315499223,EUR_JPY,2.0,22,1,15
17196,99.98255408234473,22.86395626126779,18539.22100831284,52.059572038509316,48.28770315499223,EUR_JPY,2.0,22,1,20
17196,99.86624796464294,82.34437780235938,-6089.665588382008,-17.100253794194085,48.28770315499223,EUR_JPY,2.0,22,2,5
17196,99.86624796464294,65.4806964420855,537.7203979431531,1.5099606278357334,48.28770315499223,EUR_JPY,2.0,22,2,8
17196,99.86624796464294,54.84772608163658,2006.0539550701915,5.633155262580107,48.28770315499223,EUR_JPY,2.0,22,2,10
17196,99.86624796464294,34.15244861119,2487.694152820461,6.98563833401979,48.28770315499223,EUR_JPY,2.0,22,2,15
17196,99.86624796464294,20.96313981249514,2218.5187377790817,6.229772868903486,48.28770315499223,EUR_JPY,2.0,22,2,20
17196,99.13933472900675,77.53988737681384,-17796.475402832468,-49.97388470906577,48.28770315499223,EUR_JPY,2.0,22,3,5
17196,99.13933472900675,60.62294697324844,-12809.820922852325,-35.97097174873818,48.28770315499223,EUR_JPY,2.0,22,3,8
17196,99.13933472900675,50.65696855935883,-12510.718322754863,-35.131068424337585,48.28770315499223,EUR_JPY,2.0,22,3,10
17196,99.13933472900675,31.31159080243833,-11940.206298829458,-33.5290263646921,48.28770315499223,EUR_JPY,2.0,22,3,15
17196,99.13933472900675,19.087282965742663,-12550.258972169537,-35.24210163796235,48.28770315499223,EUR_JPY,2.0,22,3,20
17196,92.85880437311003,70.42209418837234,-30247.217407231932,-84.93653497469931,48.28770315499223,EUR_JPY,2.0,22,5,5
17196,92.85880437311003,54.083166332661946,-28359.574768074744,-79.63588788105379,48.28770315499223,EUR_JPY,2.0,22,5,8
17196,92.85880437311003,44.50150300600924,-28659.362792978827,-80.47771593153004,48.28770315499223,EUR_JPY,2.0,22,5,10
17196,92.85880437311003,27.191883767533366,-28717.434692396033,-80.64078633399019,48.28770315499223,EUR_JPY,2.0,22,5,15
17196,92.85880437311003,16.796092184367687,-28208.415832534636,-79.21142185357151,48.28770315499223,EUR_JPY,2.0,22,5,20
16687,100.0,67.20201354347293,-46356.11541748047,-130.1715713362326,46.858391634528694,EUR_JPY,2.0,44,0,5
16687,100.0,50.30263079043266,-47085.75634765625,-132.22045971993,46.858391634528694,EUR_JPY,2.0,44,0,8
16687,100.0,41.247677833041216,-46237.68035888672,-129.838996496007,46.858391634528694,EUR_JPY,2.0,44,0,10
16687,100.0,24.791754060045257,-46931.3037109375,-131.7867447238041,46.858391634528694,EUR_JPY,2.0,44,0,15
16687,100.0,14.855875831484697,-47599.1748046875,-133.66217861080108,46.858391634528694,EUR_JPY,2.0,44,0,20
16687,99.98801462216096,90.13485166316511,12992.859863282747,36.48495930522274,46.858391634528694,EUR_JPY,2.0,44,1,5
16687,99.98801462216096,74.41414444111031,24757.757934574198,69.5217065554706,46.858391634528694,EUR_JPY,2.0,44,1,8
16687,99.98801462216096,63.733892718006366,28935.487426763317,81.2530953424376,46.858391634528694,EUR_JPY,2.0,44,1,10
16687,99.98801462216096,41.294575966434444,33083.47595215734,92.90096918545579,46.858391634528694,EUR_JPY,2.0,44,1,15
16687,99.98801462216096,25.352112676054816,32933.31176758945,92.47929649593927,46.858391634528694,EUR_JPY,2.0,44,1,20
16687,99.89213159944867,85.8419821224977,2932.3516845678982,8.234271207865556,46.858391634528694,EUR_JPY,2.0,44,2,5
16687,99.89213159944867,69.0083388325593,10775.340454096277,30.257992628598522,46.858391634528694,EUR_JPY,2.0,44,2,8
16687,99.89213159944867,58.179854820321665,12428.264892570993,34.899532790421,46.858391634528694,EUR_JPY,2.0,44,2,10
16687,99.89213159944867,37.50074989501245,17187.383178700275,48.26350645174376,46.858391634528694,EUR_JPY,2.0,44,2,15
16687,99.89213159944867,23.192753014576567,16551.188720690025,46.47702301738401,46.858391634528694,EUR_JPY,2.0,44,2,20
16687,99.26889195181879,81.23151222456497,-7673.2557983401975,-21.547098059000604,46.858391634528694,EUR_JPY,2.0,44,3,5
16687,99.26889195181879,64.19559311801605,-2081.2264404303605,-5.8442454381148154,46.858391634528694,EUR_JPY,2.0,44,3,8
16687,99.26889195181879,53.98128584364298,-870.2265014657114,-2.443663583413799,46.858391634528694,EUR_JPY,2.0,44,3,10
16687,99.26889195181879,34.337458496828596,2584.779418944077,7.258261299319893,46.858391634528694,EUR_JPY,2.0,44,3,15
16687,99.26889195181879,21.116812556593956,1553.7875976547639,4.363156215483935,46.858391634528694,EUR_JPY,2.0,44,3,20
16687,94.55264577215797,72.90531119279548,-24312.064514165017,-68.2701648258328,46.858391634528694,EUR_JPY,2.0,44,5,5
16687,94.55264577215797,56.67384966408564,-21263.728088386677,-59.71019945920483,46.858391634528694,EUR_JPY,2.0,44,5,8
16687,94.55264577215797,47.47750031689393,-19625.439453134422,-55.109757769203775,46.858391634528694,EUR_JPY,2.0,44,5,10
16687,94.55264577215797,29.623526429203345,-18411.00250245403,-51.69952451874386,46.858391634528694,EUR_JPY,2.0,44,5,15
16687,94.55264577215797,18.56382304474467,-18158.63250733883,-50.99084997760931,46.858391634528694,EUR_JPY,2.0,44,5,20
15008,100.0,68.30357142856688,-42606.88049316406,-119.64342856560452,42.14362927134935,EUR_JPY,2.5,10,0,5
15008,100.0,52.07889125799227,-40912.19012451172,-114.88460642899666,42.14362927134935,EUR_JPY,2.5,10,0,8
15008,100.0,43.176972281447014,-40380.11016845703,-113.39048459992652,42.14362927134935,EUR_JPY,2.5,10,0,10
15008,100.0,25.926172707887396,-41518.52508544922,-116.58724207718483,42.14362927134935,EUR_JPY,2.5,10,0,15
15008,100.0,15.924840085286785,-41134.7900390625,-115.50968427245762,42.14362927134935,EUR_JPY,2.5,10,0,20
15008,99.97334754797441,85.9370834444091,-38.280334470737216,-0.1074941514071165,42.14362927134935,EUR_JPY,2.5,10,1,5
15008,99.97334754797441,68.84830711809725,5528.9180908245635,15.52563128274034,42.14362927134935,EUR_JPY,2.5,10,1,8
15008,99.97334754797441,58.40442548653303,7236.039794927551,20.319361574504097,42.14362927134935,EUR_JPY,2.5,10,1,10
15008,99.97334754797441,36.696880831775744,9339.149658211763,26.22505736309472,42.14362927134935,EUR_JPY,2.5,10,1,15
15008,99.97334754797441,22.56065049320031,8948.9763794051,25.129420501846393,42.14362927134935,EUR_JPY,2.5,10,1,20
15008,99.81343283582089,80.66755674231771,-11845.991394045932,-33.26446359689943,42.14362927134935,EUR_JPY,2.5,10,2,5
15008,99.81343283582089,63.698264352465706,-7662.261047368845,-21.516223944603784,42.14362927134935,EUR_JPY,2.5,10,2,8
15008,99.81343283582089,53.20427236314731,-7037.297363288422,-19.761277395433872,42.14362927134935,EUR_JPY,2.5,10,2,10
15008,99.81343283582089,33.40453938584557,-5162.446777353958,-14.496551380455584,42.14362927134935,EUR_JPY,2.5,10,2,15
15008,99.81343283582089,20.834445927902483,-4745.218322766041,-13.324941484959101,42.14362927134935,EUR_JPY,2.5,10,2,20
15008,98.55410447761194,76.11385301872245,-20910.991271973056,-58.71968709104841,42.14362927134935,EUR_JPY,2.5,10,3,5
15008,98.55410447761194,59.24548712054227,-18780.65307617256,-52.73753203065319,42.14362927134935,EUR_JPY,2.5,10,3,8
15008,98.55410447761194,49.55040227164833,-17307.779785157098,-48.60158947066999,42.14362927134935,EUR_JPY,2.5,10,3,10
15008,98.55410447761194,30.856601987693132,-16535.53247070429,-46.43305905182042,42.14362927134935,EUR_JPY,2.5,10,3,15
15008,98.55410447761194,18.984517612060102,-16593.092407227923,-46.594691822724904,42.14362927134935,EUR_JPY,2.5,10,3,20
15008,91.73773987206823,69.3056362579845,-31019.641418461833,-87.10556157181828,42.14362927134935,EUR_JPY,2.5,10,5,5
15008,91.73773987206823,53.23213248111176,-29115.171325690913,-81.75766168188558,42.14362927134935,EUR_JPY,2.5,10,5,8
15008,91.73773987206823,44.145845438695225,-28536.642761239207,-80.1331085540112,42.14362927134935,EUR_JPY,2.5,10,5,10
15008,91.73773987206823,27.07728065078246,-28980.512695323916,-81.37952979246832,42.14362927134935,EUR_JPY,2.5,10,5,15
15008,91.73773987206823,16.89424753050429,-28584.39697266926,-80.2672060875036,42.14362927134935,EUR_JPY,2.5,10,5,20
14782,100.0,67.9610336896179,-42107.48321533203,-118.24108223457613,41.509003723952965,EUR_JPY,2.5,22,0,5
14782,100.0,51.54918143687921,-41137.59216308594,-115.51755285428173,41.509003723952965,EUR_JPY,2.5,22,0,8
14782,100.0,42.30144770666741,-41251.99462890625,-115.8388038608955,41.509003723952965,EUR_JPY,2.5,22,0,10
14782,100.0,25.639291029628897,-41969.95086669922,-117.85488072114333,41.509003723952965,EUR_JPY,2.5,22,0,15
14782,100.0,15.64064402651768,-42105.335388183594,-118.23505096917881,41.509003723952965,EUR_JPY,2.5,22,0,20
14782,99.97294006223785,88.42197861685692,6148.983215333587,17.266822296293206,41.509003723952965,EUR_JPY,2.5,22,1,5
14782,99.97294006223785,71.97861686289944,13625.48950195689,38.26143245010219,41.509003723952965,EUR_JPY,2.5,22,1,8
14782,99.97294006223785,61.38178373257129,16078.723266606752,45.150303338519066,41.509003723952965,EUR_JPY,2.5,22,1,10
14782,99.97294006223785,39.200162403570225,19002.79785157067,53.36133180803493,41.509003723952965,EUR_JPY,2.5,22,1,15
14782,99.97294006223785,24.35376911625224,18562.607360850012,52.12524273222838,41.509003723952965,EUR_JPY,2.5,22,1,20
14782,99.88499526451089,83.53538774127439,-4547.448913576706,-12.769589628476618,41.509003723952965,EUR_JPY,2.5,22,2,5
14782,99.88499526451089,66.93532001354102,1234.1049194285988,3.4654624337917994,41.509003723952965,EUR_JPY,2.5,22,2,8
14782,99.88499526451089,56.07179139857392,1983.0207519464886,5.568476239833771,41.509003723952965,EUR_JPY,2.5,22,2,10
14782,99.88499526451089,35.40128682695324,4228.890136708991,11.875051849062473,41.509003723952965,EUR_JPY,2.5,22,2,15
14782,99.88499526451089,22.275651879443124,4311.813476550758,12.107907025783792,41.509003723952965,EUR_JPY,2.5,22,2,20
14782,99.20173183601678,78.73022367702681,-14700.721008301136,-41.280766004489614,41.509003723952965,EUR_JPY,2.5,22,3,5
14782,99.20173183601678,61.858974358970144,-11284.556518555322,-31.687910874839034,41.509003723952965,EUR_JPY,2.5,22,3,8
14782,99.20173183601678,52.05946535733415,-9514.656066895332,-26.71789298558314,41.509003723952965,EUR_JPY,2.5,22,3,10
14782,99.20173183601678,32.746863066009766,-8518.979125977683,-23.92195482779632,41.509003723952965,EUR_JPY,2.5,22,3,15
14782,99.20173183601678,20.219585379158467,-8926.266357423205,-25.06564899683912,41.509003723952965,EUR_JPY,2.5,22,3,20
14782,93.42443512379921,71.56408399709836,-26301.263732914624,-73.85599068016657,41.509003723952965,EUR_JPY,2.5,22,5,5
14782,93.42443512379921,55.278783490220476,-24102.647216803896,-67.68210479498292,41.509003723952965,EUR_JPY,2.5,22,5,8
14782,93.42443512379921,46.29978276610816,-23011.067810067027,-64.6168650669873,41.509003723952965,EUR_JPY,2.5,22,5,10
14782,93.42443512379921,28.580738595218786,-23408.765563976056,-65.73363123854851,41.509003723952965,EUR_JPY,2.5,22,5,15
14782,93.42443512379921,17.79869659666779,-23621.557617200408,-66.33116784588968,41.509003723952965,EUR_JPY,2.5,22,5,20
14391,100.0,67.72288235702399,-41757.14904785156,-117.25731669117368,40.41104536540435,EUR_JPY,2.5,44,0,5
14391,100.0,51.72677367798959,-40275.36511230469,-113.09635234949401,40.41104536540435,EUR_JPY,2.5,44,0,8
14391,100.0,42.41539851295654,-40549.14489746094,-113.86514724339159,40.41104536540435,EUR_JPY,2.5,44,0,10
14391,100.0,25.585435341531127,-41287.140197753906,-115.9374953470393,40.41104536540435,EUR_JPY,2.5,44,0,15
14391,100.0,15.481898408726602,-42154.561462402344,-118.37328160766222,40.41104536540435,EUR_JPY,2.5,44,0,20
14391,99.97915363769022,91.0967472894015,11577.200988770695,32.5096792690999,40.41104536540435,EUR_JPY,2.5,44,1,5
14391,99.97915363769022,75.66027244925802,21828.758178714124,61.296847823671584,40.41104536540435,EUR_JPY,2.5,44,1,8
14391,99.97915363769022,65.58242980260873,26388.805969242785,74.10181607684827,40.41104536540435,EUR_JPY,2.5,44,1,10
14391,99.97915363769022,42.63969974978853,29963.047668464536,84.13856428435088,40.41104536540435,EUR_JPY,2.5,44,1,15
14391,99.97915363769022,27.022518765636157,30595.450744638452,85.91440122413862,40.41104536540435,EUR_JPY,2.5,44,1,20
14391,99.9027169758877,86.79835848924763,2218.122314451183,6.228659681419112,40.41104536540435,EUR_JPY,2.5,44,2,5
14391,99.9027169758877,70.98838422479857,10773.578124995733,30.253043871651066,40.41104536540435,EUR_JPY,2.5,44,2,8
14391,99.9027169758877,60.151631077411125,12871.9908447207,36.14554971642538,40.41104536540435,EUR_JPY,2.5,44,2,10
14391,99.9027169758877,38.7911247130807,16030.256347647248,45.01420446694698,40.41104536540435,EUR_JPY,2.5,44,2,15
14391,99.9027169758877,24.657438965011846,16780.75860594595,47.12167307975688,40.41104536540435,EUR_JPY,2.5,44,2,20
14391,99.38155791814329,82.1353656831155,-7033.471374512009,-19.75053372188713,40.41104536540435,EUR_JPY,2.5,44,3,5
14391,99.38155791814329,65.97678646342708,-722.084960938053,-2.0276706354071217,40.41104536540435,EUR_JPY,2.5,44,3,8
14391,99.38155791814329,55.92924066563726,1402.8780517570958,3.9393904934810697,40.41104536540435,EUR_JPY,2.5,44,3,10
14391,99.38155791814329,35.75723675010238,3290.355773924737,9.239574487415238,40.41104536540435,EUR_JPY,2.5,44,3,15
14391,99.38155791814329,22.51433365962645,3581.5711059557716,10.057329750691412,40.41104536540435,EUR_JPY,2.5,44,3,20
14391,95.14974636925857,74.53443365222562,-20136.338500980528,-56.54440196346761,40.41104536540435,EUR_JPY,2.5,44,5,5
14391,95.14974636925857,58.41670926750467,-16563.345458990847,-46.51116008242258,40.41104536540435,EUR_JPY,2.5,44,5,8
14391,95.14974636925857,48.84247425691603,-15478.044433601714,-43.46355053672595,40.41104536540435,EUR_JPY,2.5,44,5,10
14391,95.14974636925857,31.12539253633016,-14574.35760499119,-40.92592775671773,40.41104536540435,EUR_JPY,2.5,44,5,15
14391,95.14974636925857,19.65237712699776,-14542.142333996882,-40.835464774464256,40.41104536540435,EUR_JPY,2.5,44,5,20
12078,100.0,69.73008776286888,-33671.53381347656,-94.55228131882065,33.91596177634311,EUR_JPY,3.0,10,0,5
12078,100.0,53.75890048020751,-32714.444213867188,-91.86469941147779,33.91596177634311,EUR_JPY,3.0,10,0,8
12078,100.0,44.36992879615463,-33000.93780517578,-92.6691956601936,33.91596177634311,EUR_JPY,3.0,10,0,10
12078,100.0,26.693161119388414,-34373.848571777344,-96.5244356901976,33.91596177634311,EUR_JPY,3.0,10,0,15
12078,100.0,16.54247391952173,-34281.412353515625,-96.26486761226134,33.91596177634311,EUR_JPY,3.0,10,0,20
12078,99.96688193409506,87.17906244822865,705.8540649428141,1.9820930192314037,33.91596177634311,EUR_JPY,3.0,10,1,5
12078,99.96688193409506,71.30197117773139,6495.032531741433,18.238555645193532,33.91596177634311,EUR_JPY,3.0,10,1,8
12078,99.96688193409506,60.93258240847599,8721.36700439882,24.490275704475113,33.91596177634311,EUR_JPY,3.0,10,1,10
12078,99.96688193409506,39.15024018551937,9986.997802741058,28.044265254031163,33.91596177634311,EUR_JPY,3.0,10,1,15
12078,99.96688193409506,24.151068411460646,9870.407592781767,27.716870892011364,33.91596177634311,EUR_JPY,3.0,10,1,20
12078,99.826130153999,82.1348594177588,-8520.770996095955,-23.92698653821522,33.91596177634311,EUR_JPY,3.0,10,2,5
12078,99.826130153999,66.127560753084,-3891.447814945585,-10.927487609399602,33.91596177634311,EUR_JPY,3.0,10,2,8
12078,99.826130153999,55.84307870945875,-2920.5497436577907,-8.201130441447782,33.91596177634311,EUR_JPY,3.0,10,2,10
12078,99.826130153999,35.506344861903,-1991.1198730548308,-5.591219200748865,33.91596177634311,EUR_JPY,3.0,10,2,15
12078,99.826130153999,22.202869702245813,-1820.1876831150662,-5.111228339650697,33.91596177634311,EUR_JPY,3.0,10,2,20
12078,98.85742672627919,77.76381909547088,-16208.086242676083,-45.513564619496165,33.91596177634311,EUR_JPY,3.0,10,3,5
12078,98.85742672627919,61.6164154103801,-12839.450805664583,-36.05417476023827,33.91596177634311,EUR_JPY,3.0,10,3,8
12078,98.85742672627919,52.060301507533325,-11740.439331055339,-32.968065208606404,33.91596177634311,EUR_JPY,3.0,10,3,10
12078,98.85742672627919,32.98157453936072,-11278.938232422784,-31.672134291156326,33.91596177634311,EUR_JPY,3.0,10,3,15
12078,98.85742672627919,20.201005025123937,-11769.199890137803,-33.04882709157603,33.91596177634311,EUR_JPY,3.0,10,3,20
12078,92.43252194071866,71.41705481905487,-24591.34582519894,-69.05440843155175,33.91596177634311,EUR_JPY,3.0,10,5,5
12078,92.43252194071866,55.6789681117829,-22628.02478027906,-63.54125049859989,33.91596177634311,EUR_JPY,3.0,10,5,8
12078,92.43252194071866,46.65890361877045,-21861.29394531927,-61.38821078248464,33.91596177634311,EUR_JPY,3.0,10,5,10
12078,92.43252194071866,28.78896452884013,-22691.41448975513,-63.719253724597884,33.91596177634311,EUR_JPY,3.0,10,5,15
12078,92.43252194071866,18.210318882119473,-22522.180480967414,-63.24403148802714,33.91596177634311,EUR_JPY,3.0,10,5,20
11927,100.0,69.58162153097429,-33004.67498779297,-92.67968995915002,33.49194205219774,EUR_JPY,3.0,22,0,5
11927,100.0,53.047706883537096,-32858.09210205078,-92.26807383480012,33.49194205219774,EUR_JPY,3.0,22,0,8
11927,100.0,43.598557893850625,-33606.724548339844,-94.37029187030849,33.49194205219774,EUR_JPY,3.0,22,0,10
11927,100.0,26.989184203904838,-33509.110107421875,-94.09618294109895,33.49194205219774,EUR_JPY,3.0,22,0,15
11927,100.0,16.74352309884994,-33777.17529296875,-94.84893079559274,33.49194205219774,EUR_JPY,3.0,22,0,20
11927,99.97484698583047,89.41630325393413,5332.820556641773,14.974974181086203,33.49194205219774,EUR_JPY,3.0,22,1,5
11927,99.97484698583047,74.52197249244594,13602.937316897294,38.19810416342772,33.49194205219774,EUR_JPY,3.0,22,1,8
11927,99.97484698583047,64.20664206641527,16913.54235840232,47.49454016642931,33.49194205219774,EUR_JPY,3.0,22,1,10
11927,99.97484698583047,41.66387118416289,18536.946166998514,52.0531841074724,33.49194205219774,EUR_JPY,3.0,22,1,15
11927,99.97484698583047,26.174102650115216,18315.81439209785,51.43222891414024,33.49194205219774,EUR_JPY,3.0,22,1,20
11927,99.88261926720885,84.88206161335641,-2588.5698242205926,-7.268905051636102,33.49194205219774,EUR_JPY,3.0,22,2,5
11927,99.88261926720885,69.52069168135067,4186.846679683785,11.756990557340977,33.49194205219774,EUR_JPY,3.0,22,2,8
11927,99.88261926720885,58.96079912699916,4582.446777338748,12.867866347271704,33.49194205219774,EUR_JPY,3.0,22,2,10
11927,99.88261926720885,37.723495341220705,6327.648803703347,17.768529140629735,33.49194205219774,EUR_JPY,3.0,22,2,15
11927,99.88261926720885,24.040963653149998,6840.616638174335,19.208982648363758,33.49194205219774,EUR_JPY,3.0,22,2,20
11927,99.25379391297056,80.40209494846422,-10205.275268554953,-28.657205325829565,33.49194205219774,EUR_JPY,3.0,22,3,5
11927,99.25379391297056,64.67308667004015,-5070.555541992662,-14.238513656818006,33.49194205219774,EUR_JPY,3.0,22,3,8
11927,99.25379391297056,54.798107788473146,-4808.344848633421,-13.502205670949447,33.49194205219774,EUR_JPY,3.0,22,3,10
11927,99.25379391297056,34.95522892380174,-3623.6584472665013,-10.175514272893981,33.49194205219774,EUR_JPY,3.0,22,3,15
11927,99.25379391297056,21.853353607026367,-3690.2964477549585,-10.362638952262953,33.49194205219774,EUR_JPY,3.0,22,3,20
11927,94.07227299404713,73.81461675578664,-19359.608154300215,-54.363282842045585,33.49194205219774,EUR_JPY,3.0,22,5,5
11927,94.07227299404713,57.81639928698237,-17940.900939946787,-50.37944283096485,33.49194205219774,EUR_JPY,3.0,22,5,8
11927,94.07227299404713,48.72549019607409,-16394.514770514354,-46.037070400600875,33.49194205219774,EUR_JPY,3.0,22,5,10
11927,94.07227299404713,30.534759358286045,-16703.9349365323,-46.90594625119654,33.49194205219774,EUR_JPY,3.0,22,5,15
11927,94.07227299404713,19.322638146165836,-16831.341552744663,-47.26371392179695,33.49194205219774,EUR_JPY,3.0,22,5,20
11676,100.0,68.69647139430724,-35200.348205566406,-98.84531083407502,32.78711456371769,EUR_JPY,3.0,44,0,5
11676,100.0,52.3466940733083,-34713.368896484375,-97.47783512346928,32.78711456371769,EUR_JPY,3.0,44,0,8
11676,100.0,42.985611510787685,-34467.752990722656,-96.78812658964942,32.78711456371769,EUR_JPY,3.0,44,0,10
11676,100.0,26.421719767041246,-34087.64953613281,-95.72076657665677,32.78711456371769,EUR_JPY,3.0,44,0,15
11676,100.0,16.281260705719742,-34594.22119140625,-97.14325911658332,32.78711456371769,EUR_JPY,3.0,44,0,20
11676,99.99143542309011,91.69164882226195,9063.961486817288,25.452307611288397,32.78711456371769,EUR_JPY,3.0,44,1,5
11676,99.99143542309011,77.74732334046442,19154.788940432052,53.78813458665452,32.78711456371769,EUR_JPY,3.0,44,1,8
11676,99.99143542309011,67.71734475374151,23363.30987549171,65.60598813595267,32.78711456371769,EUR_JPY,3.0,44,1,10
11676,99.99143542309011,44.642398286934075,26430.78936768166,74.2197087193962,32.78711456371769,EUR_JPY,3.0,44,1,15
11676,99.99143542309011,28.59100642398042,27757.370422370863,77.9448513211564,32.78711456371769,EUR_JPY,3.0,44,1,20
11676,99.9400479616307,87.74530808123338,2222.359619139162,6.240558361981475,32.78711456371769,EUR_JPY,3.0,44,2,5
11676,99.9400479616307,72.89399263003918,10128.491088863952,28.441589387476537,32.78711456371769,EUR_JPY,3.0,44,2,8
11676,99.9400479616307,62.293255634582025,12383.405151362686,34.77356315404763,32.78711456371769,EUR_JPY,3.0,44,2,10
11676,99.9400479616307,40.59473819521462,15354.983154289783,43.11798490952845,32.78711456371769,EUR_JPY,3.0,44,2,15
11676,99.9400479616307,26.23189647784504,16438.75036620213,46.16128738789185,32.78711456371769,EUR_JPY,3.0,44,2,20
11676,99.49468996231586,83.41224068175231,-5025.531250000219,-14.112081949066507,32.78711456371769,EUR_JPY,3.0,44,3,5
11676,99.49468996231586,68.05543599896117,1160.6008911128595,3.259057415182439,32.78711456371769,EUR_JPY,3.0,44,3,8
11676,99.49468996231586,58.27666351036771,3031.4945068353863,8.512671950573198,32.78711456371769,EUR_JPY,3.0,44,3,10
11676,99.49468996231586,37.49677197210661,4974.269897460113,13.968136091030912,32.78711456371769,EUR_JPY,3.0,44,3,15
11676,99.49468996231586,23.69802875096637,5115.654724120085,14.365155661883248,32.78711456371769,EUR_JPY,3.0,44,3,20
11676,95.50359712230215,76.2801542462491,-15659.826965335038,-43.97401000003728,32.78711456371769,EUR_JPY,3.0,44,5,5
11676,95.50359712230215,60.71204376288577,-12022.017211919043,-33.758757760720755,32.78711456371769,EUR_JPY,3.0,44,5,8
11676,95.50359712230215,51.05371715540748,-11065.134582525736,-31.07175704181447,32.78711456371769,EUR_JPY,3.0,44,5,10
11676,95.50359712230215,32.55313424804658,-9697.247009285895,-27.230622528787713,32.78711456371769,EUR_JPY,3.0,44,5,15
11676,95.50359712230215,20.751502107432447,-9709.856872568642,-27.266032003957655,32.78711456371769,EUR_JPY,3.0,44,5,20
18770,100.0,60.916355887050564,-49537.16857910156,-128.45183729860426,48.67135234515517,AUD_JPY,2.0,10,0,5
18770,100.0,43.29781566329018,-48353.06661987305,-125.38141408761867,48.67135234515517,AUD_JPY,2.0,10,0,8
18770,100.0,34.01704848161779,-48424.05471801758,-125.56548903365515,48.67135234515517,AUD_JPY,2.0,10,0,10
18770,100.0,18.103356419817896,-48255.13732910156,-125.1274795635883,48.67135234515517,AUD_JPY,2.0,10,0,15
18770,100.0,9.738945125199267,-48288.836517333984,-125.21486289146287,48.67135234515517,AUD_JPY,2.0,10,0,20
18770,99.9413958444326,77.36553121168093,-6007.747131349828,-15.578325915318205,48.67135234515517,AUD_JPY,2.0,10,1,5
18770,99.9413958444326,56.9859800629001,-2998.643707279519,-7.775601728001268,48.67135234515517,AUD_JPY,2.0,10,1,8
18770,99.9413958444326,46.19649235033604,-1239.3362121633666,-3.2136478133358124,48.67135234515517,AUD_JPY,2.0,10,1,10
18770,99.9413958444326,25.768964230501318,813.5568237233451,2.1095850197253183,48.67135234515517,AUD_JPY,2.0,10,1,15
18770,99.9413958444326,14.222506530198078,1063.2527770913773,2.757056502172571,48.67135234515517,AUD_JPY,2.0,10,1,20
18770,99.64837506659563,70.46086398630932,-22550.621490476315,-58.474653391859405,48.67135234515517,AUD_JPY,2.0,10,2,5
18770,99.64837506659563,51.20829769033088,-20137.92736816043,-52.218442111714424,48.67135234515517,AUD_JPY,2.0,10,2,8
18770,99.64837506659563,41.53656971770522,-18021.04232787651,-46.729275480396,48.67135234515517,AUD_JPY,2.0,10,2,10
18770,99.64837506659563,22.77587681779177,-17202.63851928136,-44.607122037202004,48.67135234515517,AUD_JPY,2.0,10,2,15
18770,99.64837506659563,12.836826347304703,-16612.24893187828,-43.07621848742011,48.67135234515517,AUD_JPY,2.0,10,2,20
18770,96.89397975492807,65.78875020618761,-31386.809936524147,-81.38723949978605,48.67135234515517,AUD_JPY,2.0,10,3,5
18770,96.89397975492807,47.64941991532151,-30061.918792725693,-77.95174436506095,48.67135234515517,AUD_JPY,2.0,10,3,8
18770,96.89397975492807,38.214108978938896,-28344.528137208305,-73.49848247326746,48.67135234515517,AUD_JPY,2.0,10,3,10
18770,96.89397975492807,20.784076538185474,-28387.12091064617,-73.6089272193171,48.67135234515517,AUD_JPY,2.0,10,3,15
18770,96.89397975492807,11.574201352613867,-28075.037475587764,-72.79968252944954,48.67135234515517,AUD_JPY,2.0,10,3,20
18770,85.02397442727757,60.01629174759947,-36534.116973875134,-94.73441022134209,48.67135234515517,AUD_JPY,2.0,10,5,5
18770,85.02397442727757,43.54909455479394,-33709.73236083728,-87.41066921657917,48.67135234515517,AUD_JPY,2.0,10,5,8
18770,85.02397442727757,34.450780124065766,-33129.9354553193,-85.90723290986118,48.67135234515517,AUD_JPY,2.0,10,5,10
18770,85.02397442727757,18.760573970799,-33107.93670653928,-85.85018928423386,48.67135234515517,AUD_JPY,2.0,10,5,15
18770,85.02397442727757,10.627232282723815,-33238.041229243994,-86.18755545718322,48.67135234515517,AUD_JPY,2.0,10,5,20
18468,100.0,60.8566168507656,-47390.630798339844,-122.8857799384742,47.888254401189435,AUD_JPY,2.0,22,0,5
18468,100.0,43.04201862681162,-47072.642333984375,-122.06122327409808,47.888254401189435,AUD_JPY,2.0,22,0,8
18468,100.0,33.40372536278788,-46901.52374267578,-121.61750599917069,47.888254401189435,AUD_JPY,2.0,22,0,10
18468,100.0,18.025774312323044,-46113.13766479492,-119.57318971890675,47.888254401189435,AUD_JPY,2.0,22,0,15
18468,100.0,9.94152046783572,-45999.325256347656,-119.27806964257283,47.888254401189435,AUD_JPY,2.0,22,0,20
18468,99.97292614251678,80.69111195363263,3098.0201721173166,8.03328883162068,47.888254401189435,AUD_JPY,2.0,22,1,5
18468,99.97292614251678,60.206900287057344,7334.027343746241,19.017422959854862,47.888254401189435,AUD_JPY,2.0,22,1,8
18468,99.97292614251678,49.168607485238084,9926.647491450276,25.740189539825632,47.888254401189435,AUD_JPY,2.0,22,1,10
18468,99.97292614251678,27.72572171369616,12563.623443596689,32.57797247496783,47.888254401189435,AUD_JPY,2.0,22,1,15
18468,99.97292614251678,15.57710014623758,13347.304351798666,34.610088064167066,47.888254401189435,AUD_JPY,2.0,22,1,20
18468,99.72384665367122,73.58418852147072,-13204.168243406268,-34.238930474136126,47.888254401189435,AUD_JPY,2.0,22,2,5
18468,99.72384665367122,54.09132866373165,-9671.360076900934,-25.078219177395436,47.888254401189435,AUD_JPY,2.0,22,2,8
18468,99.72384665367122,43.94309605255774,-7554.857604976361,-19.590044560963218,47.888254401189435,AUD_JPY,2.0,22,2,10
18468,99.72384665367122,24.67828636585629,-5005.680603021824,-12.979927776077997,47.888254401189435,AUD_JPY,2.0,22,2,15
18468,99.72384665367122,14.16082966824053,-4065.196807855037,-10.541216099494543,47.888254401189435,AUD_JPY,2.0,22,2,20
18468,97.64457439896036,68.48555426162766,-23947.3535766608,-62.09643493146882,47.888254401189435,AUD_JPY,2.0,22,3,5
18468,97.64457439896036,50.3410414240531,-20682.741943360394,-53.631167852382156,47.888254401189435,AUD_JPY,2.0,22,3,8
18468,97.64457439896036,40.30943270670214,-19111.456634522707,-49.556762902930636,47.888254401189435,AUD_JPY,2.0,22,3,10
18468,97.64457439896036,22.425553152552407,-17560.17764282386,-45.53423512506108,47.888254401189435,AUD_JPY,2.0,22,3,15
18468,97.64457439896036,12.86530250096973,-17299.386657716626,-44.857993786510505,47.888254401189435,AUD_JPY,2.0,22,3,20
18468,87.79510504656703,61.44073023312807,-34350.813293455256,-89.07301742932344,47.888254401189435,AUD_JPY,2.0,22,5,5
18468,87.79510504656703,44.83162698901907,-30917.21920776113,-80.169572167999,47.888254401189435,AUD_JPY,2.0,22,5,8
18468,87.79510504656703,35.6728752929545,-29673.01879882516,-76.943311300055,47.888254401189435,AUD_JPY,2.0,22,5,10
18468,87.79510504656703,19.816208215121513,-29311.247406002167,-76.00522377056724,47.888254401189435,AUD_JPY,2.0,22,5,15
18468,87.79510504656703,11.551745405204665,-28708.551330562328,-74.4424090105899,47.888254401189435,AUD_JPY,2.0,22,5,20
17917,100.0,60.400736730476055,-48344.89196777344,-125.36021689142052,46.4594896093844,AUD_JPY,2.0,44,0,5
17917,100.0,42.864318803368704,-47507.403717041016,-123.18857673498337,46.4594896093844,AUD_JPY,2.0,44,0,8
17917,100.0,33.437517441534105,-47072.012939453125,-122.05959122918628,46.4594896093844,AUD_JPY,2.0,44,0,10
17917,100.0,18.139197410279724,-46525.99334716797,-120.64374083155874,46.4594896093844,AUD_JPY,2.0,44,0,15
17917,100.0,9.912373723279014,-47278.29406738281,-122.59448635223485,46.4594896093844,AUD_JPY,2.0,44,0,20
17917,99.97767483395657,84.3912242505396,11395.603240965365,29.549249894865078,46.4594896093844,AUD_JPY,2.0,44,1,5
17917,99.97767483395657,64.77418634510887,18568.557037350285,48.149002776024844,46.4594896093844,AUD_JPY,2.0,44,1,8
17917,99.97767483395657,52.833137944506625,20655.276123042553,53.559947894037016,46.4594896093844,AUD_JPY,2.0,44,1,10
17917,99.97767483395657,30.54764696030645,22885.157836907696,59.34211936891975,46.4594896093844,AUD_JPY,2.0,44,1,15
17917,99.97767483395657,17.015575280521574,23427.861328117397,60.7493709853083,46.4594896093844,AUD_JPY,2.0,44,1,20
17917,99.82697996316348,77.563457452752,-3682.095275877309,-9.547818675581025,46.4594896093844,AUD_JPY,2.0,44,2,5
17917,99.82697996316348,57.944761265791236,1351.2618713408833,3.5038754741931735,46.4594896093844,AUD_JPY,2.0,44,2,8
17917,99.82697996316348,47.31633679972899,3785.358032230312,9.815583086800466,46.4594896093844,AUD_JPY,2.0,44,2,10
17917,99.82697996316348,27.088225427707307,5424.151580815736,14.065039571838739,46.4594896093844,AUD_JPY,2.0,44,2,15
17917,99.82697996316348,15.397517611538891,6213.969818121255,16.113069498132095,46.4594896093844,AUD_JPY,2.0,44,2,20
17917,98.43165708544957,72.42004989793193,-14572.615081787662,-37.78736724752315,46.4594896093844,AUD_JPY,2.0,44,3,5
17917,98.43165708544957,53.662962122927325,-10927.415374756789,-28.33522024116428,46.4594896093844,AUD_JPY,2.0,44,3,8
17917,98.43165708544957,43.144704014513316,-9762.231079102703,-25.31385128001236,46.4594896093844,AUD_JPY,2.0,44,3,10
17917,98.43165708544957,24.557722839644786,-8216.94488525542,-21.306863063984398,46.4594896093844,AUD_JPY,2.0,44,3,15
17917,98.43165708544957,14.169879791335099,-7402.524810792736,-19.195039600950793,46.4594896093844,AUD_JPY,2.0,44,3,20
17917,90.23832114751353,64.10192973774961,-28160.056304929993,-73.02013971639084,46.4594896093844,AUD_JPY,2.0,44,5,5
17917,90.23832114751353,47.06209797129842,-25178.957794187023,-65.29003337691357,46.4594896093844,AUD_JPY,2.0,44,5,8
17917,90.23832114751353,37.84636318653897,-24569.055633542066,-63.70853295300189,46.4594896093844,AUD_JPY,2.0,44,5,10
17917,90.23832114751353,21.146709549726552,-23846.168670650673,-61.834058468366514,46.4594896093844,AUD_JPY,2.0,44,5,15
17917,90.23832114751353,12.574220682829504,-22669.744720454968,-58.78354463846484,46.4594896093844,AUD_JPY,2.0,44,5,20
15808,100.0,62.088815789469756,-42572.72491455078,-110.39275943577343,40.990769199372025,AUD_JPY,2.5,10,0,5
15808,100.0,44.338309716596385,-41828.1953125,-108.46216473184099,40.990769199372025,AUD_JPY,2.5,10,0,8
15808,100.0,34.87474696356054,-41294.20959472656,-107.07751864675673,40.990769199372025,AUD_JPY,2.5,10,0,10
15808,100.0,18.977732793521067,-41496.50650024414,-107.60208252351649,40.990769199372025,AUD_JPY,2.5,10,0,15
15808,100.0,10.494686234817149,-41229.69696044922,-106.91023483462958,40.990769199372025,AUD_JPY,2.5,10,0,20
15808,99.96837044534414,78.63696766436254,-4732.844940187274,-12.272454111818842,40.990769199372025,AUD_JPY,2.5,10,1,5
15808,99.96837044534414,59.02676706954002,-1673.8256225619064,-4.340296038362241,40.990769199372025,AUD_JPY,2.5,10,1,8
15808,99.96837044534414,48.022527368218185,-191.41180420342107,-0.4963383785512286,40.990769199372025,AUD_JPY,2.5,10,1,10
15808,99.96837044534414,27.507435297093746,2147.858642572264,5.569482407044293,40.990769199372025,AUD_JPY,2.5,10,1,15
15808,99.96837044534414,15.617287856735073,2931.689453118178,7.601986698949926,40.990769199372025,AUD_JPY,2.5,10,1,20
15808,99.63942307692307,71.93194082914913,-18295.153228758005,-47.440055887345984,40.990769199372025,AUD_JPY,2.5,10,2,5
15808,99.63942307692307,53.1521808139132,-16041.722137448238,-41.59681994538194,40.990769199372025,AUD_JPY,2.5,10,2,8
15808,99.63942307692307,43.09567646498361,-14278.33261108042,-37.02428116223839,40.990769199372025,AUD_JPY,2.5,10,2,10
15808,99.63942307692307,24.506380547265284,-12633.134490962064,-32.75821736991727,40.990769199372025,AUD_JPY,2.5,10,2,15
15808,99.63942307692307,13.935623135038162,-11940.411102289527,-30.96195822618733,40.990769199372025,AUD_JPY,2.5,10,2,20
15808,97.17864372469636,67.26988673349386,-26717.518676758387,-69.27958259482,40.990769199372025,AUD_JPY,2.5,10,3,5
15808,97.17864372469636,49.40111964587622,-25058.40228271573,-64.97742816775163,40.990769199372025,AUD_JPY,2.5,10,3,8
15808,97.17864372469636,39.68233302955086,-22933.021820069414,-59.46623257025734,40.990769199372025,AUD_JPY,2.5,10,3,10
15808,97.17864372469636,22.503580262985125,-22087.61917114393,-57.27407006629465,40.990769199372025,AUD_JPY,2.5,10,3,15
15808,97.17864372469636,12.719697955994485,-22133.302062989806,-57.39252761158906,40.990769199372025,AUD_JPY,2.5,10,3,20
15808,85.87424089068826,61.67219152854058,-31638.20465087743,-82.0391159366533,40.990769199372025,AUD_JPY,2.5,10,5,5
15808,85.87424089068826,44.906077348062986,-28488.215972898266,-73.87107071400155,40.990769199372025,AUD_JPY,2.5,10,5,8
15808,85.87424089068826,36.13259668508021,-27855.017852780737,-72.22916294583266,40.990769199372025,AUD_JPY,2.5,10,5,10
15808,85.87424089068826,20.456721915283943,-27463.697204586773,-71.21445302850805,40.990769199372025,AUD_JPY,2.5,10,5,15
15808,85.87424089068826,11.63167587476894,-27529.292297359872,-71.38454369832544,40.990769199372025,AUD_JPY,2.5,10,5,20
15589,100.0,62.32599910192684,-39914.390869140625,-103.49959412009524,40.422893538019395,AUD_JPY,2.5,22,0,5
15589,100.0,44.41593431265351,-39979.4714050293,-103.66835052356083,40.422893538019395,AUD_JPY,2.5,22,0,8
15589,100.0,34.93488998652672,-39708.17626953125,-102.9648715076124,40.422893538019395,AUD_JPY,2.5,22,0,10
15589,100.0,19.3149015331311,-39383.7678527832,-102.12366765277606,40.422893538019395,AUD_JPY,2.5,22,0,15
15589,100.0,10.648534222848761,-39043.76220703125,-101.24201956626912,40.422893538019395,AUD_JPY,2.5,22,0,20
15589,99.9679261017384,81.84676591375245,2731.504150389177,7.082898291733903,40.422893538019395,AUD_JPY,2.5,22,1,5
15589,99.9679261017384,62.64758726898981,7544.0176086396,19.561936021744962,40.422893538019395,AUD_JPY,2.5,22,1,8
15589,99.9679261017384,51.59137577001722,10300.139862056687,26.708670028265264,40.422893538019395,AUD_JPY,2.5,22,1,10
15589,99.9679261017384,29.607289527718837,12594.227447504152,32.65732986747463,40.422893538019395,AUD_JPY,2.5,22,1,15
15589,99.9679261017384,17.120123203284322,13854.617065423077,35.92556999458745,40.422893538019395,AUD_JPY,2.5,22,1,20
15589,99.83321572903971,75.17830752425142,-10603.790069578541,-27.49604702560014,40.422893538019395,AUD_JPY,2.5,22,2,5
15589,99.83321572903971,56.51866606695004,-6628.369537350823,-17.187624359419022,40.422893538019395,AUD_JPY,2.5,22,2,8
15589,99.83321572903971,46.276424853816984,-4230.770446774017,-10.970555093575266,40.422893538019395,AUD_JPY,2.5,22,2,10
15589,99.83321572903971,26.607980466489327,-2339.4736328079553,-6.066347655013114,40.422893538019395,AUD_JPY,2.5,22,2,15
15589,99.83321572903971,15.459744265243497,-827.7783813424212,-2.1464620810878636,40.422893538019395,AUD_JPY,2.5,22,2,20
15589,98.00500352812881,70.30370467338196,-20011.26962280325,-51.89001356874574,40.422893538019395,AUD_JPY,2.5,22,3,5
15589,98.00500352812881,52.62468909542789,-16245.653289795746,-42.125621488805436,40.422893538019395,AUD_JPY,2.5,22,3,8
15589,98.00500352812881,42.15865951040436,-14731.666351319363,-38.19979347982585,40.422893538019395,AUD_JPY,2.5,22,3,10
15589,98.00500352812881,24.27673779290324,-13276.075622559909,-34.4253891521864,40.422893538019395,AUD_JPY,2.5,22,3,15
15589,98.00500352812881,14.046341144127894,-12232.572723390165,-31.71954486456351,40.422893538019395,AUD_JPY,2.5,22,3,20
15589,88.56244787991533,63.71142981312011,-28407.445068357953,-73.66162856407514,40.422893538019395,AUD_JPY,2.5,22,5,5
15589,88.56244787991533,46.653628857015306,-25166.849395749858,-65.25863582088422,40.422893538019395,AUD_JPY,2.5,22,5,8
15589,88.56244787991533,37.722729248150245,-23833.037719724118,-61.80000939329068,40.422893538019395,AUD_JPY,2.5,22,5,10
15589,88.56244787991533,21.671736925972642,-23079.76135253599,-59.84673398142643,40.422893538019395,AUD_JPY,2.5,22,5,15
15589,88.56244787991533,12.552513399970117,-22604.356842037585,-58.61399128366704,40.422893538019395,AUD_JPY,2.5,22,5,20
15157,100.0,61.79323085042806,-41560.309143066406,-107.76752529972077,39.302700452611454,AUD_JPY,2.5,44,0,5
15157,100.0,43.56402982120185,-41371.416259765625,-107.2777185826923,39.302700452611454,AUD_JPY,2.5,44,0,8
15157,100.0,34.215214092496254,-41350.5094909668,-107.22350650434353,39.302700452611454,AUD_JPY,2.5,44,0,10
15157,100.0,18.55248400079049,-40582.39929199219,-105.23176637998549,39.302700452611454,AUD_JPY,2.5,44,0,15
15157,100.0,10.100943458467368,-40831.58386230469,-105.87791182594476,39.302700452611454,AUD_JPY,2.5,44,0,20
15157,99.97360955334169,85.23724674981288,8651.082580565262,22.43259927787566,39.302700452611454,AUD_JPY,2.5,44,1,5
15157,99.97360955334169,66.38949382960031,16307.690917966145,42.28648751221189,39.302700452611454,AUD_JPY,2.5,44,1,8
15157,99.97360955334169,54.820827558895616,18975.400756832438,49.2039646311303,39.302700452611454,AUD_JPY,2.5,44,1,10
15157,99.97360955334169,32.15204909918616,21477.195190424427,55.69121654229192,39.302700452611454,AUD_JPY,2.5,44,1,15
15157,99.97360955334169,18.412195604829513,22641.40826415383,58.71006708658174,39.302700452611454,AUD_JPY,2.5,44,1,20
15157,99.83505970838557,79.1567538990167,-2632.789581297573,-6.8269275099620526,39.302700452611454,AUD_JPY,2.5,44,2,5
15157,99.83505970838557,60.11763150938011,2597.1834716820895,6.734599459523299,39.302700452611454,AUD_JPY,2.5,44,2,8
15157,99.83505970838557,49.57705524715506,5188.691864016708,13.45448321385174,39.302700452611454,AUD_JPY,2.5,44,2,10
15157,99.83505970838557,28.766851704994135,7046.305572514055,18.271349027781667,39.302700452611454,AUD_JPY,2.5,44,2,15
15157,99.83505970838557,16.633624107849812,8232.422790532364,21.346997884511786,39.302700452611454,AUD_JPY,2.5,44,2,20
15157,98.52213498713466,73.74271747136719,-12303.694274902791,-31.903965860461494,39.302700452611454,AUD_JPY,2.5,44,3,5
15157,98.52213498713466,55.62847384985899,-7939.996215821066,-20.58872421094437,39.302700452611454,AUD_JPY,2.5,44,3,8
15157,98.52213498713466,45.14163262572523,-6339.104858399369,-16.437549606608453,39.302700452611454,AUD_JPY,2.5,44,3,10
15157,98.52213498713466,26.069778343264844,-4526.292419434849,-11.736855256447438,39.302700452611454,AUD_JPY,2.5,44,3,15
15157,98.52213498713466,15.288287684991944,-3441.686096192844,-8.924428164583032,39.302700452611454,AUD_JPY,2.5,44,3,20
15157,90.98106485452266,65.9680928208799,-23190.81314086781,-60.134695660619705,39.302700452611454,AUD_JPY,2.5,44,5,5
15157,90.98106485452266,48.88324873096092,-20029.10327148237,-51.93625692508357,39.302700452611454,AUD_JPY,2.5,44,5,8
15157,90.98106485452266,39.528643944884735,-19560.495147702706,-50.721137526879936,39.302700452611454,AUD_JPY,2.5,44,5,10
15157,90.98106485452266,22.487309644668418,-18100.69778442079,-46.93582522955322,39.302700452611454,AUD_JPY,2.5,44,5,15
15157,90.98106485452266,13.41551849165965,-17292.26684569973,-44.839531832365296,39.302700452611454,AUD_JPY,2.5,44,5,20
12321,100.0,64.00454508562096,-34397.286529541016,-89.19352436848963,31.94884029007229,AUD_JPY,3.0,10,0,5
12321,100.0,46.367989611229085,-34112.90444946289,-88.45611038766222,31.94884029007229,AUD_JPY,3.0,10,0,8
12321,100.0,36.61228796363634,-34251.112213134766,-88.814488584919,31.94884029007229,AUD_JPY,3.0,10,0,10
12321,100.0,20.030841652461646,-34522.796325683594,-89.51897623374398,31.94884029007229,AUD_JPY,3.0,10,0,15
12321,100.0,11.159808457104848,-34329.28466796875,-89.01719285198936,31.94884029007229,AUD_JPY,3.0,10,0,20
12321,99.9594188783378,80.96784670346858,-2685.8623352062773,-6.964547259851145,31.94884029007229,AUD_JPY,3.0,10,1,5
12321,99.9594188783378,62.34166937316804,510.42932128668974,1.323563417349115,31.94884029007229,AUD_JPY,3.0,10,1,8
12321,99.9594188783378,51.33160116920661,2026.3349304168553,5.254366615216529,31.94884029007229,AUD_JPY,3.0,10,1,10
12321,99.9594188783378,29.73367976615543,3121.3063964799476,8.093670932352804,31.94884029007229,AUD_JPY,3.0,10,1,15
12321,99.9594188783378,17.09970769730293,3552.6383972115736,9.212131869238776,31.94884029007229,AUD_JPY,3.0,10,1,20
12321,99.6185374563753,74.93074792243156,-12424.563354490963,-32.21738416415199,31.94884029007229,AUD_JPY,3.0,10,2,5
12321,99.6185374563753,56.61561023300826,-10735.26974487093,-27.836979023596008,31.94884029007229,AUD_JPY,3.0,10,2,8
12321,99.6185374563753,46.203356688932196,-9280.88693237042,-24.06570687058855,31.94884029007229,AUD_JPY,3.0,10,2,10
12321,99.6185374563753,26.584650480688726,-8501.189758297196,-22.04392126154008,31.94884029007229,AUD_JPY,3.0,10,2,15
12321,99.6185374563753,15.569496496658337,-7506.463104243923,-19.464555706583017,31.94884029007229,AUD_JPY,3.0,10,2,20
12321,97.63006249492736,70.39654169090777,-19804.075592041423,-51.352751252548515,31.94884029007229,AUD_JPY,3.0,10,3,5
12321,97.63006249492736,52.55632222129416,-18004.870147705726,-46.687340377610624,31.94884029007229,AUD_JPY,3.0,10,3,8
12321,97.63006249492736,42.35597306508917,-17454.792358399223,-45.260966914606854,31.94884029007229,AUD_JPY,3.0,10,3,10
12321,97.63006249492736,24.399368193530268,-16934.980804444393,-43.91307499688612,31.94884029007229,AUD_JPY,3.0,10,3,15
12321,97.63006249492736,14.223958766313558,-16156.067260743363,-41.89332137238498,31.94884029007229,AUD_JPY,3.0,10,3,20
12321,87.33057381706031,64.58178438661109,-25075.85540771376,-65.02268481113485,31.94884029007229,AUD_JPY,3.0,10,5,5
12321,87.33057381706031,47.351301115237234,-23257.774200437845,-60.308328336364944,31.94884029007229,AUD_JPY,3.0,10,5,8
12321,87.33057381706031,38.22490706319347,-22727.772979734436,-58.93401420976836,31.94884029007229,AUD_JPY,3.0,10,5,10
12321,87.33057381706031,21.914498141261905,-22503.457489011285,-58.35235527074529,31.94884029007229,AUD_JPY,3.0,10,5,15
12321,87.33057381706031,12.695167286244171,-22274.652099606705,-57.759053846867786,31.94884029007229,AUD_JPY,3.0,10,5,20
12185,100.0,63.26631103815647,-34807.1728515625,-90.25637581231315,31.59618691133275,AUD_JPY,3.0,22,0,5
12185,100.0,46.13048830528961,-34333.773834228516,-89.02883343764546,31.59618691133275,AUD_JPY,3.0,22,0,8
12185,100.0,36.37258924907375,-34023.082427978516,-88.22319833353222,31.59618691133275,AUD_JPY,3.0,22,0,10
12185,100.0,19.90972507180797,-34428.19152832031,-89.27366225260332,31.59618691133275,AUD_JPY,3.0,22,0,15
12185,100.0,10.890439064422578,-34450.79284667969,-89.33226836498127,31.59618691133275,AUD_JPY,3.0,22,0,20
12185,99.96717275338531,83.72875790164323,2112.9305725087515,5.478912539979961,31.59618691133275,AUD_JPY,3.0,22,1,5
12185,99.96717275338531,65.4626056973922,6314.929351804489,16.374861561877392,31.59618691133275,AUD_JPY,3.0,22,1,8
12185,99.96717275338531,54.08422953780033,8194.032775876045,21.24745105819994,31.59618691133275,AUD_JPY,3.0,22,1,10
12185,99.96717275338531,31.926771201048194,10046.218841548492,26.050242779624043,31.59618691133275,AUD_JPY,3.0,22,1,15
12185,99.96717275338531,18.454970856250025,11255.320312494918,29.185490713213753,31.59618691133275,AUD_JPY,3.0,22,1,20
12185,99.72096840377513,77.82898526869576,-7350.161865233304,-19.059260412183967,31.59618691133275,AUD_JPY,3.0,22,2,5
12185,99.72096840377513,59.35313965928242,-4728.374511716785,-12.260862113991404,31.59618691133275,AUD_JPY,3.0,22,2,8
12185,99.72096840377513,48.91778454447791,-2939.5799865697954,-7.622447164257061,31.59618691133275,AUD_JPY,3.0,22,2,10
12185,99.72096840377513,28.688996790385264,-1183.4921264613959,-3.06884189050184,31.59618691133275,AUD_JPY,3.0,22,2,15
12185,99.72096840377513,16.838120319313894,187.91671753331775,0.48727548058652675,31.59618691133275,AUD_JPY,3.0,22,2,20
12185,98.24374230611409,72.86776376241977,-15338.76867675818,-39.774033820315765,31.59618691133275,AUD_JPY,3.0,22,3,5
12185,98.24374230611409,55.03299640798137,-12803.568572998658,-33.20015968523033,31.59618691133275,AUD_JPY,3.0,22,3,8
12185,98.24374230611409,44.55768106256415,-12249.870391846458,-31.764398402985776,31.59618691133275,AUD_JPY,3.0,22,3,10
12185,98.24374230611409,26.021217943360952,-10303.294342042023,-26.71684971962552,31.59618691133275,AUD_JPY,3.0,22,3,15
12185,98.24374230611409,15.387185698770747,-9125.484344483573,-23.66274181409469,31.59618691133275,AUD_JPY,3.0,22,3,20
12185,89.74969224456298,65.94732991952579,-23252.652893065344,-60.29504858380262,31.59618691133275,AUD_JPY,3.0,22,5,5
12185,89.74969224456298,48.774689100215,-21358.149993894895,-55.38252763950624,31.59618691133275,AUD_JPY,3.0,22,5,8
12185,89.74969224456298,39.72201901974765,-20457.448883054767,-53.0469740367693,31.59618691133275,AUD_JPY,3.0,22,5,10
12185,89.74969224456298,22.979151426479245,-19036.76101684331,-49.36307421210949,31.59618691133275,AUD_JPY,3.0,22,5,15
12185,89.74969224456298,13.53328456473907,-18621.96929931372,-48.28750288372725,31.59618691133275,AUD_JPY,3.0,22,5,20
11905,100.0,62.4443511129725,-35312.77893066406,-91.56743237191915,30.870135837457237,AUD_JPY,3.0,44,0,5
11905,100.0,45.20789584207936,-35236.88101196289,-91.37062606699807,30.870135837457237,AUD_JPY,3.0,44,0,8
11905,100.0,35.27089458210539,-36005.6901550293,-93.36417858102907,30.870135837457237,AUD_JPY,3.0,44,0,10
11905,100.0,19.840403191934495,-35127.67364501953,-91.08744704541112,30.870135837457237,AUD_JPY,3.0,44,0,15
11905,100.0,10.902981940360275,-35405.181732177734,-91.80703649073382,30.870135837457237,AUD_JPY,3.0,44,0,20
11905,99.99160016799664,86.71034946235831,7365.639617919112,19.099394837036506,30.870135837457237,AUD_JPY,3.0,44,1,5
11905,99.99160016799664,68.65759408601573,12732.609680173871,33.01616046974299,30.870135837457237,AUD_JPY,3.0,44,1,8
11905,99.99160016799664,57.38407258064034,15194.917022702484,39.40102079208038,30.870135837457237,AUD_JPY,3.0,44,1,10
11905,99.99160016799664,34.81182795698633,17589.298248287043,45.60974600673411,30.870135837457237,AUD_JPY,3.0,44,1,15
11905,99.99160016799664,20.27049731182625,18591.41973876468,48.20828666500204,30.870135837457237,AUD_JPY,3.0,44,1,20
11905,99.86560268794624,80.9655984523441,-1752.5628051748809,-4.544464666898251,30.870135837457237,AUD_JPY,3.0,44,2,5
11905,99.86560268794624,62.62091008494721,2266.2016601580185,5.876350532057886,30.870135837457237,AUD_JPY,3.0,44,2,8
11905,99.86560268794624,52.02287829085272,4079.8135681175045,10.579117936941492,30.870135837457237,AUD_JPY,3.0,44,2,10
11905,99.86560268794624,31.272604928923265,6295.809295657547,16.325282500098652,30.870135837457237,AUD_JPY,3.0,44,2,15
11905,99.86560268794624,18.40356632180853,7276.116760257766,18.867258526531415,30.870135837457237,AUD_JPY,3.0,44,2,20
11905,98.65602687946242,75.82801191995948,-9539.576446533525,-24.736499011868755,30.870135837457237,AUD_JPY,3.0,44,3,5
11905,98.65602687946242,58.16091954022493,-5956.884521484934,-15.446437156344928,30.870135837457237,AUD_JPY,3.0,44,3,8
11905,98.65602687946242,47.790549169855446,-4889.00109863351,-12.677373206576574,30.870135837457237,AUD_JPY,3.0,44,3,10
11905,98.65602687946242,28.378033205616994,-2954.890838624003,-7.662148809171013,30.870135837457237,AUD_JPY,3.0,44,3,15
11905,98.65602687946242,16.88378033205476,-1973.4891662608754,-5.117335458733596,30.870135837457237,AUD_JPY,3.0,44,3,20
11905,92.07895842083158,67.91643860608758,-19567.601928709937,-50.73956569110172,30.870135837457237,AUD_JPY,3.0,44,5,5
11905,92.07895842083158,51.20415982484481,-17246.300903318792,-44.72034032583893,30.870135837457237,AUD_JPY,3.0,44,5,8
11905,92.07895842083158,42.09085933223481,-16032.497406004055,-41.57289985191314,30.870135837457237,AUD_JPY,3.0,44,5,10
11905,92.07895842083158,24.45721583652395,-14964.59335326913,-38.803782408040966,30.870135837457237,AUD_JPY,3.0,44,5,15
11905,92.07895842083158,14.422550629445865,-14597.793731686786,-37.85265648251599,30.870135837457237,AUD_JPY,3.0,44,5,20
