pair,thr,peak_bars,sd,tp,n_events,fill_rate,tp_rate,up_tp_pct,dn_tp_pct,total_pnl,ppd,ev_per_day
GBP_JPY,2.0,10,0,5,18757,100.0,96.00682411899045,95.44766435985127,96.55063623934204,4198.628845214844,11.007186447058785,49.17362400889164
GBP_JPY,2.0,10,0,8,18757,100.0,83.9686517033596,82.7314013840741,85.17194237037698,18320.362854003906,48.02892971633273,49.17362400889164
GBP_JPY,2.0,10,0,10,18757,100.0,74.77741643119504,73.09688581314087,76.41182038068393,23337.394104003906,61.18165181092993,49.17362400889164
GBP_JPY,2.0,10,0,15,18757,100.0,53.88388335021305,51.75173010380063,55.95751393416174,28950.217895507812,75.89631229776549,49.17362400889164
GBP_JPY,2.0,10,0,20,18757,100.0,38.028469371432635,37.19723183390601,38.83689136607016,32223.197326660156,84.47680277792338,49.17362400889164
GBP_JPY,2.0,10,1,5,18757,99.98933731406942,92.05545187949389,91.0565588839525,93.0269246949839,-9599.054565428332,-25.165021061001628,49.17362400889164
GBP_JPY,2.0,10,1,8,18757,99.98933731406942,79.11490269261108,77.57110414187545,80.61632309633144,1269.0739746129375,3.3270227897364335,49.17362400889164
GBP_JPY,2.0,10,1,10,18757,99.98933731406942,70.43988269794346,68.47626257163745,72.34960033655108,7373.705688481605,19.331014078883612,49.17362400889164
GBP_JPY,2.0,10,1,15,18757,99.98933731406942,50.41322314049318,48.68606034389005,52.0929743373946,11649.81231690299,30.541317409262803,49.17362400889164
GBP_JPY,2.0,10,1,20,18757,99.98933731406942,35.473207144759506,34.659889693951044,36.26419856962176,14592.596252452411,38.25616257566008,49.17362400889164
GBP_JPY,2.0,10,2,5,18757,99.93602388441649,88.33822352626896,87.34040251026971,89.30863937702944,-22801.32708740458,-59.776290723452,49.17362400889164
GBP_JPY,2.0,10,2,8,18757,99.93602388441649,74.8252867431275,73.14434105171249,76.46006524254693,-13771.304016118109,-36.10305090370162,49.17362400889164
GBP_JPY,2.0,10,2,10,18757,99.93602388441649,65.64950653507252,63.546851330873885,67.69441229084839,-10867.696350104245,-28.490910815313224,49.17362400889164
GBP_JPY,2.0,10,2,15,18757,99.93602388441649,46.90317417977877,45.24994589915113,48.51099652740729,-6994.6706543070595,-18.337330320462943,49.17362400889164
GBP_JPY,2.0,10,2,20,18757,99.93602388441649,33.03814350493289,32.590348409431655,33.473639903184946,-3278.6817016729983,-8.595439635490806,49.17362400889164
GBP_JPY,2.0,10,3,5,18757,99.66412539318654,84.2516315395269,83.03668330800053,85.43248945146777,-36324.73529052768,-95.22945435831558,49.17362400889164
GBP_JPY,2.0,10,3,8,18757,99.66412539318654,70.66973360436126,68.72151074451175,72.56329113923285,-28584.69079589906,-74.938041137067,49.17362400889164
GBP_JPY,2.0,10,3,10,18757,99.66412539318654,61.848721514921266,59.778597785971364,63.86075949366414,-27114.59405517659,-71.0840141399468,49.17362400889164
GBP_JPY,2.0,10,3,15,18757,99.66412539318654,44.11040975713897,42.739309746033996,45.443037974678745,-22862.40301513791,-59.93640826390905,49.17362400889164
GBP_JPY,2.0,10,3,20,18757,99.66412539318654,30.544559751790384,30.33427393097131,30.748945147676082,-21041.576721192883,-55.162903568917514,49.17362400889164
GBP_JPY,2.0,10,5,5,18757,96.00682411899557,77.88760550865848,76.58321060382049,79.1417056965386,-53184.814147953744,-139.4300823102979,49.17362400889164
GBP_JPY,2.0,10,5,8,18757,96.00682411899557,64.20479786761084,62.39945621388213,65.94052935409368,-48991.70416260498,-128.43736418653245,49.17362400889164
GBP_JPY,2.0,10,5,10,18757,96.00682411899557,56.12505553087205,54.22000679732024,57.95664960243351,-47571.99035645429,-124.71542182347403,49.17362400889164
GBP_JPY,2.0,10,5,15,18757,96.00682411899557,39.610173256328316,38.97133794040569,40.22437642957845,-44299.01092530533,-116.13493134332502,49.17362400889164
GBP_JPY,2.0,10,5,20,18757,96.00682411899557,27.44891159484521,27.68777614138125,27.21925716152628,-41977.5839233547,-110.04904455130024,49.17362400889164
GBP_JPY,2.0,22,0,5,18446,100.0,97.21890924861232,96.95330610441583,97.47523170340924,8577.797546386719,22.48767880633437,48.358301885590194
GBP_JPY,2.0,22,0,8,18446,100.0,86.66919657377822,85.56132023401196,87.73836156385558,27627.512451171875,72.42868846696689,48.358301885590194
GBP_JPY,2.0,22,0,10,18446,100.0,77.9030684159125,76.20046362732353,79.54618088845429,33674.81231689453,88.28237774915844,48.358301885590194
GBP_JPY,2.0,22,0,15,18446,100.0,57.177707904149564,55.08334253228225,59.19889208479182,42973.80187988281,112.66074403550452,48.358301885590194
GBP_JPY,2.0,22,0,20,18446,100.0,40.54537569120457,39.33105199248931,41.7172685629017,47387.472229003906,124.23168641684877,48.358301885590194
GBP_JPY,2.0,22,1,5,18446,99.99457877046514,94.30197885605344,93.74103101886591,94.84338376304125,-1643.6861572256066,-4.309111536174864,48.358301885590194
GBP_JPY,2.0,22,1,8,18446,99.99457877046514,82.09270805095787,80.7263494866894,83.41146388236912,12407.113464358474,32.52666911190599,48.358301885590194
GBP_JPY,2.0,22,1,10,18446,99.99457877046514,73.55923014366638,71.707694005953,75.3462603878036,18140.516784672403,47.557442645224114,48.358301885590194
GBP_JPY,2.0,22,1,15,18446,99.99457877046514,53.72729737055821,52.01457114471222,55.38035371829796,26425.1898193437,69.27666196833174,48.358301885590194
GBP_JPY,2.0,22,1,20,18446,99.99457877046514,37.80428300352194,36.60448173087133,38.962284253138826,29925.370300303402,78.45278602516245,48.358301885590194
GBP_JPY,2.0,22,2,5,18446,99.97289385232571,90.5211214142351,89.57712266754007,91.43222506392887,-13779.889160158038,-36.125557842182275,48.358301885590194
GBP_JPY,2.0,22,2,8,18446,99.97289385232571,77.92419066210738,76.21729049353249,79.57161125318845,-2949.784118656509,-7.733196948244121,48.358301885590194
GBP_JPY,2.0,22,2,10,18446,99.97289385232571,68.90624152702843,66.98686099149089,70.75873827791233,1837.2111816347583,4.816459554866936,48.358301885590194
GBP_JPY,2.0,22,2,15,18446,99.97289385232571,49.9051027601513,48.38246660041422,51.37468030689989,8480.990356435861,22.23388766915887,48.358301885590194
GBP_JPY,2.0,22,2,20,18446,99.97289385232571,35.399381812264224,34.41536932758812,36.34910485933116,12315.178283679219,32.285650505097266,48.358301885590194
GBP_JPY,2.0,22,3,5,18446,99.78857204814052,86.8528277285768,85.74115044246838,87.92569659441786,-26363.98773193387,-69.11621368583185,48.358301885590194
GBP_JPY,2.0,22,3,8,18446,99.78857204814052,73.71108817297366,71.85840707963807,75.4990925589756,-17486.58337402399,-45.84308130481375,48.358301885590194
GBP_JPY,2.0,22,3,10,18446,99.78857204814052,65.10566632259113,63.1637168141523,66.97982278210024,-13463.286499024169,-35.29554770096505,48.358301885590194
GBP_JPY,2.0,22,3,15,18446,99.78857204814052,46.694192426791616,45.232300884950746,48.10504964235635,-8019.532714844866,-21.024123604349708,48.358301885590194
GBP_JPY,2.0,22,3,20,18446,99.78857204814052,33.02547943716885,32.389380530969866,33.639372264328635,-4295.336059571714,-11.260715486763003,48.358301885590194
GBP_JPY,2.0,22,5,5,18446,97.21890924861759,80.13160095912116,78.59501309346709,81.60655737704026,-46842.209472660295,-122.80221764431091,48.358301885590194
GBP_JPY,2.0,22,5,8,18446,97.21890924861759,66.82652093904719,65.0119549128925,68.56830601092146,-39988.80810547552,-104.8352409416416,48.358301885590194
GBP_JPY,2.0,22,5,10,18446,97.21890924861759,58.813360843135065,56.8143003529481,60.73224043715183,-37543.219909676365,-98.42385135797625,48.358301885590194
GBP_JPY,2.0,22,5,15,18446,97.21890924861759,41.70523615680356,40.5670044403916,42.797814207645594,-33129.54956055876,-86.85290897664113,48.358301885590194
GBP_JPY,2.0,22,5,20,18446,97.21890924861759,29.671555233367,29.534327678466404,29.803278688521335,-29148.64715577606,-76.41651733251483,48.358301885590194
GBP_JPY,2.0,44,0,5,17864,99.99440214957457,97.88389408273538,97.74682971013385,98.01793821281164,10151.55029296875,26.613451896028103,46.8325222207624
GBP_JPY,2.0,44,0,8,17864,99.99440214957457,89.27951631864248,88.19067028984509,90.34436939429848,36478.732666015625,95.63317611769077,46.8325222207624
GBP_JPY,2.0,44,0,10,17864,99.99440214957457,81.86194928063136,80.55932971013581,83.13586535266492,47589.922790527344,124.76243375345604,46.8325222207624
GBP_JPY,2.0,44,0,15,17864,99.99440214957457,60.86323685830707,59.0126811594136,62.673015169963165,57456.654052734375,150.62919993592368,46.8325222207624
GBP_JPY,2.0,44,0,20,17864,99.99440214957457,43.69366847673718,42.447916666661854,44.91196988151424,62476.25274658203,163.78865287865375,46.8325222207624
GBP_JPY,2.0,44,1,5,17864,99.99440214957457,95.44869282874683,94.96150362317765,95.9251467168535,2304.4392700202707,6.041351506920163,46.8325222207624
GBP_JPY,2.0,44,1,8,17864,99.99440214957457,85.53994289872443,84.46557971013536,86.59063226662754,24370.607788088288,63.89033983257556,46.8325222207624
GBP_JPY,2.0,44,1,10,17864,99.99440214957457,77.69691541174059,76.09827898549862,79.26032554533504,33517.35864258175,87.86959490651435,46.8325222207624
GBP_JPY,2.0,44,1,15,17864,99.99440214957457,57.39237530089809,55.59329710144297,59.15181043073201,41900.98089600301,109.84822094065169,46.8325222207624
GBP_JPY,2.0,44,1,20,17864,99.99440214957457,40.87219392039182,39.88903985506794,41.83368397740651,45224.74194336898,118.56184124446222,46.8325222207624
GBP_JPY,2.0,44,2,5,17864,99.96081504702194,92.56314050511885,91.77616674217356,93.33259497174733,-6826.3732299818275,-17.896119345070616,46.8325222207624
GBP_JPY,2.0,44,2,8,17864,99.96081504702194,81.88945511563634,80.59583144539187,83.1542806512257,12004.221740719346,31.470442309404266,46.8325222207624
GBP_JPY,2.0,44,2,10,17864,99.96081504702194,73.19258554068023,71.27322156773094,75.06922139771014,17623.741699213853,46.20265756501397,46.8325222207624
GBP_JPY,2.0,44,2,15,17864,99.96081504702194,53.67642941143228,52.03896692341957,55.27743936204948,25015.577941886066,65.58120296846131,46.8325222207624
GBP_JPY,2.0,44,2,20,17864,99.96081504702194,38.158705269640016,37.38106026279595,38.91903865322418,28142.95782469573,73.77998755502921,46.8325222207624
GBP_JPY,2.0,44,3,5,17864,99.85445588893865,89.40464177597885,88.35072595280305,90.43449346042003,-16236.771850586152,-42.56655723723832,46.8325222207624
GBP_JPY,2.0,44,3,8,17864,99.85445588893865,77.8058078259851,76.23638838474633,79.33939259586795,-1335.1458740238872,-3.5002378422068365,46.8325222207624
GBP_JPY,2.0,44,3,10,17864,99.85445588893865,69.17815898642957,67.25272232304137,71.05963201063278,3179.7289428704685,8.3360236438078,46.8325222207624
GBP_JPY,2.0,44,3,15,17864,99.85445588893865,50.252270433902325,48.79764065335199,51.67368654399782,8910.65319824118,23.36029802441433,46.8325222207624
GBP_JPY,2.0,44,3,20,17864,99.85445588893865,35.49725305527326,35.027223230486044,35.95655065395301,11578.455993651036,30.354248634392167,46.8325222207624
GBP_JPY,2.0,44,5,5,17864,97.87841468875952,83.63168430082449,82.41630951001014,84.81699051060949,-32965.46356201498,-86.42273873633003,46.8325222207624
GBP_JPY,2.0,44,5,8,17864,97.87841468875952,70.57477838146579,68.67832734853832,72.42431089018612,-24660.152893072256,-64.6494154910549,46.8325222207624
GBP_JPY,2.0,44,5,10,17864,97.87841468875952,62.17901058049401,60.37298737402289,63.940352462713065,-23098.732299812207,-60.55597255387356,46.8325222207624
GBP_JPY,2.0,44,5,15,17864,97.87841468875952,44.63826136688335,43.42638711918876,45.82015363759084,-18079.133605968036,-47.39651961115261,46.8325222207624
GBP_JPY,2.0,44,5,20,17864,97.87841468875952,31.76436945953493,31.599675663149355,31.92498870311433,-14528.204345716687,-38.087351816421496,46.8325222207624
GBP_JPY,2.5,10,0,5,16125,99.98759689922481,96.56391490416817,96.18999237997254,96.92083888955062,2881.5020751953125,7.554187749986421,42.273534528089655
GBP_JPY,2.5,10,0,8,16125,99.98759689922481,85.33151398622556,84.16306832612595,86.44684204144909,15677.813781738281,41.1011846342495,42.273534528089655
GBP_JPY,2.5,10,0,10,16125,99.98759689922481,76.53042237796461,75.20955041909129,77.79124742392074,20224.6923828125,53.02134770634518,42.273534528089655
GBP_JPY,2.5,10,0,15,16125,99.98759689922481,56.242634745391285,54.41960883921077,57.9827857922102,26493.219299316406,69.45500904247463,42.273534528089655
GBP_JPY,2.5,10,0,20,16125,99.98759689922481,39.76307138869691,39.128778257551545,40.36852951872465,29300.250549316406,76.81396299399721,42.273534528089655
GBP_JPY,2.5,10,1,5,16125,99.98139534883721,93.25145763552331,92.82448564895951,93.65906886516808,-7608.727233885729,-19.947149980557178,42.273534528089655
GBP_JPY,2.5,10,1,8,16125,99.98139534883721,80.72819749410242,79.5021590043079,81.89864209504341,1263.801086428607,3.313199309381516,42.273534528089655
GBP_JPY,2.5,10,1,10,16125,99.98139534883721,72.29872224289342,70.65024130047362,73.87245392821606,6537.202209476718,17.138024391901894,42.273534528089655
GBP_JPY,2.5,10,1,15,16125,99.98139534883721,52.70437910928838,51.257302514598514,54.08583899126405,11580.711059577246,30.36016054802285,42.273534528089655
GBP_JPY,2.5,10,1,20,16125,99.98139534883721,37.29686143158186,36.67767335534205,37.88797284189647,14233.754516610756,37.31541786184787,42.273534528089655
GBP_JPY,2.5,10,2,5,16125,99.91937984496124,89.37437934458234,88.613546829319,90.1006914958037,-20312.71002197441,-53.252096029333835,42.273534528089655
GBP_JPY,2.5,10,2,8,16125,99.91937984496124,76.58267130088899,75.25733892488559,77.84787092077183,-11718.413146976516,-30.72116234313994,42.273534528089655
GBP_JPY,2.5,10,2,10,16125,99.91937984496124,67.78177755709609,66.03126191383072,69.45286910104701,-8504.008361821718,-22.294232006860994,42.273534528089655
GBP_JPY,2.5,10,2,15,16125,99.91937984496124,49.24900695133756,48.02389121870021,50.4185369404282,-3426.69134522321,-8.983463869730194,42.273534528089655
GBP_JPY,2.5,10,2,20,16125,99.91937984496124,34.880834160871714,34.68039140932333,35.072182457838764,-922.7374878037032,-2.4190620186686855,42.273534528089655
GBP_JPY,2.5,10,3,5,16125,99.64651162790697,85.62359970126427,84.44189602445407,86.7518248175077,-31420.693054199484,-82.37294590531528,42.273534528089655
GBP_JPY,2.5,10,3,8,16125,99.64651162790697,72.54169778441172,70.88430173291655,74.12408759123186,-24468.503845215346,-64.14698555977708,42.273534528089655
GBP_JPY,2.5,10,3,10,16125,99.64651162790697,64.17724670151455,62.37257900101142,65.9002433089944,-21716.424987793624,-56.93209559988606,42.273534528089655
GBP_JPY,2.5,10,3,15,16125,99.64651162790697,46.04804580532449,45.05606523954573,46.995133819945615,-17800.520202637705,-46.666102660723254,42.273534528089655
GBP_JPY,2.5,10,3,20,16125,99.64651162790697,32.48693054518095,32.32670744138222,32.63990267639505,-15973.833984376233,-41.87723550291477,42.273534528089655
GBP_JPY,2.5,10,5,5,16125,96.55193798449613,79.25364506390396,78.18853974120964,80.26266416509314,-47640.02349853882,-124.89377849826255,42.273534528089655
GBP_JPY,2.5,10,5,8,16125,96.55193798449613,66.23418331298952,64.62899392658244,67.75484677922854,-42482.6340332091,-111.37309126493406,42.273534528089655
GBP_JPY,2.5,10,5,10,16125,96.55193798449613,58.243946303548185,56.575125429092076,59.82489055659038,-41371.49658203864,-108.46011716214286,42.273534528089655
GBP_JPY,2.5,10,5,15,16125,96.55193798449613,41.17798188708066,40.67863744388161,41.651031894929126,-38564.46533204166,-101.1011632106282,42.273534528089655
GBP_JPY,2.5,10,5,20,16125,96.55193798449613,29.025627850213304,29.376815421173834,28.692933083173394,-35825.114746106316,-93.91964187239066,42.273534528089655
GBP_JPY,2.5,22,0,5,15910,99.99371464487744,97.35998491419339,97.17138103160153,97.54199604741878,5267.520446777344,13.809408216078157,41.70988740104846
GBP_JPY,2.5,22,0,8,15910,99.99371464487744,87.81193035388222,86.5608601049422,89.01926877469256,24637.479553222656,64.58997473353556,41.70988740104846
GBP_JPY,2.5,22,0,10,15910,99.99371464487744,79.62788358790121,78.2285933700143,80.97826086955521,31294.581298828125,82.04232949321673,41.70988740104846
GBP_JPY,2.5,22,0,15,15910,99.99371464487744,59.0231944182501,56.866760527318974,61.10424901185015,38068.910217285156,99.80200871424181,41.70988740104846
GBP_JPY,2.5,22,0,20,15910,99.99371464487744,42.271670123826624,41.123768078837685,43.379446640310846,41911.73400878906,109.87641145752893,41.70988740104846
GBP_JPY,2.5,22,1,5,15910,99.98742928975487,94.74478249936543,94.38115960577315,95.09573810993265,-2631.5648803703334,-6.898948764852305,41.70988740104846
GBP_JPY,2.5,22,1,8,15910,99.98742928975487,83.5680160925268,82.33713042364235,84.75602223593765,11717.159545900815,30.717875884327036,41.70988740104846
GBP_JPY,2.5,22,1,10,15910,99.98742928975487,75.23887352275112,73.60808908228931,76.81284743667982,17262.78741455436,45.25637456249522,41.70988740104846
GBP_JPY,2.5,22,1,15,15910,99.98742928975487,55.424943424688486,53.65416613336059,57.134033353915115,23370.489562994728,61.268415347573125,41.70988740104846
GBP_JPY,2.5,22,1,20,15910,99.98742928975487,39.564998742768445,38.67912453602474,40.42001235329951,26725.44213868062,70.06380781568853,41.70988740104846
GBP_JPY,2.5,22,2,5,15910,99.96228786926461,91.4927062374188,90.82063756240035,92.14135672802519,-11926.650024415447,-31.26707916970963,41.70988740104846
GBP_JPY,2.5,22,2,8,15910,99.96228786926461,79.65291750502517,78.24862373574724,81.00827875941171,-378.02136230799897,-0.9910263015121045,41.70988740104846
GBP_JPY,2.5,22,2,10,15910,99.96228786926461,70.74949698188689,68.96684163358482,72.47003583342735,3077.483764643678,8.06797619747596,41.70988740104846
GBP_JPY,2.5,22,2,15,15910,99.96228786926461,51.716549295771394,50.07041351938931,53.30532559000948,8357.908813468706,21.911215305971734,41.70988740104846
GBP_JPY,2.5,22,2,20,15910,99.96228786926461,36.990694164987616,36.282166175901125,37.67453354750553,11656.95568846631,30.5600445760491,41.70988740104846
GBP_JPY,2.5,22,3,5,15910,99.72344437460717,88.04991806377865,86.79414784393136,89.2618280901549,-21809.22955322287,-57.175393398400026,41.70988740104846
GBP_JPY,2.5,22,3,8,15910,99.72344437460717,75.4380436152732,73.80646817247512,77.0126331434138,-13284.721435547319,-34.82741893343643,41.70988740104846
GBP_JPY,2.5,22,3,10,15910,99.72344437460717,67.04903567376358,65.14373716631607,68.8877879613489,-10025.917724609968,-26.284091727571198,41.70988740104846
GBP_JPY,2.5,22,3,15,15910,99.72344437460717,48.48733140047595,47.00975359342312,49.913301956892504,-5690.716003418896,-14.91886384248565,41.70988740104846
GBP_JPY,2.5,22,3,20,15910,99.72344437460717,34.520357998233045,34.00924024640221,35.013623978197295,-2810.038330079306,-7.366837356394601,41.70988740104846
GBP_JPY,2.5,22,5,5,15910,97.35386549340038,81.78707469816761,80.50579557427811,83.01886792451778,-38188.13537597977,-100.11457112433135,41.70988740104846
GBP_JPY,2.5,22,5,8,15910,97.35386549340038,68.68099941893804,66.85985247628203,70.43180954792068,-33061.925292974265,-86.67562421318874,41.70988740104846
GBP_JPY,2.5,22,5,10,15910,97.35386549340038,60.62366840983533,58.52212855636743,62.644042041273565,-31413.806457526465,-82.35489190331603,41.70988740104846
GBP_JPY,2.5,22,5,15,15910,97.35386549340038,43.41790948414724,42.32086406743383,44.47258452576365,-27570.98266602559,-72.28048916003685,41.70988740104846
GBP_JPY,2.5,22,5,20,15910,97.35386549340038,30.95099748208206,30.874604847203518,31.02443966062669,-24467.625732434033,-64.14468348653799,41.70988740104846
GBP_JPY,2.5,44,0,5,15474,99.99353754685278,98.1774704323597,97.95006570300946,98.39755818388676,7847.1875,20.572300882458514,40.5668634596998
GBP_JPY,2.5,44,0,8,15474,99.99353754685278,90.1376591481878,89.02759526937068,91.21200559581696,31994.177795410156,83.87640184385182,40.5668634596998
GBP_JPY,2.5,44,0,10,15474,99.99353754685278,82.82815226523086,81.61629434952935,84.00101742336462,41339.97283935547,108.37747405983144,40.5668634596998
GBP_JPY,2.5,44,0,15,15474,99.99353754685278,62.560589413813574,61.02496714848081,64.04680147525575,51677.174377441406,135.4776319602406,40.5668634596998
GBP_JPY,2.5,44,0,20,15474,99.99353754685278,45.62786789891775,44.375821287773405,46.83962864046205,57014.178466796875,149.4691995042979,40.5668634596998
GBP_JPY,2.5,44,1,5,15474,99.99353754685278,96.03179732436527,95.53219448093357,96.5153249395782,1705.5803833013397,4.471374339468005,40.5668634596998
GBP_JPY,2.5,44,1,8,15474,99.99353754685278,86.5701544626067,85.47963206306366,87.6255881978777,21669.25585937689,56.808436326783145,40.5668634596998
GBP_JPY,2.5,44,1,10,15474,99.99353754685278,78.89226394363867,77.37187910642872,80.36372885666026,29149.96710205375,76.41997772287422,40.5668634596998
GBP_JPY,2.5,44,1,15,15474,99.99353754685278,59.167582240027194,57.88436268067571,60.40951290855139,38291.97619629481,100.38680172916936,40.5668634596998
GBP_JPY,2.5,44,1,20,15474,99.99353754685278,42.85529632262374,41.86596583442288,43.81279409893885,42513.958862312735,111.4552128925123,40.5668634596998
GBP_JPY,2.5,44,2,5,15474,99.96122528111671,93.23118696663477,92.36129371547563,94.0727550241549,-5582.830871583103,-14.636030611742832,40.5668634596998
GBP_JPY,2.5,44,2,8,15474,99.96122528111671,82.85492629945158,81.65921640808813,84.01170185702314,10571.070312497286,27.713271680881707,40.5668634596998
GBP_JPY,2.5,44,2,10,15474,99.96122528111671,74.30178432893236,72.57428346041644,75.97303485117324,15539.257507320151,40.73794349002014,40.5668634596998
GBP_JPY,2.5,44,2,15,15474,99.96122528111671,55.288337212305706,54.009992111483825,56.525057237336995,23433.372924797608,61.433271283474916,40.5668634596998
GBP_JPY,2.5,44,2,20,15474,99.96122528111671,40.115076286524435,39.31107020772557,40.89290256931558,28385.691284170207,74.41634112279459,40.5668634596998
GBP_JPY,2.5,44,3,5,15474,99.83843867131964,90.2776878762321,89.17993944977106,91.33978604176116,-13644.123168945483,-35.76963174498759,40.5668634596998
GBP_JPY,2.5,44,3,8,15474,99.83843867131964,79.01482296588264,77.50427800446525,80.47631176769224,-1015.3338623050563,-2.661814020818073,40.5668634596998
GBP_JPY,2.5,44,3,10,15474,99.83843867131964,70.44468897662823,68.84296432801516,71.99439633213551,3002.553588866668,7.871538158846178,40.5668634596998
GBP_JPY,2.5,44,3,15,15474,99.83843867131964,51.796232765871466,50.612083717250144,52.94192562403809,9904.454101561652,25.96566092677493,40.5668634596998
GBP_JPY,2.5,44,3,20,15474,99.83843867131964,37.47815392581801,36.77767539817865,38.155883851243225,14140.788696287964,37.07169731515964,40.5668634596998
GBP_JPY,2.5,44,5,5,15474,98.17112575933824,84.36574287406462,83.32438958947097,85.36900607469492,-29344.028015139418,-76.92873063511482,40.5668634596998
GBP_JPY,2.5,44,5,8,15474,98.17112575933824,71.641103284835,70.1636705124671,73.06449528239976,-22043.146301274428,-57.78863294726551,40.5668634596998
GBP_JPY,2.5,44,5,10,15474,98.17112575933824,63.72194062273295,62.30211966728436,65.08982809873787,-19006.826477057046,-49.828572734715024,40.5668634596998
GBP_JPY,2.5,44,5,15,15474,98.17112575933824,46.47488644591887,45.30453447812647,47.602429882377194,-13669.822387704557,-35.83700519066552,40.5668634596998
GBP_JPY,2.5,44,5,20,15474,98.17112575933824,33.651504180104425,33.32438958947768,33.966653741755984,-9176.818542491927,-24.058080962111372,40.5668634596998
GBP_JPY,3.0,10,0,5,12978,99.99229465248882,96.87138784001719,96.68842540995117,97.04301075267368,272.32330322265625,0.7139267325014814,34.02331355693318
GBP_JPY,3.0,10,0,8,12978,99.99229465248882,86.47607305231666,85.27304569334734,87.60454002388177,13011.340881347656,34.11072049639657,34.02331355693318
GBP_JPY,3.0,10,0,10,12978,99.99229465248882,78.12283270400877,76.72345167965662,79.43548387095586,17726.253967285156,46.47140521796684,34.02331355693318
GBP_JPY,3.0,10,0,15,12978,99.99229465248882,57.84079525313571,56.07387358699951,59.49820788529577,23505.79132080078,61.623124403717334,34.02331355693318
GBP_JPY,3.0,10,0,20,12978,99.99229465248882,41.812437389223874,40.53494666453741,43.01075268816562,27338.759155273438,71.67168862670256,34.02331355693318
GBP_JPY,3.0,10,1,5,12978,99.95376791493297,93.87141535614447,93.23140627486967,94.47183624681092,-7182.779846190683,-18.830480113836177,34.02331355693318
GBP_JPY,3.0,10,1,8,12978,99.95376791493297,82.13074313906243,80.82497212930708,83.3557448079959,2019.5572509786707,5.294500662369034,34.02331355693318
GBP_JPY,3.0,10,1,10,12978,99.95376791493297,73.99784150477382,72.54339863034359,75.36231884056845,7134.268371585099,18.70330172644097,34.02331355693318
GBP_JPY,3.0,10,1,15,12978,99.95376791493297,54.602220166508275,52.98614429048367,56.118332586275784,12309.588867192855,32.27099720954203,34.02331355693318
GBP_JPY,3.0,10,1,20,12978,99.95376791493297,39.22294172062602,38.17486860964514,40.2061855670043,15451.869750983733,40.50884647700806,34.02331355693318
GBP_JPY,3.0,10,2,5,12978,99.88441978733242,90.48831289052761,89.76892430277454,91.16327751194808,-15540.980163575481,-40.74245963071408,34.02331355693318
GBP_JPY,3.0,10,2,8,12978,99.88441978733242,78.20720512226504,76.79681274899174,79.53050239233261,-7704.549499514609,-20.19835902580507,34.02331355693318
GBP_JPY,3.0,10,2,10,12978,99.88441978733242,69.67522949933891,68.06374501990948,71.18720095692716,-4920.340148929803,-12.89923529771968,34.02331355693318
GBP_JPY,3.0,10,2,15,12978,99.88441978733242,51.091568309800884,49.3545816732989,52.72129186602083,121.68029784507553,0.31899883859485484,34.02331355693318
GBP_JPY,3.0,10,2,20,12978,99.88441978733242,36.66589524029648,35.84063745019349,37.44019138755421,3508.869018546287,9.198902053337088,34.02331355693318
GBP_JPY,3.0,10,3,5,12978,99.7149021420866,86.71663704504391,85.47717842322287,87.88014981272092,-24773.364135742384,-64.94621173142596,34.02331355693318
GBP_JPY,3.0,10,3,8,12978,99.7149021420866,74.1751023877541,72.69390360675507,75.56554307114972,-17828.638061523816,-46.739816848535845,34.02331355693318
GBP_JPY,3.0,10,3,10,12978,99.7149021420866,65.96862684490642,64.331311841675,67.50561797751797,-16225.534240723156,-42.537096555777445,34.02331355693318
GBP_JPY,3.0,10,3,15,12978,99.7149021420866,48.13383818869885,46.71241621448344,49.468164794000074,-10912.53717041092,-28.60846616201103,34.02331355693318
GBP_JPY,3.0,10,3,20,12978,99.7149021420866,34.116374314192555,33.43440791573038,34.756554307110896,-9019.024780274405,-23.64440654006985,34.02331355693318
GBP_JPY,3.0,10,5,5,12978,96.86392356295269,80.64593111128147,79.35122674130093,81.85595567865775,-37132.44476318636,-97.34695725946918,34.02331355693318
GBP_JPY,3.0,10,5,8,12978,96.86392356295269,67.91026966827874,66.37576156758334,69.34441366573263,-33299.527954106146,-87.29852680539491,34.02331355693318
GBP_JPY,3.0,10,5,10,12978,96.86392356295269,59.70885371091721,57.994401449027166,61.31117266850394,-31352.90740967373,-82.19523807372654,34.02331355693318
GBP_JPY,3.0,10,5,15,12978,96.86392356295269,43.16283509664759,41.92326691914343,44.32132963988237,-27519.939575203436,-72.1466738507475,34.02331355693318
GBP_JPY,3.0,10,5,20,12978,96.86392356295269,30.67377296953061,30.57796805532182,30.7633117882378,-24825.509338388812,-65.08291635310336,34.02331355693318
GBP_JPY,3.0,22,0,5,12815,99.98439328911431,97.76008741121535,97.67666989349827,97.83824640966017,2718.2781982421875,7.126277660176401,33.595990386199624
GBP_JPY,3.0,22,0,8,12815,99.98439328911431,88.86287364394842,87.94772507258986,89.72033257746187,19623.589599609375,51.44548790723398,33.595990386199624
GBP_JPY,3.0,22,0,10,12815,99.98439328911431,81.25341450089118,79.92900935784448,82.49433106574716,26527.58270263672,69.54509664041348,33.595990386199624
GBP_JPY,3.0,22,0,15,12815,99.98439328911431,60.93810973229837,59.22878347853191,62.53968253967308,33886.15753173828,88.83644343827744,33.595990386199624
GBP_JPY,3.0,22,0,20,12815,99.98439328911431,44.610942012015556,43.030009680535166,46.09221466363627,39574.644775390625,103.74946433174317,33.595990386199624
GBP_JPY,3.0,22,1,5,12815,99.98439328911431,95.16896901583586,94.80477573409247,95.51020408161821,-3028.405212401781,-7.939311151101604,33.595990386199624
GBP_JPY,3.0,22,1,8,12815,99.98439328911431,84.99960977131936,83.5592126492282,86.34920634919328,10320.886474611123,27.057386092711123,33.595990386199624
GBP_JPY,3.0,22,1,10,12815,99.98439328911431,77.1325997034202,75.73410777668994,78.44293272863516,15581.89086914329,40.8497117314514,33.595990386199624
GBP_JPY,3.0,22,1,15,12815,99.98439328911431,57.71482088503412,56.11487576636719,59.2139077853274,23303.24633789555,61.09212953064226,33.595990386199624
GBP_JPY,3.0,22,1,20,12815,99.98439328911431,41.94958245531554,40.60987415294601,43.20483749054524,27420.923339850513,71.88709144801676,33.595990386199624
GBP_JPY,3.0,22,2,5,12815,99.9609832227858,92.14676034347445,91.35065354202172,92.89278693481128,-10428.222839356498,-27.338780667668225,33.595990386199624
GBP_JPY,3.0,22,2,8,12815,99.9609832227858,81.27244340358459,79.94190737452315,82.51928020564304,988.1826782202019,2.5906340817241436,33.595990386199624
GBP_JPY,3.0,22,2,10,12815,99.9609832227858,72.91959406712935,71.32483459737432,74.41403296535998,4527.87615966442,11.870345995317075,33.595990386199624
GBP_JPY,3.0,22,2,15,12815,99.9609832227858,54.24668227946493,52.638373406478514,55.753818236797855,12218.541992181503,32.03230739779213,33.595990386199624
GBP_JPY,3.0,22,2,20,12815,99.9609832227858,39.2818110850867,38.21203808293719,40.28428852260089,15294.93749999204,40.097430605326316,33.595990386199624
GBP_JPY,3.0,22,3,5,12815,99.77370269215763,89.05052401062966,88.11833171676557,89.9242424242288,-17842.90802001969,-46.777227179276295,33.595990386199624
GBP_JPY,3.0,22,3,8,12815,99.77370269215763,77.2954794306212,75.88102166180474,78.6212121212002,-9071.606750488612,-23.782256197955448,33.595990386199624
GBP_JPY,3.0,22,3,10,12815,99.77370269215763,69.05208822148685,67.42644681537868,70.57575757574688,-5863.626342773888,-15.37216810301197,33.595990386199624
GBP_JPY,3.0,22,3,15,12815,99.77370269215763,51.087126544654225,49.48270287745724,52.590909090901114,1185.3156738274133,3.107440810184745,33.595990386199624
GBP_JPY,3.0,22,3,20,12815,99.77370269215763,36.500860315967735,35.62883931457555,37.31818181817616,3228.53070068267,8.463963041879463,33.595990386199624
GBP_JPY,3.0,22,5,5,12815,97.74483027701912,83.1151205492509,81.83019491244106,84.31705809640229,-30419.700927736776,-79.74873038777312,33.595990386199624
GBP_JPY,3.0,22,5,8,12815,97.74483027701912,70.48539038798735,68.89659729103586,71.97156983929666,-25344.412353519827,-66.44328004469224,33.595990386199624
GBP_JPY,3.0,22,5,10,12815,97.74483027701912,62.33434456330335,60.637594978516574,63.92150803460075,-23061.126098638175,-60.45738358991692,33.595990386199624
GBP_JPY,3.0,22,5,15,12815,97.74483027701912,45.633083186967454,44.05351833497785,47.11063040790372,-17372.63885498821,-45.54436269645743,33.595990386199624
GBP_JPY,3.0,22,5,20,12815,97.74483027701912,32.80376816221996,32.57350512057605,33.01915945611356,-14546.864013681445,-38.13627027335116,33.595990386199624
GBP_JPY,3.0,44,0,5,12500,99.992,98.49587967036575,98.48130841119851,98.50929767940701,4959.931640625,13.003028928181415,32.770181804720664
GBP_JPY,3.0,44,0,8,12500,99.992,91.18329466356579,90.37049399197423,91.93176579067281,25499.533630371094,66.84994824022796,32.770181804720664
GBP_JPY,3.0,44,0,10,12500,99.992,84.35074805983803,83.2777036047925,85.33886583677803,34453.622131347656,90.32411688603281,32.770181804720664
GBP_JPY,3.0,44,0,15,12500,99.992,64.61316905351912,62.88384512682528,66.2056247118386,44383.360900878906,116.3560644661066,32.770181804720664
GBP_JPY,3.0,44,0,20,12500,99.992,47.64381150491658,46.411882510005604,48.7782388197251,50050.640869140625,131.21348805796165,32.770181804720664
GBP_JPY,3.0,44,1,5,12500,99.992,96.48771901751367,96.31174899864881,96.64976179497515,23.127685547274268,0.060631876808527066,32.770181804720664
GBP_JPY,3.0,44,1,8,12500,99.992,87.80702456195793,86.73230974631394,88.79668049791167,17615.730834962324,46.18165616677913,32.770181804720664
GBP_JPY,3.0,44,1,10,12500,99.992,80.41443315464593,79.05540720959962,81.66589826339609,24198.02600097879,63.43789690939461,32.770181804720664
GBP_JPY,3.0,44,1,15,12500,99.992,61.34890791262811,59.52937249665228,63.02443522359565,34176.05749512158,89.59644939869764,32.770181804720664
GBP_JPY,3.0,44,1,20,12500,99.992,44.69957596607371,43.69158878503943,45.62778546180334,37993.04669190082,99.60312379270647,32.770181804720664
GBP_JPY,3.0,44,2,5,12500,99.96000000000001,94.10964385753549,93.57369387412892,94.60332103319577,-5153.676940918722,-13.510954425336251,32.770181804720664
GBP_JPY,3.0,44,2,8,12500,99.96000000000001,84.37775110043341,83.29160407276193,85.37822878227469,9566.220703123003,25.078943330033884,32.770181804720664
GBP_JPY,3.0,44,2,10,12500,99.96000000000001,76.16646658662856,74.2447003838968,77.93665436653168,14057.229675289922,36.852637770397216,32.770181804720664
GBP_JPY,3.0,44,2,15,12500,99.96000000000001,57.6470588235248,56.150893006166555,59.02521525214344,22879.714904779743,59.98179336558475,32.770181804720664
GBP_JPY,3.0,44,2,20,12500,99.96000000000001,41.92076830731957,41.02820898013002,42.742927429267716,26094.73046874258,68.41032492847025,32.770181804720664
GBP_JPY,3.0,44,3,5,12500,99.856,91.30748277518896,90.49131016041268,92.05909510617235,-11444.369812011842,-30.002726350406796,32.770181804720664
GBP_JPY,3.0,44,3,8,12500,99.856,80.52395449446558,79.16109625667126,81.77900892581074,-246.87744140652626,-0.6472174910700911,32.770181804720664
GBP_JPY,3.0,44,3,10,12500,99.856,72.2480371735241,70.52139037431976,73.83810403199848,3797.4329833980437,9.955405540575734,32.770181804720664
GBP_JPY,3.0,44,3,15,12500,99.856,54.11792981893494,52.87433155079329,55.26315789472833,11471.210998534505,30.07309359538296,32.770181804720664
GBP_JPY,3.0,44,3,20,12500,99.856,39.176414036209,38.26871657753371,40.01231148044936,14234.728454588982,37.317971151816906,32.770181804720664
GBP_JPY,3.0,44,5,5,12500,98.488,85.63885955648723,84.56193865445101,86.6302652105949,-23769.766235353574,-62.315164879059786,32.770181804720664
GBP_JPY,3.0,44,5,8,12500,98.488,73.25156364226518,71.51330283001668,74.85179407175119,-17482.051940921716,-45.831201633885954,32.770181804720664
GBP_JPY,3.0,44,5,10,12500,98.488,65.59987003492279,63.853584138270826,67.20748829952149,-13840.027465825127,-36.28321729899335,32.770181804720664
GBP_JPY,3.0,44,5,15,12500,98.488,48.37137519291297,47.127605490586824,49.51638065521848,-8172.747497565819,-21.42579370714462,32.770181804720664
GBP_JPY,3.0,44,5,20,12500,98.488,35.041832507510755,34.57041179460522,35.47581903275577,-5817.034606942685,-15.250022530709089,32.770181804720664
USD_JPY,2.0,10,0,5,18009,99.96113054583819,83.91845350516142,82.73776184607564,85.07988980715315,14396.408996582031,39.478288438166956,49.3848498366325
USD_JPY,2.0,10,0,8,18009,99.96113054583819,66.35373847349926,65.38590791978656,67.30578512395952,16962.645874023438,46.51550443226283,49.3848498366325
USD_JPY,2.0,10,0,10,18009,99.96113054583819,55.61048772358318,54.96807438108491,56.242424242418046,17035.634765625,46.71565688112092,49.3848498366325
USD_JPY,2.0,10,0,15,18009,99.96113054583819,35.646039328961464,35.723087263354344,35.57024793388038,19412.861328125,53.234562806864524,49.3848498366325
USD_JPY,2.0,10,0,20,18009,99.96113054583819,21.847572491944124,22.49355886635796,21.212121212118873,19706.673583984375,54.040264074884824,49.3848498366325
USD_JPY,2.0,10,1,5,18009,99.8389694041868,77.60845383759302,76.61842252888178,78.5816697915431,-2528.2290039025884,-6.93298960021924,49.3848498366325
USD_JPY,2.0,10,1,8,18009,99.8389694041868,60.75639599554723,59.86760911028163,61.630087129142865,-640.6601562435826,-1.7568385591872309,49.3848498366325
USD_JPY,2.0,10,1,10,18009,99.8389694041868,51.2458286985511,50.82463816896098,51.65986544611761,521.9339599689101,1.4312638257373305,49.3848498366325
USD_JPY,2.0,10,1,15,18009,99.8389694041868,32.597330367072715,32.8284528217174,32.370133450972496,2466.861816417272,6.7647065562490685,49.3848498366325
USD_JPY,2.0,10,1,20,18009,99.8389694041868,19.905450500555066,20.442050936831542,19.377964045437366,2162.778381360754,5.930839335522013,49.3848498366325
USD_JPY,2.0,10,2,5,18009,98.61735798767283,73.17004504504092,72.30629195584568,74.01627466279412,-14754.729919438469,-40.460887414711394,49.3848498366325
USD_JPY,2.0,10,2,8,18009,98.61735798767283,56.368243243240066,55.83115257707863,56.89443763236463,-14678.572998054804,-40.25204749430757,49.3848498366325
USD_JPY,2.0,10,2,10,18009,98.61735798767283,47.195945945943286,46.99055637728444,47.397168654548274,-13975.1616821385,-38.323130718811164,49.3848498366325
USD_JPY,2.0,10,2,15,18009,98.61735798767283,29.718468468466796,30.02616907497667,29.417010366733987,-12359.939331067457,-33.89381686127238,49.3848498366325
USD_JPY,2.0,10,2,20,18009,98.61735798767283,18.417792792791754,19.13755831152359,17.712629584213833,-11788.821228042169,-32.3276787216263,49.3848498366325
USD_JPY,2.0,10,3,5,18009,94.40279860069965,70.2605729074719,69.75382409176987,70.75176647746197,-20552.782409668544,-56.36049047845315,49.3848498366325
USD_JPY,2.0,10,3,8,18009,94.40279860069965,54.19681195223491,54.134799235175166,54.25692111663915,-19475.794433594638,-53.40713996069711,49.3848498366325
USD_JPY,2.0,10,3,10,18009,94.40279860069965,45.33262749249777,45.49474187379953,45.175489401129944,-18923.784362794024,-51.893400471841694,49.3848498366325
USD_JPY,2.0,10,3,15,18009,94.40279860069965,28.386565496145614,29.146749521985043,27.649716205255686,-17484.35455322404,-47.94615048594652,49.3848498366325
USD_JPY,2.0,10,3,20,18009,94.40279860069965,17.440150579376656,18.236137667301836,16.66859724313487,-17795.14294433753,-48.79840424940414,49.3848498366325
USD_JPY,2.0,10,5,5,18009,83.88583486034761,66.26729330773374,66.43650148929508,66.10542675818338,-24893.88122559173,-68.2647890597375,49.3848498366325
USD_JPY,2.0,10,5,8,18009,83.88583486034761,51.016085258486065,51.543460601130306,50.51159176271849,-23337.87207032091,-63.99785150198999,49.3848498366325
USD_JPY,2.0,10,5,10,18009,83.88583486034761,42.476997418412495,43.17627944759773,41.80805595129623,-22516.65466309582,-61.745883134005105,49.3848498366325
USD_JPY,2.0,10,5,15,18009,83.88583486034761,26.034288740317336,27.186569184940808,24.932003626470024,-22222.842407239266,-60.94018186599255,49.3848498366325
USD_JPY,2.0,10,5,20,18009,83.88583486034761,16.508903157475572,17.506092607633697,15.554979924878182,-21651.519165053403,-59.373481187247094,49.3848498366325
USD_JPY,2.0,22,0,5,17711,99.96612274857434,86.58571025133654,85.3578685933523,87.81507855769325,23118.36700439453,63.39591776224018,48.56766480407564
USD_JPY,2.0,22,0,8,17711,99.96612274857434,69.8164360350144,68.40144502144182,71.2331863908589,29299.085510253906,80.34487968652031,48.56766480407564
USD_JPY,2.0,22,0,10,17711,99.96612274857434,59.18102231007856,58.12824565363985,60.235107946189636,30490.092163085938,83.61089582870144,48.56766480407564
USD_JPY,2.0,22,0,15,17711,99.96612274857434,38.3733408641605,38.29306841272992,38.45371312308822,32587.845764160156,89.36342215350045,48.56766480407564
USD_JPY,2.0,22,0,20,17711,99.96612274857434,24.128777181585757,24.5202077218306,23.736859952523595,33797.16247558594,92.67964871792338,48.56766480407564
USD_JPY,2.0,22,1,5,17711,99.87578341143923,80.81858782293624,79.72881355931301,81.90971829391538,7558.377563479648,20.726822198956892,48.56766480407564
USD_JPY,2.0,22,1,8,17711,99.87578341143923,63.89846797444378,62.5988700564901,65.19968322207657,11966.192138677683,32.81407084707033,48.56766480407564
USD_JPY,2.0,22,1,10,17711,99.87578341143923,54.38408050200382,53.46892655366627,55.3003733453948,14021.748596198746,38.45088282915695,48.56766480407564
USD_JPY,2.0,22,1,15,17711,99.87578341143923,35.32138617219541,35.43502824858356,35.207602669981306,15948.172668467436,43.733583896993224,48.56766480407564
USD_JPY,2.0,22,1,20,17711,99.87578341143923,22.1437051274791,22.4745762711839,21.812422219705642,16860.16918946565,46.23448962418674,48.56766480407564
USD_JPY,2.0,22,2,5,17711,98.92157416294958,76.17579908675364,74.83140930391188,77.5168167825701,-4188.6573486370835,-11.486268764481625,48.56766480407564
USD_JPY,2.0,22,2,8,17711,98.92157416294958,59.805936073055946,58.85244027888229,60.75704024625917,-1641.613159186893,-4.501683566899028,48.56766480407564
USD_JPY,2.0,22,2,10,17711,98.92157416294958,49.86301369862729,49.27420276602477,50.450347736854354,-1463.9524536222689,-4.014496756627545,48.56766480407564
USD_JPY,2.0,22,2,15,17711,98.92157416294958,32.10616438355981,32.36941364727027,31.84357541899078,971.5432739136104,2.664196717864066,48.56766480407564
USD_JPY,2.0,22,2,20,17711,98.92157416294958,20.456621004565044,20.928106069262668,19.986318549763997,2253.468139634179,6.179531661251015,48.56766480407564
USD_JPY,2.0,22,3,5,17711,95.82180565750099,72.83601437746316,71.78909952605784,73.87176180986123,-11718.798828125524,-32.13566108016458,48.56766480407564
USD_JPY,2.0,22,3,8,17711,95.82180565750099,56.684933121203414,56.06635071089383,57.296917125769866,-9645.038574219587,-26.448930071428858,48.56766480407564
USD_JPY,2.0,22,3,10,17711,95.82180565750099,47.6224147074393,47.511848341226596,47.73180166451204,-8894.34344482523,-24.390350125944284,48.56766480407564
USD_JPY,2.0,22,3,15,17711,95.82180565750099,30.446055035058013,30.864928909948947,30.031649279096236,-7730.429870606811,-21.198629481511233,48.56766480407564
USD_JPY,2.0,22,3,20,17711,95.82180565750099,19.085498792055912,19.91706161137205,18.262806236078035,-7057.911315919529,-19.354427813701772,48.56766480407564
USD_JPY,2.0,22,5,5,17711,86.55637739258088,68.34964122634909,68.09945774367569,68.59312652850191,-20516.18988037661,-56.26014528637004,48.56766480407564
USD_JPY,2.0,22,5,8,17711,86.55637739258088,52.72015655576955,53.035312789306566,52.41343802290482,-18882.741149910584,-51.78085047433702,48.56766480407564
USD_JPY,2.0,22,5,10,17711,86.55637739258088,44.31833007175184,44.86179076841094,43.78941948770192,-18418.436279306577,-50.507618961582516,48.56766480407564
USD_JPY,2.0,22,5,15,17711,86.55637739258088,27.86692759295317,28.7263589472254,27.030505856606123,-17209.119567883667,-47.19139239716746,48.56766480407564
USD_JPY,2.0,22,5,20,17711,86.55637739258088,18.07566862361265,19.243486311331935,16.93911700347317,-16247.901916518185,-44.555510928290516,48.56766480407564
USD_JPY,2.0,44,0,5,17176,99.98253376804844,88.88371280497938,88.03716608593635,89.73490599088055,27910.548706054688,76.53719011086281,47.10057086978732
USD_JPY,2.0,44,0,8,17176,99.98253376804844,72.88767250916712,72.00929152147827,73.77087469343994,37532.18682861328,102.9219507230553,47.10057086978732
USD_JPY,2.0,44,0,10,17176,99.98253376804844,62.42939498048899,61.35888501741448,63.50578068433218,39221.97967529297,107.55575415402272,47.10057086978732
USD_JPY,2.0,44,0,15,17176,99.98253376804844,40.7791300296954,40.94076655051789,40.61660632955265,41443.252868652344,113.64699981453634,47.10057086978732
USD_JPY,2.0,44,0,20,17176,99.98253376804844,25.971000989924537,26.376306620205998,25.56347074623081,43030.34362792969,117.99917033061267,47.10057086978732
USD_JPY,2.0,44,1,5,17176,99.93013507219376,83.5935679328779,82.79307540373152,84.39873787541376,14912.035583498655,40.89225598587382,47.10057086978732
USD_JPY,2.0,44,1,8,17176,99.93013507219376,67.18713586576163,66.22516556290621,68.15472712398409,21086.886047368404,57.82512637966959,47.10057086978732
USD_JPY,2.0,44,1,10,17176,99.93013507219376,57.67303658820452,56.6515626815317,58.70047913987862,23034.584045416763,63.16616548015978,47.10057086978732
USD_JPY,2.0,44,1,15,17176,99.93013507219376,37.590305290139966,37.82967352154783,37.34953838961816,25587.964599619118,70.16812645772993,47.10057086978732
USD_JPY,2.0,44,1,20,17176,99.93013507219376,23.79398741551947,24.13152085511512,23.45448171087724,26362.86468507049,72.29308199987051,47.10057086978732
USD_JPY,2.0,44,2,5,17176,99.2955286446204,78.92113749633076,78.11877708796085,79.72528762619397,3293.251953121322,9.030859746742916,47.10057086978732
USD_JPY,2.0,44,2,8,17176,99.2955286446204,62.86133098797637,61.88356565537521,63.8412772951322,6847.500610345081,18.777432916771684,47.10057086978732
USD_JPY,2.0,44,2,10,17176,99.2955286446204,53.016710642037346,52.26660419350447,53.76849025592231,7676.110595694927,21.049673446486622,47.10057086978732
USD_JPY,2.0,44,2,15,17176,99.2955286446204,34.50014658457728,34.75459763382514,34.245127964306846,10268.28839110185,28.15802544693218,47.10057086978732
USD_JPY,2.0,44,2,20,17176,99.2955286446204,21.9994136616815,22.525477333955426,21.47217656726679,10986.479553209045,30.12747198447787,47.10057086978732
USD_JPY,2.0,44,3,5,17176,96.94340940847694,75.17266230255989,74.7348119575609,75.60742070615491,-5514.506713867657,-15.122054860761617,47.10057086978732
USD_JPY,2.0,44,3,8,17176,96.94340940847694,59.449882889912956,58.77531340404306,60.119688809089155,-3043.1076660163926,-8.344906164857836,47.10057086978732
USD_JPY,2.0,44,3,10,17176,96.94340940847694,50.11711008347546,49.95178399227942,50.281268701370394,-1939.6323852548503,-5.318921321788,47.10057086978732
USD_JPY,2.0,44,3,15,17176,96.94340940847694,32.30436610413595,32.87126325939816,31.741472172348082,-324.8339233411252,-0.8907698665137244,47.10057086978732
USD_JPY,2.0,44,3,20,17176,96.94340940847694,20.52129001261062,21.178881388618468,19.86834230999164,276.56506347505774,0.7584054711407886,47.10057086978732
USD_JPY,2.0,44,5,5,17176,88.86818816953888,70.23715932913586,69.69656992083513,70.77043206662275,-16313.221130376258,-44.73463134407306,47.10057086978732
USD_JPY,2.0,44,5,8,17176,88.86818816953888,54.67112159328782,54.67018469656271,54.67204580946712,-14428.139648445367,-39.56530123607297,47.10057086978732
USD_JPY,2.0,44,5,10,17176,88.86818816953888,45.879192872114395,46.50395778363502,45.2628839146219,-14091.947937021112,-38.64338568357103,47.10057086978732
USD_JPY,2.0,44,5,15,17176,88.86818816953888,29.219077568132256,29.96042216358444,28.487766788127473,-12504.857177746657,-34.29121516750262,47.10057086978732
USD_JPY,2.0,44,5,20,17176,88.86818816953888,18.605870020963142,19.577836411606913,17.647058823527114,-11706.604309096154,-32.10222088409065,47.10057086978732
USD_JPY,2.5,10,0,5,15641,99.94885237516783,84.18729610438916,83.03372260857064,85.28457314027892,13190.208129882812,36.17060624177866,42.89124528262363
USD_JPY,2.5,10,0,8,15641,99.94885237516783,67.5558114245463,66.50045925730659,68.55966050922758,17598.43701171875,48.25899101466855,42.89124528262363
USD_JPY,2.5,10,0,10,15641,99.94885237516783,57.10995970062962,56.34431177010152,57.83824263603871,17921.107177734375,49.14382735735515,42.89124528262363
USD_JPY,2.5,10,0,15,15641,99.94885237516783,36.57647284590056,36.84555832567421,36.320519221163714,18526.312561035156,50.80344071593313,42.89124528262363
USD_JPY,2.5,10,0,20,15641,99.94885237516783,23.066589905966666,23.89450203385069,22.279081377930318,19725.23223876953,54.091156205471464,42.89124528262363
USD_JPY,2.5,10,1,5,15641,99.8465571255035,78.22885317281948,77.07156927116519,79.33016745812554,-692.2933959930015,-1.89842886356859,42.89124528262363
USD_JPY,2.5,10,1,8,15641,99.8465571255035,61.78523403982443,60.77478660537613,62.746813296667995,1599.8056640679279,4.3870377304563695,42.89124528262363
USD_JPY,2.5,10,1,10,15641,99.8465571255035,52.775821220461495,52.094550229802735,53.42414396400231,3525.226135260614,9.666986691655158,42.89124528262363
USD_JPY,2.5,10,1,15,15641,99.8465571255035,33.732471025162724,34.1956664477959,33.291677080725655,4405.924316415662,12.082065120648297,42.89124528262363
USD_JPY,2.5,10,1,20,15641,99.8465571255035,21.08599602996599,22.022324359813258,20.194951262181927,5091.850219737771,13.963032844265312,42.89124528262363
USD_JPY,2.5,10,2,5,15641,98.67655520746756,73.79162887131827,72.7902023429083,74.74122696287873,-11030.696411136953,-30.248724851878475,42.89124528262363
USD_JPY,2.5,10,2,8,15641,98.67655520746756,57.846313334193475,57.16187433439068,58.49532946224962,-9789.493835455874,-26.845059861215386,42.89124528262363
USD_JPY,2.5,10,2,10,15641,98.67655520746756,48.859660489824485,48.65548455803399,49.0532693764139,-8556.378723152608,-23.463572568618403,42.89124528262363
USD_JPY,2.5,10,2,15,15641,98.67655520746756,30.866917195799477,31.37646432374449,30.38374147942055,-8520.687561046074,-23.36569913416196,42.89124528262363
USD_JPY,2.5,10,2,20,15641,98.67655520746756,19.515355708175488,20.527156549518033,18.555920222163778,-7019.354919446304,-19.248697242872083,42.89124528262363
USD_JPY,2.5,10,3,5,15641,94.6998273767662,71.30029705643591,70.47698512027945,72.07715522896312,-15534.885070801265,-42.60025356493223,42.89124528262363
USD_JPY,2.5,10,3,8,15641,94.6998273767662,55.64407237374726,55.1661799471485,56.09500065607451,-14397.999023438248,-39.482648660140995,42.89124528262363
USD_JPY,2.5,10,3,10,15641,94.6998273767662,46.71212530380457,46.850229453477006,46.58181341030749,-14021.516479493086,-38.45024631137953,42.89124528262363
USD_JPY,2.5,10,3,15,15641,94.6998273767662,29.37483121792942,30.176609650948382,28.618291562783277,-13790.404479981657,-37.816483670959975,42.89124528262363
USD_JPY,2.5,10,3,20,15641,94.6998273767662,18.363489062920717,19.58003059379508,17.21558850544322,-12557.877136231844,-34.43660817589484,42.89124528262363
USD_JPY,2.5,10,5,5,15641,84.14423630202673,67.83679051743273,67.85714285713212,67.81794233864073,-19762.38555908684,-54.193039216455006,42.89124528262363
USD_JPY,2.5,10,5,8,15641,84.14423630202673,52.57199300964572,53.23957016434051,51.953753841643206,-18571.687133796157,-50.92786830559404,42.89124528262363
USD_JPY,2.5,10,5,10,15641,84.14423630202673,43.446546614995555,44.37420986092851,42.58744328991035,-19157.18017578971,-52.53342585788704,42.89124528262363
USD_JPY,2.5,10,5,15,15641,84.14423630202673,27.399133804420075,28.77686472818761,26.123225523192428,-17958.260498057738,-49.2457103683553,42.89124528262363
USD_JPY,2.5,10,5,20,15641,84.14423630202673,17.384697211456775,18.647281921615257,16.21542514268751,-17055.154113781893,-46.76918345548025,42.89124528262363
USD_JPY,2.5,22,0,5,15393,99.96102124342234,86.82004289334589,86.08509499597457,87.51421711107197,19651.301879882812,53.88842203522387,42.211171832710534
USD_JPY,2.5,22,0,8,15393,99.96102124342234,70.72203808409236,69.32031040941004,72.04600025273953,26601.132446289062,72.94646739654384,42.211171832710534
USD_JPY,2.5,22,0,10,15393,99.96102124342234,60.47312666536294,59.59325662295162,61.304182990008684,27811.021423339844,76.26426324587749,42.211171832710534
USD_JPY,2.5,22,0,15,15393,99.96102124342234,39.20192370182367,39.34974578538408,39.06230254011891,29354.688720703125,80.49735657021564,42.211171832710534
USD_JPY,2.5,22,0,20,15393,99.96102124342234,25.352570351593855,26.304522344122784,24.453431062804945,31312.910766601562,85.86725504783671,42.211171832710534
USD_JPY,2.5,22,1,5,15393,99.85707789254856,81.0942684275531,80.41264737405139,81.73770077145798,6718.525451662799,18.423753154198504,42.211171832710534
USD_JPY,2.5,22,1,8,15393,99.85707789254856,65.07058746990664,64.01393354768703,66.0680409763417,11608.802673344726,31.834026142830098,42.211171832710534
USD_JPY,2.5,22,1,10,15393,99.85707789254856,56.170711079301526,55.426045016069736,56.87365625394499,14223.414733892845,39.00389809525483,42.211171832710534
USD_JPY,2.5,22,1,15,15393,99.85707789254856,36.302127382731356,36.78992497319978,35.84165928923285,15066.795715340937,41.316644118014885,42.211171832710534
USD_JPY,2.5,22,1,20,15393,99.85707789254856,23.34265825255199,24.222936763126445,22.51169849500158,16670.617248545874,45.71469429193257,42.211171832710534
USD_JPY,2.5,22,2,5,15393,98.98655232898071,76.54393909561747,75.48701298700277,77.53983428934639,-3380.175598148188,-9.26922451751889,42.211171832710534
USD_JPY,2.5,22,2,8,15393,98.98655232898071,61.06845179496876,60.25432900432085,61.8355640535294,-319.19042969356906,-0.8752940996005948,42.211171832710534
USD_JPY,2.5,22,2,10,15393,98.98655232898071,51.735906018241664,51.44751082250386,52.00764818354977,1575.3081054612253,4.3198597498269,42.211171832710534
USD_JPY,2.5,22,2,15,15393,98.98655232898071,33.6024151735884,34.145021645017025,33.09114085404295,2892.7913818255856,7.932704092407195,42.211171832710534
USD_JPY,2.5,22,2,20,15393,98.98655232898071,21.53311019229366,22.48376623376319,20.63734862969781,3777.908142077611,10.359899288860797,42.211171832710534
USD_JPY,2.5,22,3,5,15393,96.00467745078932,73.63648666936841,72.49195466628339,74.70842615645725,-9452.815368652788,-25.921809512706414,42.211171832710534
USD_JPY,2.5,22,3,8,15393,96.00467745078932,58.42468534307359,57.88442703231315,58.93067749966466,-6673.229370117886,-18.29954080563482,42.211171832710534
USD_JPY,2.5,22,3,10,15393,96.00467745078932,49.04587900933489,49.18147474464122,48.9188835015006,-6152.852783203982,-16.872547657584263,42.211171832710534
USD_JPY,2.5,22,3,15,15393,96.00467745078932,31.675463526862114,32.5451238281751,30.860961866068553,-4395.036865235523,-12.052209207402983,42.211171832710534
USD_JPY,2.5,22,3,20,15393,96.00467745078932,19.982406279603467,21.32363229326692,18.726248198136712,-4272.231140138063,-11.715447460886418,42.211171832710534
USD_JPY,2.5,22,5,5,15393,86.7862015201715,69.6534171719388,69.22598694434733,70.05054151623537,-16545.137329106172,-45.37059928504477,42.211171832710534
USD_JPY,2.5,22,5,8,15393,86.7862015201715,54.25555805074824,54.63164438917397,53.90613718410774,-14455.063720710074,-39.63913327926155,42.211171832710534
USD_JPY,2.5,22,5,10,15393,86.7862015201715,45.15308032037988,45.71028908920645,44.63537906136539,-15001.470031746612,-41.13750596071681,42.211171832710534
USD_JPY,2.5,22,5,15,15393,86.7862015201715,29.201287521518886,30.55641902393059,27.942238267143978,-13043.247985850594,-35.76760748310239,42.211171832710534
USD_JPY,2.5,22,5,20,15393,86.7862015201715,18.601691743392575,20.049735778672666,17.256317689528192,-12180.540771496737,-33.40186445273731,42.211171832710534
USD_JPY,2.5,44,0,5,14991,99.97998799279569,89.47824926607356,89.16344561014782,89.77272727271568,25149.85321044922,68.96672353886304,41.108794708254635
USD_JPY,2.5,44,0,8,14991,99.97998799279569,74.3194555644466,73.15019326338029,75.41322314048612,35993.46514892578,98.70241942805069,41.108794708254635
USD_JPY,2.5,44,0,10,14991,99.97998799279569,64.21804109954202,63.017669795684284,65.34090909090065,39437.750244140625,108.14744703767569,41.108794708254635
USD_JPY,2.5,44,0,15,14991,99.97998799279569,42.7542033626873,42.490336830474526,43.00103305784568,42606.236572265625,116.83617053836291,41.108794708254635
USD_JPY,2.5,44,0,20,14991,99.97998799279569,27.728849746461986,28.38210933185693,27.117768595037816,43853.251953125,120.25577558737793,41.108794708254635
USD_JPY,2.5,44,1,5,14991,99.89326929491028,84.23372287144679,83.6971539099083,84.73568566626797,14408.957275392771,39.51269872551087,41.108794708254635
USD_JPY,2.5,44,1,8,14991,99.89326929491028,69.0083472454044,67.76733904392542,70.16931627244796,22730.842834476876,62.33323671723773,41.108794708254635
USD_JPY,2.5,44,1,10,14991,99.89326929491028,59.712854757925896,58.66261398175481,60.69535995863246,26063.864624028924,71.47315456827066,41.108794708254635
USD_JPY,2.5,44,1,15,14991,99.89326929491028,39.61268781301905,39.6932854379608,39.537288354654315,28882.84045410979,79.20343931820904,41.108794708254635
USD_JPY,2.5,44,1,20,14991,99.89326929491028,25.475792988312158,26.139817629175717,24.854594804184455,29431.453552256244,80.70786352112826,41.108794708254635
USD_JPY,2.5,44,2,5,14991,99.21953171903142,79.89780825601184,78.8873435326733,80.84331077562716,5190.453186032097,14.233425019505015,41.108794708254635
USD_JPY,2.5,44,2,8,14991,99.21953171903142,64.71023262067604,63.49095966619422,65.85111920873688,11671.664001459474,32.00640646652814,41.108794708254635
USD_JPY,2.5,44,2,10,14991,99.21953171903142,55.19026489175371,54.33936022252374,55.986465382605935,13453.167114250991,36.891700692121034,41.108794708254635
USD_JPY,2.5,44,2,15,14991,99.21953171903142,36.60077988435951,36.66203059804775,36.54346694429508,15778.05633543957,43.26708550389312,41.108794708254635
USD_JPY,2.5,44,2,20,14991,99.21953171903142,23.416700282370346,24.325452016686462,22.566371681412992,16461.1680297735,45.14033601454495,41.108794708254635
USD_JPY,2.5,44,3,5,14991,97.03822293376025,76.5724891730201,75.66757104097162,77.41251325555707,-1793.5462036136685,-4.918319170443851,41.108794708254635
USD_JPY,2.5,44,3,8,14991,97.03822293376025,61.46971884236877,60.63115807510201,62.248144220564384,2937.848754882175,8.056261846998387,41.108794708254635
USD_JPY,2.5,44,3,10,14991,97.03822293376025,52.00384959097738,51.59217478222882,52.38600212088382,4128.4293212882685,11.321109561495462,41.108794708254635
USD_JPY,2.5,44,3,15,14991,97.03822293376025,34.343850965832516,34.756532914460266,33.96076352067418,6302.925598143445,17.284082080947368,41.108794708254635
USD_JPY,2.5,44,3,20,14991,97.03822293376025,21.894548704198673,23.247179780090924,20.638918345702457,6444.340576170584,17.67187470988406,41.108794708254635
USD_JPY,2.5,44,5,5,14991,89.4603428723901,71.76944299455135,70.67657532124622,72.78481012657181,-10369.118957523835,-28.4345262177519,41.108794708254635
USD_JPY,2.5,44,5,8,14991,89.4603428723901,56.40891805234089,55.93745161788885,56.84695051782841,-7891.428527838678,-21.640125095442887,41.108794708254635
USD_JPY,2.5,44,5,10,14991,89.4603428723901,47.781671761982864,47.654435671149145,47.899884925194485,-7200.632629402492,-19.745802717074703,41.108794708254635
USD_JPY,2.5,44,5,15,14991,89.4603428723901,30.989486242634328,31.831552871956674,30.207134637510038,-5953.617248545678,-16.326197668066715,41.108794708254635
USD_JPY,2.5,44,5,20,14991,89.4603428723901,20.00596525240325,21.241678278367974,18.857882623702697,-5138.923339855946,-14.092118244252976,41.108794708254635
USD_JPY,3.0,10,0,5,13033,99.97698150847847,85.35686876438332,84.549763033162,86.11940298506177,12360.579833984375,33.89557326864491,35.739505131924666
USD_JPY,3.0,10,0,8,13033,99.97698150847847,69.24021488871303,68.4992101105737,69.94029850745224,15594.392944335938,42.76343793933431,35.739505131924666
USD_JPY,3.0,10,0,10,13033,99.97698150847847,58.84881043744752,58.54660347550418,59.13432835820013,15528.159790039062,42.581811287151645,35.739505131924666
USD_JPY,3.0,10,0,15,13033,99.97698150847847,38.257866462007804,38.704581358603676,37.83582089551673,16987.680053710938,46.58415395220566,35.739505131924666
USD_JPY,3.0,10,0,20,13033,99.97698150847847,24.22102839600735,25.6714060031555,22.850746268653303,17428.575439453125,47.79319123459458,35.739505131924666
USD_JPY,3.0,10,1,5,13033,99.87723471188521,79.29630483213649,78.52964426876228,80.02092050208009,380.9973144555761,1.0447828953605907,35.739505131924666
USD_JPY,3.0,10,1,8,13033,99.87723471188521,63.847276638237396,63.14624505927855,64.50986252240519,2341.5718383831863,6.421132412695939,35.739505131924666
USD_JPY,3.0,10,1,10,13033,99.87723471188521,54.42114158407817,54.38735177864752,54.45307830244255,3830.6785888725835,10.504608078398347,35.739505131924666
USD_JPY,3.0,10,1,15,13033,99.87723471188521,35.200122916183815,35.95256916995479,34.48894202031762,5076.494140632672,13.92092291807925,35.739505131924666
USD_JPY,3.0,10,1,20,13033,99.87723471188521,22.424521779210078,23.715415019759096,21.204423191867722,5342.176086434965,14.649484359455819,35.739505131924666
USD_JPY,3.0,10,2,5,13033,98.83372976290954,74.92430711900668,74.35282837966213,75.46429110673782,-8945.478515628303,-24.530574335672494,35.739505131924666
USD_JPY,3.0,10,2,8,13033,98.83372976290954,59.52953963201152,59.22019814636318,59.821833006181514,-7871.213562017054,-21.584690976305037,35.739505131924666
USD_JPY,3.0,10,2,10,13033,98.83372976290954,50.40757705146724,50.67114093958921,50.15853842668727,-6467.699523932317,-17.735930355814148,35.739505131924666
USD_JPY,3.0,10,2,15,13033,98.83372976290954,32.45089666951071,33.333333333328,31.617091952282706,-5641.097595223747,-15.469196382581677,35.739505131924666
USD_JPY,3.0,10,2,20,13033,98.83372976290954,20.73596770436917,21.95589645253724,19.58327042125629,-5058.285522471384,-13.870990669002246,35.739505131924666
USD_JPY,3.0,10,3,5,13033,95.26586357707359,72.66430412370548,72.23055139095914,73.07032590050319,-13002.970764160542,-35.657158010894044,35.739505131924666
USD_JPY,3.0,10,3,8,13033,95.26586357707359,57.05541237112942,57.304680992827365,56.82208014968707,-12084.588073731076,-33.138739927745526,35.739505131924666
USD_JPY,3.0,10,3,10,13033,95.26586357707359,48.131443298965195,48.87556221888241,47.43489786370693,-11298.397216797606,-30.982822474661354,35.739505131924666
USD_JPY,3.0,10,3,15,13033,95.26586357707359,30.774806701028446,32.03398300849042,29.596132855133384,-10630.792541504883,-29.152095802466068,35.739505131924666
USD_JPY,3.0,10,3,20,13033,95.26586357707359,19.555412371132444,21.13943028485405,18.072664899420225,-10276.57690429801,-28.180754470173962,35.739505131924666
USD_JPY,3.0,10,5,5,13033,85.3372209007903,68.94443445422866,69.24514200297659,68.66551126515273,-18040.99243164455,-49.47258049534064,35.739505131924666
USD_JPY,3.0,10,5,8,13033,85.3372209007903,53.73134328357726,54.820627802680335,52.720970537252555,-16270.185729986319,-44.6166183069296,35.739505131924666
USD_JPY,3.0,10,5,10,13033,85.3372209007903,44.82107534615673,45.777279521665584,43.93414211437713,-16581.472167975728,-45.47023783029499,35.739505131924666
USD_JPY,3.0,10,5,15,13033,85.3372209007903,28.3761913324916,30.36248131539044,26.533795493929542,-16140.576782235617,-44.26120054791176,35.739505131924666
USD_JPY,3.0,10,5,20,13033,85.3372209007903,18.494875022476307,19.917787742896127,17.175043327553347,-14880.291137705617,-40.80520536181716,35.739505131924666
USD_JPY,3.0,22,0,5,12851,99.96887401758619,87.68584105237895,86.81744749594719,88.49331530718213,17117.56591796875,46.94033108043451,35.24041897110135
USD_JPY,3.0,22,0,8,12851,99.96887401758619,72.11800420331033,71.27625201937458,72.90070602372346,23083.83819580078,63.30123177037832,35.24041897110135
USD_JPY,3.0,22,0,10,12851,99.96887401758619,62.00669416984027,61.53473344102398,62.445546041751165,24121.3037109375,66.14620254475288,35.24041897110135
USD_JPY,3.0,22,0,15,12851,99.96887401758619,40.66318984976721,41.05008077543763,40.30343998797652,25798.473510742188,70.74539065702395,35.24041897110135
USD_JPY,3.0,22,0,20,12851,99.96887401758619,26.449754806567565,27.673667205165152,25.311701967849583,27447.46337890625,75.26730286877421,35.24041897110135
USD_JPY,3.0,22,1,5,12851,99.87549607034471,82.3763147643099,81.76232821340635,82.94736842104015,6712.593200685651,18.407485547796167,35.24041897110135
USD_JPY,3.0,22,1,8,12851,99.87549607034471,67.0042851577665,66.30557801130698,67.65413533833569,11084.703674320259,30.396825278464906,35.24041897110135
USD_JPY,3.0,22,1,10,12851,99.87549607034471,57.452278924810486,57.04122877929554,57.834586466156715,12299.613098149497,33.72838835586602,35.24041897110135
USD_JPY,3.0,22,1,15,12851,99.87549607034471,37.67822360732079,38.38318512529694,37.02255639097187,13945.464721686963,38.241694773866776,35.24041897110135
USD_JPY,3.0,22,1,20,12851,99.87549607034471,24.409816906893305,25.545675020206055,23.353383458643105,15147.559936532261,41.53811832178557,35.24041897110135
USD_JPY,3.0,22,2,5,12851,99.10512800560267,77.95226130652654,77.53102547353403,78.34240774348483,-1681.7220459013106,-4.611671425608896,35.24041897110135
USD_JPY,3.0,22,2,8,12851,99.10512800560267,62.54711055275891,62.19790986282459,62.87053841499352,429.1132812451194,1.1767280224995764,35.24041897110135
USD_JPY,3.0,22,2,10,12851,99.10512800560267,53.054334170850105,53.13520574786852,52.97943133695509,1282.8221435485702,3.517795487048318,35.24041897110135
USD_JPY,3.0,22,2,15,12851,99.10512800560267,34.92462311557515,35.79359895492557,34.119782214150916,3439.2682495032386,9.431270256517038,35.24041897110135
USD_JPY,3.0,22,2,20,12851,99.10512800560267,22.58951005024948,23.677335075110438,21.581972171805567,4296.462890614913,11.781896534048613,35.24041897110135
USD_JPY,3.0,22,3,5,12851,96.59948642129017,74.63347833091069,74.18866655455285,75.0425235812471,-8222.924682617546,-22.549164343883973,35.24041897110135
USD_JPY,3.0,22,3,8,12851,96.59948642129017,59.40067665538429,59.32402892213564,59.47116128033717,-6382.548645020104,-17.50242692039092,35.24041897110135
USD_JPY,3.0,22,3,10,12851,96.59948642129017,50.16916384726516,50.731461240953294,49.65207978969388,-5948.8770751960155,-16.313199014667152,35.24041897110135
USD_JPY,3.0,22,3,15,12851,96.59948642129017,32.93056226840398,34.25256431813784,31.71486005875495,-3252.880676270478,-8.920152353495537,35.24041897110135
USD_JPY,3.0,22,3,20,12851,96.59948642129017,21.02464958917182,22.448293257100644,19.715478583575116,-3423.4273071300204,-9.387830722929825,35.24041897110135
USD_JPY,3.0,22,5,5,12851,87.6585479729204,70.7146027518801,70.87830294006868,70.56526905447792,-14397.461547855311,-39.48117477758482,35.24041897110135
USD_JPY,3.0,22,5,8,12851,87.6585479729204,55.28628495339056,56.14067733530774,54.50687489389671,-13160.879455572132,-36.09018022274704,35.24041897110135
USD_JPY,3.0,22,5,10,12851,87.6585479729204,46.37372392365322,47.283215481941326,45.54405024613044,-12720.291748053744,-34.881986665322316,35.24041897110135
USD_JPY,3.0,22,5,15,12851,87.6585479729204,30.164225477138913,31.875697804236715,28.602953658117702,-11071.301879891756,-30.360074453577738,35.24041897110135
USD_JPY,3.0,22,5,20,12851,87.6585479729204,19.48513093652734,21.138816524000532,17.976574435576644,-10460.015869150937,-28.68378660596435,35.24041897110135
USD_JPY,3.0,44,0,5,12553,99.98406755357286,90.37526890286907,89.77423638776729,90.92998314691421,21715.7080078125,59.54950186362253,34.42323393854449
USD_JPY,3.0,44,0,8,12553,99.98406755357286,75.9381722571846,75.36520584328098,76.46698330012617,31447.659729003906,86.23676791772853,34.42323393854449
USD_JPY,3.0,44,0,10,12553,99.98406755357286,66.00270894748897,65.15604249666913,66.78412747049688,33626.10534667969,92.21057044458668,34.42323393854449
USD_JPY,3.0,44,0,15,12553,99.98406755357286,44.275356545291665,44.22310756971377,44.323578979616315,36573.255615234375,100.29233919679749,34.42323393854449
USD_JPY,3.0,44,0,20,12553,99.98406755357286,28.96183571029966,29.61487383797649,28.359123640259178,37734.39025878906,103.47643936960331,34.42323393854449
USD_JPY,3.0,44,1,5,12553,99.90440532143711,85.28028067936486,84.62944499832426,85.88072972557322,12501.72491455246,34.28262577622636,34.42323393854449
USD_JPY,3.0,44,1,8,12553,99.90440532143711,70.84761980702729,70.18943170487367,71.45485206192373,19932.566284183013,54.65971418752301,34.42323393854449
USD_JPY,3.0,44,1,10,12553,99.90440532143711,61.20724025196864,60.56829511464596,61.79671930092567,22396.301574711455,61.4158470855162,34.42323393854449
USD_JPY,3.0,44,1,15,12553,99.90440532143711,41.13707040905501,41.37587238284457,40.916756093815586,24991.66577149109,68.53293693666477,34.42323393854449
USD_JPY,3.0,44,1,20,12553,99.90440532143711,26.736304919860714,27.417746759716277,26.107619193618564,25789.480468758356,70.72072965264024,34.42323393854449
USD_JPY,3.0,44,2,5,12553,99.39456703576835,81.21343271619129,80.60798396524459,81.77195685669001,4717.759277341352,12.937188820971876,34.42323393854449
USD_JPY,3.0,44,2,8,12553,99.39456703576835,66.3941652640806,65.5587105394913,67.16486902926545,9957.91162108946,27.306900443886985,34.42323393854449
USD_JPY,3.0,44,2,10,12553,99.39456703576835,56.904704656563524,56.388842492056725,57.38058551616989,11619.503112787468,31.86336922656966,34.42323393854449
USD_JPY,3.0,44,2,15,12553,99.39456703576835,37.84563597018211,38.26624352763683,37.45762711863829,13882.585449210816,38.069265242572904,34.42323393854449
USD_JPY,3.0,44,2,20,12553,99.39456703576835,24.581229462208494,25.137798563550167,24.067796610165782,14418.289489736466,39.53828981907557,34.42323393854449
USD_JPY,3.0,44,3,5,12553,97.5384370270055,77.84220842861174,77.52732240435834,78.13087038195395,-1256.1374511721833,-3.444619878966548,34.42323393854449
USD_JPY,3.0,44,3,8,12553,97.5384370270055,62.69193074158259,62.24385245900576,63.10269254851861,1995.9036865229182,5.473230265273782,34.42323393854449
USD_JPY,3.0,44,3,10,12553,97.5384370270055,53.73244037895674,53.85928961747714,53.61615529116255,3556.2716674798244,9.75212073278704,34.42323393854449
USD_JPY,3.0,44,3,15,12553,97.5384370270055,35.445932701728566,36.23633879780802,34.72135253599957,5500.681579588945,15.084143139937282,34.42323393854449
USD_JPY,3.0,44,3,20,12553,97.5384370270055,22.827507350537175,23.75341530054239,21.97871008139919,5196.998718260644,14.251374385167052,34.42323393854449
USD_JPY,3.0,44,5,5,12553,90.36086991157492,73.03182579563845,72.57766272188006,73.44566133107439,-9492.221069339415,-26.029869072433016,34.42323393854449
USD_JPY,3.0,44,5,8,12553,90.36086991157492,58.00052896058732,58.32100591714897,57.70850884582009,-6858.257568364791,-18.806930987541982,34.42323393854449
USD_JPY,3.0,44,5,10,12553,90.36086991157492,48.99056686943057,49.26035502957669,48.74473462509709,-6545.0708007878275,-17.94810032023071,34.42323393854449
USD_JPY,3.0,44,5,15,12553,90.36086991157492,32.04619589173657,32.98816568046727,31.18786857623737,-5383.936157235326,-14.764000147430885,34.42323393854449
USD_JPY,3.0,44,5,20,12553,90.36086991157492,20.9027594110887,21.671597633132087,20.202190395952787,-4322.618713389107,-11.853621859167006,34.42323393854449
EUR_JPY,2.0,10,0,5,17493,100.0,90.84776767849478,90.17588521174609,91.50378488305371,14842.514953613281,41.678934412282594,49.12170221506624
EUR_JPY,2.0,10,0,8,17493,100.0,73.42937174869529,72.3443647303781,74.4887583323834,22028.215942382812,61.85694071062158,49.12170221506624
EUR_JPY,2.0,10,0,10,17493,100.0,62.07625907505504,61.2358250404928,62.89684781379924,24441.431274414062,68.63343673308036,49.12170221506624
EUR_JPY,2.0,10,0,15,17493,100.0,38.50683130394795,38.31289053459403,38.696192520614765,24368.52020263672,68.42869678246994,49.12170221506624
EUR_JPY,2.0,10,0,20,17493,100.0,23.266449436916293,23.60564684100629,22.935261552364373,23283.058166503906,65.38063510610365,49.12170221506624
EUR_JPY,2.0,10,1,5,17493,99.98285028297033,84.74556889650745,83.61111111110144,85.85310734462306,-613.392456052261,-1.7224536424379622,49.12170221506624
EUR_JPY,2.0,10,1,8,17493,99.98285028297033,67.28416237849815,66.21527777777011,68.32768361581148,5361.811706548173,15.056383580993282,49.12170221506624
EUR_JPY,2.0,10,1,10,17493,99.98285028297033,56.815323041734885,55.99537037036389,57.615819209033035,7725.441162116244,21.693638612330044,49.12170221506624
EUR_JPY,2.0,10,1,15,17493,99.98285028297033,34.865637507144946,34.96527777777373,34.76836158191697,6889.82098389708,19.347152271543308,49.12170221506624
EUR_JPY,2.0,10,1,20,17493,99.98285028297033,21.06346483704854,21.516203703701212,20.62146892655134,6294.878601086775,17.676507867294195,49.12170221506624
EUR_JPY,2.0,10,2,5,17493,99.83993597438976,79.13541368450736,78.06885359915637,80.17651052273362,-14698.59143066779,-41.27478598514764,49.12170221506624
EUR_JPY,2.0,10,2,8,17493,99.83993597438976,62.1757801316884,61.34229743826807,62.989364109519904,-9938.56719971379,-27.90826836041649,49.12170221506624
EUR_JPY,2.0,10,2,10,17493,99.83993597438976,51.57744059547371,50.875159383325496,52.26295541977232,-9741.287597664903,-27.354291920414646,49.12170221506624
EUR_JPY,2.0,10,2,15,17493,99.83993597438976,31.508731749210906,31.853483250257113,31.172210907441595,-10619.141296398957,-29.819373265959072,49.12170221506624
EUR_JPY,2.0,10,2,20,17493,99.83993597438976,19.364443172057292,19.682392488695992,19.054084634530543,-9947.910095229252,-27.93450393643758,49.12170221506624
EUR_JPY,2.0,10,3,5,17493,98.6566054993426,74.42925020280018,73.4061289186247,75.42615261410874,-26234.372009277846,-73.66815352649719,49.12170221506624
EUR_JPY,2.0,10,3,8,17493,98.6566054993426,57.579093753618174,56.80403898085513,58.33428669487949,-23116.64752197349,-64.91334109558285,49.12170221506624
EUR_JPY,2.0,10,3,10,17493,98.6566054993426,47.81550585235556,47.43454267934162,48.18670632650175,-23082.155273438522,-64.81648418360304,49.12170221506624
EUR_JPY,2.0,10,3,15,17493,98.6566054993426,28.97207092362794,29.58788305741111,28.3720398123752,-24249.23498535296,-68.09373463063365,49.12170221506624
EUR_JPY,2.0,10,3,20,17493,98.6566054993426,17.869973345693715,18.281084889043292,17.469397094151986,-23767.0946044938,-66.7398470061883,49.12170221506624
EUR_JPY,2.0,10,5,5,17493,90.84776767849996,68.32997734708857,67.90709611188657,68.73688109642316,-35798.065490728375,-100.52374737958031,49.12170221506624
EUR_JPY,2.0,10,5,8,17493,90.84776767849996,51.9254971054586,51.84139612472066,52.006420545739964,-35059.06408692275,-98.44857405915181,49.12170221506624
EUR_JPY,2.0,10,5,10,17493,90.84776767849996,42.38610621696184,42.48684717053221,42.289171502649424,-35870.97656251041,-100.7284873302039,49.12170221506624
EUR_JPY,2.0,10,5,15,17493,90.84776767849996,25.610369997481396,26.177338637235188,25.064822817628713,-36956.43859864626,-103.77654900657872,49.12170221506624
EUR_JPY,2.0,10,5,20,17493,90.84776767849996,16.008054366976086,16.48915693570942,15.545129028273175,-35718.38928224174,-100.30001039982236,49.12170221506624
EUR_JPY,2.0,22,0,5,17196,99.98836938822983,92.86960567639333,92.32782205304004,93.3879594855931,19108.026733398438,53.65682267852987,48.28770315499223
EUR_JPY,2.0,22,0,8,17196,99.98836938822983,76.88147028032587,75.78208635659857,77.93331057242769,30957.20782470703,86.93024319300163,48.28770315499223
EUR_JPY,2.0,22,0,10,17196,99.98836938822983,65.4007211818038,64.69608659449688,66.07488335039649,34355.322265625,96.47241238407742,48.28770315499223
EUR_JPY,2.0,22,0,15,17196,99.98836938822983,41.328370361751695,41.07291542761495,41.57277796744718,35943.17687988281,100.93123142725989,48.28770315499223
EUR_JPY,2.0,22,0,20,17196,99.98836938822983,25.252995230893028,25.22897585345245,25.275975873446537,35885.10498046875,100.76816102480858,48.28770315499223
EUR_JPY,2.0,22,1,5,17196,99.98255408234473,87.68684929912827,86.79514632404391,88.5398884715957,7102.416503908175,19.94413699836216,48.28770315499223
EUR_JPY,2.0,22,1,8,17196,99.98255408234473,70.6857441982161,69.65262907446233,71.67406395811179,14954.332336430365,41.992926305108796,48.28770315499223
EUR_JPY,2.0,22,1,10,17196,99.98255408234473,60.11167335543185,59.52890792290512,60.66917036530548,18780.261413580454,52.736432211684566,48.28770315499223
EUR_JPY,2.0,22,1,15,17196,99.98255408234473,37.68975745942897,37.68736616701907,37.69204506657133,19387.58746338865,54.441850914373106,48.28770315499223
EUR_JPY,2.0,22,1,20,17196,99.98255408234473,22.86395626126779,23.102545800615857,22.635711847044195,18539.22100831284,52.059572038509316,48.28770315499223
EUR_JPY,2.0,22,2,5,17196,99.86624796464294,82.34437780235938,81.36542356724873,83.28018223233676,-6089.665588382008,-17.100253794194085,48.28770315499223
EUR_JPY,2.0,22,2,8,17196,99.86624796464294,65.4806964420855,64.8040033361057,66.12756264236148,537.7203979431531,1.5099606278357334,48.28770315499223
EUR_JPY,2.0,22,2,10,17196,99.86624796464294,54.84772608163658,54.354819492427694,55.318906605916254,2006.0539550701915,5.633155262580107,48.28770315499223
EUR_JPY,2.0,22,2,15,17196,99.86624796464294,34.15244861119,34.27856547122193,34.031890660588374,2487.694152820461,6.98563833401979,48.28770315499223
EUR_JPY,2.0,22,2,20,17196,99.86624796464294,20.96313981249514,21.172405576072777,20.76309794988374,2218.5187377790817,6.229772868903486,48.28770315499223
EUR_JPY,2.0,22,3,5,17196,99.13933472900675,77.53988737681384,76.62056524352656,78.41520668726916,-17796.475402832468,-49.97388470906577,48.28770315499223
EUR_JPY,2.0,22,3,8,17196,99.13933472900675,60.62294697324844,60.18039687311363,61.04431466849181,-12809.820922852325,-35.97097174873818,48.28770315499223
EUR_JPY,2.0,22,3,10,17196,99.13933472900675,50.65696855935883,50.078171978346354,51.20806137638254,-12510.718322754863,-35.131068424337585,48.28770315499223
EUR_JPY,2.0,22,3,15,17196,99.13933472900675,31.31159080243833,31.629585087188016,31.008817130421274,-11940.206298829458,-33.5290263646921,48.28770315499223
EUR_JPY,2.0,22,3,20,17196,99.13933472900675,19.087282965742663,19.27841250751422,18.905301729071464,-12550.258972169537,-35.24210163796235,48.28770315499223
EUR_JPY,2.0,22,5,5,17196,92.85880437311003,70.42209418837234,70.07214635402343,70.75310748232138,-30247.217407231932,-84.93653497469931,48.28770315499223
EUR_JPY,2.0,22,5,8,17196,92.85880437311003,54.083166332661946,53.645967534133774,54.496709724585116,-28359.574768074744,-79.63588788105379,48.28770315499223
EUR_JPY,2.0,22,5,10,17196,92.85880437311003,44.50150300600924,44.48595722751295,44.51620765293145,-28659.362792978827,-80.47771593153004,48.28770315499223
EUR_JPY,2.0,22,5,15,17196,92.85880437311003,27.191883767533366,27.32543158979292,27.065561784057145,-28717.434692396033,-80.64078633399019,48.28770315499223
EUR_JPY,2.0,22,5,20,17196,92.85880437311003,16.796092184367687,17.018809585156273,16.585425298560004,-28208.415832534636,-79.21142185357151,48.28770315499223
EUR_JPY,2.0,44,0,5,16687,100.0,94.5526457721523,94.01542038916973,95.06810709252053,23156.15447998047,65.02427970111889,46.858391634528694
EUR_JPY,2.0,44,0,8,16687,100.0,80.63762210103191,79.57410353688904,81.6580554250726,39985.45880126953,112.28227291881105,46.858391634528694
EUR_JPY,2.0,44,0,10,16687,100.0,68.93390064121358,68.0455268632887,69.78628464066817,43740.15167236328,122.82574202776316,46.858391634528694
EUR_JPY,2.0,44,0,15,16687,100.0,44.891232696108055,44.584506180388615,45.18553311413279,48426.77673339844,135.98614908440499,46.858391634528694
EUR_JPY,2.0,44,0,20,16687,100.0,28.009828009826332,28.613388814095135,27.43071864724901,49641.21368408203,139.3963823348739,46.858391634528694
EUR_JPY,2.0,44,1,5,16687,99.98801462216096,90.13485166316511,89.23980903414258,90.99342414277936,12992.859863282747,36.48495930522274,46.858391634528694
EUR_JPY,2.0,44,1,8,16687,99.98801462216096,74.41414444111031,73.44840249723669,75.34053546264967,24757.757934574198,69.5217065554706,46.858391634528694
EUR_JPY,2.0,44,1,10,16687,99.98801462216096,63.733892718006366,63.17786754803976,64.26726162516859,28935.487426763317,81.2530953424376,46.858391634528694
EUR_JPY,2.0,44,1,15,16687,99.98801462216096,41.294575966434444,41.265760803030815,41.32221700328307,33083.47595215734,92.90096918545579,46.858391634528694
EUR_JPY,2.0,44,1,20,16687,99.98801462216096,25.352112676054816,25.817113477778697,24.906059182711964,32933.31176758945,92.47929649593927,46.858391634528694
EUR_JPY,2.0,44,2,5,16687,99.89213159944867,85.8419821224977,84.84440088212634,86.79910661806902,2932.3516845678982,8.234271207865556,46.858391634528694
EUR_JPY,2.0,44,2,8,16687,99.89213159944867,69.0083388325593,68.12055868658807,69.86011519923946,10775.340454096277,30.257992628598522,46.858391634528694
EUR_JPY,2.0,44,2,10,16687,99.89213159944867,58.179854820321665,57.4981622151363,58.83390149288129,12428.264892570993,34.899532790421,46.858391634528694
EUR_JPY,2.0,44,2,15,16687,99.89213159944867,37.50074989501245,37.7235971575548,37.28694016691698,17187.383178700275,48.26350645174376,46.858391634528694
EUR_JPY,2.0,44,2,20,16687,99.89213159944867,23.192753014576567,23.780936045084072,22.62842365110819,16551.188720690025,46.47702301738401,46.858391634528694
EUR_JPY,2.0,44,3,5,16687,99.26889195181879,81.23151222456497,80.16274195535937,82.25691980126777,-7673.2557983401975,-21.547098059000604,46.858391634528694
EUR_JPY,2.0,44,3,8,16687,99.26889195181879,64.19559311801605,63.62963876216698,64.7385852850645,-2081.2264404303605,-5.8442454381148154,46.858391634528694
EUR_JPY,2.0,44,3,10,16687,99.26889195181879,53.98128584364298,53.38429293551308,54.55405725099899,-870.2265014657114,-2.443663583413799,46.858391634528694
EUR_JPY,2.0,44,3,15,16687,99.26889195181879,34.337458496828596,34.69362594007709,33.99574166074829,2584.779418944077,7.258261299319893,46.858391634528694
EUR_JPY,2.0,44,3,20,16687,99.26889195181879,21.116812556593956,21.72358525458985,20.53465814998574,1553.7875976547639,4.363156215483935,46.858391634528694
EUR_JPY,2.0,44,5,5,16687,94.55264577215797,72.90531119279548,72.37698516010512,73.4066205533506,-24312.064514165017,-68.2701648258328,46.858391634528694
EUR_JPY,2.0,44,5,8,16687,94.55264577215797,56.67384966408564,56.36552980993799,56.966403162048294,-21263.728088386677,-59.71019945920483,46.858391634528694
EUR_JPY,2.0,44,5,10,16687,94.55264577215797,47.47750031689393,47.422546211917805,47.52964426876883,-19625.439453134422,-55.109757769203775,46.858391634528694
EUR_JPY,2.0,44,5,15,16687,94.55264577215797,29.623526429203345,30.43478260869169,28.853754940707898,-18411.00250245403,-51.69952451874386,46.858391634528694
EUR_JPY,2.0,44,5,20,16687,94.55264577215797,18.56382304474467,19.552199947927683,17.62598814229031,-18158.63250733883,-50.99084997760931,46.858391634528694
EUR_JPY,2.5,10,0,5,15008,99.9866737739872,91.74996667998855,90.93058839893018,92.50351797363534,12684.325256347656,35.618570173289505,42.14362927134935
EUR_JPY,2.5,10,0,8,15008,99.9866737739872,75.02332400372684,73.70983446931788,76.23129077650297,20058.903564453125,56.326958649391024,42.14362927134935
EUR_JPY,2.5,10,0,10,15008,99.9866737739872,63.58789817405947,62.23396856307383,64.83305615964375,21757.644958496094,61.09715637983093,42.14362927134935
EUR_JPY,2.5,10,0,15,15008,99.9866737739872,40.503798480605056,40.01947419668382,40.949213253160934,24240.643615722656,68.06960939764906,42.14362927134935
EUR_JPY,2.5,10,0,20,15008,99.9866737739872,24.8433959749417,25.121713729305167,24.587437635918562,23796.773681640625,66.82318815919947,42.14362927134935
EUR_JPY,2.5,10,1,5,15008,99.97334754797441,85.9370834444091,85.08625486921466,86.7195496417494,-38.280334470737216,-0.1074941514071165,42.14362927134935
EUR_JPY,2.5,10,1,8,15008,99.97334754797441,68.84830711809725,67.37618252642356,70.20214943704322,5528.9180908245635,15.52563128274034,42.14362927134935
EUR_JPY,2.5,10,1,10,15008,99.97334754797441,58.40442548653303,57.136894824699894,59.57011258955225,7236.039794927551,20.319361574504097,42.14362927134935
EUR_JPY,2.5,10,1,15,15008,99.97334754797441,36.696880831775744,36.60267111852579,36.783520982595086,9339.149658211763,26.22505736309472,42.14362927134935
EUR_JPY,2.5,10,1,20,15008,99.97334754797441,22.56065049320031,22.829716193652917,22.313203684746377,8948.9763794051,25.129420501846393,42.14362927134935
EUR_JPY,2.5,10,2,5,15008,99.81343283582089,80.66755674231771,79.73537604455714,81.52564102563056,-11845.991394045932,-33.26446359689943,42.14362927134935
EUR_JPY,2.5,10,2,8,15008,99.81343283582089,63.698264352465706,62.311977715868764,64.97435897435065,-7662.261047368845,-21.516223944603784,42.14362927134935
EUR_JPY,2.5,10,2,10,15008,99.81343283582089,53.20427236314731,52.144846796650114,54.17948717948023,-7037.297363288422,-19.761277395433872,42.14362927134935
EUR_JPY,2.5,10,2,15,15008,99.81343283582089,33.40453938584557,33.662952646234864,33.166666666662415,-5162.446777353958,-14.496551380455584,42.14362927134935
EUR_JPY,2.5,10,2,20,15008,99.81343283582089,20.834445927902483,21.15598885793577,20.538461538458904,-4745.218322766041,-13.324941484959101,42.14362927134935
EUR_JPY,2.5,10,3,5,15008,98.55410447761194,76.11385301872245,74.95049504949435,77.17912187539474,-20910.991271973056,-58.71968709104841,42.14362927134935
EUR_JPY,2.5,10,3,8,15008,98.55410447761194,59.24548712054227,58.090523338039866,60.30306955056853,-18780.65307617256,-52.73753203065319,42.14362927134935
EUR_JPY,2.5,10,3,10,15008,98.55410447761194,49.55040227164833,48.74115983026184,50.291413029393816,-17307.779785157098,-48.60158947066999,42.14362927134935
EUR_JPY,2.5,10,3,15,15008,98.55410447761194,30.856601987693132,31.173974540306766,30.565988861542472,-16535.53247070429,-46.43305905182042,42.14362927134935
EUR_JPY,2.5,10,3,20,15008,98.55410447761194,18.984517612060102,19.165487977366453,18.81880585416153,-16593.092407227923,-46.594691822724904,42.14362927134935
EUR_JPY,2.5,10,5,5,15008,91.73773987206823,69.3056362579845,68.44118096985338,70.08712487898353,-31019.641418461833,-87.10556157181828,42.14362927134935
EUR_JPY,2.5,10,5,8,15008,91.73773987206823,53.23213248111176,52.715312834625564,53.69935002073659,-29115.171325690913,-81.75766168188558,42.14362927134935
EUR_JPY,2.5,10,5,10,15008,91.73773987206823,44.145845438695225,44.01101422670276,44.26773613607464,-28536.642761239207,-80.1331085540112,42.14362927134935
EUR_JPY,2.5,10,5,15,15008,91.73773987206823,27.07728065078246,27.62735199632436,26.580002765865494,-28980.512695323916,-81.37952979246832,42.14362927134935
EUR_JPY,2.5,10,5,20,15008,91.73773987206823,16.89424753050429,17.17913415939771,16.63670308394183,-28584.39697266926,-80.2672060875036,42.14362927134935
EUR_JPY,2.5,22,0,5,14782,100.0,93.42443512379289,92.89039356748583,93.91654751071182,16433.2763671875,46.14591597363917,41.509003723952965
EUR_JPY,2.5,22,0,8,14782,100.0,78.10174536598036,76.7668218366375,79.33186013257775,27379.46258544922,76.88365677305117,41.509003723952965
EUR_JPY,2.5,22,0,10,14782,100.0,66.85834122581066,65.56637043305606,68.04887560118704,30366.911010742188,85.27264390676808,41.509003723952965
EUR_JPY,2.5,22,0,15,14782,100.0,43.25531051278289,42.474255889400126,43.975042246192125,33657.10693359375,94.51176951995848,41.509003723952965
EUR_JPY,2.5,22,0,20,14782,100.0,26.701393586792943,27.0277895330756,26.400623943841623,33259.4091796875,93.39500334840508,41.509003723952965
EUR_JPY,2.5,22,1,5,14782,99.97294006223785,88.42197861685692,87.5105842506227,89.2615704628069,6148.983215333587,17.266822296293206,41.509003723952965
EUR_JPY,2.5,22,1,8,14782,99.97294006223785,71.97861686289944,70.70279424215768,73.15392615703676,13625.48950195689,38.26143245010219,41.509003723952965
EUR_JPY,2.5,22,1,10,14782,99.97294006223785,61.38178373257129,60.00564493366356,62.649505980231055,16078.723266606752,45.150303338519066,41.509003723952965
EUR_JPY,2.5,22,1,15,14782,99.97294006223785,39.200162403570225,38.87948066609668,39.495579823187796,19002.79785157067,53.36133180803493,41.509003723952965
EUR_JPY,2.5,22,1,20,14782,99.97294006223785,24.35376911625224,24.767146486025293,23.972958918353616,18562.607360850012,52.12524273222838,41.509003723952965
EUR_JPY,2.5,22,2,5,14782,99.88499526451089,83.53538774127439,82.33964396721075,84.63639911537861,-4547.448913576706,-12.769589628476618,41.509003723952965
EUR_JPY,2.5,22,2,8,14782,99.88499526451089,66.93532001354102,65.66826787227103,68.10199037334876,1234.1049194285988,3.4654624337917994,41.509003723952965
EUR_JPY,2.5,22,2,10,14782,99.88499526451089,56.07179139857392,54.90251483469131,57.14843241836124,1983.0207519464886,5.568476239833771,41.509003723952965
EUR_JPY,2.5,22,2,15,14782,99.88499526451089,35.40128682695324,35.54676462276977,35.26733446077335,4228.890136708991,11.875051849062473,41.509003723952965
EUR_JPY,2.5,22,2,20,14782,99.88499526451089,22.275651879443124,22.6335122916046,21.946142838555748,4311.813476550758,12.107907025783792,41.509003723952965
EUR_JPY,2.5,22,3,5,14782,99.20173183601678,78.73022367702681,77.48825288337213,79.87174453604503,-14700.721008301136,-41.280766004489614,41.509003723952965
EUR_JPY,2.5,22,3,8,14782,99.20173183601678,61.858974358970144,60.5439270966737,63.06766130086859,-11284.556518555322,-31.687910874839034,41.509003723952965
EUR_JPY,2.5,22,3,10,14782,99.20173183601678,52.05946535733415,51.03232236935056,53.00353356889765,-9514.656066895332,-26.71789298558314,41.509003723952965
EUR_JPY,2.5,22,3,15,14782,99.20173183601678,32.746863066009766,32.97736010251559,32.53500850673569,-8518.979125977683,-23.92195482779632,41.509003723952965
EUR_JPY,2.5,22,3,20,14782,99.20173183601678,20.219585379158467,20.518297024060868,19.9450333725926,-8926.266357423205,-25.06564899683912,41.509003723952965
EUR_JPY,2.5,22,5,5,14782,93.42443512379921,71.56408399709836,70.58466211084729,72.45674740483426,-26301.263732914624,-73.85599068016657,41.509003723952965
EUR_JPY,2.5,22,5,8,14782,93.42443512379921,55.278783490220476,54.426727410773815,56.05536332179155,-24102.647216803896,-67.68210479498292,41.509003723952965
EUR_JPY,2.5,22,5,10,14782,93.42443512379921,46.29978276610816,45.72513287774552,46.82352941175822,-23011.067810067027,-64.6168650669873,41.509003723952965
EUR_JPY,2.5,22,5,15,14782,93.42443512379921,28.580738595218786,29.09643128321502,28.110726643594724,-23408.765563976056,-65.73363123854851,41.509003723952965
EUR_JPY,2.5,22,5,20,14782,93.42443512379921,17.79869659666779,18.116932422168848,17.508650519028716,-23621.557617200408,-66.33116784588968,41.509003723952965
EUR_JPY,2.5,44,0,5,14391,99.98610242512682,95.16297171449753,94.76394849784052,95.5399378294235,19566.30157470703,54.94369401491685,40.41104536540435
EUR_JPY,2.5,44,0,8,14391,99.98610242512682,81.63875182430456,80.3719599427639,82.83551831327438,34381.11932373047,96.54485252620749,40.41104536540435
EUR_JPY,2.5,44,0,10,14391,99.98610242512682,70.92918201403357,69.48497854076258,72.29355318285278,39244.47570800781,110.20153486052482,40.41104536540435
EUR_JPY,2.5,44,0,15,14391,99.98610242512682,46.47994996177312,46.32331902717506,46.627922692249406,43902.769775390625,123.2823862872777,40.41104536540435
EUR_JPY,2.5,44,0,20,14391,99.98610242512682,29.619848495376356,29.99999999999571,29.260710906875353,44806.456604003906,125.82000906729367,40.41104536540435
EUR_JPY,2.5,44,1,5,14391,99.97915363769022,91.0967472894015,90.35765379111726,91.79507975127171,11577.200988770695,32.5096792690999,40.41104536540435
EUR_JPY,2.5,44,1,8,14391,99.97915363769022,75.66027244925802,74.3061516451968,76.9397134360534,21828.758178714124,61.296847823671584,40.41104536540435
EUR_JPY,2.5,44,1,10,14391,99.97915363769022,65.58242980260873,64.26323319026261,66.82887266827969,26388.805969242785,74.10181607684827,40.41104536540435
EUR_JPY,2.5,44,1,15,14391,99.97915363769022,42.63969974978853,42.789699570809326,42.49797242497398,29963.047668464536,84.13856428435088,40.41104536540435
EUR_JPY,2.5,44,1,20,14391,99.97915363769022,27.022518765636157,27.381974248923118,26.68288726682527,30595.450744638452,85.91440122413862,40.41104536540435
EUR_JPY,2.5,44,2,5,14391,99.9027169758877,86.79835848924763,85.79610538372195,87.74516434463847,2218.122314451183,6.228659681419112,40.41104536540435
EUR_JPY,2.5,44,2,8,14391,99.9027169758877,70.98838422479857,69.54467353950893,72.35222507776649,10773.578124995733,30.253043871651066,40.41104536540435
EUR_JPY,2.5,44,2,10,14391,99.9027169758877,60.151631077411125,59.120847651767015,61.12538888136601,12871.9908447207,36.14554971642538,40.41104536540435
EUR_JPY,2.5,44,2,15,14391,99.9027169758877,38.7911247130807,39.261168384874104,38.34708508047635,16030.256347647248,45.01420446694698,40.41104536540435
EUR_JPY,2.5,44,2,20,14391,99.9027169758877,24.657438965011846,25.057273768610383,24.27972406329984,16780.75860594595,47.12167307975688,40.41104536540435
EUR_JPY,2.5,44,3,5,14391,99.38155791814329,82.1353656831155,80.84616491580358,83.3537331701233,-7033.471374512009,-19.75053372188713,40.41104536540435
EUR_JPY,2.5,44,3,8,14391,99.38155791814329,65.97678646342708,64.64239458914021,67.23786209709407,-722.084960938053,-2.0276706354071217,40.41104536540435
EUR_JPY,2.5,44,3,10,14391,99.38155791814329,55.92924066563726,55.2309684846661,56.589147286814004,1402.8780517570958,3.9393904934810697,40.41104536540435
EUR_JPY,2.5,44,3,15,14391,99.38155791814329,35.75723675010238,36.27860123758292,35.26451788385213,3290.355773924737,9.239574487415238,40.41104536540435
EUR_JPY,2.5,44,3,20,14391,99.38155791814329,22.51433365962645,22.981723989059866,22.072623419009645,3581.5711059557716,10.057329750691412,40.41104536540435
EUR_JPY,2.5,44,5,5,14391,95.14974636925857,74.53443365222562,73.32427536230777,75.66841137359235,-20136.338500980528,-56.54440196346761,40.41104536540435
EUR_JPY,2.5,44,5,8,14391,95.14974636925857,58.41670926750467,57.94082125602989,58.86263969443218,-16563.345458990847,-46.51116008242258,40.41104536540435
EUR_JPY,2.5,44,5,10,14391,95.14974636925857,48.84247425691603,48.88285024153851,48.80463997735905,-15478.044433601714,-43.46355053672595,40.41104536540435
EUR_JPY,2.5,44,5,15,14391,95.14974636925857,31.12539253633016,31.657608695647394,30.62667986984996,-14574.35760499119,-40.92592775671773,40.41104536540435
EUR_JPY,2.5,44,5,20,14391,95.14974636925857,19.65237712699776,20.350241545890647,18.998443910027017,-14542.142333996882,-40.835464774464256,40.41104536540435
EUR_JPY,3.0,10,0,5,12078,99.99172048352376,92.44017554027553,91.67682395958703,93.13230186294709,10828.341979980469,30.40682502849719,33.91596177634311
EUR_JPY,3.0,10,0,8,12078,99.99172048352376,76.88167591288591,76.09263451156606,77.59709504261484,17399.033813476562,48.85783786745922,33.91596177634311
EUR_JPY,3.0,10,0,10,12078,99.99172048352376,66.01805084043504,65.3491206686287,66.62456583516472,19903.35968017578,55.89017934539249,33.91596177634311
EUR_JPY,3.0,10,0,15,12078,99.99172048352376,43.13157241036324,43.28748041092751,42.990211556671454,22633.411560058594,63.55637699446842,33.91596177634311
EUR_JPY,3.0,10,0,20,12078,99.99172048352376,26.612569346689856,27.250565906315995,26.03410167350394,21803.291015625,61.225334052361546,33.91596177634311
EUR_JPY,3.0,10,1,5,12078,99.96688193409506,87.17906244822865,86.3462208289644,87.93430195829312,705.8540649428141,1.9820930192314037,33.91596177634311
EUR_JPY,3.0,10,1,8,12078,99.96688193409506,71.30197117773139,70.67223963774455,71.87302590017815,6495.032531741433,18.238555645193532,33.91596177634311
EUR_JPY,3.0,10,1,10,12078,99.96688193409506,60.93258240847599,60.46673632879476,61.355022109908184,8721.36700439882,24.490275704475113,33.91596177634311
EUR_JPY,3.0,10,1,15,12078,99.96688193409506,39.15024018551937,39.67258794844311,38.67656348704379,9986.997802741058,28.044265254031163,33.91596177634311
EUR_JPY,3.0,10,1,20,12078,99.96688193409506,24.151068411460646,24.764890282127347,23.594440934929942,9870.407592781767,27.716870892011364,33.91596177634311
EUR_JPY,3.0,10,2,5,12078,99.826130153999,82.1348594177588,81.62624323851307,82.59563705341722,-8520.770996095955,-23.92698653821522,33.91596177634311
EUR_JPY,3.0,10,2,8,12078,99.826130153999,66.127560753084,65.48595358575021,66.70882073979342,-3891.447814945585,-10.927487609399602,33.91596177634311
EUR_JPY,3.0,10,2,10,12078,99.826130153999,55.84307870945875,55.348106787636475,56.291495415735646,-2920.5497436577907,-8.201130441447782,33.91596177634311
EUR_JPY,3.0,10,2,15,12078,99.826130153999,35.506344861903,35.99720816610783,35.061650331957786,-1991.1198730548308,-5.591219200748865,33.91596177634311
EUR_JPY,3.0,10,2,20,12078,99.826130153999,22.202869702245813,22.84069097888277,21.625039519440143,-1820.1876831150662,-5.111228339650697,33.91596177634311
EUR_JPY,3.0,10,3,5,12078,98.85742672627919,77.76381909547088,77.05871980249037,78.40165895675891,-16208.086242676083,-45.513564619496165,33.91596177634311
EUR_JPY,3.0,10,3,8,12078,98.85742672627919,61.6164154103801,61.223770058179994,61.971606316787046,-12839.450805664583,-36.05417476023827,33.91596177634311
EUR_JPY,3.0,10,3,10,12078,98.85742672627919,52.060301507533325,51.87797566565828,52.22523528472607,-11740.439331055339,-32.968065208606404,33.91596177634311
EUR_JPY,3.0,10,3,15,12078,98.85742672627919,32.98157453936072,33.5390583671251,32.477269101924946,-11278.938232422784,-31.672134291156326,33.91596177634311
EUR_JPY,3.0,10,3,20,12078,98.85742672627919,20.201005025123937,20.701816258151876,19.747966182801125,-11769.199890137803,-33.04882709157603,33.91596177634311
EUR_JPY,3.0,10,5,5,12078,92.43252194071866,71.41705481905487,71.28205128203774,71.53754873706195,-24591.34582519894,-69.05440843155175,33.91596177634311
EUR_JPY,3.0,10,5,8,12078,92.43252194071866,55.6789681117829,55.87844254509859,55.50093236140777,-22628.02478027906,-63.54125049859989,33.91596177634311
EUR_JPY,3.0,10,5,10,12078,92.43252194071866,46.65890361877045,47.21747388413158,46.16036616374874,-21861.29394531927,-61.38821078248464,33.91596177634311
EUR_JPY,3.0,10,5,15,12078,92.43252194071866,28.78896452884013,29.724596391257407,27.953890489908805,-22691.41448975513,-63.719253724597884,33.91596177634311
EUR_JPY,3.0,10,5,20,12078,92.43252194071866,18.210318882119473,18.765432098761867,17.714866926594723,-22522.180480967414,-63.24403148802714,33.91596177634311
EUR_JPY,3.0,22,0,5,11927,99.99161566194348,94.08016099278097,93.71257485028289,94.41421254800024,13314.686584472656,37.38867372602774,33.49194205219774
EUR_JPY,3.0,22,0,8,11927,99.99161566194348,79.80882106321651,78.90102148642498,80.6338028168885,23650.62384033203,66.41278805724212,33.49194205219774
EUR_JPY,3.0,22,0,10,11927,99.99161566194348,69.44491028005456,68.52765058117849,70.27848911650604,27628.847045898438,77.58394770103673,33.49194205219774
EUR_JPY,3.0,22,0,15,11927,99.99161566194348,45.8410196209923,45.64987671714588,46.01472471190044,30593.9404296875,85.91016014249044,33.49194205219774
EUR_JPY,3.0,22,0,20,11927,99.99161566194348,28.72715076303633,29.42937654103039,28.088988476307925,30284.520263671875,85.04128429190129,33.49194205219774
EUR_JPY,3.0,22,1,5,11927,99.97484698583047,89.41630325393413,88.81451470845714,89.9631823275028,5332.820556641773,14.974974181086203,33.49194205219774
EUR_JPY,3.0,22,1,8,11927,99.97484698583047,74.52197249244594,73.59520873699601,75.3641748038938,13602.937316897294,38.19810416342772,33.49194205219774
EUR_JPY,3.0,22,1,10,11927,99.97484698583047,64.20664206641527,63.83653338029524,64.5429806306924,16913.54235840232,47.49454016642931,33.49194205219774
EUR_JPY,3.0,22,1,15,11927,99.97484698583047,41.66387118416289,41.765016734183234,41.57195453817167,18536.946166998514,52.0531841074724,33.49194205219774
EUR_JPY,3.0,22,1,20,11927,99.97484698583047,26.174102650115216,26.898009512061492,25.516247798939407,18315.81439209785,51.43222891414024,33.49194205219774
EUR_JPY,3.0,22,2,5,11927,99.88261926720885,84.88206161335641,84.13817412758475,85.55858310625331,-2588.5698242205926,-7.268905051636102,33.49194205219774
EUR_JPY,3.0,22,2,8,11927,99.88261926720885,69.52069168135067,68.57596052166573,70.3798685686696,4186.846679683785,11.756990557340977,33.49194205219774
EUR_JPY,3.0,22,2,10,11927,99.88261926720885,58.96079912699916,58.406767712361926,59.46465779771446,4582.446777338748,12.867866347271704,33.49194205219774
EUR_JPY,3.0,22,2,15,11927,99.88261926720885,37.723495341220705,37.96263658793832,37.506010578612354,6327.648803703347,17.768529140629735,33.49194205219774
EUR_JPY,3.0,22,2,20,11927,99.88261926720885,24.040963653149998,24.673951357062972,23.46529892610619,6840.616638174335,19.208982648363758,33.49194205219774
EUR_JPY,3.0,22,3,5,11927,99.25379391297056,80.40209494846422,79.53133321496901,81.19258662367747,-10205.275268554953,-28.657205325829565,33.49194205219774
EUR_JPY,3.0,22,3,8,11927,99.25379391297056,64.67308667004015,64.33516776139457,64.97985495567042,-5070.555541992662,-14.238513656818006,33.49194205219774
EUR_JPY,3.0,22,3,10,11927,99.25379391297056,54.798107788473146,54.51801881767183,55.05237711522077,-4808.344848633421,-13.502205670949447,33.49194205219774
EUR_JPY,3.0,22,3,15,11927,99.25379391297056,34.95522892380174,35.48730694123282,34.47219983883409,-3623.6584472665013,-10.175514272893981,33.49194205219774
EUR_JPY,3.0,22,3,20,11927,99.25379391297056,21.853353607026367,22.190662169355193,21.547139403703213,-3690.2964477549585,-10.362638952262953,33.49194205219774
EUR_JPY,3.0,22,5,5,11927,94.07227299404713,73.81461675578664,73.12535237735892,74.436345143232,-19359.608154300215,-54.363282842045585,33.49194205219774
EUR_JPY,3.0,22,5,8,11927,94.07227299404713,57.81639928698237,57.714715279072024,57.90812002033261,-17940.900939946787,-50.37944283096485,33.49194205219774
EUR_JPY,3.0,22,5,10,11927,94.07227299404713,48.72549019607409,48.71264799848736,48.73707408034434,-16394.514770514354,-46.037070400600875,33.49194205219774
EUR_JPY,3.0,22,5,15,11927,94.07227299404713,30.534759358286045,31.403871452728545,29.75080522121889,-16703.9349365323,-46.90594625119654,33.49194205219774
EUR_JPY,3.0,22,5,20,11927,94.07227299404713,19.322638146165836,19.789513249385493,18.901508730290065,-16831.341552744663,-47.26371392179695,33.49194205219774
EUR_JPY,3.0,44,0,5,11676,100.0,95.50359712229397,95.1705565529452,95.80740255484838,15499.642639160156,43.52419997489102,32.78711456371769
EUR_JPY,3.0,44,0,8,11676,100.0,82.9907502569302,82.06463195689729,83.83557156893484,28822.976989746094,80.93715729960635,32.78711456371769
EUR_JPY,3.0,44,0,10,11676,100.0,72.85029119560869,71.54398563733005,74.04192597443922,33242.19299316406,93.34665895992492,32.78711456371769
EUR_JPY,3.0,44,0,15,11676,100.0,48.758136348060226,48.52782764810619,48.968227972478054,37836.88537597656,106.24891191815672,32.78711456371769
EUR_JPY,3.0,44,0,20,11676,100.0,31.089414182936697,31.651705565523937,30.576482148701178,39204.77294921875,110.09004643119006,32.78711456371769
EUR_JPY,3.0,44,1,5,11676,99.99143542309011,91.69164882226195,91.23877917413083,92.104832104817,9063.961486817288,25.452307611288397,32.78711456371769
EUR_JPY,3.0,44,1,8,11676,99.99143542309011,77.74732334046442,76.53500897664694,78.85339885338594,19154.788940432052,53.78813458665452,32.78711456371769
EUR_JPY,3.0,44,1,10,11676,99.99143542309011,67.71734475374151,66.66068222619987,68.68140868139743,23363.30987549171,65.60598813595267,32.78711456371769
EUR_JPY,3.0,44,1,15,11676,99.99143542309011,44.642398286934075,44.703770197478505,44.58640458639728,26430.78936768166,74.2197087193962,32.78711456371769
EUR_JPY,3.0,44,1,20,11676,99.99143542309011,28.59100642398042,29.29982046678109,27.944307944303365,27757.370422370863,77.9448513211564,32.78711456371769
EUR_JPY,3.0,44,2,5,11676,99.9400479616307,87.74530808123338,87.15876436780043,88.28060973609436,2222.359619139162,6.240558361981475,32.78711456371769
EUR_JPY,3.0,44,2,8,11676,99.9400479616307,72.89399263003918,71.56968390803313,74.10260613013044,10128.491088863952,28.441589387476537,32.78711456371769
EUR_JPY,3.0,44,2,10,11676,99.9400479616307,62.293255634582025,61.20689655171314,63.28470742500192,12383.405151362686,34.77356315404763,32.78711456371769
EUR_JPY,3.0,44,2,15,11676,99.9400479616307,40.59473819521462,41.07399425286618,40.15735125388622,15354.983154289783,43.11798490952845,32.78711456371769
EUR_JPY,3.0,44,2,20,11676,99.9400479616307,26.23189647784504,26.867816091949198,25.65153253564569,16438.75036620213,46.16128738789185,32.78711456371769
EUR_JPY,3.0,44,3,5,11676,99.49468996231586,83.41224068175231,82.52392128541568,84.2217834813945,-5025.531250000219,-14.112081949066507,32.78711456371769
EUR_JPY,3.0,44,3,8,11676,99.49468996231586,68.05543599896117,67.03376060659558,68.98650871996233,1160.6008911128595,3.259057415182439,32.78711456371769
EUR_JPY,3.0,44,3,10,11676,99.49468996231586,58.27666351036771,57.71799963891356,58.78578479762112,3031.4945068353863,8.512671950573198,32.78711456371769
EUR_JPY,3.0,44,3,15,11676,99.49468996231586,37.49677197210661,38.16573388697632,36.88713392562736,4974.269897460113,13.968136091030912,32.78711456371769
EUR_JPY,3.0,44,3,20,11676,99.49468996231586,23.69802875096637,23.97544683155371,23.445212240864848,5115.654724120085,14.365155661883248,32.78711456371769
EUR_JPY,3.0,44,5,5,11676,95.50359712230215,76.2801542462491,75.17449537821633,77.28205128203807,-15659.826965335038,-43.97401000003728,32.78711456371769
EUR_JPY,3.0,44,5,8,11676,95.50359712230215,60.71204376288577,60.309375589500036,61.076923076912635,-12022.017211919043,-33.758757760720755,32.78711456371769
EUR_JPY,3.0,44,5,10,11676,95.50359712230215,51.05371715540748,50.990379173731185,51.11111111110237,-11065.134582525736,-31.07175704181447,32.78711456371769
EUR_JPY,3.0,44,5,15,11676,95.50359712230215,32.55313424804658,33.25787587247061,31.914529914524458,-9697.247009285895,-27.230622528787713,32.78711456371769
EUR_JPY,3.0,44,5,20,11676,95.50359712230215,20.751502107432447,21.203546500656252,20.341880341876863,-9709.856872568642,-27.266032003957655,32.78711456371769
AUD_JPY,2.0,10,0,5,18770,99.98401704848162,85.03756594020967,84.33968356473099,85.72182355423324,11981.650085449219,31.068892540503864,48.67135234515517
AUD_JPY,2.0,10,0,8,18770,99.98401704848162,63.75552832098557,63.06102680012236,64.43647108483913,15982.974548339844,41.44448512338284,48.67135234515517
AUD_JPY,2.0,10,0,10,18770,99.98401704848162,51.03639366973671,50.608115380470274,51.45631067960622,16200.87173461914,42.0095011451419,48.67135234515517
AUD_JPY,2.0,10,0,15,18770,99.98401704848162,29.296104864920906,29.5016682811291,29.094554664412293,19605.053253173828,50.83667845661982,48.67135234515517
AUD_JPY,2.0,10,0,20,18770,99.98401704848162,15.953535461181012,16.37068130448645,15.544533558461845,19627.052001953125,50.89372208224527,48.67135234515517
AUD_JPY,2.0,10,1,5,18770,99.9413958444326,77.36553121168093,76.338179859981,78.37238758707215,-6007.747131349828,-15.578325915318205,48.67135234515517
AUD_JPY,2.0,10,1,8,18770,99.9413958444326,56.9859800629001,56.27355950457121,57.68418830482819,-2998.643707279519,-7.775601728001268,48.67135234515517
AUD_JPY,2.0,10,1,10,18770,99.9413958444326,46.19649235033604,46.05277329024813,46.337344310740306,-1239.3362121633666,-3.2136478133358124,48.67135234515517
AUD_JPY,2.0,10,1,15,18770,99.9413958444326,25.768964230501318,26.19278406030951,25.353599324464287,813.5568237233451,2.1095850197253183,48.67135234515517
AUD_JPY,2.0,10,1,20,18770,99.9413958444326,14.222506530198078,14.604200323100203,13.848427274644939,1063.2527770913773,2.757056502172571,48.67135234515517
AUD_JPY,2.0,10,2,5,18770,99.64837506659563,70.46086398630932,69.72120164252541,71.18518518517764,-22550.621490476315,-58.474653391859405,48.67135234515517
AUD_JPY,2.0,10,2,8,18770,99.64837506659563,51.20829769033088,50.81046034146846,51.59788359787814,-20137.92736816043,-52.218442111714424,48.67135234515517
AUD_JPY,2.0,10,2,10,18770,99.64837506659563,41.53656971770522,41.46315106980317,41.6084656084612,-18021.04232787651,-46.729275480396,48.67135234515517
AUD_JPY,2.0,10,2,15,18770,99.64837506659563,22.77587681779177,23.135941214607396,22.42328042327805,-17202.63851928136,-44.607122037202004,48.67135234515517
AUD_JPY,2.0,10,2,20,18770,99.64837506659563,12.836826347304703,13.215906634967233,12.465608465607145,-16612.24893187828,-43.07621848742011,48.67135234515517
AUD_JPY,2.0,10,3,5,18770,96.89397975492807,65.78875020618761,65.25225526227138,66.31190269330295,-31386.809936524147,-81.38723949978605,48.67135234515517
AUD_JPY,2.0,10,3,8,18770,96.89397975492807,47.64941991532151,47.622229646948696,47.67593397045529,-30061.918792725693,-77.95174436506095,48.67135234515517
AUD_JPY,2.0,10,3,10,18770,96.89397975492807,38.214108978938896,38.411849871919095,38.02128583839726,-28344.528137208305,-73.49848247326746,48.67135234515517
AUD_JPY,2.0,10,3,15,18770,96.89397975492807,20.784076538185474,21.383227530903063,20.19982623805167,-28387.12091064617,-73.6089272193171,48.67135234515517
AUD_JPY,2.0,10,3,20,18770,96.89397975492807,11.574201352613867,11.983517095443592,11.175065160728586,-28075.037475587764,-72.79968252944954,48.67135234515517
AUD_JPY,2.0,10,5,5,18770,85.02397442727757,60.01629174759947,60.0051046452195,60.027083589799325,-36534.116973875134,-94.73441022134209,48.67135234515517
AUD_JPY,2.0,10,5,8,18770,85.02397442727757,43.54909455479394,44.01480347115314,43.09983996060038,-33709.73236083728,-87.41066921657917,48.67135234515517
AUD_JPY,2.0,10,5,10,18770,85.02397442727757,34.450780124065766,34.979581419086905,33.94066231687382,-33129.9354553193,-85.90723290986118,48.67135234515517
AUD_JPY,2.0,10,5,15,18770,85.02397442727757,18.760573970799,19.41041347626092,18.133694447861856,-33107.93670653928,-85.85018928423386,48.67135234515517
AUD_JPY,2.0,10,5,20,18770,85.02397442727757,10.627232282723815,11.153649821335993,10.119414009601117,-33238.041229243994,-86.18755545718322,48.67135234515517
AUD_JPY,2.0,22,0,5,18468,99.99458522850335,87.79985920831278,86.99834162519767,88.56930587984625,19441.51870727539,50.41262691138659,47.888254401189435
AUD_JPY,2.0,22,0,8,18468,99.99458522850335,66.87604916878395,65.6274184632321,68.07471874335937,25034.9365234375,64.91658052588282,47.888254401189435
AUD_JPY,2.0,22,0,10,18468,99.99458522850335,53.944874641249044,53.344389165278784,54.521333050302005,26437.239379882812,68.55280729310005,47.888254401189435
AUD_JPY,2.0,22,0,15,18468,99.99458522850335,31.32073428277298,31.586511885015856,31.06559116959976,31115.03387451172,80.6825134223654,47.888254401189435
AUD_JPY,2.0,22,0,20,18468,99.99458522850335,17.398602913303872,17.965726920948814,16.854171088938987,31476.805267333984,81.62060095185129,47.888254401189435
AUD_JPY,2.0,22,1,5,18468,99.97292614251678,80.69111195363263,79.45372111024224,81.87898089171105,3098.0201721173166,8.03328883162068,47.888254401189435
AUD_JPY,2.0,22,1,8,18468,99.97292614251678,60.206900287057344,59.360831582432894,61.019108280248304,7334.027343746241,19.017422959854862,47.888254401189435
AUD_JPY,2.0,22,1,10,18468,99.97292614251678,49.168607485238084,48.77806037818768,49.543524416130616,9926.647491450276,25.740189539825632,47.888254401189435
AUD_JPY,2.0,22,1,15,18468,99.97292614251678,27.72572171369616,28.15437354859801,27.31422505307566,12563.623443596689,32.57797247496783,47.888254401189435
AUD_JPY,2.0,22,1,20,18468,99.97292614251678,15.57710014623758,16.08979321021607,15.08492569001963,13347.304351798666,34.610088064167066,47.888254401189435
AUD_JPY,2.0,22,2,5,18468,99.72384665367122,73.58418852147072,72.48724206788634,74.63575454641341,-13204.168243406268,-34.238930474136126,47.888254401189435
AUD_JPY,2.0,22,2,8,18468,99.72384665367122,54.09132866373165,53.52784557354631,54.631500584913894,-9671.360076900934,-25.078219177395436,47.888254401189435
AUD_JPY,2.0,22,2,10,18468,99.72384665367122,43.94309605255774,43.59884623917865,44.27310432840112,-7554.857604976361,-19.590044560963218,47.888254401189435
AUD_JPY,2.0,22,2,15,18468,99.72384665367122,24.67828636585629,25.083203905033823,24.29012017440984,-5005.680603021824,-12.979927776077997,47.888254401189435
AUD_JPY,2.0,22,2,20,18468,99.72384665367122,14.16082966824053,14.632793432436806,13.708390939060545,-4065.196807855037,-10.541216099494543,47.888254401189435
AUD_JPY,2.0,22,3,5,18468,97.64457439896036,68.48555426162766,67.30921873227493,69.61146082048299,-23947.3535766608,-62.09643493146882,47.888254401189435
AUD_JPY,2.0,22,3,8,18468,97.64457439896036,50.3410414240531,50.01700873114299,50.65118298241256,-20682.741943360394,-53.631167852382156,47.888254401189435
AUD_JPY,2.0,22,3,10,18468,97.64457439896036,40.30943270670214,40.163283819022546,40.44931625786407,-19111.456634522707,-49.556762902930636,47.888254401189435
AUD_JPY,2.0,22,3,15,18468,97.64457439896036,22.425553152552407,22.916430434287,21.955719557193188,-17560.17764282386,-45.53423512506108,47.888254401189435
AUD_JPY,2.0,22,3,20,18468,97.64457439896036,12.86530250096973,13.380201836941447,12.372476665941786,-17299.386657716626,-44.857993786510505,47.888254401189435
AUD_JPY,2.0,22,5,5,18468,87.79510504656703,61.44073023312807,61.3165586478509,61.557819053317964,-34350.813293455256,-89.07301742932344,47.888254401189435
AUD_JPY,2.0,22,5,8,18468,87.79510504656703,44.83162698901907,45.012072690298,44.66147393648356,-30917.21920776113,-80.169572167999,47.888254401189435
AUD_JPY,2.0,22,5,10,18468,87.79510504656703,35.6728752929545,36.30702757656166,35.07489514679028,-29673.01879882516,-76.943311300055,47.888254401189435
AUD_JPY,2.0,22,5,15,18468,87.79510504656703,19.816208215121513,20.65065446689279,19.029358897541158,-29311.247406002167,-76.00522377056724,47.888254401189435
AUD_JPY,2.0,22,5,20,18468,87.79510504656703,11.551745405204665,11.958317448212991,11.168364289992669,-28708.551330562328,-74.4424090105899,47.888254401189435
AUD_JPY,2.0,44,0,5,17917,99.9888374169783,90.2483951995484,89.41269126911685,91.07123075217778,23789.000549316406,61.685819268772974,46.4594896093844
AUD_JPY,2.0,44,0,8,17917,99.9888374169783,71.29221322913362,70.29702970296239,72.27207267086825,34872.675872802734,90.42622773700445,46.4594896093844
AUD_JPY,2.0,44,0,10,17917,99.9888374169783,57.8509628802647,57.15571557155072,58.53550459731267,36701.961364746094,95.16963736504152,46.4594896093844
AUD_JPY,2.0,44,0,15,17917,99.9888374169783,34.155735417246206,34.16966696669282,34.142018389272835,40292.96203613281,104.48124412842733,46.4594896093844
AUD_JPY,2.0,44,0,20,17917,99.9888374169783,19.08456600613904,19.72322232223,18.45574387947065,41015.84899902344,106.35571861306072,46.4594896093844
AUD_JPY,2.0,44,1,5,17917,99.97767483395657,84.3912242505396,83.01080108009866,85.75069252076611,11395.603240965365,29.549249894865078,46.4594896093844
AUD_JPY,2.0,44,1,8,17917,99.97767483395657,64.77418634510887,63.98514851484428,65.55124653738885,18568.557037350285,48.149002776024844,46.4594896093844
AUD_JPY,2.0,44,1,10,17917,99.97767483395657,52.833137944506625,52.306480648058916,53.35180055401071,20655.276123042553,53.559947894037016,46.4594896093844
AUD_JPY,2.0,44,1,15,17917,99.97767483395657,30.54764696030645,30.783078307827317,30.315789473680848,22885.157836907696,59.34211936891975,46.4594896093844
AUD_JPY,2.0,44,1,20,17917,99.97767483395657,17.015575280521574,17.776777677765775,16.26592797783753,23427.861328117397,60.7493709853083,46.4594896093844
AUD_JPY,2.0,44,2,5,17917,99.82697996316348,77.563457452752,76.4705882352855,78.63959165556163,-3682.095275877309,-9.547818675581025,46.4594896093844
AUD_JPY,2.0,44,2,8,17917,99.82697996316348,57.944761265791236,57.24588686048487,58.63293386595,1351.2618713408833,3.5038754741931735,46.4594896093844
AUD_JPY,2.0,44,2,10,17917,99.82697996316348,47.31633679972899,47.01374802794151,47.61429205503244,3785.358032230312,9.815583086800466,46.4594896093844
AUD_JPY,2.0,44,2,15,17917,99.82697996316348,27.088225427707307,27.541131395083667,26.642254771412933,5424.151580815736,14.065039571838739,46.4594896093844
AUD_JPY,2.0,44,2,20,17917,99.82697996316348,15.397517611538891,16.035609646155503,14.769196626718289,6213.969818121255,16.113069498132095,46.4594896093844
AUD_JPY,2.0,44,3,5,17917,98.43165708544957,72.42004989793193,71.58570119155915,73.23753929051715,-14572.615081787662,-37.78736724752315,46.4594896093844
AUD_JPY,2.0,44,3,8,17917,98.43165708544957,53.662962122927325,53.26535288725329,54.052537045346426,-10927.415374756789,-28.33522024116428,46.4594896093844
AUD_JPY,2.0,44,3,10,17917,98.43165708544957,43.144704014513316,42.79330889092085,43.48899865289139,-9762.231079102703,-25.31385128001236,46.4594896093844
AUD_JPY,2.0,44,3,15,17917,98.43165708544957,24.557722839644786,25.13748854261857,23.989672204757074,-8216.94488525542,-21.306863063984398,46.4594896093844
AUD_JPY,2.0,44,3,20,17917,98.43165708544957,14.169879791335099,14.837305224562918,13.515940727434494,-7402.524810792736,-19.195039600950793,46.4594896093844
AUD_JPY,2.0,44,5,5,17917,90.23832114751353,64.10192973774961,63.92349314205814,64.2744191704094,-28160.056304929993,-73.02013971639084,46.4594896093844
AUD_JPY,2.0,44,5,8,17917,90.23832114751353,47.06209797129842,46.99886749716283,47.12322101933498,-25178.957794187023,-65.29003337691357,46.4594896093844
AUD_JPY,2.0,44,5,10,17917,90.23832114751353,37.84636318653897,38.21567887252571,37.48935652596552,-24569.055633542066,-63.70853295300189,46.4594896093844
AUD_JPY,2.0,44,5,15,17917,90.23832114751353,21.146709549726552,22.058638479926756,20.265174552971622,-23846.168670650673,-61.834058468366514,46.4594896093844
AUD_JPY,2.0,44,5,20,17917,90.23832114751353,12.574220682829504,13.313199949664863,11.859871061913166,-22669.744720454968,-58.78354463846484,46.4594896093844
AUD_JPY,2.5,10,0,5,15808,100.0,85.87424089068283,85.41913409658041,86.2955292971024,10072.249603271484,26.117741574276813,40.990769199372025
AUD_JPY,2.5,10,0,8,15808,100.0,65.3719635627489,64.28477431240105,66.37836520890895,13912.972900390625,36.076888982605624,40.990769199372025
AUD_JPY,2.5,10,0,10,15808,100.0,52.960526315786126,52.28319515725065,53.5875258862159,14547.481079101562,37.72219378451946,40.990769199372025
AUD_JPY,2.5,10,0,15,15808,100.0,31.028593117406945,31.214633504404365,30.856377147029985,18330.667877197266,47.532146775337544,40.990769199372025
AUD_JPY,2.5,10,0,20,15808,100.0,17.56705465586933,18.39715752072399,16.798635643803532,18721.988525390625,48.54685669266058,40.990769199372025
AUD_JPY,2.5,10,1,5,15808,99.96837044534414,78.63696766436254,77.6095827300148,79.58810626369977,-4732.844940187274,-12.272454111818842,40.990769199372025
AUD_JPY,2.5,10,1,8,15808,99.96837044534414,59.02676706954002,58.07555614057416,59.90738484035341,-1673.8256225619064,-4.340296038362241,40.990769199372025
AUD_JPY,2.5,10,1,10,15808,99.96837044534414,48.022527368218185,47.505594313538566,48.501096758463504,-191.41180420342107,-0.4963383785512286,40.990769199372025
AUD_JPY,2.5,10,1,15,15808,99.96837044534414,27.507435297093746,27.984730814791632,27.065561784057145,2147.858642572264,5.569482407044293,40.990769199372025
AUD_JPY,2.5,10,1,20,15808,99.96837044534414,15.617287856735073,16.61182045544075,14.696563490127382,2931.689453118178,7.601986698949926,40.990769199372025
AUD_JPY,2.5,10,2,5,15808,99.63942307692307,71.93194082914913,71.40404173820217,72.42053789730166,-18295.153228758005,-47.440055887345984,40.990769199372025
AUD_JPY,2.5,10,2,8,15808,99.63942307692307,53.1521808139132,52.47655527670684,53.77750611246286,-16041.722137448238,-41.59681994538194,40.990769199372025
AUD_JPY,2.5,10,2,10,15808,99.63942307692307,43.09567646498361,42.71562541275357,43.44743276283087,-14278.33261108042,-37.02428116223839,40.990769199372025
AUD_JPY,2.5,10,2,15,15808,99.63942307692307,24.506380547265284,24.976885484080704,24.070904645473828,-12633.134490962064,-32.75821736991727,40.990769199372025
AUD_JPY,2.5,10,2,20,15808,99.63942307692307,13.935623135038162,14.872539955089833,13.068459657700112,-11940.411102289527,-30.96195822618733,40.990769199372025
AUD_JPY,2.5,10,3,5,15808,97.17864372469636,67.26988673349386,66.10284167793422,68.3517310586969,-26717.518676758387,-69.27958259482,40.990769199372025
AUD_JPY,2.5,10,3,8,15808,97.17864372469636,49.40111964587622,48.836265223268086,49.92473657801681,-25058.40228271573,-64.97742816775163,40.990769199372025
AUD_JPY,2.5,10,3,10,15808,97.17864372469636,39.68233302955086,39.201623815962215,40.127947817355725,-22933.021820069414,-59.46623257025734,40.990769199372025
AUD_JPY,2.5,10,3,15,15808,97.17864372469636,22.503580262985125,23.044654939103783,22.00200702458329,-22087.61917114393,-57.27407006629465,40.990769199372025
AUD_JPY,2.5,10,3,20,15808,97.17864372469636,12.719697955994485,13.612990527738347,11.891620672351744,-22133.302062989806,-57.39252761158906,40.990769199372025
AUD_JPY,2.5,10,5,5,15808,85.87424089068826,61.67219152854058,61.20782622091184,62.09768492376311,-31638.20465087743,-82.0391159366533,40.990769199372025
AUD_JPY,2.5,10,5,8,15808,85.87424089068826,44.906077348062986,44.631027576637706,45.15810276679204,-28488.215972898266,-73.87107071400155,40.990769199372025
AUD_JPY,2.5,10,5,10,15808,85.87424089068826,36.13259668508021,36.542905561541126,35.7566346696731,-27855.017852780737,-72.22916294583266,40.990769199372025
AUD_JPY,2.5,10,5,15,15808,85.87424089068826,20.456721915283943,21.537513480200037,19.466403162052586,-27463.697204586773,-71.21445302850805,40.990769199372025
AUD_JPY,2.5,10,5,20,15808,85.87424089068826,11.63167587476894,12.448004929901025,10.883681535853912,-27529.292297359872,-71.38454369832544,40.990769199372025
AUD_JPY,2.5,22,0,5,15589,99.98075566104305,88.57949441806181,87.98778869125458,89.13313462492683,15939.512329101562,41.331785869986525,40.422893538019395
AUD_JPY,2.5,22,0,8,15589,99.98075566104305,68.9144103682748,67.91876825058827,69.8460009935333,22064.624145507812,57.21444305537715,40.422893538019395
AUD_JPY,2.5,22,0,10,15589,99.98075566104305,56.43526241498419,55.69418635518241,57.12866368603363,24103.631744384766,62.501670401109116,40.422893538019395
AUD_JPY,2.5,22,0,15,15589,99.98075566104305,33.414602848708235,33.674011149451324,33.17188276204258,28678.039093017578,74.36328957189093,40.422893538019395
AUD_JPY,2.5,22,0,20,15589,99.98075566104305,19.196715000640367,19.923015662328122,18.51713859910351,29431.315460205078,76.31656498375355,40.422893538019395
AUD_JPY,2.5,22,1,5,15589,99.9679261017384,81.84676591375245,80.93720961103399,82.69780151532943,2731.504150389177,7.082898291733903,40.422893538019395
AUD_JPY,2.5,22,1,8,15589,99.9679261017384,62.64758726898981,61.55582105402077,63.669109427392414,7544.0176086396,19.561936021744962,40.422893538019395
AUD_JPY,2.5,22,1,10,15589,99.9679261017384,51.59137577001722,50.962431966009426,52.179853434349496,10300.139862056687,26.708670028265264,40.422893538019395
AUD_JPY,2.5,22,1,15,15589,99.9679261017384,29.607289527718837,30.280100889415863,28.977766737047695,12594.227447504152,32.65732986747463,40.422893538019395
AUD_JPY,2.5,22,1,20,15589,99.9679261017384,17.120123203284322,17.828222487718328,16.457582908953363,13854.617065423077,35.92556999458745,40.422893538019395
AUD_JPY,2.5,22,2,5,15589,99.83321572903971,75.17830752425142,74.56117021275604,75.75531518089322,-10603.790069578541,-27.49604702560014,40.422893538019395
AUD_JPY,2.5,22,2,8,15589,99.83321572903971,56.51866606695004,55.79787234041811,57.19258982965844,-6628.369537350823,-17.187624359419022,40.422893538019395
AUD_JPY,2.5,22,2,10,15589,99.83321572903971,46.276424853816984,45.8909574468024,46.636827054575825,-4230.770446774017,-10.970555093575266,40.422893538019395
AUD_JPY,2.5,22,2,15,15589,99.83321572903971,26.607980466489327,27.300531914889987,25.96046251398409,-2339.4736328079553,-6.066347655013114,40.422893538019395
AUD_JPY,2.5,22,2,20,15589,99.83321572903971,15.459744265243497,16.103723404253177,14.857640184009094,-827.7783813424212,-2.1464620810878636,40.422893538019395
AUD_JPY,2.5,22,3,5,15589,98.00500352812881,70.30370467338196,69.43012211667985,71.11785533635924,-20011.26962280325,-51.89001356874574,40.422893538019395
AUD_JPY,2.5,22,3,8,15589,98.00500352812881,52.62468909542789,52.089552238798895,53.12341932219864,-16245.653289795746,-42.125621488805436,40.422893538019395
AUD_JPY,2.5,22,3,10,15589,98.00500352812881,42.15865951040436,42.062415196737845,42.248356095088226,-14731.666351319363,-38.19979347982585,40.422893538019395
AUD_JPY,2.5,22,3,15,15589,98.00500352812881,24.27673779290324,24.884667571231358,23.710166919572114,-13276.075622559909,-34.4253891521864,40.422893538019395
AUD_JPY,2.5,22,3,20,15589,98.00500352812881,14.046341144127894,14.843962008139098,13.302984319674593,-12232.572723390165,-31.71954486456351,40.422893538019395
AUD_JPY,2.5,22,5,5,15589,88.56244787991533,63.71142981312011,63.2976316186358,64.09363243694244,-28407.445068357953,-73.66162856407514,40.422893538019395
AUD_JPY,2.5,22,5,8,15589,88.56244787991533,46.653628857015306,46.76421783073664,46.55148390691841,-25166.849395749858,-65.25863582088422,40.422893538019395
AUD_JPY,2.5,22,5,10,15589,88.56244787991533,37.722729248150245,38.27123246341254,37.216107008494184,-23833.037719724118,-61.80000939329068,40.422893538019395
AUD_JPY,2.5,22,5,15,15589,88.56244787991533,21.671736925972642,22.642932569011517,20.774696948582864,-23079.76135253599,-59.84673398142643,40.422893538019395
AUD_JPY,2.5,22,5,20,15589,88.56244787991533,12.552513399970117,13.199577613514377,11.95485578932535,-22604.356842037585,-58.61399128366704,40.422893538019395
AUD_JPY,2.5,44,0,5,15157,99.98680477667085,90.99307159352749,90.47293603060545,91.47850491132907,19223.091888427734,49.846237531431036,39.302700452611454
AUD_JPY,2.5,44,0,8,15157,99.98680477667085,72.6624876278408,71.58283214870535,73.67011098353441,29689.903350830078,76.98709361118028,39.302700452611454
AUD_JPY,2.5,44,0,10,15157,99.98680477667085,60.02639392939228,58.80262438490175,61.16851639238918,32492.78289794922,84.2550711295002,39.302700452611454
AUD_JPY,2.5,44,0,15,15157,99.98680477667085,35.96832728472214,35.8529250956758,36.07603010587625,36123.10089111328,93.66862926323725,39.302700452611454
AUD_JPY,2.5,44,0,20,15157,99.98680477667085,20.46189376443283,20.981410606886143,19.9770378874831,37582.89825439453,97.45394156056226,39.302700452611454
AUD_JPY,2.5,44,1,5,15157,99.97360955334169,85.23724674981288,84.56596035542248,85.86374075018041,8651.082580565262,22.43259927787566,39.302700452611454
AUD_JPY,2.5,44,1,8,15157,99.97360955334169,66.38949382960031,65.19480519479627,67.50446542484467,16307.690917966145,42.28648751221189,39.302700452611454
AUD_JPY,2.5,44,1,10,15157,99.97360955334169,54.820827558895616,53.930280246062345,55.651952028571614,18975.400756832438,49.2039646311303,39.302700452611454
AUD_JPY,2.5,44,1,15,15157,99.97360955334169,32.15204909918616,32.467532467528024,31.857616738959955,21477.195190424427,55.69121654229192,39.302700452611454
AUD_JPY,2.5,44,1,20,15157,99.97360955334169,18.412195604829513,18.89268626110473,17.96376626690253,22641.40826415383,58.71006708658174,39.302700452611454
AUD_JPY,2.5,44,2,5,15157,99.83505970838557,79.1567538990167,78.44426184605882,79.82120051084549,-2632.789581297573,-6.8269275099620526,39.302700452611454
AUD_JPY,2.5,44,2,8,15157,99.83505970838557,60.11763150938011,58.915365653237615,61.238825031920655,2597.1834716820895,6.734599459523299,39.302700452611454
AUD_JPY,2.5,44,2,10,15157,99.83505970838557,49.57705524715506,49.055053410017926,50.06385696040228,5188.691864016708,13.45448321385174,39.302700452611454
AUD_JPY,2.5,44,2,15,15157,99.83505970838557,28.766851704994135,29.26595453300065,28.301404853125373,7046.305572514055,18.271349027781667,39.302700452611454
AUD_JPY,2.5,44,2,20,15157,99.83505970838557,16.633624107849812,17.11859764447862,16.181353767558594,8232.422790532364,21.346997884511786,39.302700452611454
AUD_JPY,2.5,44,3,5,15157,98.52213498713466,73.74271747136719,72.79677509034295,74.6220441917464,-12303.694274902791,-31.903965860461494,39.302700452611454
AUD_JPY,2.5,44,3,8,15157,98.52213498713466,55.62847384985899,54.837364470384365,56.36387130119442,-7939.996215821066,-20.58872421094437,39.302700452611454
AUD_JPY,2.5,44,3,10,15157,98.52213498713466,45.14163262572523,44.89852654989645,45.36761855536305,-6339.104858399369,-16.437549606608453,39.302700452611454
AUD_JPY,2.5,44,3,15,15157,98.52213498713466,26.069778343264844,26.549902696687994,25.623465564023046,-4526.292419434849,-11.736855256447438,39.302700452611454
AUD_JPY,2.5,44,3,20,15157,98.52213498713466,15.288287684991944,15.679733110923591,14.92440883834928,-3441.686096192844,-8.924428164583032,39.302700452611454
AUD_JPY,2.5,44,5,5,15157,90.98106485452266,65.9680928208799,64.99471219216422,66.8665458095012,-23190.81314086781,-60.134695660619705,39.302700452611454
AUD_JPY,2.5,44,5,8,15157,90.98106485452266,48.88324873096092,48.79891222238271,48.961093292421005,-20029.10327148237,-51.93625692508357,39.302700452611454
AUD_JPY,2.5,44,5,10,15157,90.98106485452266,39.528643944884735,39.62834264994113,39.43661971830436,-19560.495147702706,-50.721137526879936,39.302700452611454
AUD_JPY,2.5,44,5,15,15157,90.98106485452266,22.487309644668418,23.190814322401692,21.83795844372865,-18100.69778442079,-46.93582522955322,39.302700452611454
AUD_JPY,2.5,44,5,20,15157,90.98106485452266,13.41551849165965,13.974920682880498,12.89917724166603,-17292.26684569973,-44.839531832365296,39.302700452611454
AUD_JPY,3.0,10,0,5,12321,99.99188377566756,87.33766233765525,87.01232032852721,87.63125386039412,7952.642822265625,20.621517361622775,31.94884029007229
AUD_JPY,3.0,10,0,8,12321,99.99188377566756,68.73376623376065,68.06981519506022,69.33292155650565,12496.429962158203,32.40373712012552,31.94884029007229
AUD_JPY,3.0,10,0,10,12321,99.99188377566756,56.404220779216196,55.50992470909385,57.211241507094314,13027.63198852539,33.78116498329962,31.94884029007229
AUD_JPY,3.0,10,0,15,12321,99.99188377566756,33.38474025973755,33.53867214236249,33.24583075972309,15375.714416503906,39.86983558466402,31.94884029007229
AUD_JPY,3.0,10,0,20,12321,99.99188377566756,19.139610389608837,19.626967830249892,18.699814700429478,15600.029907226562,40.451494523685795,31.94884029007229
AUD_JPY,3.0,10,1,5,12321,99.9594188783378,80.96784670346858,80.22937350221152,81.63422922457806,-2685.8623352062773,-6.964547259851145,31.94884029007229
AUD_JPY,3.0,10,1,8,12321,99.9594188783378,62.34166937316804,61.50290996233113,63.09854803829732,510.42932128668974,1.323563417349115,31.94884029007229
AUD_JPY,3.0,10,1,10,12321,99.9594188783378,51.33160116920661,50.564875042784905,52.02347852949458,2026.3349304168553,5.254366615216529,31.94884029007229
AUD_JPY,3.0,10,1,15,12321,99.9594188783378,29.73367976615543,30.006846970210542,29.48717948717493,3121.3063964799476,8.093670932352804,31.94884029007229
AUD_JPY,3.0,10,1,20,12321,99.9594188783378,17.09970769730293,17.76788770968542,16.49675625578985,3552.6383972115736,9.212131869238776,31.94884029007229
AUD_JPY,3.0,10,2,5,12321,99.6185374563753,74.93074792243156,74.27492706365638,75.52349930198922,-12424.563354490963,-32.21738416415199,31.94884029007229
AUD_JPY,3.0,10,2,8,12321,99.6185374563753,56.61561023300826,55.67187231850769,57.468590041871025,-10735.26974487093,-27.836979023596008,31.94884029007229
AUD_JPY,3.0,10,2,10,12321,99.6185374563753,46.203356688932196,45.59807791315503,46.75042655497956,-9280.88693237042,-24.06570687058855,31.94884029007229
AUD_JPY,3.0,10,2,15,12321,99.6185374563753,26.584650480688726,27.02934614724094,26.1827206452573,-8501.189758297196,-22.04392126154008,31.94884029007229
AUD_JPY,3.0,10,2,20,12321,99.6185374563753,15.569496496658337,16.166123219492675,15.0302466263355,-7506.463104243923,-19.464555706583017,31.94884029007229
AUD_JPY,3.0,10,3,5,12321,97.63006249492736,70.39654169090777,69.55761496763951,71.1568938193231,-19804.075592041423,-51.352751252548515,31.94884029007229
AUD_JPY,3.0,10,3,8,12321,97.63006249492736,52.55632222129416,51.65238678089672,53.37559429476174,-18004.870147705726,-46.687340377610624,31.94884029007229
AUD_JPY,3.0,10,3,10,12321,97.63006249492736,42.35597306508917,41.7030949466617,42.94770206021506,-17454.792358399223,-45.260966914606854,31.94884029007229
AUD_JPY,3.0,10,3,15,12321,97.63006249492736,24.399368193530268,24.794544500782514,24.04120443739714,-16934.980804444393,-43.91307499688612,31.94884029007229
AUD_JPY,3.0,10,3,20,12321,97.63006249492736,14.223958766313558,14.582969050530759,13.898573692549302,-16156.067260743363,-41.89332137238498,31.94884029007229
AUD_JPY,3.0,10,5,5,12321,87.33057381706031,64.58178438661109,63.795476892809475,65.2863436123233,-25075.85540771376,-65.02268481113485,31.94884029007229
AUD_JPY,3.0,10,5,8,12321,87.33057381706031,47.351301115237234,46.90265486724741,47.753303964749286,-23257.774200437845,-60.308328336364944,31.94884029007229
AUD_JPY,3.0,10,5,10,12321,87.33057381706031,38.22490706319347,38.544739429687596,37.93832599118274,-22727.772979734436,-58.93401420976836,31.94884029007229
AUD_JPY,3.0,10,5,15,12321,87.33057381706031,21.914498141261905,22.55653883972024,21.339207048454387,-22503.457489011285,-58.35235527074529,31.94884029007229
AUD_JPY,3.0,10,5,20,12321,87.33057381706031,12.695167286244171,13.23500491641824,12.211453744491239,-22274.652099606705,-57.759053846867786,31.94884029007229
AUD_JPY,3.0,22,0,5,12185,99.99179318834632,89.75705843728744,89.36576889659611,90.10732617824077,11754.839782714844,30.48076445526699,31.59618691133275
AUD_JPY,3.0,22,0,8,12185,99.99179318834632,71.59389363098558,70.87749782796335,72.23518432103401,17789.23452758789,46.12818868635217,31.59618691133275
AUD_JPY,3.0,22,0,10,12185,99.99179318834632,59.19238345370492,58.540399652465936,59.77601493232855,18983.629913330078,49.22530315938816,31.59618691133275
AUD_JPY,3.0,22,0,15,12185,99.99179318834632,35.65331582402859,35.72545612510239,35.58873852853701,21778.833923339844,56.47337770641938,31.59618691133275
AUD_JPY,3.0,22,0,20,12185,99.99179318834632,20.625410374259634,21.129452649866007,20.174210608178537,23199.52178955078,60.15727753107783,31.59618691133275
AUD_JPY,3.0,22,1,5,12185,99.96717275338531,83.72875790164323,82.94802711627273,84.42750466706838,2112.9305725087515,5.478912539979961,31.59618691133275
AUD_JPY,3.0,22,1,8,12185,99.96717275338531,65.4626056973922,64.52285763948123,66.30367143745079,6314.929351804489,16.374861561877392,31.59618691133275
AUD_JPY,3.0,22,1,10,12185,99.96717275338531,54.08422953780033,53.29393359985167,54.79153702550485,8194.032775876045,21.24745105819994,31.59618691133275
AUD_JPY,3.0,22,1,15,12185,99.96717275338531,31.926771201048194,32.22666434902968,31.658369632851326,10046.218841548492,26.050242779624043,31.59618691133275
AUD_JPY,3.0,22,1,20,12185,99.96717275338531,18.454970856250025,19.068312184943668,17.906036092094286,11255.320312494918,29.185490713213753,31.59618691133275
AUD_JPY,3.0,22,2,5,12185,99.72096840377513,77.82898526869576,77.14435146442169,78.44115354636345,-7350.161865233304,-19.059260412183967,31.59618691133275
AUD_JPY,3.0,22,2,8,12185,99.72096840377513,59.35313965928242,58.73430962342072,59.906469212773196,-4728.374511716785,-12.260862113991404,31.59618691133275
AUD_JPY,3.0,22,2,10,12185,99.72096840377513,48.91778454447791,48.13458856345046,49.6180826188543,-2939.5799865697954,-7.622447164257061,31.59618691133275
AUD_JPY,3.0,22,2,15,12185,99.72096840377513,28.688996790385264,29.341004184095297,28.10600155884207,-1183.4921264613959,-3.06884189050184,31.59618691133275
AUD_JPY,3.0,22,2,20,12185,99.72096840377513,16.838120319313894,17.57322175731911,16.180826188617896,187.91671753331775,0.48727548058652675,31.59618691133275
AUD_JPY,3.0,22,3,5,12185,98.24374230611409,72.86776376241977,72.22025495749429,73.44614897990299,-15338.76867675818,-39.774033820315765,31.59618691133275
AUD_JPY,3.0,22,3,8,12185,98.24374230611409,55.03299640798137,54.28470254956545,55.70140755969386,-12803.568572998658,-33.20015968523033,31.59618691133275
AUD_JPY,3.0,22,3,10,12185,98.24374230611409,44.55768106256415,44.12181303115366,44.947018820173184,-12249.870391846458,-31.764398402985776,31.59618691133275
AUD_JPY,3.0,22,3,15,12185,98.24374230611409,26.021217943360952,26.46954674220494,25.620749644152202,-10303.294342042023,-26.71684971962552,31.59618691133275
AUD_JPY,3.0,22,3,20,12185,98.24374230611409,15.387185698770747,16.14730878186683,14.708208129050337,-9125.484344483573,-23.66274181409469,31.59618691133275
AUD_JPY,3.0,22,5,5,12185,89.74969224456298,65.94732991952579,65.50651370793982,66.33868461935674,-23252.652893065344,-60.29504858380262,31.59618691133275
AUD_JPY,3.0,22,5,8,12185,89.74969224456298,48.774689100215,48.45420960527932,49.0592093906354,-21358.149993894895,-55.38252763950624,31.59618691133275
AUD_JPY,3.0,22,5,10,12185,89.74969224456298,39.72201901974765,39.97666731478903,39.49594337993449,-20457.448883054767,-53.0469740367693,31.59618691133275
AUD_JPY,3.0,22,5,15,12185,89.74969224456298,22.979151426479245,23.64378767256005,22.389090281370205,-19036.76101684331,-49.36307421210949,31.59618691133275
AUD_JPY,3.0,22,5,20,12185,89.74969224456298,13.53328456473907,14.310713591286348,12.84308648368499,-18621.96929931372,-48.28750288372725,31.59618691133275
AUD_JPY,3.0,44,0,5,11905,99.99160016799664,92.08669354837936,91.72303310785124,92.41170855868717,15043.943176269531,39.00953963733123,30.870135837457237
AUD_JPY,3.0,44,0,8,11905,99.99160016799664,74.81518817203673,74.0299038803713,75.51702195353555,23516.22509765625,60.97850173447035,30.870135837457237
AUD_JPY,3.0,44,0,10,11905,99.99160016799664,62.54200268816679,61.67675329297585,63.31530384981493,25845.499420166016,67.01840217450207,30.870135837457237
AUD_JPY,3.0,44,0,15,11905,99.99160016799664,38.760080645158034,38.732645069412825,38.78460069996201,29380.603942871094,76.18506801368856,30.870135837457237
AUD_JPY,3.0,44,0,20,11905,99.99160016799664,22.52184139784757,22.71270914915936,22.35125676105276,30448.50799560547,78.9541854575593,30.870135837457237
AUD_JPY,3.0,44,1,5,11905,99.99160016799664,86.71034946235831,85.92025631895942,87.4164810690284,7365.639617919112,19.099394837036506,30.870135837457237
AUD_JPY,3.0,44,1,8,11905,99.99160016799664,68.65759408601573,67.60412958346963,69.59910913139204,12732.609680173871,33.01616046974299,30.870135837457237
AUD_JPY,3.0,44,1,10,11905,99.99160016799664,57.38407258064034,57.03097187610234,57.69965001589918,15194.917022702484,39.40102079208038,30.870135837457237
AUD_JPY,3.0,44,1,15,11905,99.99160016799664,34.81182795698633,34.95906016375312,34.68024180718506,17589.298248287043,45.60974600673411,30.870135837457237
AUD_JPY,3.0,44,1,20,11905,99.99160016799664,20.27049731182625,20.683517265927254,19.901368119627758,18591.41973876468,48.20828666500204,30.870135837457237
AUD_JPY,3.0,44,2,5,11905,99.86560268794624,80.9655984523441,80.45649072751775,81.42015602609753,-1752.5628051748809,-4.544464666898251,30.870135837457237
AUD_JPY,3.0,44,2,8,11905,99.86560268794624,62.62091008494721,61.78673323822007,63.36570609774505,2266.2016601580185,5.876350532057886,30.870135837457237
AUD_JPY,3.0,44,2,10,11905,99.86560268794624,52.02287829085272,51.94365192581098,52.09361566628687,4079.8135681175045,10.579117936941492,30.870135837457237
AUD_JPY,3.0,44,2,15,11905,99.86560268794624,31.272604928923265,31.472895863047167,31.09377487660705,6295.809295657547,16.325282500098652,30.870135837457237
AUD_JPY,3.0,44,2,20,11905,99.86560268794624,18.40356632180853,18.86590584878408,17.99076580162108,7276.116760257766,18.867258526531415,30.870135837457237
AUD_JPY,3.0,44,3,5,11905,98.65602687946242,75.82801191995948,75.18076644973333,76.40431353612162,-9539.576446533525,-24.736499011868755,30.870135837457237
AUD_JPY,3.0,44,3,8,11905,98.65602687946242,58.16091954022493,57.91757049890492,58.37759536454878,-5956.884521484934,-15.446437156344928,30.870135837457237
AUD_JPY,3.0,44,3,10,11905,98.65602687946242,47.790549169855446,47.57772957338258,47.98004184773089,-4889.00109863351,-12.677373206576574,30.870135837457237
AUD_JPY,3.0,44,3,15,11905,98.65602687946242,28.378033205616994,28.45263919016116,28.311604699818393,-2954.890838624003,-7.662148809171013,30.870135837457237
AUD_JPY,3.0,44,3,20,11905,98.65602687946242,16.88378033205476,17.37165582067654,16.449380331560203,-1973.4891662608754,-5.117335458733596,30.870135837457237
AUD_JPY,3.0,44,5,5,11905,92.07895842083158,67.91643860608758,67.24238307780568,68.51437424684651,-19567.601928709937,-50.73956569110172,30.870135837457237
AUD_JPY,3.0,44,5,8,11905,92.07895842083158,51.20415982484481,51.077042499504934,51.31692201755013,-17246.300903318792,-44.72034032583893,30.870135837457237
AUD_JPY,3.0,44,5,10,11905,92.07895842083158,42.09085933223481,42.227828449438725,41.96935789291754,-16032.497406004055,-41.57289985191314,30.870135837457237
AUD_JPY,3.0,44,5,15,11905,92.07895842083158,24.45721583652395,24.76227440325543,24.186606989150594,-14964.59335326913,-38.803782408040966,30.870135837457237
AUD_JPY,3.0,44,5,20,11905,92.07895842083158,14.422550629445865,15.23384436250432,13.702874849369303,-14597.793731686786,-37.85265648251599,30.870135837457237
